timestamp,device_eui,device_name,device_type,site_name,latitude,longitude,payload,air_temp,air_pressure,air_humidity,battery_volt,rtc_temp,rainfall,status
2021-08-18 18:22:23.156000+00:00,70B3D5499C9F22F1,Droplet #6,Droplet,Rottenraw Burn u/s Elliot Water confluence,56.55722722014659,-2.6604111487841786,05e3000188f327100021000000000001,15.07,1005.95,100.0,3.3,0.0,0.0,1
2021-08-18 18:37:37.927000+00:00,70B3D5499C9F22F1,Droplet #6,Droplet,Rottenraw Burn u/s Elliot Water confluence,56.55722722014659,-2.6604111487841786,05e0000188fe27100021000000000001,15.04,1006.06,100.0,3.3,0.0,0.0,1
2021-08-18 18:52:52.779000+00:00,70B3D5499C9F22F1,Droplet #6,Droplet,Rottenraw Burn u/s Elliot Water confluence,56.55722722014659,-2.6604111487841786,05d40001890127100021000000000001,14.92,1006.09,100.0,3.3,0.0,0.0,1
2021-08-18 19:23:21.996000+00:00,70B3D5499C9F22F1,Droplet #6,Droplet,Rottenraw Burn u/s Elliot Water confluence,56.55722722014659,-2.6604111487841786,05b90001890c27100021000000000001,14.65,1006.2,100.0,3.3,0.0,0.0,1
2021-08-18 19:38:35.984000+00:00,70B3D5499C9F22F1,Droplet #6,Droplet,Rottenraw Burn u/s Elliot Water confluence,56.55722722014659,-2.6604111487841786,05ad0001891627100021000000000001,14.53,1006.3,100.0,3.3,0.0,0.0,1
2021-08-18 19:53:49.975000+00:00,70B3D5499C9F22F1,Droplet #6,Droplet,Rottenraw Burn u/s Elliot Water confluence,56.55722722014659,-2.6604111487841786,058e0001892527100021000000000001,14.22,1006.45,100.0,3.3,0.0,0.0,1
2021-08-18 20:39:33.038000+00:00,70B3D5499C9F22F1,Droplet #6,Droplet,Rottenraw Burn u/s Elliot Water confluence,56.55722722014659,-2.6604111487841786,054b0001893e27100021000000000001,13.55,1006.7,100.0,3.3,0.0,0.0,1
2021-08-18 21:25:17.205000+00:00,70B3D5499C9F22F1,Droplet #6,Droplet,Rottenraw Burn u/s Elliot Water confluence,56.55722722014659,-2.6604111487841786,05340001894d27100021000000000001,13.32,1006.85,100.0,3.3,0.0,0.0,1
2021-08-18 21:55:47.216000+00:00,70B3D5499C9F22F1,Droplet #6,Droplet,Rottenraw Burn u/s Elliot Water confluence,56.55722722014659,-2.6604111487841786,05310001895527100021000000000001,13.29,1006.93,100.0,3.3,0.0,0.0,1
2021-08-18 22:11:02.164000+00:00,70B3D5499C9F22F1,Droplet #6,Droplet,Rottenraw Burn u/s Elliot Water confluence,56.55722722014659,-2.6604111487841786,052e0001895627100021000000000001,13.26,1006.94,100.0,3.3,0.0,0.0,1
2021-08-18 22:26:16.894000+00:00,70B3D5499C9F22F1,Droplet #6,Droplet,Rottenraw Burn u/s Elliot Water confluence,56.55722722014659,-2.6604111487841786,05280001895a27100021000000000001,13.2,1006.98,100.0,3.3,0.0,0.0,1
2021-08-18 22:41:31.571000+00:00,70B3D5499C9F22F1,Droplet #6,Droplet,Rottenraw Burn u/s Elliot Water confluence,56.55722722014659,-2.6604111487841786,05200001896427100021000000000001,13.12,1007.08,100.0,3.3,0.0,0.0,1
2021-08-18 22:56:46.649000+00:00,70B3D5499C9F22F1,Droplet #6,Droplet,Rottenraw Burn u/s Elliot Water confluence,56.55722722014659,-2.6604111487841786,051b0001896227100021000000000001,13.07,1007.06,100.0,3.3,0.0,0.0,1
2021-08-18 23:12:00.233000+00:00,70B3D5499C9F22F1,Droplet #6,Droplet,Rottenraw Burn u/s Elliot Water confluence,56.55722722014659,-2.6604111487841786,05130001896227100021000000000001,12.99,1007.06,100.0,3.3,0.0,0.0,1
2021-08-18 23:27:14.524000+00:00,70B3D5499C9F22F1,Droplet #6,Droplet,Rottenraw Burn u/s Elliot Water confluence,56.55722722014659,-2.6604111487841786,04f20001897027100021000000000001,12.66,1007.2,100.0,3.3,0.0,0.0,1
2021-08-18 23:43:12.569000+00:00,70B3D5499C9F22F1,Droplet #6,Droplet,Rottenraw Burn u/s Elliot Water confluence,56.55722722014659,-2.6604111487841786,04e00001896327100021000000010001,12.48,1007.07,100.0,3.3,0.0,0.42,1
2021-08-18 23:58:26.773000+00:00,70B3D5499C9F22F1,Droplet #6,Droplet,Rottenraw Burn u/s Elliot Water confluence,56.55722722014659,-2.6604111487841786,04d20001896827100021000000000001,12.34,1007.12,100.0,3.3,0.0,0.0,1
2021-08-19 00:13:41.152000+00:00,70B3D5499C9F22F1,Droplet #6,Droplet,Rottenraw Burn u/s Elliot Water confluence,56.55722722014659,-2.6604111487841786,04c70001896027100021000000000001,12.23,1007.04,100.0,3.3,0.0,0.0,1
2021-08-19 00:28:56.501000+00:00,70B3D5499C9F22F1,Droplet #6,Droplet,Rottenraw Burn u/s Elliot Water confluence,56.55722722014659,-2.6604111487841786,04c10001895c27100021000000000001,12.17,1007.0,100.0,3.3,0.0,0.0,1
2021-08-19 00:44:12.007000+00:00,70B3D5499C9F22F1,Droplet #6,Droplet,Rottenraw Burn u/s Elliot Water confluence,56.55722722014659,-2.6604111487841786,04bf0001896027100021000000000001,12.15,1007.04,100.0,3.3,0.0,0.0,1
2021-08-19 00:59:26.583000+00:00,70B3D5499C9F22F1,Droplet #6,Droplet,Rottenraw Burn u/s Elliot Water confluence,56.55722722014659,-2.6604111487841786,04b50001895627100021000000000001,12.05,1006.94,100.0,3.3,0.0,0.0,1
2021-08-19 01:14:40.616000+00:00,70B3D5499C9F22F1,Droplet #6,Droplet,Rottenraw Burn u/s Elliot Water confluence,56.55722722014659,-2.6604111487841786,04a20001895127100021000000000001,11.86,1006.89,100.0,3.3,0.0,0.0,1
2021-08-19 01:35:11.535000+00:00,70B3D5499C9F22F1,Droplet #6,Droplet,Rottenraw Burn u/s Elliot Water confluence,56.55722722014659,-2.6604111487841786,04880001895127100021000000010001,11.6,1006.89,100.0,3.3,0.0,0.42,1
2021-08-19 02:05:39.978000+00:00,70B3D5499C9F22F1,Droplet #6,Droplet,Rottenraw Burn u/s Elliot Water confluence,56.55722722014659,-2.6604111487841786,046e0001895427100021000000000001,11.34,1006.92,100.0,3.3,0.0,0.0,1
2021-08-19 02:20:54.433000+00:00,70B3D5499C9F22F1,Droplet #6,Droplet,Rottenraw Burn u/s Elliot Water confluence,56.55722722014659,-2.6604111487841786,04620001894d27100021000000000001,11.22,1006.85,100.0,3.3,0.0,0.0,1
2021-08-19 02:36:09.216000+00:00,70B3D5499C9F22F1,Droplet #6,Droplet,Rottenraw Burn u/s Elliot Water confluence,56.55722722014659,-2.6604111487841786,04520001894a27100021000000000001,11.06,1006.82,100.0,3.3,0.0,0.0,1
2021-08-19 02:51:24.599000+00:00,70B3D5499C9F22F1,Droplet #6,Droplet,Rottenraw Burn u/s Elliot Water confluence,56.55722722014659,-2.6604111487841786,04490001894b27100021000000000001,10.97,1006.83,100.0,3.3,0.0,0.0,1
2021-08-19 03:14:08.504000+00:00,70B3D5499C9F22F1,Droplet #6,Droplet,Rottenraw Burn u/s Elliot Water confluence,56.55722722014659,-2.6604111487841786,042e0001893d27100021000000010001,10.7,1006.69,100.0,3.3,0.0,0.42,1
2021-08-19 03:29:23.038000+00:00,70B3D5499C9F22F1,Droplet #6,Droplet,Rottenraw Burn u/s Elliot Water confluence,56.55722722014659,-2.6604111487841786,04280001894027100021000000000001,10.64,1006.72,100.0,3.3,0.0,0.0,1
2021-08-19 03:59:53.245000+00:00,70B3D5499C9F22F1,Droplet #6,Droplet,Rottenraw Burn u/s Elliot Water confluence,56.55722722014659,-2.6604111487841786,041f0001893427100021000000000001,10.55,1006.6,100.0,3.3,0.0,0.0,1
2021-08-19 04:15:07.804000+00:00,70B3D5499C9F22F1,Droplet #6,Droplet,Rottenraw Burn u/s Elliot Water confluence,56.55722722014659,-2.6604111487841786,041e0001893827100021000000000001,10.54,1006.64,100.0,3.3,0.0,0.0,1
2021-08-19 04:30:22.091000+00:00,70B3D5499C9F22F1,Droplet #6,Droplet,Rottenraw Burn u/s Elliot Water confluence,56.55722722014659,-2.6604111487841786,041e0001893c27100021000000000001,10.54,1006.68,100.0,3.3,0.0,0.0,1
2021-08-19 04:45:36.983000+00:00,70B3D5499C9F22F1,Droplet #6,Droplet,Rottenraw Burn u/s Elliot Water confluence,56.55722722014659,-2.6604111487841786,041c0001893d27100021000000000001,10.52,1006.69,100.0,3.3,0.0,0.0,1
2021-08-19 05:16:05.815000+00:00,70B3D5499C9F22F1,Droplet #6,Droplet,Rottenraw Burn u/s Elliot Water confluence,56.55722722014659,-2.6604111487841786,04160001893f27100021000000000001,10.46,1006.71,100.0,3.3,0.0,0.0,1
2021-08-19 06:01:49.441000+00:00,70B3D5499C9F22F1,Droplet #6,Droplet,Rottenraw Burn u/s Elliot Water confluence,56.55722722014659,-2.6604111487841786,03f60001894827100021000000000001,10.14,1006.8,100.0,3.3,0.0,0.0,1
2021-08-19 06:17:04.373000+00:00,70B3D5499C9F22F1,Droplet #6,Droplet,Rottenraw Burn u/s Elliot Water confluence,56.55722722014659,-2.6604111487841786,03f20001894127100021000000000001,10.1,1006.73,100.0,3.3,0.0,0.0,1
2021-08-19 06:47:34.627000+00:00,70B3D5499C9F22F1,Droplet #6,Droplet,Rottenraw Burn u/s Elliot Water confluence,56.55722722014659,-2.6604111487841786,04010001893a27100021000000000001,10.25,1006.66,100.0,3.3,0.0,0.0,1
2021-08-19 07:04:44.739000+00:00,70B3D5499C9F22F1,Droplet #6,Droplet,Rottenraw Burn u/s Elliot Water confluence,56.55722722014659,-2.6604111487841786,040e0001893627100021000000010001,10.38,1006.62,100.0,3.3,0.0,0.42,1
2021-08-19 07:19:59.597000+00:00,70B3D5499C9F22F1,Droplet #6,Droplet,Rottenraw Burn u/s Elliot Water confluence,56.55722722014659,-2.6604111487841786,04180001893a27100021000000000001,10.48,1006.66,100.0,3.3,0.0,0.0,1
2021-08-19 07:35:14.213000+00:00,70B3D5499C9F22F1,Droplet #6,Droplet,Rottenraw Burn u/s Elliot Water confluence,56.55722722014659,-2.6604111487841786,04260001894227100021000000000001,10.62,1006.74,100.0,3.3,0.0,0.0,1
2021-08-19 07:50:28.896000+00:00,70B3D5499C9F22F1,Droplet #6,Droplet,Rottenraw Burn u/s Elliot Water confluence,56.55722722014659,-2.6604111487841786,04320001894927100021000000000001,10.74,1006.81,100.0,3.3,0.0,0.0,1
2021-08-19 08:05:43.648000+00:00,70B3D5499C9F22F1,Droplet #6,Droplet,Rottenraw Burn u/s Elliot Water confluence,56.55722722014659,-2.6604111487841786,04390001895227100022000000000001,10.81,1006.9,100.0,3.4,0.0,0.0,1
2021-08-19 08:20:58.383000+00:00,70B3D5499C9F22F1,Droplet #6,Droplet,Rottenraw Burn u/s Elliot Water confluence,56.55722722014659,-2.6604111487841786,04380001895b27100022000000000001,10.8,1006.99,100.0,3.4,0.0,0.0,1
2021-08-19 08:46:33.609000+00:00,70B3D5499C9F22F1,Droplet #6,Droplet,Rottenraw Burn u/s Elliot Water confluence,56.55722722014659,-2.6604111487841786,04440001895d27100022000000010001,10.92,1007.01,100.0,3.4,0.0,0.42,1
2021-08-19 09:01:47.978000+00:00,70B3D5499C9F22F1,Droplet #6,Droplet,Rottenraw Burn u/s Elliot Water confluence,56.55722722014659,-2.6604111487841786,04440001895827100022000000000001,10.92,1006.96,100.0,3.4,0.0,0.0,1
2021-08-19 09:17:02.113000+00:00,70B3D5499C9F22F1,Droplet #6,Droplet,Rottenraw Burn u/s Elliot Water confluence,56.55722722014659,-2.6604111487841786,044c0001895b27100022000000000001,11.0,1006.99,100.0,3.4,0.0,0.0,1
2021-08-19 09:32:17.193000+00:00,70B3D5499C9F22F1,Droplet #6,Droplet,Rottenraw Burn u/s Elliot Water confluence,56.55722722014659,-2.6604111487841786,046d0001896327100022000000000001,11.33,1007.07,100.0,3.4,0.0,0.0,1
2021-08-19 09:47:32.112000+00:00,70B3D5499C9F22F1,Droplet #6,Droplet,Rottenraw Burn u/s Elliot Water confluence,56.55722722014659,-2.6604111487841786,04860001896a27100023000000000001,11.58,1007.14,100.0,3.5,0.0,0.0,1
2021-08-19 10:02:46.833000+00:00,70B3D5499C9F22F1,Droplet #6,Droplet,Rottenraw Burn u/s Elliot Water confluence,56.55722722014659,-2.6604111487841786,04960001896427100022000000000001,11.74,1007.08,100.0,3.4,0.0,0.0,1
2021-08-19 10:33:17.576000+00:00,70B3D5499C9F22F1,Droplet #6,Droplet,Rottenraw Burn u/s Elliot Water confluence,56.55722722014659,-2.6604111487841786,04d30001895c27100023000000000000,12.35,1007.0,100.0,3.5,0.0,0.0,0
2021-08-19 11:34:18.057000+00:00,70B3D5499C9F22F1,Droplet #6,Droplet,Rottenraw Burn u/s Elliot Water confluence,56.55722722014659,-2.6604111487841786,053e0001895127100023000000000000,13.42,1006.89,100.0,3.5,0.0,0.0,0
2021-08-19 12:20:03.947000+00:00,70B3D5499C9F22F1,Droplet #6,Droplet,Rottenraw Burn u/s Elliot Water confluence,56.55722722014659,-2.6604111487841786,05790001894127100023000000000000,14.01,1006.73,100.0,3.5,0.0,0.0,0
2021-08-19 12:35:17.949000+00:00,70B3D5499C9F22F1,Droplet #6,Droplet,Rottenraw Burn u/s Elliot Water confluence,56.55722722014659,-2.6604111487841786,058c0001894e27100024000000000000,14.2,1006.86,100.0,3.6,0.0,0.0,0
2021-08-19 12:50:33.167000+00:00,70B3D5499C9F22F1,Droplet #6,Droplet,Rottenraw Burn u/s Elliot Water confluence,56.55722722014659,-2.6604111487841786,059d0001893e27100023000000000000,14.37,1006.7,100.0,3.5,0.0,0.0,0
2021-08-19 13:05:49.955000+00:00,70B3D5499C9F22F1,Droplet #6,Droplet,Rottenraw Burn u/s Elliot Water confluence,56.55722722014659,-2.6604111487841786,06170001893f27100023000000000000,15.59,1006.71,100.0,3.5,0.0,0.0,0
2021-08-19 13:21:04.015000+00:00,70B3D5499C9F22F1,Droplet #6,Droplet,Rottenraw Burn u/s Elliot Water confluence,56.55722722014659,-2.6604111487841786,06170001894a27100024000000000000,15.59,1006.82,100.0,3.6,0.0,0.0,0
2021-08-19 13:36:17.419000+00:00,70B3D5499C9F22F1,Droplet #6,Droplet,Rottenraw Burn u/s Elliot Water confluence,56.55722722014659,-2.6604111487841786,05b70001894327100023000000000000,14.63,1006.75,100.0,3.5,0.0,0.0,0
2021-08-19 13:51:30.935000+00:00,70B3D5499C9F22F1,Droplet #6,Droplet,Rottenraw Burn u/s Elliot Water confluence,56.55722722014659,-2.6604111487841786,05680001894c27100024000000000000,13.84,1006.84,100.0,3.6,0.0,0.0,0
2021-08-19 14:06:44.900000+00:00,70B3D5499C9F22F1,Droplet #6,Droplet,Rottenraw Burn u/s Elliot Water confluence,56.55722722014659,-2.6604111487841786,05590001894627100024000000000000,13.69,1006.78,100.0,3.6,0.0,0.0,0
2021-08-19 14:21:59.828000+00:00,70B3D5499C9F22F1,Droplet #6,Droplet,Rottenraw Burn u/s Elliot Water confluence,56.55722722014659,-2.6604111487841786,054d0001894027100023000000000000,13.57,1006.72,100.0,3.5,0.0,0.0,0
2021-08-19 14:37:14.794000+00:00,70B3D5499C9F22F1,Droplet #6,Droplet,Rottenraw Burn u/s Elliot Water confluence,56.55722722014659,-2.6604111487841786,05560001894627100024000000000000,13.66,1006.78,100.0,3.6,0.0,0.0,0
2021-08-19 14:52:30.046000+00:00,70B3D5499C9F22F1,Droplet #6,Droplet,Rottenraw Burn u/s Elliot Water confluence,56.55722722014659,-2.6604111487841786,056b0001893d27100024000000000000,13.87,1006.69,100.0,3.6,0.0,0.0,0
2021-08-19 15:07:45.682000+00:00,70B3D5499C9F22F1,Droplet #6,Droplet,Rottenraw Burn u/s Elliot Water confluence,56.55722722014659,-2.6604111487841786,056e0001893727100024000000000000,13.9,1006.63,100.0,3.6,0.0,0.0,0
2021-08-19 15:23:00.156000+00:00,70B3D5499C9F22F1,Droplet #6,Droplet,Rottenraw Burn u/s Elliot Water confluence,56.55722722014659,-2.6604111487841786,056c0001893f27100024000000000000,13.88,1006.71,100.0,3.6,0.0,0.0,0
2021-08-19 15:38:14.688000+00:00,70B3D5499C9F22F1,Droplet #6,Droplet,Rottenraw Burn u/s Elliot Water confluence,56.55722722014659,-2.6604111487841786,05620001893f27100024000000000000,13.78,1006.71,100.0,3.6,0.0,0.0,0
2021-08-19 15:53:30.121000+00:00,70B3D5499C9F22F1,Droplet #6,Droplet,Rottenraw Burn u/s Elliot Water confluence,56.55722722014659,-2.6604111487841786,057c0001892427100024000000000000,14.04,1006.44,100.0,3.6,0.0,0.0,0
2021-08-19 16:24:01.464000+00:00,70B3D5499C9F22F1,Droplet #6,Droplet,Rottenraw Burn u/s Elliot Water confluence,56.55722722014659,-2.6604111487841786,05860001893a27100024000000000000,14.14,1006.66,100.0,3.6,0.0,0.0,0
2021-08-19 16:39:15.766000+00:00,70B3D5499C9F22F1,Droplet #6,Droplet,Rottenraw Burn u/s Elliot Water confluence,56.55722722014659,-2.6604111487841786,05550001894a27100024000000000000,13.65,1006.82,100.0,3.6,0.0,0.0,0
2021-08-19 16:54:29.779000+00:00,70B3D5499C9F22F1,Droplet #6,Droplet,Rottenraw Burn u/s Elliot Water confluence,56.55722722014659,-2.6604111487841786,05380001894327100024000000000000,13.36,1006.75,100.0,3.6,0.0,0.0,0
2021-08-19 17:09:44.973000+00:00,70B3D5499C9F22F1,Droplet #6,Droplet,Rottenraw Burn u/s Elliot Water confluence,56.55722722014659,-2.6604111487841786,05270001896027100023000000000000,13.19,1007.04,100.0,3.5,0.0,0.0,0
2021-08-19 17:24:59.682000+00:00,70B3D5499C9F22F1,Droplet #6,Droplet,Rottenraw Burn u/s Elliot Water confluence,56.55722722014659,-2.6604111487841786,051e0001894027100024000000000000,13.1,1006.72,100.0,3.6,0.0,0.0,0
2021-08-19 17:40:13.750000+00:00,70B3D5499C9F22F1,Droplet #6,Droplet,Rottenraw Burn u/s Elliot Water confluence,56.55722722014659,-2.6604111487841786,050b0001894927100024000000000000,12.91,1006.81,100.0,3.6,0.0,0.0,0
2021-08-19 18:10:43.784000+00:00,70B3D5499C9F22F1,Droplet #6,Droplet,Rottenraw Burn u/s Elliot Water confluence,56.55722722014659,-2.6604111487841786,04f20001895127100024000000000000,12.66,1006.89,100.0,3.6,0.0,0.0,0
2021-08-19 18:25:58.870000+00:00,70B3D5499C9F22F1,Droplet #6,Droplet,Rottenraw Burn u/s Elliot Water confluence,56.55722722014659,-2.6604111487841786,04eb0001893e27100024000000000000,12.59,1006.7,100.0,3.6,0.0,0.0,0
2021-08-19 18:56:28.061000+00:00,70B3D5499C9F22F1,Droplet #6,Droplet,Rottenraw Burn u/s Elliot Water confluence,56.55722722014659,-2.6604111487841786,04e30001894a27100024000000000000,12.51,1006.82,100.0,3.6,0.0,0.0,0
2021-08-19 19:11:43.141000+00:00,70B3D5499C9F22F1,Droplet #6,Droplet,Rottenraw Burn u/s Elliot Water confluence,56.55722722014659,-2.6604111487841786,04de0001896727100024000000000000,12.46,1007.11,100.0,3.6,0.0,0.0,0
2021-08-19 19:42:13.307000+00:00,70B3D5499C9F22F1,Droplet #6,Droplet,Rottenraw Burn u/s Elliot Water confluence,56.55722722014659,-2.6604111487841786,04cd0001897527100024000000000000,12.29,1007.25,100.0,3.6,0.0,0.0,0
2021-08-19 19:57:28.113000+00:00,70B3D5499C9F22F1,Droplet #6,Droplet,Rottenraw Burn u/s Elliot Water confluence,56.55722722014659,-2.6604111487841786,04ce0001897627100024000000000000,12.3,1007.26,100.0,3.6,0.0,0.0,0
2021-08-19 20:12:42.463000+00:00,70B3D5499C9F22F1,Droplet #6,Droplet,Rottenraw Burn u/s Elliot Water confluence,56.55722722014659,-2.6604111487841786,04cb0001897f27100024000000000000,12.27,1007.35,100.0,3.6,0.0,0.0,0
2021-08-19 20:27:57.456000+00:00,70B3D5499C9F22F1,Droplet #6,Droplet,Rottenraw Burn u/s Elliot Water confluence,56.55722722014659,-2.6604111487841786,04c60001897c27100023000000000000,12.22,1007.32,100.0,3.5,0.0,0.0,0
2021-08-19 20:43:11.773000+00:00,70B3D5499C9F22F1,Droplet #6,Droplet,Rottenraw Burn u/s Elliot Water confluence,56.55722722014659,-2.6604111487841786,04c40001899127100024000000000000,12.2,1007.53,100.0,3.6,0.0,0.0,0
2021-08-19 20:58:25.773000+00:00,70B3D5499C9F22F1,Droplet #6,Droplet,Rottenraw Burn u/s Elliot Water confluence,56.55722722014659,-2.6604111487841786,04c3000189a627100024000000000000,12.19,1007.74,100.0,3.6,0.0,0.0,0
2021-08-19 21:13:41.305000+00:00,70B3D5499C9F22F1,Droplet #6,Droplet,Rottenraw Burn u/s Elliot Water confluence,56.55722722014659,-2.6604111487841786,04c4000189ad27100024000000000000,12.2,1007.81,100.0,3.6,0.0,0.0,0
2021-08-19 21:28:54.551000+00:00,70B3D5499C9F22F1,Droplet #6,Droplet,Rottenraw Burn u/s Elliot Water confluence,56.55722722014659,-2.6604111487841786,04c7000189b327100024000000000000,12.23,1007.87,100.0,3.6,0.0,0.0,0
2021-08-19 21:44:09.382000+00:00,70B3D5499C9F22F1,Droplet #6,Droplet,Rottenraw Burn u/s Elliot Water confluence,56.55722722014659,-2.6604111487841786,04c8000189b927100024000000000000,12.24,1007.93,100.0,3.6,0.0,0.0,0
2021-08-19 21:59:24.033000+00:00,70B3D5499C9F22F1,Droplet #6,Droplet,Rottenraw Burn u/s Elliot Water confluence,56.55722722014659,-2.6604111487841786,04c8000189b527100024000000000000,12.24,1007.89,100.0,3.6,0.0,0.0,0
2021-08-19 22:14:39.086000+00:00,70B3D5499C9F22F1,Droplet #6,Droplet,Rottenraw Burn u/s Elliot Water confluence,56.55722722014659,-2.6604111487841786,04c9000189ab27100024000000000000,12.25,1007.79,100.0,3.6,0.0,0.0,0
2021-08-19 22:29:53.628000+00:00,70B3D5499C9F22F1,Droplet #6,Droplet,Rottenraw Burn u/s Elliot Water confluence,56.55722722014659,-2.6604111487841786,04ca000189c227100024000000000000,12.26,1008.02,100.0,3.6,0.0,0.0,0
2021-08-19 22:45:07.717000+00:00,70B3D5499C9F22F1,Droplet #6,Droplet,Rottenraw Burn u/s Elliot Water confluence,56.55722722014659,-2.6604111487841786,04d0000189c227100023000000000000,12.32,1008.02,100.0,3.5,0.0,0.0,0
2021-08-19 23:00:21.910000+00:00,70B3D5499C9F22F1,Droplet #6,Droplet,Rottenraw Burn u/s Elliot Water confluence,56.55722722014659,-2.6604111487841786,04d4000189c027100023000000000000,12.36,1008.0,100.0,3.5,0.0,0.0,0
2021-08-19 23:15:36.708000+00:00,70B3D5499C9F22F1,Droplet #6,Droplet,Rottenraw Burn u/s Elliot Water confluence,56.55722722014659,-2.6604111487841786,04d0000189bb27100024000000000000,12.32,1007.95,100.0,3.6,0.0,0.0,0
2021-08-19 23:30:51.148000+00:00,70B3D5499C9F22F1,Droplet #6,Droplet,Rottenraw Burn u/s Elliot Water confluence,56.55722722014659,-2.6604111487841786,04cf000189bd27100024000000000000,12.31,1007.97,100.0,3.6,0.0,0.0,0
2021-08-20 00:01:20.350000+00:00,70B3D5499C9F22F1,Droplet #6,Droplet,Rottenraw Burn u/s Elliot Water confluence,56.55722722014659,-2.6604111487841786,04cc000189c627100023000000000000,12.28,1008.06,100.0,3.5,0.0,0.0,0
2021-08-20 00:31:50.305000+00:00,70B3D5499C9F22F1,Droplet #6,Droplet,Rottenraw Burn u/s Elliot Water confluence,56.55722722014659,-2.6604111487841786,04ce000189d127100024000000000000,12.3,1008.17,100.0,3.6,0.0,0.0,0
2021-08-20 00:47:05.163000+00:00,70B3D5499C9F22F1,Droplet #6,Droplet,Rottenraw Burn u/s Elliot Water confluence,56.55722722014659,-2.6604111487841786,04c4000189c827100024000000000000,12.2,1008.08,100.0,3.6,0.0,0.0,0
2021-08-20 01:02:18.116000+00:00,70B3D5499C9F22F1,Droplet #6,Droplet,Rottenraw Burn u/s Elliot Water confluence,56.55722722014659,-2.6604111487841786,04bb000189ce27100023000000000000,12.11,1008.14,100.0,3.5,0.0,0.0,0
2021-08-20 01:32:47.200000+00:00,70B3D5499C9F22F1,Droplet #6,Droplet,Rottenraw Burn u/s Elliot Water confluence,56.55722722014659,-2.6604111487841786,04b0000189b627100023000000000000,12.0,1007.9,100.0,3.5,0.0,0.0,0
2021-08-20 01:48:02.066000+00:00,70B3D5499C9F22F1,Droplet #6,Droplet,Rottenraw Burn u/s Elliot Water confluence,56.55722722014659,-2.6604111487841786,04b2000189c927100024000000000000,12.02,1008.09,100.0,3.6,0.0,0.0,0
2021-08-20 02:03:16.730000+00:00,70B3D5499C9F22F1,Droplet #6,Droplet,Rottenraw Burn u/s Elliot Water confluence,56.55722722014659,-2.6604111487841786,04b2000189c927100024000000000000,12.02,1008.09,100.0,3.6,0.0,0.0,0
2021-08-20 02:18:30.733000+00:00,70B3D5499C9F22F1,Droplet #6,Droplet,Rottenraw Burn u/s Elliot Water confluence,56.55722722014659,-2.6604111487841786,04b3000189c027100024000000000000,12.03,1008.0,100.0,3.6,0.0,0.0,0
2021-08-20 02:33:45.571000+00:00,70B3D5499C9F22F1,Droplet #6,Droplet,Rottenraw Burn u/s Elliot Water confluence,56.55722722014659,-2.6604111487841786,04af000189ce27100023000000000000,11.99,1008.14,100.0,3.5,0.0,0.0,0
2021-08-20 02:49:00.345000+00:00,70B3D5499C9F22F1,Droplet #6,Droplet,Rottenraw Burn u/s Elliot Water confluence,56.55722722014659,-2.6604111487841786,04a3000189b927100024000000000000,11.87,1007.93,100.0,3.6,0.0,0.0,0
2021-08-20 03:04:15.078000+00:00,70B3D5499C9F22F1,Droplet #6,Droplet,Rottenraw Burn u/s Elliot Water confluence,56.55722722014659,-2.6604111487841786,04a0000189bb27100024000000000000,11.84,1007.95,100.0,3.6,0.0,0.0,0
2021-08-20 03:19:29.566000+00:00,70B3D5499C9F22F1,Droplet #6,Droplet,Rottenraw Burn u/s Elliot Water confluence,56.55722722014659,-2.6604111487841786,049f000189c527100024000000000000,11.83,1008.05,100.0,3.6,0.0,0.0,0
2021-08-20 03:34:45.261000+00:00,70B3D5499C9F22F1,Droplet #6,Droplet,Rottenraw Burn u/s Elliot Water confluence,56.55722722014659,-2.6604111487841786,0499000189ba27100023000000000000,11.77,1007.94,100.0,3.5,0.0,0.0,0
2021-08-20 03:50:00.300000+00:00,70B3D5499C9F22F1,Droplet #6,Droplet,Rottenraw Burn u/s Elliot Water confluence,56.55722722014659,-2.6604111487841786,0498000189b827100024000000000000,11.76,1007.92,100.0,3.6,0.0,0.0,0
2021-08-20 04:05:15.195000+00:00,70B3D5499C9F22F1,Droplet #6,Droplet,Rottenraw Burn u/s Elliot Water confluence,56.55722722014659,-2.6604111487841786,0494000189b327100024000000000000,11.72,1007.87,100.0,3.6,0.0,0.0,0
2021-08-20 04:20:29.632000+00:00,70B3D5499C9F22F1,Droplet #6,Droplet,Rottenraw Burn u/s Elliot Water confluence,56.55722722014659,-2.6604111487841786,048f000189bc27100023000000000000,11.67,1007.96,100.0,3.5,0.0,0.0,0
2021-08-20 04:35:44.183000+00:00,70B3D5499C9F22F1,Droplet #6,Droplet,Rottenraw Burn u/s Elliot Water confluence,56.55722722014659,-2.6604111487841786,048b000189b327100024000000000000,11.63,1007.87,100.0,3.6,0.0,0.0,0
2021-08-20 04:50:59.078000+00:00,70B3D5499C9F22F1,Droplet #6,Droplet,Rottenraw Burn u/s Elliot Water confluence,56.55722722014659,-2.6604111487841786,048a000189cf27100024000000000000,11.62,1008.15,100.0,3.6,0.0,0.0,0
2021-08-20 05:21:29.594000+00:00,70B3D5499C9F22F1,Droplet #6,Droplet,Rottenraw Burn u/s Elliot Water confluence,56.55722722014659,-2.6604111487841786,0487000189ce27100023000000000000,11.59,1008.14,100.0,3.5,0.0,0.0,0
2021-08-20 05:36:45.100000+00:00,70B3D5499C9F22F1,Droplet #6,Droplet,Rottenraw Burn u/s Elliot Water confluence,56.55722722014659,-2.6604111487841786,048b000189d227100023000000000000,11.63,1008.18,100.0,3.5,0.0,0.0,0
2021-08-20 05:51:59.606000+00:00,70B3D5499C9F22F1,Droplet #6,Droplet,Rottenraw Burn u/s Elliot Water confluence,56.55722722014659,-2.6604111487841786,0492000189f227100024000000000000,11.7,1008.5,100.0,3.6,0.0,0.0,0
2021-08-20 06:22:28.996000+00:00,70B3D5499C9F22F1,Droplet #6,Droplet,Rottenraw Burn u/s Elliot Water confluence,56.55722722014659,-2.6604111487841786,04a9000189ea27100024000000000000,11.93,1008.42,100.0,3.6,0.0,0.0,0
2021-08-20 06:37:43.944000+00:00,70B3D5499C9F22F1,Droplet #6,Droplet,Rottenraw Burn u/s Elliot Water confluence,56.55722722014659,-2.6604111487841786,04b4000189ff27100023000000000000,12.04,1008.63,100.0,3.5,0.0,0.0,0
2021-08-20 06:52:59.371000+00:00,70B3D5499C9F22F1,Droplet #6,Droplet,Rottenraw Burn u/s Elliot Water confluence,56.55722722014659,-2.6604111487841786,04bf00018a0a27100024000000000000,12.15,1008.74,100.0,3.6,0.0,0.0,0
2021-08-20 07:08:13.914000+00:00,70B3D5499C9F22F1,Droplet #6,Droplet,Rottenraw Burn u/s Elliot Water confluence,56.55722722014659,-2.6604111487841786,04c8000189f627100024000000000000,12.24,1008.54,100.0,3.6,0.0,0.0,0
2021-08-20 07:23:29.068000+00:00,70B3D5499C9F22F1,Droplet #6,Droplet,Rottenraw Burn u/s Elliot Water confluence,56.55722722014659,-2.6604111487841786,04d200018a2727100023000000000000,12.34,1009.03,100.0,3.5,0.0,0.0,0
2021-08-20 07:38:43.879000+00:00,70B3D5499C9F22F1,Droplet #6,Droplet,Rottenraw Burn u/s Elliot Water confluence,56.55722722014659,-2.6604111487841786,04d200018a1a27100023000000000000,12.34,1008.9,100.0,3.5,0.0,0.0,0
2021-08-20 07:53:58.738000+00:00,70B3D5499C9F22F1,Droplet #6,Droplet,Rottenraw Burn u/s Elliot Water confluence,56.55722722014659,-2.6604111487841786,04e000018a1527100024000000000000,12.48,1008.85,100.0,3.6,0.0,0.0,0
2021-08-20 08:09:14.809000+00:00,70B3D5499C9F22F1,Droplet #6,Droplet,Rottenraw Burn u/s Elliot Water confluence,56.55722722014659,-2.6604111487841786,050d00018a2327100024000000000000,12.93,1008.99,100.0,3.6,0.0,0.0,0
2021-08-20 08:24:29.728000+00:00,70B3D5499C9F22F1,Droplet #6,Droplet,Rottenraw Burn u/s Elliot Water confluence,56.55722722014659,-2.6604111487841786,055800018a3927100024000000000000,13.68,1009.21,100.0,3.6,0.0,0.0,0
2021-08-20 08:39:46.660000+00:00,70B3D5499C9F22F1,Droplet #6,Droplet,Rottenraw Burn u/s Elliot Water confluence,56.55722722014659,-2.6604111487841786,05ed00018a2a27100024000000000000,15.17,1009.06,100.0,3.6,0.0,0.0,0
2021-08-20 08:55:01.004000+00:00,70B3D5499C9F22F1,Droplet #6,Droplet,Rottenraw Burn u/s Elliot Water confluence,56.55722722014659,-2.6604111487841786,05ed00018a2027100024000000000000,15.17,1008.96,100.0,3.6,0.0,0.0,0
2021-08-20 09:10:15.239000+00:00,70B3D5499C9F22F1,Droplet #6,Droplet,Rottenraw Burn u/s Elliot Water confluence,56.55722722014659,-2.6604111487841786,05d900018a3d27100024000000000000,14.97,1009.25,100.0,3.6,0.0,0.0,0
2021-08-20 09:25:30.863000+00:00,70B3D5499C9F22F1,Droplet #6,Droplet,Rottenraw Burn u/s Elliot Water confluence,56.55722722014659,-2.6604111487841786,061100018a3b27100024000000000000,15.53,1009.23,100.0,3.6,0.0,0.0,0
2021-08-20 09:40:49.184000+00:00,70B3D5499C9F22F1,Droplet #6,Droplet,Rottenraw Burn u/s Elliot Water confluence,56.55722722014659,-2.6604111487841786,06c400018a3927100025000000000000,17.32,1009.21,100.0,3.7,0.0,0.0,0
2021-08-20 09:56:04.918000+00:00,70B3D5499C9F22F1,Droplet #6,Droplet,Rottenraw Burn u/s Elliot Water confluence,56.55722722014659,-2.6604111487841786,06f200018a5627100025000000000000,17.78,1009.5,100.0,3.7,0.0,0.0,0
2021-08-20 10:11:18.180000+00:00,70B3D5499C9F22F1,Droplet #6,Droplet,Rottenraw Burn u/s Elliot Water confluence,56.55722722014659,-2.6604111487841786,06a700018a3f27100025000000000000,17.03,1009.27,100.0,3.7,0.0,0.0,0
2021-08-20 10:26:33.624000+00:00,70B3D5499C9F22F1,Droplet #6,Droplet,Rottenraw Burn u/s Elliot Water confluence,56.55722722014659,-2.6604111487841786,06d700018a5227100025000000000000,17.51,1009.46,100.0,3.7,0.0,0.0,0
2021-08-20 10:41:48.348000+00:00,70B3D5499C9F22F1,Droplet #6,Droplet,Rottenraw Burn u/s Elliot Water confluence,56.55722722014659,-2.6604111487841786,06ff00018a3627100025000000000000,17.91,1009.18,100.0,3.7,0.0,0.0,0
2021-08-20 10:57:02.835000+00:00,70B3D5499C9F22F1,Droplet #6,Droplet,Rottenraw Burn u/s Elliot Water confluence,56.55722722014659,-2.6604111487841786,06df00018a5927100025000000000000,17.59,1009.53,100.0,3.7,0.0,0.0,0
2021-08-20 11:12:18.393000+00:00,70B3D5499C9F22F1,Droplet #6,Droplet,Rottenraw Burn u/s Elliot Water confluence,56.55722722014659,-2.6604111487841786,06c100018a5f27100024000000000000,17.29,1009.59,100.0,3.6,0.0,0.0,0
2021-08-20 11:27:32.559000+00:00,70B3D5499C9F22F1,Droplet #6,Droplet,Rottenraw Burn u/s Elliot Water confluence,56.55722722014659,-2.6604111487841786,06a800018a5e27100025000000000000,17.04,1009.58,100.0,3.7,0.0,0.0,0
2021-08-20 11:42:45.417000+00:00,70B3D5499C9F22F1,Droplet #6,Droplet,Rottenraw Burn u/s Elliot Water confluence,56.55722722014659,-2.6604111487841786,062300018a7d27100025000000000000,15.71,1009.89,100.0,3.7,0.0,0.0,0
2021-08-20 11:57:59.902000+00:00,70B3D5499C9F22F1,Droplet #6,Droplet,Rottenraw Burn u/s Elliot Water confluence,56.55722722014659,-2.6604111487841786,060900018a6f27100024000000000000,15.45,1009.75,100.0,3.6,0.0,0.0,0
2021-08-20 12:13:14.604000+00:00,70B3D5499C9F22F1,Droplet #6,Droplet,Rottenraw Burn u/s Elliot Water confluence,56.55722722014659,-2.6604111487841786,061300018a6327100025000000000000,15.55,1009.63,100.0,3.7,0.0,0.0,0
2021-08-20 12:43:43.982000+00:00,70B3D5499C9F22F1,Droplet #6,Droplet,Rottenraw Burn u/s Elliot Water confluence,56.55722722014659,-2.6604111487841786,064400018a5d27100025000000000000,16.04,1009.57,100.0,3.7,0.0,0.0,0
2021-08-20 12:58:59.558000+00:00,70B3D5499C9F22F1,Droplet #6,Droplet,Rottenraw Burn u/s Elliot Water confluence,56.55722722014659,-2.6604111487841786,066300018a7027100025000000000000,16.35,1009.76,100.0,3.7,0.0,0.0,0
2021-08-20 13:14:14.463000+00:00,70B3D5499C9F22F1,Droplet #6,Droplet,Rottenraw Burn u/s Elliot Water confluence,56.55722722014659,-2.6604111487841786,067500018a6927100025000000000000,16.53,1009.69,100.0,3.7,0.0,0.0,0
2021-08-20 13:29:29.016000+00:00,70B3D5499C9F22F1,Droplet #6,Droplet,Rottenraw Burn u/s Elliot Water confluence,56.55722722014659,-2.6604111487841786,067300018a6527100024000000000000,16.51,1009.65,100.0,3.6,0.0,0.0,0
2021-08-20 13:44:42.464000+00:00,70B3D5499C9F22F1,Droplet #6,Droplet,Rottenraw Burn u/s Elliot Water confluence,56.55722722014659,-2.6604111487841786,065500018a7427100025000000000000,16.21,1009.8,100.0,3.7,0.0,0.0,0
2021-08-20 13:59:56.403000+00:00,70B3D5499C9F22F1,Droplet #6,Droplet,Rottenraw Burn u/s Elliot Water confluence,56.55722722014659,-2.6604111487841786,063200018a7527100025000000000000,15.86,1009.81,100.0,3.7,0.0,0.0,0
2021-08-20 14:15:11.031000+00:00,70B3D5499C9F22F1,Droplet #6,Droplet,Rottenraw Burn u/s Elliot Water confluence,56.55722722014659,-2.6604111487841786,062300018a8427100025000000000000,15.71,1009.96,100.0,3.7,0.0,0.0,0
2021-08-20 14:45:40.869000+00:00,70B3D5499C9F22F1,Droplet #6,Droplet,Rottenraw Burn u/s Elliot Water confluence,56.55722722014659,-2.6604111487841786,060e00018a8927100025000000000000,15.5,1010.01,100.0,3.7,0.0,0.0,0
2021-08-20 15:00:55.324000+00:00,70B3D5499C9F22F1,Droplet #6,Droplet,Rottenraw Burn u/s Elliot Water confluence,56.55722722014659,-2.6604111487841786,060900018a7f27100025000000000000,15.45,1009.91,100.0,3.7,0.0,0.0,0
2021-08-20 15:16:10.659000+00:00,70B3D5499C9F22F1,Droplet #6,Droplet,Rottenraw Burn u/s Elliot Water confluence,56.55722722014659,-2.6604111487841786,060100018a7427100024000000000000,15.37,1009.8,100.0,3.6,0.0,0.0,0
2021-08-20 15:31:24.774000+00:00,70B3D5499C9F22F1,Droplet #6,Droplet,Rottenraw Burn u/s Elliot Water confluence,56.55722722014659,-2.6604111487841786,05f300018a7727100024000000000000,15.23,1009.83,100.0,3.6,0.0,0.0,0
2021-08-20 16:01:53.794000+00:00,70B3D5499C9F22F1,Droplet #6,Droplet,Rottenraw Burn u/s Elliot Water confluence,56.55722722014659,-2.6604111487841786,05e500018a7227100026000000000000,15.09,1009.78,100.0,3.8,0.0,0.0,0
2021-08-20 16:17:08.106000+00:00,70B3D5499C9F22F1,Droplet #6,Droplet,Rottenraw Burn u/s Elliot Water confluence,56.55722722014659,-2.6604111487841786,05da00018a6427100025000000000000,14.98,1009.64,100.0,3.7,0.0,0.0,0
2021-08-20 16:32:23.072000+00:00,70B3D5499C9F22F1,Droplet #6,Droplet,Rottenraw Burn u/s Elliot Water confluence,56.55722722014659,-2.6604111487841786,05d000018a7127100024000000000000,14.88,1009.77,100.0,3.6,0.0,0.0,0
2021-08-20 17:02:51.604000+00:00,70B3D5499C9F22F1,Droplet #6,Droplet,Rottenraw Burn u/s Elliot Water confluence,56.55722722014659,-2.6604111487841786,05be00018a6527100024000000000000,14.7,1009.65,100.0,3.6,0.0,0.0,0
2021-08-20 17:33:21.250000+00:00,70B3D5499C9F22F1,Droplet #6,Droplet,Rottenraw Burn u/s Elliot Water confluence,56.55722722014659,-2.6604111487841786,05bb00018a7227100025000000000000,14.67,1009.78,100.0,3.7,0.0,0.0,0
2021-08-20 17:48:36.160000+00:00,70B3D5499C9F22F1,Droplet #6,Droplet,Rottenraw Burn u/s Elliot Water confluence,56.55722722014659,-2.6604111487841786,05b000018a7227100024000000000000,14.56,1009.78,100.0,3.6,0.0,0.0,0
2021-08-20 18:19:05.071000+00:00,70B3D5499C9F22F1,Droplet #6,Droplet,Rottenraw Burn u/s Elliot Water confluence,56.55722722014659,-2.6604111487841786,059100018a6c27100025000000000000,14.25,1009.72,100.0,3.7,0.0,0.0,0
2021-08-20 18:49:34.577000+00:00,70B3D5499C9F22F1,Droplet #6,Droplet,Rottenraw Burn u/s Elliot Water confluence,56.55722722014659,-2.6604111487841786,058700018a8427100025000000000000,14.15,1009.96,100.0,3.7,0.0,0.0,0
2021-08-20 19:04:49.856000+00:00,70B3D5499C9F22F1,Droplet #6,Droplet,Rottenraw Burn u/s Elliot Water confluence,56.55722722014659,-2.6604111487841786,057900018a7627100025000000000000,14.01,1009.82,100.0,3.7,0.0,0.0,0
2021-08-20 19:20:03.899000+00:00,70B3D5499C9F22F1,Droplet #6,Droplet,Rottenraw Burn u/s Elliot Water confluence,56.55722722014659,-2.6604111487841786,056e00018a6a27100025000000000000,13.9,1009.7,100.0,3.7,0.0,0.0,0
2021-08-20 19:35:18.554000+00:00,70B3D5499C9F22F1,Droplet #6,Droplet,Rottenraw Burn u/s Elliot Water confluence,56.55722722014659,-2.6604111487841786,056d00018a6827100024000000000000,13.89,1009.68,100.0,3.6,0.0,0.0,0
2021-08-20 19:50:32.378000+00:00,70B3D5499C9F22F1,Droplet #6,Droplet,Rottenraw Burn u/s Elliot Water confluence,56.55722722014659,-2.6604111487841786,056d00018a6d27100024000000000000,13.89,1009.73,100.0,3.6,0.0,0.0,0
2021-08-20 20:05:46.857000+00:00,70B3D5499C9F22F1,Droplet #6,Droplet,Rottenraw Burn u/s Elliot Water confluence,56.55722722014659,-2.6604111487841786,056e00018a6a27100024000000000000,13.9,1009.7,100.0,3.6,0.0,0.0,0
2021-08-20 20:21:02.239000+00:00,70B3D5499C9F22F1,Droplet #6,Droplet,Rottenraw Burn u/s Elliot Water confluence,56.55722722014659,-2.6604111487841786,057600018a9f27100025000000000000,13.98,1010.23,100.0,3.7,0.0,0.0,0
2021-08-20 20:36:17.699000+00:00,70B3D5499C9F22F1,Droplet #6,Droplet,Rottenraw Burn u/s Elliot Water confluence,56.55722722014659,-2.6604111487841786,057100018a8e27100025000000000000,13.93,1010.06,100.0,3.7,0.0,0.0,0
2021-08-20 21:06:48.191000+00:00,70B3D5499C9F22F1,Droplet #6,Droplet,Rottenraw Burn u/s Elliot Water confluence,56.55722722014659,-2.6604111487841786,057600018a8b27100024000000000000,13.98,1010.03,100.0,3.6,0.0,0.0,0
2021-08-20 21:22:03.654000+00:00,70B3D5499C9F22F1,Droplet #6,Droplet,Rottenraw Burn u/s Elliot Water confluence,56.55722722014659,-2.6604111487841786,056600018a7127100024000000000000,13.82,1009.77,100.0,3.6,0.0,0.0,0
2021-08-20 21:37:18.254000+00:00,70B3D5499C9F22F1,Droplet #6,Droplet,Rottenraw Burn u/s Elliot Water confluence,56.55722722014659,-2.6604111487841786,055b00018a6e27100025000000000000,13.71,1009.74,100.0,3.7,0.0,0.0,0
2021-08-20 21:52:32.483000+00:00,70B3D5499C9F22F1,Droplet #6,Droplet,Rottenraw Burn u/s Elliot Water confluence,56.55722722014659,-2.6604111487841786,055b00018a7727100024000000000000,13.71,1009.83,100.0,3.6,0.0,0.0,0
2021-08-20 22:07:47.209000+00:00,70B3D5499C9F22F1,Droplet #6,Droplet,Rottenraw Burn u/s Elliot Water confluence,56.55722722014659,-2.6604111487841786,056800018a8a27100025000000000000,13.84,1010.02,100.0,3.7,0.0,0.0,0
2021-08-20 22:53:33.840000+00:00,70B3D5499C9F22F1,Droplet #6,Droplet,Rottenraw Burn u/s Elliot Water confluence,56.55722722014659,-2.6604111487841786,056d00018a5a27100025000000000000,13.89,1009.54,100.0,3.7,0.0,0.0,0
2021-08-20 23:08:49.415000+00:00,70B3D5499C9F22F1,Droplet #6,Droplet,Rottenraw Burn u/s Elliot Water confluence,56.55722722014659,-2.6604111487841786,056b00018a5227100024000000000000,13.87,1009.46,100.0,3.6,0.0,0.0,0
2021-08-20 23:24:04.332000+00:00,70B3D5499C9F22F1,Droplet #6,Droplet,Rottenraw Burn u/s Elliot Water confluence,56.55722722014659,-2.6604111487841786,057600018a5f27100025000000000000,13.98,1009.59,100.0,3.7,0.0,0.0,0
2021-08-20 23:54:34.157000+00:00,70B3D5499C9F22F1,Droplet #6,Droplet,Rottenraw Burn u/s Elliot Water confluence,56.55722722014659,-2.6604111487841786,057700018a4127100025000000000000,13.99,1009.29,100.0,3.7,0.0,0.0,0
2021-08-21 00:09:48.337000+00:00,70B3D5499C9F22F1,Droplet #6,Droplet,Rottenraw Burn u/s Elliot Water confluence,56.55722722014659,-2.6604111487841786,057900018a5327100024000000000000,14.01,1009.47,100.0,3.6,0.0,0.0,0
2021-08-21 00:40:17.251000+00:00,70B3D5499C9F22F1,Droplet #6,Droplet,Rottenraw Burn u/s Elliot Water confluence,56.55722722014659,-2.6604111487841786,056c00018a4127100024000000000000,13.88,1009.29,100.0,3.6,0.0,0.0,0
2021-08-21 00:55:32.357000+00:00,70B3D5499C9F22F1,Droplet #6,Droplet,Rottenraw Burn u/s Elliot Water confluence,56.55722722014659,-2.6604111487841786,056b00018a2f27100024000000000000,13.87,1009.11,100.0,3.6,0.0,0.0,0
2021-08-21 01:10:48.172000+00:00,70B3D5499C9F22F1,Droplet #6,Droplet,Rottenraw Burn u/s Elliot Water confluence,56.55722722014659,-2.6604111487841786,056900018a2427100024000000000000,13.85,1009.0,100.0,3.6,0.0,0.0,0
2021-08-21 01:41:17.124000+00:00,70B3D5499C9F22F1,Droplet #6,Droplet,Rottenraw Burn u/s Elliot Water confluence,56.55722722014659,-2.6604111487841786,057000018a2427100024000000000000,13.92,1009.0,100.0,3.6,0.0,0.0,0
2021-08-21 01:56:32.483000+00:00,70B3D5499C9F22F1,Droplet #6,Droplet,Rottenraw Burn u/s Elliot Water confluence,56.55722722014659,-2.6604111487841786,057100018a1b27100024000000000000,13.93,1008.91,100.0,3.6,0.0,0.0,0
2021-08-21 02:11:46.554000+00:00,70B3D5499C9F22F1,Droplet #6,Droplet,Rottenraw Burn u/s Elliot Water confluence,56.55722722014659,-2.6604111487841786,056b00018a0927100025000000000000,13.87,1008.73,100.0,3.7,0.0,0.0,0
2021-08-21 02:27:01.308000+00:00,70B3D5499C9F22F1,Droplet #6,Droplet,Rottenraw Burn u/s Elliot Water confluence,56.55722722014659,-2.6604111487841786,056f00018a0b27100025000000000000,13.91,1008.75,100.0,3.7,0.0,0.0,0
2021-08-21 02:42:15.957000+00:00,70B3D5499C9F22F1,Droplet #6,Droplet,Rottenraw Burn u/s Elliot Water confluence,56.55722722014659,-2.6604111487841786,057000018a0427100024000000000000,13.92,1008.68,100.0,3.6,0.0,0.0,0
2021-08-21 03:12:46.438000+00:00,70B3D5499C9F22F1,Droplet #6,Droplet,Rottenraw Burn u/s Elliot Water confluence,56.55722722014659,-2.6604111487841786,056d000189fb27100025000000000000,13.89,1008.59,100.0,3.7,0.0,0.0,0
2021-08-21 03:43:15.883000+00:00,70B3D5499C9F22F1,Droplet #6,Droplet,Rottenraw Burn u/s Elliot Water confluence,56.55722722014659,-2.6604111487841786,0574000189f327100025000000000000,13.96,1008.51,100.0,3.7,0.0,0.0,0
2021-08-21 03:58:30.922000+00:00,70B3D5499C9F22F1,Droplet #6,Droplet,Rottenraw Burn u/s Elliot Water confluence,56.55722722014659,-2.6604111487841786,0575000189dd27100024000000000000,13.97,1008.29,100.0,3.6,0.0,0.0,0
2021-08-21 04:13:46.336000+00:00,70B3D5499C9F22F1,Droplet #6,Droplet,Rottenraw Burn u/s Elliot Water confluence,56.55722722014659,-2.6604111487841786,0579000189f627100024000000000000,14.01,1008.54,100.0,3.6,0.0,0.0,0
2021-08-21 04:29:01.445000+00:00,70B3D5499C9F22F1,Droplet #6,Droplet,Rottenraw Burn u/s Elliot Water confluence,56.55722722014659,-2.6604111487841786,0582000189db27100024000000000000,14.1,1008.27,100.0,3.6,0.0,0.0,0
2021-08-21 04:44:15.323000+00:00,70B3D5499C9F22F1,Droplet #6,Droplet,Rottenraw Burn u/s Elliot Water confluence,56.55722722014659,-2.6604111487841786,0583000189dd27100025000000000000,14.11,1008.29,100.0,3.7,0.0,0.0,0
2021-08-21 04:59:30.574000+00:00,70B3D5499C9F22F1,Droplet #6,Droplet,Rottenraw Burn u/s Elliot Water confluence,56.55722722014659,-2.6604111487841786,057d000189e227100024000000000000,14.05,1008.34,100.0,3.6,0.0,0.0,0
2021-08-21 05:14:45.141000+00:00,70B3D5499C9F22F1,Droplet #6,Droplet,Rottenraw Burn u/s Elliot Water confluence,56.55722722014659,-2.6604111487841786,057a000189da27100025000000000000,14.02,1008.26,100.0,3.7,0.0,0.0,0
2021-08-21 05:45:16.172000+00:00,70B3D5499C9F22F1,Droplet #6,Droplet,Rottenraw Burn u/s Elliot Water confluence,56.55722722014659,-2.6604111487841786,0582000189f827100024000000000000,14.1,1008.56,100.0,3.6,0.0,0.0,0
2021-08-21 06:00:30.620000+00:00,70B3D5499C9F22F1,Droplet #6,Droplet,Rottenraw Burn u/s Elliot Water confluence,56.55722722014659,-2.6604111487841786,0583000189f527100024000000000000,14.11,1008.53,100.0,3.6,0.0,0.0,0
2021-08-21 06:15:47.004000+00:00,70B3D5499C9F22F1,Droplet #6,Droplet,Rottenraw Burn u/s Elliot Water confluence,56.55722722014659,-2.6604111487841786,058e000189f827100025000000000000,14.22,1008.56,100.0,3.7,0.0,0.0,0
2021-08-21 06:31:01.567000+00:00,70B3D5499C9F22F1,Droplet #6,Droplet,Rottenraw Burn u/s Elliot Water confluence,56.55722722014659,-2.6604111487841786,05a1000189fc27100025000000000000,14.41,1008.6,100.0,3.7,0.0,0.0,0
2021-08-21 06:46:16.173000+00:00,70B3D5499C9F22F1,Droplet #6,Droplet,Rottenraw Burn u/s Elliot Water confluence,56.55722722014659,-2.6604111487841786,05b200018a0927100024000000000000,14.58,1008.73,100.0,3.6,0.0,0.0,0
2021-08-21 07:01:31.851000+00:00,70B3D5499C9F22F1,Droplet #6,Droplet,Rottenraw Burn u/s Elliot Water confluence,56.55722722014659,-2.6604111487841786,05c300018a0827100024000000000000,14.75,1008.72,100.0,3.6,0.0,0.0,0
2021-08-21 07:16:47.671000+00:00,70B3D5499C9F22F1,Droplet #6,Droplet,Rottenraw Burn u/s Elliot Water confluence,56.55722722014659,-2.6604111487841786,05cc00018a1027100025000000000000,14.84,1008.8,100.0,3.7,0.0,0.0,0
2021-08-21 07:32:03.058000+00:00,70B3D5499C9F22F1,Droplet #6,Droplet,Rottenraw Burn u/s Elliot Water confluence,56.55722722014659,-2.6604111487841786,05ef00018a2227100025000000000000,15.19,1008.98,100.0,3.7,0.0,0.0,0
2021-08-21 08:17:48.921000+00:00,70B3D5499C9F22F1,Droplet #6,Droplet,Rottenraw Burn u/s Elliot Water confluence,56.55722722014659,-2.6604111487841786,062900018a2c27100024000000000000,15.77,1009.08,100.0,3.6,0.0,0.0,0
2021-08-21 08:33:03.901000+00:00,70B3D5499C9F22F1,Droplet #6,Droplet,Rottenraw Burn u/s Elliot Water confluence,56.55722722014659,-2.6604111487841786,061b00018a2f27100024000000000000,15.63,1009.11,100.0,3.6,0.0,0.0,0
2021-08-21 08:48:19.193000+00:00,70B3D5499C9F22F1,Droplet #6,Droplet,Rottenraw Burn u/s Elliot Water confluence,56.55722722014659,-2.6604111487841786,060c00018a3827100024000000000000,15.48,1009.2,100.0,3.6,0.0,0.0,0
2021-08-21 09:03:34.282000+00:00,70B3D5499C9F22F1,Droplet #6,Droplet,Rottenraw Burn u/s Elliot Water confluence,56.55722722014659,-2.6604111487841786,061300018a2f27100024000000000000,15.55,1009.11,100.0,3.6,0.0,0.0,0
2021-08-21 09:18:49.220000+00:00,70B3D5499C9F22F1,Droplet #6,Droplet,Rottenraw Burn u/s Elliot Water confluence,56.55722722014659,-2.6604111487841786,061500018a3f27100025000000000000,15.57,1009.27,100.0,3.7,0.0,0.0,0
2021-08-21 09:34:04.845000+00:00,70B3D5499C9F22F1,Droplet #6,Droplet,Rottenraw Burn u/s Elliot Water confluence,56.55722722014659,-2.6604111487841786,061200018a4a27100025000000000000,15.54,1009.38,100.0,3.7,0.0,0.0,0
2021-08-21 09:49:20.327000+00:00,70B3D5499C9F22F1,Droplet #6,Droplet,Rottenraw Burn u/s Elliot Water confluence,56.55722722014659,-2.6604111487841786,061500018a4927100024000000000000,15.57,1009.37,100.0,3.6,0.0,0.0,0
2021-08-21 10:04:34.593000+00:00,70B3D5499C9F22F1,Droplet #6,Droplet,Rottenraw Burn u/s Elliot Water confluence,56.55722722014659,-2.6604111487841786,060600018a4627100024000000000000,15.42,1009.34,100.0,3.6,0.0,0.0,0
2021-08-21 10:35:05.731000+00:00,70B3D5499C9F22F1,Droplet #6,Droplet,Rottenraw Burn u/s Elliot Water confluence,56.55722722014659,-2.6604111487841786,060d00018a4b27100024000000000000,15.49,1009.39,100.0,3.6,0.0,0.0,0
2021-08-21 10:50:19.634000+00:00,70B3D5499C9F22F1,Droplet #6,Droplet,Rottenraw Burn u/s Elliot Water confluence,56.55722722014659,-2.6604111487841786,060500018a5727100024000000000000,15.41,1009.51,100.0,3.6,0.0,0.0,0
2021-08-21 11:05:34.214000+00:00,70B3D5499C9F22F1,Droplet #6,Droplet,Rottenraw Burn u/s Elliot Water confluence,56.55722722014659,-2.6604111487841786,060f00018a5d27100025000000000000,15.51,1009.57,100.0,3.7,0.0,0.0,0
2021-08-21 11:20:48.945000+00:00,70B3D5499C9F22F1,Droplet #6,Droplet,Rottenraw Burn u/s Elliot Water confluence,56.55722722014659,-2.6604111487841786,060600018a6127100025000000000000,15.42,1009.61,100.0,3.7,0.0,0.0,0
2021-08-21 11:36:02.115000+00:00,70B3D5499C9F22F1,Droplet #6,Droplet,Rottenraw Burn u/s Elliot Water confluence,56.55722722014659,-2.6604111487841786,05ee00018a5127100024000000000000,15.18,1009.45,100.0,3.6,0.0,0.0,0
2021-08-21 11:51:16.628000+00:00,70B3D5499C9F22F1,Droplet #6,Droplet,Rottenraw Burn u/s Elliot Water confluence,56.55722722014659,-2.6604111487841786,05e800018a5727100024000000000000,15.12,1009.51,100.0,3.6,0.0,0.0,0
2021-08-21 12:06:31.857000+00:00,70B3D5499C9F22F1,Droplet #6,Droplet,Rottenraw Burn u/s Elliot Water confluence,56.55722722014659,-2.6604111487841786,05e300018a6127100025000000000000,15.07,1009.61,100.0,3.7,0.0,0.0,0
2021-08-21 12:21:46.360000+00:00,70B3D5499C9F22F1,Droplet #6,Droplet,Rottenraw Burn u/s Elliot Water confluence,56.55722722014659,-2.6604111487841786,05e900018a4027100025000000000000,15.13,1009.28,100.0,3.7,0.0,0.0,0
2021-08-21 12:37:00.768000+00:00,70B3D5499C9F22F1,Droplet #6,Droplet,Rottenraw Burn u/s Elliot Water confluence,56.55722722014659,-2.6604111487841786,05e300018a5727100025000000000000,15.07,1009.51,100.0,3.7,0.0,0.0,0
2021-08-21 12:52:15.660000+00:00,70B3D5499C9F22F1,Droplet #6,Droplet,Rottenraw Burn u/s Elliot Water confluence,56.55722722014659,-2.6604111487841786,05fc00018a4827100025000000000000,15.32,1009.36,100.0,3.7,0.0,0.0,0
2021-08-21 13:07:31.707000+00:00,70B3D5499C9F22F1,Droplet #6,Droplet,Rottenraw Burn u/s Elliot Water confluence,56.55722722014659,-2.6604111487841786,060f00018a4627100025000000000000,15.51,1009.34,100.0,3.7,0.0,0.0,0
2021-08-21 13:22:46.275000+00:00,70B3D5499C9F22F1,Droplet #6,Droplet,Rottenraw Burn u/s Elliot Water confluence,56.55722722014659,-2.6604111487841786,05fa00018a5027100024000000000000,15.3,1009.44,100.0,3.6,0.0,0.0,0
2021-08-21 13:38:00.899000+00:00,70B3D5499C9F22F1,Droplet #6,Droplet,Rottenraw Burn u/s Elliot Water confluence,56.55722722014659,-2.6604111487841786,05ff00018a3f27100025000000000000,15.35,1009.27,100.0,3.7,0.0,0.0,0
2021-08-21 13:53:14.831000+00:00,70B3D5499C9F22F1,Droplet #6,Droplet,Rottenraw Burn u/s Elliot Water confluence,56.55722722014659,-2.6604111487841786,060b00018a2227100025000000000000,15.47,1008.98,100.0,3.7,0.0,0.0,0
2021-08-21 14:08:30.778000+00:00,70B3D5499C9F22F1,Droplet #6,Droplet,Rottenraw Burn u/s Elliot Water confluence,56.55722722014659,-2.6604111487841786,061c00018a4927100024000000000000,15.64,1009.37,100.0,3.6,0.0,0.0,0
2021-08-21 14:39:01.009000+00:00,70B3D5499C9F22F1,Droplet #6,Droplet,Rottenraw Burn u/s Elliot Water confluence,56.55722722014659,-2.6604111487841786,060500018a4c27100025000000000000,15.41,1009.4,100.0,3.7,0.0,0.0,0
2021-08-21 14:54:17.161000+00:00,70B3D5499C9F22F1,Droplet #6,Droplet,Rottenraw Burn u/s Elliot Water confluence,56.55722722014659,-2.6604111487841786,060a00018a2a27100025000000000000,15.46,1009.06,100.0,3.7,0.0,0.0,0
2021-08-21 15:24:47.546000+00:00,70B3D5499C9F22F1,Droplet #6,Droplet,Rottenraw Burn u/s Elliot Water confluence,56.55722722014659,-2.6604111487841786,05d900018a1a27100024000000000000,14.97,1008.9,100.0,3.6,0.0,0.0,0
2021-08-21 15:40:02.347000+00:00,70B3D5499C9F22F1,Droplet #6,Droplet,Rottenraw Burn u/s Elliot Water confluence,56.55722722014659,-2.6604111487841786,05be00018a2527100025000000000000,14.7,1009.01,100.0,3.7,0.0,0.0,0
2021-08-21 15:55:18.370000+00:00,70B3D5499C9F22F1,Droplet #6,Droplet,Rottenraw Burn u/s Elliot Water confluence,56.55722722014659,-2.6604111487841786,05da00018a3227100024000000000000,14.98,1009.14,100.0,3.6,0.0,0.0,0
2021-08-21 16:10:33.682000+00:00,70B3D5499C9F22F1,Droplet #6,Droplet,Rottenraw Burn u/s Elliot Water confluence,56.55722722014659,-2.6604111487841786,05e200018a3127100024000000000000,15.06,1009.13,100.0,3.6,0.0,0.0,0
2021-08-21 16:25:48.473000+00:00,70B3D5499C9F22F1,Droplet #6,Droplet,Rottenraw Burn u/s Elliot Water confluence,56.55722722014659,-2.6604111487841786,05c400018a2827100025000000000000,14.76,1009.04,100.0,3.7,0.0,0.0,0
2021-08-21 16:41:03.382000+00:00,70B3D5499C9F22F1,Droplet #6,Droplet,Rottenraw Burn u/s Elliot Water confluence,56.55722722014659,-2.6604111487841786,05c400018a3c27100024000000000000,14.76,1009.24,100.0,3.6,0.0,0.0,0
2021-08-21 16:56:17.662000+00:00,70B3D5499C9F22F1,Droplet #6,Droplet,Rottenraw Burn u/s Elliot Water confluence,56.55722722014659,-2.6604111487841786,05b600018a4527100024000000000000,14.62,1009.33,100.0,3.6,0.0,0.0,0
2021-08-21 17:11:32.696000+00:00,70B3D5499C9F22F1,Droplet #6,Droplet,Rottenraw Burn u/s Elliot Water confluence,56.55722722014659,-2.6604111487841786,05ae00018a5b27100025000000000000,14.54,1009.55,100.0,3.7,0.0,0.0,0
2021-08-21 17:26:47.924000+00:00,70B3D5499C9F22F1,Droplet #6,Droplet,Rottenraw Burn u/s Elliot Water confluence,56.55722722014659,-2.6604111487841786,05a800018a4927100024000000000000,14.48,1009.37,100.0,3.6,0.0,0.0,0
2021-08-21 17:42:02.307000+00:00,70B3D5499C9F22F1,Droplet #6,Droplet,Rottenraw Burn u/s Elliot Water confluence,56.55722722014659,-2.6604111487841786,05b100018a6d27100024000000000000,14.57,1009.73,100.0,3.6,0.0,0.0,0
2021-08-21 17:57:16.438000+00:00,70B3D5499C9F22F1,Droplet #6,Droplet,Rottenraw Burn u/s Elliot Water confluence,56.55722722014659,-2.6604111487841786,05ad00018a3627100024000000000000,14.53,1009.18,100.0,3.6,0.0,0.0,0
2021-08-21 18:12:32.068000+00:00,70B3D5499C9F22F1,Droplet #6,Droplet,Rottenraw Burn u/s Elliot Water confluence,56.55722722014659,-2.6604111487841786,05b500018a2d27100024000000000000,14.61,1009.09,100.0,3.6,0.0,0.0,0
2021-08-21 18:27:47.514000+00:00,70B3D5499C9F22F1,Droplet #6,Droplet,Rottenraw Burn u/s Elliot Water confluence,56.55722722014659,-2.6604111487841786,05af00018a3f27100024000000000000,14.55,1009.27,100.0,3.6,0.0,0.0,0
2021-08-21 18:43:02.341000+00:00,70B3D5499C9F22F1,Droplet #6,Droplet,Rottenraw Burn u/s Elliot Water confluence,56.55722722014659,-2.6604111487841786,05aa00018a6227100025000000000000,14.5,1009.62,100.0,3.7,0.0,0.0,0
2021-08-21 18:58:17.246000+00:00,70B3D5499C9F22F1,Droplet #6,Droplet,Rottenraw Burn u/s Elliot Water confluence,56.55722722014659,-2.6604111487841786,05aa00018a5427100024000000000000,14.5,1009.48,100.0,3.6,0.0,0.0,0
2021-08-21 19:13:31.622000+00:00,70B3D5499C9F22F1,Droplet #6,Droplet,Rottenraw Burn u/s Elliot Water confluence,56.55722722014659,-2.6604111487841786,05a100018a5827100025000000000000,14.41,1009.52,100.0,3.7,0.0,0.0,0
2021-08-21 19:28:45.460000+00:00,70B3D5499C9F22F1,Droplet #6,Droplet,Rottenraw Burn u/s Elliot Water confluence,56.55722722014659,-2.6604111487841786,059700018a7927100025000000000000,14.31,1009.85,100.0,3.7,0.0,0.0,0
2021-08-21 19:44:00.355000+00:00,70B3D5499C9F22F1,Droplet #6,Droplet,Rottenraw Burn u/s Elliot Water confluence,56.55722722014659,-2.6604111487841786,059900018a9227100024000000000000,14.33,1010.1,100.0,3.6,0.0,0.0,0
2021-08-21 19:59:15.060000+00:00,70B3D5499C9F22F1,Droplet #6,Droplet,Rottenraw Burn u/s Elliot Water confluence,56.55722722014659,-2.6604111487841786,059500018a9227100024000000000000,14.29,1010.1,100.0,3.6,0.0,0.0,0
2021-08-21 20:14:30.496000+00:00,70B3D5499C9F22F1,Droplet #6,Droplet,Rottenraw Burn u/s Elliot Water confluence,56.55722722014659,-2.6604111487841786,058c00018a9a27100025000000000000,14.2,1010.18,100.0,3.7,0.0,0.0,0
2021-08-21 20:29:45.530000+00:00,70B3D5499C9F22F1,Droplet #6,Droplet,Rottenraw Burn u/s Elliot Water confluence,56.55722722014659,-2.6604111487841786,058b00018aa227100025000000000000,14.19,1010.26,100.0,3.7,0.0,0.0,0
2021-08-21 20:45:01.289000+00:00,70B3D5499C9F22F1,Droplet #6,Droplet,Rottenraw Burn u/s Elliot Water confluence,56.55722722014659,-2.6604111487841786,059500018aa227100024000000000000,14.29,1010.26,100.0,3.6,0.0,0.0,0
2021-08-21 21:00:16.107000+00:00,70B3D5499C9F22F1,Droplet #6,Droplet,Rottenraw Burn u/s Elliot Water confluence,56.55722722014659,-2.6604111487841786,059a00018aae27100025000000000000,14.34,1010.38,100.0,3.7,0.0,0.0,0
2021-08-21 21:15:31.178000+00:00,70B3D5499C9F22F1,Droplet #6,Droplet,Rottenraw Burn u/s Elliot Water confluence,56.55722722014659,-2.6604111487841786,059e00018ab327100024000000000000,14.38,1010.43,100.0,3.6,0.0,0.0,0
2021-08-21 21:30:46.174000+00:00,70B3D5499C9F22F1,Droplet #6,Droplet,Rottenraw Burn u/s Elliot Water confluence,56.55722722014659,-2.6604111487841786,05a500018ab327100024000000000000,14.45,1010.43,100.0,3.6,0.0,0.0,0
2021-08-21 21:46:01.132000+00:00,70B3D5499C9F22F1,Droplet #6,Droplet,Rottenraw Burn u/s Elliot Water confluence,56.55722722014659,-2.6604111487841786,05aa00018aa927100024000000000000,14.5,1010.33,100.0,3.6,0.0,0.0,0
2021-08-21 22:01:16.338000+00:00,70B3D5499C9F22F1,Droplet #6,Droplet,Rottenraw Burn u/s Elliot Water confluence,56.55722722014659,-2.6604111487841786,05a900018aa527100024000000000000,14.49,1010.29,100.0,3.6,0.0,0.0,0
2021-08-21 22:16:31.178000+00:00,70B3D5499C9F22F1,Droplet #6,Droplet,Rottenraw Burn u/s Elliot Water confluence,56.55722722014659,-2.6604111487841786,05ac00018aa427100024000000000000,14.52,1010.28,100.0,3.6,0.0,0.0,0
2021-08-21 22:47:01.069000+00:00,70B3D5499C9F22F1,Droplet #6,Droplet,Rottenraw Burn u/s Elliot Water confluence,56.55722722014659,-2.6604111487841786,05a900018aba27100024000000000000,14.49,1010.5,100.0,3.6,0.0,0.0,0
2021-08-21 23:02:15.769000+00:00,70B3D5499C9F22F1,Droplet #6,Droplet,Rottenraw Burn u/s Elliot Water confluence,56.55722722014659,-2.6604111487841786,05a800018ab827100025000000000000,14.48,1010.48,100.0,3.7,0.0,0.0,0
2021-08-21 23:17:30.656000+00:00,70B3D5499C9F22F1,Droplet #6,Droplet,Rottenraw Burn u/s Elliot Water confluence,56.55722722014659,-2.6604111487841786,05a700018ab927100025000000000000,14.47,1010.49,100.0,3.7,0.0,0.0,0
2021-08-21 23:32:45.541000+00:00,70B3D5499C9F22F1,Droplet #6,Droplet,Rottenraw Burn u/s Elliot Water confluence,56.55722722014659,-2.6604111487841786,05a300018ab627100024000000000000,14.43,1010.46,100.0,3.6,0.0,0.0,0
2021-08-21 23:48:00.524000+00:00,70B3D5499C9F22F1,Droplet #6,Droplet,Rottenraw Burn u/s Elliot Water confluence,56.55722722014659,-2.6604111487841786,05a400018ac427100024000000000000,14.44,1010.6,100.0,3.6,0.0,0.0,0
2021-08-22 00:03:15.942000+00:00,70B3D5499C9F22F1,Droplet #6,Droplet,Rottenraw Burn u/s Elliot Water confluence,56.55722722014659,-2.6604111487841786,05a600018ac727100025000000000000,14.46,1010.63,100.0,3.7,0.0,0.0,0
2021-08-22 00:18:30.507000+00:00,70B3D5499C9F22F1,Droplet #6,Droplet,Rottenraw Burn u/s Elliot Water confluence,56.55722722014659,-2.6604111487841786,05a300018ac227100025000000000000,14.43,1010.58,100.0,3.7,0.0,0.0,0
2021-08-22 00:33:45.656000+00:00,70B3D5499C9F22F1,Droplet #6,Droplet,Rottenraw Burn u/s Elliot Water confluence,56.55722722014659,-2.6604111487841786,059c00018ac927100025000000000000,14.36,1010.65,100.0,3.7,0.0,0.0,0
2021-08-22 00:48:59.650000+00:00,70B3D5499C9F22F1,Droplet #6,Droplet,Rottenraw Burn u/s Elliot Water confluence,56.55722722014659,-2.6604111487841786,05a000018abb27100025000000000000,14.4,1010.51,100.0,3.7,0.0,0.0,0
2021-08-22 01:04:14.630000+00:00,70B3D5499C9F22F1,Droplet #6,Droplet,Rottenraw Burn u/s Elliot Water confluence,56.55722722014659,-2.6604111487841786,05a000018abe27100025000000000000,14.4,1010.54,100.0,3.7,0.0,0.0,0
2021-08-22 01:19:29.689000+00:00,70B3D5499C9F22F1,Droplet #6,Droplet,Rottenraw Burn u/s Elliot Water confluence,56.55722722014659,-2.6604111487841786,05a100018ad227100025000000000000,14.41,1010.74,100.0,3.7,0.0,0.0,0
2021-08-22 01:49:59.628000+00:00,70B3D5499C9F22F1,Droplet #6,Droplet,Rottenraw Burn u/s Elliot Water confluence,56.55722722014659,-2.6604111487841786,05a100018ae227100025000000000000,14.41,1010.9,100.0,3.7,0.0,0.0,0
2021-08-22 02:05:14.757000+00:00,70B3D5499C9F22F1,Droplet #6,Droplet,Rottenraw Burn u/s Elliot Water confluence,56.55722722014659,-2.6604111487841786,05a400018b0727100024000000000000,14.44,1011.27,100.0,3.6,0.0,0.0,0
2021-08-22 02:20:29.573000+00:00,70B3D5499C9F22F1,Droplet #6,Droplet,Rottenraw Burn u/s Elliot Water confluence,56.55722722014659,-2.6604111487841786,059f00018b1c27100025000000000000,14.39,1011.48,100.0,3.7,0.0,0.0,0
2021-08-22 02:35:44.819000+00:00,70B3D5499C9F22F1,Droplet #6,Droplet,Rottenraw Burn u/s Elliot Water confluence,56.55722722014659,-2.6604111487841786,05a400018b2a27100025000000000000,14.44,1011.62,100.0,3.7,0.0,0.0,0
2021-08-22 02:51:00.406000+00:00,70B3D5499C9F22F1,Droplet #6,Droplet,Rottenraw Burn u/s Elliot Water confluence,56.55722722014659,-2.6604111487841786,05a400018b2027100024000000000000,14.44,1011.52,100.0,3.6,0.0,0.0,0
2021-08-22 03:06:15.780000+00:00,70B3D5499C9F22F1,Droplet #6,Droplet,Rottenraw Burn u/s Elliot Water confluence,56.55722722014659,-2.6604111487841786,05a100018b1c27100025000000000000,14.41,1011.48,100.0,3.7,0.0,0.0,0
2021-08-22 03:21:30.117000+00:00,70B3D5499C9F22F1,Droplet #6,Droplet,Rottenraw Burn u/s Elliot Water confluence,56.55722722014659,-2.6604111487841786,059f00018b2427100024000000000000,14.39,1011.56,100.0,3.6,0.0,0.0,0
2021-08-22 03:36:43.771000+00:00,70B3D5499C9F22F1,Droplet #6,Droplet,Rottenraw Burn u/s Elliot Water confluence,56.55722722014659,-2.6604111487841786,059900018b2c27100025000000000000,14.33,1011.64,100.0,3.7,0.0,0.0,0
2021-08-22 03:51:59.077000+00:00,70B3D5499C9F22F1,Droplet #6,Droplet,Rottenraw Burn u/s Elliot Water confluence,56.55722722014659,-2.6604111487841786,059d00018b4127100025000000000000,14.37,1011.85,100.0,3.7,0.0,0.0,0
2021-08-22 04:07:14.120000+00:00,70B3D5499C9F22F1,Droplet #6,Droplet,Rottenraw Burn u/s Elliot Water confluence,56.55722722014659,-2.6604111487841786,059a00018b3e27100024000000000000,14.34,1011.82,100.0,3.6,0.0,0.0,0
2021-08-22 04:22:28.758000+00:00,70B3D5499C9F22F1,Droplet #6,Droplet,Rottenraw Burn u/s Elliot Water confluence,56.55722722014659,-2.6604111487841786,059400018b3627100024000000000000,14.28,1011.74,100.0,3.6,0.0,0.0,0
2021-08-22 04:37:44.135000+00:00,70B3D5499C9F22F1,Droplet #6,Droplet,Rottenraw Burn u/s Elliot Water confluence,56.55722722014659,-2.6604111487841786,059400018b4427100024000000000000,14.28,1011.88,100.0,3.6,0.0,0.0,0
2021-08-22 04:52:59.195000+00:00,70B3D5499C9F22F1,Droplet #6,Droplet,Rottenraw Burn u/s Elliot Water confluence,56.55722722014659,-2.6604111487841786,059800018b5327100025000000000000,14.32,1012.03,100.0,3.7,0.0,0.0,0
2021-08-22 05:08:13.835000+00:00,70B3D5499C9F22F1,Droplet #6,Droplet,Rottenraw Burn u/s Elliot Water confluence,56.55722722014659,-2.6604111487841786,059600018b7727100024000000000000,14.3,1012.39,100.0,3.6,0.0,0.0,0
2021-08-22 05:38:44.043000+00:00,70B3D5499C9F22F1,Droplet #6,Droplet,Rottenraw Burn u/s Elliot Water confluence,56.55722722014659,-2.6604111487841786,059200018b8527100024000000000000,14.26,1012.53,100.0,3.6,0.0,0.0,0
2021-08-22 05:53:57.839000+00:00,70B3D5499C9F22F1,Droplet #6,Droplet,Rottenraw Burn u/s Elliot Water confluence,56.55722722014659,-2.6604111487841786,059900018b8d27100024000000000000,14.33,1012.61,100.0,3.6,0.0,0.0,0
2021-08-22 06:09:12.364000+00:00,70B3D5499C9F22F1,Droplet #6,Droplet,Rottenraw Burn u/s Elliot Water confluence,56.55722722014659,-2.6604111487841786,059b00018bbb27100025000000000000,14.35,1013.07,100.0,3.7,0.0,0.0,0
2021-08-22 06:24:27.576000+00:00,70B3D5499C9F22F1,Droplet #6,Droplet,Rottenraw Burn u/s Elliot Water confluence,56.55722722014659,-2.6604111487841786,059a00018bcb27100024000000000000,14.34,1013.23,100.0,3.6,0.0,0.0,0
2021-08-22 06:39:41.263000+00:00,70B3D5499C9F22F1,Droplet #6,Droplet,Rottenraw Burn u/s Elliot Water confluence,56.55722722014659,-2.6604111487841786,05a100018bc827100024000000000000,14.41,1013.2,100.0,3.6,0.0,0.0,0
2021-08-22 06:54:55.557000+00:00,70B3D5499C9F22F1,Droplet #6,Droplet,Rottenraw Burn u/s Elliot Water confluence,56.55722722014659,-2.6604111487841786,05a900018bf027100024000000000000,14.49,1013.6,100.0,3.6,0.0,0.0,0
2021-08-22 07:10:11.113000+00:00,70B3D5499C9F22F1,Droplet #6,Droplet,Rottenraw Burn u/s Elliot Water confluence,56.55722722014659,-2.6604111487841786,05b900018bf827100024000000000000,14.65,1013.68,100.0,3.6,0.0,0.0,0
2021-08-22 07:25:25.556000+00:00,70B3D5499C9F22F1,Droplet #6,Droplet,Rottenraw Burn u/s Elliot Water confluence,56.55722722014659,-2.6604111487841786,05c400018bfe27100025000000000000,14.76,1013.74,100.0,3.7,0.0,0.0,0
2021-08-22 07:40:40.323000+00:00,70B3D5499C9F22F1,Droplet #6,Droplet,Rottenraw Burn u/s Elliot Water confluence,56.55722722014659,-2.6604111487841786,05d000018c0727100024000000000000,14.88,1013.83,100.0,3.6,0.0,0.0,0
2021-08-22 08:26:24.727000+00:00,70B3D5499C9F22F1,Droplet #6,Droplet,Rottenraw Burn u/s Elliot Water confluence,56.55722722014659,-2.6604111487841786,05ed00018c5527100025000000000000,15.17,1014.61,100.0,3.7,0.0,0.0,0
2021-08-22 08:41:38.658000+00:00,70B3D5499C9F22F1,Droplet #6,Droplet,Rottenraw Burn u/s Elliot Water confluence,56.55722722014659,-2.6604111487841786,05f400018c6c27100024000000000000,15.24,1014.84,100.0,3.6,0.0,0.0,0
2021-08-22 08:56:54.371000+00:00,70B3D5499C9F22F1,Droplet #6,Droplet,Rottenraw Burn u/s Elliot Water confluence,56.55722722014659,-2.6604111487841786,063b00018c8327100025000000000000,15.95,1015.07,100.0,3.7,0.0,0.0,0
2021-08-22 09:12:12.651000+00:00,70B3D5499C9F22F1,Droplet #6,Droplet,Rottenraw Burn u/s Elliot Water confluence,56.55722722014659,-2.6604111487841786,06c100018c8527100024000000000000,17.29,1015.09,100.0,3.6,0.0,0.0,0
2021-08-22 09:27:26.580000+00:00,70B3D5499C9F22F1,Droplet #6,Droplet,Rottenraw Burn u/s Elliot Water confluence,56.55722722014659,-2.6604111487841786,068a00018ca727100025000000000000,16.74,1015.43,100.0,3.7,0.0,0.0,0
2021-08-22 09:42:41.729000+00:00,70B3D5499C9F22F1,Droplet #6,Droplet,Rottenraw Burn u/s Elliot Water confluence,56.55722722014659,-2.6604111487841786,067200018cad27100024000000000000,16.5,1015.49,100.0,3.6,0.0,0.0,0
2021-08-22 09:57:57.490000+00:00,70B3D5499C9F22F1,Droplet #6,Droplet,Rottenraw Burn u/s Elliot Water confluence,56.55722722014659,-2.6604111487841786,066b00018cb727100025000000000000,16.43,1015.59,100.0,3.7,0.0,0.0,0
2021-08-22 10:13:11.445000+00:00,70B3D5499C9F22F1,Droplet #6,Droplet,Rottenraw Burn u/s Elliot Water confluence,56.55722722014659,-2.6604111487841786,066800018cc327100024000000000000,16.4,1015.71,100.0,3.6,0.0,0.0,0
2021-08-22 10:28:25.728000+00:00,70B3D5499C9F22F1,Droplet #6,Droplet,Rottenraw Burn u/s Elliot Water confluence,56.55722722014659,-2.6604111487841786,063700018cd227100025000000000000,15.91,1015.86,100.0,3.7,0.0,0.0,0
2021-08-22 10:43:40.256000+00:00,70B3D5499C9F22F1,Droplet #6,Droplet,Rottenraw Burn u/s Elliot Water confluence,56.55722722014659,-2.6604111487841786,062900018cf127100024000000000000,15.77,1016.17,100.0,3.6,0.0,0.0,0
2021-08-22 11:44:42.869000+00:00,70B3D5499C9F22F1,Droplet #6,Droplet,Rottenraw Burn u/s Elliot Water confluence,56.55722722014659,-2.6604111487841786,06ef00018d1627100025000000000000,17.75,1016.54,100.0,3.7,0.0,0.0,0
2021-08-22 11:59:57.287000+00:00,70B3D5499C9F22F1,Droplet #6,Droplet,Rottenraw Burn u/s Elliot Water confluence,56.55722722014659,-2.6604111487841786,06d400018d2527100026000000000000,17.48,1016.69,100.0,3.8,0.0,0.0,0
2021-08-22 12:15:13.872000+00:00,70B3D5499C9F22F1,Droplet #6,Droplet,Rottenraw Burn u/s Elliot Water confluence,56.55722722014659,-2.6604111487841786,073e00018d3427100025000000000000,18.54,1016.84,100.0,3.7,0.0,0.0,0
2021-08-22 12:30:29.714000+00:00,70B3D5499C9F22F1,Droplet #6,Droplet,Rottenraw Burn u/s Elliot Water confluence,56.55722722014659,-2.6604111487841786,077200018d3227100024000000000000,19.06,1016.82,100.0,3.6,0.0,0.0,0
2021-08-22 13:00:58.431000+00:00,70B3D5499C9F22F1,Droplet #6,Droplet,Rottenraw Burn u/s Elliot Water confluence,56.55722722014659,-2.6604111487841786,075700018d4a27100024000000000000,18.79,1017.06,100.0,3.6,0.0,0.0,0
2021-08-22 13:16:12.731000+00:00,70B3D5499C9F22F1,Droplet #6,Droplet,Rottenraw Burn u/s Elliot Water confluence,56.55722722014659,-2.6604111487841786,073300018d5827100025000000000000,18.43,1017.2,100.0,3.7,0.0,0.0,0
2021-08-22 13:31:27.130000+00:00,70B3D5499C9F22F1,Droplet #6,Droplet,Rottenraw Burn u/s Elliot Water confluence,56.55722722014659,-2.6604111487841786,070800018d6627100026000000000000,18.0,1017.34,100.0,3.8,0.0,0.0,0
2021-08-22 13:46:42.491000+00:00,70B3D5499C9F22F1,Droplet #6,Droplet,Rottenraw Burn u/s Elliot Water confluence,56.55722722014659,-2.6604111487841786,075a00018d6f27100025000000000000,18.82,1017.43,100.0,3.7,0.0,0.0,0
2021-08-22 14:01:58.015000+00:00,70B3D5499C9F22F1,Droplet #6,Droplet,Rottenraw Burn u/s Elliot Water confluence,56.55722722014659,-2.6604111487841786,076100018d7f27100026000000000000,18.89,1017.59,100.0,3.8,0.0,0.0,0
2021-08-22 14:17:12.954000+00:00,70B3D5499C9F22F1,Droplet #6,Droplet,Rottenraw Burn u/s Elliot Water confluence,56.55722722014659,-2.6604111487841786,074800018d8827100025000000000000,18.64,1017.68,100.0,3.7,0.0,0.0,0
2021-08-22 14:32:26.732000+00:00,70B3D5499C9F22F1,Droplet #6,Droplet,Rottenraw Burn u/s Elliot Water confluence,56.55722722014659,-2.6604111487841786,073a00018d9427100026000000000000,18.5,1017.8,100.0,3.8,0.0,0.0,0
2021-08-22 14:47:40.346000+00:00,70B3D5499C9F22F1,Droplet #6,Droplet,Rottenraw Burn u/s Elliot Water confluence,56.55722722014659,-2.6604111487841786,072f00018d9927100025000000000000,18.39,1017.85,100.0,3.7,0.0,0.0,0
2021-08-22 15:02:54.712000+00:00,70B3D5499C9F22F1,Droplet #6,Droplet,Rottenraw Burn u/s Elliot Water confluence,56.55722722014659,-2.6604111487841786,074c00018dbe27100026000000000000,18.68,1018.22,100.0,3.8,0.0,0.0,0
2021-08-22 15:18:09.631000+00:00,70B3D5499C9F22F1,Droplet #6,Droplet,Rottenraw Burn u/s Elliot Water confluence,56.55722722014659,-2.6604111487841786,070200018dc227100026000000000000,17.94,1018.26,100.0,3.8,0.0,0.0,0
2021-08-22 15:33:25.300000+00:00,70B3D5499C9F22F1,Droplet #6,Droplet,Rottenraw Burn u/s Elliot Water confluence,56.55722722014659,-2.6604111487841786,06f800018dcc27100026000000000000,17.84,1018.36,100.0,3.8,0.0,0.0,0
2021-08-22 15:48:40.752000+00:00,70B3D5499C9F22F1,Droplet #6,Droplet,Rottenraw Burn u/s Elliot Water confluence,56.55722722014659,-2.6604111487841786,06dc00018de027100025000000000000,17.56,1018.56,100.0,3.7,0.0,0.0,0
2021-08-22 16:03:55.085000+00:00,70B3D5499C9F22F1,Droplet #6,Droplet,Rottenraw Burn u/s Elliot Water confluence,56.55722722014659,-2.6604111487841786,069f00018ddf27100026000000000000,16.95,1018.55,100.0,3.8,0.0,0.0,0
2021-08-22 16:19:09.806000+00:00,70B3D5499C9F22F1,Droplet #6,Droplet,Rottenraw Burn u/s Elliot Water confluence,56.55722722014659,-2.6604111487841786,067900018df927100025000000000000,16.57,1018.81,100.0,3.7,0.0,0.0,0
2021-08-22 16:34:24.330000+00:00,70B3D5499C9F22F1,Droplet #6,Droplet,Rottenraw Burn u/s Elliot Water confluence,56.55722722014659,-2.6604111487841786,067900018e0927100025000000000000,16.57,1018.97,100.0,3.7,0.0,0.0,0
2021-08-22 16:49:39.728000+00:00,70B3D5499C9F22F1,Droplet #6,Droplet,Rottenraw Burn u/s Elliot Water confluence,56.55722722014659,-2.6604111487841786,066300018e1127100026000000000000,16.35,1019.05,100.0,3.8,0.0,0.0,0
2021-08-22 17:04:55.092000+00:00,70B3D5499C9F22F1,Droplet #6,Droplet,Rottenraw Burn u/s Elliot Water confluence,56.55722722014659,-2.6604111487841786,064300018e2127100025000000000000,16.03,1019.21,100.0,3.7,0.0,0.0,0
2021-08-22 17:35:25.886000+00:00,70B3D5499C9F22F1,Droplet #6,Droplet,Rottenraw Burn u/s Elliot Water confluence,56.55722722014659,-2.6604111487841786,065200018e1927100026000000000000,16.18,1019.13,100.0,3.8,0.0,0.0,0
2021-08-22 17:50:40.741000+00:00,70B3D5499C9F22F1,Droplet #6,Droplet,Rottenraw Burn u/s Elliot Water confluence,56.55722722014659,-2.6604111487841786,065f00018e2a27100025000000000000,16.31,1019.3,100.0,3.7,0.0,0.0,0
2021-08-22 18:21:11.234000+00:00,70B3D5499C9F22F1,Droplet #6,Droplet,Rottenraw Burn u/s Elliot Water confluence,56.55722722014659,-2.6604111487841786,05ff00018e5027100026000000000000,15.35,1019.68,100.0,3.8,0.0,0.0,0
2021-08-22 18:51:41.017000+00:00,70B3D5499C9F22F1,Droplet #6,Droplet,Rottenraw Burn u/s Elliot Water confluence,56.55722722014659,-2.6604111487841786,05c600018e7127100025000000000000,14.78,1020.01,100.0,3.7,0.0,0.0,0
2021-08-22 19:06:55.269000+00:00,70B3D5499C9F22F1,Droplet #6,Droplet,Rottenraw Burn u/s Elliot Water confluence,56.55722722014659,-2.6604111487841786,05c700018e8727100025000000000000,14.79,1020.23,100.0,3.7,0.0,0.0,0
2021-08-22 19:22:09.165000+00:00,70B3D5499C9F22F1,Droplet #6,Droplet,Rottenraw Burn u/s Elliot Water confluence,56.55722722014659,-2.6604111487841786,05b400018ea027100025000000000000,14.6,1020.48,100.0,3.7,0.0,0.0,0
2021-08-22 19:37:23.927000+00:00,70B3D5499C9F22F1,Droplet #6,Droplet,Rottenraw Burn u/s Elliot Water confluence,56.55722722014659,-2.6604111487841786,059800018ebc27100025000000000000,14.32,1020.76,100.0,3.7,0.0,0.0,0
2021-08-22 19:52:39.324000+00:00,70B3D5499C9F22F1,Droplet #6,Droplet,Rottenraw Burn u/s Elliot Water confluence,56.55722722014659,-2.6604111487841786,059f00018ed527100025000000000000,14.39,1021.01,100.0,3.7,0.0,0.0,0
2021-08-22 20:23:11.169000+00:00,70B3D5499C9F22F1,Droplet #6,Droplet,Rottenraw Burn u/s Elliot Water confluence,56.55722722014659,-2.6604111487841786,058400018ef727100025000000000000,14.12,1021.35,100.0,3.7,0.0,0.0,0
2021-08-22 20:38:26.413000+00:00,70B3D5499C9F22F1,Droplet #6,Droplet,Rottenraw Burn u/s Elliot Water confluence,56.55722722014659,-2.6604111487841786,058d00018f1927100026000000000000,14.21,1021.69,100.0,3.8,0.0,0.0,0
2021-08-22 20:53:41.821000+00:00,70B3D5499C9F22F1,Droplet #6,Droplet,Rottenraw Burn u/s Elliot Water confluence,56.55722722014659,-2.6604111487841786,058f00018f1827100025000000000000,14.23,1021.68,100.0,3.7,0.0,0.0,0
2021-08-22 21:08:57.463000+00:00,70B3D5499C9F22F1,Droplet #6,Droplet,Rottenraw Burn u/s Elliot Water confluence,56.55722722014659,-2.6604111487841786,059e00018f2527100025000000000000,14.38,1021.81,100.0,3.7,0.0,0.0,0
2021-08-22 21:24:12.395000+00:00,70B3D5499C9F22F1,Droplet #6,Droplet,Rottenraw Burn u/s Elliot Water confluence,56.55722722014659,-2.6604111487841786,05a500018f2a27100025000000000000,14.45,1021.86,100.0,3.7,0.0,0.0,0
2021-08-22 21:39:27.547000+00:00,70B3D5499C9F22F1,Droplet #6,Droplet,Rottenraw Burn u/s Elliot Water confluence,56.55722722014659,-2.6604111487841786,05a700018f2227100025000000000000,14.47,1021.78,100.0,3.7,0.0,0.0,0
2021-08-22 21:54:43.282000+00:00,70B3D5499C9F22F1,Droplet #6,Droplet,Rottenraw Burn u/s Elliot Water confluence,56.55722722014659,-2.6604111487841786,05a000018f3c27100026000000000000,14.4,1022.04,100.0,3.8,0.0,0.0,0
2021-08-22 22:09:57.968000+00:00,70B3D5499C9F22F1,Droplet #6,Droplet,Rottenraw Burn u/s Elliot Water confluence,56.55722722014659,-2.6604111487841786,05a200018f2f27100026000000000000,14.42,1021.91,100.0,3.8,0.0,0.0,0
2021-08-22 22:25:13.210000+00:00,70B3D5499C9F22F1,Droplet #6,Droplet,Rottenraw Burn u/s Elliot Water confluence,56.55722722014659,-2.6604111487841786,05a300018f4227100025000000000000,14.43,1022.1,100.0,3.7,0.0,0.0,0
2021-08-22 22:55:44.763000+00:00,70B3D5499C9F22F1,Droplet #6,Droplet,Rottenraw Burn u/s Elliot Water confluence,56.55722722014659,-2.6604111487841786,059a00018f5f27100026000000000000,14.34,1022.39,100.0,3.8,0.0,0.0,0
2021-08-22 23:26:12.861000+00:00,70B3D5499C9F22F1,Droplet #6,Droplet,Rottenraw Burn u/s Elliot Water confluence,56.55722722014659,-2.6604111487841786,057000018f7c27100025000000000000,13.92,1022.68,100.0,3.7,0.0,0.0,0
2021-08-22 23:41:28.078000+00:00,70B3D5499C9F22F1,Droplet #6,Droplet,Rottenraw Burn u/s Elliot Water confluence,56.55722722014659,-2.6604111487841786,056b00018f9727100025000000000000,13.87,1022.95,100.0,3.7,0.0,0.0,0
2021-08-22 23:56:43.080000+00:00,70B3D5499C9F22F1,Droplet #6,Droplet,Rottenraw Burn u/s Elliot Water confluence,56.55722722014659,-2.6604111487841786,055200018fba27100025000000000000,13.62,1023.3,100.0,3.7,0.0,0.0,0
2021-08-23 00:11:57.627000+00:00,70B3D5499C9F22F1,Droplet #6,Droplet,Rottenraw Burn u/s Elliot Water confluence,56.55722722014659,-2.6604111487841786,054400018fad27100025000000000000,13.48,1023.17,100.0,3.7,0.0,0.0,0
2021-08-23 00:27:12.575000+00:00,70B3D5499C9F22F1,Droplet #6,Droplet,Rottenraw Burn u/s Elliot Water confluence,56.55722722014659,-2.6604111487841786,055800018faf27100026000000000000,13.68,1023.19,100.0,3.8,0.0,0.0,0
2021-08-23 00:42:28.544000+00:00,70B3D5499C9F22F1,Droplet #6,Droplet,Rottenraw Burn u/s Elliot Water confluence,56.55722722014659,-2.6604111487841786,056a00018fa927100025000000000000,13.86,1023.13,100.0,3.7,0.0,0.0,0
2021-08-23 00:57:44.172000+00:00,70B3D5499C9F22F1,Droplet #6,Droplet,Rottenraw Burn u/s Elliot Water confluence,56.55722722014659,-2.6604111487841786,057700018f9e27100026000000000000,13.99,1023.02,100.0,3.8,0.0,0.0,0
2021-08-23 01:12:59.833000+00:00,70B3D5499C9F22F1,Droplet #6,Droplet,Rottenraw Burn u/s Elliot Water confluence,56.55722722014659,-2.6604111487841786,057800018fa827100026000000000000,14.0,1023.12,100.0,3.8,0.0,0.0,0
2021-08-23 01:28:14.577000+00:00,70B3D5499C9F22F1,Droplet #6,Droplet,Rottenraw Burn u/s Elliot Water confluence,56.55722722014659,-2.6604111487841786,057e00018fba27100024000000000000,14.06,1023.3,100.0,3.6,0.0,0.0,0
2021-08-23 01:43:29.477000+00:00,70B3D5499C9F22F1,Droplet #6,Droplet,Rottenraw Burn u/s Elliot Water confluence,56.55722722014659,-2.6604111487841786,058000018fa827100025000000000000,14.08,1023.12,100.0,3.7,0.0,0.0,0
2021-08-23 01:58:44.389000+00:00,70B3D5499C9F22F1,Droplet #6,Droplet,Rottenraw Burn u/s Elliot Water confluence,56.55722722014659,-2.6604111487841786,058300018fb827100026000000000000,14.11,1023.28,100.0,3.8,0.0,0.0,0
2021-08-23 02:14:00.180000+00:00,70B3D5499C9F22F1,Droplet #6,Droplet,Rottenraw Burn u/s Elliot Water confluence,56.55722722014659,-2.6604111487841786,058500018fc927100025000000000000,14.13,1023.45,100.0,3.7,0.0,0.0,0
2021-08-23 02:29:14.480000+00:00,70B3D5499C9F22F1,Droplet #6,Droplet,Rottenraw Burn u/s Elliot Water confluence,56.55722722014659,-2.6604111487841786,058400018fd227100026000000000000,14.12,1023.54,100.0,3.8,0.0,0.0,0
2021-08-23 02:59:44.373000+00:00,70B3D5499C9F22F1,Droplet #6,Droplet,Rottenraw Burn u/s Elliot Water confluence,56.55722722014659,-2.6604111487841786,057800018feb27100024000000000000,14.0,1023.79,100.0,3.6,0.0,0.0,0
2021-08-23 03:30:13.079000+00:00,70B3D5499C9F22F1,Droplet #6,Droplet,Rottenraw Burn u/s Elliot Water confluence,56.55722722014659,-2.6604111487841786,056600018fd127100026000000000000,13.82,1023.53,100.0,3.8,0.0,0.0,0
2021-08-23 04:00:42.323000+00:00,70B3D5499C9F22F1,Droplet #6,Droplet,Rottenraw Burn u/s Elliot Water confluence,56.55722722014659,-2.6604111487841786,055c00018fe027100026000000000000,13.72,1023.68,100.0,3.8,0.0,0.0,0
2021-08-23 04:15:56.669000+00:00,70B3D5499C9F22F1,Droplet #6,Droplet,Rottenraw Burn u/s Elliot Water confluence,56.55722722014659,-2.6604111487841786,055c00018fd527100026000000000000,13.72,1023.57,100.0,3.8,0.0,0.0,0
2021-08-23 04:31:12.122000+00:00,70B3D5499C9F22F1,Droplet #6,Droplet,Rottenraw Burn u/s Elliot Water confluence,56.55722722014659,-2.6604111487841786,055900018fdb27100026000000000000,13.69,1023.63,100.0,3.8,0.0,0.0,0
2021-08-23 04:46:28.014000+00:00,70B3D5499C9F22F1,Droplet #6,Droplet,Rottenraw Burn u/s Elliot Water confluence,56.55722722014659,-2.6604111487841786,055c00018ff527100025000000000000,13.72,1023.89,100.0,3.7,0.0,0.0,0
2021-08-23 05:16:57.881000+00:00,70B3D5499C9F22F1,Droplet #6,Droplet,Rottenraw Burn u/s Elliot Water confluence,56.55722722014659,-2.6604111487841786,055f0001901e27100025000000000000,13.75,1024.3,100.0,3.7,0.0,0.0,0
2021-08-23 05:32:12.552000+00:00,70B3D5499C9F22F1,Droplet #6,Droplet,Rottenraw Burn u/s Elliot Water confluence,56.55722722014659,-2.6604111487841786,05540001903027100024000000000000,13.64,1024.48,100.0,3.6,0.0,0.0,0
2021-08-23 05:47:27.191000+00:00,70B3D5499C9F22F1,Droplet #6,Droplet,Rottenraw Burn u/s Elliot Water confluence,56.55722722014659,-2.6604111487841786,054b0001903e27100025000000000000,13.55,1024.62,100.0,3.7,0.0,0.0,0
2021-08-23 06:02:41.213000+00:00,70B3D5499C9F22F1,Droplet #6,Droplet,Rottenraw Burn u/s Elliot Water confluence,56.55722722014659,-2.6604111487841786,05470001903827100026000000000000,13.51,1024.56,100.0,3.8,0.0,0.0,0
2021-08-23 06:17:56.529000+00:00,70B3D5499C9F22F1,Droplet #6,Droplet,Rottenraw Burn u/s Elliot Water confluence,56.55722722014659,-2.6604111487841786,05570001903d27100025000000000000,13.67,1024.61,100.0,3.7,0.0,0.0,0
2021-08-23 06:33:11.064000+00:00,70B3D5499C9F22F1,Droplet #6,Droplet,Rottenraw Burn u/s Elliot Water confluence,56.55722722014659,-2.6604111487841786,05640001903e27100025000000000000,13.8,1024.62,100.0,3.7,0.0,0.0,0
2021-08-23 06:48:25.706000+00:00,70B3D5499C9F22F1,Droplet #6,Droplet,Rottenraw Burn u/s Elliot Water confluence,56.55722722014659,-2.6604111487841786,05600001906d27100025000000000000,13.76,1025.09,100.0,3.7,0.0,0.0,0
2021-08-23 07:03:41.017000+00:00,70B3D5499C9F22F1,Droplet #6,Droplet,Rottenraw Burn u/s Elliot Water confluence,56.55722722014659,-2.6604111487841786,05600001906d27100024000000000000,13.76,1025.09,100.0,3.6,0.0,0.0,0
2021-08-23 07:18:56.541000+00:00,70B3D5499C9F22F1,Droplet #6,Droplet,Rottenraw Burn u/s Elliot Water confluence,56.55722722014659,-2.6604111487841786,056b0001907327100024000000000000,13.87,1025.15,100.0,3.6,0.0,0.0,0
2021-08-23 07:34:11.757000+00:00,70B3D5499C9F22F1,Droplet #6,Droplet,Rottenraw Burn u/s Elliot Water confluence,56.55722722014659,-2.6604111487841786,057c0001906927100024000000000000,14.04,1025.05,100.0,3.6,0.0,0.0,0
2021-08-23 07:49:27.394000+00:00,70B3D5499C9F22F1,Droplet #6,Droplet,Rottenraw Burn u/s Elliot Water confluence,56.55722722014659,-2.6604111487841786,059f0001907e27100026000000000000,14.39,1025.26,100.0,3.8,0.0,0.0,0
2021-08-23 08:04:44.221000+00:00,70B3D5499C9F22F1,Droplet #6,Droplet,Rottenraw Burn u/s Elliot Water confluence,56.55722722014659,-2.6604111487841786,05e30001908127100025000000000000,15.07,1025.29,100.0,3.7,0.0,0.0,0
2021-08-23 08:20:00.283000+00:00,70B3D5499C9F22F1,Droplet #6,Droplet,Rottenraw Burn u/s Elliot Water confluence,56.55722722014659,-2.6604111487841786,06090001909627100025000000000000,15.45,1025.5,100.0,3.7,0.0,0.0,0
2021-08-23 08:35:14.944000+00:00,70B3D5499C9F22F1,Droplet #6,Droplet,Rottenraw Burn u/s Elliot Water confluence,56.55722722014659,-2.6604111487841786,060a0001909d27100025000000000000,15.46,1025.57,100.0,3.7,0.0,0.0,0
2021-08-23 08:50:29.208000+00:00,70B3D5499C9F22F1,Droplet #6,Droplet,Rottenraw Burn u/s Elliot Water confluence,56.55722722014659,-2.6604111487841786,0617000190ba27100025000000000000,15.59,1025.86,100.0,3.7,0.0,0.0,0
2021-08-23 09:05:43.622000+00:00,70B3D5499C9F22F1,Droplet #6,Droplet,Rottenraw Burn u/s Elliot Water confluence,56.55722722014659,-2.6604111487841786,061c000190b327100025000000000000,15.64,1025.79,100.0,3.7,0.0,0.0,0
2021-08-23 09:20:59.325000+00:00,70B3D5499C9F22F1,Droplet #6,Droplet,Rottenraw Burn u/s Elliot Water confluence,56.55722722014659,-2.6604111487841786,0628000190c827100025000000000000,15.76,1026.0,100.0,3.7,0.0,0.0,0
2021-08-23 09:36:14.183000+00:00,70B3D5499C9F22F1,Droplet #6,Droplet,Rottenraw Burn u/s Elliot Water confluence,56.55722722014659,-2.6604111487841786,0640000190cd27100025000000000000,16.0,1026.05,100.0,3.7,0.0,0.0,0
2021-08-23 09:51:28.444000+00:00,70B3D5499C9F22F1,Droplet #6,Droplet,Rottenraw Burn u/s Elliot Water confluence,56.55722722014659,-2.6604111487841786,064f000190cc27100024000000000000,16.15,1026.04,100.0,3.6,0.0,0.0,0
2021-08-23 10:06:43.725000+00:00,70B3D5499C9F22F1,Droplet #6,Droplet,Rottenraw Burn u/s Elliot Water confluence,56.55722722014659,-2.6604111487841786,0655000190d527100025000000000000,16.21,1026.13,100.0,3.7,0.0,0.0,0
2021-08-23 10:37:14.469000+00:00,70B3D5499C9F22F1,Droplet #6,Droplet,Rottenraw Burn u/s Elliot Water confluence,56.55722722014659,-2.6604111487841786,0684000190e427100025000000000000,16.68,1026.28,100.0,3.7,0.0,0.0,0
2021-08-23 10:52:29.983000+00:00,70B3D5499C9F22F1,Droplet #6,Droplet,Rottenraw Burn u/s Elliot Water confluence,56.55722722014659,-2.6604111487841786,0696000190ed27100025000000000000,16.86,1026.37,100.0,3.7,0.0,0.0,0
2021-08-23 11:07:46.023000+00:00,70B3D5499C9F22F1,Droplet #6,Droplet,Rottenraw Burn u/s Elliot Water confluence,56.55722722014659,-2.6604111487841786,06ac000190eb27100025000000000000,17.08,1026.35,100.0,3.7,0.0,0.0,0
2021-08-23 11:23:00.406000+00:00,70B3D5499C9F22F1,Droplet #6,Droplet,Rottenraw Burn u/s Elliot Water confluence,56.55722722014659,-2.6604111487841786,0663000190f627100025000000000000,16.35,1026.46,100.0,3.7,0.0,0.0,0
2021-08-23 11:38:15.351000+00:00,70B3D5499C9F22F1,Droplet #6,Droplet,Rottenraw Burn u/s Elliot Water confluence,56.55722722014659,-2.6604111487841786,0652000190fc27100026000000000000,16.18,1026.52,100.0,3.8,0.0,0.0,0
2021-08-23 11:53:30.439000+00:00,70B3D5499C9F22F1,Droplet #6,Droplet,Rottenraw Burn u/s Elliot Water confluence,56.55722722014659,-2.6604111487841786,064c0001911127100026000000000000,16.12,1026.73,100.0,3.8,0.0,0.0,0
2021-08-23 12:08:45.469000+00:00,70B3D5499C9F22F1,Droplet #6,Droplet,Rottenraw Burn u/s Elliot Water confluence,56.55722722014659,-2.6604111487841786,06700001910c27100025000000000000,16.48,1026.68,100.0,3.7,0.0,0.0,0
2021-08-23 12:24:00.850000+00:00,70B3D5499C9F22F1,Droplet #6,Droplet,Rottenraw Burn u/s Elliot Water confluence,56.55722722014659,-2.6604111487841786,067c0001910927100026000000000000,16.6,1026.65,100.0,3.8,0.0,0.0,0
2021-08-23 12:39:16.653000+00:00,70B3D5499C9F22F1,Droplet #6,Droplet,Rottenraw Burn u/s Elliot Water confluence,56.55722722014659,-2.6604111487841786,06940001910f27100026000000000000,16.84,1026.71,100.0,3.8,0.0,0.0,0
2021-08-23 12:54:32.738000+00:00,70B3D5499C9F22F1,Droplet #6,Droplet,Rottenraw Burn u/s Elliot Water confluence,56.55722722014659,-2.6604111487841786,06a70001910f27100026000000000000,17.03,1026.71,100.0,3.8,0.0,0.0,0
2021-08-23 13:09:48.658000+00:00,70B3D5499C9F22F1,Droplet #6,Droplet,Rottenraw Burn u/s Elliot Water confluence,56.55722722014659,-2.6604111487841786,06bd000190ff27100026000000000000,17.25,1026.55,100.0,3.8,0.0,0.0,0
2021-08-23 13:25:04.670000+00:00,70B3D5499C9F22F1,Droplet #6,Droplet,Rottenraw Burn u/s Elliot Water confluence,56.55722722014659,-2.6604111487841786,06ee0001910527100025000000000000,17.74,1026.61,100.0,3.7,0.0,0.0,0
2021-08-23 13:40:18.848000+00:00,70B3D5499C9F22F1,Droplet #6,Droplet,Rottenraw Burn u/s Elliot Water confluence,56.55722722014659,-2.6604111487841786,06a2000190fd27100026000000000000,16.98,1026.53,100.0,3.8,0.0,0.0,0
2021-08-23 13:55:34.363000+00:00,70B3D5499C9F22F1,Droplet #6,Droplet,Rottenraw Burn u/s Elliot Water confluence,56.55722722014659,-2.6604111487841786,0665000190f227100026000000000000,16.37,1026.42,100.0,3.8,0.0,0.0,0
2021-08-23 14:10:49.639000+00:00,70B3D5499C9F22F1,Droplet #6,Droplet,Rottenraw Burn u/s Elliot Water confluence,56.55722722014659,-2.6604111487841786,0651000190fb27100025000000000000,16.17,1026.51,100.0,3.7,0.0,0.0,0
2021-08-23 14:26:04.431000+00:00,70B3D5499C9F22F1,Droplet #6,Droplet,Rottenraw Burn u/s Elliot Water confluence,56.55722722014659,-2.6604111487841786,0663000190f327100026000000000000,16.35,1026.43,100.0,3.8,0.0,0.0,0
2021-08-23 14:41:20.276000+00:00,70B3D5499C9F22F1,Droplet #6,Droplet,Rottenraw Burn u/s Elliot Water confluence,56.55722722014659,-2.6604111487841786,069d0001910c27100026000000000000,16.93,1026.68,100.0,3.8,0.0,0.0,0
2021-08-23 14:56:34.380000+00:00,70B3D5499C9F22F1,Droplet #6,Droplet,Rottenraw Burn u/s Elliot Water confluence,56.55722722014659,-2.6604111487841786,068e000190ee27100025000000000000,16.78,1026.38,100.0,3.7,0.0,0.0,0
2021-08-23 15:11:48.924000+00:00,70B3D5499C9F22F1,Droplet #6,Droplet,Rottenraw Burn u/s Elliot Water confluence,56.55722722014659,-2.6604111487841786,0660000190f627100025000000000000,16.32,1026.46,100.0,3.7,0.0,0.0,0
2021-08-23 15:27:04.139000+00:00,70B3D5499C9F22F1,Droplet #6,Droplet,Rottenraw Burn u/s Elliot Water confluence,56.55722722014659,-2.6604111487841786,0680000190e727100026000000000000,16.64,1026.31,100.0,3.8,0.0,0.0,0
2021-08-23 15:42:19.552000+00:00,70B3D5499C9F22F1,Droplet #6,Droplet,Rottenraw Burn u/s Elliot Water confluence,56.55722722014659,-2.6604111487841786,0692000190e627100026000000000000,16.82,1026.3,100.0,3.8,0.0,0.0,0
2021-08-23 15:57:35.559000+00:00,70B3D5499C9F22F1,Droplet #6,Droplet,Rottenraw Burn u/s Elliot Water confluence,56.55722722014659,-2.6604111487841786,069f000190f127100027000000000000,16.95,1026.41,100.0,3.9,0.0,0.0,0
2021-08-23 16:12:51.446000+00:00,70B3D5499C9F22F1,Droplet #6,Droplet,Rottenraw Burn u/s Elliot Water confluence,56.55722722014659,-2.6604111487841786,069f0001910727100026000000000000,16.95,1026.63,100.0,3.8,0.0,0.0,0
2021-08-23 16:28:06.897000+00:00,70B3D5499C9F22F1,Droplet #6,Droplet,Rottenraw Burn u/s Elliot Water confluence,56.55722722014659,-2.6604111487841786,069e000190f327100026000000000000,16.94,1026.43,100.0,3.8,0.0,0.0,0
2021-08-23 16:43:20.709000+00:00,70B3D5499C9F22F1,Droplet #6,Droplet,Rottenraw Burn u/s Elliot Water confluence,56.55722722014659,-2.6604111487841786,067a000190fa27100026000000000000,16.58,1026.5,100.0,3.8,0.0,0.0,0
2021-08-23 16:58:35.356000+00:00,70B3D5499C9F22F1,Droplet #6,Droplet,Rottenraw Burn u/s Elliot Water confluence,56.55722722014659,-2.6604111487841786,0653000190ed27100025000000000000,16.19,1026.37,100.0,3.7,0.0,0.0,0
2021-08-23 17:13:51.380000+00:00,70B3D5499C9F22F1,Droplet #6,Droplet,Rottenraw Burn u/s Elliot Water confluence,56.55722722014659,-2.6604111487841786,0692000190e327100026000000000000,16.82,1026.27,100.0,3.8,0.0,0.0,0
2021-08-23 17:29:06.741000+00:00,70B3D5499C9F22F1,Droplet #6,Droplet,Rottenraw Burn u/s Elliot Water confluence,56.55722722014659,-2.6604111487841786,0694000190df27100027000000000000,16.84,1026.23,100.0,3.9,0.0,0.0,0
2021-08-23 17:44:21.108000+00:00,70B3D5499C9F22F1,Droplet #6,Droplet,Rottenraw Burn u/s Elliot Water confluence,56.55722722014659,-2.6604111487841786,0689000190f427100025000000000000,16.73,1026.44,100.0,3.7,0.0,0.0,0
2021-08-23 17:59:35.162000+00:00,70B3D5499C9F22F1,Droplet #6,Droplet,Rottenraw Burn u/s Elliot Water confluence,56.55722722014659,-2.6604111487841786,0621000190e827100025000000000000,15.69,1026.32,100.0,3.7,0.0,0.0,0
2021-08-23 18:14:50.962000+00:00,70B3D5499C9F22F1,Droplet #6,Droplet,Rottenraw Burn u/s Elliot Water confluence,56.55722722014659,-2.6604111487841786,0601000190fb27100026000000000000,15.37,1026.51,100.0,3.8,0.0,0.0,0
2021-08-23 18:30:06.434000+00:00,70B3D5499C9F22F1,Droplet #6,Droplet,Rottenraw Burn u/s Elliot Water confluence,56.55722722014659,-2.6604111487841786,062e000190fd27100026000000000000,15.82,1026.53,100.0,3.8,0.0,0.0,0
2021-08-23 18:45:21.178000+00:00,70B3D5499C9F22F1,Droplet #6,Droplet,Rottenraw Burn u/s Elliot Water confluence,56.55722722014659,-2.6604111487841786,05dd0001911327100026000000000000,15.01,1026.75,100.0,3.8,0.0,0.0,0
2021-08-23 19:00:36.162000+00:00,70B3D5499C9F22F1,Droplet #6,Droplet,Rottenraw Burn u/s Elliot Water confluence,56.55722722014659,-2.6604111487841786,05bc0001911727100027000000000000,14.68,1026.79,100.0,3.9,0.0,0.0,0
2021-08-23 19:15:50.777000+00:00,70B3D5499C9F22F1,Droplet #6,Droplet,Rottenraw Burn u/s Elliot Water confluence,56.55722722014659,-2.6604111487841786,05a30001912027100026000000000000,14.43,1026.88,100.0,3.8,0.0,0.0,0
2021-08-23 19:31:04.474000+00:00,70B3D5499C9F22F1,Droplet #6,Droplet,Rottenraw Burn u/s Elliot Water confluence,56.55722722014659,-2.6604111487841786,057b0001913f27100025000000000000,14.03,1027.19,100.0,3.7,0.0,0.0,0
2021-08-23 19:46:18.925000+00:00,70B3D5499C9F22F1,Droplet #6,Droplet,Rottenraw Burn u/s Elliot Water confluence,56.55722722014659,-2.6604111487841786,055c0001913927100025000000000000,13.72,1027.13,100.0,3.7,0.0,0.0,0
2021-08-23 20:01:34.104000+00:00,70B3D5499C9F22F1,Droplet #6,Droplet,Rottenraw Burn u/s Elliot Water confluence,56.55722722014659,-2.6604111487841786,05580001913e27100026000000000000,13.68,1027.18,100.0,3.8,0.0,0.0,0
2021-08-23 20:16:50.280000+00:00,70B3D5499C9F22F1,Droplet #6,Droplet,Rottenraw Burn u/s Elliot Water confluence,56.55722722014659,-2.6604111487841786,05560001915727100026000000000000,13.66,1027.43,100.0,3.8,0.0,0.0,0
2021-08-23 20:47:20.290000+00:00,70B3D5499C9F22F1,Droplet #6,Droplet,Rottenraw Burn u/s Elliot Water confluence,56.55722722014659,-2.6604111487841786,05430001915027100025000000000000,13.47,1027.36,100.0,3.7,0.0,0.0,0
2021-08-23 21:02:35+00:00,70B3D5499C9F22F1,Droplet #6,Droplet,Rottenraw Burn u/s Elliot Water confluence,56.55722722014659,-2.6604111487841786,051b0001916b27100025000000000000,13.07,1027.63,100.0,3.7,0.0,0.0,0
2021-08-23 21:17:49.831000+00:00,70B3D5499C9F22F1,Droplet #6,Droplet,Rottenraw Burn u/s Elliot Water confluence,56.55722722014659,-2.6604111487841786,04f00001916727100025000000000000,12.64,1027.59,100.0,3.7,0.0,0.0,0
2021-08-23 21:33:05.318000+00:00,70B3D5499C9F22F1,Droplet #6,Droplet,Rottenraw Burn u/s Elliot Water confluence,56.55722722014659,-2.6604111487841786,04d00001916227100025000000000000,12.32,1027.54,100.0,3.7,0.0,0.0,0
2021-08-23 21:48:20.134000+00:00,70B3D5499C9F22F1,Droplet #6,Droplet,Rottenraw Burn u/s Elliot Water confluence,56.55722722014659,-2.6604111487841786,04cf0001916b27100026000000000000,12.31,1027.63,100.0,3.8,0.0,0.0,0
2021-08-23 22:03:35.058000+00:00,70B3D5499C9F22F1,Droplet #6,Droplet,Rottenraw Burn u/s Elliot Water confluence,56.55722722014659,-2.6604111487841786,04bf0001917527100026000000000000,12.15,1027.73,100.0,3.8,0.0,0.0,0
2021-08-23 22:18:49.172000+00:00,70B3D5499C9F22F1,Droplet #6,Droplet,Rottenraw Burn u/s Elliot Water confluence,56.55722722014659,-2.6604111487841786,04b50001916f27100025000000000000,12.05,1027.67,100.0,3.7,0.0,0.0,0
2021-08-23 22:49:19.998000+00:00,70B3D5499C9F22F1,Droplet #6,Droplet,Rottenraw Burn u/s Elliot Water confluence,56.55722722014659,-2.6604111487841786,04f00001917727100026000000000000,12.64,1027.75,100.0,3.8,0.0,0.0,0
2021-08-23 23:04:34.647000+00:00,70B3D5499C9F22F1,Droplet #6,Droplet,Rottenraw Burn u/s Elliot Water confluence,56.55722722014659,-2.6604111487841786,05010001917a27100025000000000000,12.81,1027.78,100.0,3.7,0.0,0.0,0
2021-08-23 23:19:49.032000+00:00,70B3D5499C9F22F1,Droplet #6,Droplet,Rottenraw Burn u/s Elliot Water confluence,56.55722722014659,-2.6604111487841786,05060001918427100026000000000000,12.86,1027.88,100.0,3.8,0.0,0.0,0
2021-08-23 23:35:03.921000+00:00,70B3D5499C9F22F1,Droplet #6,Droplet,Rottenraw Burn u/s Elliot Water confluence,56.55722722014659,-2.6604111487841786,050c0001918727100026000000000000,12.92,1027.91,100.0,3.8,0.0,0.0,0
2021-08-23 23:50:18.840000+00:00,70B3D5499C9F22F1,Droplet #6,Droplet,Rottenraw Burn u/s Elliot Water confluence,56.55722722014659,-2.6604111487841786,05120001919727100026000000000000,12.98,1028.07,100.0,3.8,0.0,0.0,0
2021-08-24 00:05:33.870000+00:00,70B3D5499C9F22F1,Droplet #6,Droplet,Rottenraw Burn u/s Elliot Water confluence,56.55722722014659,-2.6604111487841786,050e0001919727100026000000000000,12.94,1028.07,100.0,3.8,0.0,0.0,0
2021-08-24 00:20:49.359000+00:00,70B3D5499C9F22F1,Droplet #6,Droplet,Rottenraw Burn u/s Elliot Water confluence,56.55722722014659,-2.6604111487841786,05000001918a27100025000000000000,12.8,1027.94,100.0,3.7,0.0,0.0,0
2021-08-24 00:36:04.102000+00:00,70B3D5499C9F22F1,Droplet #6,Droplet,Rottenraw Burn u/s Elliot Water confluence,56.55722722014659,-2.6604111487841786,04db0001918727100026000000000000,12.43,1027.91,100.0,3.8,0.0,0.0,0
2021-08-24 00:51:19.039000+00:00,70B3D5499C9F22F1,Droplet #6,Droplet,Rottenraw Burn u/s Elliot Water confluence,56.55722722014659,-2.6604111487841786,049e0001918627100026000000000000,11.82,1027.9,100.0,3.8,0.0,0.0,0
2021-08-24 01:06:32.263000+00:00,70B3D5499C9F22F1,Droplet #6,Droplet,Rottenraw Burn u/s Elliot Water confluence,56.55722722014659,-2.6604111487841786,04750001917a27100026000000000000,11.41,1027.78,100.0,3.8,0.0,0.0,0
2021-08-24 01:21:46.529000+00:00,70B3D5499C9F22F1,Droplet #6,Droplet,Rottenraw Burn u/s Elliot Water confluence,56.55722722014659,-2.6604111487841786,04480001916b27100025000000000000,10.96,1027.63,100.0,3.7,0.0,0.0,0
2021-08-24 01:37:00.911000+00:00,70B3D5499C9F22F1,Droplet #6,Droplet,Rottenraw Burn u/s Elliot Water confluence,56.55722722014659,-2.6604111487841786,043f0001918d27100026000000000000,10.87,1027.97,100.0,3.8,0.0,0.0,0
2021-08-24 01:52:16.214000+00:00,70B3D5499C9F22F1,Droplet #6,Droplet,Rottenraw Burn u/s Elliot Water confluence,56.55722722014659,-2.6604111487841786,043a0001919c27100025000000000000,10.82,1028.12,100.0,3.7,0.0,0.0,0
2021-08-24 02:07:31.725000+00:00,70B3D5499C9F22F1,Droplet #6,Droplet,Rottenraw Burn u/s Elliot Water confluence,56.55722722014659,-2.6604111487841786,04440001917e27100026000000000000,10.92,1027.82,100.0,3.8,0.0,0.0,0
2021-08-24 02:22:46.847000+00:00,70B3D5499C9F22F1,Droplet #6,Droplet,Rottenraw Burn u/s Elliot Water confluence,56.55722722014659,-2.6604111487841786,045e0001919c27100025000000000000,11.18,1028.12,100.0,3.7,0.0,0.0,0
2021-08-24 02:38:01.312000+00:00,70B3D5499C9F22F1,Droplet #6,Droplet,Rottenraw Burn u/s Elliot Water confluence,56.55722722014659,-2.6604111487841786,04810001918d27100025000000000000,11.53,1027.97,100.0,3.7,0.0,0.0,0
2021-08-24 02:53:17.767000+00:00,70B3D5499C9F22F1,Droplet #6,Droplet,Rottenraw Burn u/s Elliot Water confluence,56.55722722014659,-2.6604111487841786,04a20001918127100026000000000000,11.86,1027.85,100.0,3.8,0.0,0.0,0
2021-08-24 03:08:32.413000+00:00,70B3D5499C9F22F1,Droplet #6,Droplet,Rottenraw Burn u/s Elliot Water confluence,56.55722722014659,-2.6604111487841786,04bb0001916b27100025000000000000,12.11,1027.63,100.0,3.7,0.0,0.0,0
2021-08-24 03:23:48.227000+00:00,70B3D5499C9F22F1,Droplet #6,Droplet,Rottenraw Burn u/s Elliot Water confluence,56.55722722014659,-2.6604111487841786,04d30001916c27100026000000000000,12.35,1027.64,100.0,3.8,0.0,0.0,0
2021-08-24 03:39:02.725000+00:00,70B3D5499C9F22F1,Droplet #6,Droplet,Rottenraw Burn u/s Elliot Water confluence,56.55722722014659,-2.6604111487841786,04e10001917827100025000000000000,12.49,1027.76,100.0,3.7,0.0,0.0,0
2021-08-24 03:54:18.682000+00:00,70B3D5499C9F22F1,Droplet #6,Droplet,Rottenraw Burn u/s Elliot Water confluence,56.55722722014659,-2.6604111487841786,04e50001917127100025000000000000,12.53,1027.69,100.0,3.7,0.0,0.0,0
2021-08-24 04:09:33.570000+00:00,70B3D5499C9F22F1,Droplet #6,Droplet,Rottenraw Burn u/s Elliot Water confluence,56.55722722014659,-2.6604111487841786,04ca0001916927100026000000000000,12.26,1027.61,100.0,3.8,0.0,0.0,0
2021-08-24 04:24:49.059000+00:00,70B3D5499C9F22F1,Droplet #6,Droplet,Rottenraw Burn u/s Elliot Water confluence,56.55722722014659,-2.6604111487841786,04b10001915027100026000000000000,12.01,1027.36,100.0,3.8,0.0,0.0,0
2021-08-24 04:40:04.058000+00:00,70B3D5499C9F22F1,Droplet #6,Droplet,Rottenraw Burn u/s Elliot Water confluence,56.55722722014659,-2.6604111487841786,04b70001916927100025000000000000,12.07,1027.61,100.0,3.7,0.0,0.0,0
2021-08-24 04:55:19.067000+00:00,70B3D5499C9F22F1,Droplet #6,Droplet,Rottenraw Burn u/s Elliot Water confluence,56.55722722014659,-2.6604111487841786,04a90001918427100025000000000000,11.93,1027.88,100.0,3.7,0.0,0.0,0
2021-08-24 05:10:33.801000+00:00,70B3D5499C9F22F1,Droplet #6,Droplet,Rottenraw Burn u/s Elliot Water confluence,56.55722722014659,-2.6604111487841786,04840001917527100025000000000000,11.56,1027.73,100.0,3.7,0.0,0.0,0
2021-08-24 05:25:48.391000+00:00,70B3D5499C9F22F1,Droplet #6,Droplet,Rottenraw Burn u/s Elliot Water confluence,56.55722722014659,-2.6604111487841786,04670001918927100025000000000000,11.27,1027.93,100.0,3.7,0.0,0.0,0
2021-08-24 05:41:03.727000+00:00,70B3D5499C9F22F1,Droplet #6,Droplet,Rottenraw Burn u/s Elliot Water confluence,56.55722722014659,-2.6604111487841786,04820001917d27100025000000000000,11.54,1027.81,100.0,3.7,0.0,0.0,0
2021-08-24 05:56:20.190000+00:00,70B3D5499C9F22F1,Droplet #6,Droplet,Rottenraw Burn u/s Elliot Water confluence,56.55722722014659,-2.6604111487841786,04e00001918527100025000000000000,12.48,1027.89,100.0,3.7,0.0,0.0,0
2021-08-24 06:11:36.115000+00:00,70B3D5499C9F22F1,Droplet #6,Droplet,Rottenraw Burn u/s Elliot Water confluence,56.55722722014659,-2.6604111487841786,05540001917327100025000000000000,13.64,1027.71,100.0,3.7,0.0,0.0,0
2021-08-24 06:26:51.966000+00:00,70B3D5499C9F22F1,Droplet #6,Droplet,Rottenraw Burn u/s Elliot Water confluence,56.55722722014659,-2.6604111487841786,05b70001917d27100026000000000000,14.63,1027.81,100.0,3.8,0.0,0.0,0
2021-08-24 06:42:08.478000+00:00,70B3D5499C9F22F1,Droplet #6,Droplet,Rottenraw Burn u/s Elliot Water confluence,56.55722722014659,-2.6604111487841786,064e0001917627100026000000000000,16.14,1027.74,100.0,3.8,0.0,0.0,0
2021-08-24 06:57:24.010000+00:00,70B3D5499C9F22F1,Droplet #6,Droplet,Rottenraw Burn u/s Elliot Water confluence,56.55722722014659,-2.6604111487841786,068b0001916927100026000000000000,16.75,1027.61,100.0,3.8,0.0,0.0,0
2021-08-24 07:12:39.512000+00:00,70B3D5499C9F22F1,Droplet #6,Droplet,Rottenraw Burn u/s Elliot Water confluence,56.55722722014659,-2.6604111487841786,06de0001916027100026000000000000,17.58,1027.52,100.0,3.8,0.0,0.0,0
2021-08-24 07:27:56.755000+00:00,70B3D5499C9F22F1,Droplet #6,Droplet,Rottenraw Burn u/s Elliot Water confluence,56.55722722014659,-2.6604111487841786,07630001916a27100027000000000000,18.91,1027.62,100.0,3.9,0.0,0.0,0
2021-08-24 07:43:14.119000+00:00,70B3D5499C9F22F1,Droplet #6,Droplet,Rottenraw Burn u/s Elliot Water confluence,56.55722722014659,-2.6604111487841786,07c50001916f27100026000000000000,19.89,1027.67,100.0,3.8,0.0,0.0,0
2021-08-24 07:58:29.697000+00:00,70B3D5499C9F22F1,Droplet #6,Droplet,Rottenraw Burn u/s Elliot Water confluence,56.55722722014659,-2.6604111487841786,080f0001918627100027000000000000,20.63,1027.9,100.0,3.9,0.0,0.0,0
2021-08-24 08:13:45.726000+00:00,70B3D5499C9F22F1,Droplet #6,Droplet,Rottenraw Burn u/s Elliot Water confluence,56.55722722014659,-2.6604111487841786,08810001917a27100026000000000000,21.77,1027.78,100.0,3.8,0.0,0.0,0
2021-08-24 08:28:59.915000+00:00,70B3D5499C9F22F1,Droplet #6,Droplet,Rottenraw Burn u/s Elliot Water confluence,56.55722722014659,-2.6604111487841786,085c0001917827100027000000000000,21.4,1027.76,100.0,3.9,0.0,0.0,0
2021-08-24 08:44:14.171000+00:00,70B3D5499C9F22F1,Droplet #6,Droplet,Rottenraw Burn u/s Elliot Water confluence,56.55722722014659,-2.6604111487841786,085f0001917027100026000000000000,21.43,1027.68,100.0,3.8,0.0,0.0,0
2021-08-24 08:59:28.798000+00:00,70B3D5499C9F22F1,Droplet #6,Droplet,Rottenraw Burn u/s Elliot Water confluence,56.55722722014659,-2.6604111487841786,08280001916e27100027000000000000,20.88,1027.66,100.0,3.9,0.0,0.0,0
2021-08-24 09:14:43.351000+00:00,70B3D5499C9F22F1,Droplet #6,Droplet,Rottenraw Burn u/s Elliot Water confluence,56.55722722014659,-2.6604111487841786,083a0001915727100027000000000000,21.06,1027.43,100.0,3.9,0.0,0.0,0
2021-08-24 09:29:59.312000+00:00,70B3D5499C9F22F1,Droplet #6,Droplet,Rottenraw Burn u/s Elliot Water confluence,56.55722722014659,-2.6604111487841786,08570001915a27100027000000000000,21.35,1027.46,100.0,3.9,0.0,0.0,0
2021-08-24 09:45:14.112000+00:00,70B3D5499C9F22F1,Droplet #6,Droplet,Rottenraw Burn u/s Elliot Water confluence,56.55722722014659,-2.6604111487841786,08540001917027100027000000000000,21.32,1027.68,100.0,3.9,0.0,0.0,0
2021-08-24 10:00:29.397000+00:00,70B3D5499C9F22F1,Droplet #6,Droplet,Rottenraw Burn u/s Elliot Water confluence,56.55722722014659,-2.6604111487841786,08200001916127100027000000000000,20.8,1027.53,100.0,3.9,0.0,0.0,0
2021-08-24 10:15:46.459000+00:00,70B3D5499C9F22F1,Droplet #6,Droplet,Rottenraw Burn u/s Elliot Water confluence,56.55722722014659,-2.6604111487841786,08640001916027100027000000000000,21.48,1027.52,100.0,3.9,0.0,0.0,0
2021-08-24 10:31:00.462000+00:00,70B3D5499C9F22F1,Droplet #6,Droplet,Rottenraw Burn u/s Elliot Water confluence,56.55722722014659,-2.6604111487841786,08540001916427100027000000000000,21.32,1027.56,100.0,3.9,0.0,0.0,0
2021-08-24 11:01:30.535000+00:00,70B3D5499C9F22F1,Droplet #6,Droplet,Rottenraw Burn u/s Elliot Water confluence,56.55722722014659,-2.6604111487841786,081d0001916227100027000000000000,20.77,1027.54,100.0,3.9,0.0,0.0,0
2021-08-24 11:16:44.815000+00:00,70B3D5499C9F22F1,Droplet #6,Droplet,Rottenraw Burn u/s Elliot Water confluence,56.55722722014659,-2.6604111487841786,07d30001915f27100027000000000000,20.03,1027.51,100.0,3.9,0.0,0.0,0
2021-08-24 11:32:00.316000+00:00,70B3D5499C9F22F1,Droplet #6,Droplet,Rottenraw Burn u/s Elliot Water confluence,56.55722722014659,-2.6604111487841786,07cc0001915b27100027000000000000,19.96,1027.47,100.0,3.9,0.0,0.0,0
2021-08-24 12:02:30.545000+00:00,70B3D5499C9F22F1,Droplet #6,Droplet,Rottenraw Burn u/s Elliot Water confluence,56.55722722014659,-2.6604111487841786,07810001915127100027000000000000,19.21,1027.37,100.0,3.9,0.0,0.0,0
2021-08-24 12:17:45.874000+00:00,70B3D5499C9F22F1,Droplet #6,Droplet,Rottenraw Burn u/s Elliot Water confluence,56.55722722014659,-2.6604111487841786,07410001916027100028000000000000,18.57,1027.52,100.0,4.0,0.0,0.0,0
2021-08-24 12:33:00.941000+00:00,70B3D5499C9F22F1,Droplet #6,Droplet,Rottenraw Burn u/s Elliot Water confluence,56.55722722014659,-2.6604111487841786,06f80001916427100028000000000000,17.84,1027.56,100.0,4.0,0.0,0.0,0
2021-08-24 12:48:16.233000+00:00,70B3D5499C9F22F1,Droplet #6,Droplet,Rottenraw Burn u/s Elliot Water confluence,56.55722722014659,-2.6604111487841786,06f80001917127100028000000000000,17.84,1027.69,100.0,4.0,0.0,0.0,0
2021-08-24 13:03:31.817000+00:00,70B3D5499C9F22F1,Droplet #6,Droplet,Rottenraw Burn u/s Elliot Water confluence,56.55722722014659,-2.6604111487841786,06d40001915127100027000000000000,17.48,1027.37,100.0,3.9,0.0,0.0,0
2021-08-24 13:18:46.280000+00:00,70B3D5499C9F22F1,Droplet #6,Droplet,Rottenraw Burn u/s Elliot Water confluence,56.55722722014659,-2.6604111487841786,06c90001915b27100027000000000000,17.37,1027.47,100.0,3.9,0.0,0.0,0
2021-08-24 13:34:00.979000+00:00,70B3D5499C9F22F1,Droplet #6,Droplet,Rottenraw Burn u/s Elliot Water confluence,56.55722722014659,-2.6604111487841786,06bf0001915727100027000000000000,17.27,1027.43,100.0,3.9,0.0,0.0,0
2021-08-24 13:49:15.548000+00:00,70B3D5499C9F22F1,Droplet #6,Droplet,Rottenraw Burn u/s Elliot Water confluence,56.55722722014659,-2.6604111487841786,06de0001915627100028000000000000,17.58,1027.42,100.0,4.0,0.0,0.0,0
2021-08-24 14:19:45.267000+00:00,70B3D5499C9F22F1,Droplet #6,Droplet,Rottenraw Burn u/s Elliot Water confluence,56.55722722014659,-2.6604111487841786,06b80001912c27100029000000000000,17.2,1027.0,100.0,4.1,0.0,0.0,0
2021-08-24 14:35:00.964000+00:00,70B3D5499C9F22F1,Droplet #6,Droplet,Rottenraw Burn u/s Elliot Water confluence,56.55722722014659,-2.6604111487841786,06d80001914127100029000000000000,17.52,1027.21,100.0,4.1,0.0,0.0,0
2021-08-24 14:50:16.124000+00:00,70B3D5499C9F22F1,Droplet #6,Droplet,Rottenraw Burn u/s Elliot Water confluence,56.55722722014659,-2.6604111487841786,06e60001913527100028000000000000,17.66,1027.09,100.0,4.0,0.0,0.0,0
2021-08-24 15:05:31.021000+00:00,70B3D5499C9F22F1,Droplet #6,Droplet,Rottenraw Burn u/s Elliot Water confluence,56.55722722014659,-2.6604111487841786,06bd0001913627100029000000000000,17.25,1027.1,100.0,4.1,0.0,0.0,0
2021-08-24 15:20:47.058000+00:00,70B3D5499C9F22F1,Droplet #6,Droplet,Rottenraw Burn u/s Elliot Water confluence,56.55722722014659,-2.6604111487841786,06c80001913227100029000000000000,17.36,1027.06,100.0,4.1,0.0,0.0,0
2021-08-24 15:36:02.911000+00:00,70B3D5499C9F22F1,Droplet #6,Droplet,Rottenraw Burn u/s Elliot Water confluence,56.55722722014659,-2.6604111487841786,06c60001912127100029000000000000,17.34,1026.89,100.0,4.1,0.0,0.0,0
2021-08-24 15:51:17.886000+00:00,70B3D5499C9F22F1,Droplet #6,Droplet,Rottenraw Burn u/s Elliot Water confluence,56.55722722014659,-2.6604111487841786,06b50001911527100028000000000000,17.17,1026.77,100.0,4.0,0.0,0.0,0
2021-08-24 16:06:32.512000+00:00,70B3D5499C9F22F1,Droplet #6,Droplet,Rottenraw Burn u/s Elliot Water confluence,56.55722722014659,-2.6604111487841786,069f0001910927100029000000000000,16.95,1026.65,100.0,4.1,0.0,0.0,0
2021-08-24 16:21:46.776000+00:00,70B3D5499C9F22F1,Droplet #6,Droplet,Rottenraw Burn u/s Elliot Water confluence,56.55722722014659,-2.6604111487841786,069d0001910427100028000000000000,16.93,1026.6,100.0,4.0,0.0,0.0,0
2021-08-24 16:37:01.513000+00:00,70B3D5499C9F22F1,Droplet #6,Droplet,Rottenraw Burn u/s Elliot Water confluence,56.55722722014659,-2.6604111487841786,06970001910027100029000000000000,16.87,1026.56,100.0,4.1,0.0,0.0,0
2021-08-24 16:52:15.450000+00:00,70B3D5499C9F22F1,Droplet #6,Droplet,Rottenraw Burn u/s Elliot Water confluence,56.55722722014659,-2.6604111487841786,0691000190fc27100028000000000000,16.81,1026.52,100.0,4.0,0.0,0.0,0
2021-08-24 17:07:30.208000+00:00,70B3D5499C9F22F1,Droplet #6,Droplet,Rottenraw Burn u/s Elliot Water confluence,56.55722722014659,-2.6604111487841786,06670001910527100029000000000000,16.39,1026.61,100.0,4.1,0.0,0.0,0
2021-08-24 17:22:44.243000+00:00,70B3D5499C9F22F1,Droplet #6,Droplet,Rottenraw Burn u/s Elliot Water confluence,56.55722722014659,-2.6604111487841786,064f0001910127100028000000000000,16.15,1026.57,100.0,4.0,0.0,0.0,0
2021-08-24 18:08:30.530000+00:00,70B3D5499C9F22F1,Droplet #6,Droplet,Rottenraw Burn u/s Elliot Water confluence,56.55722722014659,-2.6604111487841786,05f70001911a27100028000000000000,15.27,1026.82,100.0,4.0,0.0,0.0,0
2021-08-24 18:38:59.371000+00:00,70B3D5499C9F22F1,Droplet #6,Droplet,Rottenraw Burn u/s Elliot Water confluence,56.55722722014659,-2.6604111487841786,05d30001913127100029000000000000,14.91,1027.05,100.0,4.1,0.0,0.0,0
2021-08-24 18:54:14.523000+00:00,70B3D5499C9F22F1,Droplet #6,Droplet,Rottenraw Burn u/s Elliot Water confluence,56.55722722014659,-2.6604111487841786,05d70001913e27100029000000000000,14.95,1027.18,100.0,4.1,0.0,0.0,0
2021-08-24 19:09:28.845000+00:00,70B3D5499C9F22F1,Droplet #6,Droplet,Rottenraw Burn u/s Elliot Water confluence,56.55722722014659,-2.6604111487841786,05d50001913e27100028000000000000,14.93,1027.18,100.0,4.0,0.0,0.0,0
2021-08-24 19:24:44.159000+00:00,70B3D5499C9F22F1,Droplet #6,Droplet,Rottenraw Burn u/s Elliot Water confluence,56.55722722014659,-2.6604111487841786,05cd0001913d27100028000000000000,14.85,1027.17,100.0,4.0,0.0,0.0,0
2021-08-24 19:39:58.526000+00:00,70B3D5499C9F22F1,Droplet #6,Droplet,Rottenraw Burn u/s Elliot Water confluence,56.55722722014659,-2.6604111487841786,05c60001912927100029000000000000,14.78,1026.97,100.0,4.1,0.0,0.0,0
2021-08-24 19:55:12.828000+00:00,70B3D5499C9F22F1,Droplet #6,Droplet,Rottenraw Burn u/s Elliot Water confluence,56.55722722014659,-2.6604111487841786,05b90001911127100029000000000000,14.65,1026.73,100.0,4.1,0.0,0.0,0
2021-08-24 20:10:28.251000+00:00,70B3D5499C9F22F1,Droplet #6,Droplet,Rottenraw Burn u/s Elliot Water confluence,56.55722722014659,-2.6604111487841786,05ad0001912527100029000000000000,14.53,1026.93,100.0,4.1,0.0,0.0,0
2021-08-24 20:25:43.254000+00:00,70B3D5499C9F22F1,Droplet #6,Droplet,Rottenraw Burn u/s Elliot Water confluence,56.55722722014659,-2.6604111487841786,058d0001911827100029000000000000,14.21,1026.8,100.0,4.1,0.0,0.0,0
2021-08-24 20:40:59.206000+00:00,70B3D5499C9F22F1,Droplet #6,Droplet,Rottenraw Burn u/s Elliot Water confluence,56.55722722014659,-2.6604111487841786,05870001911827100029000000000000,14.15,1026.8,100.0,4.1,0.0,0.0,0
2021-08-24 20:56:14.676000+00:00,70B3D5499C9F22F1,Droplet #6,Droplet,Rottenraw Burn u/s Elliot Water confluence,56.55722722014659,-2.6604111487841786,058c0001911a27100028000000000000,14.2,1026.82,100.0,4.0,0.0,0.0,0
2021-08-24 21:11:30.558000+00:00,70B3D5499C9F22F1,Droplet #6,Droplet,Rottenraw Burn u/s Elliot Water confluence,56.55722722014659,-2.6604111487841786,058f0001910f27100029000000000000,14.23,1026.71,100.0,4.1,0.0,0.0,0
2021-08-24 21:26:45.667000+00:00,70B3D5499C9F22F1,Droplet #6,Droplet,Rottenraw Burn u/s Elliot Water confluence,56.55722722014659,-2.6604111487841786,056d0001912b27100028000000000000,13.89,1026.99,100.0,4.0,0.0,0.0,0
2021-08-24 21:42:00.109000+00:00,70B3D5499C9F22F1,Droplet #6,Droplet,Rottenraw Burn u/s Elliot Water confluence,56.55722722014659,-2.6604111487841786,053a0001913127100028000000000000,13.38,1027.05,100.0,4.0,0.0,0.0,0
2021-08-24 21:57:14.587000+00:00,70B3D5499C9F22F1,Droplet #6,Droplet,Rottenraw Burn u/s Elliot Water confluence,56.55722722014659,-2.6604111487841786,05030001912d27100029000000000000,12.83,1027.01,100.0,4.1,0.0,0.0,0
2021-08-24 22:12:29.043000+00:00,70B3D5499C9F22F1,Droplet #6,Droplet,Rottenraw Burn u/s Elliot Water confluence,56.55722722014659,-2.6604111487841786,04d70001912927100028000000000000,12.39,1026.97,100.0,4.0,0.0,0.0,0
2021-08-24 22:27:43.515000+00:00,70B3D5499C9F22F1,Droplet #6,Droplet,Rottenraw Burn u/s Elliot Water confluence,56.55722722014659,-2.6604111487841786,04b60001913227100029000000000000,12.06,1027.06,100.0,4.1,0.0,0.0,0
2021-08-24 22:42:58.354000+00:00,70B3D5499C9F22F1,Droplet #6,Droplet,Rottenraw Burn u/s Elliot Water confluence,56.55722722014659,-2.6604111487841786,049b0001913827100029000000000000,11.79,1027.12,100.0,4.1,0.0,0.0,0
2021-08-24 22:58:13.150000+00:00,70B3D5499C9F22F1,Droplet #6,Droplet,Rottenraw Burn u/s Elliot Water confluence,56.55722722014659,-2.6604111487841786,04700001911c27100029000000000000,11.36,1026.84,100.0,4.1,0.0,0.0,0
2021-08-24 23:13:27.817000+00:00,70B3D5499C9F22F1,Droplet #6,Droplet,Rottenraw Burn u/s Elliot Water confluence,56.55722722014659,-2.6604111487841786,045b0001910727100028000000000000,11.15,1026.63,100.0,4.0,0.0,0.0,0
2021-08-24 23:28:43.489000+00:00,70B3D5499C9F22F1,Droplet #6,Droplet,Rottenraw Burn u/s Elliot Water confluence,56.55722722014659,-2.6604111487841786,0446000190fe27100028000000000000,10.94,1026.54,100.0,4.0,0.0,0.0,0
2021-08-24 23:43:58.370000+00:00,70B3D5499C9F22F1,Droplet #6,Droplet,Rottenraw Burn u/s Elliot Water confluence,56.55722722014659,-2.6604111487841786,04400001910627100029000000000000,10.88,1026.62,100.0,4.1,0.0,0.0,0
2021-08-24 23:59:13.528000+00:00,70B3D5499C9F22F1,Droplet #6,Droplet,Rottenraw Burn u/s Elliot Water confluence,56.55722722014659,-2.6604111487841786,0435000190ef27100029000000000000,10.77,1026.39,100.0,4.1,0.0,0.0,0
2021-08-25 00:14:28.263000+00:00,70B3D5499C9F22F1,Droplet #6,Droplet,Rottenraw Burn u/s Elliot Water confluence,56.55722722014659,-2.6604111487841786,042c000190e827100028000000000000,10.68,1026.32,100.0,4.0,0.0,0.0,0
2021-08-25 00:29:43.924000+00:00,70B3D5499C9F22F1,Droplet #6,Droplet,Rottenraw Burn u/s Elliot Water confluence,56.55722722014659,-2.6604111487841786,0451000190ed27100028000000000000,11.05,1026.37,100.0,4.0,0.0,0.0,0
2021-08-25 00:44:59.253000+00:00,70B3D5499C9F22F1,Droplet #6,Droplet,Rottenraw Burn u/s Elliot Water confluence,56.55722722014659,-2.6604111487841786,048e000190de27100029000000000000,11.66,1026.22,100.0,4.1,0.0,0.0,0
2021-08-25 01:00:15.010000+00:00,70B3D5499C9F22F1,Droplet #6,Droplet,Rottenraw Burn u/s Elliot Water confluence,56.55722722014659,-2.6604111487841786,04a6000190ea27100028000000000000,11.9,1026.34,100.0,4.0,0.0,0.0,0
2021-08-25 01:15:30.662000+00:00,70B3D5499C9F22F1,Droplet #6,Droplet,Rottenraw Burn u/s Elliot Water confluence,56.55722722014659,-2.6604111487841786,04b7000190db27100028000000000000,12.07,1026.19,100.0,4.0,0.0,0.0,0
2021-08-25 01:30:46.197000+00:00,70B3D5499C9F22F1,Droplet #6,Droplet,Rottenraw Burn u/s Elliot Water confluence,56.55722722014659,-2.6604111487841786,04c6000190bf27100028000000000000,12.22,1025.91,100.0,4.0,0.0,0.0,0
2021-08-25 01:46:01.828000+00:00,70B3D5499C9F22F1,Droplet #6,Droplet,Rottenraw Burn u/s Elliot Water confluence,56.55722722014659,-2.6604111487841786,04cd000190c027100028000000000000,12.29,1025.92,100.0,4.0,0.0,0.0,0
2021-08-25 02:01:16.711000+00:00,70B3D5499C9F22F1,Droplet #6,Droplet,Rottenraw Burn u/s Elliot Water confluence,56.55722722014659,-2.6604111487841786,04d3000190ad27100029000000000000,12.35,1025.73,100.0,4.1,0.0,0.0,0
2021-08-25 02:16:31.140000+00:00,70B3D5499C9F22F1,Droplet #6,Droplet,Rottenraw Burn u/s Elliot Water confluence,56.55722722014659,-2.6604111487841786,04b20001909d27100029000000000000,12.02,1025.57,100.0,4.1,0.0,0.0,0
2021-08-25 02:31:46.086000+00:00,70B3D5499C9F22F1,Droplet #6,Droplet,Rottenraw Burn u/s Elliot Water confluence,56.55722722014659,-2.6604111487841786,047b000190b327100029000000000000,11.47,1025.79,100.0,4.1,0.0,0.0,0
2021-08-25 02:47:01.235000+00:00,70B3D5499C9F22F1,Droplet #6,Droplet,Rottenraw Burn u/s Elliot Water confluence,56.55722722014659,-2.6604111487841786,0483000190c627100029000000000000,11.55,1025.98,100.0,4.1,0.0,0.0,0
2021-08-25 03:02:17.223000+00:00,70B3D5499C9F22F1,Droplet #6,Droplet,Rottenraw Burn u/s Elliot Water confluence,56.55722722014659,-2.6604111487841786,04760001909227100029000000000000,11.42,1025.46,100.0,4.1,0.0,0.0,0
2021-08-25 03:32:46.283000+00:00,70B3D5499C9F22F1,Droplet #6,Droplet,Rottenraw Burn u/s Elliot Water confluence,56.55722722014659,-2.6604111487841786,041e0001908b27100029000000000000,10.54,1025.39,100.0,4.1,0.0,0.0,0
2021-08-25 03:48:02.173000+00:00,70B3D5499C9F22F1,Droplet #6,Droplet,Rottenraw Burn u/s Elliot Water confluence,56.55722722014659,-2.6604111487841786,04110001906727100029000000000000,10.41,1025.03,100.0,4.1,0.0,0.0,0
2021-08-25 04:03:16.608000+00:00,70B3D5499C9F22F1,Droplet #6,Droplet,Rottenraw Burn u/s Elliot Water confluence,56.55722722014659,-2.6604111487841786,04010001905d27100029000000000000,10.25,1024.93,100.0,4.1,0.0,0.0,0
2021-08-25 04:18:32.091000+00:00,70B3D5499C9F22F1,Droplet #6,Droplet,Rottenraw Burn u/s Elliot Water confluence,56.55722722014659,-2.6604111487841786,04190001905d27100028000000000000,10.49,1024.93,100.0,4.0,0.0,0.0,0
2021-08-25 04:33:47.368000+00:00,70B3D5499C9F22F1,Droplet #6,Droplet,Rottenraw Burn u/s Elliot Water confluence,56.55722722014659,-2.6604111487841786,04030001904e27100029000000000000,10.27,1024.78,100.0,4.1,0.0,0.0,0
2021-08-25 04:49:02.495000+00:00,70B3D5499C9F22F1,Droplet #6,Droplet,Rottenraw Burn u/s Elliot Water confluence,56.55722722014659,-2.6604111487841786,03e50001905927100028000000000000,9.97,1024.89,100.0,4.0,0.0,0.0,0
2021-08-25 05:04:17.708000+00:00,70B3D5499C9F22F1,Droplet #6,Droplet,Rottenraw Burn u/s Elliot Water confluence,56.55722722014659,-2.6604111487841786,03e70001902b27100029000000000000,9.99,1024.43,100.0,4.1,0.0,0.0,0
2021-08-25 05:19:32.497000+00:00,70B3D5499C9F22F1,Droplet #6,Droplet,Rottenraw Burn u/s Elliot Water confluence,56.55722722014659,-2.6604111487841786,03e00001902927100029000000000000,9.92,1024.41,100.0,4.1,0.0,0.0,0
2021-08-25 05:34:46.528000+00:00,70B3D5499C9F22F1,Droplet #6,Droplet,Rottenraw Burn u/s Elliot Water confluence,56.55722722014659,-2.6604111487841786,040c0001904f27100029000000000000,10.36,1024.79,100.0,4.1,0.0,0.0,0
2021-08-25 05:50:03.183000+00:00,70B3D5499C9F22F1,Droplet #6,Droplet,Rottenraw Burn u/s Elliot Water confluence,56.55722722014659,-2.6604111487841786,045b0001906027100028000000000000,11.15,1024.96,100.0,4.0,0.0,0.0,0
2021-08-25 06:05:19.178000+00:00,70B3D5499C9F22F1,Droplet #6,Droplet,Rottenraw Burn u/s Elliot Water confluence,56.55722722014659,-2.6604111487841786,04920001904427100029000000000000,11.7,1024.68,100.0,4.1,0.0,0.0,0
2021-08-25 06:35:51.918000+00:00,70B3D5499C9F22F1,Droplet #6,Droplet,Rottenraw Burn u/s Elliot Water confluence,56.55722722014659,-2.6604111487841786,04e20001905127100028000000000000,12.5,1024.81,100.0,4.0,0.0,0.0,0
2021-08-25 06:51:07.828000+00:00,70B3D5499C9F22F1,Droplet #6,Droplet,Rottenraw Burn u/s Elliot Water confluence,56.55722722014659,-2.6604111487841786,04ec0001904427100028000000000000,12.6,1024.68,100.0,4.0,0.0,0.0,0
2021-08-25 07:06:22.829000+00:00,70B3D5499C9F22F1,Droplet #6,Droplet,Rottenraw Burn u/s Elliot Water confluence,56.55722722014659,-2.6604111487841786,05010001903427100028000000000000,12.81,1024.52,100.0,4.0,0.0,0.0,0
2021-08-25 07:21:37.636000+00:00,70B3D5499C9F22F1,Droplet #6,Droplet,Rottenraw Burn u/s Elliot Water confluence,56.55722722014659,-2.6604111487841786,051b0001902727100029000000000000,13.07,1024.39,100.0,4.1,0.0,0.0,0
2021-08-25 07:36:54.012000+00:00,70B3D5499C9F22F1,Droplet #6,Droplet,Rottenraw Burn u/s Elliot Water confluence,56.55722722014659,-2.6604111487841786,053f0001901927100028000000000000,13.43,1024.25,100.0,4.0,0.0,0.0,0
2021-08-25 07:52:09.616000+00:00,70B3D5499C9F22F1,Droplet #6,Droplet,Rottenraw Burn u/s Elliot Water confluence,56.55722722014659,-2.6604111487841786,055a0001901c27100029000000000000,13.7,1024.28,100.0,4.1,0.0,0.0,0
2021-08-25 08:22:41.562000+00:00,70B3D5499C9F22F1,Droplet #6,Droplet,Rottenraw Burn u/s Elliot Water confluence,56.55722722014659,-2.6604111487841786,058b0001900927100029000000000000,14.19,1024.09,100.0,4.1,0.0,0.0,0
2021-08-25 08:37:56.825000+00:00,70B3D5499C9F22F1,Droplet #6,Droplet,Rottenraw Burn u/s Elliot Water confluence,56.55722722014659,-2.6604111487841786,05aa0001900327100029000000000000,14.5,1024.03,100.0,4.1,0.0,0.0,0
2021-08-25 08:53:12.554000+00:00,70B3D5499C9F22F1,Droplet #6,Droplet,Rottenraw Burn u/s Elliot Water confluence,56.55722722014659,-2.6604111487841786,05c400018ff427100029000000000000,14.76,1023.88,100.0,4.1,0.0,0.0,0
2021-08-25 09:08:27.134000+00:00,70B3D5499C9F22F1,Droplet #6,Droplet,Rottenraw Burn u/s Elliot Water confluence,56.55722722014659,-2.6604111487841786,05e300018fe227100029000000000000,15.07,1023.7,100.0,4.1,0.0,0.0,0
2021-08-25 09:23:41.975000+00:00,70B3D5499C9F22F1,Droplet #6,Droplet,Rottenraw Burn u/s Elliot Water confluence,56.55722722014659,-2.6604111487841786,05fa00018fe027100029000000000000,15.3,1023.68,100.0,4.1,0.0,0.0,0
2021-08-25 09:38:58.034000+00:00,70B3D5499C9F22F1,Droplet #6,Droplet,Rottenraw Burn u/s Elliot Water confluence,56.55722722014659,-2.6604111487841786,062100018fd627100029000000000000,15.69,1023.58,100.0,4.1,0.0,0.0,0
2021-08-25 09:54:12.156000+00:00,70B3D5499C9F22F1,Droplet #6,Droplet,Rottenraw Burn u/s Elliot Water confluence,56.55722722014659,-2.6604111487841786,065f00018fe227100029000000000000,16.31,1023.7,100.0,4.1,0.0,0.0,0
2021-08-25 10:09:27.777000+00:00,70B3D5499C9F22F1,Droplet #6,Droplet,Rottenraw Burn u/s Elliot Water confluence,56.55722722014659,-2.6604111487841786,068d00018fdd27100029000000000000,16.77,1023.65,100.0,4.1,0.0,0.0,0
2021-08-25 10:24:42.791000+00:00,70B3D5499C9F22F1,Droplet #6,Droplet,Rottenraw Burn u/s Elliot Water confluence,56.55722722014659,-2.6604111487841786,06d200018fe827100029000000000000,17.46,1023.76,100.0,4.1,0.0,0.0,0
2021-08-25 10:39:58.155000+00:00,70B3D5499C9F22F1,Droplet #6,Droplet,Rottenraw Burn u/s Elliot Water confluence,56.55722722014659,-2.6604111487841786,06f600018fd82710002a000000000000,17.82,1023.6,100.0,4.2,0.0,0.0,0
2021-08-25 10:55:14.931000+00:00,70B3D5499C9F22F1,Droplet #6,Droplet,Rottenraw Burn u/s Elliot Water confluence,56.55722722014659,-2.6604111487841786,074f00018fc92710002a000000000000,18.71,1023.45,100.0,4.2,0.0,0.0,0
2021-08-25 11:10:31.462000+00:00,70B3D5499C9F22F1,Droplet #6,Droplet,Rottenraw Burn u/s Elliot Water confluence,56.55722722014659,-2.6604111487841786,079900018fe027100029000000000000,19.45,1023.68,100.0,4.1,0.0,0.0,0
2021-08-25 11:25:45.744000+00:00,70B3D5499C9F22F1,Droplet #6,Droplet,Rottenraw Burn u/s Elliot Water confluence,56.55722722014659,-2.6604111487841786,07ac00018fbd2710002a000000000000,19.64,1023.33,100.0,4.2,0.0,0.0,0
2021-08-25 11:41:01.146000+00:00,70B3D5499C9F22F1,Droplet #6,Droplet,Rottenraw Burn u/s Elliot Water confluence,56.55722722014659,-2.6604111487841786,079300018fc627100029000000000000,19.39,1023.42,100.0,4.1,0.0,0.0,0
2021-08-25 12:11:31.649000+00:00,70B3D5499C9F22F1,Droplet #6,Droplet,Rottenraw Burn u/s Elliot Water confluence,56.55722722014659,-2.6604111487841786,074c00018fbf2710002a000000000000,18.68,1023.35,100.0,4.2,0.0,0.0,0
2021-08-25 12:26:46.131000+00:00,70B3D5499C9F22F1,Droplet #6,Droplet,Rottenraw Burn u/s Elliot Water confluence,56.55722722014659,-2.6604111487841786,071a00018fb02710002a000000000000,18.18,1023.2,100.0,4.2,0.0,0.0,0
2021-08-25 12:42:01.768000+00:00,70B3D5499C9F22F1,Droplet #6,Droplet,Rottenraw Burn u/s Elliot Water confluence,56.55722722014659,-2.6604111487841786,071900018fb32710002a000000000000,18.17,1023.23,100.0,4.2,0.0,0.0,0
2021-08-25 12:57:17.470000+00:00,70B3D5499C9F22F1,Droplet #6,Droplet,Rottenraw Burn u/s Elliot Water confluence,56.55722722014659,-2.6604111487841786,072900018faa2710002a000000000000,18.33,1023.14,100.0,4.2,0.0,0.0,0
2021-08-25 13:12:32.427000+00:00,70B3D5499C9F22F1,Droplet #6,Droplet,Rottenraw Burn u/s Elliot Water confluence,56.55722722014659,-2.6604111487841786,06ef00018fa02710002a000000000000,17.75,1023.04,100.0,4.2,0.0,0.0,0
2021-08-25 13:43:03.281000+00:00,70B3D5499C9F22F1,Droplet #6,Droplet,Rottenraw Burn u/s Elliot Water confluence,56.55722722014659,-2.6604111487841786,06d400018f8c2710002a000000000000,17.48,1022.84,100.0,4.2,0.0,0.0,0
2021-08-25 13:58:19.407000+00:00,70B3D5499C9F22F1,Droplet #6,Droplet,Rottenraw Burn u/s Elliot Water confluence,56.55722722014659,-2.6604111487841786,070700018f662710002a000000000000,17.99,1022.46,100.0,4.2,0.0,0.0,0
2021-08-25 14:13:35.481000+00:00,70B3D5499C9F22F1,Droplet #6,Droplet,Rottenraw Burn u/s Elliot Water confluence,56.55722722014659,-2.6604111487841786,073b00018f722710002a000000000000,18.51,1022.58,100.0,4.2,0.0,0.0,0
2021-08-25 14:28:50.617000+00:00,70B3D5499C9F22F1,Droplet #6,Droplet,Rottenraw Burn u/s Elliot Water confluence,56.55722722014659,-2.6604111487841786,071600018f582710002a000000000000,18.14,1022.32,100.0,4.2,0.0,0.0,0
2021-08-25 14:44:05.336000+00:00,70B3D5499C9F22F1,Droplet #6,Droplet,Rottenraw Burn u/s Elliot Water confluence,56.55722722014659,-2.6604111487841786,06f600018f552710002a000000000000,17.82,1022.29,100.0,4.2,0.0,0.0,0
2021-08-25 15:14:35.833000+00:00,70B3D5499C9F22F1,Droplet #6,Droplet,Rottenraw Burn u/s Elliot Water confluence,56.55722722014659,-2.6604111487841786,06b800018f372710002a000000000000,17.2,1021.99,100.0,4.2,0.0,0.0,0
2021-08-25 15:29:51.288000+00:00,70B3D5499C9F22F1,Droplet #6,Droplet,Rottenraw Burn u/s Elliot Water confluence,56.55722722014659,-2.6604111487841786,06bb00018f222710002a000000000000,17.23,1021.78,100.0,4.2,0.0,0.0,0
2021-08-25 15:45:06.242000+00:00,70B3D5499C9F22F1,Droplet #6,Droplet,Rottenraw Burn u/s Elliot Water confluence,56.55722722014659,-2.6604111487841786,06c400018f342710002a000000000000,17.32,1021.96,100.0,4.2,0.0,0.0,0
2021-08-25 16:00:22.130000+00:00,70B3D5499C9F22F1,Droplet #6,Droplet,Rottenraw Burn u/s Elliot Water confluence,56.55722722014659,-2.6604111487841786,06b500018f322710002a000000000000,17.17,1021.94,100.0,4.2,0.0,0.0,0
2021-08-25 16:15:37.545000+00:00,70B3D5499C9F22F1,Droplet #6,Droplet,Rottenraw Burn u/s Elliot Water confluence,56.55722722014659,-2.6604111487841786,06b000018f202710002a000000000000,17.12,1021.76,100.0,4.2,0.0,0.0,0
2021-08-25 16:46:07.440000+00:00,70B3D5499C9F22F1,Droplet #6,Droplet,Rottenraw Burn u/s Elliot Water confluence,56.55722722014659,-2.6604111487841786,06a200018f112710002a000000000000,16.98,1021.61,100.0,4.2,0.0,0.0,0
2021-08-25 17:01:22.551000+00:00,70B3D5499C9F22F1,Droplet #6,Droplet,Rottenraw Burn u/s Elliot Water confluence,56.55722722014659,-2.6604111487841786,06b800018efe2710002a000000000000,17.2,1021.42,100.0,4.2,0.0,0.0,0
2021-08-25 17:16:37.144000+00:00,70B3D5499C9F22F1,Droplet #6,Droplet,Rottenraw Burn u/s Elliot Water confluence,56.55722722014659,-2.6604111487841786,06cd00018efe2710002a000000000000,17.41,1021.42,100.0,4.2,0.0,0.0,0
2021-08-25 17:31:52.638000+00:00,70B3D5499C9F22F1,Droplet #6,Droplet,Rottenraw Burn u/s Elliot Water confluence,56.55722722014659,-2.6604111487841786,06e000018eeb2710002a000000000000,17.6,1021.23,100.0,4.2,0.0,0.0,0
2021-08-25 17:47:08.286000+00:00,70B3D5499C9F22F1,Droplet #6,Droplet,Rottenraw Burn u/s Elliot Water confluence,56.55722722014659,-2.6604111487841786,06bb00018f032710002a000000000000,17.23,1021.47,100.0,4.2,0.0,0.0,0
2021-08-25 18:02:23.160000+00:00,70B3D5499C9F22F1,Droplet #6,Droplet,Rottenraw Burn u/s Elliot Water confluence,56.55722722014659,-2.6604111487841786,06b500018ef72710002a000000000000,17.17,1021.35,100.0,4.2,0.0,0.0,0
2021-08-25 18:17:38.393000+00:00,70B3D5499C9F22F1,Droplet #6,Droplet,Rottenraw Burn u/s Elliot Water confluence,56.55722722014659,-2.6604111487841786,069700018ef52710002a000000000000,16.87,1021.33,100.0,4.2,0.0,0.0,0
2021-08-25 18:32:52.852000+00:00,70B3D5499C9F22F1,Droplet #6,Droplet,Rottenraw Burn u/s Elliot Water confluence,56.55722722014659,-2.6604111487841786,067e00018ef12710002a000000000000,16.62,1021.29,100.0,4.2,0.0,0.0,0
2021-08-25 18:48:07.058000+00:00,70B3D5499C9F22F1,Droplet #6,Droplet,Rottenraw Burn u/s Elliot Water confluence,56.55722722014659,-2.6604111487841786,062900018ef52710002a000000000000,15.77,1021.33,100.0,4.2,0.0,0.0,0
2021-08-25 19:03:21.617000+00:00,70B3D5499C9F22F1,Droplet #6,Droplet,Rottenraw Burn u/s Elliot Water confluence,56.55722722014659,-2.6604111487841786,05eb00018efa2710002a000000000000,15.15,1021.38,100.0,4.2,0.0,0.0,0
2021-08-25 19:18:37.249000+00:00,70B3D5499C9F22F1,Droplet #6,Droplet,Rottenraw Burn u/s Elliot Water confluence,56.55722722014659,-2.6604111487841786,05af00018efb2710002a000000000000,14.55,1021.39,100.0,4.2,0.0,0.0,0
2021-08-25 19:33:51.914000+00:00,70B3D5499C9F22F1,Droplet #6,Droplet,Rottenraw Burn u/s Elliot Water confluence,56.55722722014659,-2.6604111487841786,056d00018f062710002a000000000000,13.89,1021.5,100.0,4.2,0.0,0.0,0
2021-08-25 19:49:05.862000+00:00,70B3D5499C9F22F1,Droplet #6,Droplet,Rottenraw Burn u/s Elliot Water confluence,56.55722722014659,-2.6604111487841786,053f00018ee42710002a000000000000,13.43,1021.16,100.0,4.2,0.0,0.0,0
2021-08-25 20:04:20.332000+00:00,70B3D5499C9F22F1,Droplet #6,Droplet,Rottenraw Burn u/s Elliot Water confluence,56.55722722014659,-2.6604111487841786,051100018f282710002a000000000000,12.97,1021.84,100.0,4.2,0.0,0.0,0
2021-08-25 20:19:35.665000+00:00,70B3D5499C9F22F1,Droplet #6,Droplet,Rottenraw Burn u/s Elliot Water confluence,56.55722722014659,-2.6604111487841786,04f400018f262710002a000000000000,12.68,1021.82,100.0,4.2,0.0,0.0,0
2021-08-25 20:34:51.483000+00:00,70B3D5499C9F22F1,Droplet #6,Droplet,Rottenraw Burn u/s Elliot Water confluence,56.55722722014659,-2.6604111487841786,04ec00018f0a2710002a000000000000,12.6,1021.54,100.0,4.2,0.0,0.0,0
2021-08-25 20:50:06.536000+00:00,70B3D5499C9F22F1,Droplet #6,Droplet,Rottenraw Burn u/s Elliot Water confluence,56.55722722014659,-2.6604111487841786,051800018f272710002a000000000000,13.04,1021.83,100.0,4.2,0.0,0.0,0
2021-08-25 21:05:23.006000+00:00,70B3D5499C9F22F1,Droplet #6,Droplet,Rottenraw Burn u/s Elliot Water confluence,56.55722722014659,-2.6604111487841786,053000018ef72710002a000000000000,13.28,1021.35,100.0,4.2,0.0,0.0,0
2021-08-25 21:20:39.137000+00:00,70B3D5499C9F22F1,Droplet #6,Droplet,Rottenraw Burn u/s Elliot Water confluence,56.55722722014659,-2.6604111487841786,055300018ef62710002a000000000000,13.63,1021.34,100.0,4.2,0.0,0.0,0
2021-08-25 21:35:53.953000+00:00,70B3D5499C9F22F1,Droplet #6,Droplet,Rottenraw Burn u/s Elliot Water confluence,56.55722722014659,-2.6604111487841786,056a00018ef52710002a000000000000,13.86,1021.33,100.0,4.2,0.0,0.0,0
2021-08-25 21:51:10.228000+00:00,70B3D5499C9F22F1,Droplet #6,Droplet,Rottenraw Burn u/s Elliot Water confluence,56.55722722014659,-2.6604111487841786,056e00018f0a2710002a000000000000,13.9,1021.54,100.0,4.2,0.0,0.0,0
2021-08-25 22:06:26.386000+00:00,70B3D5499C9F22F1,Droplet #6,Droplet,Rottenraw Burn u/s Elliot Water confluence,56.55722722014659,-2.6604111487841786,057200018f1e2710002a000000000000,13.94,1021.74,100.0,4.2,0.0,0.0,0
2021-08-25 22:21:41.064000+00:00,70B3D5499C9F22F1,Droplet #6,Droplet,Rottenraw Burn u/s Elliot Water confluence,56.55722722014659,-2.6604111487841786,056400018f112710002a000000000000,13.8,1021.61,100.0,4.2,0.0,0.0,0
2021-08-25 22:36:55.922000+00:00,70B3D5499C9F22F1,Droplet #6,Droplet,Rottenraw Burn u/s Elliot Water confluence,56.55722722014659,-2.6604111487841786,056600018eff2710002a000000000000,13.82,1021.43,100.0,4.2,0.0,0.0,0
2021-08-25 22:52:11.938000+00:00,70B3D5499C9F22F1,Droplet #6,Droplet,Rottenraw Burn u/s Elliot Water confluence,56.55722722014659,-2.6604111487841786,057600018f062710002a000000000000,13.98,1021.5,100.0,4.2,0.0,0.0,0
2021-08-25 23:07:26.202000+00:00,70B3D5499C9F22F1,Droplet #6,Droplet,Rottenraw Burn u/s Elliot Water confluence,56.55722722014659,-2.6604111487841786,057700018efd2710002a000000000000,13.99,1021.41,100.0,4.2,0.0,0.0,0
2021-08-25 23:22:42.156000+00:00,70B3D5499C9F22F1,Droplet #6,Droplet,Rottenraw Burn u/s Elliot Water confluence,56.55722722014659,-2.6604111487841786,057e00018f122710002a000000000000,14.06,1021.62,100.0,4.2,0.0,0.0,0
2021-08-25 23:37:57.109000+00:00,70B3D5499C9F22F1,Droplet #6,Droplet,Rottenraw Burn u/s Elliot Water confluence,56.55722722014659,-2.6604111487841786,058000018f0d2710002a000000000000,14.08,1021.57,100.0,4.2,0.0,0.0,0
2021-08-25 23:53:12.551000+00:00,70B3D5499C9F22F1,Droplet #6,Droplet,Rottenraw Burn u/s Elliot Water confluence,56.55722722014659,-2.6604111487841786,059500018f142710002a000000000000,14.29,1021.64,100.0,4.2,0.0,0.0,0
2021-08-26 00:08:28.554000+00:00,70B3D5499C9F22F1,Droplet #6,Droplet,Rottenraw Burn u/s Elliot Water confluence,56.55722722014659,-2.6604111487841786,059200018efe2710002a000000000000,14.26,1021.42,100.0,4.2,0.0,0.0,0
2021-08-26 00:23:45.040000+00:00,70B3D5499C9F22F1,Droplet #6,Droplet,Rottenraw Burn u/s Elliot Water confluence,56.55722722014659,-2.6604111487841786,059a00018ef62710002a000000000000,14.34,1021.34,100.0,4.2,0.0,0.0,0
2021-08-26 00:39:00.277000+00:00,70B3D5499C9F22F1,Droplet #6,Droplet,Rottenraw Burn u/s Elliot Water confluence,56.55722722014659,-2.6604111487841786,059c00018ee82710002a000000000000,14.36,1021.2,100.0,4.2,0.0,0.0,0
2021-08-26 00:54:15.481000+00:00,70B3D5499C9F22F1,Droplet #6,Droplet,Rottenraw Burn u/s Elliot Water confluence,56.55722722014659,-2.6604111487841786,058900018ee72710002a000000000000,14.17,1021.19,100.0,4.2,0.0,0.0,0
2021-08-26 01:09:29.997000+00:00,70B3D5499C9F22F1,Droplet #6,Droplet,Rottenraw Burn u/s Elliot Water confluence,56.55722722014659,-2.6604111487841786,056100018ee02710002a000000000000,13.77,1021.12,100.0,4.2,0.0,0.0,0
2021-08-26 01:24:45.081000+00:00,70B3D5499C9F22F1,Droplet #6,Droplet,Rottenraw Burn u/s Elliot Water confluence,56.55722722014659,-2.6604111487841786,054300018eb82710002a000000000000,13.47,1020.72,100.0,4.2,0.0,0.0,0
2021-08-26 01:40:00.227000+00:00,70B3D5499C9F22F1,Droplet #6,Droplet,Rottenraw Burn u/s Elliot Water confluence,56.55722722014659,-2.6604111487841786,053500018eb32710002a000000000000,13.33,1020.67,100.0,4.2,0.0,0.0,0
2021-08-26 01:55:14.981000+00:00,70B3D5499C9F22F1,Droplet #6,Droplet,Rottenraw Burn u/s Elliot Water confluence,56.55722722014659,-2.6604111487841786,052f00018eb32710002a000000000000,13.27,1020.67,100.0,4.2,0.0,0.0,0
2021-08-26 02:10:30.511000+00:00,70B3D5499C9F22F1,Droplet #6,Droplet,Rottenraw Burn u/s Elliot Water confluence,56.55722722014659,-2.6604111487841786,051200018eae2710002a000000000000,12.98,1020.62,100.0,4.2,0.0,0.0,0
2021-08-26 02:25:44.917000+00:00,70B3D5499C9F22F1,Droplet #6,Droplet,Rottenraw Burn u/s Elliot Water confluence,56.55722722014659,-2.6604111487841786,050a00018eb12710002a000000000000,12.9,1020.65,100.0,4.2,0.0,0.0,0
2021-08-26 02:40:59.870000+00:00,70B3D5499C9F22F1,Droplet #6,Droplet,Rottenraw Burn u/s Elliot Water confluence,56.55722722014659,-2.6604111487841786,04e900018ee12710002a000000000000,12.57,1021.13,100.0,4.2,0.0,0.0,0
2021-08-26 02:56:13.650000+00:00,70B3D5499C9F22F1,Droplet #6,Droplet,Rottenraw Burn u/s Elliot Water confluence,56.55722722014659,-2.6604111487841786,04ab00018e9b2710002a000000000000,11.95,1020.43,100.0,4.2,0.0,0.0,0
2021-08-26 03:11:26.527000+00:00,70B3D5499C9F22F1,Droplet #6,Droplet,Rottenraw Burn u/s Elliot Water confluence,56.55722722014659,-2.6604111487841786,045b00018ece2710002a000000000000,11.15,1020.94,100.0,4.2,0.0,0.0,0
2021-08-26 03:26:40.444000+00:00,70B3D5499C9F22F1,Droplet #6,Droplet,Rottenraw Burn u/s Elliot Water confluence,56.55722722014659,-2.6604111487841786,044900018efc2710002a000000000000,10.97,1021.4,100.0,4.2,0.0,0.0,0
2021-08-26 03:41:56.067000+00:00,70B3D5499C9F22F1,Droplet #6,Droplet,Rottenraw Burn u/s Elliot Water confluence,56.55722722014659,-2.6604111487841786,042000018eac2710002a000000000000,10.56,1020.6,100.0,4.2,0.0,0.0,0
2021-08-26 03:57:11.358000+00:00,70B3D5499C9F22F1,Droplet #6,Droplet,Rottenraw Burn u/s Elliot Water confluence,56.55722722014659,-2.6604111487841786,041500018eae2710002a000000000000,10.45,1020.62,100.0,4.2,0.0,0.0,0
2021-08-26 04:12:25.925000+00:00,70B3D5499C9F22F1,Droplet #6,Droplet,Rottenraw Burn u/s Elliot Water confluence,56.55722722014659,-2.6604111487841786,03f600018ec82710002a000000000000,10.14,1020.88,100.0,4.2,0.0,0.0,0
2021-08-26 04:27:41.260000+00:00,70B3D5499C9F22F1,Droplet #6,Droplet,Rottenraw Burn u/s Elliot Water confluence,56.55722722014659,-2.6604111487841786,040000018ec22710002a000000000000,10.24,1020.82,100.0,4.2,0.0,0.0,0
2021-08-26 04:42:55.924000+00:00,70B3D5499C9F22F1,Droplet #6,Droplet,Rottenraw Burn u/s Elliot Water confluence,56.55722722014659,-2.6604111487841786,03d000018ed22710002a000000000000,9.76,1020.98,100.0,4.2,0.0,0.0,0
2021-08-26 04:58:10.094000+00:00,70B3D5499C9F22F1,Droplet #6,Droplet,Rottenraw Burn u/s Elliot Water confluence,56.55722722014659,-2.6604111487841786,038000018ee32710002a000000000000,8.96,1021.15,100.0,4.2,0.0,0.0,0
2021-08-26 05:13:24.553000+00:00,70B3D5499C9F22F1,Droplet #6,Droplet,Rottenraw Burn u/s Elliot Water confluence,56.55722722014659,-2.6604111487841786,037700018ebe2710002a000000000000,8.87,1020.78,100.0,4.2,0.0,0.0,0
2021-08-26 05:28:39.798000+00:00,70B3D5499C9F22F1,Droplet #6,Droplet,Rottenraw Burn u/s Elliot Water confluence,56.55722722014659,-2.6604111487841786,037200018ef22710002a000000000000,8.82,1021.3,100.0,4.2,0.0,0.0,0
2021-08-26 05:43:56.049000+00:00,70B3D5499C9F22F1,Droplet #6,Droplet,Rottenraw Burn u/s Elliot Water confluence,56.55722722014659,-2.6604111487841786,03be00018ee02710002a000000000000,9.58,1021.12,100.0,4.2,0.0,0.0,0
2021-08-26 05:59:12.293000+00:00,70B3D5499C9F22F1,Droplet #6,Droplet,Rottenraw Burn u/s Elliot Water confluence,56.55722722014659,-2.6604111487841786,043b00018ee12710002a000000000000,10.83,1021.13,100.0,4.2,0.0,0.0,0
2021-08-26 06:14:29.058000+00:00,70B3D5499C9F22F1,Droplet #6,Droplet,Rottenraw Burn u/s Elliot Water confluence,56.55722722014659,-2.6604111487841786,04a500018ed72710002a000000000000,11.89,1021.03,100.0,4.2,0.0,0.0,0
2021-08-26 06:29:45.629000+00:00,70B3D5499C9F22F1,Droplet #6,Droplet,Rottenraw Burn u/s Elliot Water confluence,56.55722722014659,-2.6604111487841786,050500018eee2710002a000000000000,12.85,1021.26,100.0,4.2,0.0,0.0,0
2021-08-26 06:45:02.490000+00:00,70B3D5499C9F22F1,Droplet #6,Droplet,Rottenraw Burn u/s Elliot Water confluence,56.55722722014659,-2.6604111487841786,054100018f052710002a000000000000,13.45,1021.49,100.0,4.2,0.0,0.0,0
2021-08-26 07:00:18.559000+00:00,70B3D5499C9F22F1,Droplet #6,Droplet,Rottenraw Burn u/s Elliot Water confluence,56.55722722014659,-2.6604111487841786,056f00018ee82710002a000000000000,13.91,1021.2,100.0,4.2,0.0,0.0,0
2021-08-26 07:15:34.156000+00:00,70B3D5499C9F22F1,Droplet #6,Droplet,Rottenraw Burn u/s Elliot Water confluence,56.55722722014659,-2.6604111487841786,059800018eeb2710002a000000000000,14.32,1021.23,100.0,4.2,0.0,0.0,0
2021-08-26 07:30:50.090000+00:00,70B3D5499C9F22F1,Droplet #6,Droplet,Rottenraw Burn u/s Elliot Water confluence,56.55722722014659,-2.6604111487841786,05da00018ef62710002a000000000000,14.98,1021.34,100.0,4.2,0.0,0.0,0
2021-08-26 07:46:05.701000+00:00,70B3D5499C9F22F1,Droplet #6,Droplet,Rottenraw Burn u/s Elliot Water confluence,56.55722722014659,-2.6604111487841786,05fe00018f112710002a000000000000,15.34,1021.61,100.0,4.2,0.0,0.0,0
2021-08-26 08:01:21.156000+00:00,70B3D5499C9F22F1,Droplet #6,Droplet,Rottenraw Burn u/s Elliot Water confluence,56.55722722014659,-2.6604111487841786,062600018f002710002a000000000000,15.74,1021.44,100.0,4.2,0.0,0.0,0
2021-08-26 08:16:36.222000+00:00,70B3D5499C9F22F1,Droplet #6,Droplet,Rottenraw Burn u/s Elliot Water confluence,56.55722722014659,-2.6604111487841786,065100018f032710002a000000000000,16.17,1021.47,100.0,4.2,0.0,0.0,0
2021-08-26 08:31:52.270000+00:00,70B3D5499C9F22F1,Droplet #6,Droplet,Rottenraw Burn u/s Elliot Water confluence,56.55722722014659,-2.6604111487841786,065d00018efc2710002a000000000000,16.29,1021.4,100.0,4.2,0.0,0.0,0
2021-08-26 08:47:08.170000+00:00,70B3D5499C9F22F1,Droplet #6,Droplet,Rottenraw Burn u/s Elliot Water confluence,56.55722722014659,-2.6604111487841786,067600018f122710002a000000000000,16.54,1021.62,100.0,4.2,0.0,0.0,0
2021-08-26 09:02:23.541000+00:00,70B3D5499C9F22F1,Droplet #6,Droplet,Rottenraw Burn u/s Elliot Water confluence,56.55722722014659,-2.6604111487841786,065500018f002710002a000000000000,16.21,1021.44,100.0,4.2,0.0,0.0,0
2021-08-26 09:17:39.142000+00:00,70B3D5499C9F22F1,Droplet #6,Droplet,Rottenraw Burn u/s Elliot Water confluence,56.55722722014659,-2.6604111487841786,064e00018eea2710002a000000000000,16.14,1021.22,100.0,4.2,0.0,0.0,0
2021-08-26 09:32:55.278000+00:00,70B3D5499C9F22F1,Droplet #6,Droplet,Rottenraw Burn u/s Elliot Water confluence,56.55722722014659,-2.6604111487841786,066200018efe2710002a000000000000,16.34,1021.42,100.0,4.2,0.0,0.0,0
2021-08-26 09:48:11.671000+00:00,70B3D5499C9F22F1,Droplet #6,Droplet,Rottenraw Burn u/s Elliot Water confluence,56.55722722014659,-2.6604111487841786,06ae00018ef62710002a000000000000,17.1,1021.34,100.0,4.2,0.0,0.0,0
2021-08-26 10:03:26.458000+00:00,70B3D5499C9F22F1,Droplet #6,Droplet,Rottenraw Burn u/s Elliot Water confluence,56.55722722014659,-2.6604111487841786,06cb00018ee72710002a000000000000,17.39,1021.19,100.0,4.2,0.0,0.0,0
2021-08-26 10:18:40.405000+00:00,70B3D5499C9F22F1,Droplet #6,Droplet,Rottenraw Burn u/s Elliot Water confluence,56.55722722014659,-2.6604111487841786,06cd00018edb2710002a000000000000,17.41,1021.07,100.0,4.2,0.0,0.0,0
2021-08-26 10:33:55.163000+00:00,70B3D5499C9F22F1,Droplet #6,Droplet,Rottenraw Burn u/s Elliot Water confluence,56.55722722014659,-2.6604111487841786,06c100018ecc2710002a000000000000,17.29,1020.92,100.0,4.2,0.0,0.0,0
2021-08-26 10:49:10.291000+00:00,70B3D5499C9F22F1,Droplet #6,Droplet,Rottenraw Burn u/s Elliot Water confluence,56.55722722014659,-2.6604111487841786,06ed00018ecd2710002a000000000000,17.73,1020.93,100.0,4.2,0.0,0.0,0
2021-08-26 11:04:25.390000+00:00,70B3D5499C9F22F1,Droplet #6,Droplet,Rottenraw Burn u/s Elliot Water confluence,56.55722722014659,-2.6604111487841786,071300018ec02710002a000000000000,18.11,1020.8,100.0,4.2,0.0,0.0,0
2021-08-26 11:19:40.932000+00:00,70B3D5499C9F22F1,Droplet #6,Droplet,Rottenraw Burn u/s Elliot Water confluence,56.55722722014659,-2.6604111487841786,070a00018ec32710002a000000000000,18.02,1020.83,100.0,4.2,0.0,0.0,0
2021-08-26 11:50:10.196000+00:00,70B3D5499C9F22F1,Droplet #6,Droplet,Rottenraw Burn u/s Elliot Water confluence,56.55722722014659,-2.6604111487841786,071900018eb72710002a000000000000,18.17,1020.71,100.0,4.2,0.0,0.0,0
2021-08-26 12:05:25.805000+00:00,70B3D5499C9F22F1,Droplet #6,Droplet,Rottenraw Burn u/s Elliot Water confluence,56.55722722014659,-2.6604111487841786,076100018ea82710002a000000000000,18.89,1020.56,100.0,4.2,0.0,0.0,0
2021-08-26 12:20:40.485000+00:00,70B3D5499C9F22F1,Droplet #6,Droplet,Rottenraw Burn u/s Elliot Water confluence,56.55722722014659,-2.6604111487841786,075200018e9d2710002a000000000000,18.74,1020.45,100.0,4.2,0.0,0.0,0
2021-08-26 12:35:56.474000+00:00,70B3D5499C9F22F1,Droplet #6,Droplet,Rottenraw Burn u/s Elliot Water confluence,56.55722722014659,-2.6604111487841786,077300018e992710002a000000000000,19.07,1020.41,100.0,4.2,0.0,0.0,0
2021-08-26 12:51:12.892000+00:00,70B3D5499C9F22F1,Droplet #6,Droplet,Rottenraw Burn u/s Elliot Water confluence,56.55722722014659,-2.6604111487841786,079500018ea02710002a000000000000,19.41,1020.48,100.0,4.2,0.0,0.0,0
2021-08-26 13:06:27.834000+00:00,70B3D5499C9F22F1,Droplet #6,Droplet,Rottenraw Burn u/s Elliot Water confluence,56.55722722014659,-2.6604111487841786,076600018e9c2710002a000000000000,18.94,1020.44,100.0,4.2,0.0,0.0,0
2021-08-26 13:21:40.727000+00:00,70B3D5499C9F22F1,Droplet #6,Droplet,Rottenraw Burn u/s Elliot Water confluence,56.55722722014659,-2.6604111487841786,06d900018e9e2710002a000000000000,17.53,1020.46,100.0,4.2,0.0,0.0,0
2021-08-26 13:36:57.018000+00:00,70B3D5499C9F22F1,Droplet #6,Droplet,Rottenraw Burn u/s Elliot Water confluence,56.55722722014659,-2.6604111487841786,06f900018eaf2710002a000000000000,17.85,1020.63,100.0,4.2,0.0,0.0,0
2021-08-26 13:52:10.828000+00:00,70B3D5499C9F22F1,Droplet #6,Droplet,Rottenraw Burn u/s Elliot Water confluence,56.55722722014659,-2.6604111487841786,068c00018ea82710002a000000000000,16.76,1020.56,100.0,4.2,0.0,0.0,0
2021-08-26 14:07:25.544000+00:00,70B3D5499C9F22F1,Droplet #6,Droplet,Rottenraw Burn u/s Elliot Water confluence,56.55722722014659,-2.6604111487841786,064000018ebe2710002a000000000000,16.0,1020.78,100.0,4.2,0.0,0.0,0
2021-08-26 14:22:39.760000+00:00,70B3D5499C9F22F1,Droplet #6,Droplet,Rottenraw Burn u/s Elliot Water confluence,56.55722722014659,-2.6604111487841786,05f900018ec32710002a000000000000,15.29,1020.83,100.0,4.2,0.0,0.0,0
2021-08-26 14:37:55.627000+00:00,70B3D5499C9F22F1,Droplet #6,Droplet,Rottenraw Burn u/s Elliot Water confluence,56.55722722014659,-2.6604111487841786,061600018eb92710002a000000000000,15.58,1020.73,100.0,4.2,0.0,0.0,0
2021-08-26 14:53:09.752000+00:00,70B3D5499C9F22F1,Droplet #6,Droplet,Rottenraw Burn u/s Elliot Water confluence,56.55722722014659,-2.6604111487841786,05ec00018eb22710002a000000000000,15.16,1020.66,100.0,4.2,0.0,0.0,0
2021-08-26 15:08:25.338000+00:00,70B3D5499C9F22F1,Droplet #6,Droplet,Rottenraw Burn u/s Elliot Water confluence,56.55722722014659,-2.6604111487841786,05ec00018eb52710002a000000000000,15.16,1020.69,100.0,4.2,0.0,0.0,0
2021-08-26 15:23:40.998000+00:00,70B3D5499C9F22F1,Droplet #6,Droplet,Rottenraw Burn u/s Elliot Water confluence,56.55722722014659,-2.6604111487841786,05d400018eb72710002a000000000000,14.92,1020.71,100.0,4.2,0.0,0.0,0
2021-08-26 15:38:55.814000+00:00,70B3D5499C9F22F1,Droplet #6,Droplet,Rottenraw Burn u/s Elliot Water confluence,56.55722722014659,-2.6604111487841786,05a700018eab2710002a000000000000,14.47,1020.59,100.0,4.2,0.0,0.0,0
2021-08-26 15:54:11.265000+00:00,70B3D5499C9F22F1,Droplet #6,Droplet,Rottenraw Burn u/s Elliot Water confluence,56.55722722014659,-2.6604111487841786,059700018eaf2710002a000000000000,14.31,1020.63,100.0,4.2,0.0,0.0,0
2021-08-26 16:09:26.845000+00:00,70B3D5499C9F22F1,Droplet #6,Droplet,Rottenraw Burn u/s Elliot Water confluence,56.55722722014659,-2.6604111487841786,059700018ead2710002a000000000000,14.31,1020.61,100.0,4.2,0.0,0.0,0
2021-08-26 16:24:41.751000+00:00,70B3D5499C9F22F1,Droplet #6,Droplet,Rottenraw Burn u/s Elliot Water confluence,56.55722722014659,-2.6604111487841786,058000018ea22710002a000000000000,14.08,1020.5,100.0,4.2,0.0,0.0,0
2021-08-26 16:39:57.456000+00:00,70B3D5499C9F22F1,Droplet #6,Droplet,Rottenraw Burn u/s Elliot Water confluence,56.55722722014659,-2.6604111487841786,057700018ea12710002a000000000000,13.99,1020.49,100.0,4.2,0.0,0.0,0
2021-08-26 16:55:13.277000+00:00,70B3D5499C9F22F1,Droplet #6,Droplet,Rottenraw Burn u/s Elliot Water confluence,56.55722722014659,-2.6604111487841786,056900018ea72710002a000000000000,13.85,1020.55,100.0,4.2,0.0,0.0,0
2021-08-26 17:10:28.125000+00:00,70B3D5499C9F22F1,Droplet #6,Droplet,Rottenraw Burn u/s Elliot Water confluence,56.55722722014659,-2.6604111487841786,055f00018eb02710002a000000000000,13.75,1020.64,100.0,4.2,0.0,0.0,0
2021-08-26 17:25:42.565000+00:00,70B3D5499C9F22F1,Droplet #6,Droplet,Rottenraw Burn u/s Elliot Water confluence,56.55722722014659,-2.6604111487841786,056100018ea82710002a000000000000,13.77,1020.56,100.0,4.2,0.0,0.0,0
2021-08-26 17:40:57.610000+00:00,70B3D5499C9F22F1,Droplet #6,Droplet,Rottenraw Burn u/s Elliot Water confluence,56.55722722014659,-2.6604111487841786,055200018ea72710002a000000000000,13.62,1020.55,100.0,4.2,0.0,0.0,0
2021-08-26 17:56:12.921000+00:00,70B3D5499C9F22F1,Droplet #6,Droplet,Rottenraw Burn u/s Elliot Water confluence,56.55722722014659,-2.6604111487841786,053b00018e962710002a000000000000,13.39,1020.38,100.0,4.2,0.0,0.0,0
2021-08-26 18:11:28.088000+00:00,70B3D5499C9F22F1,Droplet #6,Droplet,Rottenraw Burn u/s Elliot Water confluence,56.55722722014659,-2.6604111487841786,052800018e9a2710002a000000000000,13.2,1020.42,100.0,4.2,0.0,0.0,0
2021-08-26 18:26:42.964000+00:00,70B3D5499C9F22F1,Droplet #6,Droplet,Rottenraw Burn u/s Elliot Water confluence,56.55722722014659,-2.6604111487841786,051200018ec52710002a000000000000,12.98,1020.85,100.0,4.2,0.0,0.0,0
2021-08-26 18:41:58.385000+00:00,70B3D5499C9F22F1,Droplet #6,Droplet,Rottenraw Burn u/s Elliot Water confluence,56.55722722014659,-2.6604111487841786,04dd00018eb22710002a000000000000,12.45,1020.66,100.0,4.2,0.0,0.0,0
2021-08-26 18:57:12.237000+00:00,70B3D5499C9F22F1,Droplet #6,Droplet,Rottenraw Burn u/s Elliot Water confluence,56.55722722014659,-2.6604111487841786,04a500018ec82710002a000000000000,11.89,1020.88,100.0,4.2,0.0,0.0,0
2021-08-26 19:12:27.138000+00:00,70B3D5499C9F22F1,Droplet #6,Droplet,Rottenraw Burn u/s Elliot Water confluence,56.55722722014659,-2.6604111487841786,045e00018ed52710002a000000000000,11.18,1021.01,100.0,4.2,0.0,0.0,0
2021-08-26 19:27:42.376000+00:00,70B3D5499C9F22F1,Droplet #6,Droplet,Rottenraw Burn u/s Elliot Water confluence,56.55722722014659,-2.6604111487841786,042d00018ec72710002a000000000000,10.69,1020.87,100.0,4.2,0.0,0.0,0
2021-08-26 19:42:57.577000+00:00,70B3D5499C9F22F1,Droplet #6,Droplet,Rottenraw Burn u/s Elliot Water confluence,56.55722722014659,-2.6604111487841786,03f000018f012710002a000000000000,10.08,1021.45,100.0,4.2,0.0,0.0,0
2021-08-26 19:58:13.011000+00:00,70B3D5499C9F22F1,Droplet #6,Droplet,Rottenraw Burn u/s Elliot Water confluence,56.55722722014659,-2.6604111487841786,03bb00018ed02710002a000000000000,9.55,1020.96,100.0,4.2,0.0,0.0,0
2021-08-26 20:13:27.426000+00:00,70B3D5499C9F22F1,Droplet #6,Droplet,Rottenraw Burn u/s Elliot Water confluence,56.55722722014659,-2.6604111487841786,039900018ed32710002a000000000000,9.21,1020.99,100.0,4.2,0.0,0.0,0
2021-08-26 20:28:42.679000+00:00,70B3D5499C9F22F1,Droplet #6,Droplet,Rottenraw Burn u/s Elliot Water confluence,56.55722722014659,-2.6604111487841786,037b00018ef02710002a000000000000,8.91,1021.28,100.0,4.2,0.0,0.0,0
2021-08-26 20:43:58.026000+00:00,70B3D5499C9F22F1,Droplet #6,Droplet,Rottenraw Burn u/s Elliot Water confluence,56.55722722014659,-2.6604111487841786,035300018ef32710002a000000000000,8.51,1021.31,100.0,4.2,0.0,0.0,0
2021-08-26 20:59:12.172000+00:00,70B3D5499C9F22F1,Droplet #6,Droplet,Rottenraw Burn u/s Elliot Water confluence,56.55722722014659,-2.6604111487841786,033100018ef92710002a000000000000,8.17,1021.37,100.0,4.2,0.0,0.0,0
2021-08-26 21:14:27.087000+00:00,70B3D5499C9F22F1,Droplet #6,Droplet,Rottenraw Burn u/s Elliot Water confluence,56.55722722014659,-2.6604111487841786,030f00018f092710002a000000000000,7.83,1021.53,100.0,4.2,0.0,0.0,0
2021-08-26 21:29:43.146000+00:00,70B3D5499C9F22F1,Droplet #6,Droplet,Rottenraw Burn u/s Elliot Water confluence,56.55722722014659,-2.6604111487841786,033500018f0e2710002a000000000000,8.21,1021.58,100.0,4.2,0.0,0.0,0
2021-08-26 21:44:59.488000+00:00,70B3D5499C9F22F1,Droplet #6,Droplet,Rottenraw Burn u/s Elliot Water confluence,56.55722722014659,-2.6604111487841786,039400018f202710002a000000000000,9.16,1021.76,100.0,4.2,0.0,0.0,0
2021-08-26 22:00:14.761000+00:00,70B3D5499C9F22F1,Droplet #6,Droplet,Rottenraw Burn u/s Elliot Water confluence,56.55722722014659,-2.6604111487841786,03bf00018f242710002a000000000000,9.59,1021.8,100.0,4.2,0.0,0.0,0
2021-08-26 22:15:30.723000+00:00,70B3D5499C9F22F1,Droplet #6,Droplet,Rottenraw Burn u/s Elliot Water confluence,56.55722722014659,-2.6604111487841786,03dd00018f172710002a000000000000,9.89,1021.67,100.0,4.2,0.0,0.0,0
2021-08-26 22:30:46.086000+00:00,70B3D5499C9F22F1,Droplet #6,Droplet,Rottenraw Burn u/s Elliot Water confluence,56.55722722014659,-2.6604111487841786,040300018eff2710002a000000000000,10.27,1021.43,100.0,4.2,0.0,0.0,0
2021-08-26 22:46:02.133000+00:00,70B3D5499C9F22F1,Droplet #6,Droplet,Rottenraw Burn u/s Elliot Water confluence,56.55722722014659,-2.6604111487841786,041500018f4d2710002a000000000000,10.45,1022.21,100.0,4.2,0.0,0.0,0
2021-08-26 23:01:17.480000+00:00,70B3D5499C9F22F1,Droplet #6,Droplet,Rottenraw Burn u/s Elliot Water confluence,56.55722722014659,-2.6604111487841786,040e00018f142710002a000000000000,10.38,1021.64,100.0,4.2,0.0,0.0,0
2021-08-26 23:16:32.128000+00:00,70B3D5499C9F22F1,Droplet #6,Droplet,Rottenraw Burn u/s Elliot Water confluence,56.55722722014659,-2.6604111487841786,041900018f3d2710002a000000000000,10.49,1022.05,100.0,4.2,0.0,0.0,0
2021-08-27 00:02:18.732000+00:00,70B3D5499C9F22F1,Droplet #6,Droplet,Rottenraw Burn u/s Elliot Water confluence,56.55722722014659,-2.6604111487841786,040400018f032710002a000000000000,10.28,1021.47,100.0,4.2,0.0,0.0,0
2021-08-27 00:17:33.706000+00:00,70B3D5499C9F22F1,Droplet #6,Droplet,Rottenraw Burn u/s Elliot Water confluence,56.55722722014659,-2.6604111487841786,040700018f1d2710002a000000000000,10.31,1021.73,100.0,4.2,0.0,0.0,0
2021-08-27 00:32:49.061000+00:00,70B3D5499C9F22F1,Droplet #6,Droplet,Rottenraw Burn u/s Elliot Water confluence,56.55722722014659,-2.6604111487841786,040100018f1e2710002a000000000000,10.25,1021.74,100.0,4.2,0.0,0.0,0
2021-08-27 00:48:03.695000+00:00,70B3D5499C9F22F1,Droplet #6,Droplet,Rottenraw Burn u/s Elliot Water confluence,56.55722722014659,-2.6604111487841786,03fc00018f152710002a000000000000,10.2,1021.65,100.0,4.2,0.0,0.0,0
2021-08-27 01:03:18.647000+00:00,70B3D5499C9F22F1,Droplet #6,Droplet,Rottenraw Burn u/s Elliot Water confluence,56.55722722014659,-2.6604111487841786,03f600018ed32710002a000000000000,10.14,1020.99,100.0,4.2,0.0,0.0,0
2021-08-27 01:18:34.195000+00:00,70B3D5499C9F22F1,Droplet #6,Droplet,Rottenraw Burn u/s Elliot Water confluence,56.55722722014659,-2.6604111487841786,03f000018eed2710002a000000000000,10.08,1021.25,100.0,4.2,0.0,0.0,0
2021-08-27 01:33:49.668000+00:00,70B3D5499C9F22F1,Droplet #6,Droplet,Rottenraw Burn u/s Elliot Water confluence,56.55722722014659,-2.6604111487841786,03ef00018f0f2710002a000000000000,10.07,1021.59,100.0,4.2,0.0,0.0,0
2021-08-27 01:49:04.018000+00:00,70B3D5499C9F22F1,Droplet #6,Droplet,Rottenraw Burn u/s Elliot Water confluence,56.55722722014659,-2.6604111487841786,03ec00018eff2710002a000000000000,10.04,1021.43,100.0,4.2,0.0,0.0,0
2021-08-27 02:04:18.231000+00:00,70B3D5499C9F22F1,Droplet #6,Droplet,Rottenraw Burn u/s Elliot Water confluence,56.55722722014659,-2.6604111487841786,03eb00018f0e2710002a000000000000,10.03,1021.58,100.0,4.2,0.0,0.0,0
2021-08-27 02:19:34.070000+00:00,70B3D5499C9F22F1,Droplet #6,Droplet,Rottenraw Burn u/s Elliot Water confluence,56.55722722014659,-2.6604111487841786,03df00018efc2710002a000000000000,9.91,1021.4,100.0,4.2,0.0,0.0,0
2021-08-27 02:34:48.664000+00:00,70B3D5499C9F22F1,Droplet #6,Droplet,Rottenraw Burn u/s Elliot Water confluence,56.55722722014659,-2.6604111487841786,03db00018f012710002a000000000000,9.87,1021.45,100.0,4.2,0.0,0.0,0
2021-08-27 02:50:04.190000+00:00,70B3D5499C9F22F1,Droplet #6,Droplet,Rottenraw Burn u/s Elliot Water confluence,56.55722722014659,-2.6604111487841786,03d300018f022710002a000000000000,9.79,1021.46,100.0,4.2,0.0,0.0,0
2021-08-27 03:05:20.132000+00:00,70B3D5499C9F22F1,Droplet #6,Droplet,Rottenraw Burn u/s Elliot Water confluence,56.55722722014659,-2.6604111487841786,03d400018f0b2710002a000000000000,9.8,1021.55,100.0,4.2,0.0,0.0,0
2021-08-27 03:20:35.786000+00:00,70B3D5499C9F22F1,Droplet #6,Droplet,Rottenraw Burn u/s Elliot Water confluence,56.55722722014659,-2.6604111487841786,03c400018eea2710002a000000000000,9.64,1021.22,100.0,4.2,0.0,0.0,0
2021-08-27 03:35:50.756000+00:00,70B3D5499C9F22F1,Droplet #6,Droplet,Rottenraw Burn u/s Elliot Water confluence,56.55722722014659,-2.6604111487841786,03b800018f0a27100029000000000000,9.52,1021.54,100.0,4.1,0.0,0.0,0
2021-08-27 03:51:05.604000+00:00,70B3D5499C9F22F1,Droplet #6,Droplet,Rottenraw Burn u/s Elliot Water confluence,56.55722722014659,-2.6604111487841786,03a600018f072710002a000000000000,9.34,1021.51,100.0,4.2,0.0,0.0,0
2021-08-27 04:06:21.177000+00:00,70B3D5499C9F22F1,Droplet #6,Droplet,Rottenraw Burn u/s Elliot Water confluence,56.55722722014659,-2.6604111487841786,03aa00018f0e2710002a000000000000,9.38,1021.58,100.0,4.2,0.0,0.0,0
2021-08-27 04:21:36.611000+00:00,70B3D5499C9F22F1,Droplet #6,Droplet,Rottenraw Burn u/s Elliot Water confluence,56.55722722014659,-2.6604111487841786,03ae00018efe2710002a000000000000,9.42,1021.42,100.0,4.2,0.0,0.0,0
2021-08-27 04:36:52.541000+00:00,70B3D5499C9F22F1,Droplet #6,Droplet,Rottenraw Burn u/s Elliot Water confluence,56.55722722014659,-2.6604111487841786,03b300018f172710002a000000000000,9.47,1021.67,100.0,4.2,0.0,0.0,0
2021-08-27 04:52:08.728000+00:00,70B3D5499C9F22F1,Droplet #6,Droplet,Rottenraw Burn u/s Elliot Water confluence,56.55722722014659,-2.6604111487841786,03b300018f122710002a000000000000,9.47,1021.62,100.0,4.2,0.0,0.0,0
2021-08-27 05:07:24.199000+00:00,70B3D5499C9F22F1,Droplet #6,Droplet,Rottenraw Burn u/s Elliot Water confluence,56.55722722014659,-2.6604111487841786,03b300018f142710002a000000000000,9.47,1021.64,100.0,4.2,0.0,0.0,0
2021-08-27 05:22:38.991000+00:00,70B3D5499C9F22F1,Droplet #6,Droplet,Rottenraw Burn u/s Elliot Water confluence,56.55722722014659,-2.6604111487841786,03ae00018f162710002a000000000000,9.42,1021.66,100.0,4.2,0.0,0.0,0
2021-08-27 05:37:54.243000+00:00,70B3D5499C9F22F1,Droplet #6,Droplet,Rottenraw Burn u/s Elliot Water confluence,56.55722722014659,-2.6604111487841786,03af00018f222710002a000000000000,9.43,1021.78,100.0,4.2,0.0,0.0,0
2021-08-27 05:53:10.217000+00:00,70B3D5499C9F22F1,Droplet #6,Droplet,Rottenraw Burn u/s Elliot Water confluence,56.55722722014659,-2.6604111487841786,03c000018f392710002a000000000000,9.6,1022.01,100.0,4.2,0.0,0.0,0
2021-08-27 06:08:25.242000+00:00,70B3D5499C9F22F1,Droplet #6,Droplet,Rottenraw Burn u/s Elliot Water confluence,56.55722722014659,-2.6604111487841786,03d200018f4f2710002a000000000000,9.78,1022.23,100.0,4.2,0.0,0.0,0
2021-08-27 06:23:40.836000+00:00,70B3D5499C9F22F1,Droplet #6,Droplet,Rottenraw Burn u/s Elliot Water confluence,56.55722722014659,-2.6604111487841786,03e300018f432710002a000000000000,9.95,1022.11,100.0,4.2,0.0,0.0,0
2021-08-27 06:38:55.465000+00:00,70B3D5499C9F22F1,Droplet #6,Droplet,Rottenraw Burn u/s Elliot Water confluence,56.55722722014659,-2.6604111487841786,03fe00018f552710002a000000000000,10.22,1022.29,100.0,4.2,0.0,0.0,0
2021-08-27 06:54:11.084000+00:00,70B3D5499C9F22F1,Droplet #6,Droplet,Rottenraw Burn u/s Elliot Water confluence,56.55722722014659,-2.6604111487841786,040b00018f342710002a000000000000,10.35,1021.96,100.0,4.2,0.0,0.0,0
2021-08-27 07:09:27.134000+00:00,70B3D5499C9F22F1,Droplet #6,Droplet,Rottenraw Burn u/s Elliot Water confluence,56.55722722014659,-2.6604111487841786,042a00018f282710002a000000000000,10.66,1021.84,100.0,4.2,0.0,0.0,0
2021-08-27 07:24:43.471000+00:00,70B3D5499C9F22F1,Droplet #6,Droplet,Rottenraw Burn u/s Elliot Water confluence,56.55722722014659,-2.6604111487841786,044b00018f3d2710002a000000000000,10.99,1022.05,100.0,4.2,0.0,0.0,0
2021-08-27 07:39:59.732000+00:00,70B3D5499C9F22F1,Droplet #6,Droplet,Rottenraw Burn u/s Elliot Water confluence,56.55722722014659,-2.6604111487841786,045600018f5d2710002a000000000000,11.1,1022.37,100.0,4.2,0.0,0.0,0
2021-08-27 07:55:15.476000+00:00,70B3D5499C9F22F1,Droplet #6,Droplet,Rottenraw Burn u/s Elliot Water confluence,56.55722722014659,-2.6604111487841786,046a00018f422710002a000000000000,11.3,1022.1,100.0,4.2,0.0,0.0,0
2021-08-27 08:10:30.769000+00:00,70B3D5499C9F22F1,Droplet #6,Droplet,Rottenraw Burn u/s Elliot Water confluence,56.55722722014659,-2.6604111487841786,048400018f542710002a000000000000,11.56,1022.28,100.0,4.2,0.0,0.0,0
2021-08-27 08:41:02.320000+00:00,70B3D5499C9F22F1,Droplet #6,Droplet,Rottenraw Burn u/s Elliot Water confluence,56.55722722014659,-2.6604111487841786,04c600018f2d2710002a000000000000,12.22,1021.89,100.0,4.2,0.0,0.0,0
2021-08-27 08:56:18.078000+00:00,70B3D5499C9F22F1,Droplet #6,Droplet,Rottenraw Burn u/s Elliot Water confluence,56.55722722014659,-2.6604111487841786,04c400018f742710002a000000000000,12.2,1022.6,100.0,4.2,0.0,0.0,0
2021-08-27 09:26:52.487000+00:00,70B3D5499C9F22F1,Droplet #6,Droplet,Rottenraw Burn u/s Elliot Water confluence,56.55722722014659,-2.6604111487841786,056200018f5b2710002a000000000000,13.78,1022.35,100.0,4.2,0.0,0.0,0
2021-08-27 09:42:12.504000+00:00,70B3D5499C9F22F1,Droplet #6,Droplet,Rottenraw Burn u/s Elliot Water confluence,56.55722722014659,-2.6604111487841786,065700018f612710002a000000000000,16.23,1022.41,100.0,4.2,0.0,0.0,0
2021-08-27 09:57:26.338000+00:00,70B3D5499C9F22F1,Droplet #6,Droplet,Rottenraw Burn u/s Elliot Water confluence,56.55722722014659,-2.6604111487841786,05e200018f442710002a000000000000,15.06,1022.12,100.0,4.2,0.0,0.0,0
2021-08-27 10:12:45.121000+00:00,70B3D5499C9F22F1,Droplet #6,Droplet,Rottenraw Burn u/s Elliot Water confluence,56.55722722014659,-2.6604111487841786,067d00018f412710002a000000000000,16.61,1022.09,100.0,4.2,0.0,0.0,0
2021-08-27 10:43:14.073000+00:00,70B3D5499C9F22F1,Droplet #6,Droplet,Rottenraw Burn u/s Elliot Water confluence,56.55722722014659,-2.6604111487841786,067200018f402710002a000000000000,16.5,1022.08,100.0,4.2,0.0,0.0,0
2021-08-27 10:58:30.335000+00:00,70B3D5499C9F22F1,Droplet #6,Droplet,Rottenraw Burn u/s Elliot Water confluence,56.55722722014659,-2.6604111487841786,06a400018f3a2710002a000000000000,17.0,1022.02,100.0,4.2,0.0,0.0,0
2021-08-27 11:13:45.107000+00:00,70B3D5499C9F22F1,Droplet #6,Droplet,Rottenraw Burn u/s Elliot Water confluence,56.55722722014659,-2.6604111487841786,067e00018f272710002a000000000000,16.62,1021.83,100.0,4.2,0.0,0.0,0
2021-08-27 11:29:00.315000+00:00,70B3D5499C9F22F1,Droplet #6,Droplet,Rottenraw Burn u/s Elliot Water confluence,56.55722722014659,-2.6604111487841786,064900018f282710002a000000000000,16.09,1021.84,100.0,4.2,0.0,0.0,0
2021-08-27 11:44:15.767000+00:00,70B3D5499C9F22F1,Droplet #6,Droplet,Rottenraw Burn u/s Elliot Water confluence,56.55722722014659,-2.6604111487841786,05fa00018f3a2710002a000000000000,15.3,1022.02,100.0,4.2,0.0,0.0,0
2021-08-27 11:59:30.780000+00:00,70B3D5499C9F22F1,Droplet #6,Droplet,Rottenraw Burn u/s Elliot Water confluence,56.55722722014659,-2.6604111487841786,05d700018f3a2710002a000000000000,14.95,1022.02,100.0,4.2,0.0,0.0,0
2021-08-27 13:00:31.721000+00:00,70B3D5499C9F22F1,Droplet #6,Droplet,Rottenraw Burn u/s Elliot Water confluence,56.55722722014659,-2.6604111487841786,05e300018f3c2710002a000000000000,15.07,1022.04,100.0,4.2,0.0,0.0,0
2021-08-27 13:15:47.311000+00:00,70B3D5499C9F22F1,Droplet #6,Droplet,Rottenraw Burn u/s Elliot Water confluence,56.55722722014659,-2.6604111487841786,05e600018f302710002a000000000000,15.1,1021.92,100.0,4.2,0.0,0.0,0
2021-08-27 13:31:03.225000+00:00,70B3D5499C9F22F1,Droplet #6,Droplet,Rottenraw Burn u/s Elliot Water confluence,56.55722722014659,-2.6604111487841786,060e00018f482710002a000000000000,15.5,1022.16,100.0,4.2,0.0,0.0,0
2021-08-27 14:01:32.232000+00:00,70B3D5499C9F22F1,Droplet #6,Droplet,Rottenraw Burn u/s Elliot Water confluence,56.55722722014659,-2.6604111487841786,05f900018f4e2710002a000000000000,15.29,1022.22,100.0,4.2,0.0,0.0,0
2021-08-27 14:16:47.230000+00:00,70B3D5499C9F22F1,Droplet #6,Droplet,Rottenraw Burn u/s Elliot Water confluence,56.55722722014659,-2.6604111487841786,05d000018f462710002a000000000000,14.88,1022.14,100.0,4.2,0.0,0.0,0
2021-08-27 14:32:00.777000+00:00,70B3D5499C9F22F1,Droplet #6,Droplet,Rottenraw Burn u/s Elliot Water confluence,56.55722722014659,-2.6604111487841786,059700018f402710002a000000000000,14.31,1022.08,100.0,4.2,0.0,0.0,0
2021-08-27 14:47:16.440000+00:00,70B3D5499C9F22F1,Droplet #6,Droplet,Rottenraw Burn u/s Elliot Water confluence,56.55722722014659,-2.6604111487841786,05ca00018f4a2710002a000000000000,14.82,1022.18,100.0,4.2,0.0,0.0,0
2021-08-27 15:02:32.870000+00:00,70B3D5499C9F22F1,Droplet #6,Droplet,Rottenraw Burn u/s Elliot Water confluence,56.55722722014659,-2.6604111487841786,05fd00018f502710002a000000000000,15.33,1022.24,100.0,4.2,0.0,0.0,0
2021-08-27 15:17:47.792000+00:00,70B3D5499C9F22F1,Droplet #6,Droplet,Rottenraw Burn u/s Elliot Water confluence,56.55722722014659,-2.6604111487841786,05ea00018f652710002a000000000000,15.14,1022.45,100.0,4.2,0.0,0.0,0
2021-08-27 15:33:02.257000+00:00,70B3D5499C9F22F1,Droplet #6,Droplet,Rottenraw Burn u/s Elliot Water confluence,56.55722722014659,-2.6604111487841786,05c600018f5d2710002a000000000000,14.78,1022.37,100.0,4.2,0.0,0.0,0
2021-08-27 15:48:17.588000+00:00,70B3D5499C9F22F1,Droplet #6,Droplet,Rottenraw Burn u/s Elliot Water confluence,56.55722722014659,-2.6604111487841786,05d700018f6a2710002a000000000000,14.95,1022.5,100.0,4.2,0.0,0.0,0
2021-08-27 16:18:47.195000+00:00,70B3D5499C9F22F1,Droplet #6,Droplet,Rottenraw Burn u/s Elliot Water confluence,56.55722722014659,-2.6604111487841786,058f00018f702710002a000000000000,14.23,1022.56,100.0,4.2,0.0,0.0,0
2021-08-27 16:34:01.024000+00:00,70B3D5499C9F22F1,Droplet #6,Droplet,Rottenraw Burn u/s Elliot Water confluence,56.55722722014659,-2.6604111487841786,056e00018f252710002a000000000000,13.9,1021.81,100.0,4.2,0.0,0.0,0
2021-08-27 16:49:17.260000+00:00,70B3D5499C9F22F1,Droplet #6,Droplet,Rottenraw Burn u/s Elliot Water confluence,56.55722722014659,-2.6604111487841786,056400018f502710002a000000000000,13.8,1022.24,100.0,4.2,0.0,0.0,0
2021-08-27 17:19:46.438000+00:00,70B3D5499C9F22F1,Droplet #6,Droplet,Rottenraw Burn u/s Elliot Water confluence,56.55722722014659,-2.6604111487841786,053600018f722710002a000000000000,13.34,1022.58,100.0,4.2,0.0,0.0,0
2021-08-27 17:35:01.585000+00:00,70B3D5499C9F22F1,Droplet #6,Droplet,Rottenraw Burn u/s Elliot Water confluence,56.55722722014659,-2.6604111487841786,055400018f602710002a000000000000,13.64,1022.4,100.0,4.2,0.0,0.0,0
2021-08-27 17:50:16.838000+00:00,70B3D5499C9F22F1,Droplet #6,Droplet,Rottenraw Burn u/s Elliot Water confluence,56.55722722014659,-2.6604111487841786,054600018f602710002a000000000000,13.5,1022.4,100.0,4.2,0.0,0.0,0
2021-08-27 18:05:32.456000+00:00,70B3D5499C9F22F1,Droplet #6,Droplet,Rottenraw Burn u/s Elliot Water confluence,56.55722722014659,-2.6604111487841786,055b00018f792710002a000000000000,13.71,1022.65,100.0,4.2,0.0,0.0,0
2021-08-27 18:20:48.788000+00:00,70B3D5499C9F22F1,Droplet #6,Droplet,Rottenraw Burn u/s Elliot Water confluence,56.55722722014659,-2.6604111487841786,057100018f402710002a000000000000,13.93,1022.08,100.0,4.2,0.0,0.0,0
2021-08-27 18:36:04.092000+00:00,70B3D5499C9F22F1,Droplet #6,Droplet,Rottenraw Burn u/s Elliot Water confluence,56.55722722014659,-2.6604111487841786,055200018f8c2710002a000000000000,13.62,1022.84,100.0,4.2,0.0,0.0,0
2021-08-27 18:51:18.547000+00:00,70B3D5499C9F22F1,Droplet #6,Droplet,Rottenraw Burn u/s Elliot Water confluence,56.55722722014659,-2.6604111487841786,050000018f802710002a000000000000,12.8,1022.72,100.0,4.2,0.0,0.0,0
2021-08-27 19:06:33.189000+00:00,70B3D5499C9F22F1,Droplet #6,Droplet,Rottenraw Burn u/s Elliot Water confluence,56.55722722014659,-2.6604111487841786,04b400018f6d2710002a000000000000,12.04,1022.53,100.0,4.2,0.0,0.0,0
2021-08-27 19:21:49.001000+00:00,70B3D5499C9F22F1,Droplet #6,Droplet,Rottenraw Burn u/s Elliot Water confluence,56.55722722014659,-2.6604111487841786,049b00018f792710002a000000000000,11.79,1022.65,100.0,4.2,0.0,0.0,0
2021-08-27 19:37:05.052000+00:00,70B3D5499C9F22F1,Droplet #6,Droplet,Rottenraw Burn u/s Elliot Water confluence,56.55722722014659,-2.6604111487841786,048900018f7a2710002a000000000000,11.61,1022.66,100.0,4.2,0.0,0.0,0
2021-08-27 19:52:19.441000+00:00,70B3D5499C9F22F1,Droplet #6,Droplet,Rottenraw Burn u/s Elliot Water confluence,56.55722722014659,-2.6604111487841786,047500018fb12710002a000000000000,11.41,1023.21,100.0,4.2,0.0,0.0,0
2021-08-27 20:07:35.187000+00:00,70B3D5499C9F22F1,Droplet #6,Droplet,Rottenraw Burn u/s Elliot Water confluence,56.55722722014659,-2.6604111487841786,047000018f912710002a000000000000,11.36,1022.89,100.0,4.2,0.0,0.0,0
2021-08-27 20:22:50.652000+00:00,70B3D5499C9F22F1,Droplet #6,Droplet,Rottenraw Burn u/s Elliot Water confluence,56.55722722014659,-2.6604111487841786,046900018faa2710002a000000000000,11.29,1023.14,100.0,4.2,0.0,0.0,0
2021-08-27 20:38:06.298000+00:00,70B3D5499C9F22F1,Droplet #6,Droplet,Rottenraw Burn u/s Elliot Water confluence,56.55722722014659,-2.6604111487841786,045c00018fbc2710002a000000000000,11.16,1023.32,100.0,4.2,0.0,0.0,0
2021-08-27 20:53:21.162000+00:00,70B3D5499C9F22F1,Droplet #6,Droplet,Rottenraw Burn u/s Elliot Water confluence,56.55722722014659,-2.6604111487841786,045a00018ff12710002a000000000000,11.14,1023.85,100.0,4.2,0.0,0.0,0
2021-08-27 21:08:36.286000+00:00,70B3D5499C9F22F1,Droplet #6,Droplet,Rottenraw Burn u/s Elliot Water confluence,56.55722722014659,-2.6604111487841786,044300018fbc2710002a000000000000,10.91,1023.32,100.0,4.2,0.0,0.0,0
2021-08-27 21:23:51.110000+00:00,70B3D5499C9F22F1,Droplet #6,Droplet,Rottenraw Burn u/s Elliot Water confluence,56.55722722014659,-2.6604111487841786,043f00018fcd2710002a000000000000,10.87,1023.49,100.0,4.2,0.0,0.0,0
2021-08-27 21:39:05.738000+00:00,70B3D5499C9F22F1,Droplet #6,Droplet,Rottenraw Burn u/s Elliot Water confluence,56.55722722014659,-2.6604111487841786,044100018fc12710002a000000000000,10.89,1023.37,100.0,4.2,0.0,0.0,0
2021-08-27 22:09:37.360000+00:00,70B3D5499C9F22F1,Droplet #6,Droplet,Rottenraw Burn u/s Elliot Water confluence,56.55722722014659,-2.6604111487841786,044e00018fde2710002a000000000000,11.02,1023.66,100.0,4.2,0.0,0.0,0
2021-08-27 22:24:52.277000+00:00,70B3D5499C9F22F1,Droplet #6,Droplet,Rottenraw Burn u/s Elliot Water confluence,56.55722722014659,-2.6604111487841786,045600018fa82710002a000000000000,11.1,1023.12,100.0,4.2,0.0,0.0,0
2021-08-27 22:40:07.141000+00:00,70B3D5499C9F22F1,Droplet #6,Droplet,Rottenraw Burn u/s Elliot Water confluence,56.55722722014659,-2.6604111487841786,045800018fed2710002a000000000000,11.12,1023.81,100.0,4.2,0.0,0.0,0
2021-08-27 22:55:23.222000+00:00,70B3D5499C9F22F1,Droplet #6,Droplet,Rottenraw Burn u/s Elliot Water confluence,56.55722722014659,-2.6604111487841786,046500018fd12710002a000000000000,11.25,1023.53,100.0,4.2,0.0,0.0,0
2021-08-27 23:10:39.202000+00:00,70B3D5499C9F22F1,Droplet #6,Droplet,Rottenraw Burn u/s Elliot Water confluence,56.55722722014659,-2.6604111487841786,046b00018fd12710002a000000000000,11.31,1023.53,100.0,4.2,0.0,0.0,0
2021-08-27 23:25:55.233000+00:00,70B3D5499C9F22F1,Droplet #6,Droplet,Rottenraw Burn u/s Elliot Water confluence,56.55722722014659,-2.6604111487841786,045e00018fbf2710002a000000000000,11.18,1023.35,100.0,4.2,0.0,0.0,0
2021-08-27 23:41:10.992000+00:00,70B3D5499C9F22F1,Droplet #6,Droplet,Rottenraw Burn u/s Elliot Water confluence,56.55722722014659,-2.6604111487841786,047600018fb42710002a000000000000,11.42,1023.24,100.0,4.2,0.0,0.0,0
2021-08-27 23:56:27.166000+00:00,70B3D5499C9F22F1,Droplet #6,Droplet,Rottenraw Burn u/s Elliot Water confluence,56.55722722014659,-2.6604111487841786,048000018fc82710002a000000000000,11.52,1023.44,100.0,4.2,0.0,0.0,0
2021-08-28 00:11:42.155000+00:00,70B3D5499C9F22F1,Droplet #6,Droplet,Rottenraw Burn u/s Elliot Water confluence,56.55722722014659,-2.6604111487841786,048700018fa32710002a000000000000,11.59,1023.07,100.0,4.2,0.0,0.0,0
2021-08-28 00:26:56.896000+00:00,70B3D5499C9F22F1,Droplet #6,Droplet,Rottenraw Burn u/s Elliot Water confluence,56.55722722014659,-2.6604111487841786,047200018fa72710002a000000000000,11.38,1023.11,100.0,4.2,0.0,0.0,0
2021-08-28 00:42:11.832000+00:00,70B3D5499C9F22F1,Droplet #6,Droplet,Rottenraw Burn u/s Elliot Water confluence,56.55722722014659,-2.6604111487841786,048600018fc92710002a000000000000,11.58,1023.45,100.0,4.2,0.0,0.0,0
2021-08-28 00:57:27.861000+00:00,70B3D5499C9F22F1,Droplet #6,Droplet,Rottenraw Burn u/s Elliot Water confluence,56.55722722014659,-2.6604111487841786,048400018fc62710002a000000000000,11.56,1023.42,100.0,4.2,0.0,0.0,0
2021-08-28 01:27:59.463000+00:00,70B3D5499C9F22F1,Droplet #6,Droplet,Rottenraw Burn u/s Elliot Water confluence,56.55722722014659,-2.6604111487841786,048c00018fe92710002a000000000000,11.64,1023.77,100.0,4.2,0.0,0.0,0
2021-08-28 01:58:29.972000+00:00,70B3D5499C9F22F1,Droplet #6,Droplet,Rottenraw Burn u/s Elliot Water confluence,56.55722722014659,-2.6604111487841786,047e00018fa72710002a000000000000,11.5,1023.11,100.0,4.2,0.0,0.0,0
2021-08-28 02:13:45.605000+00:00,70B3D5499C9F22F1,Droplet #6,Droplet,Rottenraw Burn u/s Elliot Water confluence,56.55722722014659,-2.6604111487841786,047f00018fa92710002a000000000000,11.51,1023.13,100.0,4.2,0.0,0.0,0
2021-08-28 02:29:01.401000+00:00,70B3D5499C9F22F1,Droplet #6,Droplet,Rottenraw Burn u/s Elliot Water confluence,56.55722722014659,-2.6604111487841786,048b00018fb82710002a000000000000,11.63,1023.28,100.0,4.2,0.0,0.0,0
2021-08-28 02:44:16.757000+00:00,70B3D5499C9F22F1,Droplet #6,Droplet,Rottenraw Burn u/s Elliot Water confluence,56.55722722014659,-2.6604111487841786,048800018fb82710002a000000000000,11.6,1023.28,100.0,4.2,0.0,0.0,0
2021-08-28 02:59:32.330000+00:00,70B3D5499C9F22F1,Droplet #6,Droplet,Rottenraw Burn u/s Elliot Water confluence,56.55722722014659,-2.6604111487841786,048200018f9b2710002a000000000000,11.54,1022.99,100.0,4.2,0.0,0.0,0
2021-08-28 03:14:47.897000+00:00,70B3D5499C9F22F1,Droplet #6,Droplet,Rottenraw Burn u/s Elliot Water confluence,56.55722722014659,-2.6604111487841786,047d00018f952710002a000000000000,11.49,1022.93,100.0,4.2,0.0,0.0,0
2021-08-28 03:30:02.873000+00:00,70B3D5499C9F22F1,Droplet #6,Droplet,Rottenraw Burn u/s Elliot Water confluence,56.55722722014659,-2.6604111487841786,046b00018fb72710002a000000000000,11.31,1023.27,100.0,4.2,0.0,0.0,0
2021-08-28 04:00:31.992000+00:00,70B3D5499C9F22F1,Droplet #6,Droplet,Rottenraw Burn u/s Elliot Water confluence,56.55722722014659,-2.6604111487841786,03b100018fba2710002a000000000000,9.45,1023.3,100.0,4.2,0.0,0.0,0
2021-08-28 04:15:47.080000+00:00,70B3D5499C9F22F1,Droplet #6,Droplet,Rottenraw Burn u/s Elliot Water confluence,56.55722722014659,-2.6604111487841786,036d00018f9d2710002a000000000000,8.77,1023.01,100.0,4.2,0.0,0.0,0
2021-08-28 04:31:02.234000+00:00,70B3D5499C9F22F1,Droplet #6,Droplet,Rottenraw Burn u/s Elliot Water confluence,56.55722722014659,-2.6604111487841786,033800018f9a2710002a000000000000,8.24,1022.98,100.0,4.2,0.0,0.0,0
2021-08-28 04:46:17.959000+00:00,70B3D5499C9F22F1,Droplet #6,Droplet,Rottenraw Burn u/s Elliot Water confluence,56.55722722014659,-2.6604111487841786,030a00018f9e2710002a000000000000,7.78,1023.02,100.0,4.2,0.0,0.0,0
2021-08-28 05:01:33.971000+00:00,70B3D5499C9F22F1,Droplet #6,Droplet,Rottenraw Burn u/s Elliot Water confluence,56.55722722014659,-2.6604111487841786,02ec00018fab2710002a000000000000,7.48,1023.15,100.0,4.2,0.0,0.0,0
2021-08-28 05:16:48.537000+00:00,70B3D5499C9F22F1,Droplet #6,Droplet,Rottenraw Burn u/s Elliot Water confluence,56.55722722014659,-2.6604111487841786,02c900018fa72710002a000000000000,7.13,1023.11,100.0,4.2,0.0,0.0,0
2021-08-28 05:32:03.958000+00:00,70B3D5499C9F22F1,Droplet #6,Droplet,Rottenraw Burn u/s Elliot Water confluence,56.55722722014659,-2.6604111487841786,02bd00018faa2710002a000000000000,7.01,1023.14,100.0,4.2,0.0,0.0,0
2021-08-28 05:47:19.386000+00:00,70B3D5499C9F22F1,Droplet #6,Droplet,Rottenraw Burn u/s Elliot Water confluence,56.55722722014659,-2.6604111487841786,02f300018fb32710002a000000000000,7.55,1023.23,100.0,4.2,0.0,0.0,0
2021-08-28 06:02:37.359000+00:00,70B3D5499C9F22F1,Droplet #6,Droplet,Rottenraw Burn u/s Elliot Water confluence,56.55722722014659,-2.6604111487841786,035f00018fae2710002a000000000000,8.63,1023.18,100.0,4.2,0.0,0.0,0
2021-08-28 06:17:54.654000+00:00,70B3D5499C9F22F1,Droplet #6,Droplet,Rottenraw Burn u/s Elliot Water confluence,56.55722722014659,-2.6604111487841786,03db00018fb92710002a000000000000,9.87,1023.29,100.0,4.2,0.0,0.0,0
2021-08-28 06:48:29.306000+00:00,70B3D5499C9F22F1,Droplet #6,Droplet,Rottenraw Burn u/s Elliot Water confluence,56.55722722014659,-2.6604111487841786,04ff00018f922710002a000000000000,12.79,1022.9,100.0,4.2,0.0,0.0,0
2021-08-28 07:03:45.920000+00:00,70B3D5499C9F22F1,Droplet #6,Droplet,Rottenraw Burn u/s Elliot Water confluence,56.55722722014659,-2.6604111487841786,056e00018faf2710002a000000000000,13.9,1023.19,100.0,4.2,0.0,0.0,0
2021-08-28 07:19:02.502000+00:00,70B3D5499C9F22F1,Droplet #6,Droplet,Rottenraw Burn u/s Elliot Water confluence,56.55722722014659,-2.6604111487841786,05b900018f9e2710002a000000000000,14.65,1023.02,100.0,4.2,0.0,0.0,0
2021-08-28 07:34:19.002000+00:00,70B3D5499C9F22F1,Droplet #6,Droplet,Rottenraw Burn u/s Elliot Water confluence,56.55722722014659,-2.6604111487841786,05e200018f842710002a000000000000,15.06,1022.76,100.0,4.2,0.0,0.0,0
2021-08-28 08:20:08.256000+00:00,70B3D5499C9F22F1,Droplet #6,Droplet,Rottenraw Burn u/s Elliot Water confluence,56.55722722014659,-2.6604111487841786,06d200018f952710002a000000000000,17.46,1022.93,100.0,4.2,0.0,0.0,0
2021-08-28 08:35:24.311000+00:00,70B3D5499C9F22F1,Droplet #6,Droplet,Rottenraw Burn u/s Elliot Water confluence,56.55722722014659,-2.6604111487841786,071700018f962710002a000000000000,18.15,1022.94,100.0,4.2,0.0,0.0,0
2021-08-28 09:05:54.649000+00:00,70B3D5499C9F22F1,Droplet #6,Droplet,Rottenraw Burn u/s Elliot Water confluence,56.55722722014659,-2.6604111487841786,071700018fa32710002a000000000000,18.15,1023.07,100.0,4.2,0.0,0.0,0
2021-08-28 09:21:09.973000+00:00,70B3D5499C9F22F1,Droplet #6,Droplet,Rottenraw Burn u/s Elliot Water confluence,56.55722722014659,-2.6604111487841786,074e00018f982710002a000000000000,18.7,1022.96,100.0,4.2,0.0,0.0,0
2021-08-28 09:36:25.615000+00:00,70B3D5499C9F22F1,Droplet #6,Droplet,Rottenraw Burn u/s Elliot Water confluence,56.55722722014659,-2.6604111487841786,076a00018f972710002a000000000000,18.98,1022.95,100.0,4.2,0.0,0.0,0
2021-08-28 09:51:39.040000+00:00,70B3D5499C9F22F1,Droplet #6,Droplet,Rottenraw Burn u/s Elliot Water confluence,56.55722722014659,-2.6604111487841786,06eb00018f922710002a000000000000,17.71,1022.9,100.0,4.2,0.0,0.0,0
2021-08-28 10:06:54.408000+00:00,70B3D5499C9F22F1,Droplet #6,Droplet,Rottenraw Burn u/s Elliot Water confluence,56.55722722014659,-2.6604111487841786,06f700018f8a2710002a000000000000,17.83,1022.82,100.0,4.2,0.0,0.0,0
2021-08-28 10:22:09.514000+00:00,70B3D5499C9F22F1,Droplet #6,Droplet,Rottenraw Burn u/s Elliot Water confluence,56.55722722014659,-2.6604111487841786,06c900018f892710002a000000000000,17.37,1022.81,100.0,4.2,0.0,0.0,0
2021-08-28 10:37:24.888000+00:00,70B3D5499C9F22F1,Droplet #6,Droplet,Rottenraw Burn u/s Elliot Water confluence,56.55722722014659,-2.6604111487841786,06d900018f942710002a000000000000,17.53,1022.92,100.0,4.2,0.0,0.0,0
2021-08-28 10:52:40.448000+00:00,70B3D5499C9F22F1,Droplet #6,Droplet,Rottenraw Burn u/s Elliot Water confluence,56.55722722014659,-2.6604111487841786,06e200018f902710002a000000000000,17.62,1022.88,100.0,4.2,0.0,0.0,0
2021-08-28 11:07:54.459000+00:00,70B3D5499C9F22F1,Droplet #6,Droplet,Rottenraw Burn u/s Elliot Water confluence,56.55722722014659,-2.6604111487841786,06ac00018f932710002a000000000000,17.08,1022.91,100.0,4.2,0.0,0.0,0
2021-08-28 11:23:08.912000+00:00,70B3D5499C9F22F1,Droplet #6,Droplet,Rottenraw Burn u/s Elliot Water confluence,56.55722722014659,-2.6604111487841786,066300018f7b2710002a000000000000,16.35,1022.67,100.0,4.2,0.0,0.0,0
2021-08-28 11:38:25.194000+00:00,70B3D5499C9F22F1,Droplet #6,Droplet,Rottenraw Burn u/s Elliot Water confluence,56.55722722014659,-2.6604111487841786,065d00018f852710002a000000000000,16.29,1022.77,100.0,4.2,0.0,0.0,0
2021-08-28 11:53:39.651000+00:00,70B3D5499C9F22F1,Droplet #6,Droplet,Rottenraw Burn u/s Elliot Water confluence,56.55722722014659,-2.6604111487841786,065b00018f942710002a000000000000,16.27,1022.92,100.0,4.2,0.0,0.0,0
2021-08-28 12:08:56.448000+00:00,70B3D5499C9F22F1,Droplet #6,Droplet,Rottenraw Burn u/s Elliot Water confluence,56.55722722014659,-2.6604111487841786,068f00018f9b2710002a000000000000,16.79,1022.99,100.0,4.2,0.0,0.0,0
2021-08-28 12:24:11.143000+00:00,70B3D5499C9F22F1,Droplet #6,Droplet,Rottenraw Burn u/s Elliot Water confluence,56.55722722014659,-2.6604111487841786,066800018f892710002a000000000000,16.4,1022.81,100.0,4.2,0.0,0.0,0
2021-08-28 12:39:27.428000+00:00,70B3D5499C9F22F1,Droplet #6,Droplet,Rottenraw Burn u/s Elliot Water confluence,56.55722722014659,-2.6604111487841786,066900018f8c2710002a000000000000,16.41,1022.84,100.0,4.2,0.0,0.0,0
2021-08-28 12:54:42.779000+00:00,70B3D5499C9F22F1,Droplet #6,Droplet,Rottenraw Burn u/s Elliot Water confluence,56.55722722014659,-2.6604111487841786,068000018fa72710002a000000000000,16.64,1023.11,100.0,4.2,0.0,0.0,0
2021-08-28 13:09:58.070000+00:00,70B3D5499C9F22F1,Droplet #6,Droplet,Rottenraw Burn u/s Elliot Water confluence,56.55722722014659,-2.6604111487841786,068f00018f902710002a000000000000,16.79,1022.88,100.0,4.2,0.0,0.0,0
2021-08-28 13:25:13.523000+00:00,70B3D5499C9F22F1,Droplet #6,Droplet,Rottenraw Burn u/s Elliot Water confluence,56.55722722014659,-2.6604111487841786,068600018f8b2710002a000000000000,16.7,1022.83,100.0,4.2,0.0,0.0,0
2021-08-28 13:40:29.471000+00:00,70B3D5499C9F22F1,Droplet #6,Droplet,Rottenraw Burn u/s Elliot Water confluence,56.55722722014659,-2.6604111487841786,067a00018f792710002a000000000000,16.58,1022.65,100.0,4.2,0.0,0.0,0
2021-08-28 13:55:44.311000+00:00,70B3D5499C9F22F1,Droplet #6,Droplet,Rottenraw Burn u/s Elliot Water confluence,56.55722722014659,-2.6604111487841786,067b00018f7d2710002a000000000000,16.59,1022.69,100.0,4.2,0.0,0.0,0
2021-08-28 14:11:00.451000+00:00,70B3D5499C9F22F1,Droplet #6,Droplet,Rottenraw Burn u/s Elliot Water confluence,56.55722722014659,-2.6604111487841786,068500018f742710002a000000000000,16.69,1022.6,100.0,4.2,0.0,0.0,0
2021-08-28 14:26:15.483000+00:00,70B3D5499C9F22F1,Droplet #6,Droplet,Rottenraw Burn u/s Elliot Water confluence,56.55722722014659,-2.6604111487841786,066b00018f702710002a000000000000,16.43,1022.56,100.0,4.2,0.0,0.0,0
2021-08-28 14:41:31.541000+00:00,70B3D5499C9F22F1,Droplet #6,Droplet,Rottenraw Burn u/s Elliot Water confluence,56.55722722014659,-2.6604111487841786,067300018f752710002a000000000000,16.51,1022.61,100.0,4.2,0.0,0.0,0
2021-08-28 14:56:47.449000+00:00,70B3D5499C9F22F1,Droplet #6,Droplet,Rottenraw Burn u/s Elliot Water confluence,56.55722722014659,-2.6604111487841786,066700018f6c2710002a000000000000,16.39,1022.52,100.0,4.2,0.0,0.0,0
2021-08-28 15:12:03.281000+00:00,70B3D5499C9F22F1,Droplet #6,Droplet,Rottenraw Burn u/s Elliot Water confluence,56.55722722014659,-2.6604111487841786,065400018f7c2710002a000000000000,16.2,1022.68,100.0,4.2,0.0,0.0,0
2021-08-28 15:27:18.229000+00:00,70B3D5499C9F22F1,Droplet #6,Droplet,Rottenraw Burn u/s Elliot Water confluence,56.55722722014659,-2.6604111487841786,065200018f5a2710002a000000000000,16.18,1022.34,100.0,4.2,0.0,0.0,0
2021-08-28 15:42:33.296000+00:00,70B3D5499C9F22F1,Droplet #6,Droplet,Rottenraw Burn u/s Elliot Water confluence,56.55722722014659,-2.6604111487841786,063800018f712710002a000000000000,15.92,1022.57,100.0,4.2,0.0,0.0,0
2021-08-28 15:57:48.795000+00:00,70B3D5499C9F22F1,Droplet #6,Droplet,Rottenraw Burn u/s Elliot Water confluence,56.55722722014659,-2.6604111487841786,062400018f652710002a000000000000,15.72,1022.45,100.0,4.2,0.0,0.0,0
2021-08-28 16:13:04.817000+00:00,70B3D5499C9F22F1,Droplet #6,Droplet,Rottenraw Burn u/s Elliot Water confluence,56.55722722014659,-2.6604111487841786,063200018f5e2710002a000000000000,15.86,1022.38,100.0,4.2,0.0,0.0,0
2021-08-28 16:43:35.124000+00:00,70B3D5499C9F22F1,Droplet #6,Droplet,Rottenraw Burn u/s Elliot Water confluence,56.55722722014659,-2.6604111487841786,05fd00018f752710002a000000000000,15.33,1022.61,100.0,4.2,0.0,0.0,0
2021-08-28 16:58:50.741000+00:00,70B3D5499C9F22F1,Droplet #6,Droplet,Rottenraw Burn u/s Elliot Water confluence,56.55722722014659,-2.6604111487841786,05ef00018f682710002a000000000000,15.19,1022.48,100.0,4.2,0.0,0.0,0
2021-08-28 17:14:06.245000+00:00,70B3D5499C9F22F1,Droplet #6,Droplet,Rottenraw Burn u/s Elliot Water confluence,56.55722722014659,-2.6604111487841786,05d500018f742710002a000000000000,14.93,1022.6,100.0,4.2,0.0,0.0,0
2021-08-28 17:29:21.334000+00:00,70B3D5499C9F22F1,Droplet #6,Droplet,Rottenraw Burn u/s Elliot Water confluence,56.55722722014659,-2.6604111487841786,05d400018f7f2710002a000000000000,14.92,1022.71,100.0,4.2,0.0,0.0,0
2021-08-28 17:44:36.143000+00:00,70B3D5499C9F22F1,Droplet #6,Droplet,Rottenraw Burn u/s Elliot Water confluence,56.55722722014659,-2.6604111487841786,05df00018f522710002a000000000000,15.03,1022.26,100.0,4.2,0.0,0.0,0
2021-08-28 17:59:52.713000+00:00,70B3D5499C9F22F1,Droplet #6,Droplet,Rottenraw Burn u/s Elliot Water confluence,56.55722722014659,-2.6604111487841786,05df00018f5f2710002a000000000000,15.03,1022.39,100.0,4.2,0.0,0.0,0
2021-08-28 18:15:07.956000+00:00,70B3D5499C9F22F1,Droplet #6,Droplet,Rottenraw Burn u/s Elliot Water confluence,56.55722722014659,-2.6604111487841786,05ca00018f722710002a000000000000,14.82,1022.58,100.0,4.2,0.0,0.0,0
2021-08-28 18:30:22.980000+00:00,70B3D5499C9F22F1,Droplet #6,Droplet,Rottenraw Burn u/s Elliot Water confluence,56.55722722014659,-2.6604111487841786,05a400018f882710002a000000000000,14.44,1022.8,100.0,4.2,0.0,0.0,0
2021-08-28 19:00:52.032000+00:00,70B3D5499C9F22F1,Droplet #6,Droplet,Rottenraw Burn u/s Elliot Water confluence,56.55722722014659,-2.6604111487841786,052900018fa22710002a000000000000,13.21,1023.06,100.0,4.2,0.0,0.0,0
2021-08-28 19:16:06.575000+00:00,70B3D5499C9F22F1,Droplet #6,Droplet,Rottenraw Burn u/s Elliot Water confluence,56.55722722014659,-2.6604111487841786,04ef00018fc52710002a000000000000,12.63,1023.41,100.0,4.2,0.0,0.0,0
2021-08-28 19:31:21.610000+00:00,70B3D5499C9F22F1,Droplet #6,Droplet,Rottenraw Burn u/s Elliot Water confluence,56.55722722014659,-2.6604111487841786,04ad00018fda2710002a000000000000,11.97,1023.62,100.0,4.2,0.0,0.0,0
2021-08-28 19:46:36.621000+00:00,70B3D5499C9F22F1,Droplet #6,Droplet,Rottenraw Burn u/s Elliot Water confluence,56.55722722014659,-2.6604111487841786,046800018fdf2710002a000000000000,11.28,1023.67,100.0,4.2,0.0,0.0,0
2021-08-28 20:01:51.462000+00:00,70B3D5499C9F22F1,Droplet #6,Droplet,Rottenraw Burn u/s Elliot Water confluence,56.55722722014659,-2.6604111487841786,044400018fd32710002a000000000000,10.92,1023.55,100.0,4.2,0.0,0.0,0
2021-08-28 20:17:06.836000+00:00,70B3D5499C9F22F1,Droplet #6,Droplet,Rottenraw Burn u/s Elliot Water confluence,56.55722722014659,-2.6604111487841786,042200018fd92710002a000000000000,10.58,1023.61,100.0,4.2,0.0,0.0,0
2021-08-28 20:32:22.024000+00:00,70B3D5499C9F22F1,Droplet #6,Droplet,Rottenraw Burn u/s Elliot Water confluence,56.55722722014659,-2.6604111487841786,041900018fe32710002a000000000000,10.49,1023.71,100.0,4.2,0.0,0.0,0
2021-08-28 20:47:37.104000+00:00,70B3D5499C9F22F1,Droplet #6,Droplet,Rottenraw Burn u/s Elliot Water confluence,56.55722722014659,-2.6604111487841786,041700018fd22710002a000000000000,10.47,1023.54,100.0,4.2,0.0,0.0,0
2021-08-28 21:02:51.393000+00:00,70B3D5499C9F22F1,Droplet #6,Droplet,Rottenraw Burn u/s Elliot Water confluence,56.55722722014659,-2.6604111487841786,03f10001901d2710002a000000000000,10.09,1024.29,100.0,4.2,0.0,0.0,0
2021-08-28 21:18:07.001000+00:00,70B3D5499C9F22F1,Droplet #6,Droplet,Rottenraw Burn u/s Elliot Water confluence,56.55722722014659,-2.6604111487841786,03ee000190242710002a000000000000,10.06,1024.36,100.0,4.2,0.0,0.0,0
2021-08-28 21:33:22.840000+00:00,70B3D5499C9F22F1,Droplet #6,Droplet,Rottenraw Burn u/s Elliot Water confluence,56.55722722014659,-2.6604111487841786,03ef000190062710002a000000000000,10.07,1024.06,100.0,4.2,0.0,0.0,0
2021-08-28 21:48:38.449000+00:00,70B3D5499C9F22F1,Droplet #6,Droplet,Rottenraw Burn u/s Elliot Water confluence,56.55722722014659,-2.6604111487841786,03f40001902c2710002a000000000000,10.12,1024.44,100.0,4.2,0.0,0.0,0
2021-08-28 22:03:54.025000+00:00,70B3D5499C9F22F1,Droplet #6,Droplet,Rottenraw Burn u/s Elliot Water confluence,56.55722722014659,-2.6604111487841786,040a0001900f2710002a000000000000,10.34,1024.15,100.0,4.2,0.0,0.0,0
2021-08-28 22:19:08.658000+00:00,70B3D5499C9F22F1,Droplet #6,Droplet,Rottenraw Burn u/s Elliot Water confluence,56.55722722014659,-2.6604111487841786,0421000190192710002a000000000000,10.57,1024.25,100.0,4.2,0.0,0.0,0
2021-08-28 22:34:24.133000+00:00,70B3D5499C9F22F1,Droplet #6,Droplet,Rottenraw Burn u/s Elliot Water confluence,56.55722722014659,-2.6604111487841786,04370001901c2710002a000000000000,10.79,1024.28,100.0,4.2,0.0,0.0,0
2021-08-28 22:49:39.669000+00:00,70B3D5499C9F22F1,Droplet #6,Droplet,Rottenraw Burn u/s Elliot Water confluence,56.55722722014659,-2.6604111487841786,045b0001900f2710002a000000000000,11.15,1024.15,100.0,4.2,0.0,0.0,0
2021-08-28 23:04:55.496000+00:00,70B3D5499C9F22F1,Droplet #6,Droplet,Rottenraw Burn u/s Elliot Water confluence,56.55722722014659,-2.6604111487841786,04720001902b2710002a000000000000,11.38,1024.43,100.0,4.2,0.0,0.0,0
2021-08-28 23:20:11.226000+00:00,70B3D5499C9F22F1,Droplet #6,Droplet,Rottenraw Burn u/s Elliot Water confluence,56.55722722014659,-2.6604111487841786,046a00018ffa2710002a000000000000,11.3,1023.94,100.0,4.2,0.0,0.0,0
2021-08-28 23:35:26.508000+00:00,70B3D5499C9F22F1,Droplet #6,Droplet,Rottenraw Burn u/s Elliot Water confluence,56.55722722014659,-2.6604111487841786,049200018ff52710002a000000000000,11.7,1023.89,100.0,4.2,0.0,0.0,0
2021-08-28 23:50:42.335000+00:00,70B3D5499C9F22F1,Droplet #6,Droplet,Rottenraw Burn u/s Elliot Water confluence,56.55722722014659,-2.6604111487841786,048c000190422710002a000000000000,11.64,1024.66,100.0,4.2,0.0,0.0,0
2021-08-29 00:05:57.620000+00:00,70B3D5499C9F22F1,Droplet #6,Droplet,Rottenraw Burn u/s Elliot Water confluence,56.55722722014659,-2.6604111487841786,045f000190292710002a000000000000,11.19,1024.41,100.0,4.2,0.0,0.0,0
2021-08-29 00:21:12.975000+00:00,70B3D5499C9F22F1,Droplet #6,Droplet,Rottenraw Burn u/s Elliot Water confluence,56.55722722014659,-2.6604111487841786,0436000190122710002a000000000000,10.78,1024.18,100.0,4.2,0.0,0.0,0
2021-08-29 00:51:44.847000+00:00,70B3D5499C9F22F1,Droplet #6,Droplet,Rottenraw Burn u/s Elliot Water confluence,56.55722722014659,-2.6604111487841786,04570001901e2710002a000000000000,11.11,1024.3,100.0,4.2,0.0,0.0,0
2021-08-29 01:07:01.093000+00:00,70B3D5499C9F22F1,Droplet #6,Droplet,Rottenraw Burn u/s Elliot Water confluence,56.55722722014659,-2.6604111487841786,0473000190562710002a000000000000,11.39,1024.86,100.0,4.2,0.0,0.0,0
2021-08-29 01:22:16.985000+00:00,70B3D5499C9F22F1,Droplet #6,Droplet,Rottenraw Burn u/s Elliot Water confluence,56.55722722014659,-2.6604111487841786,047000018ff92710002a000000000000,11.36,1023.93,100.0,4.2,0.0,0.0,0
2021-08-29 01:52:48.161000+00:00,70B3D5499C9F22F1,Droplet #6,Droplet,Rottenraw Burn u/s Elliot Water confluence,56.55722722014659,-2.6604111487841786,0484000190122710002a000000000000,11.56,1024.18,100.0,4.2,0.0,0.0,0
2021-08-29 02:08:03.721000+00:00,70B3D5499C9F22F1,Droplet #6,Droplet,Rottenraw Burn u/s Elliot Water confluence,56.55722722014659,-2.6604111487841786,047900018ff82710002a000000000000,11.45,1023.92,100.0,4.2,0.0,0.0,0
2021-08-29 02:23:19.716000+00:00,70B3D5499C9F22F1,Droplet #6,Droplet,Rottenraw Burn u/s Elliot Water confluence,56.55722722014659,-2.6604111487841786,047600018ff02710002a000000000000,11.42,1023.84,100.0,4.2,0.0,0.0,0
2021-08-29 02:38:34.275000+00:00,70B3D5499C9F22F1,Droplet #6,Droplet,Rottenraw Burn u/s Elliot Water confluence,56.55722722014659,-2.6604111487841786,049100018fec2710002a000000000000,11.69,1023.8,100.0,4.2,0.0,0.0,0
2021-08-29 02:53:48.364000+00:00,70B3D5499C9F22F1,Droplet #6,Droplet,Rottenraw Burn u/s Elliot Water confluence,56.55722722014659,-2.6604111487841786,048b000190032710002a000000000000,11.63,1024.03,100.0,4.2,0.0,0.0,0
2021-08-29 03:09:04.590000+00:00,70B3D5499C9F22F1,Droplet #6,Droplet,Rottenraw Burn u/s Elliot Water confluence,56.55722722014659,-2.6604111487841786,047e00018fde2710002a000000000000,11.5,1023.66,100.0,4.2,0.0,0.0,0
2021-08-29 03:39:35.837000+00:00,70B3D5499C9F22F1,Droplet #6,Droplet,Rottenraw Burn u/s Elliot Water confluence,56.55722722014659,-2.6604111487841786,0487000190092710002a000000000000,11.59,1024.09,100.0,4.2,0.0,0.0,0
2021-08-29 03:54:51.152000+00:00,70B3D5499C9F22F1,Droplet #6,Droplet,Rottenraw Burn u/s Elliot Water confluence,56.55722722014659,-2.6604111487841786,0486000190012710002a000000000000,11.58,1024.01,100.0,4.2,0.0,0.0,0
2021-08-29 04:10:06.560000+00:00,70B3D5499C9F22F1,Droplet #6,Droplet,Rottenraw Burn u/s Elliot Water confluence,56.55722722014659,-2.6604111487841786,0486000190172710002a000000000000,11.58,1024.23,100.0,4.2,0.0,0.0,0
2021-08-29 04:25:22.566000+00:00,70B3D5499C9F22F1,Droplet #6,Droplet,Rottenraw Burn u/s Elliot Water confluence,56.55722722014659,-2.6604111487841786,04940001900f2710002a000000000000,11.72,1024.15,100.0,4.2,0.0,0.0,0
2021-08-29 04:40:38.212000+00:00,70B3D5499C9F22F1,Droplet #6,Droplet,Rottenraw Burn u/s Elliot Water confluence,56.55722722014659,-2.6604111487841786,048b00018fe72710002a000000000000,11.63,1023.75,100.0,4.2,0.0,0.0,0
2021-08-29 05:11:08.297000+00:00,70B3D5499C9F22F1,Droplet #6,Droplet,Rottenraw Burn u/s Elliot Water confluence,56.55722722014659,-2.6604111487841786,04930001901f2710002a000000000000,11.71,1024.31,100.0,4.2,0.0,0.0,0
2021-08-29 05:26:21.969000+00:00,70B3D5499C9F22F1,Droplet #6,Droplet,Rottenraw Burn u/s Elliot Water confluence,56.55722722014659,-2.6604111487841786,048e0001900c2710002a000000000000,11.66,1024.12,100.0,4.2,0.0,0.0,0
2021-08-29 05:41:37.804000+00:00,70B3D5499C9F22F1,Droplet #6,Droplet,Rottenraw Burn u/s Elliot Water confluence,56.55722722014659,-2.6604111487841786,049a000190262710002a000000000000,11.78,1024.38,100.0,4.2,0.0,0.0,0
2021-08-29 05:56:53.659000+00:00,70B3D5499C9F22F1,Droplet #6,Droplet,Rottenraw Burn u/s Elliot Water confluence,56.55722722014659,-2.6604111487841786,04a5000190162710002a000000000000,11.89,1024.22,100.0,4.2,0.0,0.0,0
2021-08-29 06:12:09.864000+00:00,70B3D5499C9F22F1,Droplet #6,Droplet,Rottenraw Burn u/s Elliot Water confluence,56.55722722014659,-2.6604111487841786,04ae000190292710002a000000000000,11.98,1024.41,100.0,4.2,0.0,0.0,0
2021-08-29 06:27:25.553000+00:00,70B3D5499C9F22F1,Droplet #6,Droplet,Rottenraw Burn u/s Elliot Water confluence,56.55722722014659,-2.6604111487841786,04b40001901e2710002a000000000000,12.04,1024.3,100.0,4.2,0.0,0.0,0
2021-08-29 06:42:39.657000+00:00,70B3D5499C9F22F1,Droplet #6,Droplet,Rottenraw Burn u/s Elliot Water confluence,56.55722722014659,-2.6604111487841786,04c40001901a2710002a000000000000,12.2,1024.26,100.0,4.2,0.0,0.0,0
2021-08-29 06:57:54.973000+00:00,70B3D5499C9F22F1,Droplet #6,Droplet,Rottenraw Burn u/s Elliot Water confluence,56.55722722014659,-2.6604111487841786,04d8000190342710002a000000000000,12.4,1024.52,100.0,4.2,0.0,0.0,0
2021-08-29 07:13:10.720000+00:00,70B3D5499C9F22F1,Droplet #6,Droplet,Rottenraw Burn u/s Elliot Water confluence,56.55722722014659,-2.6604111487841786,04f60001903f2710002a000000000000,12.7,1024.63,100.0,4.2,0.0,0.0,0
2021-08-29 07:28:26.842000+00:00,70B3D5499C9F22F1,Droplet #6,Droplet,Rottenraw Burn u/s Elliot Water confluence,56.55722722014659,-2.6604111487841786,05140001901f2710002a000000000000,13.0,1024.31,100.0,4.2,0.0,0.0,0
2021-08-29 07:43:43.480000+00:00,70B3D5499C9F22F1,Droplet #6,Droplet,Rottenraw Burn u/s Elliot Water confluence,56.55722722014659,-2.6604111487841786,0544000190272710002a000000000000,13.48,1024.39,100.0,4.2,0.0,0.0,0
2021-08-29 07:58:59.345000+00:00,70B3D5499C9F22F1,Droplet #6,Droplet,Rottenraw Burn u/s Elliot Water confluence,56.55722722014659,-2.6604111487841786,055b000190192710002a000000000000,13.71,1024.25,100.0,4.2,0.0,0.0,0
2021-08-29 08:14:15.879000+00:00,70B3D5499C9F22F1,Droplet #6,Droplet,Rottenraw Burn u/s Elliot Water confluence,56.55722722014659,-2.6604111487841786,05870001902c2710002a000000000000,14.15,1024.44,100.0,4.2,0.0,0.0,0
2021-08-29 08:29:31.036000+00:00,70B3D5499C9F22F1,Droplet #6,Droplet,Rottenraw Burn u/s Elliot Water confluence,56.55722722014659,-2.6604111487841786,056d000190282710002a000000000000,13.89,1024.4,100.0,4.2,0.0,0.0,0
2021-08-29 08:44:47.343000+00:00,70B3D5499C9F22F1,Droplet #6,Droplet,Rottenraw Burn u/s Elliot Water confluence,56.55722722014659,-2.6604111487841786,05720001902c2710002a000000000000,13.94,1024.44,100.0,4.2,0.0,0.0,0
2021-08-29 09:00:03.695000+00:00,70B3D5499C9F22F1,Droplet #6,Droplet,Rottenraw Burn u/s Elliot Water confluence,56.55722722014659,-2.6604111487841786,05bb000190322710002a000000000000,14.67,1024.5,100.0,4.2,0.0,0.0,0
2021-08-29 09:15:21.139000+00:00,70B3D5499C9F22F1,Droplet #6,Droplet,Rottenraw Burn u/s Elliot Water confluence,56.55722722014659,-2.6604111487841786,0610000190262710002a000000000000,15.52,1024.38,100.0,4.2,0.0,0.0,0
2021-08-29 09:30:39.025000+00:00,70B3D5499C9F22F1,Droplet #6,Droplet,Rottenraw Burn u/s Elliot Water confluence,56.55722722014659,-2.6604111487841786,06910001901b2710002a000000000000,16.81,1024.27,100.0,4.2,0.0,0.0,0
2021-08-29 09:45:54.798000+00:00,70B3D5499C9F22F1,Droplet #6,Droplet,Rottenraw Burn u/s Elliot Water confluence,56.55722722014659,-2.6604111487841786,0697000190232710002a000000000000,16.87,1024.35,100.0,4.2,0.0,0.0,0
2021-08-29 10:01:10.307000+00:00,70B3D5499C9F22F1,Droplet #6,Droplet,Rottenraw Burn u/s Elliot Water confluence,56.55722722014659,-2.6604111487841786,06670001900f2710002a000000000000,16.39,1024.15,100.0,4.2,0.0,0.0,0
2021-08-29 10:16:24.617000+00:00,70B3D5499C9F22F1,Droplet #6,Droplet,Rottenraw Burn u/s Elliot Water confluence,56.55722722014659,-2.6604111487841786,05d5000190272710002a000000000000,14.93,1024.39,100.0,4.2,0.0,0.0,0
2021-08-29 10:46:55.177000+00:00,70B3D5499C9F22F1,Droplet #6,Droplet,Rottenraw Burn u/s Elliot Water confluence,56.55722722014659,-2.6604111487841786,05e60001900e2710002a000000000000,15.1,1024.14,100.0,4.2,0.0,0.0,0
2021-08-29 11:02:11.637000+00:00,70B3D5499C9F22F1,Droplet #6,Droplet,Rottenraw Burn u/s Elliot Water confluence,56.55722722014659,-2.6604111487841786,0626000190192710002a000000000000,15.74,1024.25,100.0,4.2,0.0,0.0,0
2021-08-29 11:32:43.688000+00:00,70B3D5499C9F22F1,Droplet #6,Droplet,Rottenraw Burn u/s Elliot Water confluence,56.55722722014659,-2.6604111487841786,06a5000190002710002a000000000000,17.01,1024.0,100.0,4.2,0.0,0.0,0
2021-08-29 11:47:59.569000+00:00,70B3D5499C9F22F1,Droplet #6,Droplet,Rottenraw Burn u/s Elliot Water confluence,56.55722722014659,-2.6604111487841786,06dd000190172710002a000000000000,17.57,1024.23,100.0,4.2,0.0,0.0,0
2021-08-29 12:03:13.262000+00:00,70B3D5499C9F22F1,Droplet #6,Droplet,Rottenraw Burn u/s Elliot Water confluence,56.55722722014659,-2.6604111487841786,06d20001900c2710002a000000000000,17.46,1024.12,100.0,4.2,0.0,0.0,0
2021-08-29 12:18:28.579000+00:00,70B3D5499C9F22F1,Droplet #6,Droplet,Rottenraw Burn u/s Elliot Water confluence,56.55722722014659,-2.6604111487841786,07090001901c2710002a000000000000,18.01,1024.28,100.0,4.2,0.0,0.0,0
2021-08-29 12:33:45.412000+00:00,70B3D5499C9F22F1,Droplet #6,Droplet,Rottenraw Burn u/s Elliot Water confluence,56.55722722014659,-2.6604111487841786,07290001900e2710002a000000000000,18.33,1024.14,100.0,4.2,0.0,0.0,0
2021-08-29 12:49:00.972000+00:00,70B3D5499C9F22F1,Droplet #6,Droplet,Rottenraw Burn u/s Elliot Water confluence,56.55722722014659,-2.6604111487841786,070e0001901f2710002a000000000000,18.06,1024.31,100.0,4.2,0.0,0.0,0
2021-08-29 13:04:17.856000+00:00,70B3D5499C9F22F1,Droplet #6,Droplet,Rottenraw Burn u/s Elliot Water confluence,56.55722722014659,-2.6604111487841786,07750001900d2710002a000000000000,19.09,1024.13,100.0,4.2,0.0,0.0,0
2021-08-29 13:19:30.348000+00:00,70B3D5499C9F22F1,Droplet #6,Droplet,Rottenraw Burn u/s Elliot Water confluence,56.55722722014659,-2.6604111487841786,06f2000190042710002a000000000000,17.78,1024.04,100.0,4.2,0.0,0.0,0
2021-08-29 13:34:46.812000+00:00,70B3D5499C9F22F1,Droplet #6,Droplet,Rottenraw Burn u/s Elliot Water confluence,56.55722722014659,-2.6604111487841786,073e000190072710002a000000000000,18.54,1024.07,100.0,4.2,0.0,0.0,0
2021-08-29 13:50:01.447000+00:00,70B3D5499C9F22F1,Droplet #6,Droplet,Rottenraw Burn u/s Elliot Water confluence,56.55722722014659,-2.6604111487841786,0717000190062710002a000000000000,18.15,1024.06,100.0,4.2,0.0,0.0,0
2021-08-29 14:05:16.052000+00:00,70B3D5499C9F22F1,Droplet #6,Droplet,Rottenraw Burn u/s Elliot Water confluence,56.55722722014659,-2.6604111487841786,06f500018ff42710002a000000000000,17.81,1023.88,100.0,4.2,0.0,0.0,0
2021-08-29 14:35:44.334000+00:00,70B3D5499C9F22F1,Droplet #6,Droplet,Rottenraw Burn u/s Elliot Water confluence,56.55722722014659,-2.6604111487841786,062b00018fff2710002a000000000000,15.79,1023.99,100.0,4.2,0.0,0.0,0
2021-08-29 14:51:00.348000+00:00,70B3D5499C9F22F1,Droplet #6,Droplet,Rottenraw Burn u/s Elliot Water confluence,56.55722722014659,-2.6604111487841786,063d00018ffa2710002a000000000000,15.97,1023.94,100.0,4.2,0.0,0.0,0
2021-08-29 15:06:17.010000+00:00,70B3D5499C9F22F1,Droplet #6,Droplet,Rottenraw Burn u/s Elliot Water confluence,56.55722722014659,-2.6604111487841786,06b900018ffc2710002a000000000000,17.21,1023.96,100.0,4.2,0.0,0.0,0
2021-08-29 15:36:47.481000+00:00,70B3D5499C9F22F1,Droplet #6,Droplet,Rottenraw Burn u/s Elliot Water confluence,56.55722722014659,-2.6604111487841786,06bc00018ffc2710002a000000000000,17.24,1023.96,100.0,4.2,0.0,0.0,0
2021-08-29 15:52:01.111000+00:00,70B3D5499C9F22F1,Droplet #6,Droplet,Rottenraw Burn u/s Elliot Water confluence,56.55722722014659,-2.6604111487841786,0697000190072710002a000000000000,16.87,1024.07,100.0,4.2,0.0,0.0,0
2021-08-29 16:07:16.429000+00:00,70B3D5499C9F22F1,Droplet #6,Droplet,Rottenraw Burn u/s Elliot Water confluence,56.55722722014659,-2.6604111487841786,0695000190102710002a000000000000,16.85,1024.16,100.0,4.2,0.0,0.0,0
2021-08-29 16:22:32.235000+00:00,70B3D5499C9F22F1,Droplet #6,Droplet,Rottenraw Burn u/s Elliot Water confluence,56.55722722014659,-2.6604111487841786,0664000190022710002a000000000000,16.36,1024.02,100.0,4.2,0.0,0.0,0
2021-08-29 16:37:47.771000+00:00,70B3D5499C9F22F1,Droplet #6,Droplet,Rottenraw Burn u/s Elliot Water confluence,56.55722722014659,-2.6604111487841786,064a000190042710002a000000000000,16.1,1024.04,100.0,4.2,0.0,0.0,0
2021-08-29 16:53:03.728000+00:00,70B3D5499C9F22F1,Droplet #6,Droplet,Rottenraw Burn u/s Elliot Water confluence,56.55722722014659,-2.6604111487841786,0615000190042710002a000000000000,15.57,1024.04,100.0,4.2,0.0,0.0,0
2021-08-29 17:08:18.012000+00:00,70B3D5499C9F22F1,Droplet #6,Droplet,Rottenraw Burn u/s Elliot Water confluence,56.55722722014659,-2.6604111487841786,05f000018fff2710002a000000000000,15.2,1023.99,100.0,4.2,0.0,0.0,0
2021-08-29 17:23:33.015000+00:00,70B3D5499C9F22F1,Droplet #6,Droplet,Rottenraw Burn u/s Elliot Water confluence,56.55722722014659,-2.6604111487841786,05d9000190102710002a000000000000,14.97,1024.16,100.0,4.2,0.0,0.0,0
2021-08-29 17:38:47.548000+00:00,70B3D5499C9F22F1,Droplet #6,Droplet,Rottenraw Burn u/s Elliot Water confluence,56.55722722014659,-2.6604111487841786,05d8000190062710002a000000000000,14.96,1024.06,100.0,4.2,0.0,0.0,0
2021-08-29 17:54:02.583000+00:00,70B3D5499C9F22F1,Droplet #6,Droplet,Rottenraw Burn u/s Elliot Water confluence,56.55722722014659,-2.6604111487841786,05bc000190262710002a000000000000,14.68,1024.38,100.0,4.2,0.0,0.0,0
2021-08-29 18:09:18.609000+00:00,70B3D5499C9F22F1,Droplet #6,Droplet,Rottenraw Burn u/s Elliot Water confluence,56.55722722014659,-2.6604111487841786,05c0000190322710002a000000000000,14.72,1024.5,100.0,4.2,0.0,0.0,0
2021-08-29 18:24:34.597000+00:00,70B3D5499C9F22F1,Droplet #6,Droplet,Rottenraw Burn u/s Elliot Water confluence,56.55722722014659,-2.6604111487841786,0560000190172710002a000000000000,13.76,1024.23,100.0,4.2,0.0,0.0,0
2021-08-29 18:39:49.773000+00:00,70B3D5499C9F22F1,Droplet #6,Droplet,Rottenraw Burn u/s Elliot Water confluence,56.55722722014659,-2.6604111487841786,052c000190632710002a000000000000,13.24,1024.99,100.0,4.2,0.0,0.0,0
2021-08-29 18:55:05.185000+00:00,70B3D5499C9F22F1,Droplet #6,Droplet,Rottenraw Burn u/s Elliot Water confluence,56.55722722014659,-2.6604111487841786,0520000190642710002a000000000000,13.12,1025.0,100.0,4.2,0.0,0.0,0
2021-08-29 19:10:20.877000+00:00,70B3D5499C9F22F1,Droplet #6,Droplet,Rottenraw Burn u/s Elliot Water confluence,56.55722722014659,-2.6604111487841786,05070001904f2710002a000000000000,12.87,1024.79,100.0,4.2,0.0,0.0,0
2021-08-29 19:25:36.219000+00:00,70B3D5499C9F22F1,Droplet #6,Droplet,Rottenraw Burn u/s Elliot Water confluence,56.55722722014659,-2.6604111487841786,04da000190512710002a000000000000,12.42,1024.81,100.0,4.2,0.0,0.0,0
2021-08-29 19:40:50.836000+00:00,70B3D5499C9F22F1,Droplet #6,Droplet,Rottenraw Burn u/s Elliot Water confluence,56.55722722014659,-2.6604111487841786,04b40001906d2710002a000000000000,12.04,1025.09,100.0,4.2,0.0,0.0,0
2021-08-29 19:56:06.383000+00:00,70B3D5499C9F22F1,Droplet #6,Droplet,Rottenraw Burn u/s Elliot Water confluence,56.55722722014659,-2.6604111487841786,049c000190672710002a000000000000,11.8,1025.03,100.0,4.2,0.0,0.0,0
2021-08-29 20:11:21.645000+00:00,70B3D5499C9F22F1,Droplet #6,Droplet,Rottenraw Burn u/s Elliot Water confluence,56.55722722014659,-2.6604111487841786,0490000190832710002a000000000000,11.68,1025.31,100.0,4.2,0.0,0.0,0
2021-08-29 20:26:36.673000+00:00,70B3D5499C9F22F1,Droplet #6,Droplet,Rottenraw Burn u/s Elliot Water confluence,56.55722722014659,-2.6604111487841786,0469000190882710002a000000000000,11.29,1025.36,100.0,4.2,0.0,0.0,0
2021-08-29 20:41:51.864000+00:00,70B3D5499C9F22F1,Droplet #6,Droplet,Rottenraw Burn u/s Elliot Water confluence,56.55722722014659,-2.6604111487841786,04500001904f2710002a000000000000,11.04,1024.79,100.0,4.2,0.0,0.0,0
2021-08-29 20:57:07.877000+00:00,70B3D5499C9F22F1,Droplet #6,Droplet,Rottenraw Burn u/s Elliot Water confluence,56.55722722014659,-2.6604111487841786,0443000190602710002a000000000000,10.91,1024.96,100.0,4.2,0.0,0.0,0
2021-08-29 21:27:37.999000+00:00,70B3D5499C9F22F1,Droplet #6,Droplet,Rottenraw Burn u/s Elliot Water confluence,56.55722722014659,-2.6604111487841786,044d0001906a2710002a000000000000,11.01,1025.06,100.0,4.2,0.0,0.0,0
2021-08-29 21:42:53.397000+00:00,70B3D5499C9F22F1,Droplet #6,Droplet,Rottenraw Burn u/s Elliot Water confluence,56.55722722014659,-2.6604111487841786,0445000190622710002a000000000000,10.93,1024.98,100.0,4.2,0.0,0.0,0
2021-08-29 21:58:08.446000+00:00,70B3D5499C9F22F1,Droplet #6,Droplet,Rottenraw Burn u/s Elliot Water confluence,56.55722722014659,-2.6604111487841786,0434000190712710002a000000000000,10.76,1025.13,100.0,4.2,0.0,0.0,0
2021-08-29 22:13:23.595000+00:00,70B3D5499C9F22F1,Droplet #6,Droplet,Rottenraw Burn u/s Elliot Water confluence,56.55722722014659,-2.6604111487841786,041b000190a02710002a000000000000,10.51,1025.6,100.0,4.2,0.0,0.0,0
2021-08-29 22:28:38.147000+00:00,70B3D5499C9F22F1,Droplet #6,Droplet,Rottenraw Burn u/s Elliot Water confluence,56.55722722014659,-2.6604111487841786,03ee000190af2710002a000000000000,10.06,1025.75,100.0,4.2,0.0,0.0,0
2021-08-29 22:43:53.333000+00:00,70B3D5499C9F22F1,Droplet #6,Droplet,Rottenraw Burn u/s Elliot Water confluence,56.55722722014659,-2.6604111487841786,03b9000190872710002a000000000000,9.53,1025.35,100.0,4.2,0.0,0.0,0
2021-08-29 22:59:08.244000+00:00,70B3D5499C9F22F1,Droplet #6,Droplet,Rottenraw Burn u/s Elliot Water confluence,56.55722722014659,-2.6604111487841786,039f000190a52710002a000000000000,9.27,1025.65,100.0,4.2,0.0,0.0,0
2021-08-29 23:14:22.644000+00:00,70B3D5499C9F22F1,Droplet #6,Droplet,Rottenraw Burn u/s Elliot Water confluence,56.55722722014659,-2.6604111487841786,039d000190a62710002a000000000000,9.25,1025.66,100.0,4.2,0.0,0.0,0
2021-08-29 23:29:38.546000+00:00,70B3D5499C9F22F1,Droplet #6,Droplet,Rottenraw Burn u/s Elliot Water confluence,56.55722722014659,-2.6604111487841786,03a70001909c2710002a000000000000,9.35,1025.56,100.0,4.2,0.0,0.0,0
2021-08-29 23:44:54.561000+00:00,70B3D5499C9F22F1,Droplet #6,Droplet,Rottenraw Burn u/s Elliot Water confluence,56.55722722014659,-2.6604111487841786,03e0000190a12710002a000000000000,9.92,1025.61,100.0,4.2,0.0,0.0,0
2021-08-30 00:00:10.415000+00:00,70B3D5499C9F22F1,Droplet #6,Droplet,Rottenraw Burn u/s Elliot Water confluence,56.55722722014659,-2.6604111487841786,0405000190ad2710002a000000000000,10.29,1025.73,100.0,4.2,0.0,0.0,0
2021-08-30 00:15:26.564000+00:00,70B3D5499C9F22F1,Droplet #6,Droplet,Rottenraw Burn u/s Elliot Water confluence,56.55722722014659,-2.6604111487841786,0415000190a32710002a000000000000,10.45,1025.63,100.0,4.2,0.0,0.0,0
2021-08-30 00:30:41.850000+00:00,70B3D5499C9F22F1,Droplet #6,Droplet,Rottenraw Burn u/s Elliot Water confluence,56.55722722014659,-2.6604111487841786,0419000190b22710002a000000000000,10.49,1025.78,100.0,4.2,0.0,0.0,0
2021-08-30 00:45:56.255000+00:00,70B3D5499C9F22F1,Droplet #6,Droplet,Rottenraw Burn u/s Elliot Water confluence,56.55722722014659,-2.6604111487841786,0412000190a32710002a000000000000,10.42,1025.63,100.0,4.2,0.0,0.0,0
2021-08-30 01:01:10.642000+00:00,70B3D5499C9F22F1,Droplet #6,Droplet,Rottenraw Burn u/s Elliot Water confluence,56.55722722014659,-2.6604111487841786,04050001909b2710002a000000000000,10.29,1025.55,100.0,4.2,0.0,0.0,0
2021-08-30 01:16:25.670000+00:00,70B3D5499C9F22F1,Droplet #6,Droplet,Rottenraw Burn u/s Elliot Water confluence,56.55722722014659,-2.6604111487841786,0404000190b52710002a000000000000,10.28,1025.81,100.0,4.2,0.0,0.0,0
2021-08-30 01:31:40.891000+00:00,70B3D5499C9F22F1,Droplet #6,Droplet,Rottenraw Burn u/s Elliot Water confluence,56.55722722014659,-2.6604111487841786,03e8000190992710002a000000000000,10.0,1025.53,100.0,4.2,0.0,0.0,0
2021-08-30 01:46:55.911000+00:00,70B3D5499C9F22F1,Droplet #6,Droplet,Rottenraw Burn u/s Elliot Water confluence,56.55722722014659,-2.6604111487841786,03a1000190ae2710002a000000000000,9.29,1025.74,100.0,4.2,0.0,0.0,0
2021-08-30 02:02:11.241000+00:00,70B3D5499C9F22F1,Droplet #6,Droplet,Rottenraw Burn u/s Elliot Water confluence,56.55722722014659,-2.6604111487841786,0395000190af2710002a000000000000,9.17,1025.75,100.0,4.2,0.0,0.0,0
2021-08-30 02:17:26.859000+00:00,70B3D5499C9F22F1,Droplet #6,Droplet,Rottenraw Burn u/s Elliot Water confluence,56.55722722014659,-2.6604111487841786,03b5000190ae2710002a000000000000,9.49,1025.74,100.0,4.2,0.0,0.0,0
2021-08-30 02:32:42.069000+00:00,70B3D5499C9F22F1,Droplet #6,Droplet,Rottenraw Burn u/s Elliot Water confluence,56.55722722014659,-2.6604111487841786,03c4000190b62710002a000000000000,9.64,1025.82,100.0,4.2,0.0,0.0,0
2021-08-30 02:47:56.950000+00:00,70B3D5499C9F22F1,Droplet #6,Droplet,Rottenraw Burn u/s Elliot Water confluence,56.55722722014659,-2.6604111487841786,03dc000190de2710002a000000000000,9.88,1026.22,100.0,4.2,0.0,0.0,0
2021-08-30 03:03:12.252000+00:00,70B3D5499C9F22F1,Droplet #6,Droplet,Rottenraw Burn u/s Elliot Water confluence,56.55722722014659,-2.6604111487841786,03ec000190d82710002a000000000000,10.04,1026.16,100.0,4.2,0.0,0.0,0
2021-08-30 03:18:27.074000+00:00,70B3D5499C9F22F1,Droplet #6,Droplet,Rottenraw Burn u/s Elliot Water confluence,56.55722722014659,-2.6604111487841786,040b000190c12710002a000000000000,10.35,1025.93,100.0,4.2,0.0,0.0,0
2021-08-30 03:33:42.662000+00:00,70B3D5499C9F22F1,Droplet #6,Droplet,Rottenraw Burn u/s Elliot Water confluence,56.55722722014659,-2.6604111487841786,040a000190db2710002a000000000000,10.34,1026.19,100.0,4.2,0.0,0.0,0
2021-08-30 03:48:57.766000+00:00,70B3D5499C9F22F1,Droplet #6,Droplet,Rottenraw Burn u/s Elliot Water confluence,56.55722722014659,-2.6604111487841786,03ee000190d52710002a000000000000,10.06,1026.13,100.0,4.2,0.0,0.0,0
2021-08-30 04:04:13.021000+00:00,70B3D5499C9F22F1,Droplet #6,Droplet,Rottenraw Burn u/s Elliot Water confluence,56.55722722014659,-2.6604111487841786,03e3000190b02710002a000000000000,9.95,1025.76,100.0,4.2,0.0,0.0,0
2021-08-30 04:19:28.714000+00:00,70B3D5499C9F22F1,Droplet #6,Droplet,Rottenraw Burn u/s Elliot Water confluence,56.55722722014659,-2.6604111487841786,03e1000190b42710002a000000000000,9.93,1025.8,100.0,4.2,0.0,0.0,0
2021-08-30 04:34:44.708000+00:00,70B3D5499C9F22F1,Droplet #6,Droplet,Rottenraw Burn u/s Elliot Water confluence,56.55722722014659,-2.6604111487841786,03b6000190ad2710002a000000000000,9.5,1025.73,100.0,4.2,0.0,0.0,0
2021-08-30 04:49:59.758000+00:00,70B3D5499C9F22F1,Droplet #6,Droplet,Rottenraw Burn u/s Elliot Water confluence,56.55722722014659,-2.6604111487841786,03c6000190a62710002a000000000000,9.66,1025.66,100.0,4.2,0.0,0.0,0
2021-08-30 05:05:15.382000+00:00,70B3D5499C9F22F1,Droplet #6,Droplet,Rottenraw Burn u/s Elliot Water confluence,56.55722722014659,-2.6604111487841786,03ec000190d32710002a000000000000,10.04,1026.11,100.0,4.2,0.0,0.0,0
2021-08-30 05:20:31.841000+00:00,70B3D5499C9F22F1,Droplet #6,Droplet,Rottenraw Burn u/s Elliot Water confluence,56.55722722014659,-2.6604111487841786,0406000190e22710002a000000000000,10.3,1026.26,100.0,4.2,0.0,0.0,0
2021-08-30 05:35:46.865000+00:00,70B3D5499C9F22F1,Droplet #6,Droplet,Rottenraw Burn u/s Elliot Water confluence,56.55722722014659,-2.6604111487841786,0412000190c92710002a000000000000,10.42,1026.01,100.0,4.2,0.0,0.0,0
2021-08-30 05:51:02.985000+00:00,70B3D5499C9F22F1,Droplet #6,Droplet,Rottenraw Burn u/s Elliot Water confluence,56.55722722014659,-2.6604111487841786,0426000190fe2710002a000000000000,10.62,1026.54,100.0,4.2,0.0,0.0,0
2021-08-30 06:21:33.532000+00:00,70B3D5499C9F22F1,Droplet #6,Droplet,Rottenraw Burn u/s Elliot Water confluence,56.55722722014659,-2.6604111487841786,0449000190d52710002a000000000000,10.97,1026.13,100.0,4.2,0.0,0.0,0
2021-08-30 06:36:49.387000+00:00,70B3D5499C9F22F1,Droplet #6,Droplet,Rottenraw Burn u/s Elliot Water confluence,56.55722722014659,-2.6604111487841786,046c000190c52710002a000000000000,11.32,1025.97,100.0,4.2,0.0,0.0,0
2021-08-30 06:52:05.233000+00:00,70B3D5499C9F22F1,Droplet #6,Droplet,Rottenraw Burn u/s Elliot Water confluence,56.55722722014659,-2.6604111487841786,0473000190d32710002a000000000000,11.39,1026.11,100.0,4.2,0.0,0.0,0
2021-08-30 07:07:20.506000+00:00,70B3D5499C9F22F1,Droplet #6,Droplet,Rottenraw Burn u/s Elliot Water confluence,56.55722722014659,-2.6604111487841786,048b000190e42710002a000000000000,11.63,1026.28,100.0,4.2,0.0,0.0,0
2021-08-30 07:22:36.041000+00:00,70B3D5499C9F22F1,Droplet #6,Droplet,Rottenraw Burn u/s Elliot Water confluence,56.55722722014659,-2.6604111487841786,04b6000190ed2710002a000000000000,12.06,1026.37,100.0,4.2,0.0,0.0,0
2021-08-30 07:53:06.661000+00:00,70B3D5499C9F22F1,Droplet #6,Droplet,Rottenraw Burn u/s Elliot Water confluence,56.55722722014659,-2.6604111487841786,04c3000190f42710002a000000000000,12.19,1026.44,100.0,4.2,0.0,0.0,0
2021-08-30 08:08:23.166000+00:00,70B3D5499C9F22F1,Droplet #6,Droplet,Rottenraw Burn u/s Elliot Water confluence,56.55722722014659,-2.6604111487841786,04e2000191192710002a000000000000,12.5,1026.81,100.0,4.2,0.0,0.0,0
2021-08-30 08:23:38.881000+00:00,70B3D5499C9F22F1,Droplet #6,Droplet,Rottenraw Burn u/s Elliot Water confluence,56.55722722014659,-2.6604111487841786,0511000190d92710002a000000000000,12.97,1026.17,100.0,4.2,0.0,0.0,0
2021-08-30 08:38:54.960000+00:00,70B3D5499C9F22F1,Droplet #6,Droplet,Rottenraw Burn u/s Elliot Water confluence,56.55722722014659,-2.6604111487841786,054e0001910c2710002a000000000000,13.58,1026.68,100.0,4.2,0.0,0.0,0
2021-08-30 08:54:10.716000+00:00,70B3D5499C9F22F1,Droplet #6,Droplet,Rottenraw Burn u/s Elliot Water confluence,56.55722722014659,-2.6604111487841786,0582000190f32710002a000000000000,14.1,1026.43,100.0,4.2,0.0,0.0,0
2021-08-30 09:09:25.751000+00:00,70B3D5499C9F22F1,Droplet #6,Droplet,Rottenraw Burn u/s Elliot Water confluence,56.55722722014659,-2.6604111487841786,0590000190ec2710002a000000000000,14.24,1026.36,100.0,4.2,0.0,0.0,0
2021-08-30 09:24:41.226000+00:00,70B3D5499C9F22F1,Droplet #6,Droplet,Rottenraw Burn u/s Elliot Water confluence,56.55722722014659,-2.6604111487841786,0591000191162710002a000000000000,14.25,1026.78,100.0,4.2,0.0,0.0,0
2021-08-30 09:39:56.905000+00:00,70B3D5499C9F22F1,Droplet #6,Droplet,Rottenraw Burn u/s Elliot Water confluence,56.55722722014659,-2.6604111487841786,05bb0001910a2710002a000000000000,14.67,1026.66,100.0,4.2,0.0,0.0,0
2021-08-30 09:55:14.801000+00:00,70B3D5499C9F22F1,Droplet #6,Droplet,Rottenraw Burn u/s Elliot Water confluence,56.55722722014659,-2.6604111487841786,05fd000191192710002a000000000000,15.33,1026.81,100.0,4.2,0.0,0.0,0
2021-08-30 10:25:45.113000+00:00,70B3D5499C9F22F1,Droplet #6,Droplet,Rottenraw Burn u/s Elliot Water confluence,56.55722722014659,-2.6604111487841786,05ef000191042710002a000000000000,15.19,1026.6,100.0,4.2,0.0,0.0,0
2021-08-30 10:41:00.602000+00:00,70B3D5499C9F22F1,Droplet #6,Droplet,Rottenraw Burn u/s Elliot Water confluence,56.55722722014659,-2.6604111487841786,05d60001911a2710002a000000000000,14.94,1026.82,100.0,4.2,0.0,0.0,0
2021-08-30 10:56:16.608000+00:00,70B3D5499C9F22F1,Droplet #6,Droplet,Rottenraw Burn u/s Elliot Water confluence,56.55722722014659,-2.6604111487841786,05e1000191092710002a000000000000,15.05,1026.65,100.0,4.2,0.0,0.0,0
2021-08-30 11:26:47.849000+00:00,70B3D5499C9F22F1,Droplet #6,Droplet,Rottenraw Burn u/s Elliot Water confluence,56.55722722014659,-2.6604111487841786,0617000191172710002a000000000000,15.59,1026.79,100.0,4.2,0.0,0.0,0
2021-08-30 11:42:03.174000+00:00,70B3D5499C9F22F1,Droplet #6,Droplet,Rottenraw Burn u/s Elliot Water confluence,56.55722722014659,-2.6604111487841786,0601000191232710002a000000000000,15.37,1026.91,100.0,4.2,0.0,0.0,0
2021-08-30 11:57:18.307000+00:00,70B3D5499C9F22F1,Droplet #6,Droplet,Rottenraw Burn u/s Elliot Water confluence,56.55722722014659,-2.6604111487841786,060b000191142710002a000000000000,15.47,1026.76,100.0,4.2,0.0,0.0,0
2021-08-30 12:12:33.589000+00:00,70B3D5499C9F22F1,Droplet #6,Droplet,Rottenraw Burn u/s Elliot Water confluence,56.55722722014659,-2.6604111487841786,05e8000191012710002a000000000000,15.12,1026.57,100.0,4.2,0.0,0.0,0
2021-08-30 12:27:49.791000+00:00,70B3D5499C9F22F1,Droplet #6,Droplet,Rottenraw Burn u/s Elliot Water confluence,56.55722722014659,-2.6604111487841786,05f7000191372710002a000000000000,15.27,1027.11,100.0,4.2,0.0,0.0,0
2021-08-30 12:43:05.333000+00:00,70B3D5499C9F22F1,Droplet #6,Droplet,Rottenraw Burn u/s Elliot Water confluence,56.55722722014659,-2.6604111487841786,05fd0001911c2710002a000000000000,15.33,1026.84,100.0,4.2,0.0,0.0,0
2021-08-30 12:58:20.453000+00:00,70B3D5499C9F22F1,Droplet #6,Droplet,Rottenraw Burn u/s Elliot Water confluence,56.55722722014659,-2.6604111487841786,05e80001912f2710002a000000000000,15.12,1027.03,100.0,4.2,0.0,0.0,0
2021-08-30 13:13:35.267000+00:00,70B3D5499C9F22F1,Droplet #6,Droplet,Rottenraw Burn u/s Elliot Water confluence,56.55722722014659,-2.6604111487841786,06000001912b2710002a000000000000,15.36,1026.99,100.0,4.2,0.0,0.0,0
2021-08-30 13:28:51.167000+00:00,70B3D5499C9F22F1,Droplet #6,Droplet,Rottenraw Burn u/s Elliot Water confluence,56.55722722014659,-2.6604111487841786,05d3000191212710002a000000000000,14.91,1026.89,100.0,4.2,0.0,0.0,0
2021-08-30 13:44:07.892000+00:00,70B3D5499C9F22F1,Droplet #6,Droplet,Rottenraw Burn u/s Elliot Water confluence,56.55722722014659,-2.6604111487841786,05ef000191242710002a000000000000,15.19,1026.92,100.0,4.2,0.0,0.0,0
2021-08-30 13:59:24.110000+00:00,70B3D5499C9F22F1,Droplet #6,Droplet,Rottenraw Burn u/s Elliot Water confluence,56.55722722014659,-2.6604111487841786,05ee000191152710002a000000000000,15.18,1026.77,100.0,4.2,0.0,0.0,0
2021-08-30 14:14:39.488000+00:00,70B3D5499C9F22F1,Droplet #6,Droplet,Rottenraw Burn u/s Elliot Water confluence,56.55722722014659,-2.6604111487841786,0614000191302710002a000000000000,15.56,1027.04,100.0,4.2,0.0,0.0,0
2021-08-30 14:29:54.969000+00:00,70B3D5499C9F22F1,Droplet #6,Droplet,Rottenraw Burn u/s Elliot Water confluence,56.55722722014659,-2.6604111487841786,06050001912c2710002a000000000000,15.41,1027.0,100.0,4.2,0.0,0.0,0
2021-08-30 14:45:10.477000+00:00,70B3D5499C9F22F1,Droplet #6,Droplet,Rottenraw Burn u/s Elliot Water confluence,56.55722722014659,-2.6604111487841786,0602000191252710002a000000000000,15.38,1026.93,100.0,4.2,0.0,0.0,0
2021-08-30 15:00:25.852000+00:00,70B3D5499C9F22F1,Droplet #6,Droplet,Rottenraw Burn u/s Elliot Water confluence,56.55722722014659,-2.6604111487841786,0601000191222710002a000000000000,15.37,1026.9,100.0,4.2,0.0,0.0,0
2021-08-30 15:30:55.905000+00:00,70B3D5499C9F22F1,Droplet #6,Droplet,Rottenraw Burn u/s Elliot Water confluence,56.55722722014659,-2.6604111487841786,05e9000191312710002a000000000000,15.13,1027.05,100.0,4.2,0.0,0.0,0
2021-08-30 15:46:11.323000+00:00,70B3D5499C9F22F1,Droplet #6,Droplet,Rottenraw Burn u/s Elliot Water confluence,56.55722722014659,-2.6604111487841786,05cb000191132710002a000000000000,14.83,1026.75,100.0,4.2,0.0,0.0,0
2021-08-30 16:16:41.275000+00:00,70B3D5499C9F22F1,Droplet #6,Droplet,Rottenraw Burn u/s Elliot Water confluence,56.55722722014659,-2.6604111487841786,05db0001910f2710002a000000000000,14.99,1026.71,100.0,4.2,0.0,0.0,0
2021-08-30 16:31:57.237000+00:00,70B3D5499C9F22F1,Droplet #6,Droplet,Rottenraw Burn u/s Elliot Water confluence,56.55722722014659,-2.6604111487841786,05ee000191172710002a000000000000,15.18,1026.79,100.0,4.2,0.0,0.0,0
2021-08-30 16:47:12.057000+00:00,70B3D5499C9F22F1,Droplet #6,Droplet,Rottenraw Burn u/s Elliot Water confluence,56.55722722014659,-2.6604111487841786,05d0000191252710002a000000000000,14.88,1026.93,100.0,4.2,0.0,0.0,0
2021-08-30 17:02:27.754000+00:00,70B3D5499C9F22F1,Droplet #6,Droplet,Rottenraw Burn u/s Elliot Water confluence,56.55722722014659,-2.6604111487841786,05fb000191232710002a000000000000,15.31,1026.91,100.0,4.2,0.0,0.0,0
2021-08-30 17:17:42.899000+00:00,70B3D5499C9F22F1,Droplet #6,Droplet,Rottenraw Burn u/s Elliot Water confluence,56.55722722014659,-2.6604111487841786,05e4000191212710002a000000000000,15.08,1026.89,100.0,4.2,0.0,0.0,0
2021-08-30 17:32:58.273000+00:00,70B3D5499C9F22F1,Droplet #6,Droplet,Rottenraw Burn u/s Elliot Water confluence,56.55722722014659,-2.6604111487841786,05ba000191092710002a000000000000,14.66,1026.65,100.0,4.2,0.0,0.0,0
2021-08-30 17:48:14.112000+00:00,70B3D5499C9F22F1,Droplet #6,Droplet,Rottenraw Burn u/s Elliot Water confluence,56.55722722014659,-2.6604111487841786,05ab000191192710002a000000000000,14.51,1026.81,100.0,4.2,0.0,0.0,0
2021-08-30 18:03:29.297000+00:00,70B3D5499C9F22F1,Droplet #6,Droplet,Rottenraw Burn u/s Elliot Water confluence,56.55722722014659,-2.6604111487841786,057d000191332710002a000000000000,14.05,1027.07,100.0,4.2,0.0,0.0,0
2021-08-30 18:18:44.513000+00:00,70B3D5499C9F22F1,Droplet #6,Droplet,Rottenraw Burn u/s Elliot Water confluence,56.55722722014659,-2.6604111487841786,054d0001912a2710002a000000000000,13.57,1026.98,100.0,4.2,0.0,0.0,0
2021-08-30 18:33:59.875000+00:00,70B3D5499C9F22F1,Droplet #6,Droplet,Rottenraw Burn u/s Elliot Water confluence,56.55722722014659,-2.6604111487841786,052c0001913e2710002a000000000000,13.24,1027.18,100.0,4.2,0.0,0.0,0
2021-08-30 18:49:15.193000+00:00,70B3D5499C9F22F1,Droplet #6,Droplet,Rottenraw Burn u/s Elliot Water confluence,56.55722722014659,-2.6604111487841786,05090001913e2710002a000000000000,12.89,1027.18,100.0,4.2,0.0,0.0,0
2021-08-30 19:19:46.024000+00:00,70B3D5499C9F22F1,Droplet #6,Droplet,Rottenraw Burn u/s Elliot Water confluence,56.55722722014659,-2.6604111487841786,04ea000191642710002a000000000000,12.58,1027.56,100.0,4.2,0.0,0.0,0
2021-08-30 19:35:01.506000+00:00,70B3D5499C9F22F1,Droplet #6,Droplet,Rottenraw Burn u/s Elliot Water confluence,56.55722722014659,-2.6604111487841786,04e0000191892710002a000000000000,12.48,1027.93,100.0,4.2,0.0,0.0,0
2021-08-30 19:50:17.275000+00:00,70B3D5499C9F22F1,Droplet #6,Droplet,Rottenraw Burn u/s Elliot Water confluence,56.55722722014659,-2.6604111487841786,04d5000191832710002a000000000000,12.37,1027.87,100.0,4.2,0.0,0.0,0
2021-08-30 20:05:32.359000+00:00,70B3D5499C9F22F1,Droplet #6,Droplet,Rottenraw Burn u/s Elliot Water confluence,56.55722722014659,-2.6604111487841786,04c4000191962710002a000000000000,12.2,1028.06,100.0,4.2,0.0,0.0,0
2021-08-30 20:36:04.320000+00:00,70B3D5499C9F22F1,Droplet #6,Droplet,Rottenraw Burn u/s Elliot Water confluence,56.55722722014659,-2.6604111487841786,04b6000191a02710002a000000000000,12.06,1028.16,100.0,4.2,0.0,0.0,0
2021-08-30 20:51:19.846000+00:00,70B3D5499C9F22F1,Droplet #6,Droplet,Rottenraw Burn u/s Elliot Water confluence,56.55722722014659,-2.6604111487841786,04a4000191a72710002a000000000000,11.88,1028.23,100.0,4.2,0.0,0.0,0
2021-08-30 21:06:34.944000+00:00,70B3D5499C9F22F1,Droplet #6,Droplet,Rottenraw Burn u/s Elliot Water confluence,56.55722722014659,-2.6604111487841786,049c000191b92710002a000000000000,11.8,1028.41,100.0,4.2,0.0,0.0,0
2021-08-30 21:21:50.468000+00:00,70B3D5499C9F22F1,Droplet #6,Droplet,Rottenraw Burn u/s Elliot Water confluence,56.55722722014659,-2.6604111487841786,049c000191ae2710002a000000000000,11.8,1028.3,100.0,4.2,0.0,0.0,0
2021-08-30 21:37:05.929000+00:00,70B3D5499C9F22F1,Droplet #6,Droplet,Rottenraw Burn u/s Elliot Water confluence,56.55722722014659,-2.6604111487841786,0494000191a02710002a000000000000,11.72,1028.16,100.0,4.2,0.0,0.0,0
2021-08-30 21:52:21.643000+00:00,70B3D5499C9F22F1,Droplet #6,Droplet,Rottenraw Burn u/s Elliot Water confluence,56.55722722014659,-2.6604111487841786,0475000191862710002a000000000000,11.41,1027.9,100.0,4.2,0.0,0.0,0
2021-08-30 22:07:38.172000+00:00,70B3D5499C9F22F1,Droplet #6,Droplet,Rottenraw Burn u/s Elliot Water confluence,56.55722722014659,-2.6604111487841786,0479000191aa2710002a000000000000,11.45,1028.26,100.0,4.2,0.0,0.0,0
2021-08-30 22:22:54.223000+00:00,70B3D5499C9F22F1,Droplet #6,Droplet,Rottenraw Burn u/s Elliot Water confluence,56.55722722014659,-2.6604111487841786,0470000191b42710002a000000000000,11.36,1028.36,100.0,4.2,0.0,0.0,0
2021-08-30 22:38:09.702000+00:00,70B3D5499C9F22F1,Droplet #6,Droplet,Rottenraw Burn u/s Elliot Water confluence,56.55722722014659,-2.6604111487841786,047d000191e02710002a000000000000,11.49,1028.8,100.0,4.2,0.0,0.0,0
2021-08-30 22:53:25.764000+00:00,70B3D5499C9F22F1,Droplet #6,Droplet,Rottenraw Burn u/s Elliot Water confluence,56.55722722014659,-2.6604111487841786,0456000191a227100029000000000000,11.1,1028.18,100.0,4.1,0.0,0.0,0
2021-08-30 23:23:58.007000+00:00,70B3D5499C9F22F1,Droplet #6,Droplet,Rottenraw Burn u/s Elliot Water confluence,56.55722722014659,-2.6604111487841786,0453000191c02710002a000000000000,11.07,1028.48,100.0,4.2,0.0,0.0,0
2021-08-30 23:39:13.861000+00:00,70B3D5499C9F22F1,Droplet #6,Droplet,Rottenraw Burn u/s Elliot Water confluence,56.55722722014659,-2.6604111487841786,0454000191e42710002a000000000000,11.08,1028.84,100.0,4.2,0.0,0.0,0
2021-08-30 23:54:29.741000+00:00,70B3D5499C9F22F1,Droplet #6,Droplet,Rottenraw Burn u/s Elliot Water confluence,56.55722722014659,-2.6604111487841786,0459000191d82710002a000000000000,11.13,1028.72,100.0,4.2,0.0,0.0,0
2021-08-31 00:09:45.511000+00:00,70B3D5499C9F22F1,Droplet #6,Droplet,Rottenraw Burn u/s Elliot Water confluence,56.55722722014659,-2.6604111487841786,0466000191e22710002a000000000000,11.26,1028.82,100.0,4.2,0.0,0.0,0
2021-08-31 00:25:01.236000+00:00,70B3D5499C9F22F1,Droplet #6,Droplet,Rottenraw Burn u/s Elliot Water confluence,56.55722722014659,-2.6604111487841786,0461000191d42710002a000000000000,11.21,1028.68,100.0,4.2,0.0,0.0,0
2021-08-31 00:40:17.140000+00:00,70B3D5499C9F22F1,Droplet #6,Droplet,Rottenraw Burn u/s Elliot Water confluence,56.55722722014659,-2.6604111487841786,0467000191e12710002a000000000000,11.27,1028.81,100.0,4.2,0.0,0.0,0
2021-08-31 00:55:32.620000+00:00,70B3D5499C9F22F1,Droplet #6,Droplet,Rottenraw Burn u/s Elliot Water confluence,56.55722722014659,-2.6604111487841786,0464000191e227100029000000000000,11.24,1028.82,100.0,4.1,0.0,0.0,0
2021-08-31 01:10:47.720000+00:00,70B3D5499C9F22F1,Droplet #6,Droplet,Rottenraw Burn u/s Elliot Water confluence,56.55722722014659,-2.6604111487841786,0453000191da2710002a000000000000,11.07,1028.74,100.0,4.2,0.0,0.0,0
2021-08-31 01:26:03.116000+00:00,70B3D5499C9F22F1,Droplet #6,Droplet,Rottenraw Burn u/s Elliot Water confluence,56.55722722014659,-2.6604111487841786,0454000191da27100029000000000000,11.08,1028.74,100.0,4.1,0.0,0.0,0
2021-08-31 01:41:19.352000+00:00,70B3D5499C9F22F1,Droplet #6,Droplet,Rottenraw Burn u/s Elliot Water confluence,56.55722722014659,-2.6604111487841786,044c000191d52710002a000000000000,11.0,1028.69,100.0,4.2,0.0,0.0,0
2021-08-31 01:56:35.178000+00:00,70B3D5499C9F22F1,Droplet #6,Droplet,Rottenraw Burn u/s Elliot Water confluence,56.55722722014659,-2.6604111487841786,043e000191cb2710002a000000000000,10.86,1028.59,100.0,4.2,0.0,0.0,0
2021-08-31 02:11:50.385000+00:00,70B3D5499C9F22F1,Droplet #6,Droplet,Rottenraw Burn u/s Elliot Water confluence,56.55722722014659,-2.6604111487841786,043d000191b22710002a000000000000,10.85,1028.34,100.0,4.2,0.0,0.0,0
2021-08-31 02:27:05.368000+00:00,70B3D5499C9F22F1,Droplet #6,Droplet,Rottenraw Burn u/s Elliot Water confluence,56.55722722014659,-2.6604111487841786,0438000191c12710002a000000000000,10.8,1028.49,100.0,4.2,0.0,0.0,0
2021-08-31 02:42:21.289000+00:00,70B3D5499C9F22F1,Droplet #6,Droplet,Rottenraw Burn u/s Elliot Water confluence,56.55722722014659,-2.6604111487841786,043c000191eb2710002a000000000000,10.84,1028.91,100.0,4.2,0.0,0.0,0
2021-08-31 03:12:51.555000+00:00,70B3D5499C9F22F1,Droplet #6,Droplet,Rottenraw Burn u/s Elliot Water confluence,56.55722722014659,-2.6604111487841786,0465000191f72710002a000000000000,11.25,1029.03,100.0,4.2,0.0,0.0,0
2021-08-31 03:28:06.311000+00:00,70B3D5499C9F22F1,Droplet #6,Droplet,Rottenraw Burn u/s Elliot Water confluence,56.55722722014659,-2.6604111487841786,0470000191f927100029000000000000,11.36,1029.05,100.0,4.1,0.0,0.0,0
2021-08-31 03:43:22.277000+00:00,70B3D5499C9F22F1,Droplet #6,Droplet,Rottenraw Burn u/s Elliot Water confluence,56.55722722014659,-2.6604111487841786,0452000191dc2710002a000000000000,11.06,1028.76,100.0,4.2,0.0,0.0,0
2021-08-31 04:13:53.102000+00:00,70B3D5499C9F22F1,Droplet #6,Droplet,Rottenraw Burn u/s Elliot Water confluence,56.55722722014659,-2.6604111487841786,0454000191d42710002a000000000000,11.08,1028.68,100.0,4.2,0.0,0.0,0
2021-08-31 04:29:08.624000+00:00,70B3D5499C9F22F1,Droplet #6,Droplet,Rottenraw Burn u/s Elliot Water confluence,56.55722722014659,-2.6604111487841786,0458000191e82710002a000000000000,11.12,1028.88,100.0,4.2,0.0,0.0,0
2021-08-31 04:44:22.603000+00:00,70B3D5499C9F22F1,Droplet #6,Droplet,Rottenraw Burn u/s Elliot Water confluence,56.55722722014659,-2.6604111487841786,046b000192062710002a000000000000,11.31,1029.18,100.0,4.2,0.0,0.0,0
2021-08-31 04:59:38.715000+00:00,70B3D5499C9F22F1,Droplet #6,Droplet,Rottenraw Burn u/s Elliot Water confluence,56.55722722014659,-2.6604111487841786,0420000191af27100029000000000000,10.56,1028.31,100.0,4.1,0.0,0.0,0
2021-08-31 05:14:53.423000+00:00,70B3D5499C9F22F1,Droplet #6,Droplet,Rottenraw Burn u/s Elliot Water confluence,56.55722722014659,-2.6604111487841786,04240001922f2710002a000000000000,10.6,1029.59,100.0,4.2,0.0,0.0,0
2021-08-31 05:30:08.120000+00:00,70B3D5499C9F22F1,Droplet #6,Droplet,Rottenraw Burn u/s Elliot Water confluence,56.55722722014659,-2.6604111487841786,040e0001925a2710002a000000000000,10.38,1030.02,100.0,4.2,0.0,0.0,0
2021-08-31 05:45:23.914000+00:00,70B3D5499C9F22F1,Droplet #6,Droplet,Rottenraw Burn u/s Elliot Water confluence,56.55722722014659,-2.6604111487841786,0410000192182710002a000000000000,10.4,1029.36,100.0,4.2,0.0,0.0,0
2021-08-31 06:00:39.756000+00:00,70B3D5499C9F22F1,Droplet #6,Droplet,Rottenraw Burn u/s Elliot Water confluence,56.55722722014659,-2.6604111487841786,04150001922527100029000000000000,10.45,1029.49,100.0,4.1,0.0,0.0,0
2021-08-31 06:15:56.336000+00:00,70B3D5499C9F22F1,Droplet #6,Droplet,Rottenraw Burn u/s Elliot Water confluence,56.55722722014659,-2.6604111487841786,043d0001921227100029000000000000,10.85,1029.3,100.0,4.1,0.0,0.0,0
2021-08-31 06:31:12.280000+00:00,70B3D5499C9F22F1,Droplet #6,Droplet,Rottenraw Burn u/s Elliot Water confluence,56.55722722014659,-2.6604111487841786,045b000191fe27100029000000000000,11.15,1029.1,100.0,4.1,0.0,0.0,0
2021-08-31 06:46:27.951000+00:00,70B3D5499C9F22F1,Droplet #6,Droplet,Rottenraw Burn u/s Elliot Water confluence,56.55722722014659,-2.6604111487841786,0481000192172710002a000000000000,11.53,1029.35,100.0,4.2,0.0,0.0,0
2021-08-31 07:01:43.714000+00:00,70B3D5499C9F22F1,Droplet #6,Droplet,Rottenraw Burn u/s Elliot Water confluence,56.55722722014659,-2.6604111487841786,0483000192102710002a000000000000,11.55,1029.28,100.0,4.2,0.0,0.0,0
2021-08-31 07:16:59.645000+00:00,70B3D5499C9F22F1,Droplet #6,Droplet,Rottenraw Burn u/s Elliot Water confluence,56.55722722014659,-2.6604111487841786,04ab0001921a27100029000000000000,11.95,1029.38,100.0,4.1,0.0,0.0,0
2021-08-31 07:32:16.514000+00:00,70B3D5499C9F22F1,Droplet #6,Droplet,Rottenraw Burn u/s Elliot Water confluence,56.55722722014659,-2.6604111487841786,04dd0001920b2710002a000000000000,12.45,1029.23,100.0,4.2,0.0,0.0,0
2021-08-31 07:47:32.741000+00:00,70B3D5499C9F22F1,Droplet #6,Droplet,Rottenraw Burn u/s Elliot Water confluence,56.55722722014659,-2.6604111487841786,0508000192222710002a000000000000,12.88,1029.46,100.0,4.2,0.0,0.0,0
2021-08-31 08:02:49.001000+00:00,70B3D5499C9F22F1,Droplet #6,Droplet,Rottenraw Burn u/s Elliot Water confluence,56.55722722014659,-2.6604111487841786,053d000192302710002a000000000000,13.41,1029.6,100.0,4.2,0.0,0.0,0
2021-08-31 08:18:03.977000+00:00,70B3D5499C9F22F1,Droplet #6,Droplet,Rottenraw Burn u/s Elliot Water confluence,56.55722722014659,-2.6604111487841786,0586000192302710002a000000000000,14.14,1029.6,100.0,4.2,0.0,0.0,0
2021-08-31 08:33:19.351000+00:00,70B3D5499C9F22F1,Droplet #6,Droplet,Rottenraw Burn u/s Elliot Water confluence,56.55722722014659,-2.6604111487841786,05b3000192382710002a000000000000,14.59,1029.68,100.0,4.2,0.0,0.0,0
2021-08-31 08:48:34.263000+00:00,70B3D5499C9F22F1,Droplet #6,Droplet,Rottenraw Burn u/s Elliot Water confluence,56.55722722014659,-2.6604111487841786,05b1000192202710002a000000000000,14.57,1029.44,100.0,4.2,0.0,0.0,0
2021-08-31 09:03:50.233000+00:00,70B3D5499C9F22F1,Droplet #6,Droplet,Rottenraw Burn u/s Elliot Water confluence,56.55722722014659,-2.6604111487841786,05ce000192452710002a000000000000,14.86,1029.81,100.0,4.2,0.0,0.0,0
2021-08-31 09:19:05.142000+00:00,70B3D5499C9F22F1,Droplet #6,Droplet,Rottenraw Burn u/s Elliot Water confluence,56.55722722014659,-2.6604111487841786,05f40001925a2710002a000000000000,15.24,1030.02,100.0,4.2,0.0,0.0,0
2021-08-31 09:34:22.068000+00:00,70B3D5499C9F22F1,Droplet #6,Droplet,Rottenraw Burn u/s Elliot Water confluence,56.55722722014659,-2.6604111487841786,063b0001924c2710002a000000000000,15.95,1029.88,100.0,4.2,0.0,0.0,0
2021-08-31 10:04:53.462000+00:00,70B3D5499C9F22F1,Droplet #6,Droplet,Rottenraw Burn u/s Elliot Water confluence,56.55722722014659,-2.6604111487841786,064a0001924d2710002a000000000000,16.1,1029.89,100.0,4.2,0.0,0.0,0
2021-08-31 10:20:09.485000+00:00,70B3D5499C9F22F1,Droplet #6,Droplet,Rottenraw Burn u/s Elliot Water confluence,56.55722722014659,-2.6604111487841786,0650000192482710002a000000000000,16.16,1029.84,100.0,4.2,0.0,0.0,0
2021-08-31 10:35:24.902000+00:00,70B3D5499C9F22F1,Droplet #6,Droplet,Rottenraw Burn u/s Elliot Water confluence,56.55722722014659,-2.6604111487841786,06680001925e2710002a000000000000,16.4,1030.06,100.0,4.2,0.0,0.0,0
2021-08-31 10:50:40.585000+00:00,70B3D5499C9F22F1,Droplet #6,Droplet,Rottenraw Burn u/s Elliot Water confluence,56.55722722014659,-2.6604111487841786,06710001925b2710002a000000000000,16.49,1030.03,100.0,4.2,0.0,0.0,0
2021-08-31 11:05:56.806000+00:00,70B3D5499C9F22F1,Droplet #6,Droplet,Rottenraw Burn u/s Elliot Water confluence,56.55722722014659,-2.6604111487841786,0673000192552710002a000000000000,16.51,1029.97,100.0,4.2,0.0,0.0,0
2021-08-31 11:21:12.994000+00:00,70B3D5499C9F22F1,Droplet #6,Droplet,Rottenraw Burn u/s Elliot Water confluence,56.55722722014659,-2.6604111487841786,06a70001924e2710002a000000000000,17.03,1029.9,100.0,4.2,0.0,0.0,0
2021-08-31 11:36:27.806000+00:00,70B3D5499C9F22F1,Droplet #6,Droplet,Rottenraw Burn u/s Elliot Water confluence,56.55722722014659,-2.6604111487841786,06ad000192622710002a000000000000,17.09,1030.1,100.0,4.2,0.0,0.0,0
2021-08-31 11:51:44.036000+00:00,70B3D5499C9F22F1,Droplet #6,Droplet,Rottenraw Burn u/s Elliot Water confluence,56.55722722014659,-2.6604111487841786,06eb0001925a2710002a000000000000,17.71,1030.02,100.0,4.2,0.0,0.0,0
2021-08-31 12:06:58.820000+00:00,70B3D5499C9F22F1,Droplet #6,Droplet,Rottenraw Burn u/s Elliot Water confluence,56.55722722014659,-2.6604111487841786,06dd0001925e2710002a000000000000,17.57,1030.06,100.0,4.2,0.0,0.0,0
2021-08-31 12:22:14.006000+00:00,70B3D5499C9F22F1,Droplet #6,Droplet,Rottenraw Burn u/s Elliot Water confluence,56.55722722014659,-2.6604111487841786,06fd000192592710002a000000000000,17.89,1030.01,100.0,4.2,0.0,0.0,0
2021-08-31 12:37:30.511000+00:00,70B3D5499C9F22F1,Droplet #6,Droplet,Rottenraw Burn u/s Elliot Water confluence,56.55722722014659,-2.6604111487841786,070b0001925c2710002a000000000000,18.03,1030.04,100.0,4.2,0.0,0.0,0
2021-08-31 12:52:46.519000+00:00,70B3D5499C9F22F1,Droplet #6,Droplet,Rottenraw Burn u/s Elliot Water confluence,56.55722722014659,-2.6604111487841786,0721000192592710002a000000000000,18.25,1030.01,100.0,4.2,0.0,0.0,0
2021-08-31 13:08:02.176000+00:00,70B3D5499C9F22F1,Droplet #6,Droplet,Rottenraw Burn u/s Elliot Water confluence,56.55722722014659,-2.6604111487841786,0707000192702710002a000000000000,17.99,1030.24,100.0,4.2,0.0,0.0,0
2021-08-31 13:23:16.630000+00:00,70B3D5499C9F22F1,Droplet #6,Droplet,Rottenraw Burn u/s Elliot Water confluence,56.55722722014659,-2.6604111487841786,06f3000192632710002a000000000000,17.79,1030.11,100.0,4.2,0.0,0.0,0
2021-08-31 13:53:46.804000+00:00,70B3D5499C9F22F1,Droplet #6,Droplet,Rottenraw Burn u/s Elliot Water confluence,56.55722722014659,-2.6604111487841786,06e90001925f2710002a000000000000,17.69,1030.07,100.0,4.2,0.0,0.0,0
2021-08-31 14:09:02.250000+00:00,70B3D5499C9F22F1,Droplet #6,Droplet,Rottenraw Burn u/s Elliot Water confluence,56.55722722014659,-2.6604111487841786,06c80001926d2710002a000000000000,17.36,1030.21,100.0,4.2,0.0,0.0,0
2021-08-31 14:24:16.821000+00:00,70B3D5499C9F22F1,Droplet #6,Droplet,Rottenraw Burn u/s Elliot Water confluence,56.55722722014659,-2.6604111487841786,06b00001925c2710002a000000000000,17.12,1030.04,100.0,4.2,0.0,0.0,0
2021-08-31 14:39:31.347000+00:00,70B3D5499C9F22F1,Droplet #6,Droplet,Rottenraw Burn u/s Elliot Water confluence,56.55722722014659,-2.6604111487841786,06a6000192552710002a000000000000,17.02,1029.97,100.0,4.2,0.0,0.0,0
2021-08-31 14:54:47.091000+00:00,70B3D5499C9F22F1,Droplet #6,Droplet,Rottenraw Burn u/s Elliot Water confluence,56.55722722014659,-2.6604111487841786,06970001925e2710002a000000000000,16.87,1030.06,100.0,4.2,0.0,0.0,0
2021-08-31 15:10:03.355000+00:00,70B3D5499C9F22F1,Droplet #6,Droplet,Rottenraw Burn u/s Elliot Water confluence,56.55722722014659,-2.6604111487841786,06820001924f2710002a000000000000,16.66,1029.91,100.0,4.2,0.0,0.0,0
2021-08-31 15:25:19.103000+00:00,70B3D5499C9F22F1,Droplet #6,Droplet,Rottenraw Burn u/s Elliot Water confluence,56.55722722014659,-2.6604111487841786,0672000192672710002a000000000000,16.5,1030.15,100.0,4.2,0.0,0.0,0
2021-08-31 15:40:34.880000+00:00,70B3D5499C9F22F1,Droplet #6,Droplet,Rottenraw Burn u/s Elliot Water confluence,56.55722722014659,-2.6604111487841786,065d0001925c2710002a000000000000,16.29,1030.04,100.0,4.2,0.0,0.0,0
2021-08-31 15:55:51.016000+00:00,70B3D5499C9F22F1,Droplet #6,Droplet,Rottenraw Burn u/s Elliot Water confluence,56.55722722014659,-2.6604111487841786,0663000192582710002a000000000000,16.35,1030.0,100.0,4.2,0.0,0.0,0
2021-08-31 16:11:06.721000+00:00,70B3D5499C9F22F1,Droplet #6,Droplet,Rottenraw Burn u/s Elliot Water confluence,56.55722722014659,-2.6604111487841786,06630001923b2710002a000000000000,16.35,1029.71,100.0,4.2,0.0,0.0,0
2021-08-31 16:26:21.704000+00:00,70B3D5499C9F22F1,Droplet #6,Droplet,Rottenraw Burn u/s Elliot Water confluence,56.55722722014659,-2.6604111487841786,064c000192432710002a000000000000,16.12,1029.79,100.0,4.2,0.0,0.0,0
2021-08-31 16:41:37.686000+00:00,70B3D5499C9F22F1,Droplet #6,Droplet,Rottenraw Burn u/s Elliot Water confluence,56.55722722014659,-2.6604111487841786,063a000192242710002a000000000000,15.94,1029.48,100.0,4.2,0.0,0.0,0
2021-08-31 16:56:53.057000+00:00,70B3D5499C9F22F1,Droplet #6,Droplet,Rottenraw Burn u/s Elliot Water confluence,56.55722722014659,-2.6604111487841786,0641000192342710002a000000000000,16.01,1029.64,100.0,4.2,0.0,0.0,0
2021-08-31 17:27:23.984000+00:00,70B3D5499C9F22F1,Droplet #6,Droplet,Rottenraw Burn u/s Elliot Water confluence,56.55722722014659,-2.6604111487841786,063d000192172710002a000000000000,15.97,1029.35,100.0,4.2,0.0,0.0,0
2021-08-31 17:42:39.295000+00:00,70B3D5499C9F22F1,Droplet #6,Droplet,Rottenraw Burn u/s Elliot Water confluence,56.55722722014659,-2.6604111487841786,0634000192192710002a000000000000,15.88,1029.37,100.0,4.2,0.0,0.0,0
2021-08-31 17:57:55.055000+00:00,70B3D5499C9F22F1,Droplet #6,Droplet,Rottenraw Burn u/s Elliot Water confluence,56.55722722014659,-2.6604111487841786,062c0001921b2710002a000000000000,15.8,1029.39,100.0,4.2,0.0,0.0,0
2021-08-31 18:13:10.482000+00:00,70B3D5499C9F22F1,Droplet #6,Droplet,Rottenraw Burn u/s Elliot Water confluence,56.55722722014659,-2.6604111487841786,0619000192202710002a000000000000,15.61,1029.44,100.0,4.2,0.0,0.0,0
2021-08-31 18:28:25.553000+00:00,70B3D5499C9F22F1,Droplet #6,Droplet,Rottenraw Burn u/s Elliot Water confluence,56.55722722014659,-2.6604111487841786,060c000192192710002a000000000000,15.48,1029.37,100.0,4.2,0.0,0.0,0
2021-08-31 18:43:41.550000+00:00,70B3D5499C9F22F1,Droplet #6,Droplet,Rottenraw Burn u/s Elliot Water confluence,56.55722722014659,-2.6604111487841786,05f6000192232710002a000000000000,15.26,1029.47,100.0,4.2,0.0,0.0,0
2021-08-31 18:58:57.230000+00:00,70B3D5499C9F22F1,Droplet #6,Droplet,Rottenraw Burn u/s Elliot Water confluence,56.55722722014659,-2.6604111487841786,05e3000192322710002a000000000000,15.07,1029.62,100.0,4.2,0.0,0.0,0
2021-08-31 19:14:12.961000+00:00,70B3D5499C9F22F1,Droplet #6,Droplet,Rottenraw Burn u/s Elliot Water confluence,56.55722722014659,-2.6604111487841786,05cf000192402710002a000000000000,14.87,1029.76,100.0,4.2,0.0,0.0,0
2021-08-31 19:29:28.130000+00:00,70B3D5499C9F22F1,Droplet #6,Droplet,Rottenraw Burn u/s Elliot Water confluence,56.55722722014659,-2.6604111487841786,05ac000192592710002a000000000000,14.52,1030.01,100.0,4.2,0.0,0.0,0
2021-08-31 19:44:43.920000+00:00,70B3D5499C9F22F1,Droplet #6,Droplet,Rottenraw Burn u/s Elliot Water confluence,56.55722722014659,-2.6604111487841786,0595000192682710002a000000000000,14.29,1030.16,100.0,4.2,0.0,0.0,0
2021-08-31 19:59:59.623000+00:00,70B3D5499C9F22F1,Droplet #6,Droplet,Rottenraw Burn u/s Elliot Water confluence,56.55722722014659,-2.6604111487841786,05950001926d2710002a000000000000,14.29,1030.21,100.0,4.2,0.0,0.0,0
2021-08-31 20:15:14.066000+00:00,70B3D5499C9F22F1,Droplet #6,Droplet,Rottenraw Burn u/s Elliot Water confluence,56.55722722014659,-2.6604111487841786,056a000192742710002a000000000000,13.86,1030.28,100.0,4.2,0.0,0.0,0
2021-08-31 20:30:29.867000+00:00,70B3D5499C9F22F1,Droplet #6,Droplet,Rottenraw Burn u/s Elliot Water confluence,56.55722722014659,-2.6604111487841786,0548000192732710002a000000000000,13.52,1030.27,100.0,4.2,0.0,0.0,0
2021-08-31 20:45:44.931000+00:00,70B3D5499C9F22F1,Droplet #6,Droplet,Rottenraw Burn u/s Elliot Water confluence,56.55722722014659,-2.6604111487841786,05110001926a2710002a000000000000,12.97,1030.18,100.0,4.2,0.0,0.0,0
2021-08-31 21:01:00.371000+00:00,70B3D5499C9F22F1,Droplet #6,Droplet,Rottenraw Burn u/s Elliot Water confluence,56.55722722014659,-2.6604111487841786,04e0000192722710002a000000000000,12.48,1030.26,100.0,4.2,0.0,0.0,0
2021-08-31 21:16:14.817000+00:00,70B3D5499C9F22F1,Droplet #6,Droplet,Rottenraw Burn u/s Elliot Water confluence,56.55722722014659,-2.6604111487841786,04c3000192902710002a000000000000,12.19,1030.56,100.0,4.2,0.0,0.0,0
2021-08-31 21:31:30.824000+00:00,70B3D5499C9F22F1,Droplet #6,Droplet,Rottenraw Burn u/s Elliot Water confluence,56.55722722014659,-2.6604111487841786,04bd000192892710002a000000000000,12.13,1030.49,100.0,4.2,0.0,0.0,0
2021-08-31 21:46:46.255000+00:00,70B3D5499C9F22F1,Droplet #6,Droplet,Rottenraw Burn u/s Elliot Water confluence,56.55722722014659,-2.6604111487841786,04aa0001929c2710002a000000000000,11.94,1030.68,100.0,4.2,0.0,0.0,0
2021-08-31 22:02:02.434000+00:00,70B3D5499C9F22F1,Droplet #6,Droplet,Rottenraw Burn u/s Elliot Water confluence,56.55722722014659,-2.6604111487841786,04c10001929b2710002a000000000000,12.17,1030.67,100.0,4.2,0.0,0.0,0
2021-08-31 22:17:16.376000+00:00,70B3D5499C9F22F1,Droplet #6,Droplet,Rottenraw Burn u/s Elliot Water confluence,56.55722722014659,-2.6604111487841786,04990001929d2710002a000000000000,11.77,1030.69,100.0,4.2,0.0,0.0,0
2021-08-31 22:47:47.382000+00:00,70B3D5499C9F22F1,Droplet #6,Droplet,Rottenraw Burn u/s Elliot Water confluence,56.55722722014659,-2.6604111487841786,0430000192b42710002a000000000000,10.72,1030.92,100.0,4.2,0.0,0.0,0
2021-08-31 23:03:02.744000+00:00,70B3D5499C9F22F1,Droplet #6,Droplet,Rottenraw Burn u/s Elliot Water confluence,56.55722722014659,-2.6604111487841786,03e0000192c22710002a000000000000,9.92,1031.06,100.0,4.2,0.0,0.0,0
2021-08-31 23:18:16.294000+00:00,70B3D5499C9F22F1,Droplet #6,Droplet,Rottenraw Burn u/s Elliot Water confluence,56.55722722014659,-2.6604111487841786,0385000192da2710002a000000000000,9.01,1031.3,100.0,4.2,0.0,0.0,0
2021-08-31 23:33:31.987000+00:00,70B3D5499C9F22F1,Droplet #6,Droplet,Rottenraw Burn u/s Elliot Water confluence,56.55722722014659,-2.6604111487841786,0352000192cf2710002a000000000000,8.5,1031.19,100.0,4.2,0.0,0.0,0
2021-08-31 23:48:47.426000+00:00,70B3D5499C9F22F1,Droplet #6,Droplet,Rottenraw Burn u/s Elliot Water confluence,56.55722722014659,-2.6604111487841786,0355000192b52710002a000000000000,8.53,1030.93,100.0,4.2,0.0,0.0,0
2021-09-01 00:04:03.528000+00:00,70B3D5499C9F22F1,Droplet #6,Droplet,Rottenraw Burn u/s Elliot Water confluence,56.55722722014659,-2.6604111487841786,03a9000192cf2710002a000000000000,9.37,1031.19,100.0,4.2,0.0,0.0,0
2021-09-01 00:19:18.774000+00:00,70B3D5499C9F22F1,Droplet #6,Droplet,Rottenraw Burn u/s Elliot Water confluence,56.55722722014659,-2.6604111487841786,039a000192c32710002a000000000000,9.22,1031.07,100.0,4.2,0.0,0.0,0
2021-09-01 00:34:35.390000+00:00,70B3D5499C9F22F1,Droplet #6,Droplet,Rottenraw Burn u/s Elliot Water confluence,56.55722722014659,-2.6604111487841786,03ab000192bb2710002a000000000000,9.39,1030.99,100.0,4.2,0.0,0.0,0
2021-09-01 01:05:07.251000+00:00,70B3D5499C9F22F1,Droplet #6,Droplet,Rottenraw Burn u/s Elliot Water confluence,56.55722722014659,-2.6604111487841786,03f4000192ca2710002a000000000000,10.12,1031.14,100.0,4.2,0.0,0.0,0
2021-09-01 01:20:23.281000+00:00,70B3D5499C9F22F1,Droplet #6,Droplet,Rottenraw Burn u/s Elliot Water confluence,56.55722722014659,-2.6604111487841786,03f5000192ae2710002a000000000000,10.13,1030.86,100.0,4.2,0.0,0.0,0
2021-09-01 01:35:38.422000+00:00,70B3D5499C9F22F1,Droplet #6,Droplet,Rottenraw Burn u/s Elliot Water confluence,56.55722722014659,-2.6604111487841786,03b6000192af27100029000000000000,9.5,1030.87,100.0,4.1,0.0,0.0,0
2021-09-01 01:50:53.485000+00:00,70B3D5499C9F22F1,Droplet #6,Droplet,Rottenraw Burn u/s Elliot Water confluence,56.55722722014659,-2.6604111487841786,0390000192912710002a000000000000,9.12,1030.57,100.0,4.2,0.0,0.0,0
2021-09-01 02:21:24.661000+00:00,70B3D5499C9F22F1,Droplet #6,Droplet,Rottenraw Burn u/s Elliot Water confluence,56.55722722014659,-2.6604111487841786,0364000192bc2710002a000000000000,8.68,1031.0,100.0,4.2,0.0,0.0,0
2021-09-01 02:36:39.607000+00:00,70B3D5499C9F22F1,Droplet #6,Droplet,Rottenraw Burn u/s Elliot Water confluence,56.55722722014659,-2.6604111487841786,035f000192b32710002a000000000000,8.63,1030.91,100.0,4.2,0.0,0.0,0
2021-09-01 02:51:54.110000+00:00,70B3D5499C9F22F1,Droplet #6,Droplet,Rottenraw Burn u/s Elliot Water confluence,56.55722722014659,-2.6604111487841786,0316000192ad2710002a000000000000,7.9,1030.85,100.0,4.2,0.0,0.0,0
2021-09-01 03:22:25.380000+00:00,70B3D5499C9F22F1,Droplet #6,Droplet,Rottenraw Burn u/s Elliot Water confluence,56.55722722014659,-2.6604111487841786,02b6000192b32710002a000000000000,6.94,1030.91,100.0,4.2,0.0,0.0,0
2021-09-01 03:37:41.582000+00:00,70B3D5499C9F22F1,Droplet #6,Droplet,Rottenraw Burn u/s Elliot Water confluence,56.55722722014659,-2.6604111487841786,0284000192b227100029000000000000,6.44,1030.9,100.0,4.1,0.0,0.0,0
2021-09-01 03:52:57.475000+00:00,70B3D5499C9F22F1,Droplet #6,Droplet,Rottenraw Burn u/s Elliot Water confluence,56.55722722014659,-2.6604111487841786,026a000192ae2710002a000000000000,6.18,1030.86,100.0,4.2,0.0,0.0,0
2021-09-01 04:08:12.598000+00:00,70B3D5499C9F22F1,Droplet #6,Droplet,Rottenraw Burn u/s Elliot Water confluence,56.55722722014659,-2.6604111487841786,0264000192a62710002a000000000000,6.12,1030.78,100.0,4.2,0.0,0.0,0
2021-09-01 04:38:41.372000+00:00,70B3D5499C9F22F1,Droplet #6,Droplet,Rottenraw Burn u/s Elliot Water confluence,56.55722722014659,-2.6604111487841786,02370001929b27100029000000000000,5.67,1030.67,100.0,4.1,0.0,0.0,0
2021-09-01 04:53:56.595000+00:00,70B3D5499C9F22F1,Droplet #6,Droplet,Rottenraw Burn u/s Elliot Water confluence,56.55722722014659,-2.6604111487841786,0230000192a42710002a000000000000,5.6,1030.76,100.0,4.2,0.0,0.0,0
2021-09-01 05:09:12.633000+00:00,70B3D5499C9F22F1,Droplet #6,Droplet,Rottenraw Burn u/s Elliot Water confluence,56.55722722014659,-2.6604111487841786,0221000192a32710002a000000000000,5.45,1030.75,100.0,4.2,0.0,0.0,0
2021-09-01 05:24:28.731000+00:00,70B3D5499C9F22F1,Droplet #6,Droplet,Rottenraw Burn u/s Elliot Water confluence,56.55722722014659,-2.6604111487841786,01ff000192ae2710002a000000000000,5.11,1030.86,100.0,4.2,0.0,0.0,0
2021-09-01 05:39:45.332000+00:00,70B3D5499C9F22F1,Droplet #6,Droplet,Rottenraw Burn u/s Elliot Water confluence,56.55722722014659,-2.6604111487841786,020d000192b82710002a000000000000,5.25,1030.96,100.0,4.2,0.0,0.0,0
2021-09-01 05:55:02.296000+00:00,70B3D5499C9F22F1,Droplet #6,Droplet,Rottenraw Burn u/s Elliot Water confluence,56.55722722014659,-2.6604111487841786,025f000192bb2710002a000000000000,6.07,1030.99,100.0,4.2,0.0,0.0,0
2021-09-01 06:10:19.851000+00:00,70B3D5499C9F22F1,Droplet #6,Droplet,Rottenraw Burn u/s Elliot Water confluence,56.55722722014659,-2.6604111487841786,02e1000192c12710002a000000000000,7.37,1031.05,100.0,4.2,0.0,0.0,0
2021-09-01 06:25:37.425000+00:00,70B3D5499C9F22F1,Droplet #6,Droplet,Rottenraw Burn u/s Elliot Water confluence,56.55722722014659,-2.6604111487841786,036e000192b92710002a000000000000,8.78,1030.97,100.0,4.2,0.0,0.0,0
2021-09-01 06:40:55.766000+00:00,70B3D5499C9F22F1,Droplet #6,Droplet,Rottenraw Burn u/s Elliot Water confluence,56.55722722014659,-2.6604111487841786,0414000192ac2710002a000000000000,10.44,1030.84,100.0,4.2,0.0,0.0,0
2021-09-01 06:56:15.288000+00:00,70B3D5499C9F22F1,Droplet #6,Droplet,Rottenraw Burn u/s Elliot Water confluence,56.55722722014659,-2.6604111487841786,04fa0001929c2710002a000000000000,12.74,1030.68,100.0,4.2,0.0,0.0,0
2021-09-01 07:11:33.042000+00:00,70B3D5499C9F22F1,Droplet #6,Droplet,Rottenraw Burn u/s Elliot Water confluence,56.55722722014659,-2.6604111487841786,05de0001929f2710002a000000000000,15.02,1030.71,100.0,4.2,0.0,0.0,0
2021-09-01 07:26:49.969000+00:00,70B3D5499C9F22F1,Droplet #6,Droplet,Rottenraw Burn u/s Elliot Water confluence,56.55722722014659,-2.6604111487841786,068b000192a72710002a000000000000,16.75,1030.79,100.0,4.2,0.0,0.0,0
2021-09-01 07:57:24.371000+00:00,70B3D5499C9F22F1,Droplet #6,Droplet,Rottenraw Burn u/s Elliot Water confluence,56.55722722014659,-2.6604111487841786,07aa000192a52710002a000000000000,19.62,1030.77,100.0,4.2,0.0,0.0,0
2021-09-01 08:12:39.154000+00:00,70B3D5499C9F22F1,Droplet #6,Droplet,Rottenraw Burn u/s Elliot Water confluence,56.55722722014659,-2.6604111487841786,075f0001929d2710002a000000000000,18.87,1030.69,100.0,4.2,0.0,0.0,0
2021-09-01 08:27:56.113000+00:00,70B3D5499C9F22F1,Droplet #6,Droplet,Rottenraw Burn u/s Elliot Water confluence,56.55722722014659,-2.6604111487841786,07d7000192932710002a000000000000,20.07,1030.59,100.0,4.2,0.0,0.0,0
2021-09-01 08:43:13.623000+00:00,70B3D5499C9F22F1,Droplet #6,Droplet,Rottenraw Burn u/s Elliot Water confluence,56.55722722014659,-2.6604111487841786,082e0001928d2710002a000000000000,20.94,1030.53,100.0,4.2,0.0,0.0,0
2021-09-01 08:58:27.763000+00:00,70B3D5499C9F22F1,Droplet #6,Droplet,Rottenraw Burn u/s Elliot Water confluence,56.55722722014659,-2.6604111487841786,0800000192a32710002a000000000000,20.48,1030.75,100.0,4.2,0.0,0.0,0
2021-09-01 09:13:42.476000+00:00,70B3D5499C9F22F1,Droplet #6,Droplet,Rottenraw Burn u/s Elliot Water confluence,56.55722722014659,-2.6604111487841786,07e7000192962710002a000000000000,20.23,1030.62,100.0,4.2,0.0,0.0,0
2021-09-01 09:28:58.882000+00:00,70B3D5499C9F22F1,Droplet #6,Droplet,Rottenraw Burn u/s Elliot Water confluence,56.55722722014659,-2.6604111487841786,082d000192992710002a000000000000,20.93,1030.65,100.0,4.2,0.0,0.0,0
2021-09-01 09:44:13.708000+00:00,70B3D5499C9F22F1,Droplet #6,Droplet,Rottenraw Burn u/s Elliot Water confluence,56.55722722014659,-2.6604111487841786,07e4000192902710002a000000000000,20.2,1030.56,100.0,4.2,0.0,0.0,0
2021-09-01 09:59:30.554000+00:00,70B3D5499C9F22F1,Droplet #6,Droplet,Rottenraw Burn u/s Elliot Water confluence,56.55722722014659,-2.6604111487841786,082c000192972710002a000000000000,20.92,1030.63,100.0,4.2,0.0,0.0,0
2021-09-01 10:14:45.694000+00:00,70B3D5499C9F22F1,Droplet #6,Droplet,Rottenraw Burn u/s Elliot Water confluence,56.55722722014659,-2.6604111487841786,081b0001929f2710002a000000000000,20.75,1030.71,100.0,4.2,0.0,0.0,0
2021-09-01 10:45:13.735000+00:00,70B3D5499C9F22F1,Droplet #6,Droplet,Rottenraw Burn u/s Elliot Water confluence,56.55722722014659,-2.6604111487841786,0757000192952710002a000000000000,18.79,1030.61,100.0,4.2,0.0,0.0,0
2021-09-01 11:00:29.789000+00:00,70B3D5499C9F22F1,Droplet #6,Droplet,Rottenraw Burn u/s Elliot Water confluence,56.55722722014659,-2.6604111487841786,071a000192982710002a000000000000,18.18,1030.64,100.0,4.2,0.0,0.0,0
2021-09-01 11:31:01.432000+00:00,70B3D5499C9F22F1,Droplet #6,Droplet,Rottenraw Burn u/s Elliot Water confluence,56.55722722014659,-2.6604111487841786,06fd000192a12710002a000000000000,17.89,1030.73,100.0,4.2,0.0,0.0,0
2021-09-01 11:46:17.734000+00:00,70B3D5499C9F22F1,Droplet #6,Droplet,Rottenraw Burn u/s Elliot Water confluence,56.55722722014659,-2.6604111487841786,070c000192972710002a000000000000,18.04,1030.63,100.0,4.2,0.0,0.0,0
2021-09-01 12:01:33.812000+00:00,70B3D5499C9F22F1,Droplet #6,Droplet,Rottenraw Burn u/s Elliot Water confluence,56.55722722014659,-2.6604111487841786,070c0001928e2710002a000000000000,18.04,1030.54,100.0,4.2,0.0,0.0,0
2021-09-01 12:16:48.807000+00:00,70B3D5499C9F22F1,Droplet #6,Droplet,Rottenraw Burn u/s Elliot Water confluence,56.55722722014659,-2.6604111487841786,0719000192932710002a000000000000,18.17,1030.59,100.0,4.2,0.0,0.0,0
2021-09-01 12:32:04.631000+00:00,70B3D5499C9F22F1,Droplet #6,Droplet,Rottenraw Burn u/s Elliot Water confluence,56.55722722014659,-2.6604111487841786,0729000192822710002a000000000000,18.33,1030.42,100.0,4.2,0.0,0.0,0
2021-09-01 13:02:35.462000+00:00,70B3D5499C9F22F1,Droplet #6,Droplet,Rottenraw Burn u/s Elliot Water confluence,56.55722722014659,-2.6604111487841786,07490001926a2710002a000000000000,18.65,1030.18,100.0,4.2,0.0,0.0,0
2021-09-01 13:17:51.818000+00:00,70B3D5499C9F22F1,Droplet #6,Droplet,Rottenraw Burn u/s Elliot Water confluence,56.55722722014659,-2.6604111487841786,07390001925d2710002a000000000000,18.49,1030.05,100.0,4.2,0.0,0.0,0
2021-09-01 13:33:08.107000+00:00,70B3D5499C9F22F1,Droplet #6,Droplet,Rottenraw Burn u/s Elliot Water confluence,56.55722722014659,-2.6604111487841786,076c0001925e2710002a000000000000,19.0,1030.06,100.0,4.2,0.0,0.0,0
2021-09-01 13:48:23.334000+00:00,70B3D5499C9F22F1,Droplet #6,Droplet,Rottenraw Burn u/s Elliot Water confluence,56.55722722014659,-2.6604111487841786,073d0001924e2710002a000000000000,18.53,1029.9,100.0,4.2,0.0,0.0,0
2021-09-01 14:18:53.825000+00:00,70B3D5499C9F22F1,Droplet #6,Droplet,Rottenraw Burn u/s Elliot Water confluence,56.55722722014659,-2.6604111487841786,07560001924a2710002a000000000000,18.78,1029.86,100.0,4.2,0.0,0.0,0
2021-09-01 14:34:08.419000+00:00,70B3D5499C9F22F1,Droplet #6,Droplet,Rottenraw Burn u/s Elliot Water confluence,56.55722722014659,-2.6604111487841786,07270001923e2710002a000000000000,18.31,1029.74,100.0,4.2,0.0,0.0,0
2021-09-01 14:49:24.491000+00:00,70B3D5499C9F22F1,Droplet #6,Droplet,Rottenraw Burn u/s Elliot Water confluence,56.55722722014659,-2.6604111487841786,0700000192242710002a000000000000,17.92,1029.48,100.0,4.2,0.0,0.0,0
2021-09-01 15:04:39.830000+00:00,70B3D5499C9F22F1,Droplet #6,Droplet,Rottenraw Burn u/s Elliot Water confluence,56.55722722014659,-2.6604111487841786,06cd000192232710002a000000000000,17.41,1029.47,100.0,4.2,0.0,0.0,0
2021-09-01 15:19:56.423000+00:00,70B3D5499C9F22F1,Droplet #6,Droplet,Rottenraw Burn u/s Elliot Water confluence,56.55722722014659,-2.6604111487841786,06b30001921f2710002a000000000000,17.15,1029.43,100.0,4.2,0.0,0.0,0
2021-09-01 15:35:11.465000+00:00,70B3D5499C9F22F1,Droplet #6,Droplet,Rottenraw Burn u/s Elliot Water confluence,56.55722722014659,-2.6604111487841786,069c000192242710002a000000000000,16.92,1029.48,100.0,4.2,0.0,0.0,0
2021-09-01 15:50:27.370000+00:00,70B3D5499C9F22F1,Droplet #6,Droplet,Rottenraw Burn u/s Elliot Water confluence,56.55722722014659,-2.6604111487841786,0684000192092710002a000000000000,16.68,1029.21,100.0,4.2,0.0,0.0,0
2021-09-01 16:05:43.035000+00:00,70B3D5499C9F22F1,Droplet #6,Droplet,Rottenraw Burn u/s Elliot Water confluence,56.55722722014659,-2.6604111487841786,066c000192042710002a000000000000,16.44,1029.16,100.0,4.2,0.0,0.0,0
2021-09-01 16:20:57.789000+00:00,70B3D5499C9F22F1,Droplet #6,Droplet,Rottenraw Burn u/s Elliot Water confluence,56.55722722014659,-2.6604111487841786,0647000191fa2710002a000000000000,16.07,1029.06,100.0,4.2,0.0,0.0,0
2021-09-01 16:36:13.530000+00:00,70B3D5499C9F22F1,Droplet #6,Droplet,Rottenraw Burn u/s Elliot Water confluence,56.55722722014659,-2.6604111487841786,0625000191e62710002a000000000000,15.73,1028.86,100.0,4.2,0.0,0.0,0
2021-09-01 16:51:28.592000+00:00,70B3D5499C9F22F1,Droplet #6,Droplet,Rottenraw Burn u/s Elliot Water confluence,56.55722722014659,-2.6604111487841786,0606000191f62710002a000000000000,15.42,1029.02,100.0,4.2,0.0,0.0,0
2021-09-01 17:06:43.492000+00:00,70B3D5499C9F22F1,Droplet #6,Droplet,Rottenraw Burn u/s Elliot Water confluence,56.55722722014659,-2.6604111487841786,05fc000191eb2710002a000000000000,15.32,1028.91,100.0,4.2,0.0,0.0,0
2021-09-01 17:21:58.569000+00:00,70B3D5499C9F22F1,Droplet #6,Droplet,Rottenraw Burn u/s Elliot Water confluence,56.55722722014659,-2.6604111487841786,05fa000192052710002a000000000000,15.3,1029.17,100.0,4.2,0.0,0.0,0
2021-09-01 17:37:14.416000+00:00,70B3D5499C9F22F1,Droplet #6,Droplet,Rottenraw Burn u/s Elliot Water confluence,56.55722722014659,-2.6604111487841786,05fe0001921e2710002a000000000000,15.34,1029.42,100.0,4.2,0.0,0.0,0
2021-09-01 17:52:30.313000+00:00,70B3D5499C9F22F1,Droplet #6,Droplet,Rottenraw Burn u/s Elliot Water confluence,56.55722722014659,-2.6604111487841786,05e9000192222710002a000000000000,15.13,1029.46,100.0,4.2,0.0,0.0,0
2021-09-01 18:07:45.737000+00:00,70B3D5499C9F22F1,Droplet #6,Droplet,Rottenraw Burn u/s Elliot Water confluence,56.55722722014659,-2.6604111487841786,05ba000191fe2710002a000000000000,14.66,1029.1,100.0,4.2,0.0,0.0,0
2021-09-01 18:23:01.111000+00:00,70B3D5499C9F22F1,Droplet #6,Droplet,Rottenraw Burn u/s Elliot Water confluence,56.55722722014659,-2.6604111487841786,05aa000191f32710002a000000000000,14.5,1028.99,100.0,4.2,0.0,0.0,0
2021-09-01 18:38:16.067000+00:00,70B3D5499C9F22F1,Droplet #6,Droplet,Rottenraw Burn u/s Elliot Water confluence,56.55722722014659,-2.6604111487841786,054b000192032710002a000000000000,13.55,1029.15,100.0,4.2,0.0,0.0,0
2021-09-01 18:53:30.844000+00:00,70B3D5499C9F22F1,Droplet #6,Droplet,Rottenraw Burn u/s Elliot Water confluence,56.55722722014659,-2.6604111487841786,04fa000192322710002a000000000000,12.74,1029.62,100.0,4.2,0.0,0.0,0
2021-09-01 19:08:45.150000+00:00,70B3D5499C9F22F1,Droplet #6,Droplet,Rottenraw Burn u/s Elliot Water confluence,56.55722722014659,-2.6604111487841786,04ae0001923f2710002a000000000000,11.98,1029.75,100.0,4.2,0.0,0.0,0
2021-09-01 19:24:00.138000+00:00,70B3D5499C9F22F1,Droplet #6,Droplet,Rottenraw Burn u/s Elliot Water confluence,56.55722722014659,-2.6604111487841786,04700001923b2710002a000000000000,11.36,1029.71,100.0,4.2,0.0,0.0,0
2021-09-01 19:39:16.120000+00:00,70B3D5499C9F22F1,Droplet #6,Droplet,Rottenraw Burn u/s Elliot Water confluence,56.55722722014659,-2.6604111487841786,044b0001922b2710002a000000000000,10.99,1029.55,100.0,4.2,0.0,0.0,0
2021-09-01 19:54:31.429000+00:00,70B3D5499C9F22F1,Droplet #6,Droplet,Rottenraw Burn u/s Elliot Water confluence,56.55722722014659,-2.6604111487841786,040c000192392710002a000000000000,10.36,1029.69,100.0,4.2,0.0,0.0,0
2021-09-01 20:09:47.142000+00:00,70B3D5499C9F22F1,Droplet #6,Droplet,Rottenraw Burn u/s Elliot Water confluence,56.55722722014659,-2.6604111487841786,0419000192632710002a000000000000,10.49,1030.11,100.0,4.2,0.0,0.0,0
2021-09-01 20:25:03.305000+00:00,70B3D5499C9F22F1,Droplet #6,Droplet,Rottenraw Burn u/s Elliot Water confluence,56.55722722014659,-2.6604111487841786,04550001926f2710002a000000000000,11.09,1030.23,100.0,4.2,0.0,0.0,0
2021-09-01 20:40:19.561000+00:00,70B3D5499C9F22F1,Droplet #6,Droplet,Rottenraw Burn u/s Elliot Water confluence,56.55722722014659,-2.6604111487841786,04730001925c2710002a000000000000,11.39,1030.04,100.0,4.2,0.0,0.0,0
2021-09-01 20:55:36.435000+00:00,70B3D5499C9F22F1,Droplet #6,Droplet,Rottenraw Burn u/s Elliot Water confluence,56.55722722014659,-2.6604111487841786,04b5000192762710002a000000000000,12.05,1030.3,100.0,4.2,0.0,0.0,0
2021-09-01 21:10:52.457000+00:00,70B3D5499C9F22F1,Droplet #6,Droplet,Rottenraw Burn u/s Elliot Water confluence,56.55722722014659,-2.6604111487841786,04aa000192862710002a000000000000,11.94,1030.46,100.0,4.2,0.0,0.0,0
2021-09-01 21:26:07.736000+00:00,70B3D5499C9F22F1,Droplet #6,Droplet,Rottenraw Burn u/s Elliot Water confluence,56.55722722014659,-2.6604111487841786,0473000192782710002a000000000000,11.39,1030.32,100.0,4.2,0.0,0.0,0
2021-09-01 21:41:22.862000+00:00,70B3D5499C9F22F1,Droplet #6,Droplet,Rottenraw Burn u/s Elliot Water confluence,56.55722722014659,-2.6604111487841786,04420001927f2710002a000000000000,10.9,1030.39,100.0,4.2,0.0,0.0,0
2021-09-01 21:56:37.047000+00:00,70B3D5499C9F22F1,Droplet #6,Droplet,Rottenraw Burn u/s Elliot Water confluence,56.55722722014659,-2.6604111487841786,042e0001926f2710002a000000000000,10.7,1030.23,100.0,4.2,0.0,0.0,0
2021-09-01 22:11:53.423000+00:00,70B3D5499C9F22F1,Droplet #6,Droplet,Rottenraw Burn u/s Elliot Water confluence,56.55722722014659,-2.6604111487841786,0444000192632710002a000000000000,10.92,1030.11,100.0,4.2,0.0,0.0,0
2021-09-01 22:27:08.722000+00:00,70B3D5499C9F22F1,Droplet #6,Droplet,Rottenraw Burn u/s Elliot Water confluence,56.55722722014659,-2.6604111487841786,0454000192cb2710002a000000000000,11.08,1031.15,100.0,4.2,0.0,0.0,0
2021-09-01 22:42:24.349000+00:00,70B3D5499C9F22F1,Droplet #6,Droplet,Rottenraw Burn u/s Elliot Water confluence,56.55722722014659,-2.6604111487841786,04680001927e2710002a000000000000,11.28,1030.38,100.0,4.2,0.0,0.0,0
2021-09-01 22:57:39.671000+00:00,70B3D5499C9F22F1,Droplet #6,Droplet,Rottenraw Burn u/s Elliot Water confluence,56.55722722014659,-2.6604111487841786,04890001927f2710002a000000000000,11.61,1030.39,100.0,4.2,0.0,0.0,0
2021-09-01 23:12:55.707000+00:00,70B3D5499C9F22F1,Droplet #6,Droplet,Rottenraw Burn u/s Elliot Water confluence,56.55722722014659,-2.6604111487841786,04870001928c2710002a000000000000,11.59,1030.52,100.0,4.2,0.0,0.0,0
2021-09-01 23:28:11.426000+00:00,70B3D5499C9F22F1,Droplet #6,Droplet,Rottenraw Burn u/s Elliot Water confluence,56.55722722014659,-2.6604111487841786,048c000192a42710002a000000000000,11.64,1030.76,100.0,4.2,0.0,0.0,0
2021-09-01 23:58:43.117000+00:00,70B3D5499C9F22F1,Droplet #6,Droplet,Rottenraw Burn u/s Elliot Water confluence,56.55722722014659,-2.6604111487841786,048a000192912710002a000000000000,11.62,1030.57,100.0,4.2,0.0,0.0,0
2021-09-02 00:13:59.276000+00:00,70B3D5499C9F22F1,Droplet #6,Droplet,Rottenraw Burn u/s Elliot Water confluence,56.55722722014659,-2.6604111487841786,04890001926f2710002a000000000000,11.61,1030.23,100.0,4.2,0.0,0.0,0
2021-09-02 00:29:14.996000+00:00,70B3D5499C9F22F1,Droplet #6,Droplet,Rottenraw Burn u/s Elliot Water confluence,56.55722722014659,-2.6604111487841786,048e0001927b2710002a000000000000,11.66,1030.35,100.0,4.2,0.0,0.0,0
2021-09-02 00:44:30.799000+00:00,70B3D5499C9F22F1,Droplet #6,Droplet,Rottenraw Burn u/s Elliot Water confluence,56.55722722014659,-2.6604111487841786,048a000192ac2710002a000000000000,11.62,1030.84,100.0,4.2,0.0,0.0,0
2021-09-02 00:59:46.304000+00:00,70B3D5499C9F22F1,Droplet #6,Droplet,Rottenraw Burn u/s Elliot Water confluence,56.55722722014659,-2.6604111487841786,049c000192b02710002a000000000000,11.8,1030.88,100.0,4.2,0.0,0.0,0
2021-09-02 01:15:02.287000+00:00,70B3D5499C9F22F1,Droplet #6,Droplet,Rottenraw Burn u/s Elliot Water confluence,56.55722722014659,-2.6604111487841786,0499000192912710002a000000000000,11.77,1030.57,100.0,4.2,0.0,0.0,0
2021-09-02 01:30:18.461000+00:00,70B3D5499C9F22F1,Droplet #6,Droplet,Rottenraw Burn u/s Elliot Water confluence,56.55722722014659,-2.6604111487841786,048b000192762710002a000000000000,11.63,1030.3,100.0,4.2,0.0,0.0,0
2021-09-02 01:45:33.340000+00:00,70B3D5499C9F22F1,Droplet #6,Droplet,Rottenraw Burn u/s Elliot Water confluence,56.55722722014659,-2.6604111487841786,048b000192552710002a000000000000,11.63,1029.97,100.0,4.2,0.0,0.0,0
2021-09-02 02:00:49.267000+00:00,70B3D5499C9F22F1,Droplet #6,Droplet,Rottenraw Burn u/s Elliot Water confluence,56.55722722014659,-2.6604111487841786,048b0001925f2710002a000000000000,11.63,1030.07,100.0,4.2,0.0,0.0,0
2021-09-02 02:16:04.068000+00:00,70B3D5499C9F22F1,Droplet #6,Droplet,Rottenraw Burn u/s Elliot Water confluence,56.55722722014659,-2.6604111487841786,0488000192482710002a000000000000,11.6,1029.84,100.0,4.2,0.0,0.0,0
2021-09-02 02:31:20.246000+00:00,70B3D5499C9F22F1,Droplet #6,Droplet,Rottenraw Burn u/s Elliot Water confluence,56.55722722014659,-2.6604111487841786,048f000192542710002a000000000000,11.67,1029.96,100.0,4.2,0.0,0.0,0
2021-09-02 02:46:36.399000+00:00,70B3D5499C9F22F1,Droplet #6,Droplet,Rottenraw Burn u/s Elliot Water confluence,56.55722722014659,-2.6604111487841786,0472000192342710002a000000000000,11.38,1029.64,100.0,4.2,0.0,0.0,0
2021-09-02 03:01:50.150000+00:00,70B3D5499C9F22F1,Droplet #6,Droplet,Rottenraw Burn u/s Elliot Water confluence,56.55722722014659,-2.6604111487841786,041d000192392710002a000000000000,10.53,1029.69,100.0,4.2,0.0,0.0,0
2021-09-02 03:17:05.193000+00:00,70B3D5499C9F22F1,Droplet #6,Droplet,Rottenraw Burn u/s Elliot Water confluence,56.55722722014659,-2.6604111487841786,03e30001924d2710002a000000000000,9.95,1029.89,100.0,4.2,0.0,0.0,0
2021-09-02 03:47:36.939000+00:00,70B3D5499C9F22F1,Droplet #6,Droplet,Rottenraw Burn u/s Elliot Water confluence,56.55722722014659,-2.6604111487841786,03c3000192202710002a000000000000,9.63,1029.44,100.0,4.2,0.0,0.0,0
2021-09-02 04:02:52.951000+00:00,70B3D5499C9F22F1,Droplet #6,Droplet,Rottenraw Burn u/s Elliot Water confluence,56.55722722014659,-2.6604111487841786,03cc0001922c2710002a000000000000,9.72,1029.56,100.0,4.2,0.0,0.0,0
2021-09-02 04:18:08.893000+00:00,70B3D5499C9F22F1,Droplet #6,Droplet,Rottenraw Burn u/s Elliot Water confluence,56.55722722014659,-2.6604111487841786,03e4000192332710002a000000000000,9.96,1029.63,100.0,4.2,0.0,0.0,0
2021-09-02 04:33:25.238000+00:00,70B3D5499C9F22F1,Droplet #6,Droplet,Rottenraw Burn u/s Elliot Water confluence,56.55722722014659,-2.6604111487841786,03fa0001922a2710002a000000000000,10.18,1029.54,100.0,4.2,0.0,0.0,0
2021-09-02 04:48:41.314000+00:00,70B3D5499C9F22F1,Droplet #6,Droplet,Rottenraw Burn u/s Elliot Water confluence,56.55722722014659,-2.6604111487841786,040a000192042710002a000000000000,10.34,1029.16,100.0,4.2,0.0,0.0,0
2021-09-02 05:19:11.692000+00:00,70B3D5499C9F22F1,Droplet #6,Droplet,Rottenraw Burn u/s Elliot Water confluence,56.55722722014659,-2.6604111487841786,041e0001921f2710002a000000000000,10.54,1029.43,100.0,4.2,0.0,0.0,0
2021-09-02 05:34:26.842000+00:00,70B3D5499C9F22F1,Droplet #6,Droplet,Rottenraw Burn u/s Elliot Water confluence,56.55722722014659,-2.6604111487841786,0426000192482710002a000000000000,10.62,1029.84,100.0,4.2,0.0,0.0,0
2021-09-02 05:49:42.477000+00:00,70B3D5499C9F22F1,Droplet #6,Droplet,Rottenraw Burn u/s Elliot Water confluence,56.55722722014659,-2.6604111487841786,042c000192202710002a000000000000,10.68,1029.44,100.0,4.2,0.0,0.0,0
2021-09-02 06:04:58.202000+00:00,70B3D5499C9F22F1,Droplet #6,Droplet,Rottenraw Burn u/s Elliot Water confluence,56.55722722014659,-2.6604111487841786,0433000192402710002a000000000000,10.75,1029.76,100.0,4.2,0.0,0.0,0
2021-09-02 06:20:12.812000+00:00,70B3D5499C9F22F1,Droplet #6,Droplet,Rottenraw Burn u/s Elliot Water confluence,56.55722722014659,-2.6604111487841786,044b0001921f2710002a000000000000,10.99,1029.43,100.0,4.2,0.0,0.0,0
2021-09-02 06:35:28.724000+00:00,70B3D5499C9F22F1,Droplet #6,Droplet,Rottenraw Burn u/s Elliot Water confluence,56.55722722014659,-2.6604111487841786,0443000192042710002a000000000000,10.91,1029.16,100.0,4.2,0.0,0.0,0
2021-09-02 07:05:59.373000+00:00,70B3D5499C9F22F1,Droplet #6,Droplet,Rottenraw Burn u/s Elliot Water confluence,56.55722722014659,-2.6604111487841786,047e000192512710002a000000000000,11.5,1029.93,100.0,4.2,0.0,0.0,0
2021-09-02 07:21:14.753000+00:00,70B3D5499C9F22F1,Droplet #6,Droplet,Rottenraw Burn u/s Elliot Water confluence,56.55722722014659,-2.6604111487841786,048b0001925e27100029000000000000,11.63,1030.06,100.0,4.1,0.0,0.0,0
2021-09-02 07:36:30.470000+00:00,70B3D5499C9F22F1,Droplet #6,Droplet,Rottenraw Burn u/s Elliot Water confluence,56.55722722014659,-2.6604111487841786,0473000192292710002a000000000000,11.39,1029.53,100.0,4.2,0.0,0.0,0
2021-09-02 07:51:46.657000+00:00,70B3D5499C9F22F1,Droplet #6,Droplet,Rottenraw Burn u/s Elliot Water confluence,56.55722722014659,-2.6604111487841786,0481000192372710002a000000000000,11.53,1029.67,100.0,4.2,0.0,0.0,0
2021-09-02 08:07:02.538000+00:00,70B3D5499C9F22F1,Droplet #6,Droplet,Rottenraw Burn u/s Elliot Water confluence,56.55722722014659,-2.6604111487841786,0497000192322710002a000000000000,11.75,1029.62,100.0,4.2,0.0,0.0,0
2021-09-02 08:22:18.561000+00:00,70B3D5499C9F22F1,Droplet #6,Droplet,Rottenraw Burn u/s Elliot Water confluence,56.55722722014659,-2.6604111487841786,04a1000192382710002a000000000000,11.85,1029.68,100.0,4.2,0.0,0.0,0
2021-09-02 08:37:34.517000+00:00,70B3D5499C9F22F1,Droplet #6,Droplet,Rottenraw Burn u/s Elliot Water confluence,56.55722722014659,-2.6604111487841786,04b0000192362710002a000000000000,12.0,1029.66,100.0,4.2,0.0,0.0,0
2021-09-02 08:52:49.551000+00:00,70B3D5499C9F22F1,Droplet #6,Droplet,Rottenraw Burn u/s Elliot Water confluence,56.55722722014659,-2.6604111487841786,049e0001922c2710002a000000000000,11.82,1029.56,100.0,4.2,0.0,0.0,0
2021-09-02 09:08:05.529000+00:00,70B3D5499C9F22F1,Droplet #6,Droplet,Rottenraw Burn u/s Elliot Water confluence,56.55722722014659,-2.6604111487841786,04b4000192442710002a000000000000,12.04,1029.8,100.0,4.2,0.0,0.0,0
2021-09-02 09:23:21.414000+00:00,70B3D5499C9F22F1,Droplet #6,Droplet,Rottenraw Burn u/s Elliot Water confluence,56.55722722014659,-2.6604111487841786,04d20001924d2710002a000000000000,12.34,1029.89,100.0,4.2,0.0,0.0,0
2021-09-02 09:38:37.724000+00:00,70B3D5499C9F22F1,Droplet #6,Droplet,Rottenraw Burn u/s Elliot Water confluence,56.55722722014659,-2.6604111487841786,04ea000192382710002a000000000000,12.58,1029.68,100.0,4.2,0.0,0.0,0
2021-09-02 10:09:10.498000+00:00,70B3D5499C9F22F1,Droplet #6,Droplet,Rottenraw Burn u/s Elliot Water confluence,56.55722722014659,-2.6604111487841786,0516000192252710002a000000000000,13.02,1029.49,100.0,4.2,0.0,0.0,0
2021-09-02 10:24:26.235000+00:00,70B3D5499C9F22F1,Droplet #6,Droplet,Rottenraw Burn u/s Elliot Water confluence,56.55722722014659,-2.6604111487841786,053b000191ff2710002a000000000000,13.39,1029.11,100.0,4.2,0.0,0.0,0
2021-09-02 10:39:41.915000+00:00,70B3D5499C9F22F1,Droplet #6,Droplet,Rottenraw Burn u/s Elliot Water confluence,56.55722722014659,-2.6604111487841786,0580000192062710002a000000000000,14.08,1029.18,100.0,4.2,0.0,0.0,0
2021-09-02 10:54:58.414000+00:00,70B3D5499C9F22F1,Droplet #6,Droplet,Rottenraw Burn u/s Elliot Water confluence,56.55722722014659,-2.6604111487841786,05b6000192062710002a000000000000,14.62,1029.18,100.0,4.2,0.0,0.0,0
2021-09-02 11:10:13.981000+00:00,70B3D5499C9F22F1,Droplet #6,Droplet,Rottenraw Burn u/s Elliot Water confluence,56.55722722014659,-2.6604111487841786,05d2000192072710002a000000000000,14.9,1029.19,100.0,4.2,0.0,0.0,0
2021-09-02 11:25:31.943000+00:00,70B3D5499C9F22F1,Droplet #6,Droplet,Rottenraw Burn u/s Elliot Water confluence,56.55722722014659,-2.6604111487841786,0615000191ec2710002a000000000000,15.57,1028.92,100.0,4.2,0.0,0.0,0
2021-09-02 11:56:03.456000+00:00,70B3D5499C9F22F1,Droplet #6,Droplet,Rottenraw Burn u/s Elliot Water confluence,56.55722722014659,-2.6604111487841786,0646000191de2710002a000000000000,16.06,1028.78,100.0,4.2,0.0,0.0,0
2021-09-02 12:26:35.551000+00:00,70B3D5499C9F22F1,Droplet #6,Droplet,Rottenraw Burn u/s Elliot Water confluence,56.55722722014659,-2.6604111487841786,065c000191b92710002a000000000000,16.28,1028.41,100.0,4.2,0.0,0.0,0
2021-09-02 12:41:52.620000+00:00,70B3D5499C9F22F1,Droplet #6,Droplet,Rottenraw Burn u/s Elliot Water confluence,56.55722722014659,-2.6604111487841786,0686000191ad2710002a000000000000,16.7,1028.29,100.0,4.2,0.0,0.0,0
2021-09-02 12:57:10.230000+00:00,70B3D5499C9F22F1,Droplet #6,Droplet,Rottenraw Burn u/s Elliot Water confluence,56.55722722014659,-2.6604111487841786,069f000191972710002a000000000000,16.95,1028.07,100.0,4.2,0.0,0.0,0
2021-09-02 13:12:25.114000+00:00,70B3D5499C9F22F1,Droplet #6,Droplet,Rottenraw Burn u/s Elliot Water confluence,56.55722722014659,-2.6604111487841786,0675000191882710002a000000000000,16.53,1027.92,100.0,4.2,0.0,0.0,0
2021-09-02 13:27:40.372000+00:00,70B3D5499C9F22F1,Droplet #6,Droplet,Rottenraw Burn u/s Elliot Water confluence,56.55722722014659,-2.6604111487841786,0663000191752710002a000000000000,16.35,1027.73,100.0,4.2,0.0,0.0,0
2021-09-02 13:42:55.915000+00:00,70B3D5499C9F22F1,Droplet #6,Droplet,Rottenraw Burn u/s Elliot Water confluence,56.55722722014659,-2.6604111487841786,06440001916b2710002a000000000000,16.04,1027.63,100.0,4.2,0.0,0.0,0
2021-09-02 13:58:12.086000+00:00,70B3D5499C9F22F1,Droplet #6,Droplet,Rottenraw Burn u/s Elliot Water confluence,56.55722722014659,-2.6604111487841786,0657000191552710002a000000000000,16.23,1027.41,100.0,4.2,0.0,0.0,0
2021-09-02 14:13:27.728000+00:00,70B3D5499C9F22F1,Droplet #6,Droplet,Rottenraw Burn u/s Elliot Water confluence,56.55722722014659,-2.6604111487841786,0641000191422710002a000000000000,16.01,1027.22,100.0,4.2,0.0,0.0,0
2021-09-02 14:28:43.279000+00:00,70B3D5499C9F22F1,Droplet #6,Droplet,Rottenraw Burn u/s Elliot Water confluence,56.55722722014659,-2.6604111487841786,0622000191412710002a000000000000,15.7,1027.21,100.0,4.2,0.0,0.0,0
2021-09-02 14:43:58.572000+00:00,70B3D5499C9F22F1,Droplet #6,Droplet,Rottenraw Burn u/s Elliot Water confluence,56.55722722014659,-2.6604111487841786,0611000191322710002a000000000000,15.53,1027.06,100.0,4.2,0.0,0.0,0
2021-09-02 14:59:13.866000+00:00,70B3D5499C9F22F1,Droplet #6,Droplet,Rottenraw Burn u/s Elliot Water confluence,56.55722722014659,-2.6604111487841786,05fd0001912c2710002a000000000000,15.33,1027.0,100.0,4.2,0.0,0.0,0
2021-09-02 15:14:30.290000+00:00,70B3D5499C9F22F1,Droplet #6,Droplet,Rottenraw Burn u/s Elliot Water confluence,56.55722722014659,-2.6604111487841786,061a000191192710002a000000000000,15.62,1026.81,100.0,4.2,0.0,0.0,0
2021-09-02 15:29:45.029000+00:00,70B3D5499C9F22F1,Droplet #6,Droplet,Rottenraw Burn u/s Elliot Water confluence,56.55722722014659,-2.6604111487841786,05e6000190ff2710002a000000000000,15.1,1026.55,100.0,4.2,0.0,0.0,0
2021-09-02 15:45:00.165000+00:00,70B3D5499C9F22F1,Droplet #6,Droplet,Rottenraw Burn u/s Elliot Water confluence,56.55722722014659,-2.6604111487841786,05d4000190da2710002a000000000000,14.92,1026.18,100.0,4.2,0.0,0.0,0
2021-09-02 16:00:15.476000+00:00,70B3D5499C9F22F1,Droplet #6,Droplet,Rottenraw Burn u/s Elliot Water confluence,56.55722722014659,-2.6604111487841786,05b5000190e32710002a000000000000,14.61,1026.27,100.0,4.2,0.0,0.0,0
2021-09-02 16:15:30.394000+00:00,70B3D5499C9F22F1,Droplet #6,Droplet,Rottenraw Burn u/s Elliot Water confluence,56.55722722014659,-2.6604111487841786,0599000190d62710002a000000000000,14.33,1026.14,100.0,4.2,0.0,0.0,0
2021-09-02 16:30:45.951000+00:00,70B3D5499C9F22F1,Droplet #6,Droplet,Rottenraw Burn u/s Elliot Water confluence,56.55722722014659,-2.6604111487841786,0577000190da2710002a000000000000,13.99,1026.18,100.0,4.2,0.0,0.0,0
2021-09-02 17:01:17.247000+00:00,70B3D5499C9F22F1,Droplet #6,Droplet,Rottenraw Burn u/s Elliot Water confluence,56.55722722014659,-2.6604111487841786,054a000190c42710002a000000000000,13.54,1025.96,100.0,4.2,0.0,0.0,0
2021-09-02 17:16:32.243000+00:00,70B3D5499C9F22F1,Droplet #6,Droplet,Rottenraw Burn u/s Elliot Water confluence,56.55722722014659,-2.6604111487841786,052f000190b32710002a000000000000,13.27,1025.79,100.0,4.2,0.0,0.0,0
2021-09-02 17:31:47.606000+00:00,70B3D5499C9F22F1,Droplet #6,Droplet,Rottenraw Burn u/s Elliot Water confluence,56.55722722014659,-2.6604111487841786,0521000190952710002a000000000000,13.13,1025.49,100.0,4.2,0.0,0.0,0
2021-09-02 17:47:02.067000+00:00,70B3D5499C9F22F1,Droplet #6,Droplet,Rottenraw Burn u/s Elliot Water confluence,56.55722722014659,-2.6604111487841786,0517000190cd2710002a000000000000,13.03,1026.05,100.0,4.2,0.0,0.0,0
2021-09-02 18:02:17.459000+00:00,70B3D5499C9F22F1,Droplet #6,Droplet,Rottenraw Burn u/s Elliot Water confluence,56.55722722014659,-2.6604111487841786,04f6000190af2710002a000000000000,12.7,1025.75,100.0,4.2,0.0,0.0,0
2021-09-02 18:17:32.729000+00:00,70B3D5499C9F22F1,Droplet #6,Droplet,Rottenraw Burn u/s Elliot Water confluence,56.55722722014659,-2.6604111487841786,04cf0001909d2710002a000000000000,12.31,1025.57,100.0,4.2,0.0,0.0,0
2021-09-02 18:32:48.067000+00:00,70B3D5499C9F22F1,Droplet #6,Droplet,Rottenraw Burn u/s Elliot Water confluence,56.55722722014659,-2.6604111487841786,04b70001909f2710002a000000000000,12.07,1025.59,100.0,4.2,0.0,0.0,0
2021-09-02 18:48:02.847000+00:00,70B3D5499C9F22F1,Droplet #6,Droplet,Rottenraw Burn u/s Elliot Water confluence,56.55722722014659,-2.6604111487841786,049f000190a12710002a000000000000,11.83,1025.61,100.0,4.2,0.0,0.0,0
2021-09-02 19:03:17.487000+00:00,70B3D5499C9F22F1,Droplet #6,Droplet,Rottenraw Burn u/s Elliot Water confluence,56.55722722014659,-2.6604111487841786,0475000190a02710002a000000000000,11.41,1025.6,100.0,4.2,0.0,0.0,0
2021-09-02 19:18:34.539000+00:00,70B3D5499C9F22F1,Droplet #6,Droplet,Rottenraw Burn u/s Elliot Water confluence,56.55722722014659,-2.6604111487841786,0475000190cb2710002a000000000000,11.41,1026.03,100.0,4.2,0.0,0.0,0
2021-09-02 19:33:51.011000+00:00,70B3D5499C9F22F1,Droplet #6,Droplet,Rottenraw Burn u/s Elliot Water confluence,56.55722722014659,-2.6604111487841786,0487000190a32710002a000000000000,11.59,1025.63,100.0,4.2,0.0,0.0,0
2021-09-02 19:49:07.112000+00:00,70B3D5499C9F22F1,Droplet #6,Droplet,Rottenraw Burn u/s Elliot Water confluence,56.55722722014659,-2.6604111487841786,0499000190ae2710002a000000000000,11.77,1025.74,100.0,4.2,0.0,0.0,0
2021-09-02 20:04:23.095000+00:00,70B3D5499C9F22F1,Droplet #6,Droplet,Rottenraw Burn u/s Elliot Water confluence,56.55722722014659,-2.6604111487841786,04a1000190a92710002a000000000000,11.85,1025.69,100.0,4.2,0.0,0.0,0
2021-09-02 20:19:38.028000+00:00,70B3D5499C9F22F1,Droplet #6,Droplet,Rottenraw Burn u/s Elliot Water confluence,56.55722722014659,-2.6604111487841786,04a7000190ad2710002a000000000000,11.91,1025.73,100.0,4.2,0.0,0.0,0
2021-09-02 20:34:53.662000+00:00,70B3D5499C9F22F1,Droplet #6,Droplet,Rottenraw Burn u/s Elliot Water confluence,56.55722722014659,-2.6604111487841786,049f000190992710002a000000000000,11.83,1025.53,100.0,4.2,0.0,0.0,0
2021-09-02 20:50:09.607000+00:00,70B3D5499C9F22F1,Droplet #6,Droplet,Rottenraw Burn u/s Elliot Water confluence,56.55722722014659,-2.6604111487841786,049c000190952710002a000000000000,11.8,1025.49,100.0,4.2,0.0,0.0,0
2021-09-02 21:05:25.492000+00:00,70B3D5499C9F22F1,Droplet #6,Droplet,Rottenraw Burn u/s Elliot Water confluence,56.55722722014659,-2.6604111487841786,049a000190ab2710002a000000000000,11.78,1025.71,100.0,4.2,0.0,0.0,0
2021-09-02 21:20:41.408000+00:00,70B3D5499C9F22F1,Droplet #6,Droplet,Rottenraw Burn u/s Elliot Water confluence,56.55722722014659,-2.6604111487841786,04950001909d2710002a000000000000,11.73,1025.57,100.0,4.2,0.0,0.0,0
2021-09-02 21:35:57.081000+00:00,70B3D5499C9F22F1,Droplet #6,Droplet,Rottenraw Burn u/s Elliot Water confluence,56.55722722014659,-2.6604111487841786,048c0001908b2710002a000000000000,11.64,1025.39,100.0,4.2,0.0,0.0,0
2021-09-02 21:51:12.890000+00:00,70B3D5499C9F22F1,Droplet #6,Droplet,Rottenraw Burn u/s Elliot Water confluence,56.55722722014659,-2.6604111487841786,048c0001907b2710002a000000000000,11.64,1025.23,100.0,4.2,0.0,0.0,0
2021-09-02 22:06:28.883000+00:00,70B3D5499C9F22F1,Droplet #6,Droplet,Rottenraw Burn u/s Elliot Water confluence,56.55722722014659,-2.6604111487841786,048b0001908d2710002a000000000000,11.63,1025.41,100.0,4.2,0.0,0.0,0
2021-09-02 22:21:45.316000+00:00,70B3D5499C9F22F1,Droplet #6,Droplet,Rottenraw Burn u/s Elliot Water confluence,56.55722722014659,-2.6604111487841786,047e0001906a2710002a000000000000,11.5,1025.06,100.0,4.2,0.0,0.0,0
2021-09-02 22:37:00.127000+00:00,70B3D5499C9F22F1,Droplet #6,Droplet,Rottenraw Burn u/s Elliot Water confluence,56.55722722014659,-2.6604111487841786,047c0001907f2710002a000000000000,11.48,1025.27,100.0,4.2,0.0,0.0,0
2021-09-02 22:52:15.792000+00:00,70B3D5499C9F22F1,Droplet #6,Droplet,Rottenraw Burn u/s Elliot Water confluence,56.55722722014659,-2.6604111487841786,0474000190902710002a000000000000,11.4,1025.44,100.0,4.2,0.0,0.0,0
2021-09-02 23:07:30.877000+00:00,70B3D5499C9F22F1,Droplet #6,Droplet,Rottenraw Burn u/s Elliot Water confluence,56.55722722014659,-2.6604111487841786,0475000190792710002a000000000000,11.41,1025.21,100.0,4.2,0.0,0.0,0
2021-09-02 23:22:47.229000+00:00,70B3D5499C9F22F1,Droplet #6,Droplet,Rottenraw Burn u/s Elliot Water confluence,56.55722722014659,-2.6604111487841786,04640001901a2710002a000000000000,11.24,1024.26,100.0,4.2,0.0,0.0,0
2021-09-02 23:38:03.332000+00:00,70B3D5499C9F22F1,Droplet #6,Droplet,Rottenraw Burn u/s Elliot Water confluence,56.55722722014659,-2.6604111487841786,04660001906d2710002a000000000000,11.26,1025.09,100.0,4.2,0.0,0.0,0
2021-09-02 23:53:18.573000+00:00,70B3D5499C9F22F1,Droplet #6,Droplet,Rottenraw Burn u/s Elliot Water confluence,56.55722722014659,-2.6604111487841786,046a000190592710002a000000000000,11.3,1024.89,100.0,4.2,0.0,0.0,0
2021-09-03 00:08:34.592000+00:00,70B3D5499C9F22F1,Droplet #6,Droplet,Rottenraw Burn u/s Elliot Water confluence,56.55722722014659,-2.6604111487841786,04660001904d2710002a000000000000,11.26,1024.77,100.0,4.2,0.0,0.0,0
2021-09-03 00:23:51.012000+00:00,70B3D5499C9F22F1,Droplet #6,Droplet,Rottenraw Burn u/s Elliot Water confluence,56.55722722014659,-2.6604111487841786,045b000190472710002a000000000000,11.15,1024.71,100.0,4.2,0.0,0.0,0
2021-09-03 00:39:06.001000+00:00,70B3D5499C9F22F1,Droplet #6,Droplet,Rottenraw Burn u/s Elliot Water confluence,56.55722722014659,-2.6604111487841786,044e000190332710002a000000000000,11.02,1024.51,100.0,4.2,0.0,0.0,0
2021-09-03 00:54:22.279000+00:00,70B3D5499C9F22F1,Droplet #6,Droplet,Rottenraw Burn u/s Elliot Water confluence,56.55722722014659,-2.6604111487841786,044f0001902c2710002a000000000000,11.03,1024.44,100.0,4.2,0.0,0.0,0
2021-09-03 01:09:38.491000+00:00,70B3D5499C9F22F1,Droplet #6,Droplet,Rottenraw Burn u/s Elliot Water confluence,56.55722722014659,-2.6604111487841786,04450001902f2710002a000000000000,10.93,1024.47,100.0,4.2,0.0,0.0,0
2021-09-03 01:24:54.413000+00:00,70B3D5499C9F22F1,Droplet #6,Droplet,Rottenraw Burn u/s Elliot Water confluence,56.55722722014659,-2.6604111487841786,044200018fe32710002a000000000000,10.9,1023.71,100.0,4.2,0.0,0.0,0
2021-09-03 01:40:11.006000+00:00,70B3D5499C9F22F1,Droplet #6,Droplet,Rottenraw Burn u/s Elliot Water confluence,56.55722722014659,-2.6604111487841786,044100018fd92710002a000000000000,10.89,1023.61,100.0,4.2,0.0,0.0,0
2021-09-03 01:55:27.407000+00:00,70B3D5499C9F22F1,Droplet #6,Droplet,Rottenraw Burn u/s Elliot Water confluence,56.55722722014659,-2.6604111487841786,043000018fdd2710002a000000000000,10.72,1023.65,100.0,4.2,0.0,0.0,0
2021-09-03 02:10:43.926000+00:00,70B3D5499C9F22F1,Droplet #6,Droplet,Rottenraw Burn u/s Elliot Water confluence,56.55722722014659,-2.6604111487841786,042e00018fd52710002a000000000000,10.7,1023.57,100.0,4.2,0.0,0.0,0
2021-09-03 02:25:59.786000+00:00,70B3D5499C9F22F1,Droplet #6,Droplet,Rottenraw Burn u/s Elliot Water confluence,56.55722722014659,-2.6604111487841786,042d00018fd12710002a000000000000,10.69,1023.53,100.0,4.2,0.0,0.0,0
2021-09-03 02:41:14.994000+00:00,70B3D5499C9F22F1,Droplet #6,Droplet,Rottenraw Burn u/s Elliot Water confluence,56.55722722014659,-2.6604111487841786,043000018fc82710002a000000000000,10.72,1023.44,100.0,4.2,0.0,0.0,0
2021-09-03 02:56:31.025000+00:00,70B3D5499C9F22F1,Droplet #6,Droplet,Rottenraw Burn u/s Elliot Water confluence,56.55722722014659,-2.6604111487841786,042f00018fb62710002a000000000000,10.71,1023.26,100.0,4.2,0.0,0.0,0
2021-09-03 03:11:46.781000+00:00,70B3D5499C9F22F1,Droplet #6,Droplet,Rottenraw Burn u/s Elliot Water confluence,56.55722722014659,-2.6604111487841786,043300018fd02710002a000000000000,10.75,1023.52,100.0,4.2,0.0,0.0,0
2021-09-03 03:27:02.569000+00:00,70B3D5499C9F22F1,Droplet #6,Droplet,Rottenraw Burn u/s Elliot Water confluence,56.55722722014659,-2.6604111487841786,042f00018fae2710002a000000000000,10.71,1023.18,100.0,4.2,0.0,0.0,0
2021-09-03 03:42:19.525000+00:00,70B3D5499C9F22F1,Droplet #6,Droplet,Rottenraw Burn u/s Elliot Water confluence,56.55722722014659,-2.6604111487841786,042e00018fb52710002a000000000000,10.7,1023.25,100.0,4.2,0.0,0.0,0
2021-09-03 03:57:35.410000+00:00,70B3D5499C9F22F1,Droplet #6,Droplet,Rottenraw Burn u/s Elliot Water confluence,56.55722722014659,-2.6604111487841786,042b00018fae2710002a000000000000,10.67,1023.18,100.0,4.2,0.0,0.0,0
2021-09-03 04:12:51.737000+00:00,70B3D5499C9F22F1,Droplet #6,Droplet,Rottenraw Burn u/s Elliot Water confluence,56.55722722014659,-2.6604111487841786,042b00018fb02710002a000000000000,10.67,1023.2,100.0,4.2,0.0,0.0,0
2021-09-03 04:28:07.209000+00:00,70B3D5499C9F22F1,Droplet #6,Droplet,Rottenraw Burn u/s Elliot Water confluence,56.55722722014659,-2.6604111487841786,041e00018f942710002a000000000000,10.54,1022.92,100.0,4.2,0.0,0.0,0
2021-09-03 04:43:22.999000+00:00,70B3D5499C9F22F1,Droplet #6,Droplet,Rottenraw Burn u/s Elliot Water confluence,56.55722722014659,-2.6604111487841786,041d00018f932710002a000000000000,10.53,1022.91,100.0,4.2,0.0,0.0,0
2021-09-03 04:58:37.812000+00:00,70B3D5499C9F22F1,Droplet #6,Droplet,Rottenraw Burn u/s Elliot Water confluence,56.55722722014659,-2.6604111487841786,041500018f602710002a000000000000,10.45,1022.4,100.0,4.2,0.0,0.0,0
2021-09-03 05:13:53.371000+00:00,70B3D5499C9F22F1,Droplet #6,Droplet,Rottenraw Burn u/s Elliot Water confluence,56.55722722014659,-2.6604111487841786,041d00018fa82710002a000000000000,10.53,1023.12,100.0,4.2,0.0,0.0,0
2021-09-03 05:29:09.527000+00:00,70B3D5499C9F22F1,Droplet #6,Droplet,Rottenraw Burn u/s Elliot Water confluence,56.55722722014659,-2.6604111487841786,041700018f852710002a000000000000,10.47,1022.77,100.0,4.2,0.0,0.0,0
2021-09-03 05:44:25.226000+00:00,70B3D5499C9F22F1,Droplet #6,Droplet,Rottenraw Burn u/s Elliot Water confluence,56.55722722014659,-2.6604111487841786,041800018f802710002a000000000000,10.48,1022.72,100.0,4.2,0.0,0.0,0
2021-09-03 05:59:41.268000+00:00,70B3D5499C9F22F1,Droplet #6,Droplet,Rottenraw Burn u/s Elliot Water confluence,56.55722722014659,-2.6604111487841786,041d00018f802710002a000000000000,10.53,1022.72,100.0,4.2,0.0,0.0,0
2021-09-03 06:14:56.255000+00:00,70B3D5499C9F22F1,Droplet #6,Droplet,Rottenraw Burn u/s Elliot Water confluence,56.55722722014659,-2.6604111487841786,041700018f922710002a000000000000,10.47,1022.9,100.0,4.2,0.0,0.0,0
2021-09-03 06:30:11.616000+00:00,70B3D5499C9F22F1,Droplet #6,Droplet,Rottenraw Burn u/s Elliot Water confluence,56.55722722014659,-2.6604111487841786,040f00018f9d2710002a000000000000,10.39,1023.01,100.0,4.2,0.0,0.0,0
2021-09-03 06:45:27.608000+00:00,70B3D5499C9F22F1,Droplet #6,Droplet,Rottenraw Burn u/s Elliot Water confluence,56.55722722014659,-2.6604111487841786,040e00018fa42710002a000000000000,10.38,1023.08,100.0,4.2,0.0,0.0,0
2021-09-10 11:41:57.618000+00:00,70B3D5499C9F22F1,Droplet #6,Droplet,Rottenraw Burn u/s Elliot Water confluence,56.55722722014659,-2.6604111487841786,07aa00018755271000210000e2730001,19.62,1001.81,100.0,3.3,0.0,-3177.3,1
2021-09-10 12:27:08.744000+00:00,70B3D5499C9F22F1,Droplet #6,Droplet,Rottenraw Burn u/s Elliot Water confluence,56.55722722014659,-2.6604111487841786,07f50001874527100021000000000001,20.37,1001.65,100.0,3.3,0.0,0.0,1
2021-09-10 12:28:32.262000+00:00,70B3D5499C9F22F1,Droplet #6,Droplet,Rottenraw Burn u/s Elliot Water confluence,56.55722722014659,-2.6604111487841786,07fd0001874627100021000000000001,20.45,1001.66,100.0,3.3,0.0,0.0,1
2021-09-10 12:30:48.030000+00:00,70B3D5499C9F22F1,Droplet #6,Droplet,Rottenraw Burn u/s Elliot Water confluence,56.55722722014659,-2.6604111487841786,07f10001874d27100021000000000001,20.33,1001.73,100.0,3.3,0.0,0.0,1
2021-09-10 12:32:50.751000+00:00,70B3D5499C9F22F1,Droplet #6,Droplet,Rottenraw Burn u/s Elliot Water confluence,56.55722722014659,-2.6604111487841786,0814000187452710002109ab00000001,20.68,1001.65,100.0,3.3,24.75,0.0,1
2021-09-10 13:00:06.502000+00:00,70B3D5499C9F22F1,Droplet #6,Droplet,Rottenraw Burn u/s Elliot Water confluence,56.55722722014659,-2.6604111487841786,0784000187512710002107e900000001,19.24,1001.77,100.0,3.3,20.25,0.0,1
2021-09-10 13:30:10.321000+00:00,70B3D5499C9F22F1,Droplet #6,Droplet,Rottenraw Burn u/s Elliot Water confluence,56.55722722014659,-2.6604111487841786,07d00001875727100022084d00000001,20.0,1001.83,100.0,3.4,21.25,0.0,1
2021-09-10 14:00:09.202000+00:00,70B3D5499C9F22F1,Droplet #6,Droplet,Rottenraw Burn u/s Elliot Water confluence,56.55722722014659,-2.6604111487841786,07840001875c2710002207e900000001,19.24,1001.88,100.0,3.4,20.25,0.0,1
2021-09-10 14:45:08.964000+00:00,70B3D5499C9F22F1,Droplet #6,Droplet,Rottenraw Burn u/s Elliot Water confluence,56.55722722014659,-2.6604111487841786,078b000187582710002307e900000001,19.31,1001.84,100.0,3.5,20.25,0.0,1
2021-09-10 15:15:09.049000+00:00,70B3D5499C9F22F1,Droplet #6,Droplet,Rottenraw Burn u/s Elliot Water confluence,56.55722722014659,-2.6604111487841786,07990001877027100023080200000001,19.45,1002.08,100.0,3.5,20.5,0.0,1
2021-09-10 15:30:09.746000+00:00,70B3D5499C9F22F1,Droplet #6,Droplet,Rottenraw Burn u/s Elliot Water confluence,56.55722722014659,-2.6604111487841786,078e0001876a27100023080200000000,19.34,1002.02,100.0,3.5,20.5,0.0,0
2021-09-10 15:45:09.523000+00:00,70B3D5499C9F22F1,Droplet #6,Droplet,Rottenraw Burn u/s Elliot Water confluence,56.55722722014659,-2.6604111487841786,077b000187672710002307d000000000,19.15,1001.99,100.0,3.5,20.0,0.0,0
2021-09-10 16:00:08.869000+00:00,70B3D5499C9F22F1,Droplet #6,Droplet,Rottenraw Burn u/s Elliot Water confluence,56.55722722014659,-2.6604111487841786,0754000187672710002307b700000001,18.76,1001.99,100.0,3.5,19.75,0.0,1
2021-09-10 16:15:09.188000+00:00,70B3D5499C9F22F1,Droplet #6,Droplet,Rottenraw Burn u/s Elliot Water confluence,56.55722722014659,-2.6604111487841786,075c000187592710002307b700000001,18.84,1001.85,100.0,3.5,19.75,0.0,1
2021-09-10 16:30:09.167000+00:00,70B3D5499C9F22F1,Droplet #6,Droplet,Rottenraw Burn u/s Elliot Water confluence,56.55722722014659,-2.6604111487841786,075f000187692710002307b700000001,18.87,1002.01,100.0,3.5,19.75,0.0,1
2021-09-10 16:45:09.189000+00:00,70B3D5499C9F22F1,Droplet #6,Droplet,Rottenraw Burn u/s Elliot Water confluence,56.55722722014659,-2.6604111487841786,07400001875e27100023079e00000000,18.56,1001.9,100.0,3.5,19.5,0.0,0
2021-09-10 17:00:08.507000+00:00,70B3D5499C9F22F1,Droplet #6,Droplet,Rottenraw Burn u/s Elliot Water confluence,56.55722722014659,-2.6604111487841786,07120001877227100023076c00000000,18.1,1002.1,100.0,3.5,19.0,0.0,0
2021-09-10 17:15:08.546000+00:00,70B3D5499C9F22F1,Droplet #6,Droplet,Rottenraw Burn u/s Elliot Water confluence,56.55722722014659,-2.6604111487841786,06d10001877127100023073a00000000,17.45,1002.09,100.0,3.5,18.5,0.0,0
2021-09-10 17:30:08.682000+00:00,70B3D5499C9F22F1,Droplet #6,Droplet,Rottenraw Burn u/s Elliot Water confluence,56.55722722014659,-2.6604111487841786,069c000187872710002306ef00000001,16.92,1002.31,100.0,3.5,17.75,0.0,1
2021-09-10 17:45:09.266000+00:00,70B3D5499C9F22F1,Droplet #6,Droplet,Rottenraw Burn u/s Elliot Water confluence,56.55722722014659,-2.6604111487841786,0683000187aa2710002306d600000000,16.67,1002.66,100.0,3.5,17.5,0.0,0
2021-09-10 18:00:09.772000+00:00,70B3D5499C9F22F1,Droplet #6,Droplet,Rottenraw Burn u/s Elliot Water confluence,56.55722722014659,-2.6604111487841786,0673000187ad2710002306bd00000000,16.51,1002.69,100.0,3.5,17.25,0.0,0
2021-09-10 18:30:09.529000+00:00,70B3D5499C9F22F1,Droplet #6,Droplet,Rottenraw Burn u/s Elliot Water confluence,56.55722722014659,-2.6604111487841786,0661000187c12710002306a400000000,16.33,1002.89,100.0,3.5,17.0,0.0,0
2021-09-10 18:45:07.744000+00:00,70B3D5499C9F22F1,Droplet #6,Droplet,Rottenraw Burn u/s Elliot Water confluence,56.55722722014659,-2.6604111487841786,064a000187d627100023068b00000000,16.1,1003.1,100.0,3.5,16.75,0.0,0
2021-09-10 19:00:09.471000+00:00,70B3D5499C9F22F1,Droplet #6,Droplet,Rottenraw Burn u/s Elliot Water confluence,56.55722722014659,-2.6604111487841786,063e000187d727100023068b00000000,15.98,1003.11,100.0,3.5,16.75,0.0,0
2021-09-10 19:15:09.001000+00:00,70B3D5499C9F22F1,Droplet #6,Droplet,Rottenraw Burn u/s Elliot Water confluence,56.55722722014659,-2.6604111487841786,0626000187d527100023067200000000,15.74,1003.09,100.0,3.5,16.5,0.0,0
2021-09-10 19:30:14.162000+00:00,70B3D5499C9F22F1,Droplet #6,Droplet,Rottenraw Burn u/s Elliot Water confluence,56.55722722014659,-2.6604111487841786,060f000187f527100023064000020001,15.51,1003.41,100.0,3.5,16.0,0.84,1
2021-09-10 19:45:13.028000+00:00,70B3D5499C9F22F1,Droplet #6,Droplet,Rottenraw Burn u/s Elliot Water confluence,56.55722722014659,-2.6604111487841786,05f3000187f427100023064000020001,15.23,1003.4,100.0,3.5,16.0,0.84,1
2021-09-10 20:00:09.297000+00:00,70B3D5499C9F22F1,Droplet #6,Droplet,Rottenraw Burn u/s Elliot Water confluence,56.55722722014659,-2.6604111487841786,05dd000187f827100023062700000001,15.01,1003.44,100.0,3.5,15.75,0.0,1
2021-09-10 20:30:11.437000+00:00,70B3D5499C9F22F1,Droplet #6,Droplet,Rottenraw Burn u/s Elliot Water confluence,56.55722722014659,-2.6604111487841786,05c50001880427100023060e00010000,14.77,1003.56,100.0,3.5,15.5,0.42,0
2021-09-10 20:45:09.958000+00:00,70B3D5499C9F22F1,Droplet #6,Droplet,Rottenraw Burn u/s Elliot Water confluence,56.55722722014659,-2.6604111487841786,05bc000187ff27100023060e00000001,14.68,1003.51,100.0,3.5,15.5,0.0,1
2021-09-10 21:00:08.200000+00:00,70B3D5499C9F22F1,Droplet #6,Droplet,Rottenraw Burn u/s Elliot Water confluence,56.55722722014659,-2.6604111487841786,05bd000188062710002305f500000001,14.69,1003.58,100.0,3.5,15.25,0.0,1
2021-09-10 21:15:10.175000+00:00,70B3D5499C9F22F1,Droplet #6,Droplet,Rottenraw Burn u/s Elliot Water confluence,56.55722722014659,-2.6604111487841786,05b6000188112710002305f500000001,14.62,1003.69,100.0,3.5,15.25,0.0,1
2021-09-10 21:45:09.049000+00:00,70B3D5499C9F22F1,Droplet #6,Droplet,Rottenraw Burn u/s Elliot Water confluence,56.55722722014659,-2.6604111487841786,05ae000188222710002305f500000001,14.54,1003.86,100.0,3.5,15.25,0.0,1
2021-09-10 22:00:09.603000+00:00,70B3D5499C9F22F1,Droplet #6,Droplet,Rottenraw Burn u/s Elliot Water confluence,56.55722722014659,-2.6604111487841786,05ab0001881d2710002305f500000001,14.51,1003.81,100.0,3.5,15.25,0.0,1
2021-09-10 22:15:08.319000+00:00,70B3D5499C9F22F1,Droplet #6,Droplet,Rottenraw Burn u/s Elliot Water confluence,56.55722722014659,-2.6604111487841786,05a9000188302710002305f500000001,14.49,1004.0,100.0,3.5,15.25,0.0,1
2021-09-10 22:30:09.762000+00:00,70B3D5499C9F22F1,Droplet #6,Droplet,Rottenraw Burn u/s Elliot Water confluence,56.55722722014659,-2.6604111487841786,05a4000188292710002305dc00000000,14.44,1003.93,100.0,3.5,15.0,0.0,0
2021-09-10 22:45:08.656000+00:00,70B3D5499C9F22F1,Droplet #6,Droplet,Rottenraw Burn u/s Elliot Water confluence,56.55722722014659,-2.6604111487841786,059e000188372710002305dc00000001,14.38,1004.07,100.0,3.5,15.0,0.0,1
2021-09-10 23:00:10.252000+00:00,70B3D5499C9F22F1,Droplet #6,Droplet,Rottenraw Burn u/s Elliot Water confluence,56.55722722014659,-2.6604111487841786,05a8000188432710002305dc00000000,14.48,1004.19,100.0,3.5,15.0,0.0,0
2021-09-10 23:15:09.669000+00:00,70B3D5499C9F22F1,Droplet #6,Droplet,Rottenraw Burn u/s Elliot Water confluence,56.55722722014659,-2.6604111487841786,05b0000188252710002305f500000001,14.56,1003.89,100.0,3.5,15.25,0.0,1
2021-09-10 23:45:09.762000+00:00,70B3D5499C9F22F1,Droplet #6,Droplet,Rottenraw Burn u/s Elliot Water confluence,56.55722722014659,-2.6604111487841786,05b50001881a2710002305f500000001,14.61,1003.78,100.0,3.5,15.25,0.0,1
2021-09-11 00:00:09.634000+00:00,70B3D5499C9F22F1,Droplet #6,Droplet,Rottenraw Burn u/s Elliot Water confluence,56.55722722014659,-2.6604111487841786,05ac0001881f2710002305f500000001,14.52,1003.83,100.0,3.5,15.25,0.0,1
2021-09-11 00:15:09.434000+00:00,70B3D5499C9F22F1,Droplet #6,Droplet,Rottenraw Burn u/s Elliot Water confluence,56.55722722014659,-2.6604111487841786,059b000188102710002305dc00000001,14.35,1003.68,100.0,3.5,15.0,0.0,1
2021-09-11 00:30:08.886000+00:00,70B3D5499C9F22F1,Droplet #6,Droplet,Rottenraw Burn u/s Elliot Water confluence,56.55722722014659,-2.6604111487841786,059a000188212710002305dc00000001,14.34,1003.85,100.0,3.5,15.0,0.0,1
2021-09-11 01:00:10.256000+00:00,70B3D5499C9F22F1,Droplet #6,Droplet,Rottenraw Burn u/s Elliot Water confluence,56.55722722014659,-2.6604111487841786,0598000188182710002305dc00000000,14.32,1003.76,100.0,3.5,15.0,0.0,0
2021-09-11 01:15:09.455000+00:00,70B3D5499C9F22F1,Droplet #6,Droplet,Rottenraw Burn u/s Elliot Water confluence,56.55722722014659,-2.6604111487841786,059d000188182710002205dc00000001,14.37,1003.76,100.0,3.4,15.0,0.0,1
2021-09-11 01:45:08.848000+00:00,70B3D5499C9F22F1,Droplet #6,Droplet,Rottenraw Burn u/s Elliot Water confluence,56.55722722014659,-2.6604111487841786,05940001880b2710002305dc00000001,14.28,1003.63,100.0,3.5,15.0,0.0,1
2021-09-11 02:00:09.230000+00:00,70B3D5499C9F22F1,Droplet #6,Droplet,Rottenraw Burn u/s Elliot Water confluence,56.55722722014659,-2.6604111487841786,0585000187fa2710002305c300000001,14.13,1003.46,100.0,3.5,14.75,0.0,1
2021-09-11 02:15:09.722000+00:00,70B3D5499C9F22F1,Droplet #6,Droplet,Rottenraw Burn u/s Elliot Water confluence,56.55722722014659,-2.6604111487841786,0574000188092710002305aa00000001,13.96,1003.61,100.0,3.5,14.5,0.0,1
2021-09-11 02:30:08.766000+00:00,70B3D5499C9F22F1,Droplet #6,Droplet,Rottenraw Burn u/s Elliot Water confluence,56.55722722014659,-2.6604111487841786,0583000188102710002305c300000001,14.11,1003.68,100.0,3.5,14.75,0.0,1
2021-09-11 02:45:10.168000+00:00,70B3D5499C9F22F1,Droplet #6,Droplet,Rottenraw Burn u/s Elliot Water confluence,56.55722722014659,-2.6604111487841786,0593000187f72710002305dc00000001,14.27,1003.43,100.0,3.5,15.0,0.0,1
2021-09-11 03:00:09.493000+00:00,70B3D5499C9F22F1,Droplet #6,Droplet,Rottenraw Burn u/s Elliot Water confluence,56.55722722014659,-2.6604111487841786,059c000187ec2710002305dc00000001,14.36,1003.32,100.0,3.5,15.0,0.0,1
2021-09-11 03:15:10.065000+00:00,70B3D5499C9F22F1,Droplet #6,Droplet,Rottenraw Burn u/s Elliot Water confluence,56.55722722014659,-2.6604111487841786,05a1000187e42710002305dc00000001,14.41,1003.24,100.0,3.5,15.0,0.0,1
2021-09-11 03:45:10.115000+00:00,70B3D5499C9F22F1,Droplet #6,Droplet,Rottenraw Burn u/s Elliot Water confluence,56.55722722014659,-2.6604111487841786,05a8000187f82710002305f500000001,14.48,1003.44,100.0,3.5,15.25,0.0,1
2021-09-11 04:00:09.136000+00:00,70B3D5499C9F22F1,Droplet #6,Droplet,Rottenraw Burn u/s Elliot Water confluence,56.55722722014659,-2.6604111487841786,05ab000187fa2710002305f500000001,14.51,1003.46,100.0,3.5,15.25,0.0,1
2021-09-11 04:15:09.573000+00:00,70B3D5499C9F22F1,Droplet #6,Droplet,Rottenraw Burn u/s Elliot Water confluence,56.55722722014659,-2.6604111487841786,05ad000187f12710002305f500000001,14.53,1003.37,100.0,3.5,15.25,0.0,1
2021-09-11 04:30:09.606000+00:00,70B3D5499C9F22F1,Droplet #6,Droplet,Rottenraw Burn u/s Elliot Water confluence,56.55722722014659,-2.6604111487841786,05b0000187ef2710002305f500000001,14.56,1003.35,100.0,3.5,15.25,0.0,1
2021-09-11 04:45:07.896000+00:00,70B3D5499C9F22F1,Droplet #6,Droplet,Rottenraw Burn u/s Elliot Water confluence,56.55722722014659,-2.6604111487841786,05ad000187e42710002205f500000001,14.53,1003.24,100.0,3.4,15.25,0.0,1
2021-09-11 05:00:09.475000+00:00,70B3D5499C9F22F1,Droplet #6,Droplet,Rottenraw Burn u/s Elliot Water confluence,56.55722722014659,-2.6604111487841786,05ac000187f12710002205f500000001,14.52,1003.37,100.0,3.4,15.25,0.0,1
2021-09-11 05:15:09.199000+00:00,70B3D5499C9F22F1,Droplet #6,Droplet,Rottenraw Burn u/s Elliot Water confluence,56.55722722014659,-2.6604111487841786,05a9000187f72710002305f500000000,14.49,1003.43,100.0,3.5,15.25,0.0,0
2021-09-11 05:30:10.015000+00:00,70B3D5499C9F22F1,Droplet #6,Droplet,Rottenraw Burn u/s Elliot Water confluence,56.55722722014659,-2.6604111487841786,05aa000187ee2710002305f500000001,14.5,1003.34,100.0,3.5,15.25,0.0,1
2021-09-11 05:45:10.246000+00:00,70B3D5499C9F22F1,Droplet #6,Droplet,Rottenraw Burn u/s Elliot Water confluence,56.55722722014659,-2.6604111487841786,05ac000187ee2710002305f500000001,14.52,1003.34,100.0,3.5,15.25,0.0,1
2021-09-11 06:00:10.397000+00:00,70B3D5499C9F22F1,Droplet #6,Droplet,Rottenraw Burn u/s Elliot Water confluence,56.55722722014659,-2.6604111487841786,05b2000188052710002305f500000001,14.58,1003.57,100.0,3.5,15.25,0.0,1
2021-09-11 06:15:09.603000+00:00,70B3D5499C9F22F1,Droplet #6,Droplet,Rottenraw Burn u/s Elliot Water confluence,56.55722722014659,-2.6604111487841786,05ba000187fb27100023060e00000001,14.66,1003.47,100.0,3.5,15.5,0.0,1
2021-09-11 06:30:09.181000+00:00,70B3D5499C9F22F1,Droplet #6,Droplet,Rottenraw Burn u/s Elliot Water confluence,56.55722722014659,-2.6604111487841786,05b5000188082710002305f500000001,14.61,1003.6,100.0,3.5,15.25,0.0,1
2021-09-11 07:00:10.203000+00:00,70B3D5499C9F22F1,Droplet #6,Droplet,Rottenraw Burn u/s Elliot Water confluence,56.55722722014659,-2.6604111487841786,05c40001882527100023060e00000001,14.76,1003.89,100.0,3.5,15.5,0.0,1
2021-09-11 07:15:09.906000+00:00,70B3D5499C9F22F1,Droplet #6,Droplet,Rottenraw Burn u/s Elliot Water confluence,56.55722722014659,-2.6604111487841786,05cc0001882f27100022060e00000001,14.84,1003.99,100.0,3.4,15.5,0.0,1
2021-09-11 07:30:15.154000+00:00,70B3D5499C9F22F1,Droplet #6,Droplet,Rottenraw Burn u/s Elliot Water confluence,56.55722722014659,-2.6604111487841786,05dd0001882927100023062700010001,15.01,1003.93,100.0,3.5,15.75,0.42,1
2021-09-11 08:15:10.343000+00:00,70B3D5499C9F22F1,Droplet #6,Droplet,Rottenraw Burn u/s Elliot Water confluence,56.55722722014659,-2.6604111487841786,06270001883a27100023067200000001,15.75,1004.1,100.0,3.5,16.5,0.0,1
2021-09-11 08:30:10.749000+00:00,70B3D5499C9F22F1,Droplet #6,Droplet,Rottenraw Burn u/s Elliot Water confluence,56.55722722014659,-2.6604111487841786,0674000188422710002306d600000000,16.52,1004.18,100.0,3.5,17.5,0.0,0
2021-09-11 08:45:08.742000+00:00,70B3D5499C9F22F1,Droplet #6,Droplet,Rottenraw Burn u/s Elliot Water confluence,56.55722722014659,-2.6604111487841786,06c00001884e27100024073a00000000,17.28,1004.3,100.0,3.6,18.5,0.0,0
2021-09-11 09:00:09.007000+00:00,70B3D5499C9F22F1,Droplet #6,Droplet,Rottenraw Burn u/s Elliot Water confluence,56.55722722014659,-2.6604111487841786,06c50001884f27100023075300000001,17.33,1004.31,100.0,3.5,18.75,0.0,1
2021-09-11 09:15:11.026000+00:00,70B3D5499C9F22F1,Droplet #6,Droplet,Rottenraw Burn u/s Elliot Water confluence,56.55722722014659,-2.6604111487841786,07130001884727100023079e00000000,18.11,1004.23,100.0,3.5,19.5,0.0,0
2021-09-11 09:30:10.245000+00:00,70B3D5499C9F22F1,Droplet #6,Droplet,Rottenraw Burn u/s Elliot Water confluence,56.55722722014659,-2.6604111487841786,0739000188372710002307b700000000,18.49,1004.07,100.0,3.5,19.75,0.0,0
2021-09-11 10:00:08.112000+00:00,70B3D5499C9F22F1,Droplet #6,Droplet,Rottenraw Burn u/s Elliot Water confluence,56.55722722014659,-2.6604111487841786,06bd0001884e27100024072100000000,17.25,1004.3,100.0,3.6,18.25,0.0,0
2021-09-11 10:15:09.890000+00:00,70B3D5499C9F22F1,Droplet #6,Droplet,Rottenraw Burn u/s Elliot Water confluence,56.55722722014659,-2.6604111487841786,06a40001884227100023070800000000,17.0,1004.18,100.0,3.5,18.0,0.0,0
2021-09-11 10:30:10.178000+00:00,70B3D5499C9F22F1,Droplet #6,Droplet,Rottenraw Burn u/s Elliot Water confluence,56.55722722014659,-2.6604111487841786,06f80001884827100023075300000000,17.84,1004.24,100.0,3.5,18.75,0.0,0
2021-09-11 10:45:09.646000+00:00,70B3D5499C9F22F1,Droplet #6,Droplet,Rottenraw Burn u/s Elliot Water confluence,56.55722722014659,-2.6604111487841786,07120001883e27100023078500000000,18.1,1004.14,100.0,3.5,19.25,0.0,0
2021-09-11 11:15:12.070000+00:00,70B3D5499C9F22F1,Droplet #6,Droplet,Rottenraw Burn u/s Elliot Water confluence,56.55722722014659,-2.6604111487841786,07640001882b2710002407d000000000,18.92,1003.95,100.0,3.6,20.0,0.0,0
2021-09-11 11:45:09.898000+00:00,70B3D5499C9F22F1,Droplet #6,Droplet,Rottenraw Burn u/s Elliot Water confluence,56.55722722014659,-2.6604111487841786,079d0001885c27100024081b00000000,19.49,1004.44,100.0,3.6,20.75,0.0,0
2021-09-11 12:15:10.102000+00:00,70B3D5499C9F22F1,Droplet #6,Droplet,Rottenraw Burn u/s Elliot Water confluence,56.55722722014659,-2.6604111487841786,07e50001884527100024086600000000,20.21,1004.21,100.0,3.6,21.5,0.0,0
2021-09-11 12:30:09.396000+00:00,70B3D5499C9F22F1,Droplet #6,Droplet,Rottenraw Burn u/s Elliot Water confluence,56.55722722014659,-2.6604111487841786,07e40001883e27100024086600000000,20.2,1004.14,100.0,3.6,21.5,0.0,0
2021-09-11 13:00:07.622000+00:00,70B3D5499C9F22F1,Droplet #6,Droplet,Rottenraw Burn u/s Elliot Water confluence,56.55722722014659,-2.6604111487841786,073a0001885627100024079e00000000,18.5,1004.38,100.0,3.6,19.5,0.0,0
2021-09-11 13:15:09.599000+00:00,70B3D5499C9F22F1,Droplet #6,Droplet,Rottenraw Burn u/s Elliot Water confluence,56.55722722014659,-2.6604111487841786,073a0001885927100025079e00000000,18.5,1004.41,100.0,3.7,19.5,0.0,0
2021-09-11 13:45:09.639000+00:00,70B3D5499C9F22F1,Droplet #6,Droplet,Rottenraw Burn u/s Elliot Water confluence,56.55722722014659,-2.6604111487841786,07a50001886427100024081b00000000,19.57,1004.52,100.0,3.6,20.75,0.0,0
2021-09-11 14:00:10.284000+00:00,70B3D5499C9F22F1,Droplet #6,Droplet,Rottenraw Burn u/s Elliot Water confluence,56.55722722014659,-2.6604111487841786,07bf0001888527100025081b00000000,19.83,1004.85,100.0,3.7,20.75,0.0,0
2021-09-11 14:15:08.753000+00:00,70B3D5499C9F22F1,Droplet #6,Droplet,Rottenraw Burn u/s Elliot Water confluence,56.55722722014659,-2.6604111487841786,07b80001885827100024081b00000000,19.76,1004.4,100.0,3.6,20.75,0.0,0
2021-09-11 14:30:08.928000+00:00,70B3D5499C9F22F1,Droplet #6,Droplet,Rottenraw Burn u/s Elliot Water confluence,56.55722722014659,-2.6604111487841786,07910001888e2710002507e900000000,19.37,1004.94,100.0,3.7,20.25,0.0,0
2021-09-11 14:45:09.525000+00:00,70B3D5499C9F22F1,Droplet #6,Droplet,Rottenraw Burn u/s Elliot Water confluence,56.55722722014659,-2.6604111487841786,0791000188952710002507e900000000,19.37,1005.01,100.0,3.7,20.25,0.0,0
2021-09-11 15:00:10.299000+00:00,70B3D5499C9F22F1,Droplet #6,Droplet,Rottenraw Burn u/s Elliot Water confluence,56.55722722014659,-2.6604111487841786,079d0001889727100025080200000000,19.49,1005.03,100.0,3.7,20.5,0.0,0
2021-09-11 15:15:10.528000+00:00,70B3D5499C9F22F1,Droplet #6,Droplet,Rottenraw Burn u/s Elliot Water confluence,56.55722722014659,-2.6604111487841786,07a0000188a827100025080200000000,19.52,1005.2,100.0,3.7,20.5,0.0,0
2021-09-11 15:30:09.010000+00:00,70B3D5499C9F22F1,Droplet #6,Droplet,Rottenraw Burn u/s Elliot Water confluence,56.55722722014659,-2.6604111487841786,076d000188b92710002507b700000000,19.01,1005.37,100.0,3.7,19.75,0.0,0
2021-09-11 15:45:09.719000+00:00,70B3D5499C9F22F1,Droplet #6,Droplet,Rottenraw Burn u/s Elliot Water confluence,56.55722722014659,-2.6604111487841786,073e000188ba27100025078500000000,18.54,1005.38,100.0,3.7,19.25,0.0,0
2021-09-11 16:00:10.128000+00:00,70B3D5499C9F22F1,Droplet #6,Droplet,Rottenraw Burn u/s Elliot Water confluence,56.55722722014659,-2.6604111487841786,0757000188d42710002507b700000000,18.79,1005.64,100.0,3.7,19.75,0.0,0
2021-09-11 16:30:09.745000+00:00,70B3D5499C9F22F1,Droplet #6,Droplet,Rottenraw Burn u/s Elliot Water confluence,56.55722722014659,-2.6604111487841786,073a000188ea27100025078500000000,18.5,1005.86,100.0,3.7,19.25,0.0,0
2021-09-11 16:45:08.617000+00:00,70B3D5499C9F22F1,Droplet #6,Droplet,Rottenraw Burn u/s Elliot Water confluence,56.55722722014659,-2.6604111487841786,06e0000188f427100025073a00000000,17.6,1005.96,100.0,3.7,18.5,0.0,0
2021-09-11 17:00:09.824000+00:00,70B3D5499C9F22F1,Droplet #6,Droplet,Rottenraw Burn u/s Elliot Water confluence,56.55722722014659,-2.6604111487841786,06b8000188fc27100024070800000000,17.2,1006.04,100.0,3.6,18.0,0.0,0
2021-09-11 17:15:09.584000+00:00,70B3D5499C9F22F1,Droplet #6,Droplet,Rottenraw Burn u/s Elliot Water confluence,56.55722722014659,-2.6604111487841786,06b00001891027100025070800000000,17.12,1006.24,100.0,3.7,18.0,0.0,0
2021-09-11 17:30:09.260000+00:00,70B3D5499C9F22F1,Droplet #6,Droplet,Rottenraw Burn u/s Elliot Water confluence,56.55722722014659,-2.6604111487841786,06b40001892827100025070800000000,17.16,1006.48,100.0,3.7,18.0,0.0,0
2021-09-11 17:45:08.882000+00:00,70B3D5499C9F22F1,Droplet #6,Droplet,Rottenraw Burn u/s Elliot Water confluence,56.55722722014659,-2.6604111487841786,06a8000189292710002506ef00000000,17.04,1006.49,100.0,3.7,17.75,0.0,0
2021-09-11 18:00:09.407000+00:00,70B3D5499C9F22F1,Droplet #6,Droplet,Rottenraw Burn u/s Elliot Water confluence,56.55722722014659,-2.6604111487841786,065d000189392710002406a400000000,16.29,1006.65,100.0,3.6,17.0,0.0,0
2021-09-11 18:15:07.878000+00:00,70B3D5499C9F22F1,Droplet #6,Droplet,Rottenraw Burn u/s Elliot Water confluence,56.55722722014659,-2.6604111487841786,06320001894727100024067200000000,15.86,1006.79,100.0,3.6,16.5,0.0,0
2021-09-11 18:30:09.518000+00:00,70B3D5499C9F22F1,Droplet #6,Droplet,Rottenraw Burn u/s Elliot Water confluence,56.55722722014659,-2.6604111487841786,060b0001895c27100025065900000000,15.47,1007.0,100.0,3.7,16.25,0.0,0
2021-09-11 19:00:08.970000+00:00,70B3D5499C9F22F1,Droplet #6,Droplet,Rottenraw Burn u/s Elliot Water confluence,56.55722722014659,-2.6604111487841786,05d10001897427100024062700000000,14.89,1007.24,100.0,3.6,15.75,0.0,0
2021-09-11 19:15:08.998000+00:00,70B3D5499C9F22F1,Droplet #6,Droplet,Rottenraw Burn u/s Elliot Water confluence,56.55722722014659,-2.6604111487841786,05ae000189a02710002505f500000000,14.54,1007.68,100.0,3.7,15.25,0.0,0
2021-09-11 19:30:08.436000+00:00,70B3D5499C9F22F1,Droplet #6,Droplet,Rottenraw Burn u/s Elliot Water confluence,56.55722722014659,-2.6604111487841786,05a2000189be2710002505dc00000000,14.42,1007.98,100.0,3.7,15.0,0.0,0
2021-09-11 19:45:10.162000+00:00,70B3D5499C9F22F1,Droplet #6,Droplet,Rottenraw Burn u/s Elliot Water confluence,56.55722722014659,-2.6604111487841786,05a4000189ce2710002405f500000000,14.44,1008.14,100.0,3.6,15.25,0.0,0
2021-09-11 20:00:09.570000+00:00,70B3D5499C9F22F1,Droplet #6,Droplet,Rottenraw Burn u/s Elliot Water confluence,56.55722722014659,-2.6604111487841786,0599000189e12710002505dc00000000,14.33,1008.33,100.0,3.7,15.0,0.0,0
2021-09-11 20:15:09.291000+00:00,70B3D5499C9F22F1,Droplet #6,Droplet,Rottenraw Burn u/s Elliot Water confluence,56.55722722014659,-2.6604111487841786,057a000189eb2710002505c300000000,14.02,1008.43,100.0,3.7,14.75,0.0,0
2021-09-11 20:30:10.090000+00:00,70B3D5499C9F22F1,Droplet #6,Droplet,Rottenraw Burn u/s Elliot Water confluence,56.55722722014659,-2.6604111487841786,056100018a012710002505aa00000000,13.77,1008.65,100.0,3.7,14.5,0.0,0
2021-09-11 20:45:09.599000+00:00,70B3D5499C9F22F1,Droplet #6,Droplet,Rottenraw Burn u/s Elliot Water confluence,56.55722722014659,-2.6604111487841786,054f00018a0027100025059100000000,13.59,1008.64,100.0,3.7,14.25,0.0,0
2021-09-11 21:00:10.404000+00:00,70B3D5499C9F22F1,Droplet #6,Droplet,Rottenraw Burn u/s Elliot Water confluence,56.55722722014659,-2.6604111487841786,053700018a2d27100025057800000000,13.35,1009.09,100.0,3.7,14.0,0.0,0
2021-09-11 21:15:08.756000+00:00,70B3D5499C9F22F1,Droplet #6,Droplet,Rottenraw Burn u/s Elliot Water confluence,56.55722722014659,-2.6604111487841786,051f00018a2f27100024055f00000000,13.11,1009.11,100.0,3.6,13.75,0.0,0
2021-09-11 21:30:10.341000+00:00,70B3D5499C9F22F1,Droplet #6,Droplet,Rottenraw Burn u/s Elliot Water confluence,56.55722722014659,-2.6604111487841786,051a00018a3827100025055f00000000,13.06,1009.2,100.0,3.7,13.75,0.0,0
2021-09-11 21:45:08.433000+00:00,70B3D5499C9F22F1,Droplet #6,Droplet,Rottenraw Burn u/s Elliot Water confluence,56.55722722014659,-2.6604111487841786,050300018a4027100025054600000000,12.83,1009.28,100.0,3.7,13.5,0.0,0
2021-09-11 22:00:09.177000+00:00,70B3D5499C9F22F1,Droplet #6,Droplet,Rottenraw Burn u/s Elliot Water confluence,56.55722722014659,-2.6604111487841786,04d600018a4c27100024051400000000,12.38,1009.4,100.0,3.6,13.0,0.0,0
2021-09-11 22:15:09.605000+00:00,70B3D5499C9F22F1,Droplet #6,Droplet,Rottenraw Burn u/s Elliot Water confluence,56.55722722014659,-2.6604111487841786,04eb00018a6127100024051400000000,12.59,1009.61,100.0,3.6,13.0,0.0,0
2021-09-11 22:45:09.125000+00:00,70B3D5499C9F22F1,Droplet #6,Droplet,Rottenraw Burn u/s Elliot Water confluence,56.55722722014659,-2.6604111487841786,04dd00018a7727100025051400000000,12.45,1009.83,100.0,3.7,13.0,0.0,0
2021-09-11 23:00:09.496000+00:00,70B3D5499C9F22F1,Droplet #6,Droplet,Rottenraw Burn u/s Elliot Water confluence,56.55722722014659,-2.6604111487841786,04d100018a7627100025051400000000,12.33,1009.82,100.0,3.7,13.0,0.0,0
2021-09-11 23:15:09.876000+00:00,70B3D5499C9F22F1,Droplet #6,Droplet,Rottenraw Burn u/s Elliot Water confluence,56.55722722014659,-2.6604111487841786,04ce00018aa32710002404fb00000000,12.3,1010.27,100.0,3.6,12.75,0.0,0
2021-09-11 23:30:07.560000+00:00,70B3D5499C9F22F1,Droplet #6,Droplet,Rottenraw Burn u/s Elliot Water confluence,56.55722722014659,-2.6604111487841786,049200018aac2710002504c900000000,11.7,1010.36,100.0,3.7,12.25,0.0,0
2021-09-11 23:45:10.245000+00:00,70B3D5499C9F22F1,Droplet #6,Droplet,Rottenraw Burn u/s Elliot Water confluence,56.55722722014659,-2.6604111487841786,048400018ac52710002404b000000000,11.56,1010.61,100.0,3.6,12.0,0.0,0
2021-09-12 00:00:09.415000+00:00,70B3D5499C9F22F1,Droplet #6,Droplet,Rottenraw Burn u/s Elliot Water confluence,56.55722722014659,-2.6604111487841786,049200018abd2710002404c900000000,11.7,1010.53,100.0,3.6,12.25,0.0,0
2021-09-12 00:15:10.667000+00:00,70B3D5499C9F22F1,Droplet #6,Droplet,Rottenraw Burn u/s Elliot Water confluence,56.55722722014659,-2.6604111487841786,047a00018aba2710002504c900000000,11.46,1010.5,100.0,3.7,12.25,0.0,0
2021-09-12 00:30:10.145000+00:00,70B3D5499C9F22F1,Droplet #6,Droplet,Rottenraw Burn u/s Elliot Water confluence,56.55722722014659,-2.6604111487841786,048d00018acf2710002404c900000000,11.65,1010.71,100.0,3.6,12.25,0.0,0
2021-09-12 00:45:09.285000+00:00,70B3D5499C9F22F1,Droplet #6,Droplet,Rottenraw Burn u/s Elliot Water confluence,56.55722722014659,-2.6604111487841786,04a500018b032710002504c900000000,11.89,1011.23,100.0,3.7,12.25,0.0,0
2021-09-12 01:00:10.108000+00:00,70B3D5499C9F22F1,Droplet #6,Droplet,Rottenraw Burn u/s Elliot Water confluence,56.55722722014659,-2.6604111487841786,049100018acb2710002404c900000000,11.69,1010.67,100.0,3.6,12.25,0.0,0
2021-09-12 01:15:08.503000+00:00,70B3D5499C9F22F1,Droplet #6,Droplet,Rottenraw Burn u/s Elliot Water confluence,56.55722722014659,-2.6604111487841786,048200018acd2710002404c900000000,11.54,1010.69,100.0,3.6,12.25,0.0,0
2021-09-12 01:30:08.859000+00:00,70B3D5499C9F22F1,Droplet #6,Droplet,Rottenraw Burn u/s Elliot Water confluence,56.55722722014659,-2.6604111487841786,047200018ae22710002504c900000000,11.38,1010.9,100.0,3.7,12.25,0.0,0
2021-09-12 01:45:09.081000+00:00,70B3D5499C9F22F1,Droplet #6,Droplet,Rottenraw Burn u/s Elliot Water confluence,56.55722722014659,-2.6604111487841786,048200018aea2710002504c900000000,11.54,1010.98,100.0,3.7,12.25,0.0,0
2021-09-12 02:15:09.490000+00:00,70B3D5499C9F22F1,Droplet #6,Droplet,Rottenraw Burn u/s Elliot Water confluence,56.55722722014659,-2.6604111487841786,049400018b3d2710002504c900000000,11.72,1011.81,100.0,3.7,12.25,0.0,0
2021-09-12 02:30:10.139000+00:00,70B3D5499C9F22F1,Droplet #6,Droplet,Rottenraw Burn u/s Elliot Water confluence,56.55722722014659,-2.6604111487841786,046700018b0a2710002404c900000000,11.27,1011.3,100.0,3.6,12.25,0.0,0
2021-09-12 03:00:10.096000+00:00,70B3D5499C9F22F1,Droplet #6,Droplet,Rottenraw Burn u/s Elliot Water confluence,56.55722722014659,-2.6604111487841786,046000018b3527100024049700000000,11.2,1011.73,100.0,3.6,11.75,0.0,0
2021-09-12 03:15:09.725000+00:00,70B3D5499C9F22F1,Droplet #6,Droplet,Rottenraw Burn u/s Elliot Water confluence,56.55722722014659,-2.6604111487841786,044c00018b4027100024047e00000000,11.0,1011.84,100.0,3.6,11.5,0.0,0
2021-09-12 03:30:10.641000+00:00,70B3D5499C9F22F1,Droplet #6,Droplet,Rottenraw Burn u/s Elliot Water confluence,56.55722722014659,-2.6604111487841786,042f00018b5c27100024046500000000,10.71,1012.12,100.0,3.6,11.25,0.0,0
2021-09-12 03:45:09.122000+00:00,70B3D5499C9F22F1,Droplet #6,Droplet,Rottenraw Burn u/s Elliot Water confluence,56.55722722014659,-2.6604111487841786,042400018b6727100025046500000000,10.6,1012.23,100.0,3.7,11.25,0.0,0
2021-09-12 04:00:09.832000+00:00,70B3D5499C9F22F1,Droplet #6,Droplet,Rottenraw Burn u/s Elliot Water confluence,56.55722722014659,-2.6604111487841786,043900018b4b27100025047e00000000,10.81,1011.95,100.0,3.7,11.5,0.0,0
2021-09-12 04:15:09.831000+00:00,70B3D5499C9F22F1,Droplet #6,Droplet,Rottenraw Burn u/s Elliot Water confluence,56.55722722014659,-2.6604111487841786,043e00018b6427100024047e00000000,10.86,1012.2,100.0,3.6,11.5,0.0,0
2021-09-12 04:30:09.992000+00:00,70B3D5499C9F22F1,Droplet #6,Droplet,Rottenraw Burn u/s Elliot Water confluence,56.55722722014659,-2.6604111487841786,044b00018b3a27100025049700000000,10.99,1011.78,100.0,3.7,11.75,0.0,0
2021-09-12 04:45:09.143000+00:00,70B3D5499C9F22F1,Droplet #6,Droplet,Rottenraw Burn u/s Elliot Water confluence,56.55722722014659,-2.6604111487841786,045200018b5d27100024049700000000,11.06,1012.13,100.0,3.6,11.75,0.0,0
2021-09-12 05:00:09.479000+00:00,70B3D5499C9F22F1,Droplet #6,Droplet,Rottenraw Burn u/s Elliot Water confluence,56.55722722014659,-2.6604111487841786,045500018b6227100025049700000000,11.09,1012.18,100.0,3.7,11.75,0.0,0
2021-09-12 05:30:10.100000+00:00,70B3D5499C9F22F1,Droplet #6,Droplet,Rottenraw Burn u/s Elliot Water confluence,56.55722722014659,-2.6604111487841786,044a00018b8f27100025047e00000000,10.98,1012.63,100.0,3.7,11.5,0.0,0
2021-09-12 05:45:09.948000+00:00,70B3D5499C9F22F1,Droplet #6,Droplet,Rottenraw Burn u/s Elliot Water confluence,56.55722722014659,-2.6604111487841786,043400018b9a27100024047e00000000,10.76,1012.74,100.0,3.6,11.5,0.0,0
2021-09-12 06:00:08.817000+00:00,70B3D5499C9F22F1,Droplet #6,Droplet,Rottenraw Burn u/s Elliot Water confluence,56.55722722014659,-2.6604111487841786,043d00018b9f27100024047e00000000,10.85,1012.79,100.0,3.6,11.5,0.0,0
2021-09-12 06:15:10.181000+00:00,70B3D5499C9F22F1,Droplet #6,Droplet,Rottenraw Burn u/s Elliot Water confluence,56.55722722014659,-2.6604111487841786,043f00018bb227100024047e00000000,10.87,1012.98,100.0,3.6,11.5,0.0,0
2021-09-12 06:30:10.177000+00:00,70B3D5499C9F22F1,Droplet #6,Droplet,Rottenraw Burn u/s Elliot Water confluence,56.55722722014659,-2.6604111487841786,045d00018bd427100024049700000000,11.17,1013.32,100.0,3.6,11.75,0.0,0
2021-09-12 06:45:09.724000+00:00,70B3D5499C9F22F1,Droplet #6,Droplet,Rottenraw Burn u/s Elliot Water confluence,56.55722722014659,-2.6604111487841786,048600018bd02710002404c900000000,11.58,1013.28,100.0,3.6,12.25,0.0,0
2021-09-12 07:00:10.597000+00:00,70B3D5499C9F22F1,Droplet #6,Droplet,Rottenraw Burn u/s Elliot Water confluence,56.55722722014659,-2.6604111487841786,049100018bec2710002404e200000000,11.69,1013.56,100.0,3.6,12.5,0.0,0
2021-09-12 07:15:09.434000+00:00,70B3D5499C9F22F1,Droplet #6,Droplet,Rottenraw Burn u/s Elliot Water confluence,56.55722722014659,-2.6604111487841786,049700018c0f2710002504e200000000,11.75,1013.91,100.0,3.7,12.5,0.0,0
2021-09-12 07:30:09.852000+00:00,70B3D5499C9F22F1,Droplet #6,Droplet,Rottenraw Burn u/s Elliot Water confluence,56.55722722014659,-2.6604111487841786,04b400018c302710002504fb00000000,12.04,1014.24,100.0,3.7,12.75,0.0,0
2021-09-12 07:45:10.319000+00:00,70B3D5499C9F22F1,Droplet #6,Droplet,Rottenraw Burn u/s Elliot Water confluence,56.55722722014659,-2.6604111487841786,04bd00018c352710002504fb00000000,12.13,1014.29,100.0,3.7,12.75,0.0,0
2021-09-12 08:30:10.460000+00:00,70B3D5499C9F22F1,Droplet #6,Droplet,Rottenraw Burn u/s Elliot Water confluence,56.55722722014659,-2.6604111487841786,04bc00018c4527100025051400000000,12.12,1014.45,100.0,3.7,13.0,0.0,0
2021-09-12 08:45:09.751000+00:00,70B3D5499C9F22F1,Droplet #6,Droplet,Rottenraw Burn u/s Elliot Water confluence,56.55722722014659,-2.6604111487841786,04cf00018c7027100024052d00000000,12.31,1014.88,100.0,3.6,13.25,0.0,0
2021-09-12 09:00:10.882000+00:00,70B3D5499C9F22F1,Droplet #6,Droplet,Rottenraw Burn u/s Elliot Water confluence,56.55722722014659,-2.6604111487841786,050800018c7d27100025055f00000000,12.88,1015.01,100.0,3.7,13.75,0.0,0
2021-09-12 09:15:10.401000+00:00,70B3D5499C9F22F1,Droplet #6,Droplet,Rottenraw Burn u/s Elliot Water confluence,56.55722722014659,-2.6604111487841786,050000018ca427100024055f00000000,12.8,1015.4,100.0,3.6,13.75,0.0,0
2021-09-12 09:30:09.622000+00:00,70B3D5499C9F22F1,Droplet #6,Droplet,Rottenraw Burn u/s Elliot Water confluence,56.55722722014659,-2.6604111487841786,04e500018ca127100025054600000000,12.53,1015.37,100.0,3.7,13.5,0.0,0
2021-09-12 09:45:10.102000+00:00,70B3D5499C9F22F1,Droplet #6,Droplet,Rottenraw Burn u/s Elliot Water confluence,56.55722722014659,-2.6604111487841786,04ee00018c8b27100025055f00000000,12.62,1015.15,100.0,3.7,13.75,0.0,0
2021-09-12 10:00:09.767000+00:00,70B3D5499C9F22F1,Droplet #6,Droplet,Rottenraw Burn u/s Elliot Water confluence,56.55722722014659,-2.6604111487841786,053e00018cad2710002405aa00000000,13.42,1015.49,100.0,3.6,14.5,0.0,0
2021-09-12 10:15:10.161000+00:00,70B3D5499C9F22F1,Droplet #6,Droplet,Rottenraw Burn u/s Elliot Water confluence,56.55722722014659,-2.6604111487841786,056700018cc02710002405c300000000,13.83,1015.68,100.0,3.6,14.75,0.0,0
2021-09-12 10:30:10.718000+00:00,70B3D5499C9F22F1,Droplet #6,Droplet,Rottenraw Burn u/s Elliot Water confluence,56.55722722014659,-2.6604111487841786,057500018c9f2710002505dc00000000,13.97,1015.35,100.0,3.7,15.0,0.0,0
2021-09-12 11:00:10.819000+00:00,70B3D5499C9F22F1,Droplet #6,Droplet,Rottenraw Burn u/s Elliot Water confluence,56.55722722014659,-2.6604111487841786,057d00018ca82710002505dc00000000,14.05,1015.44,100.0,3.7,15.0,0.0,0
2021-09-12 11:15:11.041000+00:00,70B3D5499C9F22F1,Droplet #6,Droplet,Rottenraw Burn u/s Elliot Water confluence,56.55722722014659,-2.6604111487841786,05b800018cb227100025062700000000,14.64,1015.54,100.0,3.7,15.75,0.0,0
2021-09-12 11:30:09.858000+00:00,70B3D5499C9F22F1,Droplet #6,Droplet,Rottenraw Burn u/s Elliot Water confluence,56.55722722014659,-2.6604111487841786,059300018c9b27100024060e00000000,14.27,1015.31,100.0,3.6,15.5,0.0,0
2021-09-12 11:45:10.768000+00:00,70B3D5499C9F22F1,Droplet #6,Droplet,Rottenraw Burn u/s Elliot Water confluence,56.55722722014659,-2.6604111487841786,059700018cc427100025060e00000000,14.31,1015.72,100.0,3.7,15.5,0.0,0
2021-09-12 12:00:11.663000+00:00,70B3D5499C9F22F1,Droplet #6,Droplet,Rottenraw Burn u/s Elliot Water confluence,56.55722722014659,-2.6604111487841786,058b00018cb02710002505dc00000000,14.19,1015.52,100.0,3.7,15.0,0.0,0
2021-09-12 12:15:10.356000+00:00,70B3D5499C9F22F1,Droplet #6,Droplet,Rottenraw Burn u/s Elliot Water confluence,56.55722722014659,-2.6604111487841786,058e00018cba2710002505dc00000000,14.22,1015.62,100.0,3.7,15.0,0.0,0
2021-09-12 12:30:09.884000+00:00,70B3D5499C9F22F1,Droplet #6,Droplet,Rottenraw Burn u/s Elliot Water confluence,56.55722722014659,-2.6604111487841786,059400018cc12710002505f500000000,14.28,1015.69,100.0,3.7,15.25,0.0,0
2021-09-12 13:00:10.474000+00:00,70B3D5499C9F22F1,Droplet #6,Droplet,Rottenraw Burn u/s Elliot Water confluence,56.55722722014659,-2.6604111487841786,057e00018cd12710002405dc00000000,14.06,1015.85,100.0,3.6,15.0,0.0,0
2021-09-12 13:15:09.187000+00:00,70B3D5499C9F22F1,Droplet #6,Droplet,Rottenraw Burn u/s Elliot Water confluence,56.55722722014659,-2.6604111487841786,052c00018cef27100024057800000000,13.24,1016.15,100.0,3.6,14.0,0.0,0
2021-09-12 13:30:09.445000+00:00,70B3D5499C9F22F1,Droplet #6,Droplet,Rottenraw Burn u/s Elliot Water confluence,56.55722722014659,-2.6604111487841786,052000018ce027100025057800000000,13.12,1016.0,100.0,3.7,14.0,0.0,0
2021-09-12 13:45:10.945000+00:00,70B3D5499C9F22F1,Droplet #6,Droplet,Rottenraw Burn u/s Elliot Water confluence,56.55722722014659,-2.6604111487841786,054200018ced27100024059100000000,13.46,1016.13,100.0,3.6,14.25,0.0,0
2021-09-12 14:00:10.320000+00:00,70B3D5499C9F22F1,Droplet #6,Droplet,Rottenraw Burn u/s Elliot Water confluence,56.55722722014659,-2.6604111487841786,053d00018cd02710002605aa00000000,13.41,1015.84,100.0,3.8,14.5,0.0,0
2021-09-12 14:30:09.722000+00:00,70B3D5499C9F22F1,Droplet #6,Droplet,Rottenraw Burn u/s Elliot Water confluence,56.55722722014659,-2.6604111487841786,052c00018cd927100025059100000000,13.24,1015.93,100.0,3.7,14.25,0.0,0
2021-09-12 14:45:10.315000+00:00,70B3D5499C9F22F1,Droplet #6,Droplet,Rottenraw Burn u/s Elliot Water confluence,56.55722722014659,-2.6604111487841786,052e00018c8f27100025059100000000,13.26,1015.19,100.0,3.7,14.25,0.0,0
2021-09-12 15:15:10.572000+00:00,70B3D5499C9F22F1,Droplet #6,Droplet,Rottenraw Burn u/s Elliot Water confluence,56.55722722014659,-2.6604111487841786,04e300018ce627100024052d00000000,12.51,1016.06,100.0,3.6,13.25,0.0,0
2021-09-12 15:45:08.899000+00:00,70B3D5499C9F22F1,Droplet #6,Droplet,Rottenraw Burn u/s Elliot Water confluence,56.55722722014659,-2.6604111487841786,04a900018d182710002404c900000000,11.93,1016.56,100.0,3.6,12.25,0.0,0
2021-09-12 16:00:11.007000+00:00,70B3D5499C9F22F1,Droplet #6,Droplet,Rottenraw Burn u/s Elliot Water confluence,56.55722722014659,-2.6604111487841786,04ac00018cfd2710002504e200000000,11.96,1016.29,100.0,3.7,12.5,0.0,0
2021-09-12 16:15:11.122000+00:00,70B3D5499C9F22F1,Droplet #6,Droplet,Rottenraw Burn u/s Elliot Water confluence,56.55722722014659,-2.6604111487841786,04b200018cf52710002504e200000000,12.02,1016.21,100.0,3.7,12.5,0.0,0
2021-09-12 16:30:10.592000+00:00,70B3D5499C9F22F1,Droplet #6,Droplet,Rottenraw Burn u/s Elliot Water confluence,56.55722722014659,-2.6604111487841786,04d100018d142710002504fb00000000,12.33,1016.52,100.0,3.7,12.75,0.0,0
2021-09-12 16:45:10.533000+00:00,70B3D5499C9F22F1,Droplet #6,Droplet,Rottenraw Burn u/s Elliot Water confluence,56.55722722014659,-2.6604111487841786,04cc00018d0127100025051400000000,12.28,1016.33,100.0,3.7,13.0,0.0,0
2021-09-12 17:15:10.317000+00:00,70B3D5499C9F22F1,Droplet #6,Droplet,Rottenraw Burn u/s Elliot Water confluence,56.55722722014659,-2.6604111487841786,04b200018cda2710002504fb00000000,12.02,1015.94,100.0,3.7,12.75,0.0,0
2021-09-12 17:45:09.032000+00:00,70B3D5499C9F22F1,Droplet #6,Droplet,Rottenraw Burn u/s Elliot Water confluence,56.55722722014659,-2.6604111487841786,04a800018d292710002504e200000000,11.92,1016.73,100.0,3.7,12.5,0.0,0
2021-09-12 18:00:10.807000+00:00,70B3D5499C9F22F1,Droplet #6,Droplet,Rottenraw Burn u/s Elliot Water confluence,56.55722722014659,-2.6604111487841786,04be00018d532710002404c900000000,12.14,1017.15,100.0,3.6,12.25,0.0,0
2021-09-12 18:15:09.777000+00:00,70B3D5499C9F22F1,Droplet #6,Droplet,Rottenraw Burn u/s Elliot Water confluence,56.55722722014659,-2.6604111487841786,049e00018d402710002504c900000000,11.82,1016.96,100.0,3.7,12.25,0.0,0
2021-09-12 18:30:10.587000+00:00,70B3D5499C9F22F1,Droplet #6,Droplet,Rottenraw Burn u/s Elliot Water confluence,56.55722722014659,-2.6604111487841786,047200018d122710002504c900000000,11.38,1016.5,100.0,3.7,12.25,0.0,0
2021-09-12 18:45:10.154000+00:00,70B3D5499C9F22F1,Droplet #6,Droplet,Rottenraw Burn u/s Elliot Water confluence,56.55722722014659,-2.6604111487841786,047e00018d502710002404b000000000,11.5,1017.12,100.0,3.6,12.0,0.0,0
2021-09-12 19:00:09.313000+00:00,70B3D5499C9F22F1,Droplet #6,Droplet,Rottenraw Burn u/s Elliot Water confluence,56.55722722014659,-2.6604111487841786,046900018d6227100025049700000000,11.29,1017.3,100.0,3.7,11.75,0.0,0
2021-09-12 19:15:09.899000+00:00,70B3D5499C9F22F1,Droplet #6,Droplet,Rottenraw Burn u/s Elliot Water confluence,56.55722722014659,-2.6604111487841786,045200018d6227100025047e00000000,11.06,1017.3,100.0,3.7,11.5,0.0,0
2021-09-12 20:00:09.403000+00:00,70B3D5499C9F22F1,Droplet #6,Droplet,Rottenraw Burn u/s Elliot Water confluence,56.55722722014659,-2.6604111487841786,043f00018d9d27100025046500000000,10.87,1017.89,100.0,3.7,11.25,0.0,0
2021-09-12 20:30:09.772000+00:00,70B3D5499C9F22F1,Droplet #6,Droplet,Rottenraw Burn u/s Elliot Water confluence,56.55722722014659,-2.6604111487841786,042b00018d8827100024044c00000000,10.67,1017.68,100.0,3.6,11.0,0.0,0
2021-09-12 20:45:10.142000+00:00,70B3D5499C9F22F1,Droplet #6,Droplet,Rottenraw Burn u/s Elliot Water confluence,56.55722722014659,-2.6604111487841786,041600018d8b27100025043300000000,10.46,1017.71,100.0,3.7,10.75,0.0,0
2021-09-12 21:00:10.492000+00:00,70B3D5499C9F22F1,Droplet #6,Droplet,Rottenraw Burn u/s Elliot Water confluence,56.55722722014659,-2.6604111487841786,042300018da227100025043300000000,10.59,1017.94,100.0,3.7,10.75,0.0,0
2021-09-12 21:15:10.738000+00:00,70B3D5499C9F22F1,Droplet #6,Droplet,Rottenraw Burn u/s Elliot Water confluence,56.55722722014659,-2.6604111487841786,041a00018d9b27100024044c00000000,10.5,1017.87,100.0,3.6,11.0,0.0,0
2021-09-12 21:45:10.287000+00:00,70B3D5499C9F22F1,Droplet #6,Droplet,Rottenraw Burn u/s Elliot Water confluence,56.55722722014659,-2.6604111487841786,041300018d8627100024043300000000,10.43,1017.66,100.0,3.6,10.75,0.0,0
2021-09-12 22:00:09.608000+00:00,70B3D5499C9F22F1,Droplet #6,Droplet,Rottenraw Burn u/s Elliot Water confluence,56.55722722014659,-2.6604111487841786,042000018d9727100024043300000000,10.56,1017.83,100.0,3.6,10.75,0.0,0
2021-09-12 22:15:11.205000+00:00,70B3D5499C9F22F1,Droplet #6,Droplet,Rottenraw Burn u/s Elliot Water confluence,56.55722722014659,-2.6604111487841786,041400018d7827100025043300000000,10.44,1017.52,100.0,3.7,10.75,0.0,0
2021-09-12 22:30:10.202000+00:00,70B3D5499C9F22F1,Droplet #6,Droplet,Rottenraw Burn u/s Elliot Water confluence,56.55722722014659,-2.6604111487841786,041000018d7627100025043300000000,10.4,1017.5,100.0,3.7,10.75,0.0,0
2021-09-12 22:45:08.924000+00:00,70B3D5499C9F22F1,Droplet #6,Droplet,Rottenraw Burn u/s Elliot Water confluence,56.55722722014659,-2.6604111487841786,041100018d8d27100025043300000000,10.41,1017.73,100.0,3.7,10.75,0.0,0
2021-09-12 23:00:10.252000+00:00,70B3D5499C9F22F1,Droplet #6,Droplet,Rottenraw Burn u/s Elliot Water confluence,56.55722722014659,-2.6604111487841786,041800018d9227100024043300000000,10.48,1017.78,100.0,3.6,10.75,0.0,0
2021-09-12 23:15:10.369000+00:00,70B3D5499C9F22F1,Droplet #6,Droplet,Rottenraw Burn u/s Elliot Water confluence,56.55722722014659,-2.6604111487841786,040700018d9527100024041a00000000,10.31,1017.81,100.0,3.6,10.5,0.0,0
2021-09-12 23:30:10.396000+00:00,70B3D5499C9F22F1,Droplet #6,Droplet,Rottenraw Burn u/s Elliot Water confluence,56.55722722014659,-2.6604111487841786,040500018d8f27100024041a00000000,10.29,1017.75,100.0,3.6,10.5,0.0,0
2021-09-13 00:00:09.787000+00:00,70B3D5499C9F22F1,Droplet #6,Droplet,Rottenraw Burn u/s Elliot Water confluence,56.55722722014659,-2.6604111487841786,040d00018d7727100024043300000000,10.37,1017.51,100.0,3.6,10.75,0.0,0
2021-09-13 00:15:09.539000+00:00,70B3D5499C9F22F1,Droplet #6,Droplet,Rottenraw Burn u/s Elliot Water confluence,56.55722722014659,-2.6604111487841786,040700018d7a27100025043300000000,10.31,1017.54,100.0,3.7,10.75,0.0,0
2021-09-13 00:30:09.991000+00:00,70B3D5499C9F22F1,Droplet #6,Droplet,Rottenraw Burn u/s Elliot Water confluence,56.55722722014659,-2.6604111487841786,040200018d6427100024043300000000,10.26,1017.32,100.0,3.6,10.75,0.0,0
2021-09-13 00:45:10.459000+00:00,70B3D5499C9F22F1,Droplet #6,Droplet,Rottenraw Burn u/s Elliot Water confluence,56.55722722014659,-2.6604111487841786,03f900018d6027100024041a00000000,10.17,1017.28,100.0,3.6,10.5,0.0,0
2021-09-13 01:15:10.117000+00:00,70B3D5499C9F22F1,Droplet #6,Droplet,Rottenraw Burn u/s Elliot Water confluence,56.55722722014659,-2.6604111487841786,03e500018d3e27100025041a00000000,9.97,1016.94,100.0,3.7,10.5,0.0,0
2021-09-13 01:30:11.006000+00:00,70B3D5499C9F22F1,Droplet #6,Droplet,Rottenraw Burn u/s Elliot Water confluence,56.55722722014659,-2.6604111487841786,03dd00018d2527100024040100000000,9.89,1016.69,100.0,3.6,10.25,0.0,0
2021-09-13 01:45:10.832000+00:00,70B3D5499C9F22F1,Droplet #6,Droplet,Rottenraw Burn u/s Elliot Water confluence,56.55722722014659,-2.6604111487841786,03e100018d4027100025040100000000,9.93,1016.96,100.0,3.7,10.25,0.0,0
2021-09-13 02:00:10.250000+00:00,70B3D5499C9F22F1,Droplet #6,Droplet,Rottenraw Burn u/s Elliot Water confluence,56.55722722014659,-2.6604111487841786,03ca00018d0e27100025040100000000,9.7,1016.46,100.0,3.7,10.25,0.0,0
2021-09-13 02:15:10.583000+00:00,70B3D5499C9F22F1,Droplet #6,Droplet,Rottenraw Burn u/s Elliot Water confluence,56.55722722014659,-2.6604111487841786,03e500018d2327100024040100000000,9.97,1016.67,100.0,3.6,10.25,0.0,0
2021-09-13 02:30:08.736000+00:00,70B3D5499C9F22F1,Droplet #6,Droplet,Rottenraw Burn u/s Elliot Water confluence,56.55722722014659,-2.6604111487841786,03c800018d042710002503e800000000,9.68,1016.36,100.0,3.7,10.0,0.0,0
2021-09-13 02:45:10.322000+00:00,70B3D5499C9F22F1,Droplet #6,Droplet,Rottenraw Burn u/s Elliot Water confluence,56.55722722014659,-2.6604111487841786,03dd00018d2527100025040100000000,9.89,1016.69,100.0,3.7,10.25,0.0,0
2021-09-13 03:00:09.922000+00:00,70B3D5499C9F22F1,Droplet #6,Droplet,Rottenraw Burn u/s Elliot Water confluence,56.55722722014659,-2.6604111487841786,03d900018d1d27100025040100000000,9.85,1016.61,100.0,3.7,10.25,0.0,0
2021-09-13 03:30:10.335000+00:00,70B3D5499C9F22F1,Droplet #6,Droplet,Rottenraw Burn u/s Elliot Water confluence,56.55722722014659,-2.6604111487841786,03c300018d042710002403e800000000,9.63,1016.36,100.0,3.6,10.0,0.0,0
2021-09-13 03:45:10.159000+00:00,70B3D5499C9F22F1,Droplet #6,Droplet,Rottenraw Burn u/s Elliot Water confluence,56.55722722014659,-2.6604111487841786,03bf00018d082710002503e800000000,9.59,1016.4,100.0,3.7,10.0,0.0,0
2021-09-13 04:00:10.896000+00:00,70B3D5499C9F22F1,Droplet #6,Droplet,Rottenraw Burn u/s Elliot Water confluence,56.55722722014659,-2.6604111487841786,03c200018d0f2710002503e800000000,9.62,1016.47,100.0,3.7,10.0,0.0,0
2021-09-13 04:15:10.757000+00:00,70B3D5499C9F22F1,Droplet #6,Droplet,Rottenraw Burn u/s Elliot Water confluence,56.55722722014659,-2.6604111487841786,03b200018cf62710002503e800000000,9.46,1016.22,100.0,3.7,10.0,0.0,0
2021-09-13 04:30:10.430000+00:00,70B3D5499C9F22F1,Droplet #6,Droplet,Rottenraw Burn u/s Elliot Water confluence,56.55722722014659,-2.6604111487841786,03cb00018d292710002503e800000000,9.71,1016.73,100.0,3.7,10.0,0.0,0
2021-09-13 05:00:11.051000+00:00,70B3D5499C9F22F1,Droplet #6,Droplet,Rottenraw Burn u/s Elliot Water confluence,56.55722722014659,-2.6604111487841786,03b300018cd22710002503e800000000,9.47,1015.86,100.0,3.7,10.0,0.0,0
2021-09-13 05:15:10.049000+00:00,70B3D5499C9F22F1,Droplet #6,Droplet,Rottenraw Burn u/s Elliot Water confluence,56.55722722014659,-2.6604111487841786,03b200018cfa2710002503cf00000000,9.46,1016.26,100.0,3.7,9.75,0.0,0
2021-09-13 05:30:09.432000+00:00,70B3D5499C9F22F1,Droplet #6,Droplet,Rottenraw Burn u/s Elliot Water confluence,56.55722722014659,-2.6604111487841786,03a400018cdc2710002403cf00000000,9.32,1015.96,100.0,3.6,9.75,0.0,0
2021-09-13 05:45:10.479000+00:00,70B3D5499C9F22F1,Droplet #6,Droplet,Rottenraw Burn u/s Elliot Water confluence,56.55722722014659,-2.6604111487841786,038c00018ceb27100024039d00000000,9.08,1016.11,100.0,3.6,9.25,0.0,0
2021-09-13 06:15:11.674000+00:00,70B3D5499C9F22F1,Droplet #6,Droplet,Rottenraw Burn u/s Elliot Water confluence,56.55722722014659,-2.6604111487841786,038100018cbc2710002403cf00000000,8.97,1015.64,100.0,3.6,9.75,0.0,0
2021-09-13 06:30:13.226000+00:00,70B3D5499C9F22F1,Droplet #6,Droplet,Rottenraw Burn u/s Elliot Water confluence,56.55722722014659,-2.6604111487841786,044e00018ce42710002504c900000000,11.02,1016.04,100.0,3.7,12.25,0.0,0
2021-09-13 06:45:12.774000+00:00,70B3D5499C9F22F1,Droplet #6,Droplet,Rottenraw Burn u/s Elliot Water confluence,56.55722722014659,-2.6604111487841786,052700018cd12710002505c300000000,13.19,1015.85,100.0,3.7,14.75,0.0,0
2021-09-13 07:00:10.763000+00:00,70B3D5499C9F22F1,Droplet #6,Droplet,Rottenraw Burn u/s Elliot Water confluence,56.55722722014659,-2.6604111487841786,052900018cf727100025057800000000,13.21,1016.23,100.0,3.7,14.0,0.0,0
2021-09-13 07:15:08.423000+00:00,70B3D5499C9F22F1,Droplet #6,Droplet,Rottenraw Burn u/s Elliot Water confluence,56.55722722014659,-2.6604111487841786,04d600018cff27100025051400000000,12.38,1016.31,100.0,3.7,13.0,0.0,0
2021-09-13 07:30:09.945000+00:00,70B3D5499C9F22F1,Droplet #6,Droplet,Rottenraw Burn u/s Elliot Water confluence,56.55722722014659,-2.6604111487841786,04a200018cd52710002504fb00000000,11.86,1015.89,100.0,3.7,12.75,0.0,0
2021-09-13 07:45:10.310000+00:00,70B3D5499C9F22F1,Droplet #6,Droplet,Rottenraw Burn u/s Elliot Water confluence,56.55722722014659,-2.6604111487841786,04c100018d082710002504fb00000000,12.17,1016.4,100.0,3.7,12.75,0.0,0
2021-09-13 08:30:10.601000+00:00,70B3D5499C9F22F1,Droplet #6,Droplet,Rottenraw Burn u/s Elliot Water confluence,56.55722722014659,-2.6604111487841786,06a300018cc825240025076c00000000,16.99,1015.76,95.08,3.7,19.0,0.0,0
2021-09-13 08:45:10.223000+00:00,70B3D5499C9F22F1,Droplet #6,Droplet,Rottenraw Burn u/s Elliot Water confluence,56.55722722014659,-2.6604111487841786,067200018cc325360024073a00000000,16.5,1015.71,95.26,3.6,18.5,0.0,0
2021-09-13 09:15:09.316000+00:00,70B3D5499C9F22F1,Droplet #6,Droplet,Rottenraw Burn u/s Elliot Water confluence,56.55722722014659,-2.6604111487841786,068400018cc427100025073a00000000,16.68,1015.72,100.0,3.7,18.5,0.0,0
2021-09-13 09:30:09.242000+00:00,70B3D5499C9F22F1,Droplet #6,Droplet,Rottenraw Burn u/s Elliot Water confluence,56.55722722014659,-2.6604111487841786,068700018cc627100025073a00000000,16.71,1015.74,100.0,3.7,18.5,0.0,0
2021-09-13 09:45:09.132000+00:00,70B3D5499C9F22F1,Droplet #6,Droplet,Rottenraw Burn u/s Elliot Water confluence,56.55722722014659,-2.6604111487841786,067b00018cc027100025072100000000,16.59,1015.68,100.0,3.7,18.25,0.0,0
2021-09-13 10:00:10.815000+00:00,70B3D5499C9F22F1,Droplet #6,Droplet,Rottenraw Burn u/s Elliot Water confluence,56.55722722014659,-2.6604111487841786,069300018cbe23ec0025072100000000,16.83,1015.66,91.96,3.7,18.25,0.0,0
2021-09-13 10:15:10.187000+00:00,70B3D5499C9F22F1,Droplet #6,Droplet,Rottenraw Burn u/s Elliot Water confluence,56.55722722014659,-2.6604111487841786,067a00018cae27100024072100000000,16.58,1015.5,100.0,3.6,18.25,0.0,0
2021-09-13 11:15:10.506000+00:00,70B3D5499C9F22F1,Droplet #6,Droplet,Rottenraw Burn u/s Elliot Water confluence,56.55722722014659,-2.6604111487841786,060300018c6a27100025068b00000000,15.39,1014.82,100.0,3.7,16.75,0.0,0
2021-09-13 11:30:10.079000+00:00,70B3D5499C9F22F1,Droplet #6,Droplet,Rottenraw Burn u/s Elliot Water confluence,56.55722722014659,-2.6604111487841786,05f200018c6627100026067200000000,15.22,1014.78,100.0,3.8,16.5,0.0,0
2021-09-13 12:00:11.377000+00:00,70B3D5499C9F22F1,Droplet #6,Droplet,Rottenraw Burn u/s Elliot Water confluence,56.55722722014659,-2.6604111487841786,05e500018c3627100026067200000000,15.09,1014.3,100.0,3.8,16.5,0.0,0
2021-09-13 12:15:11.506000+00:00,70B3D5499C9F22F1,Droplet #6,Droplet,Rottenraw Burn u/s Elliot Water confluence,56.55722722014659,-2.6604111487841786,05ee00018c3827100026067200000000,15.18,1014.32,100.0,3.8,16.5,0.0,0
2021-09-13 12:30:10.117000+00:00,70B3D5499C9F22F1,Droplet #6,Droplet,Rottenraw Burn u/s Elliot Water confluence,56.55722722014659,-2.6604111487841786,05db00018c1527100025065900000000,14.99,1013.97,100.0,3.7,16.25,0.0,0
2021-09-13 12:45:11.310000+00:00,70B3D5499C9F22F1,Droplet #6,Droplet,Rottenraw Burn u/s Elliot Water confluence,56.55722722014659,-2.6604111487841786,05f800018c1227100026067200000000,15.28,1013.94,100.0,3.8,16.5,0.0,0
2021-09-13 13:00:10.713000+00:00,70B3D5499C9F22F1,Droplet #6,Droplet,Rottenraw Burn u/s Elliot Water confluence,56.55722722014659,-2.6604111487841786,05f100018c0727100025065900000000,15.21,1013.83,100.0,3.7,16.25,0.0,0
2021-09-13 13:15:09.239000+00:00,70B3D5499C9F22F1,Droplet #6,Droplet,Rottenraw Burn u/s Elliot Water confluence,56.55722722014659,-2.6604111487841786,05fd00018c0d27100025067200000000,15.33,1013.89,100.0,3.7,16.5,0.0,0
2021-09-13 13:30:10.718000+00:00,70B3D5499C9F22F1,Droplet #6,Droplet,Rottenraw Burn u/s Elliot Water confluence,56.55722722014659,-2.6604111487841786,05f200018c0327100026065900000000,15.22,1013.79,100.0,3.8,16.25,0.0,0
2021-09-13 13:45:10.210000+00:00,70B3D5499C9F22F1,Droplet #6,Droplet,Rottenraw Burn u/s Elliot Water confluence,56.55722722014659,-2.6604111487841786,05ee00018bf427100026065900000000,15.18,1013.64,100.0,3.8,16.25,0.0,0
2021-09-13 14:15:10.827000+00:00,70B3D5499C9F22F1,Droplet #6,Droplet,Rottenraw Burn u/s Elliot Water confluence,56.55722722014659,-2.6604111487841786,05e900018bda27100026064000000000,15.13,1013.38,100.0,3.8,16.0,0.0,0
2021-09-13 14:30:10.513000+00:00,70B3D5499C9F22F1,Droplet #6,Droplet,Rottenraw Burn u/s Elliot Water confluence,56.55722722014659,-2.6604111487841786,05e400018bce27100025064000000000,15.08,1013.26,100.0,3.7,16.0,0.0,0
2021-09-13 15:00:10.910000+00:00,70B3D5499C9F22F1,Droplet #6,Droplet,Rottenraw Burn u/s Elliot Water confluence,56.55722722014659,-2.6604111487841786,05cf00018bbd27100025062700000000,14.87,1013.09,100.0,3.7,15.75,0.0,0
2021-09-13 15:15:10.626000+00:00,70B3D5499C9F22F1,Droplet #6,Droplet,Rottenraw Burn u/s Elliot Water confluence,56.55722722014659,-2.6604111487841786,05b600018bb327100026060e00000000,14.62,1012.99,100.0,3.8,15.5,0.0,0
2021-09-13 15:30:10.222000+00:00,70B3D5499C9F22F1,Droplet #6,Droplet,Rottenraw Burn u/s Elliot Water confluence,56.55722722014659,-2.6604111487841786,05a900018bbe2710002705f500000000,14.49,1013.1,100.0,3.9,15.25,0.0,0
2021-09-13 15:45:10.780000+00:00,70B3D5499C9F22F1,Droplet #6,Droplet,Rottenraw Burn u/s Elliot Water confluence,56.55722722014659,-2.6604111487841786,057400018b832710002605c300000000,13.96,1012.51,100.0,3.8,14.75,0.0,0
2021-09-13 16:15:10.514000+00:00,70B3D5499C9F22F1,Droplet #6,Droplet,Rottenraw Burn u/s Elliot Water confluence,56.55722722014659,-2.6604111487841786,057600018b912710002605c300000000,13.98,1012.65,100.0,3.8,14.75,0.0,0
2021-09-13 16:45:10.973000+00:00,70B3D5499C9F22F1,Droplet #6,Droplet,Rottenraw Burn u/s Elliot Water confluence,56.55722722014659,-2.6604111487841786,058000018b8f2710002705dc00000000,14.08,1012.63,100.0,3.9,15.0,0.0,0
2021-09-13 17:00:10.589000+00:00,70B3D5499C9F22F1,Droplet #6,Droplet,Rottenraw Burn u/s Elliot Water confluence,56.55722722014659,-2.6604111487841786,057100018b812710002605c300000000,13.93,1012.49,100.0,3.8,14.75,0.0,0
2021-09-13 17:15:10.367000+00:00,70B3D5499C9F22F1,Droplet #6,Droplet,Rottenraw Burn u/s Elliot Water confluence,56.55722722014659,-2.6604111487841786,056400018b702710002605aa00000000,13.8,1012.32,100.0,3.8,14.5,0.0,0
2021-09-13 17:30:11.477000+00:00,70B3D5499C9F22F1,Droplet #6,Droplet,Rottenraw Burn u/s Elliot Water confluence,56.55722722014659,-2.6604111487841786,055500018b7c27100026059100000000,13.65,1012.44,100.0,3.8,14.25,0.0,0
2021-09-13 17:45:10.522000+00:00,70B3D5499C9F22F1,Droplet #6,Droplet,Rottenraw Burn u/s Elliot Water confluence,56.55722722014659,-2.6604111487841786,054500018b5927100026059100000000,13.49,1012.09,100.0,3.8,14.25,0.0,0
2021-09-13 18:00:11.026000+00:00,70B3D5499C9F22F1,Droplet #6,Droplet,Rottenraw Burn u/s Elliot Water confluence,56.55722722014659,-2.6604111487841786,053d00018b4e27100026057800000000,13.41,1011.98,100.0,3.8,14.0,0.0,0
2021-09-13 18:15:10.650000+00:00,70B3D5499C9F22F1,Droplet #6,Droplet,Rottenraw Burn u/s Elliot Water confluence,56.55722722014659,-2.6604111487841786,053400018b4727100025057800000000,13.32,1011.91,100.0,3.7,14.0,0.0,0
2021-09-13 18:45:11.514000+00:00,70B3D5499C9F22F1,Droplet #6,Droplet,Rottenraw Burn u/s Elliot Water confluence,56.55722722014659,-2.6604111487841786,053000018b5227100026057800000000,13.28,1012.02,100.0,3.8,14.0,0.0,0
2021-09-13 19:15:10.351000+00:00,70B3D5499C9F22F1,Droplet #6,Droplet,Rottenraw Burn u/s Elliot Water confluence,56.55722722014659,-2.6604111487841786,052f00018b6627100025057800000000,13.27,1012.22,100.0,3.7,14.0,0.0,0
2021-09-13 19:30:11.397000+00:00,70B3D5499C9F22F1,Droplet #6,Droplet,Rottenraw Burn u/s Elliot Water confluence,56.55722722014659,-2.6604111487841786,052d00018b6c27100026055f00000000,13.25,1012.28,100.0,3.8,13.75,0.0,0
2021-09-13 19:45:10.238000+00:00,70B3D5499C9F22F1,Droplet #6,Droplet,Rottenraw Burn u/s Elliot Water confluence,56.55722722014659,-2.6604111487841786,051800018b7827100025054600000000,13.04,1012.4,100.0,3.7,13.5,0.0,0
2021-09-13 20:00:11.292000+00:00,70B3D5499C9F22F1,Droplet #6,Droplet,Rottenraw Burn u/s Elliot Water confluence,56.55722722014659,-2.6604111487841786,051200018b7227100026054600000000,12.98,1012.34,100.0,3.8,13.5,0.0,0
2021-09-13 20:15:10.849000+00:00,70B3D5499C9F22F1,Droplet #6,Droplet,Rottenraw Burn u/s Elliot Water confluence,56.55722722014659,-2.6604111487841786,050200018b7a27100025054600000000,12.82,1012.42,100.0,3.7,13.5,0.0,0
2021-09-13 20:30:10.890000+00:00,70B3D5499C9F22F1,Droplet #6,Droplet,Rottenraw Burn u/s Elliot Water confluence,56.55722722014659,-2.6604111487841786,04f100018b7327100025052d00000000,12.65,1012.35,100.0,3.7,13.25,0.0,0
2021-09-13 20:45:10.562000+00:00,70B3D5499C9F22F1,Droplet #6,Droplet,Rottenraw Burn u/s Elliot Water confluence,56.55722722014659,-2.6604111487841786,04d500018b6c27100026051400000000,12.37,1012.28,100.0,3.8,13.0,0.0,0
2021-09-13 21:15:10.098000+00:00,70B3D5499C9F22F1,Droplet #6,Droplet,Rottenraw Burn u/s Elliot Water confluence,56.55722722014659,-2.6604111487841786,04c800018b5d2710002604fb00000000,12.24,1012.13,100.0,3.8,12.75,0.0,0
2021-09-13 21:45:10.787000+00:00,70B3D5499C9F22F1,Droplet #6,Droplet,Rottenraw Burn u/s Elliot Water confluence,56.55722722014659,-2.6604111487841786,04ca00018b562710002504fb00000000,12.26,1012.06,100.0,3.7,12.75,0.0,0
2021-09-13 22:00:11.213000+00:00,70B3D5499C9F22F1,Droplet #6,Droplet,Rottenraw Burn u/s Elliot Water confluence,56.55722722014659,-2.6604111487841786,04d500018b5627100025051400000000,12.37,1012.06,100.0,3.7,13.0,0.0,0
2021-09-13 22:45:10.042000+00:00,70B3D5499C9F22F1,Droplet #6,Droplet,Rottenraw Burn u/s Elliot Water confluence,56.55722722014659,-2.6604111487841786,04c300018b462710002504fb00000000,12.19,1011.9,100.0,3.7,12.75,0.0,0
2021-09-13 23:00:10.748000+00:00,70B3D5499C9F22F1,Droplet #6,Droplet,Rottenraw Burn u/s Elliot Water confluence,56.55722722014659,-2.6604111487841786,04bd00018b302710002504fb00000000,12.13,1011.68,100.0,3.7,12.75,0.0,0
2021-09-13 23:15:10.200000+00:00,70B3D5499C9F22F1,Droplet #6,Droplet,Rottenraw Burn u/s Elliot Water confluence,56.55722722014659,-2.6604111487841786,04c300018b1d2710002504fb00000000,12.19,1011.49,100.0,3.7,12.75,0.0,0
2021-09-13 23:30:11.125000+00:00,70B3D5499C9F22F1,Droplet #6,Droplet,Rottenraw Burn u/s Elliot Water confluence,56.55722722014659,-2.6604111487841786,04c100018b1a2710002504fb00000000,12.17,1011.46,100.0,3.7,12.75,0.0,0
2021-09-14 00:00:10.814000+00:00,70B3D5499C9F22F1,Droplet #6,Droplet,Rottenraw Burn u/s Elliot Water confluence,56.55722722014659,-2.6604111487841786,04c100018b0f2710002604fb00000000,12.17,1011.35,100.0,3.8,12.75,0.0,0
2021-09-14 00:15:11.017000+00:00,70B3D5499C9F22F1,Droplet #6,Droplet,Rottenraw Burn u/s Elliot Water confluence,56.55722722014659,-2.6604111487841786,04c100018b022710002604fb00000000,12.17,1011.22,100.0,3.8,12.75,0.0,0
2021-09-14 00:45:10.730000+00:00,70B3D5499C9F22F1,Droplet #6,Droplet,Rottenraw Burn u/s Elliot Water confluence,56.55722722014659,-2.6604111487841786,04ba00018af82710002604fb00000000,12.1,1011.12,100.0,3.8,12.75,0.0,0
2021-09-14 01:00:10.035000+00:00,70B3D5499C9F22F1,Droplet #6,Droplet,Rottenraw Burn u/s Elliot Water confluence,56.55722722014659,-2.6604111487841786,04b700018ae72710002604fb00000000,12.07,1010.95,100.0,3.8,12.75,0.0,0
2021-09-14 01:15:08.419000+00:00,70B3D5499C9F22F1,Droplet #6,Droplet,Rottenraw Burn u/s Elliot Water confluence,56.55722722014659,-2.6604111487841786,04ba00018ae12710002604fb00000000,12.1,1010.89,100.0,3.8,12.75,0.0,0
2021-09-14 01:30:11.254000+00:00,70B3D5499C9F22F1,Droplet #6,Droplet,Rottenraw Burn u/s Elliot Water confluence,56.55722722014659,-2.6604111487841786,04b500018ade2710002504fb00000000,12.05,1010.86,100.0,3.7,12.75,0.0,0
2021-09-14 01:45:10.823000+00:00,70B3D5499C9F22F1,Droplet #6,Droplet,Rottenraw Burn u/s Elliot Water confluence,56.55722722014659,-2.6604111487841786,04c100018ad32710002604fb00000000,12.17,1010.75,100.0,3.8,12.75,0.0,0
2021-09-14 02:00:10.282000+00:00,70B3D5499C9F22F1,Droplet #6,Droplet,Rottenraw Burn u/s Elliot Water confluence,56.55722722014659,-2.6604111487841786,04b700018acf2710002604fb00000000,12.07,1010.71,100.0,3.8,12.75,0.0,0
2021-09-14 02:15:10.549000+00:00,70B3D5499C9F22F1,Droplet #6,Droplet,Rottenraw Burn u/s Elliot Water confluence,56.55722722014659,-2.6604111487841786,04c000018ad92710002604fb00000000,12.16,1010.81,100.0,3.8,12.75,0.0,0
2021-09-14 03:00:11.366000+00:00,70B3D5499C9F22F1,Droplet #6,Droplet,Rottenraw Burn u/s Elliot Water confluence,56.55722722014659,-2.6604111487841786,04ab00018abe2710002604e200000000,11.95,1010.54,100.0,3.8,12.5,0.0,0
2021-09-14 03:30:10.520000+00:00,70B3D5499C9F22F1,Droplet #6,Droplet,Rottenraw Burn u/s Elliot Water confluence,56.55722722014659,-2.6604111487841786,049700018ab92710002604c900000000,11.75,1010.49,100.0,3.8,12.25,0.0,0
2021-09-14 04:15:11+00:00,70B3D5499C9F22F1,Droplet #6,Droplet,Rottenraw Burn u/s Elliot Water confluence,56.55722722014659,-2.6604111487841786,049100018a862710002504c900000000,11.69,1009.98,100.0,3.7,12.25,0.0,0
2021-09-14 04:30:09.249000+00:00,70B3D5499C9F22F1,Droplet #6,Droplet,Rottenraw Burn u/s Elliot Water confluence,56.55722722014659,-2.6604111487841786,048b00018a712710002604c900000000,11.63,1009.77,100.0,3.8,12.25,0.0,0
2021-09-14 04:45:10.816000+00:00,70B3D5499C9F22F1,Droplet #6,Droplet,Rottenraw Burn u/s Elliot Water confluence,56.55722722014659,-2.6604111487841786,048700018a762710002604c900000000,11.59,1009.82,100.0,3.8,12.25,0.0,0
2021-09-14 05:00:10.721000+00:00,70B3D5499C9F22F1,Droplet #6,Droplet,Rottenraw Burn u/s Elliot Water confluence,56.55722722014659,-2.6604111487841786,049000018a742710002604c900000000,11.68,1009.8,100.0,3.8,12.25,0.0,0
2021-09-14 05:15:09.584000+00:00,70B3D5499C9F22F1,Droplet #6,Droplet,Rottenraw Burn u/s Elliot Water confluence,56.55722722014659,-2.6604111487841786,049700018a4b2710002604c900000000,11.75,1009.39,100.0,3.8,12.25,0.0,0
2021-09-14 05:45:11.726000+00:00,70B3D5499C9F22F1,Droplet #6,Droplet,Rottenraw Burn u/s Elliot Water confluence,56.55722722014659,-2.6604111487841786,04a400018a722710002604e200000000,11.88,1009.78,100.0,3.8,12.5,0.0,0
2021-09-14 06:15:09.807000+00:00,70B3D5499C9F22F1,Droplet #6,Droplet,Rottenraw Burn u/s Elliot Water confluence,56.55722722014659,-2.6604111487841786,04a500018a742710002504e200000000,11.89,1009.8,100.0,3.7,12.5,0.0,0
2021-09-14 06:30:10.478000+00:00,70B3D5499C9F22F1,Droplet #6,Droplet,Rottenraw Burn u/s Elliot Water confluence,56.55722722014659,-2.6604111487841786,04ac00018a6f2710002504e200000000,11.96,1009.75,100.0,3.7,12.5,0.0,0
2021-09-14 06:45:11.086000+00:00,70B3D5499C9F22F1,Droplet #6,Droplet,Rottenraw Burn u/s Elliot Water confluence,56.55722722014659,-2.6604111487841786,04b500018a832710002504fb00000000,12.05,1009.95,100.0,3.7,12.75,0.0,0
2021-09-14 07:00:09.356000+00:00,70B3D5499C9F22F1,Droplet #6,Droplet,Rottenraw Burn u/s Elliot Water confluence,56.55722722014659,-2.6604111487841786,04bd00018a972710002604fb00000000,12.13,1010.15,100.0,3.8,12.75,0.0,0
2021-09-14 07:15:10.428000+00:00,70B3D5499C9F22F1,Droplet #6,Droplet,Rottenraw Burn u/s Elliot Water confluence,56.55722722014659,-2.6604111487841786,04c500018a9c2710002504fb00000000,12.21,1010.2,100.0,3.7,12.75,0.0,0
2021-09-14 07:45:11.361000+00:00,70B3D5499C9F22F1,Droplet #6,Droplet,Rottenraw Burn u/s Elliot Water confluence,56.55722722014659,-2.6604111487841786,04d000018ab027100024051400000000,12.32,1010.4,100.0,3.6,13.0,0.0,0
2021-09-14 08:00:11.385000+00:00,70B3D5499C9F22F1,Droplet #6,Droplet,Rottenraw Burn u/s Elliot Water confluence,56.55722722014659,-2.6604111487841786,04d800018ab927100026051400000000,12.4,1010.49,100.0,3.8,13.0,0.0,0
2021-09-14 08:30:11.721000+00:00,70B3D5499C9F22F1,Droplet #6,Droplet,Rottenraw Burn u/s Elliot Water confluence,56.55722722014659,-2.6604111487841786,04fc00018abc27100026052d00000000,12.76,1010.52,100.0,3.8,13.25,0.0,0
2021-09-14 08:45:10.904000+00:00,70B3D5499C9F22F1,Droplet #6,Droplet,Rottenraw Burn u/s Elliot Water confluence,56.55722722014659,-2.6604111487841786,051700018acc27100025054600000000,13.03,1010.68,100.0,3.7,13.5,0.0,0
2021-09-14 09:00:11.205000+00:00,70B3D5499C9F22F1,Droplet #6,Droplet,Rottenraw Burn u/s Elliot Water confluence,56.55722722014659,-2.6604111487841786,052000018ab527100026055f00000000,13.12,1010.45,100.0,3.8,13.75,0.0,0
2021-09-14 09:15:11.466000+00:00,70B3D5499C9F22F1,Droplet #6,Droplet,Rottenraw Burn u/s Elliot Water confluence,56.55722722014659,-2.6604111487841786,052800018ab027100025057800000000,13.2,1010.4,100.0,3.7,14.0,0.0,0
2021-09-14 09:45:11.492000+00:00,70B3D5499C9F22F1,Droplet #6,Droplet,Rottenraw Burn u/s Elliot Water confluence,56.55722722014659,-2.6604111487841786,054100018ab527100025059100000000,13.45,1010.45,100.0,3.7,14.25,0.0,0
2021-09-14 10:00:10.915000+00:00,70B3D5499C9F22F1,Droplet #6,Droplet,Rottenraw Burn u/s Elliot Water confluence,56.55722722014659,-2.6604111487841786,053f00018ac227100025059100000000,13.43,1010.58,100.0,3.7,14.25,0.0,0
2021-09-14 10:15:10.842000+00:00,70B3D5499C9F22F1,Droplet #6,Droplet,Rottenraw Burn u/s Elliot Water confluence,56.55722722014659,-2.6604111487841786,054300018ab427100026059100000000,13.47,1010.44,100.0,3.8,14.25,0.0,0
2021-09-14 10:30:10.547000+00:00,70B3D5499C9F22F1,Droplet #6,Droplet,Rottenraw Burn u/s Elliot Water confluence,56.55722722014659,-2.6604111487841786,054600018abe27100025059100000000,13.5,1010.54,100.0,3.7,14.25,0.0,0
2021-09-14 10:45:11.989000+00:00,70B3D5499C9F22F1,Droplet #6,Droplet,Rottenraw Burn u/s Elliot Water confluence,56.55722722014659,-2.6604111487841786,055500018ac52710002505aa00000000,13.65,1010.61,100.0,3.7,14.5,0.0,0
2021-09-14 11:00:11.150000+00:00,70B3D5499C9F22F1,Droplet #6,Droplet,Rottenraw Burn u/s Elliot Water confluence,56.55722722014659,-2.6604111487841786,056800018aa52710002505aa00000000,13.84,1010.29,100.0,3.7,14.5,0.0,0
2021-09-14 11:15:11.390000+00:00,70B3D5499C9F22F1,Droplet #6,Droplet,Rottenraw Burn u/s Elliot Water confluence,56.55722722014659,-2.6604111487841786,057600018a892710002605c300000000,13.98,1010.01,100.0,3.8,14.75,0.0,0
2021-09-14 11:30:10.802000+00:00,70B3D5499C9F22F1,Droplet #6,Droplet,Rottenraw Burn u/s Elliot Water confluence,56.55722722014659,-2.6604111487841786,058a00018a902710002605dc00000000,14.18,1010.08,100.0,3.8,15.0,0.0,0
2021-09-14 11:45:12.744000+00:00,70B3D5499C9F22F1,Droplet #6,Droplet,Rottenraw Burn u/s Elliot Water confluence,56.55722722014659,-2.6604111487841786,05e100018a7927100025064000000000,15.05,1009.85,100.0,3.7,16.0,0.0,0
2021-09-14 12:00:13.524000+00:00,70B3D5499C9F22F1,Droplet #6,Droplet,Rottenraw Burn u/s Elliot Water confluence,56.55722722014659,-2.6604111487841786,067d00018a812710002506d600000000,16.61,1009.93,100.0,3.7,17.5,0.0,0
2021-09-14 12:15:11.111000+00:00,70B3D5499C9F22F1,Droplet #6,Droplet,Rottenraw Burn u/s Elliot Water confluence,56.55722722014659,-2.6604111487841786,067600018a7a2710002506d600000000,16.54,1009.86,100.0,3.7,17.5,0.0,0
2021-09-14 12:30:10.940000+00:00,70B3D5499C9F22F1,Droplet #6,Droplet,Rottenraw Burn u/s Elliot Water confluence,56.55722722014659,-2.6604111487841786,065900018a842710002606bd00000000,16.25,1009.96,100.0,3.8,17.25,0.0,0
2021-09-14 12:45:09.311000+00:00,70B3D5499C9F22F1,Droplet #6,Droplet,Rottenraw Burn u/s Elliot Water confluence,56.55722722014659,-2.6604111487841786,05f100018a8027100026065900000000,15.21,1009.92,100.0,3.8,16.25,0.0,0
2021-09-14 13:00:11.061000+00:00,70B3D5499C9F22F1,Droplet #6,Droplet,Rottenraw Burn u/s Elliot Water confluence,56.55722722014659,-2.6604111487841786,05ee00018a8127100026065900000000,15.18,1009.93,100.0,3.8,16.25,0.0,0
2021-09-14 13:15:09.225000+00:00,70B3D5499C9F22F1,Droplet #6,Droplet,Rottenraw Burn u/s Elliot Water confluence,56.55722722014659,-2.6604111487841786,05e400018a8d27100026064000000000,15.08,1010.05,100.0,3.8,16.0,0.0,0
2021-09-14 13:30:10.789000+00:00,70B3D5499C9F22F1,Droplet #6,Droplet,Rottenraw Burn u/s Elliot Water confluence,56.55722722014659,-2.6604111487841786,05fa00018a8527100026065900000000,15.3,1009.97,100.0,3.8,16.25,0.0,0
2021-09-14 13:45:10.359000+00:00,70B3D5499C9F22F1,Droplet #6,Droplet,Rottenraw Burn u/s Elliot Water confluence,56.55722722014659,-2.6604111487841786,05e700018a7327100025064000000000,15.11,1009.79,100.0,3.7,16.0,0.0,0
2021-09-14 14:00:10.084000+00:00,70B3D5499C9F22F1,Droplet #6,Droplet,Rottenraw Burn u/s Elliot Water confluence,56.55722722014659,-2.6604111487841786,05e900018a8127100025065900000000,15.13,1009.93,100.0,3.7,16.25,0.0,0
2021-09-14 14:15:11.019000+00:00,70B3D5499C9F22F1,Droplet #6,Droplet,Rottenraw Burn u/s Elliot Water confluence,56.55722722014659,-2.6604111487841786,060300018a8127100025067200000000,15.39,1009.93,100.0,3.7,16.5,0.0,0
2021-09-14 14:30:10.403000+00:00,70B3D5499C9F22F1,Droplet #6,Droplet,Rottenraw Burn u/s Elliot Water confluence,56.55722722014659,-2.6604111487841786,05df00018a7527100026064000000000,15.03,1009.81,100.0,3.8,16.0,0.0,0
2021-09-14 14:45:10.602000+00:00,70B3D5499C9F22F1,Droplet #6,Droplet,Rottenraw Burn u/s Elliot Water confluence,56.55722722014659,-2.6604111487841786,05e400018a6b27100025064000000000,15.08,1009.71,100.0,3.7,16.0,0.0,0
2021-09-14 15:00:11.256000+00:00,70B3D5499C9F22F1,Droplet #6,Droplet,Rottenraw Burn u/s Elliot Water confluence,56.55722722014659,-2.6604111487841786,05e400018a8627100025062700000000,15.08,1009.98,100.0,3.7,15.75,0.0,0
2021-09-14 15:15:11.501000+00:00,70B3D5499C9F22F1,Droplet #6,Droplet,Rottenraw Burn u/s Elliot Water confluence,56.55722722014659,-2.6604111487841786,05d700018a7827100026062700000000,14.95,1009.84,100.0,3.8,15.75,0.0,0
2021-09-14 15:30:11.405000+00:00,70B3D5499C9F22F1,Droplet #6,Droplet,Rottenraw Burn u/s Elliot Water confluence,56.55722722014659,-2.6604111487841786,05cb00018a8027100026060e00000000,14.83,1009.92,100.0,3.8,15.5,0.0,0
2021-09-14 15:45:11.024000+00:00,70B3D5499C9F22F1,Droplet #6,Droplet,Rottenraw Burn u/s Elliot Water confluence,56.55722722014659,-2.6604111487841786,05ad00018a872710002605f500000000,14.53,1009.99,100.0,3.8,15.25,0.0,0
2021-09-14 16:00:10.053000+00:00,70B3D5499C9F22F1,Droplet #6,Droplet,Rottenraw Burn u/s Elliot Water confluence,56.55722722014659,-2.6604111487841786,05a100018a7d2710002605f500000000,14.41,1009.89,100.0,3.8,15.25,0.0,0
2021-09-14 16:30:10.320000+00:00,70B3D5499C9F22F1,Droplet #6,Droplet,Rottenraw Burn u/s Elliot Water confluence,56.55722722014659,-2.6604111487841786,059500018a852710002605dc00000000,14.29,1009.97,100.0,3.8,15.0,0.0,0
2021-09-14 16:45:11.192000+00:00,70B3D5499C9F22F1,Droplet #6,Droplet,Rottenraw Burn u/s Elliot Water confluence,56.55722722014659,-2.6604111487841786,058900018a7f2710002505dc00000000,14.17,1009.91,100.0,3.7,15.0,0.0,0
2021-09-14 17:00:11.188000+00:00,70B3D5499C9F22F1,Droplet #6,Droplet,Rottenraw Burn u/s Elliot Water confluence,56.55722722014659,-2.6604111487841786,058c00018a652710002605dc00000000,14.2,1009.65,100.0,3.8,15.0,0.0,0
2021-09-14 17:15:10.938000+00:00,70B3D5499C9F22F1,Droplet #6,Droplet,Rottenraw Burn u/s Elliot Water confluence,56.55722722014659,-2.6604111487841786,058700018a6f2710002505c300000000,14.15,1009.75,100.0,3.7,14.75,0.0,0
2021-09-14 17:30:10.751000+00:00,70B3D5499C9F22F1,Droplet #6,Droplet,Rottenraw Burn u/s Elliot Water confluence,56.55722722014659,-2.6604111487841786,057700018a5e2710002505c300000000,13.99,1009.58,100.0,3.7,14.75,0.0,0
2021-09-14 17:45:11.937000+00:00,70B3D5499C9F22F1,Droplet #6,Droplet,Rottenraw Burn u/s Elliot Water confluence,56.55722722014659,-2.6604111487841786,057400018a712710002505c300000000,13.96,1009.77,100.0,3.7,14.75,0.0,0
2021-09-14 18:15:11.473000+00:00,70B3D5499C9F22F1,Droplet #6,Droplet,Rottenraw Burn u/s Elliot Water confluence,56.55722722014659,-2.6604111487841786,055a00018a7427100026059100000000,13.7,1009.8,100.0,3.8,14.25,0.0,0
2021-09-14 18:30:11.005000+00:00,70B3D5499C9F22F1,Droplet #6,Droplet,Rottenraw Burn u/s Elliot Water confluence,56.55722722014659,-2.6604111487841786,054500018a6f27100025057800000000,13.49,1009.75,100.0,3.7,14.0,0.0,0
2021-09-14 18:45:10.347000+00:00,70B3D5499C9F22F1,Droplet #6,Droplet,Rottenraw Burn u/s Elliot Water confluence,56.55722722014659,-2.6604111487841786,053200018a6e27100025057800000000,13.3,1009.74,100.0,3.7,14.0,0.0,0
2021-09-14 19:00:11.186000+00:00,70B3D5499C9F22F1,Droplet #6,Droplet,Rottenraw Burn u/s Elliot Water confluence,56.55722722014659,-2.6604111487841786,052700018a6f27100026055f00000000,13.19,1009.75,100.0,3.8,13.75,0.0,0
2021-09-14 19:15:10.920000+00:00,70B3D5499C9F22F1,Droplet #6,Droplet,Rottenraw Burn u/s Elliot Water confluence,56.55722722014659,-2.6604111487841786,051f00018a7227100026055f00000000,13.11,1009.78,100.0,3.8,13.75,0.0,0
2021-09-14 19:30:10.548000+00:00,70B3D5499C9F22F1,Droplet #6,Droplet,Rottenraw Burn u/s Elliot Water confluence,56.55722722014659,-2.6604111487841786,051d00018a7927100026055f00000000,13.09,1009.85,100.0,3.8,13.75,0.0,0
2021-09-14 19:45:10.302000+00:00,70B3D5499C9F22F1,Droplet #6,Droplet,Rottenraw Burn u/s Elliot Water confluence,56.55722722014659,-2.6604111487841786,051a00018a8327100025055f00000000,13.06,1009.95,100.0,3.7,13.75,0.0,0
2021-09-14 20:00:10.964000+00:00,70B3D5499C9F22F1,Droplet #6,Droplet,Rottenraw Burn u/s Elliot Water confluence,56.55722722014659,-2.6604111487841786,051500018a7a27100026055f00000000,13.01,1009.86,100.0,3.8,13.75,0.0,0
2021-09-14 20:30:11.755000+00:00,70B3D5499C9F22F1,Droplet #6,Droplet,Rottenraw Burn u/s Elliot Water confluence,56.55722722014659,-2.6604111487841786,04f800018a6227100026054600000000,12.72,1009.62,100.0,3.8,13.5,0.0,0
2021-09-14 20:45:10.782000+00:00,70B3D5499C9F22F1,Droplet #6,Droplet,Rottenraw Burn u/s Elliot Water confluence,56.55722722014659,-2.6604111487841786,04e400018a6327100026052d00000000,12.52,1009.63,100.0,3.8,13.25,0.0,0
2021-09-14 21:00:12.075000+00:00,70B3D5499C9F22F1,Droplet #6,Droplet,Rottenraw Burn u/s Elliot Water confluence,56.55722722014659,-2.6604111487841786,04d200018a6427100025051400000000,12.34,1009.64,100.0,3.7,13.0,0.0,0
2021-09-14 21:15:11.016000+00:00,70B3D5499C9F22F1,Droplet #6,Droplet,Rottenraw Burn u/s Elliot Water confluence,56.55722722014659,-2.6604111487841786,04b500018a5b2710002604fb00000000,12.05,1009.55,100.0,3.8,12.75,0.0,0
2021-09-14 21:30:11.224000+00:00,70B3D5499C9F22F1,Droplet #6,Droplet,Rottenraw Burn u/s Elliot Water confluence,56.55722722014659,-2.6604111487841786,04aa00018a7b2710002604e200000000,11.94,1009.87,100.0,3.8,12.5,0.0,0
2021-09-14 22:15:11.011000+00:00,70B3D5499C9F22F1,Droplet #6,Droplet,Rottenraw Burn u/s Elliot Water confluence,56.55722722014659,-2.6604111487841786,045a00018a5c27100026049700000000,11.14,1009.56,100.0,3.8,11.75,0.0,0
2021-09-14 22:30:12.043000+00:00,70B3D5499C9F22F1,Droplet #6,Droplet,Rottenraw Burn u/s Elliot Water confluence,56.55722722014659,-2.6604111487841786,047000018a7e2710002604b000000000,11.36,1009.9,100.0,3.8,12.0,0.0,0
2021-09-14 22:45:12.679000+00:00,70B3D5499C9F22F1,Droplet #6,Droplet,Rottenraw Burn u/s Elliot Water confluence,56.55722722014659,-2.6604111487841786,048c00018a842710002504c900000000,11.64,1009.96,100.0,3.7,12.25,0.0,0
2021-09-14 23:15:11.057000+00:00,70B3D5499C9F22F1,Droplet #6,Droplet,Rottenraw Burn u/s Elliot Water confluence,56.55722722014659,-2.6604111487841786,049d00018a882710002504c900000000,11.81,1010.0,100.0,3.7,12.25,0.0,0
2021-09-14 23:30:11.367000+00:00,70B3D5499C9F22F1,Droplet #6,Droplet,Rottenraw Burn u/s Elliot Water confluence,56.55722722014659,-2.6604111487841786,049c00018a762710002604e200000000,11.8,1009.82,100.0,3.8,12.5,0.0,0
2021-09-14 23:45:10.342000+00:00,70B3D5499C9F22F1,Droplet #6,Droplet,Rottenraw Burn u/s Elliot Water confluence,56.55722722014659,-2.6604111487841786,04a000018a682710002504e200000000,11.84,1009.68,100.0,3.7,12.5,0.0,0
2021-09-15 00:00:11.609000+00:00,70B3D5499C9F22F1,Droplet #6,Droplet,Rottenraw Burn u/s Elliot Water confluence,56.55722722014659,-2.6604111487841786,04ab00018a862710002504e200000000,11.95,1009.98,100.0,3.7,12.5,0.0,0
2021-09-15 00:15:11.058000+00:00,70B3D5499C9F22F1,Droplet #6,Droplet,Rottenraw Burn u/s Elliot Water confluence,56.55722722014659,-2.6604111487841786,04a900018a852710002604fb00000000,11.93,1009.97,100.0,3.8,12.75,0.0,0
2021-09-15 00:30:11.961000+00:00,70B3D5499C9F22F1,Droplet #6,Droplet,Rottenraw Burn u/s Elliot Water confluence,56.55722722014659,-2.6604111487841786,04ab00018a692710002604e200000000,11.95,1009.69,100.0,3.8,12.5,0.0,0
2021-09-15 01:15:10.783000+00:00,70B3D5499C9F22F1,Droplet #6,Droplet,Rottenraw Burn u/s Elliot Water confluence,56.55722722014659,-2.6604111487841786,04b300018a422710002604fb00000000,12.03,1009.3,100.0,3.8,12.75,0.0,0
2021-09-15 01:30:11.150000+00:00,70B3D5499C9F22F1,Droplet #6,Droplet,Rottenraw Burn u/s Elliot Water confluence,56.55722722014659,-2.6604111487841786,04aa00018a392710002604e200000000,11.94,1009.21,100.0,3.8,12.5,0.0,0
2021-09-15 01:45:10.647000+00:00,70B3D5499C9F22F1,Droplet #6,Droplet,Rottenraw Burn u/s Elliot Water confluence,56.55722722014659,-2.6604111487841786,04a000018a292710002504e200000000,11.84,1009.05,100.0,3.7,12.5,0.0,0
2021-09-15 02:00:11.473000+00:00,70B3D5499C9F22F1,Droplet #6,Droplet,Rottenraw Burn u/s Elliot Water confluence,56.55722722014659,-2.6604111487841786,048700018a492710002404c900000000,11.59,1009.37,100.0,3.6,12.25,0.0,0
2021-09-15 02:15:10.136000+00:00,70B3D5499C9F22F1,Droplet #6,Droplet,Rottenraw Burn u/s Elliot Water confluence,56.55722722014659,-2.6604111487841786,045d00018a1c27100025049700000000,11.17,1008.92,100.0,3.7,11.75,0.0,0
2021-09-15 02:30:10.909000+00:00,70B3D5499C9F22F1,Droplet #6,Droplet,Rottenraw Burn u/s Elliot Water confluence,56.55722722014659,-2.6604111487841786,047b00018a5c2710002604b000000000,11.47,1009.56,100.0,3.8,12.0,0.0,0
2021-09-15 03:00:10.513000+00:00,70B3D5499C9F22F1,Droplet #6,Droplet,Rottenraw Burn u/s Elliot Water confluence,56.55722722014659,-2.6604111487841786,046500018a5627100025049700000000,11.25,1009.5,100.0,3.7,11.75,0.0,0
2021-09-15 03:15:10.335000+00:00,70B3D5499C9F22F1,Droplet #6,Droplet,Rottenraw Burn u/s Elliot Water confluence,56.55722722014659,-2.6604111487841786,043300018a4927100025046500000000,10.75,1009.37,100.0,3.7,11.25,0.0,0
2021-09-15 03:45:10.627000+00:00,70B3D5499C9F22F1,Droplet #6,Droplet,Rottenraw Burn u/s Elliot Water confluence,56.55722722014659,-2.6604111487841786,03f000018a4c27100026041a00000000,10.08,1009.4,100.0,3.8,10.5,0.0,0
2021-09-15 04:00:11.304000+00:00,70B3D5499C9F22F1,Droplet #6,Droplet,Rottenraw Burn u/s Elliot Water confluence,56.55722722014659,-2.6604111487841786,03e100018a6127100024041a00000000,9.93,1009.61,100.0,3.6,10.5,0.0,0
2021-09-15 04:30:10.304000+00:00,70B3D5499C9F22F1,Droplet #6,Droplet,Rottenraw Burn u/s Elliot Water confluence,56.55722722014659,-2.6604111487841786,03b900018a472710002503e800000000,9.53,1009.35,100.0,3.7,10.0,0.0,0
2021-09-15 04:45:10.144000+00:00,70B3D5499C9F22F1,Droplet #6,Droplet,Rottenraw Burn u/s Elliot Water confluence,56.55722722014659,-2.6604111487841786,039800018a422710002503cf00000000,9.2,1009.3,100.0,3.7,9.75,0.0,0
2021-09-15 05:00:10.575000+00:00,70B3D5499C9F22F1,Droplet #6,Droplet,Rottenraw Burn u/s Elliot Water confluence,56.55722722014659,-2.6604111487841786,039900018a592710002403cf00000000,9.21,1009.53,100.0,3.6,9.75,0.0,0
2021-09-15 05:15:11.720000+00:00,70B3D5499C9F22F1,Droplet #6,Droplet,Rottenraw Burn u/s Elliot Water confluence,56.55722722014659,-2.6604111487841786,03b300018a5b2710002603e800000000,9.47,1009.55,100.0,3.8,10.0,0.0,0
2021-09-15 05:30:11.760000+00:00,70B3D5499C9F22F1,Droplet #6,Droplet,Rottenraw Burn u/s Elliot Water confluence,56.55722722014659,-2.6604111487841786,03c300018a5727100025040100000000,9.63,1009.51,100.0,3.7,10.25,0.0,0
2021-09-15 06:00:10.738000+00:00,70B3D5499C9F22F1,Droplet #6,Droplet,Rottenraw Burn u/s Elliot Water confluence,56.55722722014659,-2.6604111487841786,03f600018a5b27100024043300000000,10.14,1009.55,100.0,3.6,10.75,0.0,0
2021-09-15 06:15:11.124000+00:00,70B3D5499C9F22F1,Droplet #6,Droplet,Rottenraw Burn u/s Elliot Water confluence,56.55722722014659,-2.6604111487841786,041500018a5627100025044c00000000,10.45,1009.5,100.0,3.7,11.0,0.0,0
2021-09-15 06:45:11.540000+00:00,70B3D5499C9F22F1,Droplet #6,Droplet,Rottenraw Burn u/s Elliot Water confluence,56.55722722014659,-2.6604111487841786,045100018a7227100025049700000000,11.05,1009.78,100.0,3.7,11.75,0.0,0
2021-09-15 07:00:11.398000+00:00,70B3D5499C9F22F1,Droplet #6,Droplet,Rottenraw Burn u/s Elliot Water confluence,56.55722722014659,-2.6604111487841786,047600018a832710002504b000000000,11.42,1009.95,100.0,3.7,12.0,0.0,0
2021-09-15 07:15:10.581000+00:00,70B3D5499C9F22F1,Droplet #6,Droplet,Rottenraw Burn u/s Elliot Water confluence,56.55722722014659,-2.6604111487841786,049a00018a8e2710002604c900000000,11.78,1010.06,100.0,3.8,12.25,0.0,0
2021-09-15 07:45:11.803000+00:00,70B3D5499C9F22F1,Droplet #6,Droplet,Rottenraw Burn u/s Elliot Water confluence,56.55722722014659,-2.6604111487841786,04cd00018a5027100026051400000000,12.29,1009.44,100.0,3.8,13.0,0.0,0
2021-09-15 08:00:12.122000+00:00,70B3D5499C9F22F1,Droplet #6,Droplet,Rottenraw Burn u/s Elliot Water confluence,56.55722722014659,-2.6604111487841786,050200018a3c27100025055f00000000,12.82,1009.24,100.0,3.7,13.75,0.0,0
2021-09-15 08:45:11.779000+00:00,70B3D5499C9F22F1,Droplet #6,Droplet,Rottenraw Burn u/s Elliot Water confluence,56.55722722014659,-2.6604111487841786,054d00018a8727100026059100000000,13.57,1009.99,100.0,3.8,14.25,0.0,0
2021-09-15 09:00:12.052000+00:00,70B3D5499C9F22F1,Droplet #6,Droplet,Rottenraw Burn u/s Elliot Water confluence,56.55722722014659,-2.6604111487841786,057600018a712710002505c300000000,13.98,1009.77,100.0,3.7,14.75,0.0,0
2021-09-15 09:15:12.094000+00:00,70B3D5499C9F22F1,Droplet #6,Droplet,Rottenraw Burn u/s Elliot Water confluence,56.55722722014659,-2.6604111487841786,05b400018a4727100025062700000000,14.6,1009.35,100.0,3.7,15.75,0.0,0
2021-09-15 09:30:12.954000+00:00,70B3D5499C9F22F1,Droplet #6,Droplet,Rottenraw Burn u/s Elliot Water confluence,56.55722722014659,-2.6604111487841786,05fc00018a4627100025067200000000,15.32,1009.34,100.0,3.7,16.5,0.0,0
2021-09-15 09:45:13.190000+00:00,70B3D5499C9F22F1,Droplet #6,Droplet,Rottenraw Burn u/s Elliot Water confluence,56.55722722014659,-2.6604111487841786,065300018a672710002606d600000000,16.19,1009.67,100.0,3.8,17.5,0.0,0
2021-09-15 10:00:11.838000+00:00,70B3D5499C9F22F1,Droplet #6,Droplet,Rottenraw Burn u/s Elliot Water confluence,56.55722722014659,-2.6604111487841786,068600018a5427100025070800000000,16.7,1009.48,100.0,3.7,18.0,0.0,0
2021-09-15 10:15:13.846000+00:00,70B3D5499C9F22F1,Droplet #6,Droplet,Rottenraw Burn u/s Elliot Water confluence,56.55722722014659,-2.6604111487841786,074100018a5627100026080200000000,18.57,1009.5,100.0,3.8,20.5,0.0,0
2021-09-15 10:30:11.765000+00:00,70B3D5499C9F22F1,Droplet #6,Droplet,Rottenraw Burn u/s Elliot Water confluence,56.55722722014659,-2.6604111487841786,077c00018a4927100025083400000000,19.16,1009.37,100.0,3.7,21.0,0.0,0
2021-09-15 11:00:11.032000+00:00,70B3D5499C9F22F1,Droplet #6,Droplet,Rottenraw Burn u/s Elliot Water confluence,56.55722722014659,-2.6604111487841786,07aa00018a1627100026084d00000000,19.62,1008.86,100.0,3.8,21.25,0.0,0
2021-09-15 11:15:09.797000+00:00,70B3D5499C9F22F1,Droplet #6,Droplet,Rottenraw Burn u/s Elliot Water confluence,56.55722722014659,-2.6604111487841786,073e00018a252710002607d000000000,18.54,1009.01,100.0,3.8,20.0,0.0,0
2021-09-15 11:30:11.326000+00:00,70B3D5499C9F22F1,Droplet #6,Droplet,Rottenraw Burn u/s Elliot Water confluence,56.55722722014659,-2.6604111487841786,072c00018a102710002607b700000000,18.36,1008.8,100.0,3.8,19.75,0.0,0
2021-09-15 12:00:10.807000+00:00,70B3D5499C9F22F1,Droplet #6,Droplet,Rottenraw Burn u/s Elliot Water confluence,56.55722722014659,-2.6604111487841786,06c000018a1227100027073a00000000,17.28,1008.82,100.0,3.9,18.5,0.0,0
2021-09-15 12:15:11.551000+00:00,70B3D5499C9F22F1,Droplet #6,Droplet,Rottenraw Burn u/s Elliot Water confluence,56.55722722014659,-2.6604111487841786,06f200018a2127100026076c00000000,17.78,1008.97,100.0,3.8,19.0,0.0,0
2021-09-15 12:30:12.161000+00:00,70B3D5499C9F22F1,Droplet #6,Droplet,Rottenraw Burn u/s Elliot Water confluence,56.55722722014659,-2.6604111487841786,071400018a2b27100026079e00000000,18.12,1009.07,100.0,3.8,19.5,0.0,0
2021-09-15 12:45:10.941000+00:00,70B3D5499C9F22F1,Droplet #6,Droplet,Rottenraw Burn u/s Elliot Water confluence,56.55722722014659,-2.6604111487841786,06a700018a2427100026072100000000,17.03,1009.0,100.0,3.8,18.25,0.0,0
2021-09-15 13:00:12.729000+00:00,70B3D5499C9F22F1,Droplet #6,Droplet,Rottenraw Burn u/s Elliot Water confluence,56.55722722014659,-2.6604111487841786,06d200018a1727100026075300000000,17.46,1008.87,100.0,3.8,18.75,0.0,0
2021-09-15 13:15:11.438000+00:00,70B3D5499C9F22F1,Droplet #6,Droplet,Rottenraw Burn u/s Elliot Water confluence,56.55722722014659,-2.6604111487841786,06f700018a1427100026076c00000000,17.83,1008.84,100.0,3.8,19.0,0.0,0
2021-09-15 13:45:13.247000+00:00,70B3D5499C9F22F1,Droplet #6,Droplet,Rottenraw Burn u/s Elliot Water confluence,56.55722722014659,-2.6604111487841786,070000018a1527100027076c00000000,17.92,1008.85,100.0,3.9,19.0,0.0,0
2021-09-15 14:15:10.855000+00:00,70B3D5499C9F22F1,Droplet #6,Droplet,Rottenraw Burn u/s Elliot Water confluence,56.55722722014659,-2.6604111487841786,06b600018a1127100027070800000000,17.18,1008.81,100.0,3.9,18.0,0.0,0
2021-09-15 14:30:09.747000+00:00,70B3D5499C9F22F1,Droplet #6,Droplet,Rottenraw Burn u/s Elliot Water confluence,56.55722722014659,-2.6604111487841786,064600018a052710002706a400000000,16.06,1008.69,100.0,3.9,17.0,0.0,0
2021-09-15 14:45:10.622000+00:00,70B3D5499C9F22F1,Droplet #6,Droplet,Rottenraw Burn u/s Elliot Water confluence,56.55722722014659,-2.6604111487841786,05fd00018a0227100026064000000000,15.33,1008.66,100.0,3.8,16.0,0.0,0
2021-09-15 15:00:12.251000+00:00,70B3D5499C9F22F1,Droplet #6,Droplet,Rottenraw Burn u/s Elliot Water confluence,56.55722722014659,-2.6604111487841786,0652000189f22710002706a400000000,16.18,1008.5,100.0,3.9,17.0,0.0,0
2021-09-15 15:15:10.647000+00:00,70B3D5499C9F22F1,Droplet #6,Droplet,Rottenraw Burn u/s Elliot Water confluence,56.55722722014659,-2.6604111487841786,067b000189fd2710002606bd00000000,16.59,1008.61,100.0,3.8,17.25,0.0,0
2021-09-15 16:00:09.793000+00:00,70B3D5499C9F22F1,Droplet #6,Droplet,Rottenraw Burn u/s Elliot Water confluence,56.55722722014659,-2.6604111487841786,05fb000189e927100026064000000000,15.31,1008.41,100.0,3.8,16.0,0.0,0
2021-09-15 16:15:11.490000+00:00,70B3D5499C9F22F1,Droplet #6,Droplet,Rottenraw Burn u/s Elliot Water confluence,56.55722722014659,-2.6604111487841786,0609000189f327100028064000000000,15.45,1008.51,100.0,4.0,16.0,0.0,0
2021-09-15 16:45:11.729000+00:00,70B3D5499C9F22F1,Droplet #6,Droplet,Rottenraw Burn u/s Elliot Water confluence,56.55722722014659,-2.6604111487841786,0665000189f92710002706a400000000,16.37,1008.57,100.0,3.9,17.0,0.0,0
2021-09-15 17:00:09.940000+00:00,70B3D5499C9F22F1,Droplet #6,Droplet,Rottenraw Burn u/s Elliot Water confluence,56.55722722014659,-2.6604111487841786,05f8000189f327100027064000000000,15.28,1008.51,100.0,3.9,16.0,0.0,0
2021-09-15 17:15:10.078000+00:00,70B3D5499C9F22F1,Droplet #6,Droplet,Rottenraw Burn u/s Elliot Water confluence,56.55722722014659,-2.6604111487841786,05b4000189ec2710002705f500000000,14.6,1008.44,100.0,3.9,15.25,0.0,0
2021-09-15 17:30:11.587000+00:00,70B3D5499C9F22F1,Droplet #6,Droplet,Rottenraw Burn u/s Elliot Water confluence,56.55722722014659,-2.6604111487841786,05b1000189f42710002705dc00000000,14.57,1008.52,100.0,3.9,15.0,0.0,0
2021-09-15 17:45:11.049000+00:00,70B3D5499C9F22F1,Droplet #6,Droplet,Rottenraw Burn u/s Elliot Water confluence,56.55722722014659,-2.6604111487841786,05b5000189f92710002705f500000000,14.61,1008.57,100.0,3.9,15.25,0.0,0
2021-09-15 18:00:11.793000+00:00,70B3D5499C9F22F1,Droplet #6,Droplet,Rottenraw Burn u/s Elliot Water confluence,56.55722722014659,-2.6604111487841786,05a1000189f02710002605dc00000000,14.41,1008.48,100.0,3.8,15.0,0.0,0
2021-09-15 18:45:10.509000+00:00,70B3D5499C9F22F1,Droplet #6,Droplet,Rottenraw Burn u/s Elliot Water confluence,56.55722722014659,-2.6604111487841786,0567000189fb2710002705aa00000000,13.83,1008.59,100.0,3.9,14.5,0.0,0
2021-09-15 19:15:11.598000+00:00,70B3D5499C9F22F1,Droplet #6,Droplet,Rottenraw Burn u/s Elliot Water confluence,56.55722722014659,-2.6604111487841786,054600018a1127100026057800000000,13.5,1008.81,100.0,3.8,14.0,0.0,0
2021-09-15 19:30:09.859000+00:00,70B3D5499C9F22F1,Droplet #6,Droplet,Rottenraw Burn u/s Elliot Water confluence,56.55722722014659,-2.6604111487841786,053500018a0927100027057800000000,13.33,1008.73,100.0,3.9,14.0,0.0,0
2021-09-15 19:45:12.341000+00:00,70B3D5499C9F22F1,Droplet #6,Droplet,Rottenraw Burn u/s Elliot Water confluence,56.55722722014659,-2.6604111487841786,053100018a1427100026055f00000000,13.29,1008.84,100.0,3.8,13.75,0.0,0
2021-09-15 20:00:11.086000+00:00,70B3D5499C9F22F1,Droplet #6,Droplet,Rottenraw Burn u/s Elliot Water confluence,56.55722722014659,-2.6604111487841786,051f00018a2427100027055f00000000,13.11,1009.0,100.0,3.9,13.75,0.0,0
2021-09-15 20:30:10.792000+00:00,70B3D5499C9F22F1,Droplet #6,Droplet,Rottenraw Burn u/s Elliot Water confluence,56.55722722014659,-2.6604111487841786,04ff00018a2427100026054600000000,12.79,1009.0,100.0,3.8,13.5,0.0,0
2021-09-15 21:00:11.130000+00:00,70B3D5499C9F22F1,Droplet #6,Droplet,Rottenraw Burn u/s Elliot Water confluence,56.55722722014659,-2.6604111487841786,04fe00018a2127100027054600000000,12.78,1008.97,100.0,3.9,13.5,0.0,0
2021-09-15 21:15:12.083000+00:00,70B3D5499C9F22F1,Droplet #6,Droplet,Rottenraw Burn u/s Elliot Water confluence,56.55722722014659,-2.6604111487841786,04e200018a3327100026051400000000,12.5,1009.15,100.0,3.8,13.0,0.0,0
2021-09-15 21:30:11.576000+00:00,70B3D5499C9F22F1,Droplet #6,Droplet,Rottenraw Burn u/s Elliot Water confluence,56.55722722014659,-2.6604111487841786,04c700018a2727100026051400000000,12.23,1009.03,100.0,3.8,13.0,0.0,0
2021-09-15 22:00:11.806000+00:00,70B3D5499C9F22F1,Droplet #6,Droplet,Rottenraw Burn u/s Elliot Water confluence,56.55722722014659,-2.6604111487841786,04cb00018a242710002704fb00000000,12.27,1009.0,100.0,3.9,12.75,0.0,0
2021-09-15 22:15:10.267000+00:00,70B3D5499C9F22F1,Droplet #6,Droplet,Rottenraw Burn u/s Elliot Water confluence,56.55722722014659,-2.6604111487841786,04d100018a1227100027051400000000,12.33,1008.82,100.0,3.9,13.0,0.0,0
2021-09-15 23:00:12.219000+00:00,70B3D5499C9F22F1,Droplet #6,Droplet,Rottenraw Burn u/s Elliot Water confluence,56.55722722014659,-2.6604111487841786,04f000018a0a27100027051400000000,12.64,1008.74,100.0,3.9,13.0,0.0,0
2021-09-15 23:15:11.258000+00:00,70B3D5499C9F22F1,Droplet #6,Droplet,Rottenraw Burn u/s Elliot Water confluence,56.55722722014659,-2.6604111487841786,050c00018a1227100026054600000000,12.92,1008.82,100.0,3.8,13.5,0.0,0
2021-09-15 23:30:11.055000+00:00,70B3D5499C9F22F1,Droplet #6,Droplet,Rottenraw Burn u/s Elliot Water confluence,56.55722722014659,-2.6604111487841786,051400018a0c27100026054600000000,13.0,1008.76,100.0,3.8,13.5,0.0,0
2021-09-15 23:45:12.059000+00:00,70B3D5499C9F22F1,Droplet #6,Droplet,Rottenraw Burn u/s Elliot Water confluence,56.55722722014659,-2.6604111487841786,0518000189f927100027055f00000000,13.04,1008.57,100.0,3.9,13.75,0.0,0
2021-09-16 00:15:09.975000+00:00,70B3D5499C9F22F1,Droplet #6,Droplet,Rottenraw Burn u/s Elliot Water confluence,56.55722722014659,-2.6604111487841786,0506000189f727100026054600000000,12.86,1008.55,100.0,3.8,13.5,0.0,0
2021-09-16 00:45:11.050000+00:00,70B3D5499C9F22F1,Droplet #6,Droplet,Rottenraw Burn u/s Elliot Water confluence,56.55722722014659,-2.6604111487841786,050b000189f027100026054600000000,12.91,1008.48,100.0,3.8,13.5,0.0,0
2021-09-16 01:15:10.037000+00:00,70B3D5499C9F22F1,Droplet #6,Droplet,Rottenraw Burn u/s Elliot Water confluence,56.55722722014659,-2.6604111487841786,04f4000189f627100026052d00000000,12.68,1008.54,100.0,3.8,13.25,0.0,0
2021-09-16 01:30:11.670000+00:00,70B3D5499C9F22F1,Droplet #6,Droplet,Rottenraw Burn u/s Elliot Water confluence,56.55722722014659,-2.6604111487841786,04e0000189e127100026051400000000,12.48,1008.33,100.0,3.8,13.0,0.0,0
2021-09-16 01:45:11.841000+00:00,70B3D5499C9F22F1,Droplet #6,Droplet,Rottenraw Burn u/s Elliot Water confluence,56.55722722014659,-2.6604111487841786,04cd000189d427100026051400000000,12.29,1008.2,100.0,3.8,13.0,0.0,0
2021-09-16 02:00:11.617000+00:00,70B3D5499C9F22F1,Droplet #6,Droplet,Rottenraw Burn u/s Elliot Water confluence,56.55722722014659,-2.6604111487841786,04ef000189e227100026052d00000000,12.63,1008.34,100.0,3.8,13.25,0.0,0
2021-09-16 02:30:11.788000+00:00,70B3D5499C9F22F1,Droplet #6,Droplet,Rottenraw Burn u/s Elliot Water confluence,56.55722722014659,-2.6604111487841786,04f1000189d127100027052d00000000,12.65,1008.17,100.0,3.9,13.25,0.0,0
2021-09-16 02:45:11.818000+00:00,70B3D5499C9F22F1,Droplet #6,Droplet,Rottenraw Burn u/s Elliot Water confluence,56.55722722014659,-2.6604111487841786,04ef000189e027100026052d00000000,12.63,1008.32,100.0,3.8,13.25,0.0,0
2021-09-16 03:15:10.375000+00:00,70B3D5499C9F22F1,Droplet #6,Droplet,Rottenraw Burn u/s Elliot Water confluence,56.55722722014659,-2.6604111487841786,04de000189db27100026051400000000,12.46,1008.27,100.0,3.8,13.0,0.0,0
2021-09-16 03:30:11.583000+00:00,70B3D5499C9F22F1,Droplet #6,Droplet,Rottenraw Burn u/s Elliot Water confluence,56.55722722014659,-2.6604111487841786,04d0000189de2710002704fb00000000,12.32,1008.3,100.0,3.9,12.75,0.0,0
2021-09-16 04:00:10.777000+00:00,70B3D5499C9F22F1,Droplet #6,Droplet,Rottenraw Burn u/s Elliot Water confluence,56.55722722014659,-2.6604111487841786,04c0000189d227100027051400000000,12.16,1008.18,100.0,3.9,13.0,0.0,0
2021-09-16 04:30:11.193000+00:00,70B3D5499C9F22F1,Droplet #6,Droplet,Rottenraw Burn u/s Elliot Water confluence,56.55722722014659,-2.6604111487841786,0491000189dc2710002604e200000000,11.69,1008.28,100.0,3.8,12.5,0.0,0
2021-09-16 04:45:11.860000+00:00,70B3D5499C9F22F1,Droplet #6,Droplet,Rottenraw Burn u/s Elliot Water confluence,56.55722722014659,-2.6604111487841786,0474000189cb2710002704b000000000,11.4,1008.11,100.0,3.9,12.0,0.0,0
2021-09-16 05:00:11.113000+00:00,70B3D5499C9F22F1,Droplet #6,Droplet,Rottenraw Burn u/s Elliot Water confluence,56.55722722014659,-2.6604111487841786,0461000189eb27100027049700000000,11.21,1008.43,100.0,3.9,11.75,0.0,0
2021-09-16 05:15:10.965000+00:00,70B3D5499C9F22F1,Droplet #6,Droplet,Rottenraw Burn u/s Elliot Water confluence,56.55722722014659,-2.6604111487841786,0438000189d527100026047e00000000,10.8,1008.21,100.0,3.8,11.5,0.0,0
2021-09-16 05:30:11.001000+00:00,70B3D5499C9F22F1,Droplet #6,Droplet,Rottenraw Burn u/s Elliot Water confluence,56.55722722014659,-2.6604111487841786,0413000189e727100027044c00000000,10.43,1008.39,100.0,3.9,11.0,0.0,0
2021-09-16 05:45:12.117000+00:00,70B3D5499C9F22F1,Droplet #6,Droplet,Rottenraw Burn u/s Elliot Water confluence,56.55722722014659,-2.6604111487841786,03ef000189d927100027043300000000,10.07,1008.25,100.0,3.9,10.75,0.0,0
2021-09-16 06:00:11.544000+00:00,70B3D5499C9F22F1,Droplet #6,Droplet,Rottenraw Burn u/s Elliot Water confluence,56.55722722014659,-2.6604111487841786,03c2000189e727100027040100000000,9.62,1008.39,100.0,3.9,10.25,0.0,0
2021-09-16 06:15:11.310000+00:00,70B3D5499C9F22F1,Droplet #6,Droplet,Rottenraw Burn u/s Elliot Water confluence,56.55722722014659,-2.6604111487841786,03b2000189fa2710002603e800000000,9.46,1008.58,100.0,3.8,10.0,0.0,0
2021-09-16 06:45:13.617000+00:00,70B3D5499C9F22F1,Droplet #6,Droplet,Rottenraw Burn u/s Elliot Water confluence,56.55722722014659,-2.6604111487841786,0448000189f727100027049700000000,10.96,1008.55,100.0,3.9,11.75,0.0,0
2021-09-16 07:00:13.323000+00:00,70B3D5499C9F22F1,Droplet #6,Droplet,Rottenraw Burn u/s Elliot Water confluence,56.55722722014659,-2.6604111487841786,04d100018a1327100026054600000000,12.33,1008.83,100.0,3.8,13.5,0.0,0
2021-09-16 07:15:13.452000+00:00,70B3D5499C9F22F1,Droplet #6,Droplet,Rottenraw Burn u/s Elliot Water confluence,56.55722722014659,-2.6604111487841786,052800018a112710002705aa00000000,13.2,1008.81,100.0,3.9,14.5,0.0,0
2021-09-16 07:45:12.514000+00:00,70B3D5499C9F22F1,Droplet #6,Droplet,Rottenraw Burn u/s Elliot Water confluence,56.55722722014659,-2.6604111487841786,059500018a2027100028062700000000,14.29,1008.96,100.0,4.0,15.75,0.0,0
2021-09-16 08:00:11.201000+00:00,70B3D5499C9F22F1,Droplet #6,Droplet,Rottenraw Burn u/s Elliot Water confluence,56.55722722014659,-2.6604111487841786,05d000018a2b27100027067200000000,14.88,1009.07,100.0,3.9,16.5,0.0,0
2021-09-16 08:15:11.700000+00:00,70B3D5499C9F22F1,Droplet #6,Droplet,Rottenraw Burn u/s Elliot Water confluence,56.55722722014659,-2.6604111487841786,05ea00018a2527100027067200000000,15.14,1009.01,100.0,3.9,16.5,0.0,0
2021-09-16 08:30:12.691000+00:00,70B3D5499C9F22F1,Droplet #6,Droplet,Rottenraw Burn u/s Elliot Water confluence,56.55722722014659,-2.6604111487841786,062400018a1b2710002706bd00000000,15.72,1008.91,100.0,3.9,17.25,0.0,0
2021-09-16 08:45:11.954000+00:00,70B3D5499C9F22F1,Droplet #6,Droplet,Rottenraw Burn u/s Elliot Water confluence,56.55722722014659,-2.6604111487841786,065d00018a3b27100027072100000000,16.29,1009.23,100.0,3.9,18.25,0.0,0
2021-09-16 09:30:11.157000+00:00,70B3D5499C9F22F1,Droplet #6,Droplet,Rottenraw Burn u/s Elliot Water confluence,56.55722722014659,-2.6604111487841786,05e100018a5327100028064000000000,15.05,1009.47,100.0,4.0,16.0,0.0,0
2021-09-16 09:45:12.854000+00:00,70B3D5499C9F22F1,Droplet #6,Droplet,Rottenraw Burn u/s Elliot Water confluence,56.55722722014659,-2.6604111487841786,064700018a442710002706bd00000000,16.07,1009.32,100.0,3.9,17.25,0.0,0
2021-09-16 10:30:11.510000+00:00,70B3D5499C9F22F1,Droplet #6,Droplet,Rottenraw Burn u/s Elliot Water confluence,56.55722722014659,-2.6604111487841786,069200018a5e27100028070800000000,16.82,1009.58,100.0,4.0,18.0,0.0,0
2021-09-16 10:45:09.703000+00:00,70B3D5499C9F22F1,Droplet #6,Droplet,Rottenraw Burn u/s Elliot Water confluence,56.55722722014659,-2.6604111487841786,065500018a542710002706d600000000,16.21,1009.48,100.0,3.9,17.5,0.0,0
2021-09-16 11:00:11.053000+00:00,70B3D5499C9F22F1,Droplet #6,Droplet,Rottenraw Burn u/s Elliot Water confluence,56.55722722014659,-2.6604111487841786,061b00018a4d27100028068b00000000,15.63,1009.41,100.0,4.0,16.75,0.0,0
2021-09-16 11:15:09.603000+00:00,70B3D5499C9F22F1,Droplet #6,Droplet,Rottenraw Burn u/s Elliot Water confluence,56.55722722014659,-2.6604111487841786,060000018a4c27100028065900000000,15.36,1009.4,100.0,4.0,16.25,0.0,0
2021-09-16 11:30:11.177000+00:00,70B3D5499C9F22F1,Droplet #6,Droplet,Rottenraw Burn u/s Elliot Water confluence,56.55722722014659,-2.6604111487841786,060500018a5527100027067200000000,15.41,1009.49,100.0,3.9,16.5,0.0,0
2021-09-16 11:45:11.414000+00:00,70B3D5499C9F22F1,Droplet #6,Droplet,Rottenraw Burn u/s Elliot Water confluence,56.55722722014659,-2.6604111487841786,061b00018a5527100027068b00000000,15.63,1009.49,100.0,3.9,16.75,0.0,0
2021-09-16 12:00:12.107000+00:00,70B3D5499C9F22F1,Droplet #6,Droplet,Rottenraw Burn u/s Elliot Water confluence,56.55722722014659,-2.6604111487841786,060200018a5027100028067200000000,15.38,1009.44,100.0,4.0,16.5,0.0,0
2021-09-16 12:15:13.227000+00:00,70B3D5499C9F22F1,Droplet #6,Droplet,Rottenraw Burn u/s Elliot Water confluence,56.55722722014659,-2.6604111487841786,065300018a412710002806a400000000,16.19,1009.29,100.0,4.0,17.0,0.0,0
2021-09-16 12:45:13.317000+00:00,70B3D5499C9F22F1,Droplet #6,Droplet,Rottenraw Burn u/s Elliot Water confluence,56.55722722014659,-2.6604111487841786,068500018a3927100028070800000000,16.69,1009.21,100.0,4.0,18.0,0.0,0
2021-09-16 13:30:12.910000+00:00,70B3D5499C9F22F1,Droplet #6,Droplet,Rottenraw Burn u/s Elliot Water confluence,56.55722722014659,-2.6604111487841786,066a00018a0e2710002806d600000000,16.42,1008.78,100.0,4.0,17.5,0.0,0
2021-09-16 13:45:12.260000+00:00,70B3D5499C9F22F1,Droplet #6,Droplet,Rottenraw Burn u/s Elliot Water confluence,56.55722722014659,-2.6604111487841786,069900018a062710002906ef00000000,16.89,1008.7,100.0,4.1,17.75,0.0,0
2021-09-16 14:00:12.844000+00:00,70B3D5499C9F22F1,Droplet #6,Droplet,Rottenraw Burn u/s Elliot Water confluence,56.55722722014659,-2.6604111487841786,06eb000189d927100028073a00000000,17.71,1008.25,100.0,4.0,18.5,0.0,0
2021-09-16 14:15:12.240000+00:00,70B3D5499C9F22F1,Droplet #6,Droplet,Rottenraw Burn u/s Elliot Water confluence,56.55722722014659,-2.6604111487841786,071f000189e927100029078500000000,18.23,1008.41,100.0,4.1,19.25,0.0,0
2021-09-16 14:30:11.779000+00:00,70B3D5499C9F22F1,Droplet #6,Droplet,Rottenraw Burn u/s Elliot Water confluence,56.55722722014659,-2.6604111487841786,0720000189ce27100028078500000000,18.24,1008.14,100.0,4.0,19.25,0.0,0
2021-09-16 14:45:11.825000+00:00,70B3D5499C9F22F1,Droplet #6,Droplet,Rottenraw Burn u/s Elliot Water confluence,56.55722722014659,-2.6604111487841786,0725000189d527100029078500000000,18.29,1008.21,100.0,4.1,19.25,0.0,0
2021-09-16 15:00:10.289000+00:00,70B3D5499C9F22F1,Droplet #6,Droplet,Rottenraw Burn u/s Elliot Water confluence,56.55722722014659,-2.6604111487841786,0703000189bc27100028075300000000,17.95,1007.96,100.0,4.0,18.75,0.0,0
2021-09-16 15:15:12.629000+00:00,70B3D5499C9F22F1,Droplet #6,Droplet,Rottenraw Burn u/s Elliot Water confluence,56.55722722014659,-2.6604111487841786,0703000189ca27100029075300000000,17.95,1008.1,100.0,4.1,18.75,0.0,0
2021-09-16 15:30:11.107000+00:00,70B3D5499C9F22F1,Droplet #6,Droplet,Rottenraw Burn u/s Elliot Water confluence,56.55722722014659,-2.6604111487841786,0729000189b927100029078500000000,18.33,1007.93,100.0,4.1,19.25,0.0,0
2021-09-16 15:45:12.312000+00:00,70B3D5499C9F22F1,Droplet #6,Droplet,Rottenraw Burn u/s Elliot Water confluence,56.55722722014659,-2.6604111487841786,0716000189b227100029075300000000,18.14,1007.86,100.0,4.1,18.75,0.0,0
2021-09-16 16:15:12.248000+00:00,70B3D5499C9F22F1,Droplet #6,Droplet,Rottenraw Burn u/s Elliot Water confluence,56.55722722014659,-2.6604111487841786,06e2000189ac27100029072100000000,17.62,1007.8,100.0,4.1,18.25,0.0,0
2021-09-16 16:30:11.412000+00:00,70B3D5499C9F22F1,Droplet #6,Droplet,Rottenraw Burn u/s Elliot Water confluence,56.55722722014659,-2.6604111487841786,068f000189b12710002906d600000000,16.79,1007.85,100.0,4.1,17.5,0.0,0
2021-09-16 17:00:11.384000+00:00,70B3D5499C9F22F1,Droplet #6,Droplet,Rottenraw Burn u/s Elliot Water confluence,56.55722722014659,-2.6604111487841786,06220001899527100029065900000000,15.7,1007.57,100.0,4.1,16.25,0.0,0
2021-09-16 17:30:11.414000+00:00,70B3D5499C9F22F1,Droplet #6,Droplet,Rottenraw Burn u/s Elliot Water confluence,56.55722722014659,-2.6604111487841786,05f0000189a427100029060e00000000,15.2,1007.72,100.0,4.1,15.5,0.0,0
2021-09-16 17:45:11.838000+00:00,70B3D5499C9F22F1,Droplet #6,Droplet,Rottenraw Burn u/s Elliot Water confluence,56.55722722014659,-2.6604111487841786,0591000189ae2710002805c300000000,14.25,1007.82,100.0,4.0,14.75,0.0,0
2021-09-16 18:00:11.625000+00:00,70B3D5499C9F22F1,Droplet #6,Droplet,Rottenraw Burn u/s Elliot Water confluence,56.55722722014659,-2.6604111487841786,0579000189a92710002905aa00000000,14.01,1007.77,100.0,4.1,14.5,0.0,0
2021-09-16 18:15:12.004000+00:00,70B3D5499C9F22F1,Droplet #6,Droplet,Rottenraw Burn u/s Elliot Water confluence,56.55722722014659,-2.6604111487841786,0578000189a92710002905aa00000000,14.0,1007.77,100.0,4.1,14.5,0.0,0
2021-09-16 18:30:11.654000+00:00,70B3D5499C9F22F1,Droplet #6,Droplet,Rottenraw Burn u/s Elliot Water confluence,56.55722722014659,-2.6604111487841786,057b000189c72710002905aa00000000,14.03,1008.07,100.0,4.1,14.5,0.0,0
2021-09-16 18:45:11.822000+00:00,70B3D5499C9F22F1,Droplet #6,Droplet,Rottenraw Burn u/s Elliot Water confluence,56.55722722014659,-2.6604111487841786,057a000189cd2710002905aa00000000,14.02,1008.13,100.0,4.1,14.5,0.0,0
2021-09-16 19:00:10.740000+00:00,70B3D5499C9F22F1,Droplet #6,Droplet,Rottenraw Burn u/s Elliot Water confluence,56.55722722014659,-2.6604111487841786,0578000189da2710002905c300000000,14.0,1008.26,100.0,4.1,14.75,0.0,0
2021-09-16 19:15:11.374000+00:00,70B3D5499C9F22F1,Droplet #6,Droplet,Rottenraw Burn u/s Elliot Water confluence,56.55722722014659,-2.6604111487841786,0570000189ea2710002a05aa00000000,13.92,1008.42,100.0,4.2,14.5,0.0,0
2021-09-16 19:30:12.066000+00:00,70B3D5499C9F22F1,Droplet #6,Droplet,Rottenraw Burn u/s Elliot Water confluence,56.55722722014659,-2.6604111487841786,0568000189f42710002905aa00000000,13.84,1008.52,100.0,4.1,14.5,0.0,0
2021-09-16 19:45:10.585000+00:00,70B3D5499C9F22F1,Droplet #6,Droplet,Rottenraw Burn u/s Elliot Water confluence,56.55722722014659,-2.6604111487841786,0557000189db27100028059100000000,13.67,1008.27,100.0,4.0,14.25,0.0,0
2021-09-16 20:00:12.449000+00:00,70B3D5499C9F22F1,Droplet #6,Droplet,Rottenraw Burn u/s Elliot Water confluence,56.55722722014659,-2.6604111487841786,053e000189d527100029057800000000,13.42,1008.21,100.0,4.1,14.0,0.0,0
2021-09-16 20:15:11.809000+00:00,70B3D5499C9F22F1,Droplet #6,Droplet,Rottenraw Burn u/s Elliot Water confluence,56.55722722014659,-2.6604111487841786,0537000189dc27100028057800000000,13.35,1008.28,100.0,4.0,14.0,0.0,0
2021-09-16 20:30:11.839000+00:00,70B3D5499C9F22F1,Droplet #6,Droplet,Rottenraw Burn u/s Elliot Water confluence,56.55722722014659,-2.6604111487841786,0530000189b627100029057800000000,13.28,1007.9,100.0,4.1,14.0,0.0,0
2021-09-16 20:45:11.712000+00:00,70B3D5499C9F22F1,Droplet #6,Droplet,Rottenraw Burn u/s Elliot Water confluence,56.55722722014659,-2.6604111487841786,052b000189e127100028055f00000000,13.23,1008.33,100.0,4.0,13.75,0.0,0
2021-09-16 21:00:11.955000+00:00,70B3D5499C9F22F1,Droplet #6,Droplet,Rottenraw Burn u/s Elliot Water confluence,56.55722722014659,-2.6604111487841786,0536000189ab27100029057800000000,13.34,1007.79,100.0,4.1,14.0,0.0,0
2021-09-16 21:15:11.922000+00:00,70B3D5499C9F22F1,Droplet #6,Droplet,Rottenraw Burn u/s Elliot Water confluence,56.55722722014659,-2.6604111487841786,0549000189d627100028057800000000,13.53,1008.22,100.0,4.0,14.0,0.0,0
2021-09-16 21:30:12.004000+00:00,70B3D5499C9F22F1,Droplet #6,Droplet,Rottenraw Burn u/s Elliot Water confluence,56.55722722014659,-2.6604111487841786,0558000189c227100028059100000000,13.68,1008.02,100.0,4.0,14.25,0.0,0
2021-09-16 21:45:10.923000+00:00,70B3D5499C9F22F1,Droplet #6,Droplet,Rottenraw Burn u/s Elliot Water confluence,56.55722722014659,-2.6604111487841786,0568000189bc2710002905aa00000000,13.84,1007.96,100.0,4.1,14.5,0.0,0
2021-09-16 22:15:12.500000+00:00,70B3D5499C9F22F1,Droplet #6,Droplet,Rottenraw Burn u/s Elliot Water confluence,56.55722722014659,-2.6604111487841786,05540001898f27100029059100000000,13.64,1007.51,100.0,4.1,14.25,0.0,0
2021-09-16 22:30:11.871000+00:00,70B3D5499C9F22F1,Droplet #6,Droplet,Rottenraw Burn u/s Elliot Water confluence,56.55722722014659,-2.6604111487841786,054a000189a527100029057800000000,13.54,1007.73,100.0,4.1,14.0,0.0,0
2021-09-16 22:45:11.269000+00:00,70B3D5499C9F22F1,Droplet #6,Droplet,Rottenraw Burn u/s Elliot Water confluence,56.55722722014659,-2.6604111487841786,052e0001898627100029055f00000000,13.26,1007.42,100.0,4.1,13.75,0.0,0
2021-09-16 23:00:11.191000+00:00,70B3D5499C9F22F1,Droplet #6,Droplet,Rottenraw Burn u/s Elliot Water confluence,56.55722722014659,-2.6604111487841786,0524000189b227100029055f00000000,13.16,1007.86,100.0,4.1,13.75,0.0,0
2021-09-16 23:15:12.111000+00:00,70B3D5499C9F22F1,Droplet #6,Droplet,Rottenraw Burn u/s Elliot Water confluence,56.55722722014659,-2.6604111487841786,051f0001899127100029055f00000000,13.11,1007.53,100.0,4.1,13.75,0.0,0
2021-09-16 23:30:11.747000+00:00,70B3D5499C9F22F1,Droplet #6,Droplet,Rottenraw Burn u/s Elliot Water confluence,56.55722722014659,-2.6604111487841786,051e0001895027100029055f00000000,13.1,1006.88,100.0,4.1,13.75,0.0,0
2021-09-16 23:45:11.937000+00:00,70B3D5499C9F22F1,Droplet #6,Droplet,Rottenraw Burn u/s Elliot Water confluence,56.55722722014659,-2.6604111487841786,05220001896527100029055f00000000,13.14,1007.09,100.0,4.1,13.75,0.0,0
2021-09-17 00:00:11.891000+00:00,70B3D5499C9F22F1,Droplet #6,Droplet,Rottenraw Burn u/s Elliot Water confluence,56.55722722014659,-2.6604111487841786,051b0001898527100029055f00000000,13.07,1007.41,100.0,4.1,13.75,0.0,0
2021-09-17 00:15:11.607000+00:00,70B3D5499C9F22F1,Droplet #6,Droplet,Rottenraw Burn u/s Elliot Water confluence,56.55722722014659,-2.6604111487841786,050f0001896f27100029054600000000,12.95,1007.19,100.0,4.1,13.5,0.0,0
2021-09-17 00:30:11.085000+00:00,70B3D5499C9F22F1,Droplet #6,Droplet,Rottenraw Burn u/s Elliot Water confluence,56.55722722014659,-2.6604111487841786,05060001896b27100029054600000000,12.86,1007.15,100.0,4.1,13.5,0.0,0
2021-09-17 00:45:11.192000+00:00,70B3D5499C9F22F1,Droplet #6,Droplet,Rottenraw Burn u/s Elliot Water confluence,56.55722722014659,-2.6604111487841786,04fd0001895027100029052d00000000,12.77,1006.88,100.0,4.1,13.25,0.0,0
2021-09-17 01:15:11.323000+00:00,70B3D5499C9F22F1,Droplet #6,Droplet,Rottenraw Burn u/s Elliot Water confluence,56.55722722014659,-2.6604111487841786,04fb0001894827100029052d00000000,12.75,1006.8,100.0,4.1,13.25,0.0,0
2021-09-17 01:30:12.521000+00:00,70B3D5499C9F22F1,Droplet #6,Droplet,Rottenraw Burn u/s Elliot Water confluence,56.55722722014659,-2.6604111487841786,04fb0001892527100029052d00000000,12.75,1006.45,100.0,4.1,13.25,0.0,0
2021-09-17 01:45:11.455000+00:00,70B3D5499C9F22F1,Droplet #6,Droplet,Rottenraw Burn u/s Elliot Water confluence,56.55722722014659,-2.6604111487841786,04e90001892f27100029051400000000,12.57,1006.55,100.0,4.1,13.0,0.0,0
2021-09-17 02:15:11.794000+00:00,70B3D5499C9F22F1,Droplet #6,Droplet,Rottenraw Burn u/s Elliot Water confluence,56.55722722014659,-2.6604111487841786,04bb000188fc2710002904fb00000000,12.11,1006.04,100.0,4.1,12.75,0.0,0
2021-09-17 02:30:11.337000+00:00,70B3D5499C9F22F1,Droplet #6,Droplet,Rottenraw Burn u/s Elliot Water confluence,56.55722722014659,-2.6604111487841786,04a1000188ea2710002804c900000000,11.85,1005.86,100.0,4.0,12.25,0.0,0
2021-09-17 02:45:12.396000+00:00,70B3D5499C9F22F1,Droplet #6,Droplet,Rottenraw Burn u/s Elliot Water confluence,56.55722722014659,-2.6604111487841786,0495000188e12710002904c900000000,11.73,1005.77,100.0,4.1,12.25,0.0,0
2021-09-17 03:00:12.118000+00:00,70B3D5499C9F22F1,Droplet #6,Droplet,Rottenraw Burn u/s Elliot Water confluence,56.55722722014659,-2.6604111487841786,049d000188dd2710002804c900000000,11.81,1005.73,100.0,4.0,12.25,0.0,0
2021-09-17 03:15:12.109000+00:00,70B3D5499C9F22F1,Droplet #6,Droplet,Rottenraw Burn u/s Elliot Water confluence,56.55722722014659,-2.6604111487841786,04a8000188e92710002904e200000000,11.92,1005.85,100.0,4.1,12.5,0.0,0
2021-09-17 03:30:12.134000+00:00,70B3D5499C9F22F1,Droplet #6,Droplet,Rottenraw Burn u/s Elliot Water confluence,56.55722722014659,-2.6604111487841786,04ac000188d12710002904e200000000,11.96,1005.61,100.0,4.1,12.5,0.0,0
2021-09-17 04:00:12.130000+00:00,70B3D5499C9F22F1,Droplet #6,Droplet,Rottenraw Burn u/s Elliot Water confluence,56.55722722014659,-2.6604111487841786,0490000188802710002904c900000000,11.68,1004.8,100.0,4.1,12.25,0.0,0
2021-09-17 04:15:10.851000+00:00,70B3D5499C9F22F1,Droplet #6,Droplet,Rottenraw Burn u/s Elliot Water confluence,56.55722722014659,-2.6604111487841786,0484000188ea2710002904b000000000,11.56,1005.86,100.0,4.1,12.0,0.0,0
2021-09-17 04:30:11.732000+00:00,70B3D5499C9F22F1,Droplet #6,Droplet,Rottenraw Burn u/s Elliot Water confluence,56.55722722014659,-2.6604111487841786,045e000188df27100028049700000000,11.18,1005.75,100.0,4.0,11.75,0.0,0
2021-09-17 04:45:11.973000+00:00,70B3D5499C9F22F1,Droplet #6,Droplet,Rottenraw Burn u/s Elliot Water confluence,56.55722722014659,-2.6604111487841786,044e000188a227100029047e00000000,11.02,1005.14,100.0,4.1,11.5,0.0,0
2021-09-17 05:45:11.919000+00:00,70B3D5499C9F22F1,Droplet #6,Droplet,Rottenraw Burn u/s Elliot Water confluence,56.55722722014659,-2.6604111487841786,04ff0001888727100029054600000000,12.79,1004.87,100.0,4.1,13.5,0.0,0
2021-09-17 06:00:11.737000+00:00,70B3D5499C9F22F1,Droplet #6,Droplet,Rottenraw Burn u/s Elliot Water confluence,56.55722722014659,-2.6604111487841786,050e000188a627100029054600000000,12.94,1005.18,100.0,4.1,13.5,0.0,0
2021-09-17 06:15:12.094000+00:00,70B3D5499C9F22F1,Droplet #6,Droplet,Rottenraw Burn u/s Elliot Water confluence,56.55722722014659,-2.6604111487841786,051d0001886127100028055f00000000,13.09,1004.49,100.0,4.0,13.75,0.0,0
2021-09-17 06:30:12.766000+00:00,70B3D5499C9F22F1,Droplet #6,Droplet,Rottenraw Burn u/s Elliot Water confluence,56.55722722014659,-2.6604111487841786,05330001887927100029057800000000,13.31,1004.73,100.0,4.1,14.0,0.0,0
2021-09-17 06:45:12.215000+00:00,70B3D5499C9F22F1,Droplet #6,Droplet,Rottenraw Burn u/s Elliot Water confluence,56.55722722014659,-2.6604111487841786,054b000188b927100029059100000000,13.55,1005.37,100.0,4.1,14.25,0.0,0
2021-09-17 07:00:12.593000+00:00,70B3D5499C9F22F1,Droplet #6,Droplet,Rottenraw Burn u/s Elliot Water confluence,56.55722722014659,-2.6604111487841786,055a0001883d27100029059100000000,13.7,1004.13,100.0,4.1,14.25,0.0,0
2021-09-17 07:30:12.375000+00:00,70B3D5499C9F22F1,Droplet #6,Droplet,Rottenraw Burn u/s Elliot Water confluence,56.55722722014659,-2.6604111487841786,0589000188762710002905c300000000,14.17,1004.7,100.0,4.1,14.75,0.0,0
2021-09-17 08:00:11.817000+00:00,70B3D5499C9F22F1,Droplet #6,Droplet,Rottenraw Burn u/s Elliot Water confluence,56.55722722014659,-2.6604111487841786,05a1000188792710002905dc00000000,14.41,1004.73,100.0,4.1,15.0,0.0,0
2021-09-17 08:30:12.001000+00:00,70B3D5499C9F22F1,Droplet #6,Droplet,Rottenraw Burn u/s Elliot Water confluence,56.55722722014659,-2.6604111487841786,05ce0001887d27100029062700000000,14.86,1004.77,100.0,4.1,15.75,0.0,0
2021-09-17 08:45:12.799000+00:00,70B3D5499C9F22F1,Droplet #6,Droplet,Rottenraw Burn u/s Elliot Water confluence,56.55722722014659,-2.6604111487841786,05ff0001887d27100028064000000000,15.35,1004.77,100.0,4.0,16.0,0.0,0
2021-09-17 09:15:12.560000+00:00,70B3D5499C9F22F1,Droplet #6,Droplet,Rottenraw Burn u/s Elliot Water confluence,56.55722722014659,-2.6604111487841786,05ed0001889927100029064000000000,15.17,1005.05,100.0,4.1,16.0,0.0,0
2021-09-17 09:45:11.264000+00:00,70B3D5499C9F22F1,Droplet #6,Droplet,Rottenraw Burn u/s Elliot Water confluence,56.55722722014659,-2.6604111487841786,06170001889427100029067200000000,15.59,1005.0,100.0,4.1,16.5,0.0,0
2021-09-17 10:00:12.766000+00:00,70B3D5499C9F22F1,Droplet #6,Droplet,Rottenraw Burn u/s Elliot Water confluence,56.55722722014659,-2.6604111487841786,06750001889b2710002906ef00000000,16.53,1005.07,100.0,4.1,17.75,0.0,0
2021-09-17 10:30:15.307000+00:00,70B3D5499C9F22F1,Droplet #6,Droplet,Rottenraw Burn u/s Elliot Water confluence,56.55722722014659,-2.6604111487841786,06fd0001888827100029078500000000,17.89,1004.88,100.0,4.1,19.25,0.0,0
2021-09-17 11:15:11.663000+00:00,70B3D5499C9F22F1,Droplet #6,Droplet,Rottenraw Burn u/s Elliot Water confluence,56.55722722014659,-2.6604111487841786,0700000188782710002a078500000000,17.92,1004.72,100.0,4.2,19.25,0.0,0
2021-09-17 11:45:11.572000+00:00,70B3D5499C9F22F1,Droplet #6,Droplet,Rottenraw Burn u/s Elliot Water confluence,56.55722722014659,-2.6604111487841786,0735000188892710002a07b700000000,18.45,1004.89,100.0,4.2,19.75,0.0,0
2021-09-17 12:30:12.396000+00:00,70B3D5499C9F22F1,Droplet #6,Droplet,Rottenraw Burn u/s Elliot Water confluence,56.55722722014659,-2.6604111487841786,074b000188982710002a07b700000000,18.67,1005.04,100.0,4.2,19.75,0.0,0
2021-09-17 12:45:11.164000+00:00,70B3D5499C9F22F1,Droplet #6,Droplet,Rottenraw Burn u/s Elliot Water confluence,56.55722722014659,-2.6604111487841786,06ef000188672710002a076c00000000,17.75,1004.55,100.0,4.2,19.0,0.0,0
2021-09-17 13:00:09.721000+00:00,70B3D5499C9F22F1,Droplet #6,Droplet,Rottenraw Burn u/s Elliot Water confluence,56.55722722014659,-2.6604111487841786,06b50001888b2710002a072100000000,17.17,1004.91,100.0,4.2,18.25,0.0,0
2021-09-17 13:15:12.903000+00:00,70B3D5499C9F22F1,Droplet #6,Droplet,Rottenraw Burn u/s Elliot Water confluence,56.55722722014659,-2.6604111487841786,06b20001886f2710002a072100000000,17.14,1004.63,100.0,4.2,18.25,0.0,0
2021-09-17 13:30:11.838000+00:00,70B3D5499C9F22F1,Droplet #6,Droplet,Rottenraw Burn u/s Elliot Water confluence,56.55722722014659,-2.6604111487841786,06b00001887b2710002a072100000000,17.12,1004.75,100.0,4.2,18.25,0.0,0
2021-09-17 14:15:11.884000+00:00,70B3D5499C9F22F1,Droplet #6,Droplet,Rottenraw Burn u/s Elliot Water confluence,56.55722722014659,-2.6604111487841786,06590001886d2710002a06bd00000000,16.25,1004.61,100.0,4.2,17.25,0.0,0
2021-09-17 14:30:12.667000+00:00,70B3D5499C9F22F1,Droplet #6,Droplet,Rottenraw Burn u/s Elliot Water confluence,56.55722722014659,-2.6604111487841786,06580001887b2710002a06bd00000000,16.24,1004.75,100.0,4.2,17.25,0.0,0
2021-09-17 14:45:12.112000+00:00,70B3D5499C9F22F1,Droplet #6,Droplet,Rottenraw Burn u/s Elliot Water confluence,56.55722722014659,-2.6604111487841786,0658000188452710002a06bd00000000,16.24,1004.21,100.0,4.2,17.25,0.0,0
2021-09-17 15:00:11.873000+00:00,70B3D5499C9F22F1,Droplet #6,Droplet,Rottenraw Burn u/s Elliot Water confluence,56.55722722014659,-2.6604111487841786,0661000188672710002a06bd00000000,16.33,1004.55,100.0,4.2,17.25,0.0,0
2021-09-17 15:15:11.803000+00:00,70B3D5499C9F22F1,Droplet #6,Droplet,Rottenraw Burn u/s Elliot Water confluence,56.55722722014659,-2.6604111487841786,064e000188532710002a06a400000000,16.14,1004.35,100.0,4.2,17.0,0.0,0
2021-09-17 15:30:12.252000+00:00,70B3D5499C9F22F1,Droplet #6,Droplet,Rottenraw Burn u/s Elliot Water confluence,56.55722722014659,-2.6604111487841786,0627000188412710002a068b00000000,15.75,1004.17,100.0,4.2,16.75,0.0,0
2021-09-17 15:45:12.502000+00:00,70B3D5499C9F22F1,Droplet #6,Droplet,Rottenraw Burn u/s Elliot Water confluence,56.55722722014659,-2.6604111487841786,063c000188372710002a068b00000000,15.96,1004.07,100.0,4.2,16.75,0.0,0
2021-09-17 16:00:12.150000+00:00,70B3D5499C9F22F1,Droplet #6,Droplet,Rottenraw Burn u/s Elliot Water confluence,56.55722722014659,-2.6604111487841786,0652000188432710002a06a400000000,16.18,1004.19,100.0,4.2,17.0,0.0,0
2021-09-17 16:15:12.196000+00:00,70B3D5499C9F22F1,Droplet #6,Droplet,Rottenraw Burn u/s Elliot Water confluence,56.55722722014659,-2.6604111487841786,0642000188132710002a068b00000000,16.02,1003.71,100.0,4.2,16.75,0.0,0
2021-09-17 16:30:11.819000+00:00,70B3D5499C9F22F1,Droplet #6,Droplet,Rottenraw Burn u/s Elliot Water confluence,56.55722722014659,-2.6604111487841786,0620000188102710002a067200000000,15.68,1003.68,100.0,4.2,16.5,0.0,0
2021-09-17 17:00:11.151000+00:00,70B3D5499C9F22F1,Droplet #6,Droplet,Rottenraw Burn u/s Elliot Water confluence,56.55722722014659,-2.6604111487841786,05f70001887b2710002a064000000000,15.27,1004.75,100.0,4.2,16.0,0.0,0
2021-09-17 17:15:11.708000+00:00,70B3D5499C9F22F1,Droplet #6,Droplet,Rottenraw Burn u/s Elliot Water confluence,56.55722722014659,-2.6604111487841786,05db000188782710002a062700000000,14.99,1004.72,100.0,4.2,15.75,0.0,0
2021-09-17 17:30:11.751000+00:00,70B3D5499C9F22F1,Droplet #6,Droplet,Rottenraw Burn u/s Elliot Water confluence,56.55722722014659,-2.6604111487841786,05d0000188502710002a062700000000,14.88,1004.32,100.0,4.2,15.75,0.0,0
2021-09-17 17:45:12.053000+00:00,70B3D5499C9F22F1,Droplet #6,Droplet,Rottenraw Burn u/s Elliot Water confluence,56.55722722014659,-2.6604111487841786,05cf0001884c2710002a060e00000000,14.87,1004.28,100.0,4.2,15.5,0.0,0
2021-09-17 18:00:12.282000+00:00,70B3D5499C9F22F1,Droplet #6,Droplet,Rottenraw Burn u/s Elliot Water confluence,56.55722722014659,-2.6604111487841786,05d30001887f2710002a060e00000000,14.91,1004.79,100.0,4.2,15.5,0.0,0
2021-09-17 18:15:12.703000+00:00,70B3D5499C9F22F1,Droplet #6,Droplet,Rottenraw Burn u/s Elliot Water confluence,56.55722722014659,-2.6604111487841786,05e00001888b2710002a062700000000,15.04,1004.91,100.0,4.2,15.75,0.0,0
2021-09-17 18:30:11.677000+00:00,70B3D5499C9F22F1,Droplet #6,Droplet,Rottenraw Burn u/s Elliot Water confluence,56.55722722014659,-2.6604111487841786,05d8000188b82710002a062700000000,14.96,1005.36,100.0,4.2,15.75,0.0,0
2021-09-17 19:00:11.592000+00:00,70B3D5499C9F22F1,Droplet #6,Droplet,Rottenraw Burn u/s Elliot Water confluence,56.55722722014659,-2.6604111487841786,05e0000188802710002a062700000000,15.04,1004.8,100.0,4.2,15.75,0.0,0
2021-09-17 19:15:12.719000+00:00,70B3D5499C9F22F1,Droplet #6,Droplet,Rottenraw Burn u/s Elliot Water confluence,56.55722722014659,-2.6604111487841786,05f1000188642710002a064000000000,15.21,1004.52,100.0,4.2,16.0,0.0,0
2021-09-17 19:30:11.141000+00:00,70B3D5499C9F22F1,Droplet #6,Droplet,Rottenraw Burn u/s Elliot Water confluence,56.55722722014659,-2.6604111487841786,05fd000188802710002a064000000000,15.33,1004.8,100.0,4.2,16.0,0.0,0
2021-09-17 19:45:12.074000+00:00,70B3D5499C9F22F1,Droplet #6,Droplet,Rottenraw Burn u/s Elliot Water confluence,56.55722722014659,-2.6604111487841786,05ff000188c42710002a064000000000,15.35,1005.48,100.0,4.2,16.0,0.0,0
2021-09-17 20:00:12.894000+00:00,70B3D5499C9F22F1,Droplet #6,Droplet,Rottenraw Burn u/s Elliot Water confluence,56.55722722014659,-2.6604111487841786,05fc000188a42710002a064000000000,15.32,1005.16,100.0,4.2,16.0,0.0,0
2021-09-17 20:15:12.906000+00:00,70B3D5499C9F22F1,Droplet #6,Droplet,Rottenraw Burn u/s Elliot Water confluence,56.55722722014659,-2.6604111487841786,05f6000188ed2710002a062700000000,15.26,1005.89,100.0,4.2,15.75,0.0,0
2021-09-17 20:45:11.912000+00:00,70B3D5499C9F22F1,Droplet #6,Droplet,Rottenraw Burn u/s Elliot Water confluence,56.55722722014659,-2.6604111487841786,05ee000188ae2710002a062700000000,15.18,1005.26,100.0,4.2,15.75,0.0,0
2021-09-17 21:30:11.930000+00:00,70B3D5499C9F22F1,Droplet #6,Droplet,Rottenraw Burn u/s Elliot Water confluence,56.55722722014659,-2.6604111487841786,05e2000188c42710002a062700000000,15.06,1005.48,100.0,4.2,15.75,0.0,0
2021-09-17 21:45:12.576000+00:00,70B3D5499C9F22F1,Droplet #6,Droplet,Rottenraw Burn u/s Elliot Water confluence,56.55722722014659,-2.6604111487841786,05d6000188db2710002a060e00000000,14.94,1005.71,100.0,4.2,15.5,0.0,0
2021-09-17 22:00:12.518000+00:00,70B3D5499C9F22F1,Droplet #6,Droplet,Rottenraw Burn u/s Elliot Water confluence,56.55722722014659,-2.6604111487841786,05bf000188ec2710002a060e00000000,14.71,1005.88,100.0,4.2,15.5,0.0,0
2021-09-17 22:15:11.476000+00:00,70B3D5499C9F22F1,Droplet #6,Droplet,Rottenraw Burn u/s Elliot Water confluence,56.55722722014659,-2.6604111487841786,05b40001891a2710002a05f500000000,14.6,1006.34,100.0,4.2,15.25,0.0,0
2021-09-17 22:30:11.957000+00:00,70B3D5499C9F22F1,Droplet #6,Droplet,Rottenraw Burn u/s Elliot Water confluence,56.55722722014659,-2.6604111487841786,05a4000188e42710002a05dc00000000,14.44,1005.8,100.0,4.2,15.0,0.0,0
2021-09-17 23:00:12.202000+00:00,70B3D5499C9F22F1,Droplet #6,Droplet,Rottenraw Burn u/s Elliot Water confluence,56.55722722014659,-2.6604111487841786,0599000189212710002a05dc00000000,14.33,1006.41,100.0,4.2,15.0,0.0,0
2021-09-17 23:30:12.146000+00:00,70B3D5499C9F22F1,Droplet #6,Droplet,Rottenraw Burn u/s Elliot Water confluence,56.55722722014659,-2.6604111487841786,05a7000189322710002a05dc00000000,14.47,1006.58,100.0,4.2,15.0,0.0,0
2021-09-17 23:45:11.091000+00:00,70B3D5499C9F22F1,Droplet #6,Droplet,Rottenraw Burn u/s Elliot Water confluence,56.55722722014659,-2.6604111487841786,0596000189192710002a05dc00000000,14.3,1006.33,100.0,4.2,15.0,0.0,0
2021-09-18 00:00:12.222000+00:00,70B3D5499C9F22F1,Droplet #6,Droplet,Rottenraw Burn u/s Elliot Water confluence,56.55722722014659,-2.6604111487841786,058d0001892e2710002a05c300000000,14.21,1006.54,100.0,4.2,14.75,0.0,0
2021-09-18 00:15:11.911000+00:00,70B3D5499C9F22F1,Droplet #6,Droplet,Rottenraw Burn u/s Elliot Water confluence,56.55722722014659,-2.6604111487841786,05820001893b2710002905c300000000,14.1,1006.67,100.0,4.1,14.75,0.0,0
2021-09-18 00:30:12.766000+00:00,70B3D5499C9F22F1,Droplet #6,Droplet,Rottenraw Burn u/s Elliot Water confluence,56.55722722014659,-2.6604111487841786,0575000189302710002a05c300000000,13.97,1006.56,100.0,4.2,14.75,0.0,0
2021-09-18 00:45:12.613000+00:00,70B3D5499C9F22F1,Droplet #6,Droplet,Rottenraw Burn u/s Elliot Water confluence,56.55722722014659,-2.6604111487841786,0566000189142710002a05aa00000000,13.82,1006.28,100.0,4.2,14.5,0.0,0
2021-09-18 01:30:12.390000+00:00,70B3D5499C9F22F1,Droplet #6,Droplet,Rottenraw Burn u/s Elliot Water confluence,56.55722722014659,-2.6604111487841786,054d0001894b2710002a059100000000,13.57,1006.83,100.0,4.2,14.25,0.0,0
2021-09-18 01:45:12.258000+00:00,70B3D5499C9F22F1,Droplet #6,Droplet,Rottenraw Burn u/s Elliot Water confluence,56.55722722014659,-2.6604111487841786,0540000189342710002a059100000000,13.44,1006.6,100.0,4.2,14.25,0.0,0
2021-09-18 02:00:12.175000+00:00,70B3D5499C9F22F1,Droplet #6,Droplet,Rottenraw Burn u/s Elliot Water confluence,56.55722722014659,-2.6604111487841786,053e0001892e2710002a057800000000,13.42,1006.54,100.0,4.2,14.0,0.0,0
2021-09-18 02:30:12.601000+00:00,70B3D5499C9F22F1,Droplet #6,Droplet,Rottenraw Burn u/s Elliot Water confluence,56.55722722014659,-2.6604111487841786,052a0001894a2710002a057800000000,13.22,1006.82,100.0,4.2,14.0,0.0,0
2021-09-18 03:00:12.068000+00:00,70B3D5499C9F22F1,Droplet #6,Droplet,Rottenraw Burn u/s Elliot Water confluence,56.55722722014659,-2.6604111487841786,05160001895c2710002a055f00000000,13.02,1007.0,100.0,4.2,13.75,0.0,0
2021-09-18 03:15:11.742000+00:00,70B3D5499C9F22F1,Droplet #6,Droplet,Rottenraw Burn u/s Elliot Water confluence,56.55722722014659,-2.6604111487841786,05000001895a27100029054600000000,12.8,1006.98,100.0,4.1,13.5,0.0,0
2021-09-18 03:30:11.711000+00:00,70B3D5499C9F22F1,Droplet #6,Droplet,Rottenraw Burn u/s Elliot Water confluence,56.55722722014659,-2.6604111487841786,04ed000189512710002a052d00000000,12.61,1006.89,100.0,4.2,13.25,0.0,0
2021-09-18 03:45:12.041000+00:00,70B3D5499C9F22F1,Droplet #6,Droplet,Rottenraw Burn u/s Elliot Water confluence,56.55722722014659,-2.6604111487841786,04e9000189612710002a052d00000000,12.57,1007.05,100.0,4.2,13.25,0.0,0
2021-09-18 04:00:12.711000+00:00,70B3D5499C9F22F1,Droplet #6,Droplet,Rottenraw Burn u/s Elliot Water confluence,56.55722722014659,-2.6604111487841786,04d60001896b2710002a051400000000,12.38,1007.15,100.0,4.2,13.0,0.0,0
2021-09-18 04:15:11.677000+00:00,70B3D5499C9F22F1,Droplet #6,Droplet,Rottenraw Burn u/s Elliot Water confluence,56.55722722014659,-2.6604111487841786,04de000189542710002a051400000000,12.46,1006.92,100.0,4.2,13.0,0.0,0
2021-09-18 04:30:12.847000+00:00,70B3D5499C9F22F1,Droplet #6,Droplet,Rottenraw Burn u/s Elliot Water confluence,56.55722722014659,-2.6604111487841786,04f20001892d2710002a052d00000000,12.66,1006.53,100.0,4.2,13.25,0.0,0
2021-09-18 04:45:12.193000+00:00,70B3D5499C9F22F1,Droplet #6,Droplet,Rottenraw Burn u/s Elliot Water confluence,56.55722722014659,-2.6604111487841786,04eb0001894827100029052d00000000,12.59,1006.8,100.0,4.1,13.25,0.0,0
2021-09-18 05:00:12.263000+00:00,70B3D5499C9F22F1,Droplet #6,Droplet,Rottenraw Burn u/s Elliot Water confluence,56.55722722014659,-2.6604111487841786,04d80001895927100029051400000000,12.4,1006.97,100.0,4.1,13.0,0.0,0
2021-09-18 05:30:12.431000+00:00,70B3D5499C9F22F1,Droplet #6,Droplet,Rottenraw Burn u/s Elliot Water confluence,56.55722722014659,-2.6604111487841786,04cb000189772710002a04fb00000000,12.27,1007.27,100.0,4.2,12.75,0.0,0
2021-09-18 05:45:12.349000+00:00,70B3D5499C9F22F1,Droplet #6,Droplet,Rottenraw Burn u/s Elliot Water confluence,56.55722722014659,-2.6604111487841786,04c00001897a2710002a04fb00000000,12.16,1007.3,100.0,4.2,12.75,0.0,0
2021-09-18 06:00:11.851000+00:00,70B3D5499C9F22F1,Droplet #6,Droplet,Rottenraw Burn u/s Elliot Water confluence,56.55722722014659,-2.6604111487841786,049c000189c92710002a04e200000000,11.8,1008.09,100.0,4.2,12.5,0.0,0
2021-09-18 06:30:12.847000+00:00,70B3D5499C9F22F1,Droplet #6,Droplet,Rottenraw Burn u/s Elliot Water confluence,56.55722722014659,-2.6604111487841786,048a000189e82710002904c900000000,11.62,1008.4,100.0,4.1,12.25,0.0,0
2021-09-18 06:45:12.189000+00:00,70B3D5499C9F22F1,Droplet #6,Droplet,Rottenraw Burn u/s Elliot Water confluence,56.55722722014659,-2.6604111487841786,0477000189e52710002904b000000000,11.43,1008.37,100.0,4.1,12.0,0.0,0
2021-09-18 07:00:12.391000+00:00,70B3D5499C9F22F1,Droplet #6,Droplet,Rottenraw Burn u/s Elliot Water confluence,56.55722722014659,-2.6604111487841786,0495000189da2710002a04e200000000,11.73,1008.26,100.0,4.2,12.5,0.0,0
2021-09-18 07:15:12.622000+00:00,70B3D5499C9F22F1,Droplet #6,Droplet,Rottenraw Burn u/s Elliot Water confluence,56.55722722014659,-2.6604111487841786,04c100018a002710002904fb00000000,12.17,1008.64,100.0,4.1,12.75,0.0,0
2021-09-18 07:30:13.063000+00:00,70B3D5499C9F22F1,Droplet #6,Droplet,Rottenraw Burn u/s Elliot Water confluence,56.55722722014659,-2.6604111487841786,04f4000189de2710002a054600000000,12.68,1008.3,100.0,4.2,13.5,0.0,0
2021-09-18 07:45:13.918000+00:00,70B3D5499C9F22F1,Droplet #6,Droplet,Rottenraw Burn u/s Elliot Water confluence,56.55722722014659,-2.6604111487841786,0533000189fd2710002a057800000000,13.31,1008.61,100.0,4.2,14.0,0.0,0
2021-09-18 08:00:13.430000+00:00,70B3D5499C9F22F1,Droplet #6,Droplet,Rottenraw Burn u/s Elliot Water confluence,56.55722722014659,-2.6604111487841786,056a00018a332710002a05c300000000,13.86,1009.15,100.0,4.2,14.75,0.0,0
2021-09-18 08:15:12.232000+00:00,70B3D5499C9F22F1,Droplet #6,Droplet,Rottenraw Burn u/s Elliot Water confluence,56.55722722014659,-2.6604111487841786,056b00018a222710002a05c300000000,13.87,1008.98,100.0,4.2,14.75,0.0,0
2021-09-18 09:00:12.169000+00:00,70B3D5499C9F22F1,Droplet #6,Droplet,Rottenraw Burn u/s Elliot Water confluence,56.55722722014659,-2.6604111487841786,05f5000189f42710002a065900000000,15.25,1008.52,100.0,4.2,16.25,0.0,0
2021-09-18 09:15:13.095000+00:00,70B3D5499C9F22F1,Droplet #6,Droplet,Rottenraw Burn u/s Elliot Water confluence,56.55722722014659,-2.6604111487841786,061d00018a152710002a068b00000000,15.65,1008.85,100.0,4.2,16.75,0.0,0
2021-09-18 09:30:13.582000+00:00,70B3D5499C9F22F1,Droplet #6,Droplet,Rottenraw Burn u/s Elliot Water confluence,56.55722722014659,-2.6604111487841786,06b600018a142710002a075300000000,17.18,1008.84,100.0,4.2,18.75,0.0,0
2021-09-18 09:45:13.972000+00:00,70B3D5499C9F22F1,Droplet #6,Droplet,Rottenraw Burn u/s Elliot Water confluence,56.55722722014659,-2.6604111487841786,06df00018a1a2710002a075300000000,17.59,1008.9,100.0,4.2,18.75,0.0,0
2021-09-18 10:00:11.207000+00:00,70B3D5499C9F22F1,Droplet #6,Droplet,Rottenraw Burn u/s Elliot Water confluence,56.55722722014659,-2.6604111487841786,067800018a152710002a06d600000000,16.56,1008.85,100.0,4.2,17.5,0.0,0
2021-09-18 10:15:12.035000+00:00,70B3D5499C9F22F1,Droplet #6,Droplet,Rottenraw Burn u/s Elliot Water confluence,56.55722722014659,-2.6604111487841786,064400018a0e2710002a06a400000000,16.04,1008.78,100.0,4.2,17.0,0.0,0
2021-09-18 10:30:14.039000+00:00,70B3D5499C9F22F1,Droplet #6,Droplet,Rottenraw Burn u/s Elliot Water confluence,56.55722722014659,-2.6604111487841786,06c800018a0d2710002a075300000000,17.36,1008.77,100.0,4.2,18.75,0.0,0
2021-09-18 10:45:12.538000+00:00,70B3D5499C9F22F1,Droplet #6,Droplet,Rottenraw Burn u/s Elliot Water confluence,56.55722722014659,-2.6604111487841786,06ce000189ff2710002a076c00000000,17.42,1008.63,100.0,4.2,19.0,0.0,0
2021-09-18 11:00:11.857000+00:00,70B3D5499C9F22F1,Droplet #6,Droplet,Rottenraw Burn u/s Elliot Water confluence,56.55722722014659,-2.6604111487841786,06cc00018a102710002a075300000000,17.4,1008.8,100.0,4.2,18.75,0.0,0
2021-09-18 11:15:11.874000+00:00,70B3D5499C9F22F1,Droplet #6,Droplet,Rottenraw Burn u/s Elliot Water confluence,56.55722722014659,-2.6604111487841786,069d000189fb2710002a073a00000000,16.93,1008.59,100.0,4.2,18.5,0.0,0
2021-09-18 11:45:12.826000+00:00,70B3D5499C9F22F1,Droplet #6,Droplet,Rottenraw Burn u/s Elliot Water confluence,56.55722722014659,-2.6604111487841786,068c000189fa2710002a070800000000,16.76,1008.58,100.0,4.2,18.0,0.0,0
2021-09-18 12:15:11.796000+00:00,70B3D5499C9F22F1,Droplet #6,Droplet,Rottenraw Burn u/s Elliot Water confluence,56.55722722014659,-2.6604111487841786,068300018a0b2710002a070800000000,16.67,1008.75,100.0,4.2,18.0,0.0,0
2021-09-18 12:30:12.358000+00:00,70B3D5499C9F22F1,Droplet #6,Droplet,Rottenraw Burn u/s Elliot Water confluence,56.55722722014659,-2.6604111487841786,068a000189f82710002a070800000000,16.74,1008.56,100.0,4.2,18.0,0.0,0
2021-09-18 12:45:12.947000+00:00,70B3D5499C9F22F1,Droplet #6,Droplet,Rottenraw Burn u/s Elliot Water confluence,56.55722722014659,-2.6604111487841786,06a3000189ff2710002a072100000000,16.99,1008.63,100.0,4.2,18.25,0.0,0
2021-09-18 13:00:11.579000+00:00,70B3D5499C9F22F1,Droplet #6,Droplet,Rottenraw Burn u/s Elliot Water confluence,56.55722722014659,-2.6604111487841786,065b000189ef2710002a06d600000000,16.27,1008.47,100.0,4.2,17.5,0.0,0
2021-09-18 13:15:12.101000+00:00,70B3D5499C9F22F1,Droplet #6,Droplet,Rottenraw Burn u/s Elliot Water confluence,56.55722722014659,-2.6604111487841786,0653000189e72710002a06d600000000,16.19,1008.39,100.0,4.2,17.5,0.0,0
2021-09-18 13:30:12.534000+00:00,70B3D5499C9F22F1,Droplet #6,Droplet,Rottenraw Burn u/s Elliot Water confluence,56.55722722014659,-2.6604111487841786,064c000189e82710002a06bd00000000,16.12,1008.4,100.0,4.2,17.25,0.0,0
2021-09-18 13:45:12.058000+00:00,70B3D5499C9F22F1,Droplet #6,Droplet,Rottenraw Burn u/s Elliot Water confluence,56.55722722014659,-2.6604111487841786,062c000189d62710002a06a400000000,15.8,1008.22,100.0,4.2,17.0,0.0,0
2021-09-18 14:00:13.230000+00:00,70B3D5499C9F22F1,Droplet #6,Droplet,Rottenraw Burn u/s Elliot Water confluence,56.55722722014659,-2.6604111487841786,0648000189cb2710002a06bd00000000,16.08,1008.11,100.0,4.2,17.25,0.0,0
2021-09-18 14:15:12.520000+00:00,70B3D5499C9F22F1,Droplet #6,Droplet,Rottenraw Burn u/s Elliot Water confluence,56.55722722014659,-2.6604111487841786,05f9000189d02710002a067200000000,15.29,1008.16,100.0,4.2,16.5,0.0,0
2021-09-18 14:30:12.302000+00:00,70B3D5499C9F22F1,Droplet #6,Droplet,Rottenraw Burn u/s Elliot Water confluence,56.55722722014659,-2.6604111487841786,05e1000189c72710002a065900000000,15.05,1008.07,100.0,4.2,16.25,0.0,0
2021-09-18 14:45:13.556000+00:00,70B3D5499C9F22F1,Droplet #6,Droplet,Rottenraw Burn u/s Elliot Water confluence,56.55722722014659,-2.6604111487841786,0615000189c62710002a067200000000,15.57,1008.06,100.0,4.2,16.5,0.0,0
2021-09-18 15:00:12.724000+00:00,70B3D5499C9F22F1,Droplet #6,Droplet,Rottenraw Burn u/s Elliot Water confluence,56.55722722014659,-2.6604111487841786,061d000189c22710002a067200000000,15.65,1008.02,100.0,4.2,16.5,0.0,0
2021-09-18 15:15:12.472000+00:00,70B3D5499C9F22F1,Droplet #6,Droplet,Rottenraw Burn u/s Elliot Water confluence,56.55722722014659,-2.6604111487841786,061a000189e02710002a067200000000,15.62,1008.32,100.0,4.2,16.5,0.0,0
2021-09-18 15:30:11.945000+00:00,70B3D5499C9F22F1,Droplet #6,Droplet,Rottenraw Burn u/s Elliot Water confluence,56.55722722014659,-2.6604111487841786,0616000189c02710002a067200000000,15.58,1008.0,100.0,4.2,16.5,0.0,0
2021-09-18 15:45:13.224000+00:00,70B3D5499C9F22F1,Droplet #6,Droplet,Rottenraw Burn u/s Elliot Water confluence,56.55722722014659,-2.6604111487841786,062b000189992710002a068b00000000,15.79,1007.61,100.0,4.2,16.75,0.0,0
2021-09-18 16:00:11.499000+00:00,70B3D5499C9F22F1,Droplet #6,Droplet,Rottenraw Burn u/s Elliot Water confluence,56.55722722014659,-2.6604111487841786,05d9000189d52710002a062700000000,14.97,1008.21,100.0,4.2,15.75,0.0,0
2021-09-18 16:15:11.563000+00:00,70B3D5499C9F22F1,Droplet #6,Droplet,Rottenraw Burn u/s Elliot Water confluence,56.55722722014659,-2.6604111487841786,05b7000189b22710002a05f500000000,14.63,1007.86,100.0,4.2,15.25,0.0,0
2021-09-18 16:30:12.585000+00:00,70B3D5499C9F22F1,Droplet #6,Droplet,Rottenraw Burn u/s Elliot Water confluence,56.55722722014659,-2.6604111487841786,05b6000189af2710002a060e00000000,14.62,1007.83,100.0,4.2,15.5,0.0,0
2021-09-18 16:45:11.111000+00:00,70B3D5499C9F22F1,Droplet #6,Droplet,Rottenraw Burn u/s Elliot Water confluence,56.55722722014659,-2.6604111487841786,05a0000189b02710002a05dc00000000,14.4,1007.84,100.0,4.2,15.0,0.0,0
2021-09-18 17:00:12.891000+00:00,70B3D5499C9F22F1,Droplet #6,Droplet,Rottenraw Burn u/s Elliot Water confluence,56.55722722014659,-2.6604111487841786,0595000189b62710002a05dc00000000,14.29,1007.9,100.0,4.2,15.0,0.0,0
2021-09-18 17:30:13.260000+00:00,70B3D5499C9F22F1,Droplet #6,Droplet,Rottenraw Burn u/s Elliot Water confluence,56.55722722014659,-2.6604111487841786,0577000189ab2710002a05aa00000000,13.99,1007.79,100.0,4.2,14.5,0.0,0
2021-09-18 17:45:11.701000+00:00,70B3D5499C9F22F1,Droplet #6,Droplet,Rottenraw Burn u/s Elliot Water confluence,56.55722722014659,-2.6604111487841786,055200018a0c2710002a057800000000,13.62,1008.76,100.0,4.2,14.0,0.0,0
2021-09-18 18:00:12.267000+00:00,70B3D5499C9F22F1,Droplet #6,Droplet,Rottenraw Burn u/s Elliot Water confluence,56.55722722014659,-2.6604111487841786,050e000189d32710002a054600000000,12.94,1008.19,100.0,4.2,13.5,0.0,0
2021-09-18 18:15:12.353000+00:00,70B3D5499C9F22F1,Droplet #6,Droplet,Rottenraw Burn u/s Elliot Water confluence,56.55722722014659,-2.6604111487841786,04ca0001899a2710002a04e200000000,12.26,1007.62,100.0,4.2,12.5,0.0,0
2021-09-18 18:30:11.181000+00:00,70B3D5499C9F22F1,Droplet #6,Droplet,Rottenraw Burn u/s Elliot Water confluence,56.55722722014659,-2.6604111487841786,0495000189a82710002a04b000000000,11.73,1007.76,100.0,4.2,12.0,0.0,0
2021-09-18 18:45:12.232000+00:00,70B3D5499C9F22F1,Droplet #6,Droplet,Rottenraw Burn u/s Elliot Water confluence,56.55722722014659,-2.6604111487841786,0467000189a62710002a047e00000000,11.27,1007.74,100.0,4.2,11.5,0.0,0
2021-09-18 19:15:12.746000+00:00,70B3D5499C9F22F1,Droplet #6,Droplet,Rottenraw Burn u/s Elliot Water confluence,56.55722722014659,-2.6604111487841786,0458000189c92710002a047e00000000,11.12,1008.09,100.0,4.2,11.5,0.0,0
2021-09-18 19:30:12.456000+00:00,70B3D5499C9F22F1,Droplet #6,Droplet,Rottenraw Burn u/s Elliot Water confluence,56.55722722014659,-2.6604111487841786,0466000189d42710002a049700000000,11.26,1008.2,100.0,4.2,11.75,0.0,0
2021-09-18 19:45:12.542000+00:00,70B3D5499C9F22F1,Droplet #6,Droplet,Rottenraw Burn u/s Elliot Water confluence,56.55722722014659,-2.6604111487841786,047c000189ac2710002a04b000000000,11.48,1007.8,100.0,4.2,12.0,0.0,0
2021-09-18 20:00:11.590000+00:00,70B3D5499C9F22F1,Droplet #6,Droplet,Rottenraw Burn u/s Elliot Water confluence,56.55722722014659,-2.6604111487841786,0474000189962710002a04c900000000,11.4,1007.58,100.0,4.2,12.25,0.0,0
2021-09-18 20:15:12.607000+00:00,70B3D5499C9F22F1,Droplet #6,Droplet,Rottenraw Burn u/s Elliot Water confluence,56.55722722014659,-2.6604111487841786,04b4000189c22710002a04fb00000000,12.04,1008.02,100.0,4.2,12.75,0.0,0
2021-09-18 20:30:13.564000+00:00,70B3D5499C9F22F1,Droplet #6,Droplet,Rottenraw Burn u/s Elliot Water confluence,56.55722722014659,-2.6604111487841786,04f8000189b52710002a052d00000000,12.72,1007.89,100.0,4.2,13.25,0.0,0
2021-09-18 21:00:12.596000+00:00,70B3D5499C9F22F1,Droplet #6,Droplet,Rottenraw Burn u/s Elliot Water confluence,56.55722722014659,-2.6604111487841786,05280001897b2710002a055f00000000,13.2,1007.31,100.0,4.2,13.75,0.0,0
2021-09-18 21:15:13.026000+00:00,70B3D5499C9F22F1,Droplet #6,Droplet,Rottenraw Burn u/s Elliot Water confluence,56.55722722014659,-2.6604111487841786,05390001898a2710002a057800000000,13.37,1007.46,100.0,4.2,14.0,0.0,0
2021-09-18 22:00:12.498000+00:00,70B3D5499C9F22F1,Droplet #6,Droplet,Rottenraw Burn u/s Elliot Water confluence,56.55722722014659,-2.6604111487841786,053c000189752710002a057800000000,13.4,1007.25,100.0,4.2,14.0,0.0,0
2021-09-18 22:30:11.651000+00:00,70B3D5499C9F22F1,Droplet #6,Droplet,Rottenraw Burn u/s Elliot Water confluence,56.55722722014659,-2.6604111487841786,0540000189142710002a057800000000,13.44,1006.28,100.0,4.2,14.0,0.0,0
2021-09-18 22:45:12.224000+00:00,70B3D5499C9F22F1,Droplet #6,Droplet,Rottenraw Burn u/s Elliot Water confluence,56.55722722014659,-2.6604111487841786,0544000189602710002a059100000000,13.48,1007.04,100.0,4.2,14.25,0.0,0
2021-09-18 23:00:12.330000+00:00,70B3D5499C9F22F1,Droplet #6,Droplet,Rottenraw Burn u/s Elliot Water confluence,56.55722722014659,-2.6604111487841786,05490001894e2710002a059100000000,13.53,1006.86,100.0,4.2,14.25,0.0,0
