timestamp,device_eui,device_name,device_type,site_name,latitude,longitude,payload,water_level,air_temp,battery_volt,water_temp,status
2024-12-02 16:59:55.545174+00:00,70B3D54999389C9B,ECHO #5,Echo,Road Bridge 600m West of Carmyllie,56.569722,-2.741944,04e2f3e40e6426ac0000,523.0,-31.0,3.68,99.0,0
2024-12-02 17:14:55.174921+00:00,70B3D54999389C9B,ECHO #5,Echo,Road Bridge 600m West of Carmyllie,56.569722,-2.741944,04e3faba0e6c26ac0000,522.0,-13.5,3.69,99.0,0
2024-12-02 17:29:55.871216+00:00,70B3D54999389C9B,ECHO #5,Echo,Road Bridge 600m West of Carmyllie,56.569722,-2.741944,04e3fb370e4c26ac0000,522.0,-12.25,3.66,99.0,0
2024-12-02 17:44:50.960640+00:00,70B3D54999389C9B,ECHO #5,Echo,Road Bridge 600m West of Carmyllie,56.569722,-2.741944,04e4eb7e0e6c26ac0000,521.0,-52.5,3.69,99.0,0
2024-12-02 17:59:51.121948+00:00,70B3D54999389C9B,ECHO #5,Echo,Road Bridge 600m West of Carmyllie,56.569722,-2.741944,04e5fa880e4426ac0000,520.0,-14.0,3.65,99.0,0
2024-12-02 18:14:50.466981+00:00,70B3D54999389C9B,ECHO #5,Echo,Road Bridge 600m West of Carmyllie,56.569722,-2.741944,04e8f2d10e8026ac0000,517.0,-33.75,3.71,99.0,0
2024-12-02 18:29:51.410114+00:00,70B3D54999389C9B,ECHO #5,Echo,Road Bridge 600m West of Carmyllie,56.569722,-2.741944,04e8f26d0e9826ac0000,517.0,-34.75,3.74,99.0,0
2024-12-02 18:44:50.308417+00:00,70B3D54999389C9B,ECHO #5,Echo,Road Bridge 600m West of Carmyllie,56.569722,-2.741944,04e8f15a0e4826ac0000,517.0,-37.5,3.66,99.0,0
2024-12-02 18:59:51.611330+00:00,70B3D54999389C9B,ECHO #5,Echo,Road Bridge 600m West of Carmyllie,56.569722,-2.741944,04e7f2b80e7426ac0000,518.0,-34.0,3.7,99.0,0
2024-12-02 19:14:52.634838+00:00,70B3D54999389C9B,ECHO #5,Echo,Road Bridge 600m West of Carmyllie,56.569722,-2.741944,04e8f3030e7826ac0000,517.0,-33.25,3.7,99.0,0
2024-12-02 19:29:50.099106+00:00,70B3D54999389C9B,ECHO #5,Echo,Road Bridge 600m West of Carmyllie,56.569722,-2.741944,04eaf0dd0e6026ac0000,515.0,-38.75,3.68,99.0,0
2024-12-02 19:44:50.274626+00:00,70B3D54999389C9B,ECHO #5,Echo,Road Bridge 600m West of Carmyllie,56.569722,-2.741944,04eaf0470e6026ac0000,515.0,-40.25,3.68,99.0,0
2024-12-02 19:59:50.246232+00:00,70B3D54999389C9B,ECHO #5,Echo,Road Bridge 600m West of Carmyllie,56.569722,-2.741944,04ebf02e0e6826ac0000,514.0,-40.5,3.69,99.0,0
2024-12-02 20:14:50.855217+00:00,70B3D54999389C9B,ECHO #5,Echo,Road Bridge 600m West of Carmyllie,56.569722,-2.741944,04ecefb10e9026ac0000,513.0,-41.75,3.73,99.0,0
2024-12-02 20:29:49.823466+00:00,70B3D54999389C9B,ECHO #5,Echo,Road Bridge 600m West of Carmyllie,56.569722,-2.741944,04ecefca0e4426ac0000,513.0,-41.5,3.65,99.0,0
2024-12-02 20:44:50.977983+00:00,70B3D54999389C9B,ECHO #5,Echo,Road Bridge 600m West of Carmyllie,56.569722,-2.741944,04edef980e7026ac0000,512.0,-42.0,3.7,99.0,0
2024-12-02 20:59:51.145308+00:00,70B3D54999389C9B,ECHO #5,Echo,Road Bridge 600m West of Carmyllie,56.569722,-2.741944,04eeef980e8426ac0000,511.0,-42.0,3.72,99.0,0
2024-12-02 21:14:54.415126+00:00,70B3D54999389C9B,ECHO #5,Echo,Road Bridge 600m West of Carmyllie,56.569722,-2.741944,04eff9110e6826ac0000,510.0,-17.75,3.69,99.0,0
2024-12-02 21:29:54.882557+00:00,70B3D54999389C9B,ECHO #5,Echo,Road Bridge 600m West of Carmyllie,56.569722,-2.741944,04eff92a0e6c26ac0000,510.0,-17.5,3.69,99.0,0
2024-12-02 21:44:49.957106+00:00,70B3D54999389C9B,ECHO #5,Echo,Road Bridge 600m West of Carmyllie,56.569722,-2.741944,04ef09790e8426ac0000,510.0,24.25,3.72,99.0,0
2024-12-02 21:59:54.169898+00:00,70B3D54999389C9B,ECHO #5,Echo,Road Bridge 600m West of Carmyllie,56.569722,-2.741944,04ef09ab0e8026ac0000,510.0,24.75,3.71,99.0,0
2024-12-02 22:14:54.279795+00:00,70B3D54999389C9B,ECHO #5,Echo,Road Bridge 600m West of Carmyllie,56.569722,-2.741944,04f1ee850e4426ac0000,508.0,-44.75,3.65,99.0,0
2024-12-02 22:29:54.383436+00:00,70B3D54999389C9B,ECHO #5,Echo,Road Bridge 600m West of Carmyllie,56.569722,-2.741944,04f1eeb70e5426ac0000,508.0,-44.25,3.67,99.0,0
2024-12-02 22:44:49.337851+00:00,70B3D54999389C9B,ECHO #5,Echo,Road Bridge 600m West of Carmyllie,56.569722,-2.741944,04f3ee9e0e7826ac0000,506.0,-44.5,3.7,99.0,0
2024-12-02 22:59:50.341709+00:00,70B3D54999389C9B,ECHO #5,Echo,Road Bridge 600m West of Carmyllie,56.569722,-2.741944,04f2ecf50e4426ac0000,507.0,-48.75,3.65,99.0,0
2024-12-02 23:14:50.341035+00:00,70B3D54999389C9B,ECHO #5,Echo,Road Bridge 600m West of Carmyllie,56.569722,-2.741944,04f3ec780e8426ac0000,506.0,-50.0,3.72,99.0,0
2024-12-02 23:29:50.224628+00:00,70B3D54999389C9B,ECHO #5,Echo,Road Bridge 600m West of Carmyllie,56.569722,-2.741944,04f3eae80e6826ac0000,506.0,-54.0,3.69,99.0,0
2024-12-02 23:44:48.978626+00:00,70B3D54999389C9B,ECHO #5,Echo,Road Bridge 600m West of Carmyllie,56.569722,-2.741944,04f4ea840e4c26ac0000,505.0,-55.0,3.66,99.0,0
2024-12-02 23:59:51.141181+00:00,70B3D54999389C9B,ECHO #5,Echo,Road Bridge 600m West of Carmyllie,56.569722,-2.741944,04f6ea390e6c26ac0000,503.0,-55.75,3.69,99.0,0
2024-12-03 00:14:49.388458+00:00,70B3D54999389C9B,ECHO #5,Echo,Road Bridge 600m West of Carmyllie,56.569722,-2.741944,04f6eacf0e7426ac0000,503.0,-54.25,3.7,99.0,0
2024-12-03 00:29:53.792702+00:00,70B3D54999389C9B,ECHO #5,Echo,Road Bridge 600m West of Carmyllie,56.569722,-2.741944,04f5ea840ea026ac0000,504.0,-55.0,3.74,99.0,0
2024-12-03 00:44:48.585832+00:00,70B3D54999389C9B,ECHO #5,Echo,Road Bridge 600m West of Carmyllie,56.569722,-2.741944,04f6ea070e8026ac0000,503.0,-56.25,3.71,99.0,0
2024-12-03 00:59:48.898984+00:00,70B3D54999389C9B,ECHO #5,Echo,Road Bridge 600m West of Carmyllie,56.569722,-2.741944,04f8ea840e8026ac0000,501.0,-55.0,3.71,99.0,0
2024-12-03 01:14:54.029747+00:00,70B3D54999389C9B,ECHO #5,Echo,Road Bridge 600m West of Carmyllie,56.569722,-2.741944,04f72a170e8026ac0000,502.0,107.75,3.71,99.0,0
2024-12-03 01:29:53.701165+00:00,70B3D54999389C9B,ECHO #5,Echo,Road Bridge 600m West of Carmyllie,56.569722,-2.741944,04f809470e6026ac0000,501.0,23.75,3.68,99.0,0
2024-12-03 01:44:48.932767+00:00,70B3D54999389C9B,ECHO #5,Echo,Road Bridge 600m West of Carmyllie,56.569722,-2.741944,04fa09470e6826ac0000,499.0,23.75,3.69,99.0,0
2024-12-03 01:59:51.365249+00:00,70B3D54999389C9B,ECHO #5,Echo,Road Bridge 600m West of Carmyllie,56.569722,-2.741944,04f109470e5826ac0000,508.0,23.75,3.67,99.0,0
2024-12-03 02:14:52.793075+00:00,70B3D54999389C9B,ECHO #5,Echo,Road Bridge 600m West of Carmyllie,56.569722,-2.741944,04f8ebfb0e7826ac0000,501.0,-51.25,3.7,99.0,0
2024-12-03 02:29:49.414514+00:00,70B3D54999389C9B,ECHO #5,Echo,Road Bridge 600m West of Carmyllie,56.569722,-2.741944,04fbec2d0e6426ac0000,498.0,-50.75,3.68,99.0,0
2024-12-03 02:44:48.355706+00:00,70B3D54999389C9B,ECHO #5,Echo,Road Bridge 600m West of Carmyllie,56.569722,-2.741944,04fbeae80e6c26ac0000,498.0,-54.0,3.69,99.0,0
2024-12-03 02:59:52.523289+00:00,70B3D54999389C9B,ECHO #5,Echo,Road Bridge 600m West of Carmyllie,56.569722,-2.741944,04f9e9d50e6c26ac0000,500.0,-56.75,3.69,99.0,0
2024-12-03 03:14:52.634527+00:00,70B3D54999389C9B,ECHO #5,Echo,Road Bridge 600m West of Carmyllie,56.569722,-2.741944,04faea520e7826ac0000,499.0,-55.5,3.7,99.0,0
2024-12-03 03:29:52.331677+00:00,70B3D54999389C9B,ECHO #5,Echo,Road Bridge 600m West of Carmyllie,56.569722,-2.741944,04fbebc90e6c26ac0000,498.0,-51.75,3.69,99.0,0
2024-12-03 03:44:52.863630+00:00,70B3D54999389C9B,ECHO #5,Echo,Road Bridge 600m West of Carmyllie,56.569722,-2.741944,04ffec460e4426ac0000,494.0,-50.5,3.65,99.0,0
2024-12-03 03:59:52.754713+00:00,70B3D54999389C9B,ECHO #5,Echo,Road Bridge 600m West of Carmyllie,56.569722,-2.741944,04fcea520e8426ac0000,497.0,-55.5,3.72,99.0,0
2024-12-03 04:14:52.654818+00:00,70B3D54999389C9B,ECHO #5,Echo,Road Bridge 600m West of Carmyllie,56.569722,-2.741944,04fdea840e5426ac0000,496.0,-55.0,3.67,99.0,0
2024-12-03 04:29:52.046791+00:00,70B3D54999389C9B,ECHO #5,Echo,Road Bridge 600m West of Carmyllie,56.569722,-2.741944,04ffea840e9426ac0000,494.0,-55.0,3.73,99.0,0
2024-12-03 04:44:52.683228+00:00,70B3D54999389C9B,ECHO #5,Echo,Road Bridge 600m West of Carmyllie,56.569722,-2.741944,0501ea520e9026ac0000,492.0,-55.5,3.73,99.0,0
2024-12-03 04:59:47.422126+00:00,70B3D54999389C9B,ECHO #5,Echo,Road Bridge 600m West of Carmyllie,56.569722,-2.741944,04ffe98a0e6c26ac0000,494.0,-57.5,3.69,99.0,0
2024-12-03 05:14:48.385205+00:00,70B3D54999389C9B,ECHO #5,Echo,Road Bridge 600m West of Carmyllie,56.569722,-2.741944,04ffe85e0e6026ac0000,494.0,-60.5,3.68,99.0,0
2024-12-03 05:29:47.605834+00:00,70B3D54999389C9B,ECHO #5,Echo,Road Bridge 600m West of Carmyllie,56.569722,-2.741944,04fe09150e4026ac0000,495.0,23.25,3.65,99.0,0
2024-12-03 05:44:47.299710+00:00,70B3D54999389C9B,ECHO #5,Echo,Road Bridge 600m West of Carmyllie,56.569722,-2.741944,050009150e7026ac0000,493.0,23.25,3.7,99.0,0
2024-12-03 05:59:52.082694+00:00,70B3D54999389C9B,ECHO #5,Echo,Road Bridge 600m West of Carmyllie,56.569722,-2.741944,050009150e5c26ac0000,493.0,23.25,3.68,99.0,0
2024-12-03 06:14:52.466713+00:00,70B3D54999389C9B,ECHO #5,Echo,Road Bridge 600m West of Carmyllie,56.569722,-2.741944,0501e7320e6826ac0000,492.0,-63.5,3.69,99.0,0
2024-12-03 06:29:52.021919+00:00,70B3D54999389C9B,ECHO #5,Echo,Road Bridge 600m West of Carmyllie,56.569722,-2.741944,0501e5bb0e6c26ac0000,492.0,-67.25,3.69,99.0,0
2024-12-03 06:44:46.879563+00:00,70B3D54999389C9B,ECHO #5,Echo,Road Bridge 600m West of Carmyllie,56.569722,-2.741944,0503e69c0e6c26ac0000,490.0,-65.0,3.69,99.0,0
2024-12-03 06:59:47.473338+00:00,70B3D54999389C9B,ECHO #5,Echo,Road Bridge 600m West of Carmyllie,56.569722,-2.741944,0501e48f0e8026ac0000,492.0,-70.25,3.71,99.0,0
2024-12-03 07:14:48.224431+00:00,70B3D54999389C9B,ECHO #5,Echo,Road Bridge 600m West of Carmyllie,56.569722,-2.741944,0503e61f0e8026ac0000,490.0,-66.25,3.71,99.0,0
2024-12-03 07:29:47.167817+00:00,70B3D54999389C9B,ECHO #5,Echo,Road Bridge 600m West of Carmyllie,56.569722,-2.741944,0505e7640e7c26ac0000,488.0,-63.0,3.71,99.0,0
2024-12-03 07:44:46.662517+00:00,70B3D54999389C9B,ECHO #5,Echo,Road Bridge 600m West of Carmyllie,56.569722,-2.741944,0504e6e70e6826ac0000,489.0,-64.25,3.69,99.0,0
2024-12-03 08:14:47.227236+00:00,70B3D54999389C9B,ECHO #5,Echo,Road Bridge 600m West of Carmyllie,56.569722,-2.741944,0504e7320e7826ac0000,489.0,-63.5,3.7,99.0,0
2024-12-03 08:29:46.960620+00:00,70B3D54999389C9B,ECHO #5,Echo,Road Bridge 600m West of Carmyllie,56.569722,-2.741944,0504e7190e8026ac0000,489.0,-63.75,3.71,99.0,0
2024-12-03 08:44:47.438451+00:00,70B3D54999389C9B,ECHO #5,Echo,Road Bridge 600m West of Carmyllie,56.569722,-2.741944,0505e98a0e8426ac0000,488.0,-57.5,3.72,99.0,0
2024-12-03 08:59:47.029800+00:00,70B3D54999389C9B,ECHO #5,Echo,Road Bridge 600m West of Carmyllie,56.569722,-2.741944,0508ea200e8826ac0000,485.0,-56.0,3.72,99.0,0
2024-12-03 09:14:46.615569+00:00,70B3D54999389C9B,ECHO #5,Echo,Road Bridge 600m West of Carmyllie,56.569722,-2.741944,0505e9ee0e7026ac0000,488.0,-56.5,3.7,99.0,0
2024-12-03 09:29:46.971993+00:00,70B3D54999389C9B,ECHO #5,Echo,Road Bridge 600m West of Carmyllie,56.569722,-2.741944,0506f8490e9026ac0000,487.0,-19.75,3.73,99.0,0
2024-12-03 09:44:48.745048+00:00,70B3D54999389C9B,ECHO #5,Echo,Road Bridge 600m West of Carmyllie,56.569722,-2.741944,0506f8df0e6426ac0000,487.0,-18.25,3.68,99.0,0
2024-12-03 09:59:46.130045+00:00,70B3D54999389C9B,ECHO #5,Echo,Road Bridge 600m West of Carmyllie,56.569722,-2.741944,0503f8c60e5426ac0000,490.0,-18.5,3.67,99.0,0
2024-12-03 10:14:49.086193+00:00,70B3D54999389C9B,ECHO #5,Echo,Road Bridge 600m West of Carmyllie,56.569722,-2.741944,0508ef340e5426ac0000,485.0,-43.0,3.67,99.0,0
2024-12-03 10:29:45.964799+00:00,70B3D54999389C9B,ECHO #5,Echo,Road Bridge 600m West of Carmyllie,56.569722,-2.741944,0508f10f0e4826ac0000,485.0,-38.25,3.66,99.0,0
2024-12-03 10:44:45.958820+00:00,70B3D54999389C9B,ECHO #5,Echo,Road Bridge 600m West of Carmyllie,56.569722,-2.741944,050cf2ea0e8c26ac0000,481.0,-33.5,3.72,99.0,0
2024-12-03 10:59:45.915830+00:00,70B3D54999389C9B,ECHO #5,Echo,Road Bridge 600m West of Carmyllie,56.569722,-2.741944,050df4160e4826ac0000,480.0,-30.5,3.66,99.0,0
2024-12-03 11:14:45.745799+00:00,70B3D54999389C9B,ECHO #5,Echo,Road Bridge 600m West of Carmyllie,56.569722,-2.741944,050df5d80e7c26ac0000,480.0,-26.0,3.71,99.0,0
2024-12-03 11:29:46.779565+00:00,70B3D54999389C9B,ECHO #5,Echo,Road Bridge 600m West of Carmyllie,56.569722,-2.741944,050df6870e7026ac0000,480.0,-24.25,3.7,99.0,0
2024-12-03 11:44:45.760814+00:00,70B3D54999389C9B,ECHO #5,Echo,Road Bridge 600m West of Carmyllie,56.569722,-2.741944,050ff6d20e6826ac0000,478.0,-23.5,3.69,99.0,0
2024-12-03 11:59:45.187132+00:00,70B3D54999389C9B,ECHO #5,Echo,Road Bridge 600m West of Carmyllie,56.569722,-2.741944,050ef79a0e8426ac0000,479.0,-21.5,3.72,99.0,0
2024-12-03 12:14:47.134109+00:00,70B3D54999389C9B,ECHO #5,Echo,Road Bridge 600m West of Carmyllie,56.569722,-2.741944,0510f8c60e5826ac0000,477.0,-18.5,3.67,99.0,0
2024-12-03 12:29:46.547956+00:00,70B3D54999389C9B,ECHO #5,Echo,Road Bridge 600m West of Carmyllie,56.569722,-2.741944,050ef98e0e9426ac0000,479.0,-16.5,3.73,99.0,0
2024-12-03 12:44:46.793628+00:00,70B3D54999389C9B,ECHO #5,Echo,Road Bridge 600m West of Carmyllie,56.569722,-2.741944,0511fb370e8c26ac0000,476.0,-12.25,3.72,99.0,0
2024-12-03 12:59:45.159385+00:00,70B3D54999389C9B,ECHO #5,Echo,Road Bridge 600m West of Carmyllie,56.569722,-2.741944,0511fb050e8c26ac0000,476.0,-12.75,3.72,99.0,0
2024-12-03 13:14:45.749937+00:00,70B3D54999389C9B,ECHO #5,Echo,Road Bridge 600m West of Carmyllie,56.569722,-2.741944,0511faec0e8426ac0000,476.0,-13.0,3.72,99.0,0
2024-12-03 13:29:45.846887+00:00,70B3D54999389C9B,ECHO #5,Echo,Road Bridge 600m West of Carmyllie,56.569722,-2.741944,0510e1ba0e5826ac0000,477.0,-77.5,3.67,99.0,0
2024-12-03 13:44:46.467022+00:00,70B3D54999389C9B,ECHO #5,Echo,Road Bridge 600m West of Carmyllie,56.569722,-2.741944,0512e1ba0e6cfffa0000,475.0,-77.5,3.69,-0.06,0
2024-12-03 13:59:45.921444+00:00,70B3D54999389C9B,ECHO #5,Echo,Road Bridge 600m West of Carmyllie,56.569722,-2.741944,0512e1a10e4c26ac0000,475.0,-77.75,3.66,99.0,0
2024-12-03 14:14:46.019141+00:00,70B3D54999389C9B,ECHO #5,Echo,Road Bridge 600m West of Carmyllie,56.569722,-2.741944,0516fbff0e7c26ac0000,471.0,-10.25,3.71,99.0,0
2024-12-03 14:44:49.755293+00:00,70B3D54999389C9B,ECHO #5,Echo,Road Bridge 600m West of Carmyllie,56.569722,-2.741944,0514f9110e9426ac0000,473.0,-17.75,3.73,99.0,0
2024-12-03 14:59:50.422690+00:00,70B3D54999389C9B,ECHO #5,Echo,Road Bridge 600m West of Carmyllie,56.569722,-2.741944,0514f8f80e7426ac0000,473.0,-18.0,3.7,99.0,0
2024-12-03 15:14:49.800073+00:00,70B3D54999389C9B,ECHO #5,Echo,Road Bridge 600m West of Carmyllie,56.569722,-2.741944,0513f8170e4826ac0000,474.0,-20.25,3.66,99.0,0
2024-12-03 15:29:50.454329+00:00,70B3D54999389C9B,ECHO #5,Echo,Road Bridge 600m West of Carmyllie,56.569722,-2.741944,0512f8300e8426ac0000,475.0,-20.0,3.72,99.0,0
2024-12-03 15:44:49.646401+00:00,70B3D54999389C9B,ECHO #5,Echo,Road Bridge 600m West of Carmyllie,56.569722,-2.741944,050ff7810e8026ac0000,478.0,-21.75,3.71,99.0,0
2024-12-03 15:59:50.021123+00:00,70B3D54999389C9B,ECHO #5,Echo,Road Bridge 600m West of Carmyllie,56.569722,-2.741944,0513f8300e6826ac0000,474.0,-20.0,3.69,99.0,0
2024-12-03 16:14:50.412901+00:00,70B3D54999389C9B,ECHO #5,Echo,Road Bridge 600m West of Carmyllie,56.569722,-2.741944,0514f7810e84fffa0000,473.0,-21.75,3.72,-0.06,0
2024-12-03 16:29:50.420237+00:00,70B3D54999389C9B,ECHO #5,Echo,Road Bridge 600m West of Carmyllie,56.569722,-2.741944,0513f7810e5826ac0000,474.0,-21.75,3.67,99.0,0
2024-12-03 16:44:49.864705+00:00,70B3D54999389C9B,ECHO #5,Echo,Road Bridge 600m West of Carmyllie,56.569722,-2.741944,0514f8300e6426ac0000,473.0,-20.0,3.68,99.0,0
2024-12-03 16:59:49.435357+00:00,70B3D54999389C9B,ECHO #5,Echo,Road Bridge 600m West of Carmyllie,56.569722,-2.741944,0514f8300e9426ac0000,473.0,-20.0,3.73,99.0,0
2024-12-03 17:14:49.612626+00:00,70B3D54999389C9B,ECHO #5,Echo,Road Bridge 600m West of Carmyllie,56.569722,-2.741944,0515fa6f0e6026ac0000,472.0,-14.25,3.68,99.0,0
2024-12-03 17:29:49.708385+00:00,70B3D54999389C9B,ECHO #5,Echo,Road Bridge 600m West of Carmyllie,56.569722,-2.741944,0515fa3d0e7026ac0000,472.0,-14.75,3.7,99.0,0
2024-12-03 17:44:49.731845+00:00,70B3D54999389C9B,ECHO #5,Echo,Road Bridge 600m West of Carmyllie,56.569722,-2.741944,0514fa240e7426ac0000,473.0,-15.0,3.7,99.0,0
2024-12-03 17:59:49.437076+00:00,70B3D54999389C9B,ECHO #5,Echo,Road Bridge 600m West of Carmyllie,56.569722,-2.741944,0515fa3d0e7026ac0000,472.0,-14.75,3.7,99.0,0
2024-12-03 18:14:50.169679+00:00,70B3D54999389C9B,ECHO #5,Echo,Road Bridge 600m West of Carmyllie,56.569722,-2.741944,0512f6b90e8826ac0000,475.0,-23.75,3.72,99.0,0
2024-12-03 18:29:51.847223+00:00,70B3D54999389C9B,ECHO #5,Echo,Road Bridge 600m West of Carmyllie,56.569722,-2.741944,050ff7b30ea026ac0000,478.0,-21.25,3.74,99.0,0
2024-12-03 18:44:47.578606+00:00,70B3D54999389C9B,ECHO #5,Echo,Road Bridge 600m West of Carmyllie,56.569722,-2.741944,050af6a00e8826ac0000,483.0,-24.0,3.72,99.0,0
2024-12-03 18:59:45.732997+00:00,70B3D54999389C9B,ECHO #5,Echo,Road Bridge 600m West of Carmyllie,56.569722,-2.741944,0508f5420e9026ac0000,485.0,-27.5,3.73,99.0,0
2024-12-03 19:14:45.347289+00:00,70B3D54999389C9B,ECHO #5,Echo,Road Bridge 600m West of Carmyllie,56.569722,-2.741944,0507f4f70e6c26ac0000,486.0,-28.25,3.69,99.0,0
2024-12-03 19:29:45.544135+00:00,70B3D54999389C9B,ECHO #5,Echo,Road Bridge 600m West of Carmyllie,56.569722,-2.741944,050bf5290e9426ac0000,482.0,-27.75,3.73,99.0,0
2024-12-03 19:44:45.596041+00:00,70B3D54999389C9B,ECHO #5,Echo,Road Bridge 600m West of Carmyllie,56.569722,-2.741944,0509f5d80e7426ac0000,484.0,-26.0,3.7,99.0,0
2024-12-03 19:59:45.554552+00:00,70B3D54999389C9B,ECHO #5,Echo,Road Bridge 600m West of Carmyllie,56.569722,-2.741944,050df60a0e8cfffa0000,480.0,-25.5,3.72,-0.06,0
2024-12-03 20:14:45.775509+00:00,70B3D54999389C9B,ECHO #5,Echo,Road Bridge 600m West of Carmyllie,56.569722,-2.741944,050bf6870e7c26ac0000,482.0,-24.25,3.71,99.0,0
2024-12-03 20:29:45.269797+00:00,70B3D54999389C9B,ECHO #5,Echo,Road Bridge 600m West of Carmyllie,56.569722,-2.741944,050bf6d20e4c26ac0000,482.0,-23.5,3.66,99.0,0
2024-12-03 20:44:45.255359+00:00,70B3D54999389C9B,ECHO #5,Echo,Road Bridge 600m West of Carmyllie,56.569722,-2.741944,050af71d0e8c26ac0000,483.0,-22.75,3.72,99.0,0
2024-12-03 20:59:44.593537+00:00,70B3D54999389C9B,ECHO #5,Echo,Road Bridge 600m West of Carmyllie,56.569722,-2.741944,050af79a0e5826ac0000,483.0,-21.5,3.67,99.0,0
2024-12-03 21:14:45.515256+00:00,70B3D54999389C9B,ECHO #5,Echo,Road Bridge 600m West of Carmyllie,56.569722,-2.741944,0509f8300e7826ac0000,484.0,-20.0,3.7,99.0,0
2024-12-03 21:29:44.406505+00:00,70B3D54999389C9B,ECHO #5,Echo,Road Bridge 600m West of Carmyllie,56.569722,-2.741944,0507efe30e7426ac0000,486.0,-41.25,3.7,99.0,0
2024-12-03 21:44:45.033249+00:00,70B3D54999389C9B,ECHO #5,Echo,Road Bridge 600m West of Carmyllie,56.569722,-2.741944,0504e1d30e5026ac0000,489.0,-77.25,3.66,99.0,0
2024-12-03 21:59:45.322106+00:00,70B3D54999389C9B,ECHO #5,Echo,Road Bridge 600m West of Carmyllie,56.569722,-2.741944,0503e1d30e8826ac0000,490.0,-77.25,3.72,99.0,0
2024-12-03 22:14:44.898729+00:00,70B3D54999389C9B,ECHO #5,Echo,Road Bridge 600m West of Carmyllie,56.569722,-2.741944,0501f7fe0ea826ac0000,492.0,-20.5,3.75,99.0,0
2024-12-03 22:29:44.328246+00:00,70B3D54999389C9B,ECHO #5,Echo,Road Bridge 600m West of Carmyllie,56.569722,-2.741944,0501f7e50e7026ac0000,492.0,-20.75,3.7,99.0,0
2024-12-03 22:44:45.181607+00:00,70B3D54999389C9B,ECHO #5,Echo,Road Bridge 600m West of Carmyllie,56.569722,-2.741944,0500f8170e4426ac0000,493.0,-20.25,3.65,99.0,0
2024-12-03 22:59:44.965592+00:00,70B3D54999389C9B,ECHO #5,Echo,Road Bridge 600m West of Carmyllie,56.569722,-2.741944,04fdf8300e7426ac0000,496.0,-20.0,3.7,99.0,0
2024-12-03 23:14:44.731129+00:00,70B3D54999389C9B,ECHO #5,Echo,Road Bridge 600m West of Carmyllie,56.569722,-2.741944,04fbf7810e5026ac0000,498.0,-21.75,3.66,99.0,0
2024-12-03 23:29:44.114634+00:00,70B3D54999389C9B,ECHO #5,Echo,Road Bridge 600m West of Carmyllie,56.569722,-2.741944,04f9f6eb0e5c26ac0000,500.0,-23.25,3.68,99.0,0
2024-12-03 23:44:45.710000+00:00,70B3D54999389C9B,ECHO #5,Echo,Road Bridge 600m West of Carmyllie,56.569722,-2.741944,04f8f6a00e7c26ac0000,501.0,-24.0,3.71,99.0,0
2024-12-04 00:14:48.894130+00:00,70B3D54999389C9B,ECHO #5,Echo,Road Bridge 600m West of Carmyllie,56.569722,-2.741944,04f6f4610e9026ac0000,503.0,-29.75,3.73,99.0,0
2024-12-04 00:44:48.506189+00:00,70B3D54999389C9B,ECHO #5,Echo,Road Bridge 600m West of Carmyllie,56.569722,-2.741944,04f6f2ea0e6426ac0000,503.0,-33.5,3.68,99.0,0
2024-12-04 00:59:43.816563+00:00,70B3D54999389C9B,ECHO #5,Echo,Road Bridge 600m West of Carmyllie,56.569722,-2.741944,04f4f2ea0e5426ac0000,505.0,-33.5,3.67,99.0,0
2024-12-04 01:14:44.269859+00:00,70B3D54999389C9B,ECHO #5,Echo,Road Bridge 600m West of Carmyllie,56.569722,-2.741944,04f1f1f00e84fffa0000,508.0,-36.0,3.72,-0.06,0
2024-12-04 01:29:44.389088+00:00,70B3D54999389C9B,ECHO #5,Echo,Road Bridge 600m West of Carmyllie,56.569722,-2.741944,04f1f9750e7826ac0000,508.0,-16.75,3.7,99.0,0
2024-12-04 01:44:44.372576+00:00,70B3D54999389C9B,ECHO #5,Echo,Road Bridge 600m West of Carmyllie,56.569722,-2.741944,04f1fa240e7826ac0000,508.0,-15.0,3.7,99.0,0
2024-12-04 01:59:44.536404+00:00,70B3D54999389C9B,ECHO #5,Echo,Road Bridge 600m West of Carmyllie,56.569722,-2.741944,04f2fa880e6c26ac0000,507.0,-14.0,3.69,99.0,0
2024-12-04 02:14:44.633783+00:00,70B3D54999389C9B,ECHO #5,Echo,Road Bridge 600m West of Carmyllie,56.569722,-2.741944,04f0f2b80e5426ac0000,509.0,-34.0,3.67,99.0,0
2024-12-04 02:29:45.022565+00:00,70B3D54999389C9B,ECHO #5,Echo,Road Bridge 600m West of Carmyllie,56.569722,-2.741944,04f1f2ea0e7026ac0000,508.0,-33.5,3.7,99.0,0
2024-12-04 02:44:43.939955+00:00,70B3D54999389C9B,ECHO #5,Echo,Road Bridge 600m West of Carmyllie,56.569722,-2.741944,04f1f3030e8c26ac0000,508.0,-33.25,3.72,99.0,0
2024-12-04 02:59:43.926602+00:00,70B3D54999389C9B,ECHO #5,Echo,Road Bridge 600m West of Carmyllie,56.569722,-2.741944,04f1f0790e6c26ac0000,508.0,-39.75,3.69,99.0,0
2024-12-04 03:14:43.389010+00:00,70B3D54999389C9B,ECHO #5,Echo,Road Bridge 600m West of Carmyllie,56.569722,-2.741944,04f0ef980e8026ac0000,509.0,-42.0,3.71,99.0,0
2024-12-04 03:29:44.494588+00:00,70B3D54999389C9B,ECHO #5,Echo,Road Bridge 600m West of Carmyllie,56.569722,-2.741944,04f1ef340e8826ac0000,508.0,-43.0,3.72,99.0,0
2024-12-04 03:44:43.443172+00:00,70B3D54999389C9B,ECHO #5,Echo,Road Bridge 600m West of Carmyllie,56.569722,-2.741944,04edef7f0e7c26ac0000,512.0,-42.25,3.71,99.0,0
2024-12-04 03:59:44.420984+00:00,70B3D54999389C9B,ECHO #5,Echo,Road Bridge 600m West of Carmyllie,56.569722,-2.741944,04eef0c40e6c26ac0000,511.0,-39.0,3.69,99.0,0
2024-12-04 04:14:47.936594+00:00,70B3D54999389C9B,ECHO #5,Echo,Road Bridge 600m West of Carmyllie,56.569722,-2.741944,04efeffc0e8426ac0000,510.0,-41.0,3.72,99.0,0
2024-12-04 04:29:47.656255+00:00,70B3D54999389C9B,ECHO #5,Echo,Road Bridge 600m West of Carmyllie,56.569722,-2.741944,04efef980e8c26ac0000,510.0,-42.0,3.72,99.0,0
2024-12-04 04:44:42.819514+00:00,70B3D54999389C9B,ECHO #5,Echo,Road Bridge 600m West of Carmyllie,56.569722,-2.741944,04efef660e6c26ac0000,510.0,-42.5,3.69,99.0,0
2024-12-04 04:59:43.861731+00:00,70B3D54999389C9B,ECHO #5,Echo,Road Bridge 600m West of Carmyllie,56.569722,-2.741944,04efeee90e6826ac0000,510.0,-43.75,3.69,99.0,0
2024-12-04 05:14:43.163377+00:00,70B3D54999389C9B,ECHO #5,Echo,Road Bridge 600m West of Carmyllie,56.569722,-2.741944,04edef340e8426ac0000,512.0,-43.0,3.72,99.0,0
2024-12-04 05:29:42.544989+00:00,70B3D54999389C9B,ECHO #5,Echo,Road Bridge 600m West of Carmyllie,56.569722,-2.741944,04f0f9110e7026ac0000,509.0,-17.75,3.7,99.0,0
2024-12-04 05:44:42.633546+00:00,70B3D54999389C9B,ECHO #5,Echo,Road Bridge 600m West of Carmyllie,56.569722,-2.741944,04eff9430e6c26ac0000,510.0,-17.25,3.69,99.0,0
2024-12-04 05:59:43.584836+00:00,70B3D54999389C9B,ECHO #5,Echo,Road Bridge 600m West of Carmyllie,56.569722,-2.741944,04f2f95c0e8426ac0000,507.0,-17.0,3.72,99.0,0
2024-12-04 06:14:42.711793+00:00,70B3D54999389C9B,ECHO #5,Echo,Road Bridge 600m West of Carmyllie,56.569722,-2.741944,04f2ef020e6c26ac0000,507.0,-43.5,3.69,99.0,0
2024-12-04 06:29:42.807990+00:00,70B3D54999389C9B,ECHO #5,Echo,Road Bridge 600m West of Carmyllie,56.569722,-2.741944,04eeee530e9426ac0000,511.0,-45.25,3.73,99.0,0
2024-12-04 06:44:47.250918+00:00,70B3D54999389C9B,ECHO #5,Echo,Road Bridge 600m West of Carmyllie,56.569722,-2.741944,04efec780e6c26ac0000,510.0,-50.0,3.69,99.0,0
2024-12-04 06:59:42.319432+00:00,70B3D54999389C9B,ECHO #5,Echo,Road Bridge 600m West of Carmyllie,56.569722,-2.741944,04efecf50e7426ac0000,510.0,-48.75,3.7,99.0,0
2024-12-04 07:14:44.122583+00:00,70B3D54999389C9B,ECHO #5,Echo,Road Bridge 600m West of Carmyllie,56.569722,-2.741944,04efeda40e6826ac0000,510.0,-47.0,3.69,99.0,0
2024-12-04 07:29:43.445343+00:00,70B3D54999389C9B,ECHO #5,Echo,Road Bridge 600m West of Carmyllie,56.569722,-2.741944,04efedef0e5426ac0000,510.0,-46.25,3.67,99.0,0
2024-12-04 07:44:42.982484+00:00,70B3D54999389C9B,ECHO #5,Echo,Road Bridge 600m West of Carmyllie,56.569722,-2.741944,04efeee90e6c021a0000,510.0,-43.75,3.69,5.38,0
2024-12-04 07:59:44.093474+00:00,70B3D54999389C9B,ECHO #5,Echo,Road Bridge 600m West of Carmyllie,56.569722,-2.741944,04f0efb10e6c02170000,509.0,-41.75,3.69,5.35,0
2024-12-04 08:14:42.876660+00:00,70B3D54999389C9B,ECHO #5,Echo,Road Bridge 600m West of Carmyllie,56.569722,-2.741944,04f2effc0e7002170000,507.0,-41.0,3.7,5.35,0
2024-12-04 08:29:42.758128+00:00,70B3D54999389C9B,ECHO #5,Echo,Road Bridge 600m West of Carmyllie,56.569722,-2.741944,04f1f0600e8802170000,508.0,-40.0,3.72,5.35,0
2024-12-04 08:44:41.680905+00:00,70B3D54999389C9B,ECHO #5,Echo,Road Bridge 600m West of Carmyllie,56.569722,-2.741944,04f1f0470e84021a0000,508.0,-40.25,3.72,5.38,0
2024-12-04 08:59:43.105907+00:00,70B3D54999389C9B,ECHO #5,Echo,Road Bridge 600m West of Carmyllie,56.569722,-2.741944,04f1f1280e6c021a0000,508.0,-38.0,3.69,5.38,0
2024-12-04 09:14:42.201865+00:00,70B3D54999389C9B,ECHO #5,Echo,Road Bridge 600m West of Carmyllie,56.569722,-2.741944,04f1f1a50e70021a0000,508.0,-36.75,3.7,5.38,0
2024-12-04 09:29:42.881732+00:00,70B3D54999389C9B,ECHO #5,Echo,Road Bridge 600m West of Carmyllie,56.569722,-2.741944,04effad30e74021e0000,510.0,-13.25,3.7,5.42,0
2024-12-04 09:44:46.353561+00:00,70B3D54999389C9B,ECHO #5,Echo,Road Bridge 600m West of Carmyllie,56.569722,-2.741944,04f2f9f20e6002130000,507.0,-15.5,3.68,5.31,0
2024-12-04 09:59:46.485917+00:00,70B3D54999389C9B,ECHO #5,Echo,Road Bridge 600m West of Carmyllie,56.569722,-2.741944,04f2dae40e84021e0000,507.0,-95.0,3.72,5.42,0
2024-12-04 10:14:46.984916+00:00,70B3D54999389C9B,ECHO #5,Echo,Road Bridge 600m West of Carmyllie,56.569722,-2.741944,04f1f3fd0e8402200000,508.0,-30.75,3.72,5.44,0
2024-12-04 10:29:46.977904+00:00,70B3D54999389C9B,ECHO #5,Echo,Road Bridge 600m West of Carmyllie,56.569722,-2.741944,04f3f4de0ea4021e0000,506.0,-28.5,3.75,5.42,0
2024-12-04 10:44:41.574919+00:00,70B3D54999389C9B,ECHO #5,Echo,Road Bridge 600m West of Carmyllie,56.569722,-2.741944,04f6f66e0e80021e0000,503.0,-24.5,3.71,5.42,0
2024-12-04 10:59:41.343093+00:00,70B3D54999389C9B,ECHO #5,Echo,Road Bridge 600m West of Carmyllie,56.569722,-2.741944,04f2f74f0e8c02260000,507.0,-22.25,3.72,5.5,0
2024-12-04 11:14:43.504084+00:00,70B3D54999389C9B,ECHO #5,Echo,Road Bridge 600m West of Carmyllie,56.569722,-2.741944,04f5f8300e7002280000,504.0,-20.0,3.7,5.52,0
2024-12-04 11:29:42.487648+00:00,70B3D54999389C9B,ECHO #5,Echo,Road Bridge 600m West of Carmyllie,56.569722,-2.741944,04f3f7e50e8c00b50000,506.0,-20.75,3.72,1.81,0
2024-12-04 11:44:41.680668+00:00,70B3D54999389C9B,ECHO #5,Echo,Road Bridge 600m West of Carmyllie,56.569722,-2.741944,04f7f87b0e5826ac0000,502.0,-19.25,3.67,99.0,0
2024-12-04 11:59:42.784702+00:00,70B3D54999389C9B,ECHO #5,Echo,Road Bridge 600m West of Carmyllie,56.569722,-2.741944,04f6f8c60e5826ac0000,503.0,-18.5,3.67,99.0,0
2024-12-04 12:14:41.381408+00:00,70B3D54999389C9B,ECHO #5,Echo,Road Bridge 600m West of Carmyllie,56.569722,-2.741944,04f7f8c60e5026ac0000,502.0,-18.5,3.66,99.0,0
2024-12-04 12:29:41.351020+00:00,70B3D54999389C9B,ECHO #5,Echo,Road Bridge 600m West of Carmyllie,56.569722,-2.741944,04f6f8df0e8426ac0000,503.0,-18.25,3.72,99.0,0
2024-12-04 12:44:42.155594+00:00,70B3D54999389C9B,ECHO #5,Echo,Road Bridge 600m West of Carmyllie,56.569722,-2.741944,04f7fa880e7026ac0000,502.0,-14.0,3.7,99.0,0
2024-12-04 12:59:42.382782+00:00,70B3D54999389C9B,ECHO #5,Echo,Road Bridge 600m West of Carmyllie,56.569722,-2.741944,04f6fa3d0e9426ac0000,503.0,-14.75,3.73,99.0,0
2024-12-04 13:14:42.019934+00:00,70B3D54999389C9B,ECHO #5,Echo,Road Bridge 600m West of Carmyllie,56.569722,-2.741944,04f6fc7c0e7c26ac0000,503.0,-9.0,3.71,99.0,0
2024-12-04 13:29:43.078172+00:00,70B3D54999389C9B,ECHO #5,Echo,Road Bridge 600m West of Carmyllie,56.569722,-2.741944,04f8e2500e5c26ac0000,501.0,-76.0,3.68,99.0,0
2024-12-04 13:44:42.604552+00:00,70B3D54999389C9B,ECHO #5,Echo,Road Bridge 600m West of Carmyllie,56.569722,-2.741944,04fce2500e7c26ac0000,497.0,-76.0,3.71,99.0,0
2024-12-04 13:59:41.227533+00:00,70B3D54999389C9B,ECHO #5,Echo,Road Bridge 600m West of Carmyllie,56.569722,-2.741944,04f8e1a10e4c26ac0000,501.0,-77.75,3.66,99.0,0
2024-12-04 14:14:41.491623+00:00,70B3D54999389C9B,ECHO #5,Echo,Road Bridge 600m West of Carmyllie,56.569722,-2.741944,04f7fbcd0e8c26ac0000,502.0,-10.75,3.72,99.0,0
2024-12-04 14:29:42.191005+00:00,70B3D54999389C9B,ECHO #5,Echo,Road Bridge 600m West of Carmyllie,56.569722,-2.741944,04f9fbcd0e6c26ac0000,500.0,-10.75,3.69,99.0,0
2024-12-04 14:44:42.221942+00:00,70B3D54999389C9B,ECHO #5,Echo,Road Bridge 600m West of Carmyllie,56.569722,-2.741944,04f8fbe60e8826ac0000,501.0,-10.5,3.72,99.0,0
2024-12-04 14:59:41.621243+00:00,70B3D54999389C9B,ECHO #5,Echo,Road Bridge 600m West of Carmyllie,56.569722,-2.741944,04f9fb690e8c26ac0000,500.0,-11.75,3.72,99.0,0
2024-12-04 15:14:41.481368+00:00,70B3D54999389C9B,ECHO #5,Echo,Road Bridge 600m West of Carmyllie,56.569722,-2.741944,04f7fbff0e5426ac0000,502.0,-10.25,3.67,99.0,0
2024-12-04 15:29:41.316323+00:00,70B3D54999389C9B,ECHO #5,Echo,Road Bridge 600m West of Carmyllie,56.569722,-2.741944,04f8fc630e5c26ac0000,501.0,-9.25,3.68,99.0,0
2024-12-04 15:59:41.612226+00:00,70B3D54999389C9B,ECHO #5,Echo,Road Bridge 600m West of Carmyllie,56.569722,-2.741944,04f8fcc70e8426ac0000,501.0,-8.25,3.72,99.0,0
2024-12-04 16:14:41.992508+00:00,70B3D54999389C9B,ECHO #5,Echo,Road Bridge 600m West of Carmyllie,56.569722,-2.741944,04f8fc950e7826ac0000,501.0,-8.75,3.7,99.0,0
2024-12-04 16:29:42.191786+00:00,70B3D54999389C9B,ECHO #5,Echo,Road Bridge 600m West of Carmyllie,56.569722,-2.741944,04f8fcf90e6026ac0000,501.0,-7.75,3.68,99.0,0
2024-12-04 16:44:45.975521+00:00,70B3D54999389C9B,ECHO #5,Echo,Road Bridge 600m West of Carmyllie,56.569722,-2.741944,04f7fd5d0e6826ac0000,502.0,-6.75,3.69,99.0,0
2024-12-04 16:59:45.941689+00:00,70B3D54999389C9B,ECHO #5,Echo,Road Bridge 600m West of Carmyllie,56.569722,-2.741944,04f7fe0c0e7c26ac0000,502.0,-5.0,3.71,99.0,0
2024-12-04 17:14:41.727952+00:00,70B3D54999389C9B,ECHO #5,Echo,Road Bridge 600m West of Carmyllie,56.569722,-2.741944,04f4fdc10e7826ac0000,505.0,-5.75,3.7,99.0,0
2024-12-04 17:29:42.240700+00:00,70B3D54999389C9B,ECHO #5,Echo,Road Bridge 600m West of Carmyllie,56.569722,-2.741944,04f1ea520e6426ac0000,508.0,-55.5,3.68,99.0,0
2024-12-04 17:44:41.667676+00:00,70B3D54999389C9B,ECHO #5,Echo,Road Bridge 600m West of Carmyllie,56.569722,-2.741944,04f4ec910e8826ac0000,505.0,-49.75,3.72,99.0,0
2024-12-04 17:59:41.020303+00:00,70B3D54999389C9B,ECHO #5,Echo,Road Bridge 600m West of Carmyllie,56.569722,-2.741944,04f1ed590e6826ac0000,508.0,-47.75,3.69,99.0,0
2024-12-04 18:14:45.834492+00:00,70B3D54999389C9B,ECHO #5,Echo,Road Bridge 600m West of Carmyllie,56.569722,-2.741944,04f3fe3e0e9026ac0000,506.0,-4.5,3.73,99.0,0
2024-12-04 18:29:45.538701+00:00,70B3D54999389C9B,ECHO #5,Echo,Road Bridge 600m West of Carmyllie,56.569722,-2.741944,04f1fed40e8c26ac0000,508.0,-3.0,3.72,99.0,0
2024-12-04 18:44:45.892041+00:00,70B3D54999389C9B,ECHO #5,Echo,Road Bridge 600m West of Carmyllie,56.569722,-2.741944,04f1fed40e7826ac0000,508.0,-3.0,3.7,99.0,0
2024-12-04 18:59:45.941565+00:00,70B3D54999389C9B,ECHO #5,Echo,Road Bridge 600m West of Carmyllie,56.569722,-2.741944,04edfebb0e7426ac0000,512.0,-3.25,3.7,99.0,0
2024-12-04 19:14:41.677068+00:00,70B3D54999389C9B,ECHO #5,Echo,Road Bridge 600m West of Carmyllie,56.569722,-2.741944,04ebfea20e5026ac0000,514.0,-3.5,3.66,99.0,0
2024-12-04 19:29:41.532441+00:00,70B3D54999389C9B,ECHO #5,Echo,Road Bridge 600m West of Carmyllie,56.569722,-2.741944,04edfe890e8826ac0000,512.0,-3.75,3.72,99.0,0
2024-12-04 19:44:44.267027+00:00,70B3D54999389C9B,ECHO #5,Echo,Road Bridge 600m West of Carmyllie,56.569722,-2.741944,04e1ff060e7026ac0000,524.0,-2.5,3.7,99.0,0
2024-12-04 19:59:41.964289+00:00,70B3D54999389C9B,ECHO #5,Echo,Road Bridge 600m West of Carmyllie,56.569722,-2.741944,04e2ff9c0e8026ac0000,523.0,-1.0,3.71,99.0,0
2024-12-04 20:14:43.460922+00:00,70B3D54999389C9B,ECHO #5,Echo,Road Bridge 600m West of Carmyllie,56.569722,-2.741944,04deff830e5826ac0000,527.0,-1.25,3.67,99.0,0
2024-12-04 20:44:40.913422+00:00,70B3D54999389C9B,ECHO #5,Echo,Road Bridge 600m West of Carmyllie,56.569722,-2.741944,04d900000e8826ac0000,532.0,0.0,3.72,99.0,0
2024-12-04 20:59:41.299060+00:00,70B3D54999389C9B,ECHO #5,Echo,Road Bridge 600m West of Carmyllie,56.569722,-2.741944,04d600190e7026ac0000,535.0,0.25,3.7,99.0,0
2024-12-04 21:14:48.513772+00:00,70B3D54999389C9B,ECHO #5,Echo,Road Bridge 600m West of Carmyllie,56.569722,-2.741944,04cff4de0e7426ac0000,542.0,-28.5,3.7,99.0,0
2024-12-04 21:29:43.945553+00:00,70B3D54999389C9B,ECHO #5,Echo,Road Bridge 600m West of Carmyllie,56.569722,-2.741944,04c9f5420e9426ac0000,548.0,-27.5,3.73,99.0,0
2024-12-04 21:44:44.565326+00:00,70B3D54999389C9B,ECHO #5,Echo,Road Bridge 600m West of Carmyllie,56.569722,-2.741944,04c1f6a00e8026ac0000,556.0,-24.0,3.71,99.0,0
2024-12-04 21:59:46.568453+00:00,70B3D54999389C9B,ECHO #5,Echo,Road Bridge 600m West of Carmyllie,56.569722,-2.741944,04b801130e9026ac0000,565.0,2.75,3.73,99.0,0
2024-12-04 22:14:42.007565+00:00,70B3D54999389C9B,ECHO #5,Echo,Road Bridge 600m West of Carmyllie,56.569722,-2.741944,04b801130e8c26ac0000,565.0,2.75,3.72,99.0,0
2024-12-04 22:29:41.508391+00:00,70B3D54999389C9B,ECHO #5,Echo,Road Bridge 600m West of Carmyllie,56.569722,-2.741944,04b501130e5826ac0000,568.0,2.75,3.67,99.0,0
2024-12-04 22:44:43.689955+00:00,70B3D54999389C9B,ECHO #5,Echo,Road Bridge 600m West of Carmyllie,56.569722,-2.741944,04b1012c0e7026ac0000,572.0,3.0,3.7,99.0,0
2024-12-04 22:59:44.829609+00:00,70B3D54999389C9B,ECHO #5,Echo,Road Bridge 600m West of Carmyllie,56.569722,-2.741944,04a7012c0e8426ac0000,582.0,3.0,3.72,99.0,0
2024-12-04 23:14:44.664250+00:00,70B3D54999389C9B,ECHO #5,Echo,Road Bridge 600m West of Carmyllie,56.569722,-2.741944,04a0012c0e8426ac0000,589.0,3.0,3.72,99.0,0
2024-12-04 23:29:43.656178+00:00,70B3D54999389C9B,ECHO #5,Echo,Road Bridge 600m West of Carmyllie,56.569722,-2.741944,049c015e0e68fffa0000,593.0,3.5,3.69,-0.06,0
2024-12-04 23:44:43.667592+00:00,70B3D54999389C9B,ECHO #5,Echo,Road Bridge 600m West of Carmyllie,56.569722,-2.741944,049901770e5c26ac0000,596.0,3.75,3.68,99.0,0
2024-12-04 23:59:43.872391+00:00,70B3D54999389C9B,ECHO #5,Echo,Road Bridge 600m West of Carmyllie,56.569722,-2.741944,049401c20e7826ac0000,601.0,4.5,3.7,99.0,0
2024-12-05 00:14:48.681761+00:00,70B3D54999389C9B,ECHO #5,Echo,Road Bridge 600m West of Carmyllie,56.569722,-2.741944,048e01c20e8426ac0000,607.0,4.5,3.72,99.0,0
2024-12-05 00:29:45.876240+00:00,70B3D54999389C9B,ECHO #5,Echo,Road Bridge 600m West of Carmyllie,56.569722,-2.741944,049001db0e9426ac0000,605.0,4.75,3.73,99.0,0
2024-12-05 00:44:46.053843+00:00,70B3D54999389C9B,ECHO #5,Echo,Road Bridge 600m West of Carmyllie,56.569722,-2.741944,048f01f40e7c26ac0000,606.0,5.0,3.71,99.0,0
2024-12-05 00:59:45.995238+00:00,70B3D54999389C9B,ECHO #5,Echo,Road Bridge 600m West of Carmyllie,56.569722,-2.741944,048c02260e8c26ac0000,609.0,5.5,3.72,99.0,0
2024-12-05 01:14:46.137519+00:00,70B3D54999389C9B,ECHO #5,Echo,Road Bridge 600m West of Carmyllie,56.569722,-2.741944,048cfb820e9426ac0000,609.0,-11.5,3.73,99.0,0
2024-12-05 01:29:45.647351+00:00,70B3D54999389C9B,ECHO #5,Echo,Road Bridge 600m West of Carmyllie,56.569722,-2.741944,048efbcd0e7c26ac0000,607.0,-10.75,3.71,99.0,0
2024-12-05 01:44:45.792826+00:00,70B3D54999389C9B,ECHO #5,Echo,Road Bridge 600m West of Carmyllie,56.569722,-2.741944,048efcc70e5c26ac0000,607.0,-8.25,3.68,99.0,0
2024-12-05 01:59:45.733397+00:00,70B3D54999389C9B,ECHO #5,Echo,Road Bridge 600m West of Carmyllie,56.569722,-2.741944,0490fd440ea426ac0000,605.0,-7.0,3.75,99.0,0
2024-12-05 02:14:46.200228+00:00,70B3D54999389C9B,ECHO #5,Echo,Road Bridge 600m West of Carmyllie,56.569722,-2.741944,048e02710e9826ac0000,607.0,6.25,3.74,99.0,0
2024-12-05 02:29:45.262482+00:00,70B3D54999389C9B,ECHO #5,Echo,Road Bridge 600m West of Carmyllie,56.569722,-2.741944,049002580e6826ac0000,605.0,6.0,3.69,99.0,0
2024-12-05 02:44:45.469403+00:00,70B3D54999389C9B,ECHO #5,Echo,Road Bridge 600m West of Carmyllie,56.569722,-2.741944,0490020d0ea826ac0000,605.0,5.25,3.75,99.0,0
2024-12-05 02:59:41.028986+00:00,70B3D54999389C9B,ECHO #5,Echo,Road Bridge 600m West of Carmyllie,56.569722,-2.741944,049201db0e9026ac0000,603.0,4.75,3.73,99.0,0
2024-12-05 03:14:45.535029+00:00,70B3D54999389C9B,ECHO #5,Echo,Road Bridge 600m West of Carmyllie,56.569722,-2.741944,049101a90e7026ac0000,604.0,4.25,3.7,99.0,0
2024-12-05 03:29:45.605105+00:00,70B3D54999389C9B,ECHO #5,Echo,Road Bridge 600m West of Carmyllie,56.569722,-2.741944,049001900ea026ac0000,605.0,4.0,3.74,99.0,0
2024-12-05 03:44:42.836671+00:00,70B3D54999389C9B,ECHO #5,Echo,Road Bridge 600m West of Carmyllie,56.569722,-2.741944,0491015e0e7026ac0000,604.0,3.5,3.7,99.0,0
2024-12-05 03:59:43.234861+00:00,70B3D54999389C9B,ECHO #5,Echo,Road Bridge 600m West of Carmyllie,56.569722,-2.741944,049401450e5826ac0000,601.0,3.25,3.67,99.0,0
2024-12-05 04:14:41.437441+00:00,70B3D54999389C9B,ECHO #5,Echo,Road Bridge 600m West of Carmyllie,56.569722,-2.741944,0495012c0e8426ac0000,600.0,3.0,3.72,99.0,0
2024-12-05 04:29:41.501152+00:00,70B3D54999389C9B,ECHO #5,Echo,Road Bridge 600m West of Carmyllie,56.569722,-2.741944,049601130e9026ac0000,599.0,2.75,3.73,99.0,0
2024-12-05 04:44:41.352839+00:00,70B3D54999389C9B,ECHO #5,Echo,Road Bridge 600m West of Carmyllie,56.569722,-2.741944,049500c80e8c26ac0000,600.0,2.0,3.72,99.0,0
2024-12-05 04:59:41.002720+00:00,70B3D54999389C9B,ECHO #5,Echo,Road Bridge 600m West of Carmyllie,56.569722,-2.741944,0497007d0e7c26ac0000,598.0,1.25,3.71,99.0,0
2024-12-05 05:14:47.741724+00:00,70B3D54999389C9B,ECHO #5,Echo,Road Bridge 600m West of Carmyllie,56.569722,-2.741944,0498f31c0e9426ac0000,597.0,-33.0,3.73,99.0,0
2024-12-05 05:29:45.438094+00:00,70B3D54999389C9B,ECHO #5,Echo,Road Bridge 600m West of Carmyllie,56.569722,-2.741944,0498f31c0e9426ac0000,597.0,-33.0,3.73,99.0,0
2024-12-05 05:44:40.702204+00:00,70B3D54999389C9B,ECHO #5,Echo,Road Bridge 600m West of Carmyllie,56.569722,-2.741944,049bf31c0e8426ac0000,594.0,-33.0,3.72,99.0,0
2024-12-05 05:59:41.990830+00:00,70B3D54999389C9B,ECHO #5,Echo,Road Bridge 600m West of Carmyllie,56.569722,-2.741944,049af4de0e9826ac0000,595.0,-28.5,3.74,99.0,0
2024-12-05 06:14:41.900023+00:00,70B3D54999389C9B,ECHO #5,Echo,Road Bridge 600m West of Carmyllie,56.569722,-2.741944,049c007d0e7826ac0000,593.0,1.25,3.7,99.0,0
2024-12-05 06:29:40.509688+00:00,70B3D54999389C9B,ECHO #5,Echo,Road Bridge 600m West of Carmyllie,56.569722,-2.741944,04a0004b0e9826ac0000,589.0,0.75,3.74,99.0,0
2024-12-05 06:44:41.289975+00:00,70B3D54999389C9B,ECHO #5,Echo,Road Bridge 600m West of Carmyllie,56.569722,-2.741944,049fff9c0e6826ac0000,590.0,-1.0,3.69,99.0,0
2024-12-05 06:59:40.607374+00:00,70B3D54999389C9B,ECHO #5,Echo,Road Bridge 600m West of Carmyllie,56.569722,-2.741944,04a0ff380e7c26ac0000,589.0,-2.0,3.71,99.0,0
2024-12-05 07:14:41.220591+00:00,70B3D54999389C9B,ECHO #5,Echo,Road Bridge 600m West of Carmyllie,56.569722,-2.741944,04a0fe700e8826ac0000,589.0,-4.0,3.72,99.0,0
2024-12-05 07:29:41.133015+00:00,70B3D54999389C9B,ECHO #5,Echo,Road Bridge 600m West of Carmyllie,56.569722,-2.741944,049efd5d0e9026ac0000,591.0,-6.75,3.73,99.0,0
2024-12-05 07:44:41.505949+00:00,70B3D54999389C9B,ECHO #5,Echo,Road Bridge 600m West of Carmyllie,56.569722,-2.741944,04a0fdc10e8426ac0000,589.0,-5.75,3.72,99.0,0
2024-12-05 07:59:41.559870+00:00,70B3D54999389C9B,ECHO #5,Echo,Road Bridge 600m West of Carmyllie,56.569722,-2.741944,04a1fe570e8826ac0000,588.0,-4.25,3.72,99.0,0
2024-12-05 08:14:42.090932+00:00,70B3D54999389C9B,ECHO #5,Echo,Road Bridge 600m West of Carmyllie,56.569722,-2.741944,04a2fe3e0e7426ac0000,587.0,-4.5,3.7,99.0,0
2024-12-05 08:29:41.468890+00:00,70B3D54999389C9B,ECHO #5,Echo,Road Bridge 600m West of Carmyllie,56.569722,-2.741944,04a0fed40e9426ac0000,589.0,-3.0,3.73,99.0,0
2024-12-05 08:44:41.627784+00:00,70B3D54999389C9B,ECHO #5,Echo,Road Bridge 600m West of Carmyllie,56.569722,-2.741944,04a3fe890e8c26ac0000,586.0,-3.75,3.72,99.0,0
2024-12-05 08:59:40.531840+00:00,70B3D54999389C9B,ECHO #5,Echo,Road Bridge 600m West of Carmyllie,56.569722,-2.741944,04a3fed40e7026ac0000,586.0,-3.0,3.7,99.0,0
2024-12-05 09:14:42.536628+00:00,70B3D54999389C9B,ECHO #5,Echo,Road Bridge 600m West of Carmyllie,56.569722,-2.741944,04a4fd760e8826ac0000,585.0,-6.5,3.72,99.0,0
2024-12-05 09:29:40.635476+00:00,70B3D54999389C9B,ECHO #5,Echo,Road Bridge 600m West of Carmyllie,56.569722,-2.741944,04a6e5ed0e6426ac0000,583.0,-66.75,3.68,99.0,0
2024-12-05 09:44:45.199956+00:00,70B3D54999389C9B,ECHO #5,Echo,Road Bridge 600m West of Carmyllie,56.569722,-2.741944,04a3e5a20e7c26ac0000,586.0,-67.5,3.71,99.0,0
2024-12-05 09:59:47.629907+00:00,70B3D54999389C9B,ECHO #5,Echo,Road Bridge 600m West of Carmyllie,56.569722,-2.741944,04a4e5ed0e9826ac0000,585.0,-66.75,3.74,99.0,0
2024-12-05 10:14:45.568713+00:00,70B3D54999389C9B,ECHO #5,Echo,Road Bridge 600m West of Carmyllie,56.569722,-2.741944,04a6fd5d0e8426ac0000,583.0,-6.75,3.72,99.0,0
2024-12-05 10:29:45.535370+00:00,70B3D54999389C9B,ECHO #5,Echo,Road Bridge 600m West of Carmyllie,56.569722,-2.741944,04a7fdf30e8426ac0000,582.0,-5.25,3.72,99.0,0
2024-12-05 10:44:45.856902+00:00,70B3D54999389C9B,ECHO #5,Echo,Road Bridge 600m West of Carmyllie,56.569722,-2.741944,04a6fdda0ea826ac0000,583.0,-5.5,3.75,99.0,0
2024-12-05 10:59:40.734391+00:00,70B3D54999389C9B,ECHO #5,Echo,Road Bridge 600m West of Carmyllie,56.569722,-2.741944,04a7fe3e0e5426ac0000,582.0,-4.5,3.67,99.0,0
2024-12-05 11:14:41.114640+00:00,70B3D54999389C9B,ECHO #5,Echo,Road Bridge 600m West of Carmyllie,56.569722,-2.741944,04aafe250e7826ac0000,579.0,-4.75,3.7,99.0,0
2024-12-05 11:29:40.892070+00:00,70B3D54999389C9B,ECHO #5,Echo,Road Bridge 600m West of Carmyllie,56.569722,-2.741944,04a9febb0ea026ac0000,580.0,-3.25,3.74,99.0,0
2024-12-05 11:44:40.691481+00:00,70B3D54999389C9B,ECHO #5,Echo,Road Bridge 600m West of Carmyllie,56.569722,-2.741944,04aafea20e9026ac0000,579.0,-3.5,3.73,99.0,0
2024-12-05 11:59:40.630137+00:00,70B3D54999389C9B,ECHO #5,Echo,Road Bridge 600m West of Carmyllie,56.569722,-2.741944,04aaff060e6826ac0000,579.0,-2.5,3.69,99.0,0
2024-12-05 12:14:41.081876+00:00,70B3D54999389C9B,ECHO #5,Echo,Road Bridge 600m West of Carmyllie,56.569722,-2.741944,04abff9c0e8826ac0000,578.0,-1.0,3.72,99.0,0
2024-12-05 12:29:40.909285+00:00,70B3D54999389C9B,ECHO #5,Echo,Road Bridge 600m West of Carmyllie,56.569722,-2.741944,04aaff830e9c26ac0000,579.0,-1.25,3.74,99.0,0
2024-12-05 12:44:40.248225+00:00,70B3D54999389C9B,ECHO #5,Echo,Road Bridge 600m West of Carmyllie,56.569722,-2.741944,04adff830ea026ac0000,576.0,-1.25,3.74,99.0,0
2024-12-05 12:59:44.967886+00:00,70B3D54999389C9B,ECHO #5,Echo,Road Bridge 600m West of Carmyllie,56.569722,-2.741944,04acff1f0e8426ac0000,577.0,-2.25,3.72,99.0,0
2024-12-05 13:14:45.047544+00:00,70B3D54999389C9B,ECHO #5,Echo,Road Bridge 600m West of Carmyllie,56.569722,-2.741944,04adefe30e6c26ac0000,576.0,-41.25,3.69,99.0,0
2024-12-05 13:29:40.487669+00:00,70B3D54999389C9B,ECHO #5,Echo,Road Bridge 600m West of Carmyllie,56.569722,-2.741944,04aef26d0e9826ac0000,575.0,-34.75,3.74,99.0,0
2024-12-05 13:44:40.182859+00:00,70B3D54999389C9B,ECHO #5,Echo,Road Bridge 600m West of Carmyllie,56.569722,-2.741944,04aff3030e7c26ac0000,574.0,-33.25,3.71,99.0,0
2024-12-05 13:59:41.523969+00:00,70B3D54999389C9B,ECHO #5,Echo,Road Bridge 600m West of Carmyllie,56.569722,-2.741944,04b1f3030e8826ac0000,572.0,-33.25,3.72,99.0,0
2024-12-05 14:14:40.441366+00:00,70B3D54999389C9B,ECHO #5,Echo,Road Bridge 600m West of Carmyllie,56.569722,-2.741944,04b1ff9c0e8826ac0000,572.0,-1.0,3.72,99.0,0
2024-12-05 14:29:40.985198+00:00,70B3D54999389C9B,ECHO #5,Echo,Road Bridge 600m West of Carmyllie,56.569722,-2.741944,04b2ff1f0e9826ac0000,571.0,-2.25,3.74,99.0,0
2024-12-05 14:44:40.261578+00:00,70B3D54999389C9B,ECHO #5,Echo,Road Bridge 600m West of Carmyllie,56.569722,-2.741944,04b0fea20e7c26ac0000,573.0,-3.5,3.71,99.0,0
2024-12-05 14:59:45.652583+00:00,70B3D54999389C9B,ECHO #5,Echo,Road Bridge 600m West of Carmyllie,56.569722,-2.741944,04b3fe250e7c26ac0000,570.0,-4.75,3.71,99.0,0
2024-12-05 15:14:45.438132+00:00,70B3D54999389C9B,ECHO #5,Echo,Road Bridge 600m West of Carmyllie,56.569722,-2.741944,04b3fe570e9426ac0000,570.0,-4.25,3.73,99.0,0
2024-12-05 15:29:45.409364+00:00,70B3D54999389C9B,ECHO #5,Echo,Road Bridge 600m West of Carmyllie,56.569722,-2.741944,04b5fe3e0e8426ac0000,568.0,-4.5,3.72,99.0,0
2024-12-05 15:44:45.673965+00:00,70B3D54999389C9B,ECHO #5,Echo,Road Bridge 600m West of Carmyllie,56.569722,-2.741944,04b4fe3e0e8c26ac0000,569.0,-4.5,3.72,99.0,0
2024-12-05 15:59:45.740555+00:00,70B3D54999389C9B,ECHO #5,Echo,Road Bridge 600m West of Carmyllie,56.569722,-2.741944,04b5fe3e0e9026ac0000,568.0,-4.5,3.73,99.0,0
2024-12-05 16:14:45.008382+00:00,70B3D54999389C9B,ECHO #5,Echo,Road Bridge 600m West of Carmyllie,56.569722,-2.741944,04b3fe3e0e5c26ac0000,570.0,-4.5,3.68,99.0,0
2024-12-05 16:29:45.047245+00:00,70B3D54999389C9B,ECHO #5,Echo,Road Bridge 600m West of Carmyllie,56.569722,-2.741944,04b5fe3e0ea026ac0000,568.0,-4.5,3.74,99.0,0
2024-12-05 16:44:45.838093+00:00,70B3D54999389C9B,ECHO #5,Echo,Road Bridge 600m West of Carmyllie,56.569722,-2.741944,04b4fe570e7426ac0000,569.0,-4.25,3.7,99.0,0
2024-12-05 16:59:44.855184+00:00,70B3D54999389C9B,ECHO #5,Echo,Road Bridge 600m West of Carmyllie,56.569722,-2.741944,04b6fe570e5826ac0000,567.0,-4.25,3.67,99.0,0
2024-12-05 17:14:45.385957+00:00,70B3D54999389C9B,ECHO #5,Echo,Road Bridge 600m West of Carmyllie,56.569722,-2.741944,04b7ea390e8026ac0000,566.0,-55.75,3.71,99.0,0
2024-12-05 17:29:40.359918+00:00,70B3D54999389C9B,ECHO #5,Echo,Road Bridge 600m West of Carmyllie,56.569722,-2.741944,04b6e9710e8826ac0000,567.0,-57.75,3.72,99.0,0
2024-12-05 17:44:44.932842+00:00,70B3D54999389C9B,ECHO #5,Echo,Road Bridge 600m West of Carmyllie,56.569722,-2.741944,04bae85e0e6c26ac0000,563.0,-60.5,3.69,99.0,0
2024-12-05 17:59:45.328402+00:00,70B3D54999389C9B,ECHO #5,Echo,Road Bridge 600m West of Carmyllie,56.569722,-2.741944,04b8e85e0e7c26ac0000,565.0,-60.5,3.71,99.0,0
2024-12-05 18:29:44.717654+00:00,70B3D54999389C9B,ECHO #5,Echo,Road Bridge 600m West of Carmyllie,56.569722,-2.741944,04b7fad30e8c26ac0000,566.0,-13.25,3.72,99.0,0
2024-12-05 18:44:44.901558+00:00,70B3D54999389C9B,ECHO #5,Echo,Road Bridge 600m West of Carmyllie,56.569722,-2.741944,04b7f9430e6826ac0000,566.0,-17.25,3.69,99.0,0
2024-12-05 18:59:40.079204+00:00,70B3D54999389C9B,ECHO #5,Echo,Road Bridge 600m West of Carmyllie,56.569722,-2.741944,04b8f8c60e5c26ac0000,565.0,-18.5,3.68,99.0,0
2024-12-05 19:14:39.826056+00:00,70B3D54999389C9B,ECHO #5,Echo,Road Bridge 600m West of Carmyllie,56.569722,-2.741944,04b7f8940e8c26ac0000,566.0,-19.0,3.72,99.0,0
2024-12-05 19:29:39.911685+00:00,70B3D54999389C9B,ECHO #5,Echo,Road Bridge 600m West of Carmyllie,56.569722,-2.741944,04b7f8170e8026ac0000,566.0,-20.25,3.71,99.0,0
2024-12-05 19:44:41.070245+00:00,70B3D54999389C9B,ECHO #5,Echo,Road Bridge 600m West of Carmyllie,56.569722,-2.741944,04b6f7810e8426ac0000,567.0,-21.75,3.72,99.0,0
2024-12-05 19:59:40.764964+00:00,70B3D54999389C9B,ECHO #5,Echo,Road Bridge 600m West of Carmyllie,56.569722,-2.741944,04b6f8300e7c26ac0000,567.0,-20.0,3.71,99.0,0
2024-12-05 20:14:40.953979+00:00,70B3D54999389C9B,ECHO #5,Echo,Road Bridge 600m West of Carmyllie,56.569722,-2.741944,04b7f8300e6826ac0000,566.0,-20.0,3.69,99.0,0
2024-12-05 20:29:40.495619+00:00,70B3D54999389C9B,ECHO #5,Echo,Road Bridge 600m West of Carmyllie,56.569722,-2.741944,04b8f7810e8426ac0000,565.0,-21.75,3.72,99.0,0
2024-12-05 20:44:40.671433+00:00,70B3D54999389C9B,ECHO #5,Echo,Road Bridge 600m West of Carmyllie,56.569722,-2.741944,04b6f6b90e8026ac0000,567.0,-23.75,3.71,99.0,0
2024-12-05 21:14:40.437686+00:00,70B3D54999389C9B,ECHO #5,Echo,Road Bridge 600m West of Carmyllie,56.569722,-2.741944,04b6f7040e9002450000,567.0,-23.0,3.73,5.81,0
2024-12-05 21:29:40.665298+00:00,70B3D54999389C9B,ECHO #5,Echo,Road Bridge 600m West of Carmyllie,56.569722,-2.741944,04b9092e0e98023f0000,564.0,23.5,3.74,5.75,0
2024-12-05 21:44:39.880112+00:00,70B3D54999389C9B,ECHO #5,Echo,Road Bridge 600m West of Carmyllie,56.569722,-2.741944,04b8fe0c0e70011c0000,565.0,-5.0,3.7,2.84,0
2024-12-05 21:59:40.140514+00:00,70B3D54999389C9B,ECHO #5,Echo,Road Bridge 600m West of Carmyllie,56.569722,-2.741944,04b802710e8026ac0000,565.0,6.25,3.71,99.0,0
2024-12-05 22:14:40.422345+00:00,70B3D54999389C9B,ECHO #5,Echo,Road Bridge 600m West of Carmyllie,56.569722,-2.741944,04baf5d80e9826ac0000,563.0,-26.0,3.74,99.0,0
2024-12-05 22:29:41.326989+00:00,70B3D54999389C9B,ECHO #5,Echo,Road Bridge 600m West of Carmyllie,56.569722,-2.741944,04bbf5f10e7c26ac0000,562.0,-25.75,3.71,99.0,0
2024-12-05 22:44:40.403926+00:00,70B3D54999389C9B,ECHO #5,Echo,Road Bridge 600m West of Carmyllie,56.569722,-2.741944,04baf6eb0e6426ac0000,563.0,-23.25,3.68,99.0,0
2024-12-05 22:59:40.182145+00:00,70B3D54999389C9B,ECHO #5,Echo,Road Bridge 600m West of Carmyllie,56.569722,-2.741944,04bcf74f0e8426ac0000,561.0,-22.25,3.72,99.0,0
2024-12-05 23:14:40.789212+00:00,70B3D54999389C9B,ECHO #5,Echo,Road Bridge 600m West of Carmyllie,56.569722,-2.741944,04bcf74f0ea8fffa0000,561.0,-22.25,3.75,-0.06,0
2024-12-05 23:29:39.243392+00:00,70B3D54999389C9B,ECHO #5,Echo,Road Bridge 600m West of Carmyllie,56.569722,-2.741944,04bcf7360e5c26ac0000,561.0,-22.5,3.68,99.0,0
2024-12-05 23:59:39.297771+00:00,70B3D54999389C9B,ECHO #5,Echo,Road Bridge 600m West of Carmyllie,56.569722,-2.741944,04bef7360e9826ac0000,559.0,-22.5,3.74,99.0,0
2024-12-06 00:14:40.466117+00:00,70B3D54999389C9B,ECHO #5,Echo,Road Bridge 600m West of Carmyllie,56.569722,-2.741944,04c0f7810e9826ac0000,557.0,-21.75,3.74,99.0,0
2024-12-06 00:29:39.234321+00:00,70B3D54999389C9B,ECHO #5,Echo,Road Bridge 600m West of Carmyllie,56.569722,-2.741944,04c0f7810e9426ac0000,557.0,-21.75,3.73,99.0,0
2024-12-06 00:44:40.543010+00:00,70B3D54999389C9B,ECHO #5,Echo,Road Bridge 600m West of Carmyllie,56.569722,-2.741944,04c1f8300e7426ac0000,556.0,-20.0,3.7,99.0,0
2024-12-06 00:59:39.513974+00:00,70B3D54999389C9B,ECHO #5,Echo,Road Bridge 600m West of Carmyllie,56.569722,-2.741944,04c1f7810e7826ac0000,556.0,-21.75,3.7,99.0,0
2024-12-06 01:14:39.365237+00:00,70B3D54999389C9B,ECHO #5,Echo,Road Bridge 600m West of Carmyllie,56.569722,-2.741944,04c2f8300e8426ac0000,555.0,-20.0,3.72,99.0,0
2024-12-06 01:29:39.004723+00:00,70B3D54999389C9B,ECHO #5,Echo,Road Bridge 600m West of Carmyllie,56.569722,-2.741944,04c3f9750ea026ac0000,554.0,-16.75,3.74,99.0,0
2024-12-06 01:44:41.062998+00:00,70B3D54999389C9B,ECHO #5,Echo,Road Bridge 600m West of Carmyllie,56.569722,-2.741944,04c4f3990e9026ac0000,553.0,-31.75,3.73,99.0,0
2024-12-06 01:59:40.102313+00:00,70B3D54999389C9B,ECHO #5,Echo,Road Bridge 600m West of Carmyllie,56.569722,-2.741944,04c5ea9d0e5c26ac0000,552.0,-54.75,3.68,99.0,0
2024-12-06 02:14:39.589965+00:00,70B3D54999389C9B,ECHO #5,Echo,Road Bridge 600m West of Carmyllie,56.569722,-2.741944,04c6f63c0e7826ac0000,551.0,-25.0,3.7,99.0,0
2024-12-06 02:29:38.972424+00:00,70B3D54999389C9B,ECHO #5,Echo,Road Bridge 600m West of Carmyllie,56.569722,-2.741944,04c6f4610e9826ac0000,551.0,-29.75,3.74,99.0,0
2024-12-06 02:44:39.650680+00:00,70B3D54999389C9B,ECHO #5,Echo,Road Bridge 600m West of Carmyllie,56.569722,-2.741944,04c6f42f0e9426ac0000,551.0,-30.25,3.73,99.0,0
2024-12-06 02:59:39.713668+00:00,70B3D54999389C9B,ECHO #5,Echo,Road Bridge 600m West of Carmyllie,56.569722,-2.741944,04c8f42f0e6c26ac0000,549.0,-30.25,3.69,99.0,0
2024-12-06 03:14:39.701114+00:00,70B3D54999389C9B,ECHO #5,Echo,Road Bridge 600m West of Carmyllie,56.569722,-2.741944,04c7f31c0e8026ac0000,550.0,-33.0,3.71,99.0,0
2024-12-06 03:29:39.735382+00:00,70B3D54999389C9B,ECHO #5,Echo,Road Bridge 600m West of Carmyllie,56.569722,-2.741944,04c7f02e0ea026ac0000,550.0,-40.5,3.74,99.0,0
2024-12-06 03:44:39.272596+00:00,70B3D54999389C9B,ECHO #5,Echo,Road Bridge 600m West of Carmyllie,56.569722,-2.741944,04c7ef4d0e6c26ac0000,550.0,-42.75,3.69,99.0,0
2024-12-06 03:59:39.321802+00:00,70B3D54999389C9B,ECHO #5,Echo,Road Bridge 600m West of Carmyllie,56.569722,-2.741944,04c7efe30e8426ac0000,550.0,-41.25,3.72,99.0,0
2024-12-06 04:14:39.281740+00:00,70B3D54999389C9B,ECHO #5,Echo,Road Bridge 600m West of Carmyllie,56.569722,-2.741944,04c7f0c40e8c26ac0000,550.0,-39.0,3.72,99.0,0
2024-12-06 04:29:39.877793+00:00,70B3D54999389C9B,ECHO #5,Echo,Road Bridge 600m West of Carmyllie,56.569722,-2.741944,04c9f10f0e8826ac0000,548.0,-38.25,3.72,99.0,0
2024-12-06 04:44:43.249334+00:00,70B3D54999389C9B,ECHO #5,Echo,Road Bridge 600m West of Carmyllie,56.569722,-2.741944,04cbf10f0ea026ac0000,546.0,-38.25,3.74,99.0,0
2024-12-06 04:59:38.367133+00:00,70B3D54999389C9B,ECHO #5,Echo,Road Bridge 600m West of Carmyllie,56.569722,-2.741944,04cbefca0e8426ac0000,546.0,-41.5,3.72,99.0,0
2024-12-06 05:14:38.669866+00:00,70B3D54999389C9B,ECHO #5,Echo,Road Bridge 600m West of Carmyllie,56.569722,-2.741944,04ccef020e7026ac0000,545.0,-43.5,3.7,99.0,0
2024-12-06 05:29:38.783454+00:00,70B3D54999389C9B,ECHO #5,Echo,Road Bridge 600m West of Carmyllie,56.569722,-2.741944,04cef95c0e9426ac0000,543.0,-17.0,3.73,99.0,0
2024-12-06 05:44:38.837937+00:00,70B3D54999389C9B,ECHO #5,Echo,Road Bridge 600m West of Carmyllie,56.569722,-2.741944,04cb09dd0e9826ac0000,546.0,25.25,3.74,99.0,0
2024-12-06 05:59:38.881821+00:00,70B3D54999389C9B,ECHO #5,Echo,Road Bridge 600m West of Carmyllie,56.569722,-2.741944,04ccf92a0e7026ac0000,545.0,-17.5,3.7,99.0,0
2024-12-06 06:14:38.751399+00:00,70B3D54999389C9B,ECHO #5,Echo,Road Bridge 600m West of Carmyllie,56.569722,-2.741944,04cdef7f0e7826ac0000,544.0,-42.25,3.7,99.0,0
2024-12-06 06:29:39.006828+00:00,70B3D54999389C9B,ECHO #5,Echo,Road Bridge 600m West of Carmyllie,56.569722,-2.741944,04ceefb10e7026ac0000,543.0,-41.75,3.7,99.0,0
2024-12-06 06:44:40.389699+00:00,70B3D54999389C9B,ECHO #5,Echo,Road Bridge 600m West of Carmyllie,56.569722,-2.741944,04cff1d70e8426ac0000,542.0,-36.25,3.72,99.0,0
2024-12-06 06:59:38.013569+00:00,70B3D54999389C9B,ECHO #5,Echo,Road Bridge 600m West of Carmyllie,56.569722,-2.741944,04d2f0920e94fffa0000,539.0,-39.5,3.73,-0.06,0
2024-12-06 07:14:42.655433+00:00,70B3D54999389C9B,ECHO #5,Echo,Road Bridge 600m West of Carmyllie,56.569722,-2.741944,04cfef660e8426ac0000,542.0,-42.5,3.72,99.0,0
2024-12-06 07:29:42.580610+00:00,70B3D54999389C9B,ECHO #5,Echo,Road Bridge 600m West of Carmyllie,56.569722,-2.741944,04cfeee90e7c26ac0000,542.0,-43.75,3.71,99.0,0
2024-12-06 07:44:42.640314+00:00,70B3D54999389C9B,ECHO #5,Echo,Road Bridge 600m West of Carmyllie,56.569722,-2.741944,04d1f0ab0ea026ac0000,540.0,-39.25,3.74,99.0,0
2024-12-06 07:59:42.727045+00:00,70B3D54999389C9B,ECHO #5,Echo,Road Bridge 600m West of Carmyllie,56.569722,-2.741944,04d1efe30e6026ac0000,540.0,-41.25,3.68,99.0,0
2024-12-06 08:14:42.584138+00:00,70B3D54999389C9B,ECHO #5,Echo,Road Bridge 600m West of Carmyllie,56.569722,-2.741944,04d2edef0e8026ac0000,539.0,-46.25,3.71,99.0,0
2024-12-06 08:29:42.275425+00:00,70B3D54999389C9B,ECHO #5,Echo,Road Bridge 600m West of Carmyllie,56.569722,-2.741944,04d4ecf50e8026ac0000,537.0,-48.75,3.71,99.0,0
2024-12-06 08:44:42.774690+00:00,70B3D54999389C9B,ECHO #5,Echo,Road Bridge 600m West of Carmyllie,56.569722,-2.741944,04d5edef0ea426ac0000,536.0,-46.25,3.75,99.0,0
2024-12-06 08:59:42.062039+00:00,70B3D54999389C9B,ECHO #5,Echo,Road Bridge 600m West of Carmyllie,56.569722,-2.741944,04d5ecaa0e7826ac0000,536.0,-49.5,3.7,99.0,0
2024-12-06 09:14:42.100573+00:00,70B3D54999389C9B,ECHO #5,Echo,Road Bridge 600m West of Carmyllie,56.569722,-2.741944,04d309790e8026ac0000,538.0,24.25,3.71,99.0,0
2024-12-06 09:29:37.638650+00:00,70B3D54999389C9B,ECHO #5,Echo,Road Bridge 600m West of Carmyllie,56.569722,-2.741944,04d4f92a0e9026ac0000,537.0,-17.5,3.73,99.0,0
2024-12-06 09:44:38.774717+00:00,70B3D54999389C9B,ECHO #5,Echo,Road Bridge 600m West of Carmyllie,56.569722,-2.741944,04d400000e7026ac0000,537.0,0.0,3.7,99.0,0
2024-12-06 09:59:38.088112+00:00,70B3D54999389C9B,ECHO #5,Echo,Road Bridge 600m West of Carmyllie,56.569722,-2.741944,04d610810e7026ac0000,535.0,42.25,3.7,99.0,0
2024-12-06 10:14:38.159180+00:00,70B3D54999389C9B,ECHO #5,Echo,Road Bridge 600m West of Carmyllie,56.569722,-2.741944,04d5f6eb0e9426ac0000,536.0,-23.25,3.73,99.0,0
2024-12-06 10:29:37.927321+00:00,70B3D54999389C9B,ECHO #5,Echo,Road Bridge 600m West of Carmyllie,56.569722,-2.741944,04d8f8300e8426ac0000,533.0,-20.0,3.72,99.0,0
2024-12-06 10:59:37.629893+00:00,70B3D54999389C9B,ECHO #5,Echo,Road Bridge 600m West of Carmyllie,56.569722,-2.741944,04d8f8ad0e9426ac0000,533.0,-18.75,3.73,99.0,0
2024-12-06 11:14:38.648074+00:00,70B3D54999389C9B,ECHO #5,Echo,Road Bridge 600m West of Carmyllie,56.569722,-2.741944,04dafaec0e9426ac0000,531.0,-13.0,3.73,99.0,0
2024-12-06 11:29:38.040649+00:00,70B3D54999389C9B,ECHO #5,Echo,Road Bridge 600m West of Carmyllie,56.569722,-2.741944,04d9fb050e7426ac0000,532.0,-12.75,3.7,99.0,0
2024-12-06 11:44:37.665231+00:00,70B3D54999389C9B,ECHO #5,Echo,Road Bridge 600m West of Carmyllie,56.569722,-2.741944,04ddfc310e7c26ac0000,528.0,-9.75,3.71,99.0,0
2024-12-06 11:59:37.162720+00:00,70B3D54999389C9B,ECHO #5,Echo,Road Bridge 600m West of Carmyllie,56.569722,-2.741944,04ddfc310e9026ac0000,528.0,-9.75,3.73,99.0,0
2024-12-06 12:14:37.438323+00:00,70B3D54999389C9B,ECHO #5,Echo,Road Bridge 600m West of Carmyllie,56.569722,-2.741944,04dcfce00e9426ac0000,529.0,-8.0,3.73,99.0,0
2024-12-06 12:29:37.199239+00:00,70B3D54999389C9B,ECHO #5,Echo,Road Bridge 600m West of Carmyllie,56.569722,-2.741944,04ddfce00e9426ac0000,528.0,-8.0,3.73,99.0,0
2024-12-06 12:59:37.733347+00:00,70B3D54999389C9B,ECHO #5,Echo,Road Bridge 600m West of Carmyllie,56.569722,-2.741944,04dcfd2b0ea026ac0000,529.0,-7.25,3.74,99.0,0
2024-12-06 13:14:38.621398+00:00,70B3D54999389C9B,ECHO #5,Echo,Road Bridge 600m West of Carmyllie,56.569722,-2.741944,04ddfda80ea026ac0000,528.0,-6.0,3.74,99.0,0
2024-12-06 13:29:37.455376+00:00,70B3D54999389C9B,ECHO #5,Echo,Road Bridge 600m West of Carmyllie,56.569722,-2.741944,04e1e2500e6826ac0000,524.0,-76.0,3.69,99.0,0
2024-12-06 13:44:38.025671+00:00,70B3D54999389C9B,ECHO #5,Echo,Road Bridge 600m West of Carmyllie,56.569722,-2.741944,04e0e1a10e8826ac0000,525.0,-77.75,3.72,99.0,0
2024-12-06 13:59:41.833647+00:00,70B3D54999389C9B,ECHO #5,Echo,Road Bridge 600m West of Carmyllie,56.569722,-2.741944,04dfe1ba0e6426ac0000,526.0,-77.5,3.68,99.0,0
2024-12-06 14:14:42.187108+00:00,70B3D54999389C9B,ECHO #5,Echo,Road Bridge 600m West of Carmyllie,56.569722,-2.741944,04dffad30e9426ac0000,526.0,-13.25,3.73,99.0,0
2024-12-06 14:29:42.065368+00:00,70B3D54999389C9B,ECHO #5,Echo,Road Bridge 600m West of Carmyllie,56.569722,-2.741944,04dff9c00e5826ac0000,526.0,-16.0,3.67,99.0,0
2024-12-06 14:44:42.204209+00:00,70B3D54999389C9B,ECHO #5,Echo,Road Bridge 600m West of Carmyllie,56.569722,-2.741944,04def95c0e7026ac0000,527.0,-17.0,3.7,99.0,0
2024-12-06 14:59:41.433259+00:00,70B3D54999389C9B,ECHO #5,Echo,Road Bridge 600m West of Carmyllie,56.569722,-2.741944,04def8df0e9426ac0000,527.0,-18.25,3.73,99.0,0
2024-12-06 15:14:42.040223+00:00,70B3D54999389C9B,ECHO #5,Echo,Road Bridge 600m West of Carmyllie,56.569722,-2.741944,04dff8f80e9426ac0000,526.0,-18.0,3.73,99.0,0
2024-12-06 15:29:36.529718+00:00,70B3D54999389C9B,ECHO #5,Echo,Road Bridge 600m West of Carmyllie,56.569722,-2.741944,04e0f8620e6c26ac0000,525.0,-19.5,3.69,99.0,0
2024-12-06 15:44:37.854988+00:00,70B3D54999389C9B,ECHO #5,Echo,Road Bridge 600m West of Carmyllie,56.569722,-2.741944,04e0f8940e7026ac0000,525.0,-19.0,3.7,99.0,0
2024-12-06 15:59:37.060010+00:00,70B3D54999389C9B,ECHO #5,Echo,Road Bridge 600m West of Carmyllie,56.569722,-2.741944,04e2f87b0e7826ac0000,523.0,-19.25,3.7,99.0,0
2024-12-06 16:14:36.778277+00:00,70B3D54999389C9B,ECHO #5,Echo,Road Bridge 600m West of Carmyllie,56.569722,-2.741944,04e2f7e50e84fffa0000,523.0,-20.75,3.72,-0.06,0
2024-12-06 16:29:37.157895+00:00,70B3D54999389C9B,ECHO #5,Echo,Road Bridge 600m West of Carmyllie,56.569722,-2.741944,04e1f87b0e5426ac0000,524.0,-19.25,3.67,99.0,0
2024-12-06 16:44:38.692520+00:00,70B3D54999389C9B,ECHO #5,Echo,Road Bridge 600m West of Carmyllie,56.569722,-2.741944,04e2f8f80e6026ac0000,523.0,-18.0,3.68,99.0,0
2024-12-06 16:59:37.080482+00:00,70B3D54999389C9B,ECHO #5,Echo,Road Bridge 600m West of Carmyllie,56.569722,-2.741944,04e2f8f80e7826ac0000,523.0,-18.0,3.7,99.0,0
2024-12-06 17:14:37.278059+00:00,70B3D54999389C9B,ECHO #5,Echo,Road Bridge 600m West of Carmyllie,56.569722,-2.741944,04dff8df0e8026ac0000,526.0,-18.25,3.71,99.0,0
2024-12-06 17:29:37.163551+00:00,70B3D54999389C9B,ECHO #5,Echo,Road Bridge 600m West of Carmyllie,56.569722,-2.741944,04dfe1ba0e7826ac0000,526.0,-77.5,3.7,99.0,0
2024-12-06 17:44:38.194156+00:00,70B3D54999389C9B,ECHO #5,Echo,Road Bridge 600m West of Carmyllie,56.569722,-2.741944,04e0e1ba0e9826ac0000,525.0,-77.5,3.74,99.0,0
2024-12-06 17:59:37.767096+00:00,70B3D54999389C9B,ECHO #5,Echo,Road Bridge 600m West of Carmyllie,56.569722,-2.741944,04e1e1ba0e7026ac0000,524.0,-77.5,3.7,99.0,0
2024-12-06 18:14:39.672870+00:00,70B3D54999389C9B,ECHO #5,Echo,Road Bridge 600m West of Carmyllie,56.569722,-2.741944,04dbf8ad0e9026ac0000,530.0,-18.75,3.73,99.0,0
2024-12-06 18:29:36.876181+00:00,70B3D54999389C9B,ECHO #5,Echo,Road Bridge 600m West of Carmyllie,56.569722,-2.741944,04d9f8f80e9026ac0000,532.0,-18.0,3.73,99.0,0
2024-12-06 18:44:37.330386+00:00,70B3D54999389C9B,ECHO #5,Echo,Road Bridge 600m West of Carmyllie,56.569722,-2.741944,04d8f7e50e5c02520000,533.0,-20.75,3.68,5.94,0
2024-12-06 18:59:37.117130+00:00,70B3D54999389C9B,ECHO #5,Echo,Road Bridge 600m West of Carmyllie,56.569722,-2.741944,04daf7fe0e9401810000,531.0,-20.5,3.73,3.85,0
2024-12-06 19:14:36.623215+00:00,70B3D54999389C9B,ECHO #5,Echo,Road Bridge 600m West of Carmyllie,56.569722,-2.741944,04d6f8170e9026ac0000,535.0,-20.25,3.73,99.0,0
2024-12-06 19:29:40.302558+00:00,70B3D54999389C9B,ECHO #5,Echo,Road Bridge 600m West of Carmyllie,56.569722,-2.741944,04d1f8170e6826ac0000,540.0,-20.25,3.69,99.0,0
2024-12-06 19:44:40.800810+00:00,70B3D54999389C9B,ECHO #5,Echo,Road Bridge 600m West of Carmyllie,56.569722,-2.741944,04cef7b30e7026ac0000,543.0,-21.25,3.7,99.0,0
2024-12-06 19:59:40.923432+00:00,70B3D54999389C9B,ECHO #5,Echo,Road Bridge 600m West of Carmyllie,56.569722,-2.741944,04ccf7b30e9426ac0000,545.0,-21.25,3.73,99.0,0
2024-12-06 20:14:45.102851+00:00,70B3D54999389C9B,ECHO #5,Echo,Road Bridge 600m West of Carmyllie,56.569722,-2.741944,04c5f6550e8826ac0000,552.0,-24.75,3.72,99.0,0
2024-12-06 20:29:44.299554+00:00,70B3D54999389C9B,ECHO #5,Echo,Road Bridge 600m West of Carmyllie,56.569722,-2.741944,04bcf5f10e7426ac0000,561.0,-25.75,3.7,99.0,0
2024-12-06 20:44:43.864072+00:00,70B3D54999389C9B,ECHO #5,Echo,Road Bridge 600m West of Carmyllie,56.569722,-2.741944,04b2f5f10e9826ac0000,571.0,-25.75,3.74,99.0,0
2024-12-06 20:59:44.197882+00:00,70B3D54999389C9B,ECHO #5,Echo,Road Bridge 600m West of Carmyllie,56.569722,-2.741944,04a300640e7426ac0000,586.0,1.0,3.7,99.0,0
2024-12-06 21:14:43.993091+00:00,70B3D54999389C9B,ECHO #5,Echo,Road Bridge 600m West of Carmyllie,56.569722,-2.741944,0499fad30e5c26ac0000,596.0,-13.25,3.68,99.0,0
2024-12-06 21:29:44.834074+00:00,70B3D54999389C9B,ECHO #5,Echo,Road Bridge 600m West of Carmyllie,56.569722,-2.741944,0483f3030e9026ac0000,618.0,-33.25,3.73,99.0,0
2024-12-06 21:44:43.835125+00:00,70B3D54999389C9B,ECHO #5,Echo,Road Bridge 600m West of Carmyllie,56.569722,-2.741944,046ef5bf0e70fffa0000,639.0,-26.25,3.7,-0.06,0
2024-12-06 21:59:44.365158+00:00,70B3D54999389C9B,ECHO #5,Echo,Road Bridge 600m West of Carmyllie,56.569722,-2.741944,0458e8c20e8826ac0000,661.0,-59.5,3.72,99.0,0
2024-12-06 22:14:38.788104+00:00,70B3D54999389C9B,ECHO #5,Echo,Road Bridge 600m West of Carmyllie,56.569722,-2.741944,043cf8300e6426ac0000,689.0,-20.0,3.68,99.0,0
2024-12-06 22:29:38.722808+00:00,70B3D54999389C9B,ECHO #5,Echo,Road Bridge 600m West of Carmyllie,56.569722,-2.741944,0420f7fe0e9826ac0000,717.0,-20.5,3.74,99.0,0
2024-12-06 22:44:39.164234+00:00,70B3D54999389C9B,ECHO #5,Echo,Road Bridge 600m West of Carmyllie,56.569722,-2.741944,0408f7e50e7401fe0000,741.0,-20.75,3.7,5.1,0
2024-12-06 22:59:37.253576+00:00,70B3D54999389C9B,ECHO #5,Echo,Road Bridge 600m West of Carmyllie,56.569722,-2.741944,03def8170e9401fa0000,783.0,-20.25,3.73,5.06,0
2024-12-06 23:14:38.151941+00:00,70B3D54999389C9B,ECHO #5,Echo,Road Bridge 600m West of Carmyllie,56.569722,-2.741944,03b6f9430e8001f60000,823.0,-17.25,3.71,5.02,0
2024-12-06 23:29:37.381601+00:00,70B3D54999389C9B,ECHO #5,Echo,Road Bridge 600m West of Carmyllie,56.569722,-2.741944,03a3fb050ea001f40000,842.0,-12.75,3.74,5.0,0
2024-12-06 23:44:37.339651+00:00,70B3D54999389C9B,ECHO #5,Echo,Road Bridge 600m West of Carmyllie,56.569722,-2.741944,038afc310e8001ee0000,867.0,-9.75,3.71,4.94,0
2024-12-06 23:59:38.218618+00:00,70B3D54999389C9B,ECHO #5,Echo,Road Bridge 600m West of Carmyllie,56.569722,-2.741944,0373fd120e8c01e80000,890.0,-7.5,3.72,4.88,0
2024-12-07 00:14:37.639809+00:00,70B3D54999389C9B,ECHO #5,Echo,Road Bridge 600m West of Carmyllie,56.569722,-2.741944,0361fda80e8801e80000,908.0,-6.0,3.72,4.88,0
2024-12-07 00:29:36.891310+00:00,70B3D54999389C9B,ECHO #5,Echo,Road Bridge 600m West of Carmyllie,56.569722,-2.741944,0352fe0c0eb001e30000,923.0,-5.0,3.76,4.83,0
2024-12-07 00:44:37.523458+00:00,70B3D54999389C9B,ECHO #5,Echo,Road Bridge 600m West of Carmyllie,56.569722,-2.741944,0348fdda0e9401e30000,933.0,-5.5,3.73,4.83,0
2024-12-07 00:59:37.212374+00:00,70B3D54999389C9B,ECHO #5,Echo,Road Bridge 600m West of Carmyllie,56.569722,-2.741944,033cfdda0e8801e80000,945.0,-5.5,3.72,4.88,0
2024-12-07 01:14:36.473699+00:00,70B3D54999389C9B,ECHO #5,Echo,Road Bridge 600m West of Carmyllie,56.569722,-2.741944,0339fe700e9801ee0000,948.0,-4.0,3.74,4.94,0
2024-12-07 01:29:36.835101+00:00,70B3D54999389C9B,ECHO #5,Echo,Road Bridge 600m West of Carmyllie,56.569722,-2.741944,0341e9580e8401ee0000,940.0,-58.0,3.72,4.94,0
2024-12-07 01:44:36.678007+00:00,70B3D54999389C9B,ECHO #5,Echo,Road Bridge 600m West of Carmyllie,56.569722,-2.741944,033eed720e7401ee0000,943.0,-47.5,3.7,4.94,0
2024-12-07 01:59:35.165204+00:00,70B3D54999389C9B,ECHO #5,Echo,Road Bridge 600m West of Carmyllie,56.569722,-2.741944,033ceeb70e8401f00000,945.0,-44.25,3.72,4.96,0
2024-12-07 02:14:36.903878+00:00,70B3D54999389C9B,ECHO #5,Echo,Road Bridge 600m West of Carmyllie,56.569722,-2.741944,0336fea20e8401f60000,951.0,-3.5,3.72,5.02,0
2024-12-07 02:29:34.446866+00:00,70B3D54999389C9B,ECHO #5,Echo,Road Bridge 600m West of Carmyllie,56.569722,-2.741944,0335fe890e9001fc0000,952.0,-3.75,3.73,5.08,0
2024-12-07 02:59:35.466177+00:00,70B3D54999389C9B,ECHO #5,Echo,Road Bridge 600m West of Carmyllie,56.569722,-2.741944,032bff060ea801fe0000,962.0,-2.5,3.75,5.1,0
2024-12-07 03:14:37.604828+00:00,70B3D54999389C9B,ECHO #5,Echo,Road Bridge 600m West of Carmyllie,56.569722,-2.741944,0325feed0ea002000000,968.0,-2.75,3.74,5.12,0
2024-12-07 03:29:34.824644+00:00,70B3D54999389C9B,ECHO #5,Echo,Road Bridge 600m West of Carmyllie,56.569722,-2.741944,0321ff9c0e9802000000,972.0,-1.0,3.74,5.12,0
2024-12-07 03:44:36.564501+00:00,70B3D54999389C9B,ECHO #5,Echo,Road Bridge 600m West of Carmyllie,56.569722,-2.741944,031bff830e7c02050000,978.0,-1.25,3.71,5.17,0
2024-12-07 03:59:35.250278+00:00,70B3D54999389C9B,ECHO #5,Echo,Road Bridge 600m West of Carmyllie,56.569722,-2.741944,031fff6a0e6c26ac0000,974.0,-1.5,3.69,99.0,0
2024-12-07 04:14:36.902797+00:00,70B3D54999389C9B,ECHO #5,Echo,Road Bridge 600m West of Carmyllie,56.569722,-2.741944,0321ff510eb002040000,972.0,-1.75,3.76,5.16,0
2024-12-07 04:29:36.599213+00:00,70B3D54999389C9B,ECHO #5,Echo,Road Bridge 600m West of Carmyllie,56.569722,-2.741944,0326ff830e9402070000,967.0,-1.25,3.73,5.19,0
2024-12-07 04:44:34.838850+00:00,70B3D54999389C9B,ECHO #5,Echo,Road Bridge 600m West of Carmyllie,56.569722,-2.741944,0328ff830e9c02090000,965.0,-1.25,3.74,5.21,0
2024-12-07 04:59:36.671005+00:00,70B3D54999389C9B,ECHO #5,Echo,Road Bridge 600m West of Carmyllie,56.569722,-2.741944,0333ff1f0e94020d0000,954.0,-2.25,3.73,5.25,0
2024-12-07 05:14:40.962509+00:00,70B3D54999389C9B,ECHO #5,Echo,Road Bridge 600m West of Carmyllie,56.569722,-2.741944,0339e8c20e78020d0000,948.0,-59.5,3.7,5.25,0
2024-12-07 05:29:40.285123+00:00,70B3D54999389C9B,ECHO #5,Echo,Road Bridge 600m West of Carmyllie,56.569722,-2.741944,033ae61f0e88020d0000,947.0,-66.25,3.72,5.25,0
2024-12-07 05:44:41.729910+00:00,70B3D54999389C9B,ECHO #5,Echo,Road Bridge 600m West of Carmyllie,56.569722,-2.741944,0342e2500e58020d0000,939.0,-76.0,3.67,5.25,0
2024-12-07 05:59:38.879453+00:00,70B3D54999389C9B,ECHO #5,Echo,Road Bridge 600m West of Carmyllie,56.569722,-2.741944,0346e1ba0e80020d0000,935.0,-77.5,3.71,5.25,0
2024-12-07 06:14:42.235218+00:00,70B3D54999389C9B,ECHO #5,Echo,Road Bridge 600m West of Carmyllie,56.569722,-2.741944,034df9110e60020a0000,928.0,-17.75,3.68,5.22,0
2024-12-07 06:29:39.733546+00:00,70B3D54999389C9B,ECHO #5,Echo,Road Bridge 600m West of Carmyllie,56.569722,-2.741944,034df8490e7802090000,928.0,-19.75,3.7,5.21,0
2024-12-07 06:44:39.065361+00:00,70B3D54999389C9B,ECHO #5,Echo,Road Bridge 600m West of Carmyllie,56.569722,-2.741944,0351f7fe0e8c02050000,924.0,-20.5,3.72,5.17,0
2024-12-07 07:14:41.571531+00:00,70B3D54999389C9B,ECHO #5,Echo,Road Bridge 600m West of Carmyllie,56.569722,-2.741944,0360f8300e8c01fe0000,909.0,-20.0,3.72,5.1,0
2024-12-07 07:29:39.049483+00:00,70B3D54999389C9B,ECHO #5,Echo,Road Bridge 600m West of Carmyllie,56.569722,-2.741944,0362f8300ea001fa0000,907.0,-20.0,3.74,5.06,0
2024-12-07 07:44:35.984282+00:00,70B3D54999389C9B,ECHO #5,Echo,Road Bridge 600m West of Carmyllie,56.569722,-2.741944,0367f8300e9001fa0000,902.0,-20.0,3.73,5.06,0
2024-12-07 07:59:35.146961+00:00,70B3D54999389C9B,ECHO #5,Echo,Road Bridge 600m West of Carmyllie,56.569722,-2.741944,0369f8300ea001f80000,900.0,-20.0,3.74,5.04,0
2024-12-07 08:14:36.362552+00:00,70B3D54999389C9B,ECHO #5,Echo,Road Bridge 600m West of Carmyllie,56.569722,-2.741944,0377f8170e8c01f80000,886.0,-20.25,3.72,5.04,0
2024-12-07 08:29:35.415670+00:00,70B3D54999389C9B,ECHO #5,Echo,Road Bridge 600m West of Carmyllie,56.569722,-2.741944,0374f8170e8c01f60000,889.0,-20.25,3.72,5.02,0
2024-12-07 08:44:39.453558+00:00,70B3D54999389C9B,ECHO #5,Echo,Road Bridge 600m West of Carmyllie,56.569722,-2.741944,0375f7e50e7801f40000,888.0,-20.75,3.7,5.0,0
2024-12-07 08:59:41.227384+00:00,70B3D54999389C9B,ECHO #5,Echo,Road Bridge 600m West of Carmyllie,56.569722,-2.741944,037df8620e7801f60000,880.0,-19.5,3.7,5.02,0
2024-12-07 09:14:39.425339+00:00,70B3D54999389C9B,ECHO #5,Echo,Road Bridge 600m West of Carmyllie,56.569722,-2.741944,037de1ba0e8001f70000,880.0,-77.5,3.71,5.03,0
2024-12-07 09:29:40.524231+00:00,70B3D54999389C9B,ECHO #5,Echo,Road Bridge 600m West of Carmyllie,56.569722,-2.741944,038be1ba0e9001f40000,866.0,-77.5,3.73,5.0,0
2024-12-07 09:44:38.636400+00:00,70B3D54999389C9B,ECHO #5,Echo,Road Bridge 600m West of Carmyllie,56.569722,-2.741944,038ee1ba0e9401f40000,863.0,-77.5,3.73,5.0,0
2024-12-07 09:59:33.803047+00:00,70B3D54999389C9B,ECHO #5,Echo,Road Bridge 600m West of Carmyllie,56.569722,-2.741944,038de1ba0e8001f60000,864.0,-77.5,3.71,5.02,0
2024-12-07 10:14:36.846097+00:00,70B3D54999389C9B,ECHO #5,Echo,Road Bridge 600m West of Carmyllie,56.569722,-2.741944,0398fa6f0e9401f40000,853.0,-14.25,3.73,5.0,0
2024-12-07 10:29:34.367528+00:00,70B3D54999389C9B,ECHO #5,Echo,Road Bridge 600m West of Carmyllie,56.569722,-2.741944,0397f9c00e9826ac0000,854.0,-16.0,3.74,99.0,0
2024-12-07 10:59:36.116648+00:00,70B3D54999389C9B,ECHO #5,Echo,Road Bridge 600m West of Carmyllie,56.569722,-2.741944,03a1f9a70e6cfffa0000,844.0,-16.25,3.69,-0.06,0
2024-12-07 11:14:35.180564+00:00,70B3D54999389C9B,ECHO #5,Echo,Road Bridge 600m West of Carmyllie,56.569722,-2.741944,03a4faec0e8426ac0000,841.0,-13.0,3.72,99.0,0
2024-12-07 11:29:34.949530+00:00,70B3D54999389C9B,ECHO #5,Echo,Road Bridge 600m West of Carmyllie,56.569722,-2.741944,03a7fa560e9426ac0000,838.0,-14.5,3.73,99.0,0
2024-12-07 11:44:38.552120+00:00,70B3D54999389C9B,ECHO #5,Echo,Road Bridge 600m West of Carmyllie,56.569722,-2.741944,03a9fa880e7c26ac0000,836.0,-14.0,3.71,99.0,0
2024-12-07 11:59:34.260736+00:00,70B3D54999389C9B,ECHO #5,Echo,Road Bridge 600m West of Carmyllie,56.569722,-2.741944,03adfa560e7826ac0000,832.0,-14.5,3.7,99.0,0
2024-12-07 12:14:35.413192+00:00,70B3D54999389C9B,ECHO #5,Echo,Road Bridge 600m West of Carmyllie,56.569722,-2.741944,03aff9d90e9026ac0000,830.0,-15.75,3.73,99.0,0
2024-12-07 12:29:35.090389+00:00,70B3D54999389C9B,ECHO #5,Echo,Road Bridge 600m West of Carmyllie,56.569722,-2.741944,03affaec0e5826ac0000,830.0,-13.0,3.67,99.0,0
2024-12-07 12:44:35.304167+00:00,70B3D54999389C9B,ECHO #5,Echo,Road Bridge 600m West of Carmyllie,56.569722,-2.741944,03b2fb050e6826ac0000,827.0,-12.75,3.69,99.0,0
2024-12-07 12:59:34.594062+00:00,70B3D54999389C9B,ECHO #5,Echo,Road Bridge 600m West of Carmyllie,56.569722,-2.741944,03b3fb050e9426ac0000,826.0,-12.75,3.73,99.0,0
2024-12-07 13:14:36.202186+00:00,70B3D54999389C9B,ECHO #5,Echo,Road Bridge 600m West of Carmyllie,56.569722,-2.741944,03bcfb050e7c26ac0000,817.0,-12.75,3.71,99.0,0
2024-12-07 13:29:34.661223+00:00,70B3D54999389C9B,ECHO #5,Echo,Road Bridge 600m West of Carmyllie,56.569722,-2.741944,03bae1ba0ea426ac0000,819.0,-77.5,3.75,99.0,0
2024-12-07 13:44:35.751754+00:00,70B3D54999389C9B,ECHO #5,Echo,Road Bridge 600m West of Carmyllie,56.569722,-2.741944,03bfe1ba0e9426ac0000,814.0,-77.5,3.73,99.0,0
2024-12-07 13:59:35.046357+00:00,70B3D54999389C9B,ECHO #5,Echo,Road Bridge 600m West of Carmyllie,56.569722,-2.741944,03bce1ba0e8426ac0000,817.0,-77.5,3.72,99.0,0
2024-12-07 14:14:35.519419+00:00,70B3D54999389C9B,ECHO #5,Echo,Road Bridge 600m West of Carmyllie,56.569722,-2.741944,03c0fb370e9cfffa0000,813.0,-12.25,3.74,-0.06,0
2024-12-07 14:29:35.409398+00:00,70B3D54999389C9B,ECHO #5,Echo,Road Bridge 600m West of Carmyllie,56.569722,-2.741944,03c6fad30e9426ac0000,807.0,-13.25,3.73,99.0,0
2024-12-07 14:44:33.275289+00:00,70B3D54999389C9B,ECHO #5,Echo,Road Bridge 600m West of Carmyllie,56.569722,-2.741944,03c6fa3d0e8cfffc0000,807.0,-14.75,3.72,-0.04,0
2024-12-07 14:59:34.737809+00:00,70B3D54999389C9B,ECHO #5,Echo,Road Bridge 600m West of Carmyllie,56.569722,-2.741944,03c8f9750ea426ac0000,805.0,-16.75,3.75,99.0,0
2024-12-07 15:14:34.666310+00:00,70B3D54999389C9B,ECHO #5,Echo,Road Bridge 600m West of Carmyllie,56.569722,-2.741944,03cafa0b0e6c26ac0000,803.0,-15.25,3.69,99.0,0
2024-12-07 15:29:34.565946+00:00,70B3D54999389C9B,ECHO #5,Echo,Road Bridge 600m West of Carmyllie,56.569722,-2.741944,03cafa880ea426ac0000,803.0,-14.0,3.75,99.0,0
2024-12-07 15:44:34.769607+00:00,70B3D54999389C9B,ECHO #5,Echo,Road Bridge 600m West of Carmyllie,56.569722,-2.741944,03cefaa10e8826ac0000,799.0,-13.75,3.72,99.0,0
2024-12-07 15:59:35.573039+00:00,70B3D54999389C9B,ECHO #5,Echo,Road Bridge 600m West of Carmyllie,56.569722,-2.741944,03c7faa10e5c26ac0000,806.0,-13.75,3.68,99.0,0
2024-12-07 16:14:35.961224+00:00,70B3D54999389C9B,ECHO #5,Echo,Road Bridge 600m West of Carmyllie,56.569722,-2.741944,03d1fbb40e7c26ac0000,796.0,-11.0,3.71,99.0,0
2024-12-07 16:29:35.689127+00:00,70B3D54999389C9B,ECHO #5,Echo,Road Bridge 600m West of Carmyllie,56.569722,-2.741944,03e2fb820e6826ac0000,779.0,-11.5,3.69,99.0,0
2024-12-07 16:44:34.874778+00:00,70B3D54999389C9B,ECHO #5,Echo,Road Bridge 600m West of Carmyllie,56.569722,-2.741944,03e4fb9b0e7c26ac0000,777.0,-11.25,3.71,99.0,0
2024-12-07 16:59:33.834758+00:00,70B3D54999389C9B,ECHO #5,Echo,Road Bridge 600m West of Carmyllie,56.569722,-2.741944,03e6fb9b0e8c26ac0000,775.0,-11.25,3.72,99.0,0
2024-12-07 17:14:36.722135+00:00,70B3D54999389C9B,ECHO #5,Echo,Road Bridge 600m West of Carmyllie,56.569722,-2.741944,03e7fb820e9426ac0000,774.0,-11.5,3.73,99.0,0
2024-12-07 17:29:38.435420+00:00,70B3D54999389C9B,ECHO #5,Echo,Road Bridge 600m West of Carmyllie,56.569722,-2.741944,03e8e1ba0e7c26ac0000,773.0,-77.5,3.71,99.0,0
2024-12-07 17:44:41.996978+00:00,70B3D54999389C9B,ECHO #5,Echo,Road Bridge 600m West of Carmyllie,56.569722,-2.741944,03eee1ba0e8c26ac0000,767.0,-77.5,3.72,99.0,0
2024-12-07 17:59:37.684801+00:00,70B3D54999389C9B,ECHO #5,Echo,Road Bridge 600m West of Carmyllie,56.569722,-2.741944,03f6e1a10e6826ac0000,759.0,-77.75,3.69,99.0,0
2024-12-07 18:14:34.773355+00:00,70B3D54999389C9B,ECHO #5,Echo,Road Bridge 600m West of Carmyllie,56.569722,-2.741944,03f8fb690e9426ac0000,757.0,-11.75,3.73,99.0,0
2024-12-07 18:29:36.198402+00:00,70B3D54999389C9B,ECHO #5,Echo,Road Bridge 600m West of Carmyllie,56.569722,-2.741944,03f9fbe60e6cfffa0000,756.0,-10.5,3.69,-0.06,0
2024-12-07 18:44:37.133353+00:00,70B3D54999389C9B,ECHO #5,Echo,Road Bridge 600m West of Carmyllie,56.569722,-2.741944,03fbfc180e6026ac0000,754.0,-10.0,3.68,99.0,0
2024-12-07 18:59:39.148493+00:00,70B3D54999389C9B,ECHO #5,Echo,Road Bridge 600m West of Carmyllie,56.569722,-2.741944,03fefb1e0e9026ac0000,751.0,-12.5,3.73,99.0,0
2024-12-07 19:14:38.832991+00:00,70B3D54999389C9B,ECHO #5,Echo,Road Bridge 600m West of Carmyllie,56.569722,-2.741944,0402fb500e5c26ac0000,747.0,-12.0,3.68,99.0,0
2024-12-07 19:29:38.961809+00:00,70B3D54999389C9B,ECHO #5,Echo,Road Bridge 600m West of Carmyllie,56.569722,-2.741944,0406fad30e7c26ac0000,743.0,-13.25,3.71,99.0,0
2024-12-07 19:44:38.779931+00:00,70B3D54999389C9B,ECHO #5,Echo,Road Bridge 600m West of Carmyllie,56.569722,-2.741944,0404fc180e7c26ac0000,745.0,-10.0,3.71,99.0,0
2024-12-07 19:59:38.925052+00:00,70B3D54999389C9B,ECHO #5,Echo,Road Bridge 600m West of Carmyllie,56.569722,-2.741944,0408fbb40e7c26ac0000,741.0,-11.0,3.71,99.0,0
2024-12-07 20:14:38.757549+00:00,70B3D54999389C9B,ECHO #5,Echo,Road Bridge 600m West of Carmyllie,56.569722,-2.741944,040bfa3d0e7826ac0000,738.0,-14.75,3.7,99.0,0
2024-12-07 20:29:33.979999+00:00,70B3D54999389C9B,ECHO #5,Echo,Road Bridge 600m West of Carmyllie,56.569722,-2.741944,040bf9a70e5c26ac0000,738.0,-16.25,3.68,99.0,0
2024-12-07 20:44:35.513181+00:00,70B3D54999389C9B,ECHO #5,Echo,Road Bridge 600m West of Carmyllie,56.569722,-2.741944,040df9750e8c26ac0000,736.0,-16.75,3.72,99.0,0
2024-12-07 21:14:33.793652+00:00,70B3D54999389C9B,ECHO #5,Echo,Road Bridge 600m West of Carmyllie,56.569722,-2.741944,0414f9c00e9c26ac0000,729.0,-16.0,3.74,99.0,0
2024-12-07 21:29:34.357517+00:00,70B3D54999389C9B,ECHO #5,Echo,Road Bridge 600m West of Carmyllie,56.569722,-2.741944,0416e1ba0e9426ac0000,727.0,-77.5,3.73,99.0,0
2024-12-07 21:44:38.636802+00:00,70B3D54999389C9B,ECHO #5,Echo,Road Bridge 600m West of Carmyllie,56.569722,-2.741944,0417e1d30e7426ac0000,726.0,-77.25,3.7,99.0,0
2024-12-07 21:59:38.602085+00:00,70B3D54999389C9B,ECHO #5,Echo,Road Bridge 600m West of Carmyllie,56.569722,-2.741944,0419e1d30e9426ac0000,724.0,-77.25,3.73,99.0,0
2024-12-07 22:14:38.483637+00:00,70B3D54999389C9B,ECHO #5,Echo,Road Bridge 600m West of Carmyllie,56.569722,-2.741944,041df8170e5c26ac0000,720.0,-20.25,3.68,99.0,0
2024-12-07 22:29:41.658427+00:00,70B3D54999389C9B,ECHO #5,Echo,Road Bridge 600m West of Carmyllie,56.569722,-2.741944,0426f8300ea826ac0000,711.0,-20.0,3.75,99.0,0
2024-12-07 22:44:38.721686+00:00,70B3D54999389C9B,ECHO #5,Echo,Road Bridge 600m West of Carmyllie,56.569722,-2.741944,0424f7cc0e9426ac0000,713.0,-21.0,3.73,99.0,0
2024-12-07 22:59:38.839944+00:00,70B3D54999389C9B,ECHO #5,Echo,Road Bridge 600m West of Carmyllie,56.569722,-2.741944,0423f71d0e8c26ac0000,714.0,-22.75,3.72,99.0,0
2024-12-07 23:14:41.630542+00:00,70B3D54999389C9B,ECHO #5,Echo,Road Bridge 600m West of Carmyllie,56.569722,-2.741944,0429f7680e7826ac0000,708.0,-22.0,3.7,99.0,0
2024-12-07 23:29:38.708431+00:00,70B3D54999389C9B,ECHO #5,Echo,Road Bridge 600m West of Carmyllie,56.569722,-2.741944,0427f6b90e6c26ac0000,710.0,-23.75,3.69,99.0,0
2024-12-07 23:44:41.395595+00:00,70B3D54999389C9B,ECHO #5,Echo,Road Bridge 600m West of Carmyllie,56.569722,-2.741944,042ff6b90e7826ac0000,702.0,-23.75,3.7,99.0,0
2024-12-07 23:59:38.080345+00:00,70B3D54999389C9B,ECHO #5,Echo,Road Bridge 600m West of Carmyllie,56.569722,-2.741944,0430f66e0e5c26ac0000,701.0,-24.5,3.68,99.0,0
2024-12-08 00:14:38.750605+00:00,70B3D54999389C9B,ECHO #5,Echo,Road Bridge 600m West of Carmyllie,56.569722,-2.741944,0430f6a00e7026ac0000,701.0,-24.0,3.7,99.0,0
2024-12-08 00:29:38.300842+00:00,70B3D54999389C9B,ECHO #5,Echo,Road Bridge 600m West of Carmyllie,56.569722,-2.741944,0434f6870e5826ac0000,697.0,-24.25,3.67,99.0,0
2024-12-08 00:59:38.906772+00:00,70B3D54999389C9B,ECHO #5,Echo,Road Bridge 600m West of Carmyllie,56.569722,-2.741944,0437f6870e6c26ac0000,694.0,-24.25,3.69,99.0,0
2024-12-08 01:14:38.186196+00:00,70B3D54999389C9B,ECHO #5,Echo,Road Bridge 600m West of Carmyllie,56.569722,-2.741944,043814cd0e9026ac0000,693.0,53.25,3.73,99.0,0
2024-12-08 01:29:41.156485+00:00,70B3D54999389C9B,ECHO #5,Echo,Road Bridge 600m West of Carmyllie,56.569722,-2.741944,043d041a0ea026ac0000,688.0,10.5,3.74,99.0,0
2024-12-08 01:44:38.257098+00:00,70B3D54999389C9B,ECHO #5,Echo,Road Bridge 600m West of Carmyllie,56.569722,-2.741944,043e041a0e5826ac0000,687.0,10.5,3.67,99.0,0
2024-12-08 01:59:38.087463+00:00,70B3D54999389C9B,ECHO #5,Echo,Road Bridge 600m West of Carmyllie,56.569722,-2.741944,0440eab60e6826ac0000,685.0,-54.5,3.69,99.0,0
2024-12-08 02:14:37.747610+00:00,70B3D54999389C9B,ECHO #5,Echo,Road Bridge 600m West of Carmyllie,56.569722,-2.741944,0442f4160e7826ac0000,683.0,-30.5,3.7,99.0,0
2024-12-08 02:29:37.825548+00:00,70B3D54999389C9B,ECHO #5,Echo,Road Bridge 600m West of Carmyllie,56.569722,-2.741944,0444f4160ea826ac0000,681.0,-30.5,3.75,99.0,0
2024-12-08 02:44:38.562377+00:00,70B3D54999389C9B,ECHO #5,Echo,Road Bridge 600m West of Carmyllie,56.569722,-2.741944,0444f3fd0e9426ac0000,681.0,-30.75,3.73,99.0,0
2024-12-08 02:59:37.952541+00:00,70B3D54999389C9B,ECHO #5,Echo,Road Bridge 600m West of Carmyllie,56.569722,-2.741944,0447f4ac0e6c26ac0000,678.0,-29.0,3.69,99.0,0
2024-12-08 03:14:38.108994+00:00,70B3D54999389C9B,ECHO #5,Echo,Road Bridge 600m West of Carmyllie,56.569722,-2.741944,0448f3fd0e6c26ac0000,677.0,-30.75,3.69,99.0,0
2024-12-08 03:29:37.723493+00:00,70B3D54999389C9B,ECHO #5,Echo,Road Bridge 600m West of Carmyllie,56.569722,-2.741944,0446f3fd0e9026ac0000,679.0,-30.75,3.73,99.0,0
2024-12-08 03:44:35.079295+00:00,70B3D54999389C9B,ECHO #5,Echo,Road Bridge 600m West of Carmyllie,56.569722,-2.741944,0449f3fd0e7426ac0000,676.0,-30.75,3.7,99.0,0
2024-12-08 03:59:34.209732+00:00,70B3D54999389C9B,ECHO #5,Echo,Road Bridge 600m West of Carmyllie,56.569722,-2.741944,044cf4930e7826ac0000,673.0,-29.25,3.7,99.0,0
2024-12-08 04:14:33.759788+00:00,70B3D54999389C9B,ECHO #5,Echo,Road Bridge 600m West of Carmyllie,56.569722,-2.741944,044ff4930e6826ac0000,670.0,-29.25,3.69,99.0,0
2024-12-08 04:29:37.434366+00:00,70B3D54999389C9B,ECHO #5,Echo,Road Bridge 600m West of Carmyllie,56.569722,-2.741944,044ef4930e8c26ac0000,671.0,-29.25,3.72,99.0,0
2024-12-08 04:44:37.418557+00:00,70B3D54999389C9B,ECHO #5,Echo,Road Bridge 600m West of Carmyllie,56.569722,-2.741944,0451f5100e8426ac0000,668.0,-28.0,3.72,99.0,0
2024-12-08 04:59:38.058980+00:00,70B3D54999389C9B,ECHO #5,Echo,Road Bridge 600m West of Carmyllie,56.569722,-2.741944,0454f47a0e6026ac0000,665.0,-29.5,3.68,99.0,0
2024-12-08 05:14:32.507460+00:00,70B3D54999389C9B,ECHO #5,Echo,Road Bridge 600m West of Carmyllie,56.569722,-2.741944,0455f4c50e5c26ac0000,664.0,-28.75,3.68,99.0,0
2024-12-08 05:29:33.174064+00:00,70B3D54999389C9B,ECHO #5,Echo,Road Bridge 600m West of Carmyllie,56.569722,-2.741944,045419fa0e9026ac0000,665.0,66.5,3.73,99.0,0
2024-12-08 05:44:34.366106+00:00,70B3D54999389C9B,ECHO #5,Echo,Road Bridge 600m West of Carmyllie,56.569722,-2.741944,045804010e6426ac0000,661.0,10.25,3.68,99.0,0
2024-12-08 05:59:34.277851+00:00,70B3D54999389C9B,ECHO #5,Echo,Road Bridge 600m West of Carmyllie,56.569722,-2.741944,045704fb0e7826ac0000,662.0,12.75,3.7,99.0,0
2024-12-08 06:14:34.179873+00:00,70B3D54999389C9B,ECHO #5,Echo,Road Bridge 600m West of Carmyllie,56.569722,-2.741944,045af6870e8c26ac0000,659.0,-24.25,3.72,99.0,0
2024-12-08 06:29:34.366074+00:00,70B3D54999389C9B,ECHO #5,Echo,Road Bridge 600m West of Carmyllie,56.569722,-2.741944,045ef6230e9426ac0000,655.0,-25.25,3.73,99.0,0
2024-12-08 06:44:33.021481+00:00,70B3D54999389C9B,ECHO #5,Echo,Road Bridge 600m West of Carmyllie,56.569722,-2.741944,045ef66e0e7c26ac0000,655.0,-24.5,3.71,99.0,0
2024-12-08 06:59:33.815385+00:00,70B3D54999389C9B,ECHO #5,Echo,Road Bridge 600m West of Carmyllie,56.569722,-2.741944,045ff6870e8026ac0000,654.0,-24.25,3.71,99.0,0
2024-12-08 07:14:32.924249+00:00,70B3D54999389C9B,ECHO #5,Echo,Road Bridge 600m West of Carmyllie,56.569722,-2.741944,045ef7360e7426ac0000,655.0,-22.5,3.7,99.0,0
2024-12-08 07:29:32.752153+00:00,70B3D54999389C9B,ECHO #5,Echo,Road Bridge 600m West of Carmyllie,56.569722,-2.741944,0461f7810ea426ac0000,652.0,-21.75,3.75,99.0,0
2024-12-08 07:44:32.414942+00:00,70B3D54999389C9B,ECHO #5,Echo,Road Bridge 600m West of Carmyllie,56.569722,-2.741944,0465f7810e7826ac0000,648.0,-21.75,3.7,99.0,0
2024-12-08 07:59:33.052485+00:00,70B3D54999389C9B,ECHO #5,Echo,Road Bridge 600m West of Carmyllie,56.569722,-2.741944,0466f8170e7c26ac0000,647.0,-20.25,3.71,99.0,0
2024-12-08 08:14:32.306084+00:00,70B3D54999389C9B,ECHO #5,Echo,Road Bridge 600m West of Carmyllie,56.569722,-2.741944,0468f8170e8426ac0000,645.0,-20.25,3.72,99.0,0
2024-12-08 08:29:33.162335+00:00,70B3D54999389C9B,ECHO #5,Echo,Road Bridge 600m West of Carmyllie,56.569722,-2.741944,0467f8170e8c26ac0000,646.0,-20.25,3.72,99.0,0
2024-12-08 08:44:32.191901+00:00,70B3D54999389C9B,ECHO #5,Echo,Road Bridge 600m West of Carmyllie,56.569722,-2.741944,046af7fe0e6c26ac0000,643.0,-20.5,3.69,99.0,0
2024-12-08 08:59:32.820681+00:00,70B3D54999389C9B,ECHO #5,Echo,Road Bridge 600m West of Carmyllie,56.569722,-2.741944,0469f8940e5826ac0000,644.0,-19.0,3.67,99.0,0
2024-12-08 09:14:32.828917+00:00,70B3D54999389C9B,ECHO #5,Echo,Road Bridge 600m West of Carmyllie,56.569722,-2.741944,046bf8620e6c26ac0000,642.0,-19.5,3.69,99.0,0
2024-12-08 09:29:33.552844+00:00,70B3D54999389C9B,ECHO #5,Echo,Road Bridge 600m West of Carmyllie,56.569722,-2.741944,046ce1d30e9c26ac0000,641.0,-77.25,3.74,99.0,0
2024-12-08 09:44:32.809253+00:00,70B3D54999389C9B,ECHO #5,Echo,Road Bridge 600m West of Carmyllie,56.569722,-2.741944,046fe1ba0e7c26ac0000,638.0,-77.5,3.71,99.0,0
2024-12-08 09:59:33.717725+00:00,70B3D54999389C9B,ECHO #5,Echo,Road Bridge 600m West of Carmyllie,56.569722,-2.741944,046ee1ba0e9426ac0000,639.0,-77.5,3.73,99.0,0
2024-12-08 10:29:33.093545+00:00,70B3D54999389C9B,ECHO #5,Echo,Road Bridge 600m West of Carmyllie,56.569722,-2.741944,046efb050e9426ac0000,639.0,-12.75,3.73,99.0,0
2024-12-08 10:44:35.353058+00:00,70B3D54999389C9B,ECHO #5,Echo,Road Bridge 600m West of Carmyllie,56.569722,-2.741944,0472fce00e9426ac0000,635.0,-8.0,3.73,99.0,0
2024-12-08 10:59:33.139430+00:00,70B3D54999389C9B,ECHO #5,Echo,Road Bridge 600m West of Carmyllie,56.569722,-2.741944,0472fcf90e9826ac0000,635.0,-7.75,3.74,99.0,0
2024-12-08 11:14:37.411864+00:00,70B3D54999389C9B,ECHO #5,Echo,Road Bridge 600m West of Carmyllie,56.569722,-2.741944,0476fd5d0e9026ac0000,631.0,-6.75,3.73,99.0,0
2024-12-08 11:29:31.879163+00:00,70B3D54999389C9B,ECHO #5,Echo,Road Bridge 600m West of Carmyllie,56.569722,-2.741944,0475fd5d0e8826ac0000,632.0,-6.75,3.72,99.0,0
2024-12-08 11:59:32.316590+00:00,70B3D54999389C9B,ECHO #5,Echo,Road Bridge 600m West of Carmyllie,56.569722,-2.741944,047cfe250e7c26ac0000,625.0,-4.75,3.71,99.0,0
2024-12-08 12:14:32.926895+00:00,70B3D54999389C9B,ECHO #5,Echo,Road Bridge 600m West of Carmyllie,56.569722,-2.741944,047cfe3e0ea826ac0000,625.0,-4.5,3.75,99.0,0
2024-12-08 12:29:32.386199+00:00,70B3D54999389C9B,ECHO #5,Echo,Road Bridge 600m West of Carmyllie,56.569722,-2.741944,047ffe570e7826ac0000,622.0,-4.25,3.7,99.0,0
2024-12-08 12:44:32.671170+00:00,70B3D54999389C9B,ECHO #5,Echo,Road Bridge 600m West of Carmyllie,56.569722,-2.741944,047efebb0e9426ac0000,623.0,-3.25,3.73,99.0,0
2024-12-08 12:59:33.085666+00:00,70B3D54999389C9B,ECHO #5,Echo,Road Bridge 600m West of Carmyllie,56.569722,-2.741944,047eff380e8c26ac0000,623.0,-2.0,3.72,99.0,0
2024-12-08 13:14:32.055927+00:00,70B3D54999389C9B,ECHO #5,Echo,Road Bridge 600m West of Carmyllie,56.569722,-2.741944,047cff1f0e9026ac0000,625.0,-2.25,3.73,99.0,0
2024-12-08 13:29:36.862385+00:00,70B3D54999389C9B,ECHO #5,Echo,Road Bridge 600m West of Carmyllie,56.569722,-2.741944,0480eeb70eb826ac0000,621.0,-44.25,3.77,99.0,0
2024-12-08 13:44:36.671257+00:00,70B3D54999389C9B,ECHO #5,Echo,Road Bridge 600m West of Carmyllie,56.569722,-2.741944,0481e8770e8c26ac0000,620.0,-60.25,3.72,99.0,0
2024-12-08 13:59:31.917675+00:00,70B3D54999389C9B,ECHO #5,Echo,Road Bridge 600m West of Carmyllie,56.569722,-2.741944,0483e9580e8026ac0000,618.0,-58.0,3.71,99.0,0
2024-12-08 14:14:36.607711+00:00,70B3D54999389C9B,ECHO #5,Echo,Road Bridge 600m West of Carmyllie,56.569722,-2.741944,0482fdc10e8426ac0000,619.0,-5.75,3.72,99.0,0
2024-12-08 14:29:37.062126+00:00,70B3D54999389C9B,ECHO #5,Echo,Road Bridge 600m West of Carmyllie,56.569722,-2.741944,0485fd8f0e9c26ac0000,616.0,-6.25,3.74,99.0,0
2024-12-08 14:44:37.003255+00:00,70B3D54999389C9B,ECHO #5,Echo,Road Bridge 600m West of Carmyllie,56.569722,-2.741944,0486fc950e8426ac0000,615.0,-8.75,3.72,99.0,0
2024-12-08 14:59:36.712642+00:00,70B3D54999389C9B,ECHO #5,Echo,Road Bridge 600m West of Carmyllie,56.569722,-2.741944,0485fc950e9c26ac0000,616.0,-8.75,3.74,99.0,0
2024-12-08 15:14:31.861932+00:00,70B3D54999389C9B,ECHO #5,Echo,Road Bridge 600m West of Carmyllie,56.569722,-2.741944,0487fbe60e8c26ac0000,614.0,-10.5,3.72,99.0,0
2024-12-08 15:29:34.425865+00:00,70B3D54999389C9B,ECHO #5,Echo,Road Bridge 600m West of Carmyllie,56.569722,-2.741944,0488fb820e8426ac0000,613.0,-11.5,3.72,99.0,0
2024-12-08 15:44:32.223001+00:00,70B3D54999389C9B,ECHO #5,Echo,Road Bridge 600m West of Carmyllie,56.569722,-2.741944,0489fb1e0e7826ac0000,612.0,-12.5,3.7,99.0,0
2024-12-08 15:59:32.118321+00:00,70B3D54999389C9B,ECHO #5,Echo,Road Bridge 600m West of Carmyllie,56.569722,-2.741944,048dfad30e6826ac0000,608.0,-13.25,3.69,99.0,0
2024-12-08 16:14:33.165878+00:00,70B3D54999389C9B,ECHO #5,Echo,Road Bridge 600m West of Carmyllie,56.569722,-2.741944,048cfad30e9426ac0000,609.0,-13.25,3.73,99.0,0
2024-12-08 16:44:36.560844+00:00,70B3D54999389C9B,ECHO #5,Echo,Road Bridge 600m West of Carmyllie,56.569722,-2.741944,048bf98e0e9026ac0000,610.0,-16.5,3.73,99.0,0
2024-12-08 16:59:38.700590+00:00,70B3D54999389C9B,ECHO #5,Echo,Road Bridge 600m West of Carmyllie,56.569722,-2.741944,048de1d30e8426ac0000,608.0,-77.25,3.72,99.0,0
2024-12-08 17:14:36.588540+00:00,70B3D54999389C9B,ECHO #5,Echo,Road Bridge 600m West of Carmyllie,56.569722,-2.741944,048fe1d30e9026ac0000,606.0,-77.25,3.73,99.0,0
2024-12-08 17:29:36.718892+00:00,70B3D54999389C9B,ECHO #5,Echo,Road Bridge 600m West of Carmyllie,56.569722,-2.741944,048fe5ed0ea826ac0000,606.0,-66.75,3.75,99.0,0
2024-12-08 17:44:36.439785+00:00,70B3D54999389C9B,ECHO #5,Echo,Road Bridge 600m West of Carmyllie,56.569722,-2.741944,0491e9260e9426ac0000,604.0,-58.5,3.73,99.0,0
2024-12-08 17:59:36.308136+00:00,70B3D54999389C9B,ECHO #5,Echo,Road Bridge 600m West of Carmyllie,56.569722,-2.741944,0493e1d30e7c26ac0000,602.0,-77.25,3.71,99.0,0
2024-12-08 18:14:36.519900+00:00,70B3D54999389C9B,ECHO #5,Echo,Road Bridge 600m West of Carmyllie,56.569722,-2.741944,0496f8170e9026ac0000,599.0,-20.25,3.73,99.0,0
2024-12-08 18:29:36.720683+00:00,70B3D54999389C9B,ECHO #5,Echo,Road Bridge 600m West of Carmyllie,56.569722,-2.741944,0496f7fe0e9026ac0000,599.0,-20.5,3.73,99.0,0
2024-12-08 18:44:31.403076+00:00,70B3D54999389C9B,ECHO #5,Echo,Road Bridge 600m West of Carmyllie,56.569722,-2.741944,0494f8170e8026ac0000,601.0,-20.25,3.71,99.0,0
2024-12-08 18:59:31.885224+00:00,70B3D54999389C9B,ECHO #5,Echo,Road Bridge 600m West of Carmyllie,56.569722,-2.741944,0495f7fe0e7c26ac0000,600.0,-20.5,3.71,99.0,0
2024-12-08 19:14:32.250984+00:00,70B3D54999389C9B,ECHO #5,Echo,Road Bridge 600m West of Carmyllie,56.569722,-2.741944,0497f7fe0e7826ac0000,598.0,-20.5,3.7,99.0,0
2024-12-08 19:29:32.472418+00:00,70B3D54999389C9B,ECHO #5,Echo,Road Bridge 600m West of Carmyllie,56.569722,-2.741944,0499f8490e9426ac0000,596.0,-19.75,3.73,99.0,0
2024-12-08 19:44:31.320098+00:00,70B3D54999389C9B,ECHO #5,Echo,Road Bridge 600m West of Carmyllie,56.569722,-2.741944,0497f8170e9426ac0000,598.0,-20.25,3.73,99.0,0
2024-12-08 19:59:32.116392+00:00,70B3D54999389C9B,ECHO #5,Echo,Road Bridge 600m West of Carmyllie,56.569722,-2.741944,0498f7fe0e9026ac0000,597.0,-20.5,3.73,99.0,0
2024-12-08 20:14:31.610383+00:00,70B3D54999389C9B,ECHO #5,Echo,Road Bridge 600m West of Carmyllie,56.569722,-2.741944,049af7fe0e6826ac0000,595.0,-20.5,3.69,99.0,0
2024-12-08 20:29:32.009661+00:00,70B3D54999389C9B,ECHO #5,Echo,Road Bridge 600m West of Carmyllie,56.569722,-2.741944,049bf8170e7826ac0000,594.0,-20.25,3.7,99.0,0
2024-12-08 20:44:31.526205+00:00,70B3D54999389C9B,ECHO #5,Echo,Road Bridge 600m West of Carmyllie,56.569722,-2.741944,049df7fe0e8c26ac0000,592.0,-20.5,3.72,99.0,0
2024-12-08 20:59:32.259324+00:00,70B3D54999389C9B,ECHO #5,Echo,Road Bridge 600m West of Carmyllie,56.569722,-2.741944,049df7fe0e8c26ac0000,592.0,-20.5,3.72,99.0,0
2024-12-08 21:14:31.539398+00:00,70B3D54999389C9B,ECHO #5,Echo,Road Bridge 600m West of Carmyllie,56.569722,-2.741944,049ef7680e9426ac0000,591.0,-22.0,3.73,99.0,0
2024-12-08 21:29:31.215526+00:00,70B3D54999389C9B,ECHO #5,Echo,Road Bridge 600m West of Carmyllie,56.569722,-2.741944,049f03e80e7426ac0000,590.0,10.0,3.7,99.0,0
2024-12-08 21:44:31.003899+00:00,70B3D54999389C9B,ECHO #5,Echo,Road Bridge 600m West of Carmyllie,56.569722,-2.741944,049e03e80ea426ac0000,591.0,10.0,3.75,99.0,0
2024-12-08 21:59:32.183162+00:00,70B3D54999389C9B,ECHO #5,Echo,Road Bridge 600m West of Carmyllie,56.569722,-2.741944,04a001a90e7026ac0000,589.0,4.25,3.7,99.0,0
2024-12-08 22:14:30.931885+00:00,70B3D54999389C9B,ECHO #5,Echo,Road Bridge 600m West of Carmyllie,56.569722,-2.741944,04a1f7040e9026ac0000,588.0,-23.0,3.73,99.0,0
2024-12-08 22:29:31.947933+00:00,70B3D54999389C9B,ECHO #5,Echo,Road Bridge 600m West of Carmyllie,56.569722,-2.741944,04a0f7b30e7426ac0000,589.0,-21.25,3.7,99.0,0
2024-12-08 22:44:32.208006+00:00,70B3D54999389C9B,ECHO #5,Echo,Road Bridge 600m West of Carmyllie,56.569722,-2.741944,04a4f8300e9026ac0000,585.0,-20.0,3.73,99.0,0
2024-12-08 22:59:31.900875+00:00,70B3D54999389C9B,ECHO #5,Echo,Road Bridge 600m West of Carmyllie,56.569722,-2.741944,04a1f8300e9426ac0000,588.0,-20.0,3.73,99.0,0
2024-12-08 23:14:31.750307+00:00,70B3D54999389C9B,ECHO #5,Echo,Road Bridge 600m West of Carmyllie,56.569722,-2.741944,04a3f79a0ea026ac0000,586.0,-21.5,3.74,99.0,0
2024-12-08 23:29:33.926592+00:00,70B3D54999389C9B,ECHO #5,Echo,Road Bridge 600m West of Carmyllie,56.569722,-2.741944,04a4f6eb0e7426ac0000,585.0,-23.25,3.7,99.0,0
2024-12-08 23:44:31.096363+00:00,70B3D54999389C9B,ECHO #5,Echo,Road Bridge 600m West of Carmyllie,56.569722,-2.741944,04a5f5f10e8c26ac0000,584.0,-25.75,3.72,99.0,0
2024-12-08 23:59:30.848078+00:00,70B3D54999389C9B,ECHO #5,Echo,Road Bridge 600m West of Carmyllie,56.569722,-2.741944,04a4f66e0e8426ac0000,585.0,-24.5,3.72,99.0,0
2024-12-09 00:14:32.125134+00:00,70B3D54999389C9B,ECHO #5,Echo,Road Bridge 600m West of Carmyllie,56.569722,-2.741944,04a7f79a0e6826ac0000,582.0,-21.5,3.69,99.0,0
2024-12-09 00:29:31.299753+00:00,70B3D54999389C9B,ECHO #5,Echo,Road Bridge 600m West of Carmyllie,56.569722,-2.741944,04a9f8300e8026ac0000,580.0,-20.0,3.71,99.0,0
2024-12-09 00:44:32.568722+00:00,70B3D54999389C9B,ECHO #5,Echo,Road Bridge 600m West of Carmyllie,56.569722,-2.741944,04a7f8170e9826ac0000,582.0,-20.25,3.74,99.0,0
2024-12-09 00:59:31.138881+00:00,70B3D54999389C9B,ECHO #5,Echo,Road Bridge 600m West of Carmyllie,56.569722,-2.741944,04a8f8170e8c26ac0000,581.0,-20.25,3.72,99.0,0
2024-12-09 01:14:31.879167+00:00,70B3D54999389C9B,ECHO #5,Echo,Road Bridge 600m West of Carmyllie,56.569722,-2.741944,04abf8170e8426ac0000,578.0,-20.25,3.72,99.0,0
2024-12-09 01:29:31.668615+00:00,70B3D54999389C9B,ECHO #5,Echo,Road Bridge 600m West of Carmyllie,56.569722,-2.741944,04aaf5f10e9826ac0000,579.0,-25.75,3.74,99.0,0
2024-12-09 01:44:30.888110+00:00,70B3D54999389C9B,ECHO #5,Echo,Road Bridge 600m West of Carmyllie,56.569722,-2.741944,04acf34e0e8426ac0000,577.0,-32.5,3.72,99.0,0
2024-12-09 01:59:31.342939+00:00,70B3D54999389C9B,ECHO #5,Echo,Road Bridge 600m West of Carmyllie,56.569722,-2.741944,04ade1d30ea826ac0000,576.0,-77.25,3.75,99.0,0
2024-12-09 02:14:30.185013+00:00,70B3D54999389C9B,ECHO #5,Echo,Road Bridge 600m West of Carmyllie,56.569722,-2.741944,04abf8170e9026ac0000,578.0,-20.25,3.73,99.0,0
2024-12-09 02:29:34.917309+00:00,70B3D54999389C9B,ECHO #5,Echo,Road Bridge 600m West of Carmyllie,56.569722,-2.741944,04adf8170e7826ac0000,576.0,-20.25,3.7,99.0,0
2024-12-09 02:44:30.392866+00:00,70B3D54999389C9B,ECHO #5,Echo,Road Bridge 600m West of Carmyllie,56.569722,-2.741944,04aef8170e7826ac0000,575.0,-20.25,3.7,99.0,0
2024-12-09 02:59:30.818159+00:00,70B3D54999389C9B,ECHO #5,Echo,Road Bridge 600m West of Carmyllie,56.569722,-2.741944,04aef7b30e64fffa0000,575.0,-21.25,3.68,-0.06,0
2024-12-09 03:14:30.940912+00:00,70B3D54999389C9B,ECHO #5,Echo,Road Bridge 600m West of Carmyllie,56.569722,-2.741944,04aff7cc0e8026ac0000,574.0,-21.0,3.71,99.0,0
2024-12-09 03:29:31.324909+00:00,70B3D54999389C9B,ECHO #5,Echo,Road Bridge 600m West of Carmyllie,56.569722,-2.741944,04aff6d20e7026ac0000,574.0,-23.5,3.7,99.0,0
2024-12-09 03:44:30.953873+00:00,70B3D54999389C9B,ECHO #5,Echo,Road Bridge 600m West of Carmyllie,56.569722,-2.741944,04b3f6870e7c26ac0000,570.0,-24.25,3.71,99.0,0
2024-12-09 03:59:35.193483+00:00,70B3D54999389C9B,ECHO #5,Echo,Road Bridge 600m West of Carmyllie,56.569722,-2.741944,04b1f6d20e8426ac0000,572.0,-23.5,3.72,99.0,0
2024-12-09 04:14:34.673337+00:00,70B3D54999389C9B,ECHO #5,Echo,Road Bridge 600m West of Carmyllie,56.569722,-2.741944,04b1f7cc0e9026ac0000,572.0,-21.0,3.73,99.0,0
2024-12-09 04:29:37.667656+00:00,70B3D54999389C9B,ECHO #5,Echo,Road Bridge 600m West of Carmyllie,56.569722,-2.741944,04b3f7cc0e9426ac0000,570.0,-21.0,3.73,99.0,0
2024-12-09 04:44:34.942708+00:00,70B3D54999389C9B,ECHO #5,Echo,Road Bridge 600m West of Carmyllie,56.569722,-2.741944,04b1f79a0e9426ac0000,572.0,-21.5,3.73,99.0,0
2024-12-09 04:59:35.199153+00:00,70B3D54999389C9B,ECHO #5,Echo,Road Bridge 600m West of Carmyllie,56.569722,-2.741944,04b3f7810e7426ac0000,570.0,-21.75,3.7,99.0,0
2024-12-09 05:14:34.865290+00:00,70B3D54999389C9B,ECHO #5,Echo,Road Bridge 600m West of Carmyllie,56.569722,-2.741944,04b6ee9e0e8c26ac0000,567.0,-44.5,3.72,99.0,0
2024-12-09 05:29:34.729893+00:00,70B3D54999389C9B,ECHO #5,Echo,Road Bridge 600m West of Carmyllie,56.569722,-2.741944,04b4f31c0e9426ac0000,569.0,-33.0,3.73,99.0,0
2024-12-09 05:44:35.333696+00:00,70B3D54999389C9B,ECHO #5,Echo,Road Bridge 600m West of Carmyllie,56.569722,-2.741944,04b6f4de0e8826ac0000,567.0,-28.5,3.72,99.0,0
2024-12-09 05:59:29.847025+00:00,70B3D54999389C9B,ECHO #5,Echo,Road Bridge 600m West of Carmyllie,56.569722,-2.741944,04b5f31c0e8826ac0000,568.0,-33.0,3.72,99.0,0
2024-12-09 06:14:34.672954+00:00,70B3D54999389C9B,ECHO #5,Echo,Road Bridge 600m West of Carmyllie,56.569722,-2.741944,04b8f8300e6026ac0000,565.0,-20.0,3.68,99.0,0
2024-12-09 06:29:34.875247+00:00,70B3D54999389C9B,ECHO #5,Echo,Road Bridge 600m West of Carmyllie,56.569722,-2.741944,04b8f7810e9426ac0000,565.0,-21.75,3.73,99.0,0
2024-12-09 06:44:34.698170+00:00,70B3D54999389C9B,ECHO #5,Echo,Road Bridge 600m West of Carmyllie,56.569722,-2.741944,04b9f7810e6826ac0000,564.0,-21.75,3.69,99.0,0
2024-12-09 06:59:35.636835+00:00,70B3D54999389C9B,ECHO #5,Echo,Road Bridge 600m West of Carmyllie,56.569722,-2.741944,04b8f71d0e9026ac0000,565.0,-22.75,3.73,99.0,0
2024-12-09 07:14:34.615184+00:00,70B3D54999389C9B,ECHO #5,Echo,Road Bridge 600m West of Carmyllie,56.569722,-2.741944,04baf7360e8c26ac0000,563.0,-22.5,3.72,99.0,0
2024-12-09 07:29:34.452349+00:00,70B3D54999389C9B,ECHO #5,Echo,Road Bridge 600m West of Carmyllie,56.569722,-2.741944,04baf6870e6c26ac0000,563.0,-24.25,3.69,99.0,0
2024-12-09 07:44:34.415230+00:00,70B3D54999389C9B,ECHO #5,Echo,Road Bridge 600m West of Carmyllie,56.569722,-2.741944,04bdf5f10e7826ac0000,560.0,-25.75,3.7,99.0,0
2024-12-09 07:59:35.082158+00:00,70B3D54999389C9B,ECHO #5,Echo,Road Bridge 600m West of Carmyllie,56.569722,-2.741944,04bbf6230e8826ac0000,562.0,-25.25,3.72,99.0,0
2024-12-09 08:14:30.216479+00:00,70B3D54999389C9B,ECHO #5,Echo,Road Bridge 600m West of Carmyllie,56.569722,-2.741944,04bcf5bf0e7826ac0000,561.0,-26.25,3.7,99.0,0
2024-12-09 08:29:30.842487+00:00,70B3D54999389C9B,ECHO #5,Echo,Road Bridge 600m West of Carmyllie,56.569722,-2.741944,04bdf5290e6426ac0000,560.0,-27.75,3.68,99.0,0
2024-12-09 08:44:29.602633+00:00,70B3D54999389C9B,ECHO #5,Echo,Road Bridge 600m West of Carmyllie,56.569722,-2.741944,04bbf5740e7826ac0000,562.0,-27.0,3.7,99.0,0
2024-12-09 08:59:30.569348+00:00,70B3D54999389C9B,ECHO #5,Echo,Road Bridge 600m West of Carmyllie,56.569722,-2.741944,04bdf5100e6c26ac0000,560.0,-28.0,3.69,99.0,0
2024-12-09 09:14:29.770586+00:00,70B3D54999389C9B,ECHO #5,Echo,Road Bridge 600m West of Carmyllie,56.569722,-2.741944,04bcf4de0ea826ac0000,561.0,-28.5,3.75,99.0,0
2024-12-09 09:29:31.826428+00:00,70B3D54999389C9B,ECHO #5,Echo,Road Bridge 600m West of Carmyllie,56.569722,-2.741944,04c00b9f0e9426ac0000,557.0,29.75,3.73,99.0,0
2024-12-09 09:44:30.413505+00:00,70B3D54999389C9B,ECHO #5,Echo,Road Bridge 600m West of Carmyllie,56.569722,-2.741944,04bdd1840e6c26ac0000,560.0,-119.0,3.69,99.0,0
2024-12-09 09:59:29.460629+00:00,70B3D54999389C9B,ECHO #5,Echo,Road Bridge 600m West of Carmyllie,56.569722,-2.741944,04bf06bd0e6826ac0000,558.0,17.25,3.69,99.0,0
2024-12-09 10:14:29.913993+00:00,70B3D54999389C9B,ECHO #5,Echo,Road Bridge 600m West of Carmyllie,56.569722,-2.741944,04bff6870e6426ac0000,558.0,-24.25,3.68,99.0,0
2024-12-09 10:29:29.119437+00:00,70B3D54999389C9B,ECHO #5,Echo,Road Bridge 600m West of Carmyllie,56.569722,-2.741944,04c1f7040e7426ac0000,556.0,-23.0,3.7,99.0,0
2024-12-09 10:44:29.804466+00:00,70B3D54999389C9B,ECHO #5,Echo,Road Bridge 600m West of Carmyllie,56.569722,-2.741944,04c2f7b30e5c26ac0000,555.0,-21.25,3.68,99.0,0
2024-12-09 10:59:30.482477+00:00,70B3D54999389C9B,ECHO #5,Echo,Road Bridge 600m West of Carmyllie,56.569722,-2.741944,04c3f8300e9026ac0000,554.0,-20.0,3.73,99.0,0
2024-12-09 11:29:30.103527+00:00,70B3D54999389C9B,ECHO #5,Echo,Road Bridge 600m West of Carmyllie,56.569722,-2.741944,04c5f7e50e9426ac0000,552.0,-20.75,3.73,99.0,0
2024-12-09 11:44:33.755037+00:00,70B3D54999389C9B,ECHO #5,Echo,Road Bridge 600m West of Carmyllie,56.569722,-2.741944,04c5f8620e9426ac0000,552.0,-19.5,3.73,99.0,0
2024-12-09 11:59:34.300149+00:00,70B3D54999389C9B,ECHO #5,Echo,Road Bridge 600m West of Carmyllie,56.569722,-2.741944,04c5f8df0e7426ac0000,552.0,-18.25,3.7,99.0,0
2024-12-09 12:14:29.055222+00:00,70B3D54999389C9B,ECHO #5,Echo,Road Bridge 600m West of Carmyllie,56.569722,-2.741944,04c4f95c0e6c26ac0000,553.0,-17.0,3.69,99.0,0
2024-12-09 12:29:30.162675+00:00,70B3D54999389C9B,ECHO #5,Echo,Road Bridge 600m West of Carmyllie,56.569722,-2.741944,04c6f9430e7c26ac0000,551.0,-17.25,3.71,99.0,0
2024-12-09 12:44:29.441680+00:00,70B3D54999389C9B,ECHO #5,Echo,Road Bridge 600m West of Carmyllie,56.569722,-2.741944,04c9f9110e8826ac0000,548.0,-17.75,3.72,99.0,0
2024-12-09 12:59:30.190988+00:00,70B3D54999389C9B,ECHO #5,Echo,Road Bridge 600m West of Carmyllie,56.569722,-2.741944,04c9f92a0e9826ac0000,548.0,-17.5,3.74,99.0,0
2024-12-09 13:14:29.189276+00:00,70B3D54999389C9B,ECHO #5,Echo,Road Bridge 600m West of Carmyllie,56.569722,-2.741944,04c8f9110e7026ac0000,549.0,-17.75,3.7,99.0,0
2024-12-09 13:29:29.788081+00:00,70B3D54999389C9B,ECHO #5,Echo,Road Bridge 600m West of Carmyllie,56.569722,-2.741944,04c8e1ba0e8426ac0000,549.0,-77.5,3.72,99.0,0
2024-12-09 13:44:28.843716+00:00,70B3D54999389C9B,ECHO #5,Echo,Road Bridge 600m West of Carmyllie,56.569722,-2.741944,04cbe1ba0e8c26ac0000,546.0,-77.5,3.72,99.0,0
2024-12-09 13:59:29.169600+00:00,70B3D54999389C9B,ECHO #5,Echo,Road Bridge 600m West of Carmyllie,56.569722,-2.741944,04c8e1d30e6c26ac0000,549.0,-77.25,3.69,99.0,0
2024-12-09 14:14:30.204730+00:00,70B3D54999389C9B,ECHO #5,Echo,Road Bridge 600m West of Carmyllie,56.569722,-2.741944,04c9f8df0ea026ac0000,548.0,-18.25,3.74,99.0,0
2024-12-09 14:29:33.794773+00:00,70B3D54999389C9B,ECHO #5,Echo,Road Bridge 600m West of Carmyllie,56.569722,-2.741944,04cbf8490e7426ac0000,546.0,-19.75,3.7,99.0,0
2024-12-09 14:44:33.375013+00:00,70B3D54999389C9B,ECHO #5,Echo,Road Bridge 600m West of Carmyllie,56.569722,-2.741944,04cbf7e50e7826ac0000,546.0,-20.75,3.7,99.0,0
2024-12-09 14:59:33.458824+00:00,70B3D54999389C9B,ECHO #5,Echo,Road Bridge 600m West of Carmyllie,56.569722,-2.741944,04cbf8300e9426ac0000,546.0,-20.0,3.73,99.0,0
2024-12-09 15:14:33.741915+00:00,70B3D54999389C9B,ECHO #5,Echo,Road Bridge 600m West of Carmyllie,56.569722,-2.741944,04cdf7810e7826ac0000,544.0,-21.75,3.7,99.0,0
2024-12-09 15:29:33.273677+00:00,70B3D54999389C9B,ECHO #5,Echo,Road Bridge 600m West of Carmyllie,56.569722,-2.741944,04cbf7040e7c26ac0000,546.0,-23.0,3.71,99.0,0
2024-12-09 15:44:33.927092+00:00,70B3D54999389C9B,ECHO #5,Echo,Road Bridge 600m West of Carmyllie,56.569722,-2.741944,04cdf6870e8c26ac0000,544.0,-24.25,3.72,99.0,0
2024-12-09 15:59:33.557009+00:00,70B3D54999389C9B,ECHO #5,Echo,Road Bridge 600m West of Carmyllie,56.569722,-2.741944,04ccf58d0e9426ac0000,545.0,-26.75,3.73,99.0,0
2024-12-09 16:14:33.894136+00:00,70B3D54999389C9B,ECHO #5,Echo,Road Bridge 600m West of Carmyllie,56.569722,-2.741944,04ccf4610e9426ac0000,545.0,-29.75,3.73,99.0,0
2024-12-09 16:29:33.124394+00:00,70B3D54999389C9B,ECHO #5,Echo,Road Bridge 600m West of Carmyllie,56.569722,-2.741944,04ccf3fd0e7026ac0000,545.0,-30.75,3.7,99.0,0
2024-12-09 16:44:33.806159+00:00,70B3D54999389C9B,ECHO #5,Echo,Road Bridge 600m West of Carmyllie,56.569722,-2.741944,04cef4160e8826ac0000,543.0,-30.5,3.72,99.0,0
2024-12-09 16:59:28.554527+00:00,70B3D54999389C9B,ECHO #5,Echo,Road Bridge 600m West of Carmyllie,56.569722,-2.741944,04cef4ac0e8426ac0000,543.0,-29.0,3.72,99.0,0
2024-12-09 17:14:29.534175+00:00,70B3D54999389C9B,ECHO #5,Echo,Road Bridge 600m West of Carmyllie,56.569722,-2.741944,04cff3fd0e6426ac0000,542.0,-30.75,3.68,99.0,0
2024-12-09 17:29:28.787892+00:00,70B3D54999389C9B,ECHO #5,Echo,Road Bridge 600m West of Carmyllie,56.569722,-2.741944,04cfff1f0e8c26ac0000,542.0,-2.25,3.72,99.0,0
2024-12-09 17:44:28.426236+00:00,70B3D54999389C9B,ECHO #5,Echo,Road Bridge 600m West of Carmyllie,56.569722,-2.741944,04d0febb0e7826ac0000,541.0,-3.25,3.7,99.0,0
2024-12-09 17:59:33.217434+00:00,70B3D54999389C9B,ECHO #5,Echo,Road Bridge 600m West of Carmyllie,56.569722,-2.741944,04d0ff380e8c26ac0000,541.0,-2.0,3.72,99.0,0
2024-12-09 18:14:33.393769+00:00,70B3D54999389C9B,ECHO #5,Echo,Road Bridge 600m West of Carmyllie,56.569722,-2.741944,04d12d9b0e7826ac0000,540.0,116.75,3.7,99.0,0
2024-12-09 18:29:33.144715+00:00,70B3D54999389C9B,ECHO #5,Echo,Road Bridge 600m West of Carmyllie,56.569722,-2.741944,04d1f3cb0e8426ac0000,540.0,-31.25,3.72,99.0,0
2024-12-09 18:44:33.498868+00:00,70B3D54999389C9B,ECHO #5,Echo,Road Bridge 600m West of Carmyllie,56.569722,-2.741944,04d1f3b20e7826ac0000,540.0,-31.5,3.7,99.0,0
2024-12-09 18:59:32.600681+00:00,70B3D54999389C9B,ECHO #5,Echo,Road Bridge 600m West of Carmyllie,56.569722,-2.741944,04d1f3cb0e8826ac0000,540.0,-31.25,3.72,99.0,0
2024-12-09 19:14:32.883395+00:00,70B3D54999389C9B,ECHO #5,Echo,Road Bridge 600m West of Carmyllie,56.569722,-2.741944,04d4f3e40e8c26ac0000,537.0,-31.0,3.72,99.0,0
2024-12-09 19:29:33.414140+00:00,70B3D54999389C9B,ECHO #5,Echo,Road Bridge 600m West of Carmyllie,56.569722,-2.741944,04d2f42f0e5c26ac0000,539.0,-30.25,3.68,99.0,0
2024-12-09 19:44:32.772808+00:00,70B3D54999389C9B,ECHO #5,Echo,Road Bridge 600m West of Carmyllie,56.569722,-2.741944,04d3f34e0e7026ac0000,538.0,-32.5,3.7,99.0,0
2024-12-09 19:59:27.658599+00:00,70B3D54999389C9B,ECHO #5,Echo,Road Bridge 600m West of Carmyllie,56.569722,-2.741944,04d4f3cb0e8426ac0000,537.0,-31.25,3.72,99.0,0
2024-12-09 20:14:28.582300+00:00,70B3D54999389C9B,ECHO #5,Echo,Road Bridge 600m West of Carmyllie,56.569722,-2.741944,04d5f2d10e8c26ac0000,536.0,-33.75,3.72,99.0,0
2024-12-09 20:29:28.396420+00:00,70B3D54999389C9B,ECHO #5,Echo,Road Bridge 600m West of Carmyllie,56.569722,-2.741944,04d5f26d0e9426ac0000,536.0,-34.75,3.73,99.0,0
2024-12-09 20:44:28.385970+00:00,70B3D54999389C9B,ECHO #5,Echo,Road Bridge 600m West of Carmyllie,56.569722,-2.741944,04d5f26d0e9026ac0000,536.0,-34.75,3.73,99.0,0
2024-12-09 20:59:27.659046+00:00,70B3D54999389C9B,ECHO #5,Echo,Road Bridge 600m West of Carmyllie,56.569722,-2.741944,04d5f2860e8426ac0000,536.0,-34.5,3.72,99.0,0
2024-12-09 21:14:27.907370+00:00,70B3D54999389C9B,ECHO #5,Echo,Road Bridge 600m West of Carmyllie,56.569722,-2.741944,04d7f2220e7826ac0000,534.0,-35.5,3.7,99.0,0
2024-12-09 21:29:27.868283+00:00,70B3D54999389C9B,ECHO #5,Echo,Road Bridge 600m West of Carmyllie,56.569722,-2.741944,04d8f9d90e7826ac0000,533.0,-15.75,3.7,99.0,0
2024-12-09 21:59:29.281192+00:00,70B3D54999389C9B,ECHO #5,Echo,Road Bridge 600m West of Carmyllie,56.569722,-2.741944,04d5f0150e6026ac0000,536.0,-40.75,3.68,99.0,0
2024-12-09 22:14:27.444577+00:00,70B3D54999389C9B,ECHO #5,Echo,Road Bridge 600m West of Carmyllie,56.569722,-2.741944,04d6f0150e9426ac0000,535.0,-40.75,3.73,99.0,0
2024-12-09 22:29:28.452362+00:00,70B3D54999389C9B,ECHO #5,Echo,Road Bridge 600m West of Carmyllie,56.569722,-2.741944,04d5efb10e7c26ac0000,536.0,-41.75,3.71,99.0,0
2024-12-09 22:44:34.135395+00:00,70B3D54999389C9B,ECHO #5,Echo,Road Bridge 600m West of Carmyllie,56.569722,-2.741944,04d9eed00e8426ac0000,532.0,-44.0,3.72,99.0,0
2024-12-09 22:59:32.299547+00:00,70B3D54999389C9B,ECHO #5,Echo,Road Bridge 600m West of Carmyllie,56.569722,-2.741944,04d5ed270e7426ac0000,536.0,-48.25,3.7,99.0,0
2024-12-09 23:14:32.416550+00:00,70B3D54999389C9B,ECHO #5,Echo,Road Bridge 600m West of Carmyllie,56.569722,-2.741944,04d7eb1a0e9426ac0000,534.0,-53.5,3.73,99.0,0
2024-12-09 23:29:26.796903+00:00,70B3D54999389C9B,ECHO #5,Echo,Road Bridge 600m West of Carmyllie,56.569722,-2.741944,04dae9ee0e6c26ac0000,531.0,-56.5,3.69,99.0,0
2024-12-09 23:44:32.094897+00:00,70B3D54999389C9B,ECHO #5,Echo,Road Bridge 600m West of Carmyllie,56.569722,-2.741944,04d9e82c0e7c26ac0000,532.0,-61.0,3.71,99.0,0
2024-12-09 23:59:32.249314+00:00,70B3D54999389C9B,ECHO #5,Echo,Road Bridge 600m West of Carmyllie,56.569722,-2.741944,04d9e7320e6c26ac0000,532.0,-63.5,3.69,99.0,0
2024-12-10 00:14:31.480363+00:00,70B3D54999389C9B,ECHO #5,Echo,Road Bridge 600m West of Carmyllie,56.569722,-2.741944,04d8e7190e7426ac0000,533.0,-63.75,3.7,99.0,0
2024-12-10 00:29:31.700800+00:00,70B3D54999389C9B,ECHO #5,Echo,Road Bridge 600m West of Carmyllie,56.569722,-2.741944,04dce7af0e9c26ac0000,529.0,-62.25,3.74,99.0,0
2024-12-10 00:44:31.324049+00:00,70B3D54999389C9B,ECHO #5,Echo,Road Bridge 600m West of Carmyllie,56.569722,-2.741944,04d9e7640e8426ac0000,532.0,-63.0,3.72,99.0,0
2024-12-10 00:59:31.402225+00:00,70B3D54999389C9B,ECHO #5,Echo,Road Bridge 600m West of Carmyllie,56.569722,-2.741944,04dce66a0e5026ac0000,529.0,-65.5,3.66,99.0,0
2024-12-10 01:14:31.198900+00:00,70B3D54999389C9B,ECHO #5,Echo,Road Bridge 600m West of Carmyllie,56.569722,-2.741944,04d808e30e6826ac0000,533.0,22.75,3.69,99.0,0
2024-12-10 01:29:34.316340+00:00,70B3D54999389C9B,ECHO #5,Echo,Road Bridge 600m West of Carmyllie,56.569722,-2.741944,04dd08e30e5826ac0000,528.0,22.75,3.67,99.0,0
2024-12-10 01:44:30.968037+00:00,70B3D54999389C9B,ECHO #5,Echo,Road Bridge 600m West of Carmyllie,56.569722,-2.741944,04db08e30e9426ac0000,530.0,22.75,3.73,99.0,0
2024-12-10 01:59:31.138785+00:00,70B3D54999389C9B,ECHO #5,Echo,Road Bridge 600m West of Carmyllie,56.569722,-2.741944,04dc04b00e7c26ac0000,529.0,12.0,3.71,99.0,0
2024-12-10 02:14:31.324886+00:00,70B3D54999389C9B,ECHO #5,Echo,Road Bridge 600m West of Carmyllie,56.569722,-2.741944,04dbe50c0e8426ac0000,530.0,-69.0,3.72,99.0,0
2024-12-10 02:29:31.063336+00:00,70B3D54999389C9B,ECHO #5,Echo,Road Bridge 600m West of Carmyllie,56.569722,-2.741944,04dce4c10e8826ac0000,529.0,-69.75,3.72,99.0,0
2024-12-10 02:44:31.010498+00:00,70B3D54999389C9B,ECHO #5,Echo,Road Bridge 600m West of Carmyllie,56.569722,-2.741944,04dde4a80e6426ac0000,528.0,-70.0,3.68,99.0,0
2024-12-10 02:59:31.310622+00:00,70B3D54999389C9B,ECHO #5,Echo,Road Bridge 600m West of Carmyllie,56.569722,-2.741944,04dee3310e8826ac0000,527.0,-73.75,3.72,99.0,0
2024-12-10 03:14:30.492111+00:00,70B3D54999389C9B,ECHO #5,Echo,Road Bridge 600m West of Carmyllie,56.569722,-2.741944,04dfe21e0e5426ac0000,526.0,-76.5,3.67,99.0,0
2024-12-10 03:29:30.614885+00:00,70B3D54999389C9B,ECHO #5,Echo,Road Bridge 600m West of Carmyllie,56.569722,-2.741944,04dee37c0e6826ac0000,527.0,-73.0,3.69,99.0,0
2024-12-10 03:44:30.236954+00:00,70B3D54999389C9B,ECHO #5,Echo,Road Bridge 600m West of Carmyllie,56.569722,-2.741944,04dde2b40e6c26ac0000,528.0,-75.0,3.69,99.0,0
2024-12-10 03:59:30.475143+00:00,70B3D54999389C9B,ECHO #5,Echo,Road Bridge 600m West of Carmyllie,56.569722,-2.741944,04e0e29b0e8026ac0000,525.0,-75.25,3.71,99.0,0
2024-12-10 04:14:30.830024+00:00,70B3D54999389C9B,ECHO #5,Echo,Road Bridge 600m West of Carmyllie,56.569722,-2.741944,04dee1ba0e8c26ac0000,527.0,-77.5,3.72,99.0,0
2024-12-10 04:29:30.692947+00:00,70B3D54999389C9B,ECHO #5,Echo,Road Bridge 600m West of Carmyllie,56.569722,-2.741944,04dfe2370e5026ac0000,526.0,-76.25,3.66,99.0,0
2024-12-10 04:44:30.164519+00:00,70B3D54999389C9B,ECHO #5,Echo,Road Bridge 600m West of Carmyllie,56.569722,-2.741944,04e0e3950e8426ac0000,525.0,-72.75,3.72,99.0,0
2024-12-10 04:59:30.069563+00:00,70B3D54999389C9B,ECHO #5,Echo,Road Bridge 600m West of Carmyllie,56.569722,-2.741944,04e2e4f30e6826ac0000,523.0,-69.25,3.69,99.0,0
2024-12-10 05:14:29.833658+00:00,70B3D54999389C9B,ECHO #5,Echo,Road Bridge 600m West of Carmyllie,56.569722,-2.741944,04df08e30e9826ac0000,526.0,22.75,3.74,99.0,0
2024-12-10 05:29:30.241964+00:00,70B3D54999389C9B,ECHO #5,Echo,Road Bridge 600m West of Carmyllie,56.569722,-2.741944,04e108e30e5426ac0000,524.0,22.75,3.67,99.0,0
2024-12-10 05:44:30.061526+00:00,70B3D54999389C9B,ECHO #5,Echo,Road Bridge 600m West of Carmyllie,56.569722,-2.741944,04e208e30e7426ac0000,523.0,22.75,3.7,99.0,0
2024-12-10 05:59:30.022187+00:00,70B3D54999389C9B,ECHO #5,Echo,Road Bridge 600m West of Carmyllie,56.569722,-2.741944,04e211170e7826ac0000,523.0,43.75,3.7,99.0,0
2024-12-10 06:14:29.667192+00:00,70B3D54999389C9B,ECHO #5,Echo,Road Bridge 600m West of Carmyllie,56.569722,-2.741944,04e4e34a0e7826ac0000,521.0,-73.5,3.7,99.0,0
2024-12-10 06:29:29.392012+00:00,70B3D54999389C9B,ECHO #5,Echo,Road Bridge 600m West of Carmyllie,56.569722,-2.741944,04e5e21e0e7826ac0000,520.0,-76.5,3.7,99.0,0
2024-12-10 06:44:29.945726+00:00,70B3D54999389C9B,ECHO #5,Echo,Road Bridge 600m West of Carmyllie,56.569722,-2.741944,04e4e1a10e7826ac0000,521.0,-77.75,3.7,99.0,0
2024-12-10 06:59:29.197559+00:00,70B3D54999389C9B,ECHO #5,Echo,Road Bridge 600m West of Carmyllie,56.569722,-2.741944,04e3e1ba0e5c26ac0000,522.0,-77.5,3.68,99.0,0
2024-12-10 07:14:29.768466+00:00,70B3D54999389C9B,ECHO #5,Echo,Road Bridge 600m West of Carmyllie,56.569722,-2.741944,04e4e1ba0e6826ac0000,521.0,-77.5,3.69,99.0,0
2024-12-10 07:29:24.874320+00:00,70B3D54999389C9B,ECHO #5,Echo,Road Bridge 600m West of Carmyllie,56.569722,-2.741944,04e4e1ba0e7026ac0000,521.0,-77.5,3.7,99.0,0
2024-12-10 07:44:27.853140+00:00,70B3D54999389C9B,ECHO #5,Echo,Road Bridge 600m West of Carmyllie,56.569722,-2.741944,04e3e1ba0e4426ac0000,522.0,-77.5,3.65,99.0,0
2024-12-10 07:59:25.173471+00:00,70B3D54999389C9B,ECHO #5,Echo,Road Bridge 600m West of Carmyllie,56.569722,-2.741944,04e6e1ba0e8826ac0000,519.0,-77.5,3.72,99.0,0
2024-12-10 08:14:24.789058+00:00,70B3D54999389C9B,ECHO #5,Echo,Road Bridge 600m West of Carmyllie,56.569722,-2.741944,04e5e1ba0e8826ac0000,520.0,-77.5,3.72,99.0,0
2024-12-10 08:29:25.844978+00:00,70B3D54999389C9B,ECHO #5,Echo,Road Bridge 600m West of Carmyllie,56.569722,-2.741944,04e6e1d30e7826ac0000,519.0,-77.25,3.7,99.0,0
2024-12-10 08:44:24.091946+00:00,70B3D54999389C9B,ECHO #5,Echo,Road Bridge 600m West of Carmyllie,56.569722,-2.741944,04e7e1ba0ea426ac0000,518.0,-77.5,3.75,99.0,0
2024-12-10 08:59:25.022599+00:00,70B3D54999389C9B,ECHO #5,Echo,Road Bridge 600m West of Carmyllie,56.569722,-2.741944,04e5e1ba0e8026ac0000,520.0,-77.5,3.71,99.0,0
2024-12-10 09:14:25.106306+00:00,70B3D54999389C9B,ECHO #5,Echo,Road Bridge 600m West of Carmyllie,56.569722,-2.741944,04e7e2500e7426ac0000,518.0,-76.0,3.7,99.0,0
2024-12-10 09:29:25.094512+00:00,70B3D54999389C9B,ECHO #5,Echo,Road Bridge 600m West of Carmyllie,56.569722,-2.741944,04e508e30e6c26ac0000,520.0,22.75,3.69,99.0,0
2024-12-10 09:44:24.933513+00:00,70B3D54999389C9B,ECHO #5,Echo,Road Bridge 600m West of Carmyllie,56.569722,-2.741944,04e808e30e5c26ac0000,517.0,22.75,3.68,99.0,0
2024-12-10 09:59:24.766754+00:00,70B3D54999389C9B,ECHO #5,Echo,Road Bridge 600m West of Carmyllie,56.569722,-2.741944,04e808e30e80fffa0000,517.0,22.75,3.71,-0.06,0
2024-12-10 10:29:25.302051+00:00,70B3D54999389C9B,ECHO #5,Echo,Road Bridge 600m West of Carmyllie,56.569722,-2.741944,04e9e53e0e6c02130000,516.0,-68.5,3.69,5.31,0
2024-12-10 10:59:24.123850+00:00,70B3D54999389C9B,ECHO #5,Echo,Road Bridge 600m West of Carmyllie,56.569722,-2.741944,04eae77d0e6c02150000,515.0,-62.75,3.69,5.33,0
2024-12-10 11:14:24.420589+00:00,70B3D54999389C9B,ECHO #5,Echo,Road Bridge 600m West of Carmyllie,56.569722,-2.741944,04e9e9bc0e6c02150000,516.0,-57.0,3.69,5.33,0
2024-12-10 11:29:23.834403+00:00,70B3D54999389C9B,ECHO #5,Echo,Road Bridge 600m West of Carmyllie,56.569722,-2.741944,04ece98a0e8026ac0000,513.0,-57.5,3.71,99.0,0
2024-12-10 11:44:23.471917+00:00,70B3D54999389C9B,ECHO #5,Echo,Road Bridge 600m West of Carmyllie,56.569722,-2.741944,04e9e9d50e7026ac0000,516.0,-56.75,3.7,99.0,0
2024-12-10 11:59:23.357171+00:00,70B3D54999389C9B,ECHO #5,Echo,Road Bridge 600m West of Carmyllie,56.569722,-2.741944,04eaeae80e8426ac0000,515.0,-54.0,3.72,99.0,0
2024-12-10 12:14:24.567140+00:00,70B3D54999389C9B,ECHO #5,Echo,Road Bridge 600m West of Carmyllie,56.569722,-2.741944,04eceb650e7826ac0000,513.0,-52.75,3.7,99.0,0
2024-12-10 12:29:22.713304+00:00,70B3D54999389C9B,ECHO #5,Echo,Road Bridge 600m West of Carmyllie,56.569722,-2.741944,04ecebc90e6426ac0000,513.0,-51.75,3.68,99.0,0
2024-12-10 12:44:23.176214+00:00,70B3D54999389C9B,ECHO #5,Echo,Road Bridge 600m West of Carmyllie,56.569722,-2.741944,04edecf50e7826ac0000,512.0,-48.75,3.7,99.0,0
2024-12-10 12:59:24.517773+00:00,70B3D54999389C9B,ECHO #5,Echo,Road Bridge 600m West of Carmyllie,56.569722,-2.741944,04ecee080e8826ac0000,513.0,-46.0,3.72,99.0,0
2024-12-10 13:14:23.536269+00:00,70B3D54999389C9B,ECHO #5,Echo,Road Bridge 600m West of Carmyllie,56.569722,-2.741944,04ededbd0e9426ac0000,512.0,-46.75,3.73,99.0,0
2024-12-10 13:29:27.615440+00:00,70B3D54999389C9B,ECHO #5,Echo,Road Bridge 600m West of Carmyllie,56.569722,-2.741944,04f1f95c0e7026ac0000,508.0,-17.0,3.7,99.0,0
2024-12-10 13:44:27.583984+00:00,70B3D54999389C9B,ECHO #5,Echo,Road Bridge 600m West of Carmyllie,56.569722,-2.741944,04eef8490e7826ac0000,511.0,-19.75,3.7,99.0,0
2024-12-10 13:59:22.442889+00:00,70B3D54999389C9B,ECHO #5,Echo,Road Bridge 600m West of Carmyllie,56.569722,-2.741944,04ee09470e78fffa0000,511.0,23.75,3.7,-0.06,0
2024-12-10 14:14:22.973896+00:00,70B3D54999389C9B,ECHO #5,Echo,Road Bridge 600m West of Carmyllie,56.569722,-2.741944,04f1eab60e9802220000,508.0,-54.5,3.74,5.46,0
2024-12-10 14:29:22.503388+00:00,70B3D54999389C9B,ECHO #5,Echo,Road Bridge 600m West of Carmyllie,56.569722,-2.741944,04f2e9bc0e8001620000,507.0,-57.0,3.71,3.54,0
2024-12-10 14:44:23.500098+00:00,70B3D54999389C9B,ECHO #5,Echo,Road Bridge 600m West of Carmyllie,56.569722,-2.741944,04f3e6060e7826ac0000,506.0,-66.5,3.7,99.0,0
2024-12-10 14:59:23.132627+00:00,70B3D54999389C9B,ECHO #5,Echo,Road Bridge 600m West of Carmyllie,56.569722,-2.741944,04f0e5d40e6c26ac0000,509.0,-67.0,3.69,99.0,0
2024-12-10 15:14:27.558335+00:00,70B3D54999389C9B,ECHO #5,Echo,Road Bridge 600m West of Carmyllie,56.569722,-2.741944,04f2e5700e7426ac0000,507.0,-68.0,3.7,99.0,0
2024-12-10 15:29:21.884595+00:00,70B3D54999389C9B,ECHO #5,Echo,Road Bridge 600m West of Carmyllie,56.569722,-2.741944,04f3e2e60e8026ac0000,506.0,-74.5,3.71,99.0,0
2024-12-10 15:44:22.321630+00:00,70B3D54999389C9B,ECHO #5,Echo,Road Bridge 600m West of Carmyllie,56.569722,-2.741944,04f1e2500e6c26ac0000,508.0,-76.0,3.69,99.0,0
2024-12-10 15:59:22.764280+00:00,70B3D54999389C9B,ECHO #5,Echo,Road Bridge 600m West of Carmyllie,56.569722,-2.741944,04f1e1ba0e7026ac0000,508.0,-77.5,3.7,99.0,0
2024-12-10 16:14:22.320655+00:00,70B3D54999389C9B,ECHO #5,Echo,Road Bridge 600m West of Carmyllie,56.569722,-2.741944,04f0e1ba0e6826ac0000,509.0,-77.5,3.69,99.0,0
2024-12-10 16:44:22.273056+00:00,70B3D54999389C9B,ECHO #5,Echo,Road Bridge 600m West of Carmyllie,56.569722,-2.741944,04f2e1ec0e8026ac0000,507.0,-77.0,3.71,99.0,0
2024-12-10 16:59:21.883704+00:00,70B3D54999389C9B,ECHO #5,Echo,Road Bridge 600m West of Carmyllie,56.569722,-2.741944,04f1e1d30e7826ac0000,508.0,-77.25,3.7,99.0,0
2024-12-10 17:14:22.853878+00:00,70B3D54999389C9B,ECHO #5,Echo,Road Bridge 600m West of Carmyllie,56.569722,-2.741944,04f3e1ec0e6c26ac0000,506.0,-77.0,3.69,99.0,0
2024-12-10 17:29:22.183537+00:00,70B3D54999389C9B,ECHO #5,Echo,Road Bridge 600m West of Carmyllie,56.569722,-2.741944,04f108b10e9426ac0000,508.0,22.25,3.73,99.0,0
2024-12-10 17:44:21.717259+00:00,70B3D54999389C9B,ECHO #5,Echo,Road Bridge 600m West of Carmyllie,56.569722,-2.741944,04f408b10e7c26ac0000,505.0,22.25,3.71,99.0,0
2024-12-10 17:59:22.209395+00:00,70B3D54999389C9B,ECHO #5,Echo,Road Bridge 600m West of Carmyllie,56.569722,-2.741944,04f308b10e6026ac0000,506.0,22.25,3.68,99.0,0
2024-12-10 18:14:21.752192+00:00,70B3D54999389C9B,ECHO #5,Echo,Road Bridge 600m West of Carmyllie,56.569722,-2.741944,04f4e1d30e7026ac0000,505.0,-77.25,3.7,99.0,0
2024-12-10 18:29:25.905337+00:00,70B3D54999389C9B,ECHO #5,Echo,Road Bridge 600m West of Carmyllie,56.569722,-2.741944,04f6e1d30e58fffa0000,503.0,-77.25,3.67,-0.06,0
2024-12-10 18:44:21.122730+00:00,70B3D54999389C9B,ECHO #5,Echo,Road Bridge 600m West of Carmyllie,56.569722,-2.741944,04f5e1ec0e6826ac0000,504.0,-77.0,3.69,99.0,0
2024-12-10 18:59:21.663464+00:00,70B3D54999389C9B,ECHO #5,Echo,Road Bridge 600m West of Carmyllie,56.569722,-2.741944,04f8e1ec0e6826ac0000,501.0,-77.0,3.69,99.0,0
2024-12-10 19:14:21.454134+00:00,70B3D54999389C9B,ECHO #5,Echo,Road Bridge 600m West of Carmyllie,56.569722,-2.741944,04f7e1d30e7826ac0000,502.0,-77.25,3.7,99.0,0
2024-12-10 19:29:21.768867+00:00,70B3D54999389C9B,ECHO #5,Echo,Road Bridge 600m West of Carmyllie,56.569722,-2.741944,04f7e1ec0e7826ac0000,502.0,-77.0,3.7,99.0,0
2024-12-10 19:44:21.894829+00:00,70B3D54999389C9B,ECHO #5,Echo,Road Bridge 600m West of Carmyllie,56.569722,-2.741944,04f4e1ec0e6c26ac0000,505.0,-77.0,3.69,99.0,0
2024-12-10 19:59:20.383667+00:00,70B3D54999389C9B,ECHO #5,Echo,Road Bridge 600m West of Carmyllie,56.569722,-2.741944,04f6e1ba0e6c26ac0000,503.0,-77.5,3.69,99.0,0
2024-12-10 20:14:20.443354+00:00,70B3D54999389C9B,ECHO #5,Echo,Road Bridge 600m West of Carmyllie,56.569722,-2.741944,04f8e1ec0e8002130000,501.0,-77.0,3.71,5.31,0
2024-12-10 20:29:20.632361+00:00,70B3D54999389C9B,ECHO #5,Echo,Road Bridge 600m West of Carmyllie,56.569722,-2.741944,04fbe1ec0e6826ac0000,498.0,-77.0,3.69,99.0,0
2024-12-10 20:44:21.334485+00:00,70B3D54999389C9B,ECHO #5,Echo,Road Bridge 600m West of Carmyllie,56.569722,-2.741944,04f9e1ec0e6026ac0000,500.0,-77.0,3.68,99.0,0
2024-12-10 20:59:20.790778+00:00,70B3D54999389C9B,ECHO #5,Echo,Road Bridge 600m West of Carmyllie,56.569722,-2.741944,04fae1d30e6826ac0000,499.0,-77.25,3.69,99.0,0
2024-12-10 21:14:20.651845+00:00,70B3D54999389C9B,ECHO #5,Echo,Road Bridge 600m West of Carmyllie,56.569722,-2.741944,04f9e1ec0e6826ac0000,500.0,-77.0,3.69,99.0,0
2024-12-10 21:29:20.346527+00:00,70B3D54999389C9B,ECHO #5,Echo,Road Bridge 600m West of Carmyllie,56.569722,-2.741944,04fbf8620e6826ac0000,498.0,-19.5,3.69,99.0,0
2024-12-10 21:44:20.601410+00:00,70B3D54999389C9B,ECHO #5,Echo,Road Bridge 600m West of Carmyllie,56.569722,-2.741944,04faf8f80e7026ac0000,499.0,-18.0,3.7,99.0,0
2024-12-10 21:59:20.061491+00:00,70B3D54999389C9B,ECHO #5,Echo,Road Bridge 600m West of Carmyllie,56.569722,-2.741944,04faf8620e6026ac0000,499.0,-19.5,3.68,99.0,0
2024-12-10 22:14:21.198977+00:00,70B3D54999389C9B,ECHO #5,Echo,Road Bridge 600m West of Carmyllie,56.569722,-2.741944,04fce1ec0e6800fa0000,497.0,-77.0,3.69,2.5,0
2024-12-10 22:29:21.067726+00:00,70B3D54999389C9B,ECHO #5,Echo,Road Bridge 600m West of Carmyllie,56.569722,-2.741944,04fbe1ec0e6826ac0000,498.0,-77.0,3.69,99.0,0
2024-12-10 22:44:20.315830+00:00,70B3D54999389C9B,ECHO #5,Echo,Road Bridge 600m West of Carmyllie,56.569722,-2.741944,04fce1ec0e6426ac0000,497.0,-77.0,3.68,99.0,0
2024-12-10 22:59:20.115820+00:00,70B3D54999389C9B,ECHO #5,Echo,Road Bridge 600m West of Carmyllie,56.569722,-2.741944,04fce1ec0e5c26ac0000,497.0,-77.0,3.68,99.0,0
2024-12-10 23:14:24.580445+00:00,70B3D54999389C9B,ECHO #5,Echo,Road Bridge 600m West of Carmyllie,56.569722,-2.741944,04fce1ec0e6026ac0000,497.0,-77.0,3.68,99.0,0
2024-12-10 23:29:24.913104+00:00,70B3D54999389C9B,ECHO #5,Echo,Road Bridge 600m West of Carmyllie,56.569722,-2.741944,04fde1ec0e6426ac0000,496.0,-77.0,3.68,99.0,0
2024-12-10 23:44:19.616707+00:00,70B3D54999389C9B,ECHO #5,Echo,Road Bridge 600m West of Carmyllie,56.569722,-2.741944,04fce1ec0e6426ac0000,497.0,-77.0,3.68,99.0,0
2024-12-10 23:59:20.032542+00:00,70B3D54999389C9B,ECHO #5,Echo,Road Bridge 600m West of Carmyllie,56.569722,-2.741944,04fde1ec0e6c26ac0000,496.0,-77.0,3.69,99.0,0
2024-12-11 00:14:19.574975+00:00,70B3D54999389C9B,ECHO #5,Echo,Road Bridge 600m West of Carmyllie,56.569722,-2.741944,04fee1ec0e5c26ac0000,495.0,-77.0,3.68,99.0,0
2024-12-11 00:29:20.362636+00:00,70B3D54999389C9B,ECHO #5,Echo,Road Bridge 600m West of Carmyllie,56.569722,-2.741944,04fee1ec0e6c26ac0000,495.0,-77.0,3.69,99.0,0
2024-12-11 00:44:20.285467+00:00,70B3D54999389C9B,ECHO #5,Echo,Road Bridge 600m West of Carmyllie,56.569722,-2.741944,04fde1ec0e6426ac0000,496.0,-77.0,3.68,99.0,0
2024-12-11 00:59:20.013108+00:00,70B3D54999389C9B,ECHO #5,Echo,Road Bridge 600m West of Carmyllie,56.569722,-2.741944,04fde1ec0e4426ac0000,496.0,-77.0,3.65,99.0,0
2024-12-11 01:14:19.949071+00:00,70B3D54999389C9B,ECHO #5,Echo,Road Bridge 600m West of Carmyllie,56.569722,-2.741944,04ffe1ec0e4426ac0000,494.0,-77.0,3.65,99.0,0
2024-12-11 01:29:23.927879+00:00,70B3D54999389C9B,ECHO #5,Echo,Road Bridge 600m West of Carmyllie,56.569722,-2.741944,0500f8940e6426ac0000,493.0,-19.0,3.68,99.0,0
2024-12-11 01:44:23.581752+00:00,70B3D54999389C9B,ECHO #5,Echo,Road Bridge 600m West of Carmyllie,56.569722,-2.741944,0500f8620e5026ac0000,493.0,-19.5,3.66,99.0,0
2024-12-11 01:59:23.302576+00:00,70B3D54999389C9B,ECHO #5,Echo,Road Bridge 600m West of Carmyllie,56.569722,-2.741944,050131830e7026ac0000,492.0,126.75,3.7,99.0,0
2024-12-11 02:14:23.408509+00:00,70B3D54999389C9B,ECHO #5,Echo,Road Bridge 600m West of Carmyllie,56.569722,-2.741944,0502e1ec0e6c26ac0000,491.0,-77.0,3.69,99.0,0
2024-12-11 02:29:23.894177+00:00,70B3D54999389C9B,ECHO #5,Echo,Road Bridge 600m West of Carmyllie,56.569722,-2.741944,0503e1a10e5c26ac0000,490.0,-77.75,3.68,99.0,0
2024-12-11 02:44:25.496495+00:00,70B3D54999389C9B,ECHO #5,Echo,Road Bridge 600m West of Carmyllie,56.569722,-2.741944,0502e1ba0e5026ac0000,491.0,-77.5,3.66,99.0,0
2024-12-11 02:59:23.465010+00:00,70B3D54999389C9B,ECHO #5,Echo,Road Bridge 600m West of Carmyllie,56.569722,-2.741944,0503e1ec0e8426ac0000,490.0,-77.0,3.72,99.0,0
2024-12-11 03:14:23.298866+00:00,70B3D54999389C9B,ECHO #5,Echo,Road Bridge 600m West of Carmyllie,56.569722,-2.741944,0505e2500e6026ac0000,488.0,-76.0,3.68,99.0,0
2024-12-11 03:29:23.588241+00:00,70B3D54999389C9B,ECHO #5,Echo,Road Bridge 600m West of Carmyllie,56.569722,-2.741944,0502e42b0e6c26ac0000,491.0,-71.25,3.69,99.0,0
2024-12-11 03:44:23.171059+00:00,70B3D54999389C9B,ECHO #5,Echo,Road Bridge 600m West of Carmyllie,56.569722,-2.741944,0503e21e0e6426ac0000,490.0,-76.5,3.68,99.0,0
2024-12-11 03:59:22.986725+00:00,70B3D54999389C9B,ECHO #5,Echo,Road Bridge 600m West of Carmyllie,56.569722,-2.741944,0503e1ba0e6c26ac0000,490.0,-77.5,3.69,99.0,0
2024-12-11 04:14:18.028486+00:00,70B3D54999389C9B,ECHO #5,Echo,Road Bridge 600m West of Carmyllie,56.569722,-2.741944,0504e1ec0e6426ac0000,489.0,-77.0,3.68,99.0,0
2024-12-11 04:29:19.102673+00:00,70B3D54999389C9B,ECHO #5,Echo,Road Bridge 600m West of Carmyllie,56.569722,-2.741944,0505e1ec0e6026ac0000,488.0,-77.0,3.68,99.0,0
2024-12-11 04:44:19.385929+00:00,70B3D54999389C9B,ECHO #5,Echo,Road Bridge 600m West of Carmyllie,56.569722,-2.741944,0506e1ec0e6826ac0000,487.0,-77.0,3.69,99.0,0
2024-12-11 04:59:18.461553+00:00,70B3D54999389C9B,ECHO #5,Echo,Road Bridge 600m West of Carmyllie,56.569722,-2.741944,0506e1ec0e6026ac0000,487.0,-77.0,3.68,99.0,0
2024-12-11 05:14:22.719642+00:00,70B3D54999389C9B,ECHO #5,Echo,Road Bridge 600m West of Carmyllie,56.569722,-2.741944,0505f7fe0e7c26ac0000,488.0,-20.5,3.71,99.0,0
2024-12-11 05:29:22.221600+00:00,70B3D54999389C9B,ECHO #5,Echo,Road Bridge 600m West of Carmyllie,56.569722,-2.741944,0505f7fe0e2c26ac0000,488.0,-20.5,3.63,99.0,0
2024-12-11 05:44:22.681610+00:00,70B3D54999389C9B,ECHO #5,Echo,Road Bridge 600m West of Carmyllie,56.569722,-2.741944,0502f8940e7026ac0000,491.0,-19.0,3.7,99.0,0
2024-12-11 05:59:25.618888+00:00,70B3D54999389C9B,ECHO #5,Echo,Road Bridge 600m West of Carmyllie,56.569722,-2.741944,050af8940e6c26ac0000,483.0,-19.0,3.69,99.0,0
2024-12-11 06:14:22.556918+00:00,70B3D54999389C9B,ECHO #5,Echo,Road Bridge 600m West of Carmyllie,56.569722,-2.741944,0507e1ec0e4026ac0000,486.0,-77.0,3.65,99.0,0
2024-12-11 06:29:22.793900+00:00,70B3D54999389C9B,ECHO #5,Echo,Road Bridge 600m West of Carmyllie,56.569722,-2.741944,0508e1d30e6c26ac0000,485.0,-77.25,3.69,99.0,0
2024-12-11 06:44:22.696682+00:00,70B3D54999389C9B,ECHO #5,Echo,Road Bridge 600m West of Carmyllie,56.569722,-2.741944,0507e3c70e6c26ac0000,486.0,-72.25,3.69,99.0,0
2024-12-11 06:59:17.264737+00:00,70B3D54999389C9B,ECHO #5,Echo,Road Bridge 600m West of Carmyllie,56.569722,-2.741944,0508e1d30e6c26ac0000,485.0,-77.25,3.69,99.0,0
2024-12-11 07:14:17.820315+00:00,70B3D54999389C9B,ECHO #5,Echo,Road Bridge 600m West of Carmyllie,56.569722,-2.741944,0506e1ec0e6426ac0000,487.0,-77.0,3.68,99.0,0
2024-12-11 07:29:17.034283+00:00,70B3D54999389C9B,ECHO #5,Echo,Road Bridge 600m West of Carmyllie,56.569722,-2.741944,0509e1ec0e6cfffa0000,484.0,-77.0,3.69,-0.06,0
2024-12-11 07:44:17.673209+00:00,70B3D54999389C9B,ECHO #5,Echo,Road Bridge 600m West of Carmyllie,56.569722,-2.741944,050be1ec0e6c26ac0000,482.0,-77.0,3.69,99.0,0
2024-12-11 07:59:17.779942+00:00,70B3D54999389C9B,ECHO #5,Echo,Road Bridge 600m West of Carmyllie,56.569722,-2.741944,050be1ec0e4426ac0000,482.0,-77.0,3.65,99.0,0
2024-12-11 08:14:17.279848+00:00,70B3D54999389C9B,ECHO #5,Echo,Road Bridge 600m West of Carmyllie,56.569722,-2.741944,050ae1ec0e4426ac0000,483.0,-77.0,3.65,99.0,0
2024-12-11 08:29:21.577455+00:00,70B3D54999389C9B,ECHO #5,Echo,Road Bridge 600m West of Carmyllie,56.569722,-2.741944,050be1ec0e6026ac0000,482.0,-77.0,3.68,99.0,0
2024-12-11 08:44:22.365556+00:00,70B3D54999389C9B,ECHO #5,Echo,Road Bridge 600m West of Carmyllie,56.569722,-2.741944,050ce1ec0e6c26ac0000,481.0,-77.0,3.69,99.0,0
2024-12-11 08:59:16.406736+00:00,70B3D54999389C9B,ECHO #5,Echo,Road Bridge 600m West of Carmyllie,56.569722,-2.741944,050be1ec0e6026ac0000,482.0,-77.0,3.68,99.0,0
2024-12-11 09:14:16.358345+00:00,70B3D54999389C9B,ECHO #5,Echo,Road Bridge 600m West of Carmyllie,56.569722,-2.741944,050ae1ec0e6826ac0000,483.0,-77.0,3.69,99.0,0
2024-12-11 09:29:16.486742+00:00,70B3D54999389C9B,ECHO #5,Echo,Road Bridge 600m West of Carmyllie,56.569722,-2.741944,050bf8620e6c26ac0000,482.0,-19.5,3.69,99.0,0
2024-12-11 09:44:17.082869+00:00,70B3D54999389C9B,ECHO #5,Echo,Road Bridge 600m West of Carmyllie,56.569722,-2.741944,050c08b10e4826ac0000,481.0,22.25,3.66,99.0,0
2024-12-11 09:59:16.624141+00:00,70B3D54999389C9B,ECHO #5,Echo,Road Bridge 600m West of Carmyllie,56.569722,-2.741944,050d08b10e7426ac0000,480.0,22.25,3.7,99.0,0
2024-12-11 10:14:17.071727+00:00,70B3D54999389C9B,ECHO #5,Echo,Road Bridge 600m West of Carmyllie,56.569722,-2.741944,050de1ba0e6826ac0000,480.0,-77.5,3.69,99.0,0
2024-12-11 10:29:17.659089+00:00,70B3D54999389C9B,ECHO #5,Echo,Road Bridge 600m West of Carmyllie,56.569722,-2.741944,050de3180e6c26ac0000,480.0,-74.0,3.69,99.0,0
2024-12-11 10:44:16.421253+00:00,70B3D54999389C9B,ECHO #5,Echo,Road Bridge 600m West of Carmyllie,56.569722,-2.741944,050fe4120e6826ac0000,478.0,-71.5,3.69,99.0,0
2024-12-11 11:14:16.352130+00:00,70B3D54999389C9B,ECHO #5,Echo,Road Bridge 600m West of Carmyllie,56.569722,-2.741944,0510e8db0e6826ac0000,477.0,-59.25,3.69,99.0,0
2024-12-11 11:29:15.967635+00:00,70B3D54999389C9B,ECHO #5,Echo,Road Bridge 600m West of Carmyllie,56.569722,-2.741944,0510e9580e8826ac0000,477.0,-58.0,3.72,99.0,0
2024-12-11 11:44:16.396415+00:00,70B3D54999389C9B,ECHO #5,Echo,Road Bridge 600m West of Carmyllie,56.569722,-2.741944,0511eb7e0e6c26ac0000,476.0,-52.5,3.69,99.0,0
2024-12-11 11:59:16.047213+00:00,70B3D54999389C9B,ECHO #5,Echo,Road Bridge 600m West of Carmyllie,56.569722,-2.741944,0511ecc30e6c26ac0000,476.0,-49.25,3.69,99.0,0
2024-12-11 12:14:15.712374+00:00,70B3D54999389C9B,ECHO #5,Echo,Road Bridge 600m West of Carmyllie,56.569722,-2.741944,0512ed720e7c26ac0000,475.0,-47.5,3.71,99.0,0
2024-12-11 12:29:16.470064+00:00,70B3D54999389C9B,ECHO #5,Echo,Road Bridge 600m West of Carmyllie,56.569722,-2.741944,0510edef0e7c26ac0000,477.0,-46.25,3.71,99.0,0
2024-12-11 12:44:15.934588+00:00,70B3D54999389C9B,ECHO #5,Echo,Road Bridge 600m West of Carmyllie,56.569722,-2.741944,0512ee530e7826ac0000,475.0,-45.25,3.7,99.0,0
2024-12-11 12:59:20.348068+00:00,70B3D54999389C9B,ECHO #5,Echo,Road Bridge 600m West of Carmyllie,56.569722,-2.741944,0511ee9e0e6c26ac0000,476.0,-44.5,3.69,99.0,0
2024-12-11 13:14:20.496111+00:00,70B3D54999389C9B,ECHO #5,Echo,Road Bridge 600m West of Carmyllie,56.569722,-2.741944,0512f8ad0e9426ac0000,475.0,-18.75,3.73,99.0,0
2024-12-11 13:29:15.800791+00:00,70B3D54999389C9B,ECHO #5,Echo,Road Bridge 600m West of Carmyllie,56.569722,-2.741944,0512f9430e7026ac0000,475.0,-17.25,3.7,99.0,0
2024-12-11 13:44:15.460463+00:00,70B3D54999389C9B,ECHO #5,Echo,Road Bridge 600m West of Carmyllie,56.569722,-2.741944,0512f9a70e6c26ac0000,475.0,-16.25,3.69,99.0,0
2024-12-11 13:59:16.006224+00:00,70B3D54999389C9B,ECHO #5,Echo,Road Bridge 600m West of Carmyllie,56.569722,-2.741944,0511f9c00e7826ac0000,476.0,-16.0,3.7,99.0,0
2024-12-11 14:14:16.201100+00:00,70B3D54999389C9B,ECHO #5,Echo,Road Bridge 600m West of Carmyllie,56.569722,-2.741944,0511f1410e8402000000,476.0,-37.75,3.72,5.12,0
2024-12-11 14:29:16.303669+00:00,70B3D54999389C9B,ECHO #5,Echo,Road Bridge 600m West of Carmyllie,56.569722,-2.741944,0512f1a50e7402040000,475.0,-36.75,3.7,5.16,0
2024-12-11 14:44:16.105380+00:00,70B3D54999389C9B,ECHO #5,Echo,Road Bridge 600m West of Carmyllie,56.569722,-2.741944,0514f31c0e7002070000,473.0,-33.0,3.7,5.19,0
2024-12-11 14:59:16.310435+00:00,70B3D54999389C9B,ECHO #5,Echo,Road Bridge 600m West of Carmyllie,56.569722,-2.741944,0512f2b80e5c020b0000,475.0,-34.0,3.68,5.23,0
2024-12-11 15:14:15.460084+00:00,70B3D54999389C9B,ECHO #5,Echo,Road Bridge 600m West of Carmyllie,56.569722,-2.741944,0513f23b0ea0020d0000,474.0,-35.25,3.74,5.25,0
2024-12-11 15:29:15.541217+00:00,70B3D54999389C9B,ECHO #5,Echo,Road Bridge 600m West of Carmyllie,56.569722,-2.741944,0514f3030e7c020d0000,473.0,-33.25,3.71,5.25,0
2024-12-11 15:44:15.902632+00:00,70B3D54999389C9B,ECHO #5,Echo,Road Bridge 600m West of Carmyllie,56.569722,-2.741944,0515f2860e5402110000,472.0,-34.5,3.67,5.29,0
2024-12-11 15:59:15.082302+00:00,70B3D54999389C9B,ECHO #5,Echo,Road Bridge 600m West of Carmyllie,56.569722,-2.741944,0514f26d0e48020f0000,473.0,-34.75,3.66,5.27,0
2024-12-11 16:14:14.618252+00:00,70B3D54999389C9B,ECHO #5,Echo,Road Bridge 600m West of Carmyllie,56.569722,-2.741944,0514f23b0e7002110000,473.0,-35.25,3.7,5.29,0
2024-12-11 16:29:15.571049+00:00,70B3D54999389C9B,ECHO #5,Echo,Road Bridge 600m West of Carmyllie,56.569722,-2.741944,0516f1be0e7c02130000,471.0,-36.5,3.71,5.31,0
2024-12-11 16:44:15.851811+00:00,70B3D54999389C9B,ECHO #5,Echo,Road Bridge 600m West of Carmyllie,56.569722,-2.741944,0517f02e0e8002130000,470.0,-40.5,3.71,5.31,0
2024-12-11 16:59:15.098914+00:00,70B3D54999389C9B,ECHO #5,Echo,Road Bridge 600m West of Carmyllie,56.569722,-2.741944,0518efb10e5002130000,469.0,-41.75,3.66,5.31,0
2024-12-11 17:14:14.312176+00:00,70B3D54999389C9B,ECHO #5,Echo,Road Bridge 600m West of Carmyllie,56.569722,-2.741944,0516ef7f0e6802130000,471.0,-42.25,3.69,5.31,0
2024-12-11 17:29:14.559980+00:00,70B3D54999389C9B,ECHO #5,Echo,Road Bridge 600m West of Carmyllie,56.569722,-2.741944,0517f9430e6802130000,470.0,-17.25,3.69,5.31,0
2024-12-11 17:44:14.320791+00:00,70B3D54999389C9B,ECHO #5,Echo,Road Bridge 600m West of Carmyllie,56.569722,-2.741944,0517f92a0e7802130000,470.0,-17.5,3.7,5.31,0
2024-12-11 17:59:15.384730+00:00,70B3D54999389C9B,ECHO #5,Echo,Road Bridge 600m West of Carmyllie,56.569722,-2.741944,0517f9430e7c02130000,470.0,-17.25,3.71,5.31,0
2024-12-11 18:14:14.602456+00:00,70B3D54999389C9B,ECHO #5,Echo,Road Bridge 600m West of Carmyllie,56.569722,-2.741944,0518ef1b0e8002110000,469.0,-43.25,3.71,5.29,0
2024-12-11 18:29:14.490180+00:00,70B3D54999389C9B,ECHO #5,Echo,Road Bridge 600m West of Carmyllie,56.569722,-2.741944,0518ef020e8002110000,469.0,-43.5,3.71,5.29,0
2024-12-11 18:44:13.978873+00:00,70B3D54999389C9B,ECHO #5,Echo,Road Bridge 600m West of Carmyllie,56.569722,-2.741944,051aeffc0e6002110000,467.0,-41.0,3.68,5.29,0
2024-12-11 18:59:15.230405+00:00,70B3D54999389C9B,ECHO #5,Echo,Road Bridge 600m West of Carmyllie,56.569722,-2.741944,0516efca0e84020f0000,471.0,-41.5,3.72,5.27,0
2024-12-11 19:14:15.060330+00:00,70B3D54999389C9B,ECHO #5,Echo,Road Bridge 600m West of Carmyllie,56.569722,-2.741944,0519f0600e6c020f0000,468.0,-40.0,3.69,5.27,0
2024-12-11 19:29:16.698822+00:00,70B3D54999389C9B,ECHO #5,Echo,Road Bridge 600m West of Carmyllie,56.569722,-2.741944,0515efb10e6c020f0000,472.0,-41.75,3.69,5.27,0
2024-12-11 19:44:14.781776+00:00,70B3D54999389C9B,ECHO #5,Echo,Road Bridge 600m West of Carmyllie,56.569722,-2.741944,0518f0ab0e6c020f0000,469.0,-39.25,3.69,5.27,0
2024-12-11 19:59:15.987195+00:00,70B3D54999389C9B,ECHO #5,Echo,Road Bridge 600m West of Carmyllie,56.569722,-2.741944,0519f0f60e94020f0000,468.0,-38.5,3.73,5.27,0
2024-12-11 20:14:13.390161+00:00,70B3D54999389C9B,ECHO #5,Echo,Road Bridge 600m West of Carmyllie,56.569722,-2.741944,0519f0790e6c020f0000,468.0,-39.75,3.69,5.27,0
2024-12-11 20:29:13.380731+00:00,70B3D54999389C9B,ECHO #5,Echo,Road Bridge 600m West of Carmyllie,56.569722,-2.741944,0517f18c0e6c020f0000,470.0,-37.0,3.69,5.27,0
2024-12-11 20:44:18.484465+00:00,70B3D54999389C9B,ECHO #5,Echo,Road Bridge 600m West of Carmyllie,56.569722,-2.741944,051af0920e6c020f0000,467.0,-39.5,3.69,5.27,0
2024-12-11 20:59:18.442311+00:00,70B3D54999389C9B,ECHO #5,Echo,Road Bridge 600m West of Carmyllie,56.569722,-2.741944,051bf0920e70020f0000,466.0,-39.5,3.7,5.27,0
2024-12-11 21:14:18.815151+00:00,70B3D54999389C9B,ECHO #5,Echo,Road Bridge 600m West of Carmyllie,56.569722,-2.741944,051bfa0b0e6c02110000,466.0,-15.25,3.69,5.29,0
2024-12-11 21:29:18.042939+00:00,70B3D54999389C9B,ECHO #5,Echo,Road Bridge 600m West of Carmyllie,56.569722,-2.741944,051ef9750e6c02100000,463.0,-16.75,3.69,5.28,0
2024-12-11 21:44:17.882021+00:00,70B3D54999389C9B,ECHO #5,Echo,Road Bridge 600m West of Carmyllie,56.569722,-2.741944,051cfa0b0ea002110000,465.0,-15.25,3.74,5.29,0
2024-12-11 21:59:18.132249+00:00,70B3D54999389C9B,ECHO #5,Echo,Road Bridge 600m West of Carmyllie,56.569722,-2.741944,051dfa240e7402110000,464.0,-15.0,3.7,5.29,0
2024-12-11 22:14:18.536204+00:00,70B3D54999389C9B,ECHO #5,Echo,Road Bridge 600m West of Carmyllie,56.569722,-2.741944,051bf1be0e7002110000,466.0,-36.5,3.7,5.29,0
2024-12-11 22:29:17.883834+00:00,70B3D54999389C9B,ECHO #5,Echo,Road Bridge 600m West of Carmyllie,56.569722,-2.741944,051bf1be0e9c02110000,466.0,-36.5,3.74,5.29,0
2024-12-11 22:44:17.635750+00:00,70B3D54999389C9B,ECHO #5,Echo,Road Bridge 600m West of Carmyllie,56.569722,-2.741944,051cf1be0e4802110000,465.0,-36.5,3.66,5.29,0
2024-12-11 22:59:17.814643+00:00,70B3D54999389C9B,ECHO #5,Echo,Road Bridge 600m West of Carmyllie,56.569722,-2.741944,051df1f00e7002110000,464.0,-36.0,3.7,5.29,0
2024-12-11 23:14:17.863533+00:00,70B3D54999389C9B,ECHO #5,Echo,Road Bridge 600m West of Carmyllie,56.569722,-2.741944,051bf0c40e8002130000,466.0,-39.0,3.71,5.31,0
2024-12-11 23:29:17.566872+00:00,70B3D54999389C9B,ECHO #5,Echo,Road Bridge 600m West of Carmyllie,56.569722,-2.741944,051cf0ab0e5402130000,465.0,-39.25,3.67,5.31,0
2024-12-11 23:44:12.748716+00:00,70B3D54999389C9B,ECHO #5,Echo,Road Bridge 600m West of Carmyllie,56.569722,-2.741944,051ef0f60e8402130000,463.0,-38.5,3.72,5.31,0
2024-12-11 23:59:13.682174+00:00,70B3D54999389C9B,ECHO #5,Echo,Road Bridge 600m West of Carmyllie,56.569722,-2.741944,051ef1d70e7802130000,463.0,-36.25,3.7,5.31,0
2024-12-12 00:14:13.784055+00:00,70B3D54999389C9B,ECHO #5,Echo,Road Bridge 600m West of Carmyllie,56.569722,-2.741944,0520f2b80e7c02130000,461.0,-34.0,3.71,5.31,0
2024-12-12 00:29:17.619916+00:00,70B3D54999389C9B,ECHO #5,Echo,Road Bridge 600m West of Carmyllie,56.569722,-2.741944,0522f2b80e7802160000,459.0,-34.0,3.7,5.34,0
2024-12-12 00:44:18.070091+00:00,70B3D54999389C9B,ECHO #5,Echo,Road Bridge 600m West of Carmyllie,56.569722,-2.741944,0521f26d0e7402150000,460.0,-34.75,3.7,5.33,0
2024-12-12 00:59:12.904981+00:00,70B3D54999389C9B,ECHO #5,Echo,Road Bridge 600m West of Carmyllie,56.569722,-2.741944,0521f2540e6802150000,460.0,-35.0,3.69,5.33,0
2024-12-12 01:14:13.795302+00:00,70B3D54999389C9B,ECHO #5,Echo,Road Bridge 600m West of Carmyllie,56.569722,-2.741944,051ff1be0e7002150000,462.0,-36.5,3.7,5.33,0
2024-12-12 01:29:13.921815+00:00,70B3D54999389C9B,ECHO #5,Echo,Road Bridge 600m West of Carmyllie,56.569722,-2.741944,0521f9a70e7c02160000,460.0,-16.25,3.71,5.34,0
2024-12-12 01:44:12.711844+00:00,70B3D54999389C9B,ECHO #5,Echo,Road Bridge 600m West of Carmyllie,56.569722,-2.741944,0521f9430e8402150000,460.0,-17.25,3.72,5.33,0
2024-12-12 01:59:13.607543+00:00,70B3D54999389C9B,ECHO #5,Echo,Road Bridge 600m West of Carmyllie,56.569722,-2.741944,051ff9430e7802150000,462.0,-17.25,3.7,5.33,0
2024-12-12 02:14:13.446793+00:00,70B3D54999389C9B,ECHO #5,Echo,Road Bridge 600m West of Carmyllie,56.569722,-2.741944,051eedef0e8402110000,463.0,-46.25,3.72,5.29,0
2024-12-12 02:29:13.099937+00:00,70B3D54999389C9B,ECHO #5,Echo,Road Bridge 600m West of Carmyllie,56.569722,-2.741944,051fec140e6c02100000,462.0,-51.0,3.69,5.28,0
2024-12-12 02:44:13.381439+00:00,70B3D54999389C9B,ECHO #5,Echo,Road Bridge 600m West of Carmyllie,56.569722,-2.741944,051feb4c0e4c020d0000,462.0,-53.0,3.66,5.25,0
2024-12-12 02:59:12.260197+00:00,70B3D54999389C9B,ECHO #5,Echo,Road Bridge 600m West of Carmyllie,56.569722,-2.741944,051fe9bc0e6c020b0000,462.0,-57.0,3.69,5.23,0
2024-12-12 03:14:16.729255+00:00,70B3D54999389C9B,ECHO #5,Echo,Road Bridge 600m West of Carmyllie,56.569722,-2.741944,051fe66a0e70020a0000,462.0,-65.5,3.7,5.22,0
2024-12-12 03:29:16.743218+00:00,70B3D54999389C9B,ECHO #5,Echo,Road Bridge 600m West of Carmyllie,56.569722,-2.741944,051ce6e70e4c02070000,465.0,-64.25,3.66,5.19,0
2024-12-12 03:44:14.630231+00:00,70B3D54999389C9B,ECHO #5,Echo,Road Bridge 600m West of Carmyllie,56.569722,-2.741944,0521e6380e9402050000,460.0,-66.0,3.73,5.17,0
2024-12-12 03:59:12.736446+00:00,70B3D54999389C9B,ECHO #5,Echo,Road Bridge 600m West of Carmyllie,56.569722,-2.741944,0522e7000e6c02000000,459.0,-64.0,3.69,5.12,0
2024-12-12 04:14:12.099732+00:00,70B3D54999389C9B,ECHO #5,Echo,Road Bridge 600m West of Carmyllie,56.569722,-2.741944,0521e7e10e9802000000,460.0,-61.75,3.74,5.12,0
2024-12-12 04:29:12.388981+00:00,70B3D54999389C9B,ECHO #5,Echo,Road Bridge 600m West of Carmyllie,56.569722,-2.741944,0521e9710e6801fe0000,460.0,-57.75,3.69,5.1,0
2024-12-12 04:44:12.043593+00:00,70B3D54999389C9B,ECHO #5,Echo,Road Bridge 600m West of Carmyllie,56.569722,-2.741944,0521eb330e9001fe0000,460.0,-53.25,3.73,5.1,0
2024-12-12 04:59:11.523904+00:00,70B3D54999389C9B,ECHO #5,Echo,Road Bridge 600m West of Carmyllie,56.569722,-2.741944,0521ed720e9401fe0000,460.0,-47.5,3.73,5.1,0
2024-12-12 05:14:12.816917+00:00,70B3D54999389C9B,ECHO #5,Echo,Road Bridge 600m West of Carmyllie,56.569722,-2.741944,0521eed00e5801fe0000,460.0,-44.0,3.67,5.1,0
2024-12-12 05:29:16.076630+00:00,70B3D54999389C9B,ECHO #5,Echo,Road Bridge 600m West of Carmyllie,56.569722,-2.741944,0521f8df0e6401fe0000,460.0,-18.25,3.68,5.1,0
2024-12-12 05:44:15.749479+00:00,70B3D54999389C9B,ECHO #5,Echo,Road Bridge 600m West of Carmyllie,56.569722,-2.741944,051ef8f80e6c01fc0000,463.0,-18.0,3.69,5.08,0
2024-12-12 05:59:15.874613+00:00,70B3D54999389C9B,ECHO #5,Echo,Road Bridge 600m West of Carmyllie,56.569722,-2.741944,0520f8df0e5c01fe0000,461.0,-18.25,3.68,5.1,0
2024-12-12 06:14:15.706218+00:00,70B3D54999389C9B,ECHO #5,Echo,Road Bridge 600m West of Carmyllie,56.569722,-2.741944,0521eda40e6402000000,460.0,-47.0,3.68,5.12,0
2024-12-12 06:29:16.150189+00:00,70B3D54999389C9B,ECHO #5,Echo,Road Bridge 600m West of Carmyllie,56.569722,-2.741944,0521ee080e7001fe0000,460.0,-46.0,3.7,5.1,0
2024-12-12 06:44:15.540949+00:00,70B3D54999389C9B,ECHO #5,Echo,Road Bridge 600m West of Carmyllie,56.569722,-2.741944,0522ee530e6c01fe0000,459.0,-45.25,3.69,5.1,0
2024-12-12 06:59:15.418898+00:00,70B3D54999389C9B,ECHO #5,Echo,Road Bridge 600m West of Carmyllie,56.569722,-2.741944,0522ed8b0e7002000000,459.0,-47.25,3.7,5.12,0
2024-12-12 07:14:15.393345+00:00,70B3D54999389C9B,ECHO #5,Echo,Road Bridge 600m West of Carmyllie,56.569722,-2.741944,0524ee850e7002030000,457.0,-44.75,3.7,5.15,0
2024-12-12 07:29:15.273962+00:00,70B3D54999389C9B,ECHO #5,Echo,Road Bridge 600m West of Carmyllie,56.569722,-2.741944,0522ee210e6802030000,459.0,-45.75,3.69,5.15,0
2024-12-12 07:44:17.540114+00:00,70B3D54999389C9B,ECHO #5,Echo,Road Bridge 600m West of Carmyllie,56.569722,-2.741944,0525ee210e6c02030000,456.0,-45.75,3.69,5.15,0
2024-12-12 07:59:15.020222+00:00,70B3D54999389C9B,ECHO #5,Echo,Road Bridge 600m West of Carmyllie,56.569722,-2.741944,0524ef340e7402030000,457.0,-43.0,3.7,5.15,0
2024-12-12 08:14:15.789013+00:00,70B3D54999389C9B,ECHO #5,Echo,Road Bridge 600m West of Carmyllie,56.569722,-2.741944,0522efe30e7002040000,459.0,-41.25,3.7,5.16,0
2024-12-12 08:44:11.505889+00:00,70B3D54999389C9B,ECHO #5,Echo,Road Bridge 600m West of Carmyllie,56.569722,-2.741944,0524f0c40e7802050000,457.0,-39.0,3.7,5.17,0
2024-12-12 08:59:11.121161+00:00,70B3D54999389C9B,ECHO #5,Echo,Road Bridge 600m West of Carmyllie,56.569722,-2.741944,0524f02e0e6c02070000,457.0,-40.5,3.69,5.19,0
2024-12-12 09:14:10.970957+00:00,70B3D54999389C9B,ECHO #5,Echo,Road Bridge 600m West of Carmyllie,56.569722,-2.741944,0521f0600e8002090000,460.0,-40.0,3.71,5.21,0
2024-12-12 09:29:10.186843+00:00,70B3D54999389C9B,ECHO #5,Echo,Road Bridge 600m West of Carmyllie,56.569722,-2.741944,0524fa240e5c02090000,457.0,-15.0,3.68,5.21,0
2024-12-12 09:44:12.027518+00:00,70B3D54999389C9B,ECHO #5,Echo,Road Bridge 600m West of Carmyllie,56.569722,-2.741944,0526fa240e7002090000,455.0,-15.0,3.7,5.21,0
2024-12-12 09:59:11.699685+00:00,70B3D54999389C9B,ECHO #5,Echo,Road Bridge 600m West of Carmyllie,56.569722,-2.741944,0524ff830e70020b0000,457.0,-1.25,3.7,5.23,0
2024-12-12 10:14:10.223452+00:00,70B3D54999389C9B,ECHO #5,Echo,Road Bridge 600m West of Carmyllie,56.569722,-2.741944,0524f0dd0e6c020b0000,457.0,-38.75,3.69,5.23,0
2024-12-12 10:29:14.423696+00:00,70B3D54999389C9B,ECHO #5,Echo,Road Bridge 600m West of Carmyllie,56.569722,-2.741944,0525f0c40e70020b0000,456.0,-39.0,3.7,5.23,0
2024-12-12 10:44:15.068554+00:00,70B3D54999389C9B,ECHO #5,Echo,Road Bridge 600m West of Carmyllie,56.569722,-2.741944,0525f0150e60020b0000,456.0,-40.75,3.68,5.23,0
2024-12-12 10:59:09.510514+00:00,70B3D54999389C9B,ECHO #5,Echo,Road Bridge 600m West of Carmyllie,56.569722,-2.741944,0525f10f0e90020b0000,456.0,-38.25,3.73,5.23,0
2024-12-12 11:14:09.713738+00:00,70B3D54999389C9B,ECHO #5,Echo,Road Bridge 600m West of Carmyllie,56.569722,-2.741944,0525f0790e78020b0000,456.0,-39.75,3.7,5.23,0
2024-12-12 11:29:10.613105+00:00,70B3D54999389C9B,ECHO #5,Echo,Road Bridge 600m West of Carmyllie,56.569722,-2.741944,0528f0dd0e64020a0000,453.0,-38.75,3.68,5.22,0
2024-12-12 11:44:12.676037+00:00,70B3D54999389C9B,ECHO #5,Echo,Road Bridge 600m West of Carmyllie,56.569722,-2.741944,0524f2220e78020b0000,457.0,-35.5,3.7,5.23,0
2024-12-12 11:59:10.332128+00:00,70B3D54999389C9B,ECHO #5,Echo,Road Bridge 600m West of Carmyllie,56.569722,-2.741944,0524f34e0e70020a0000,457.0,-32.5,3.7,5.22,0
2024-12-12 12:14:10.056266+00:00,70B3D54999389C9B,ECHO #5,Echo,Road Bridge 600m West of Carmyllie,56.569722,-2.741944,0528f3800e84020f0000,453.0,-32.0,3.72,5.27,0
2024-12-12 12:29:09.982563+00:00,70B3D54999389C9B,ECHO #5,Echo,Road Bridge 600m West of Carmyllie,56.569722,-2.741944,0527f34e0e6c020f0000,454.0,-32.5,3.69,5.27,0
2024-12-12 12:44:09.994169+00:00,70B3D54999389C9B,ECHO #5,Echo,Road Bridge 600m West of Carmyllie,56.569722,-2.741944,0527f2d10e68020f0000,454.0,-33.75,3.69,5.27,0
2024-12-12 12:59:09.858356+00:00,70B3D54999389C9B,ECHO #5,Echo,Road Bridge 600m West of Carmyllie,56.569722,-2.741944,0529f3670e54020f0000,452.0,-32.25,3.67,5.27,0
2024-12-12 13:14:09.640023+00:00,70B3D54999389C9B,ECHO #5,Echo,Road Bridge 600m West of Carmyllie,56.569722,-2.741944,0527f3350e74020f0000,454.0,-32.75,3.7,5.27,0
2024-12-12 13:29:09.451706+00:00,70B3D54999389C9B,ECHO #5,Echo,Road Bridge 600m West of Carmyllie,56.569722,-2.741944,0527fdda0e8002110000,454.0,-5.5,3.71,5.29,0
2024-12-12 13:44:09.307990+00:00,70B3D54999389C9B,ECHO #5,Echo,Road Bridge 600m West of Carmyllie,56.569722,-2.741944,052722c40e8402110000,454.0,89.0,3.72,5.29,0
2024-12-12 13:59:10.491770+00:00,70B3D54999389C9B,ECHO #5,Echo,Road Bridge 600m West of Carmyllie,56.569722,-2.741944,05280dc50e9002110000,453.0,35.25,3.73,5.29,0
2024-12-12 14:14:09.364494+00:00,70B3D54999389C9B,ECHO #5,Echo,Road Bridge 600m West of Carmyllie,56.569722,-2.741944,0528f3cb0e7402110000,453.0,-31.25,3.7,5.29,0
2024-12-12 14:29:08.918803+00:00,70B3D54999389C9B,ECHO #5,Echo,Road Bridge 600m West of Carmyllie,56.569722,-2.741944,0528f3350e9402110000,453.0,-32.75,3.73,5.29,0
2024-12-12 14:44:09.682838+00:00,70B3D54999389C9B,ECHO #5,Echo,Road Bridge 600m West of Carmyllie,56.569722,-2.741944,0528f3670e7802110000,453.0,-32.25,3.7,5.29,0
2024-12-12 14:59:09.024072+00:00,70B3D54999389C9B,ECHO #5,Echo,Road Bridge 600m West of Carmyllie,56.569722,-2.741944,0528f23b0e6c02110000,453.0,-35.25,3.69,5.29,0
2024-12-12 15:14:09.737958+00:00,70B3D54999389C9B,ECHO #5,Echo,Road Bridge 600m West of Carmyllie,56.569722,-2.741944,0524f0920e8002100000,457.0,-39.5,3.71,5.28,0
2024-12-12 15:29:11.769922+00:00,70B3D54999389C9B,ECHO #5,Echo,Road Bridge 600m West of Carmyllie,56.569722,-2.741944,052aefe30e70020f0000,451.0,-41.25,3.7,5.27,0
2024-12-12 15:44:08.818278+00:00,70B3D54999389C9B,ECHO #5,Echo,Road Bridge 600m West of Carmyllie,56.569722,-2.741944,0528ef660e60020d0000,453.0,-42.5,3.68,5.25,0
2024-12-12 15:59:09.022774+00:00,70B3D54999389C9B,ECHO #5,Echo,Road Bridge 600m West of Carmyllie,56.569722,-2.741944,0528eed00e6c02090000,453.0,-44.0,3.69,5.21,0
2024-12-12 16:14:08.588846+00:00,70B3D54999389C9B,ECHO #5,Echo,Road Bridge 600m West of Carmyllie,56.569722,-2.741944,0527ee080e6802090000,454.0,-46.0,3.69,5.21,0
2024-12-12 16:29:09.420098+00:00,70B3D54999389C9B,ECHO #5,Echo,Road Bridge 600m West of Carmyllie,56.569722,-2.741944,0527ed8b0e5802070000,454.0,-47.25,3.67,5.19,0
2024-12-12 16:44:09.522248+00:00,70B3D54999389C9B,ECHO #5,Echo,Road Bridge 600m West of Carmyllie,56.569722,-2.741944,0528edef0e6c02000000,453.0,-46.25,3.69,5.12,0
2024-12-12 16:59:08.599264+00:00,70B3D54999389C9B,ECHO #5,Echo,Road Bridge 600m West of Carmyllie,56.569722,-2.741944,052aecc30e5c01fe0000,451.0,-49.25,3.68,5.1,0
2024-12-12 17:14:09.600976+00:00,70B3D54999389C9B,ECHO #5,Echo,Road Bridge 600m West of Carmyllie,56.569722,-2.741944,0529eb330e6c01fe0000,452.0,-53.25,3.69,5.1,0
2024-12-12 17:29:08.605870+00:00,70B3D54999389C9B,ECHO #5,Echo,Road Bridge 600m West of Carmyllie,56.569722,-2.741944,052909150e8401fa0000,452.0,23.25,3.72,5.06,0
2024-12-12 17:44:08.031745+00:00,70B3D54999389C9B,ECHO #5,Echo,Road Bridge 600m West of Carmyllie,56.569722,-2.741944,052909150e7c01fa0000,452.0,23.25,3.71,5.06,0
2024-12-12 17:59:10.455735+00:00,70B3D54999389C9B,ECHO #5,Echo,Road Bridge 600m West of Carmyllie,56.569722,-2.741944,0529ea070e7001fa0000,452.0,-56.25,3.7,5.06,0
2024-12-12 18:14:07.761014+00:00,70B3D54999389C9B,ECHO #5,Echo,Road Bridge 600m West of Carmyllie,56.569722,-2.741944,0528ea070e4801f60000,453.0,-56.25,3.66,5.02,0
2024-12-12 18:29:07.830783+00:00,70B3D54999389C9B,ECHO #5,Echo,Road Bridge 600m West of Carmyllie,56.569722,-2.741944,052aeae80e8801f60000,451.0,-54.0,3.72,5.02,0
2024-12-12 18:44:07.869153+00:00,70B3D54999389C9B,ECHO #5,Echo,Road Bridge 600m West of Carmyllie,56.569722,-2.741944,0529eb010e6c01f40000,452.0,-53.75,3.69,5.0,0
2024-12-12 18:59:08.376384+00:00,70B3D54999389C9B,ECHO #5,Echo,Road Bridge 600m West of Carmyllie,56.569722,-2.741944,052aecaa0e7401f40000,451.0,-49.5,3.7,5.0,0
2024-12-12 19:14:08.801796+00:00,70B3D54999389C9B,ECHO #5,Echo,Road Bridge 600m West of Carmyllie,56.569722,-2.741944,0529edd60e8401f40000,452.0,-46.5,3.72,5.0,0
2024-12-12 19:29:09.135530+00:00,70B3D54999389C9B,ECHO #5,Echo,Road Bridge 600m West of Carmyllie,56.569722,-2.741944,052aee9e0e7801f40000,451.0,-44.5,3.7,5.0,0
2024-12-12 19:44:09.120779+00:00,70B3D54999389C9B,ECHO #5,Echo,Road Bridge 600m West of Carmyllie,56.569722,-2.741944,052cef340e6c01f00000,449.0,-43.0,3.69,4.96,0
2024-12-12 19:59:07.739214+00:00,70B3D54999389C9B,ECHO #5,Echo,Road Bridge 600m West of Carmyllie,56.569722,-2.741944,052aef7f0e7801f20000,451.0,-42.25,3.7,4.98,0
2024-12-12 20:14:08.339313+00:00,70B3D54999389C9B,ECHO #5,Echo,Road Bridge 600m West of Carmyllie,56.569722,-2.741944,052aef980e6c01f00000,451.0,-42.0,3.69,4.96,0
2024-12-12 20:29:08.124142+00:00,70B3D54999389C9B,ECHO #5,Echo,Road Bridge 600m West of Carmyllie,56.569722,-2.741944,052beee90e6c01f00000,450.0,-43.75,3.69,4.96,0
2024-12-12 20:44:07.691780+00:00,70B3D54999389C9B,ECHO #5,Echo,Road Bridge 600m West of Carmyllie,56.569722,-2.741944,052aee3a0e6801f40000,451.0,-45.5,3.69,5.0,0
2024-12-12 20:59:07.431241+00:00,70B3D54999389C9B,ECHO #5,Echo,Road Bridge 600m West of Carmyllie,56.569722,-2.741944,052bedd60e7401f40000,450.0,-46.5,3.7,5.0,0
2024-12-12 21:14:06.933862+00:00,70B3D54999389C9B,ECHO #5,Echo,Road Bridge 600m West of Carmyllie,56.569722,-2.741944,052cedbd0e7001f40000,449.0,-46.75,3.7,5.0,0
2024-12-12 21:29:07.605246+00:00,70B3D54999389C9B,ECHO #5,Echo,Road Bridge 600m West of Carmyllie,56.569722,-2.741944,052d09470e7401f60000,448.0,23.75,3.7,5.02,0
2024-12-12 21:44:07.852080+00:00,70B3D54999389C9B,ECHO #5,Echo,Road Bridge 600m West of Carmyllie,56.569722,-2.741944,052e09150e6c01f40000,447.0,23.25,3.69,5.0,0
2024-12-12 21:59:07.949317+00:00,70B3D54999389C9B,ECHO #5,Echo,Road Bridge 600m West of Carmyllie,56.569722,-2.741944,052c09150e6c01f40000,449.0,23.25,3.69,5.0,0
2024-12-12 22:14:07.236192+00:00,70B3D54999389C9B,ECHO #5,Echo,Road Bridge 600m West of Carmyllie,56.569722,-2.741944,052aed8b0e7001f40000,451.0,-47.25,3.7,5.0,0
2024-12-12 22:29:10.505065+00:00,70B3D54999389C9B,ECHO #5,Echo,Road Bridge 600m West of Carmyllie,56.569722,-2.741944,052feeb70e5801f60000,446.0,-44.25,3.67,5.02,0
2024-12-12 22:44:07.356649+00:00,70B3D54999389C9B,ECHO #5,Echo,Road Bridge 600m West of Carmyllie,56.569722,-2.741944,0530ef7f0e8801f60000,445.0,-42.25,3.72,5.02,0
2024-12-12 22:59:07.553257+00:00,70B3D54999389C9B,ECHO #5,Echo,Road Bridge 600m West of Carmyllie,56.569722,-2.741944,052ef02e0e6001f80000,447.0,-40.5,3.68,5.04,0
2024-12-12 23:14:07.905390+00:00,70B3D54999389C9B,ECHO #5,Echo,Road Bridge 600m West of Carmyllie,56.569722,-2.741944,052cf0dd0e8c01f80000,449.0,-38.75,3.72,5.04,0
2024-12-12 23:29:07.078790+00:00,70B3D54999389C9B,ECHO #5,Echo,Road Bridge 600m West of Carmyllie,56.569722,-2.741944,052ef1410e7001fa0000,447.0,-37.75,3.7,5.06,0
2024-12-12 23:44:07.065463+00:00,70B3D54999389C9B,ECHO #5,Echo,Road Bridge 600m West of Carmyllie,56.569722,-2.741944,052ef1be0e6401fc0000,447.0,-36.5,3.68,5.08,0
2024-12-12 23:59:06.774927+00:00,70B3D54999389C9B,ECHO #5,Echo,Road Bridge 600m West of Carmyllie,56.569722,-2.741944,052ef2090e6c01fc0000,447.0,-35.75,3.69,5.08,0
2024-12-13 00:14:06.409260+00:00,70B3D54999389C9B,ECHO #5,Echo,Road Bridge 600m West of Carmyllie,56.569722,-2.741944,052df26d0e6c01fc0000,448.0,-34.75,3.69,5.08,0
2024-12-13 00:29:07.141826+00:00,70B3D54999389C9B,ECHO #5,Echo,Road Bridge 600m West of Carmyllie,56.569722,-2.741944,052df26d0e8c01fe0000,448.0,-34.75,3.72,5.1,0
2024-12-13 00:44:08.163671+00:00,70B3D54999389C9B,ECHO #5,Echo,Road Bridge 600m West of Carmyllie,56.569722,-2.741944,052ef3800e7c01fe0000,447.0,-32.0,3.71,5.1,0
2024-12-13 01:14:06.738453+00:00,70B3D54999389C9B,ECHO #5,Echo,Road Bridge 600m West of Carmyllie,56.569722,-2.741944,052ff3670e7802030000,446.0,-32.25,3.7,5.15,0
2024-12-13 01:29:06.899650+00:00,70B3D54999389C9B,ECHO #5,Echo,Road Bridge 600m West of Carmyllie,56.569722,-2.741944,052e20d00e6c02040000,447.0,84.0,3.69,5.16,0
2024-12-13 01:44:05.885294+00:00,70B3D54999389C9B,ECHO #5,Echo,Road Bridge 600m West of Carmyllie,56.569722,-2.741944,052f1fa40e6402050000,446.0,81.0,3.68,5.17,0
2024-12-13 01:59:06.323537+00:00,70B3D54999389C9B,ECHO #5,Echo,Road Bridge 600m West of Carmyllie,56.569722,-2.741944,052f209e0e6402070000,446.0,83.5,3.68,5.19,0
2024-12-13 02:14:06.450685+00:00,70B3D54999389C9B,ECHO #5,Echo,Road Bridge 600m West of Carmyllie,56.569722,-2.741944,052ff3350e6c02070000,446.0,-32.75,3.69,5.19,0
2024-12-13 02:29:05.801463+00:00,70B3D54999389C9B,ECHO #5,Echo,Road Bridge 600m West of Carmyllie,56.569722,-2.741944,052ef3e40e7802070000,447.0,-31.0,3.7,5.19,0
2024-12-13 02:44:07.015329+00:00,70B3D54999389C9B,ECHO #5,Echo,Road Bridge 600m West of Carmyllie,56.569722,-2.741944,052ff3b20e7802090000,446.0,-31.5,3.7,5.21,0
2024-12-13 02:59:06.034200+00:00,70B3D54999389C9B,ECHO #5,Echo,Road Bridge 600m West of Carmyllie,56.569722,-2.741944,0530f3350e6c020b0000,445.0,-32.75,3.69,5.23,0
2024-12-13 03:14:10.619248+00:00,70B3D54999389C9B,ECHO #5,Echo,Road Bridge 600m West of Carmyllie,56.569722,-2.741944,052ff4160e74020d0000,446.0,-30.5,3.7,5.25,0
2024-12-13 03:29:10.609052+00:00,70B3D54999389C9B,ECHO #5,Echo,Road Bridge 600m West of Carmyllie,56.569722,-2.741944,0531f3cb0e78020d0000,444.0,-31.25,3.7,5.25,0
2024-12-13 03:44:10.521679+00:00,70B3D54999389C9B,ECHO #5,Echo,Road Bridge 600m West of Carmyllie,56.569722,-2.741944,052ff3b20e88020d0000,446.0,-31.5,3.72,5.25,0
2024-12-13 03:59:10.154961+00:00,70B3D54999389C9B,ECHO #5,Echo,Road Bridge 600m West of Carmyllie,56.569722,-2.741944,0530f3cb0e98020f0000,445.0,-31.25,3.74,5.27,0
2024-12-13 04:29:10.081418+00:00,70B3D54999389C9B,ECHO #5,Echo,Road Bridge 600m West of Carmyllie,56.569722,-2.741944,052ef3800e70020f0000,447.0,-32.0,3.7,5.27,0
2024-12-13 04:44:10.146827+00:00,70B3D54999389C9B,ECHO #5,Echo,Road Bridge 600m West of Carmyllie,56.569722,-2.741944,0532f3350e5c02110000,443.0,-32.75,3.68,5.29,0
2024-12-13 04:59:05.122987+00:00,70B3D54999389C9B,ECHO #5,Echo,Road Bridge 600m West of Carmyllie,56.569722,-2.741944,052ff3e40e6c02130000,446.0,-31.0,3.69,5.31,0
2024-12-13 05:14:05.649003+00:00,70B3D54999389C9B,ECHO #5,Echo,Road Bridge 600m West of Carmyllie,56.569722,-2.741944,052ff42f0e7002130000,446.0,-30.25,3.7,5.31,0
2024-12-13 05:29:06.381294+00:00,70B3D54999389C9B,ECHO #5,Echo,Road Bridge 600m West of Carmyllie,56.569722,-2.741944,052ffe700e6c02150000,446.0,-4.0,3.69,5.33,0
2024-12-13 05:44:06.300755+00:00,70B3D54999389C9B,ECHO #5,Echo,Road Bridge 600m West of Carmyllie,56.569722,-2.741944,053304c90e5402130000,442.0,12.25,3.67,5.31,0
2024-12-13 05:59:05.577274+00:00,70B3D54999389C9B,ECHO #5,Echo,Road Bridge 600m West of Carmyllie,56.569722,-2.741944,0533047e0e8002130000,442.0,11.5,3.71,5.31,0
2024-12-13 06:14:05.414683+00:00,70B3D54999389C9B,ECHO #5,Echo,Road Bridge 600m West of Carmyllie,56.569722,-2.741944,0531f4610e6802150000,444.0,-29.75,3.69,5.33,0
2024-12-13 06:29:09.696817+00:00,70B3D54999389C9B,ECHO #5,Echo,Road Bridge 600m West of Carmyllie,56.569722,-2.741944,0531f4610e7c02160000,444.0,-29.75,3.71,5.34,0
2024-12-13 06:44:09.773445+00:00,70B3D54999389C9B,ECHO #5,Echo,Road Bridge 600m West of Carmyllie,56.569722,-2.741944,0532f4610e5402160000,443.0,-29.75,3.67,5.34,0
2024-12-13 06:59:10.477522+00:00,70B3D54999389C9B,ECHO #5,Echo,Road Bridge 600m West of Carmyllie,56.569722,-2.741944,0531f4f70e6c02170000,444.0,-28.25,3.69,5.35,0
2024-12-13 07:14:10.220137+00:00,70B3D54999389C9B,ECHO #5,Echo,Road Bridge 600m West of Carmyllie,56.569722,-2.741944,0532f5290e6002170000,443.0,-27.75,3.68,5.35,0
2024-12-13 07:29:10.238102+00:00,70B3D54999389C9B,ECHO #5,Echo,Road Bridge 600m West of Carmyllie,56.569722,-2.741944,0531f63c0e7802170000,444.0,-25.0,3.7,5.35,0
2024-12-13 07:44:10.341654+00:00,70B3D54999389C9B,ECHO #5,Echo,Road Bridge 600m West of Carmyllie,56.569722,-2.741944,0531f5a60e5402170000,444.0,-26.5,3.67,5.35,0
2024-12-13 07:59:10.276973+00:00,70B3D54999389C9B,ECHO #5,Echo,Road Bridge 600m West of Carmyllie,56.569722,-2.741944,0531f60a0e7802170000,444.0,-25.5,3.7,5.35,0
2024-12-13 08:14:09.666719+00:00,70B3D54999389C9B,ECHO #5,Echo,Road Bridge 600m West of Carmyllie,56.569722,-2.741944,0532f5f10e74021a0000,443.0,-25.75,3.7,5.38,0
2024-12-13 08:29:09.457494+00:00,70B3D54999389C9B,ECHO #5,Echo,Road Bridge 600m West of Carmyllie,56.569722,-2.741944,0533f6a00e90021a0000,442.0,-24.0,3.73,5.38,0
2024-12-13 08:44:09.581823+00:00,70B3D54999389C9B,ECHO #5,Echo,Road Bridge 600m West of Carmyllie,56.569722,-2.741944,0532f5f10e60021a0000,443.0,-25.75,3.68,5.38,0
2024-12-13 08:59:05.072584+00:00,70B3D54999389C9B,ECHO #5,Echo,Road Bridge 600m West of Carmyllie,56.569722,-2.741944,0532f6a00e7c021c0000,443.0,-24.0,3.71,5.4,0
2024-12-13 09:14:05.267762+00:00,70B3D54999389C9B,ECHO #5,Echo,Road Bridge 600m West of Carmyllie,56.569722,-2.741944,0532f6b90e90021e0000,443.0,-23.75,3.73,5.42,0
2024-12-13 09:29:05.877315+00:00,70B3D54999389C9B,ECHO #5,Echo,Road Bridge 600m West of Carmyllie,56.569722,-2.741944,0532f8940e80021e0000,443.0,-19.0,3.71,5.42,0
2024-12-13 09:44:05.336032+00:00,70B3D54999389C9B,ECHO #5,Echo,Road Bridge 600m West of Carmyllie,56.569722,-2.741944,0534e8f40e5002200000,441.0,-59.0,3.66,5.44,0
2024-12-13 09:59:05.659780+00:00,70B3D54999389C9B,ECHO #5,Echo,Road Bridge 600m West of Carmyllie,56.569722,-2.741944,0533e6060e7c02200000,442.0,-66.5,3.71,5.44,0
2024-12-13 10:14:05.108080+00:00,70B3D54999389C9B,ECHO #5,Echo,Road Bridge 600m West of Carmyllie,56.569722,-2.741944,0533f7b30e7402200000,442.0,-21.25,3.7,5.44,0
2024-12-13 10:29:05.343309+00:00,70B3D54999389C9B,ECHO #5,Echo,Road Bridge 600m West of Carmyllie,56.569722,-2.741944,0533f7810e7002200000,442.0,-21.75,3.7,5.44,0
2024-12-13 10:44:06.034496+00:00,70B3D54999389C9B,ECHO #5,Echo,Road Bridge 600m West of Carmyllie,56.569722,-2.741944,0533f8300e9002220000,442.0,-20.0,3.73,5.46,0
2024-12-13 10:59:05.064868+00:00,70B3D54999389C9B,ECHO #5,Echo,Road Bridge 600m West of Carmyllie,56.569722,-2.741944,0533f8170e9402240000,442.0,-20.25,3.73,5.48,0
2024-12-13 11:14:04.610959+00:00,70B3D54999389C9B,ECHO #5,Echo,Road Bridge 600m West of Carmyllie,56.569722,-2.741944,0533f8490e8002260000,442.0,-19.75,3.71,5.5,0
2024-12-13 11:29:05.777471+00:00,70B3D54999389C9B,ECHO #5,Echo,Road Bridge 600m West of Carmyllie,56.569722,-2.741944,0532f98e0e84022c0000,443.0,-16.5,3.72,5.56,0
2024-12-13 11:44:05.318100+00:00,70B3D54999389C9B,ECHO #5,Echo,Road Bridge 600m West of Carmyllie,56.569722,-2.741944,0534fb500e80022c0000,441.0,-12.0,3.71,5.56,0
2024-12-13 11:59:05.106436+00:00,70B3D54999389C9B,ECHO #5,Echo,Road Bridge 600m West of Carmyllie,56.569722,-2.741944,0535fb820e78022c0000,440.0,-11.5,3.7,5.56,0
2024-12-13 12:14:09.214499+00:00,70B3D54999389C9B,ECHO #5,Echo,Road Bridge 600m West of Carmyllie,56.569722,-2.741944,0536fb370e9002300000,439.0,-12.25,3.73,5.6,0
2024-12-13 12:29:04.729407+00:00,70B3D54999389C9B,ECHO #5,Echo,Road Bridge 600m West of Carmyllie,56.569722,-2.741944,0534fbcd0e6402320000,441.0,-10.75,3.68,5.62,0
2024-12-13 12:44:04.436338+00:00,70B3D54999389C9B,ECHO #5,Echo,Road Bridge 600m West of Carmyllie,56.569722,-2.741944,0534fc630eb002350000,441.0,-9.25,3.76,5.65,0
2024-12-13 12:59:05.616325+00:00,70B3D54999389C9B,ECHO #5,Echo,Road Bridge 600m West of Carmyllie,56.569722,-2.741944,0534fc630e8802370000,441.0,-9.25,3.72,5.67,0
2024-12-13 13:14:04.664605+00:00,70B3D54999389C9B,ECHO #5,Echo,Road Bridge 600m West of Carmyllie,56.569722,-2.741944,0535fbe60e8002390000,440.0,-10.5,3.71,5.69,0
2024-12-13 13:29:04.429932+00:00,70B3D54999389C9B,ECHO #5,Echo,Road Bridge 600m West of Carmyllie,56.569722,-2.741944,0534e1ba0e7002390000,441.0,-77.5,3.7,5.69,0
2024-12-13 13:59:09.373212+00:00,70B3D54999389C9B,ECHO #5,Echo,Road Bridge 600m West of Carmyllie,56.569722,-2.741944,0534e1ba0e7c023f0000,441.0,-77.5,3.71,5.75,0
2024-12-13 14:14:04.216874+00:00,70B3D54999389C9B,ECHO #5,Echo,Road Bridge 600m West of Carmyllie,56.569722,-2.741944,0534fb500e80023f0000,441.0,-12.0,3.71,5.75,0
2024-12-13 14:29:04.655598+00:00,70B3D54999389C9B,ECHO #5,Echo,Road Bridge 600m West of Carmyllie,56.569722,-2.741944,0535fa3d0e84023f0000,440.0,-14.75,3.72,5.75,0
2024-12-13 14:44:04.680122+00:00,70B3D54999389C9B,ECHO #5,Echo,Road Bridge 600m West of Carmyllie,56.569722,-2.741944,0534f9a70e7c023f0000,441.0,-16.25,3.71,5.75,0
2024-12-13 14:59:09.178520+00:00,70B3D54999389C9B,ECHO #5,Echo,Road Bridge 600m West of Carmyllie,56.569722,-2.741944,0536f8300e8c023d0000,439.0,-20.0,3.72,5.73,0
2024-12-13 15:14:08.699662+00:00,70B3D54999389C9B,ECHO #5,Echo,Road Bridge 600m West of Carmyllie,56.569722,-2.741944,0534f63c0e6c023b0000,441.0,-25.0,3.69,5.71,0
2024-12-13 15:29:08.928185+00:00,70B3D54999389C9B,ECHO #5,Echo,Road Bridge 600m West of Carmyllie,56.569722,-2.741944,0533f3990e9402370000,442.0,-31.75,3.73,5.67,0
2024-12-13 15:44:09.305561+00:00,70B3D54999389C9B,ECHO #5,Echo,Road Bridge 600m West of Carmyllie,56.569722,-2.741944,0532f3b20e78022f0000,443.0,-31.5,3.7,5.59,0
2024-12-13 15:59:09.374376+00:00,70B3D54999389C9B,ECHO #5,Echo,Road Bridge 600m West of Carmyllie,56.569722,-2.741944,0533f3350e50022f0000,442.0,-32.75,3.66,5.59,0
2024-12-13 16:14:08.837194+00:00,70B3D54999389C9B,ECHO #5,Echo,Road Bridge 600m West of Carmyllie,56.569722,-2.741944,0531f3990e78022c0000,444.0,-31.75,3.7,5.56,0
2024-12-13 16:29:08.487550+00:00,70B3D54999389C9B,ECHO #5,Echo,Road Bridge 600m West of Carmyllie,56.569722,-2.741944,0532f3cb0e94022a0000,443.0,-31.25,3.73,5.54,0
2024-12-13 16:44:08.546522+00:00,70B3D54999389C9B,ECHO #5,Echo,Road Bridge 600m West of Carmyllie,56.569722,-2.741944,0532f3e40e6c022a0000,443.0,-31.0,3.69,5.54,0
2024-12-13 16:59:08.746869+00:00,70B3D54999389C9B,ECHO #5,Echo,Road Bridge 600m West of Carmyllie,56.569722,-2.741944,0532f2540e7002260000,443.0,-35.0,3.7,5.5,0
2024-12-13 17:14:09.113343+00:00,70B3D54999389C9B,ECHO #5,Echo,Road Bridge 600m West of Carmyllie,56.569722,-2.741944,0531f9a70e9002240000,444.0,-16.25,3.73,5.48,0
2024-12-13 17:29:08.597244+00:00,70B3D54999389C9B,ECHO #5,Echo,Road Bridge 600m West of Carmyllie,56.569722,-2.741944,0531fa6f0e6802200000,444.0,-14.25,3.69,5.44,0
2024-12-13 17:44:03.998277+00:00,70B3D54999389C9B,ECHO #5,Echo,Road Bridge 600m West of Carmyllie,56.569722,-2.741944,0532fa6f0e70021e0000,443.0,-14.25,3.7,5.42,0
2024-12-13 17:59:03.560503+00:00,70B3D54999389C9B,ECHO #5,Echo,Road Bridge 600m West of Carmyllie,56.569722,-2.741944,0531fa880e70021a0000,444.0,-14.0,3.7,5.38,0
2024-12-13 18:14:04.187524+00:00,70B3D54999389C9B,ECHO #5,Echo,Road Bridge 600m West of Carmyllie,56.569722,-2.741944,0530f3800e90021a0000,445.0,-32.0,3.73,5.38,0
2024-12-13 18:29:04.699134+00:00,70B3D54999389C9B,ECHO #5,Echo,Road Bridge 600m West of Carmyllie,56.569722,-2.741944,0532f3e40e7402170000,443.0,-31.0,3.7,5.35,0
2024-12-13 18:44:03.863827+00:00,70B3D54999389C9B,ECHO #5,Echo,Road Bridge 600m West of Carmyllie,56.569722,-2.741944,0531f4480e7802150000,444.0,-30.0,3.7,5.33,0
2024-12-13 18:59:04.493131+00:00,70B3D54999389C9B,ECHO #5,Echo,Road Bridge 600m West of Carmyllie,56.569722,-2.741944,0532f3cb0e9402150000,443.0,-31.25,3.73,5.33,0
2024-12-13 19:14:03.920322+00:00,70B3D54999389C9B,ECHO #5,Echo,Road Bridge 600m West of Carmyllie,56.569722,-2.741944,0532f3fd0e5402130000,443.0,-30.75,3.67,5.31,0
2024-12-13 19:29:03.388401+00:00,70B3D54999389C9B,ECHO #5,Echo,Road Bridge 600m West of Carmyllie,56.569722,-2.741944,0532f4f70e7c02130000,443.0,-28.25,3.71,5.31,0
2024-12-13 19:44:03.958940+00:00,70B3D54999389C9B,ECHO #5,Echo,Road Bridge 600m West of Carmyllie,56.569722,-2.741944,0532f55b0e7c02130000,443.0,-27.25,3.71,5.31,0
2024-12-13 19:59:03.643313+00:00,70B3D54999389C9B,ECHO #5,Echo,Road Bridge 600m West of Carmyllie,56.569722,-2.741944,0531f4610e7402130000,444.0,-29.75,3.7,5.31,0
2024-12-13 20:14:03.445317+00:00,70B3D54999389C9B,ECHO #5,Echo,Road Bridge 600m West of Carmyllie,56.569722,-2.741944,0531f5290e7402110000,444.0,-27.75,3.7,5.29,0
2024-12-13 20:29:04.325957+00:00,70B3D54999389C9B,ECHO #5,Echo,Road Bridge 600m West of Carmyllie,56.569722,-2.741944,0532f5a60e7802110000,443.0,-26.5,3.7,5.29,0
2024-12-13 20:44:03.566805+00:00,70B3D54999389C9B,ECHO #5,Echo,Road Bridge 600m West of Carmyllie,56.569722,-2.741944,0533f4480e9402110000,442.0,-30.0,3.73,5.29,0
2024-12-13 20:59:03.693165+00:00,70B3D54999389C9B,ECHO #5,Echo,Road Bridge 600m West of Carmyllie,56.569722,-2.741944,0533f3030e78020f0000,442.0,-33.25,3.7,5.27,0
2024-12-13 21:14:03.884081+00:00,70B3D54999389C9B,ECHO #5,Echo,Road Bridge 600m West of Carmyllie,56.569722,-2.741944,0531f1be0e54020d0000,444.0,-36.5,3.67,5.25,0
2024-12-13 21:29:04.224399+00:00,70B3D54999389C9B,ECHO #5,Echo,Road Bridge 600m West of Carmyllie,56.569722,-2.741944,0531f9110e94020b0000,444.0,-17.75,3.73,5.23,0
2024-12-13 21:44:03.304585+00:00,70B3D54999389C9B,ECHO #5,Echo,Road Bridge 600m West of Carmyllie,56.569722,-2.741944,0531fa0b0e6c02090000,444.0,-15.25,3.69,5.21,0
2024-12-13 21:59:07.377320+00:00,70B3D54999389C9B,ECHO #5,Echo,Road Bridge 600m West of Carmyllie,56.569722,-2.741944,0533f9110e6c02090000,442.0,-17.75,3.69,5.21,0
2024-12-13 22:14:07.857590+00:00,70B3D54999389C9B,ECHO #5,Echo,Road Bridge 600m West of Carmyllie,56.569722,-2.741944,0531ed8b0e5802070000,444.0,-47.25,3.67,5.19,0
2024-12-13 22:29:07.183058+00:00,70B3D54999389C9B,ECHO #5,Echo,Road Bridge 600m West of Carmyllie,56.569722,-2.741944,0531ef340e9402030000,444.0,-43.0,3.73,5.15,0
2024-12-13 22:44:08.069477+00:00,70B3D54999389C9B,ECHO #5,Echo,Road Bridge 600m West of Carmyllie,56.569722,-2.741944,0532edef0e6c02000000,443.0,-46.25,3.69,5.12,0
2024-12-13 22:59:07.282628+00:00,70B3D54999389C9B,ECHO #5,Echo,Road Bridge 600m West of Carmyllie,56.569722,-2.741944,0532eab60e8401fe0000,443.0,-54.5,3.72,5.1,0
2024-12-13 23:14:07.240567+00:00,70B3D54999389C9B,ECHO #5,Echo,Road Bridge 600m West of Carmyllie,56.569722,-2.741944,0532e9bc0e8001fa0000,443.0,-57.0,3.71,5.06,0
2024-12-13 23:29:02.482769+00:00,70B3D54999389C9B,ECHO #5,Echo,Road Bridge 600m West of Carmyllie,56.569722,-2.741944,0532ea520e5c01fa0000,443.0,-55.5,3.68,5.06,0
2024-12-13 23:44:02.740477+00:00,70B3D54999389C9B,ECHO #5,Echo,Road Bridge 600m West of Carmyllie,56.569722,-2.741944,0532eb7e0e6001fa0000,443.0,-52.5,3.68,5.06,0
2024-12-13 23:59:03.048074+00:00,70B3D54999389C9B,ECHO #5,Echo,Road Bridge 600m West of Carmyllie,56.569722,-2.741944,0530ec140e7001f80000,445.0,-51.0,3.7,5.04,0
2024-12-14 00:14:03.280431+00:00,70B3D54999389C9B,ECHO #5,Echo,Road Bridge 600m West of Carmyllie,56.569722,-2.741944,0530e9d50e6401f40000,445.0,-56.75,3.68,5.0,0
2024-12-14 00:29:01.815727+00:00,70B3D54999389C9B,ECHO #5,Echo,Road Bridge 600m West of Carmyllie,56.569722,-2.741944,0532e9710e7401f40000,443.0,-57.75,3.7,5.0,0
2024-12-14 00:44:02.532224+00:00,70B3D54999389C9B,ECHO #5,Echo,Road Bridge 600m West of Carmyllie,56.569722,-2.741944,0532ea6b0e6c01f20000,443.0,-55.25,3.69,4.98,0
2024-12-14 00:59:02.166136+00:00,70B3D54999389C9B,ECHO #5,Echo,Road Bridge 600m West of Carmyllie,56.569722,-2.741944,0531ea520e7c01ee0000,444.0,-55.5,3.71,4.94,0
2024-12-14 01:14:01.598715+00:00,70B3D54999389C9B,ECHO #5,Echo,Road Bridge 600m West of Carmyllie,56.569722,-2.741944,0532eb4c0e7401ee0000,443.0,-53.0,3.7,4.94,0
2024-12-14 01:29:02.916257+00:00,70B3D54999389C9B,ECHO #5,Echo,Road Bridge 600m West of Carmyllie,56.569722,-2.741944,0531f8490e6001eb0000,444.0,-19.75,3.68,4.91,0
2024-12-14 01:44:06.657923+00:00,70B3D54999389C9B,ECHO #5,Echo,Road Bridge 600m West of Carmyllie,56.569722,-2.741944,053309470e7001ec0000,442.0,23.75,3.7,4.92,0
2024-12-14 01:59:01.701673+00:00,70B3D54999389C9B,ECHO #5,Echo,Road Bridge 600m West of Carmyllie,56.569722,-2.741944,0533f8490e6c01ea0000,442.0,-19.75,3.69,4.9,0
2024-12-14 02:14:02.645762+00:00,70B3D54999389C9B,ECHO #5,Echo,Road Bridge 600m West of Carmyllie,56.569722,-2.741944,0533ea6b0e9401e80000,442.0,-55.25,3.73,4.88,0
2024-12-14 02:29:06.313855+00:00,70B3D54999389C9B,ECHO #5,Echo,Road Bridge 600m West of Carmyllie,56.569722,-2.741944,0532eae80e8c01e50000,443.0,-54.0,3.72,4.85,0
2024-12-14 02:44:01.320901+00:00,70B3D54999389C9B,ECHO #5,Echo,Road Bridge 600m West of Carmyllie,56.569722,-2.741944,0532eb010e6c01e50000,443.0,-53.75,3.69,4.85,0
2024-12-14 02:59:02.167648+00:00,70B3D54999389C9B,ECHO #5,Echo,Road Bridge 600m West of Carmyllie,56.569722,-2.741944,0532ebe20e6401e10000,443.0,-51.5,3.68,4.81,0
2024-12-14 03:14:01.518472+00:00,70B3D54999389C9B,ECHO #5,Echo,Road Bridge 600m West of Carmyllie,56.569722,-2.741944,0533ea520e7001df0000,442.0,-55.5,3.7,4.79,0
2024-12-14 03:29:05.946926+00:00,70B3D54999389C9B,ECHO #5,Echo,Road Bridge 600m West of Carmyllie,56.569722,-2.741944,0532ea520e8801df0000,443.0,-55.5,3.72,4.79,0
2024-12-14 03:44:06.325207+00:00,70B3D54999389C9B,ECHO #5,Echo,Road Bridge 600m West of Carmyllie,56.569722,-2.741944,0532e9ee0e6001d90000,443.0,-56.5,3.68,4.73,0
2024-12-14 03:59:05.665465+00:00,70B3D54999389C9B,ECHO #5,Echo,Road Bridge 600m West of Carmyllie,56.569722,-2.741944,0531ea390e7001db0000,444.0,-55.75,3.7,4.75,0
2024-12-14 04:14:05.609213+00:00,70B3D54999389C9B,ECHO #5,Echo,Road Bridge 600m West of Carmyllie,56.569722,-2.741944,0532eb7e0e6401d90000,443.0,-52.5,3.68,4.73,0
2024-12-14 04:29:06.216136+00:00,70B3D54999389C9B,ECHO #5,Echo,Road Bridge 600m West of Carmyllie,56.569722,-2.741944,0532ecaa0e6001d70000,443.0,-49.5,3.68,4.71,0
2024-12-14 04:44:05.655071+00:00,70B3D54999389C9B,ECHO #5,Echo,Road Bridge 600m West of Carmyllie,56.569722,-2.741944,0533ed590e8c01d30000,442.0,-47.75,3.72,4.67,0
2024-12-14 04:59:00.547507+00:00,70B3D54999389C9B,ECHO #5,Echo,Road Bridge 600m West of Carmyllie,56.569722,-2.741944,0532ecaa0e4801d30000,443.0,-49.5,3.66,4.67,0
2024-12-14 05:14:01.764182+00:00,70B3D54999389C9B,ECHO #5,Echo,Road Bridge 600m West of Carmyllie,56.569722,-2.741944,0533ec780e9401d30000,442.0,-50.0,3.73,4.67,0
2024-12-14 05:29:05.228927+00:00,70B3D54999389C9B,ECHO #5,Echo,Road Bridge 600m West of Carmyllie,56.569722,-2.741944,0534f8490e7801d30000,441.0,-19.75,3.7,4.67,0
2024-12-14 05:44:05.059074+00:00,70B3D54999389C9B,ECHO #5,Echo,Road Bridge 600m West of Carmyllie,56.569722,-2.741944,053309150e5001d10000,442.0,23.25,3.66,4.65,0
2024-12-14 05:59:05.140125+00:00,70B3D54999389C9B,ECHO #5,Echo,Road Bridge 600m West of Carmyllie,56.569722,-2.741944,0532ef1b0e6c01d10000,443.0,-43.25,3.69,4.65,0
2024-12-14 06:14:04.956686+00:00,70B3D54999389C9B,ECHO #5,Echo,Road Bridge 600m West of Carmyllie,56.569722,-2.741944,0534eae80e8001cc0000,441.0,-54.0,3.71,4.6,0
2024-12-14 06:29:04.720125+00:00,70B3D54999389C9B,ECHO #5,Echo,Road Bridge 600m West of Carmyllie,56.569722,-2.741944,0533eb330e7401ce0000,442.0,-53.25,3.7,4.62,0
2024-12-14 06:44:04.993196+00:00,70B3D54999389C9B,ECHO #5,Echo,Road Bridge 600m West of Carmyllie,56.569722,-2.741944,0535ebe20e4c01cb0000,440.0,-51.5,3.66,4.59,0
2024-12-14 06:59:05.386938+00:00,70B3D54999389C9B,ECHO #5,Echo,Road Bridge 600m West of Carmyllie,56.569722,-2.741944,0534ea520e7001cb0000,441.0,-55.5,3.7,4.59,0
2024-12-14 07:14:04.847964+00:00,70B3D54999389C9B,ECHO #5,Echo,Road Bridge 600m West of Carmyllie,56.569722,-2.741944,0534eb4c0e7401cc0000,441.0,-53.0,3.7,4.6,0
2024-12-14 07:29:04.522411+00:00,70B3D54999389C9B,ECHO #5,Echo,Road Bridge 600m West of Carmyllie,56.569722,-2.741944,0534ea520e6001cc0000,441.0,-55.5,3.68,4.6,0
2024-12-14 07:44:04.814463+00:00,70B3D54999389C9B,ECHO #5,Echo,Road Bridge 600m West of Carmyllie,56.569722,-2.741944,0536e9710e6801c80000,439.0,-57.75,3.69,4.56,0
2024-12-14 07:59:00.225597+00:00,70B3D54999389C9B,ECHO #5,Echo,Road Bridge 600m West of Carmyllie,56.569722,-2.741944,0534e7320e6801c60000,441.0,-63.5,3.69,4.54,0
2024-12-14 08:13:59.778104+00:00,70B3D54999389C9B,ECHO #5,Echo,Road Bridge 600m West of Carmyllie,56.569722,-2.741944,0534e61f0e8001c60000,441.0,-66.25,3.71,4.54,0
2024-12-14 08:29:00.121780+00:00,70B3D54999389C9B,ECHO #5,Echo,Road Bridge 600m West of Carmyllie,56.569722,-2.741944,0534e8770e6c01c60000,441.0,-60.25,3.69,4.54,0
2024-12-14 08:44:00.094816+00:00,70B3D54999389C9B,ECHO #5,Echo,Road Bridge 600m West of Carmyllie,56.569722,-2.741944,0536ea200e6801c80000,439.0,-56.0,3.69,4.56,0
2024-12-14 08:58:59.738161+00:00,70B3D54999389C9B,ECHO #5,Echo,Road Bridge 600m West of Carmyllie,56.569722,-2.741944,0535e8c20e7401c80000,440.0,-59.5,3.7,4.56,0
2024-12-14 09:14:00.514326+00:00,70B3D54999389C9B,ECHO #5,Echo,Road Bridge 600m West of Carmyllie,56.569722,-2.741944,0535e90d0e8801c60000,440.0,-58.75,3.72,4.54,0
2024-12-14 09:29:03.881189+00:00,70B3D54999389C9B,ECHO #5,Echo,Road Bridge 600m West of Carmyllie,56.569722,-2.741944,053509150e6801c80000,440.0,23.25,3.69,4.56,0
2024-12-14 09:44:04.471171+00:00,70B3D54999389C9B,ECHO #5,Echo,Road Bridge 600m West of Carmyllie,56.569722,-2.741944,0535f8f80e5801cc0000,440.0,-18.0,3.67,4.6,0
2024-12-14 09:58:59.046734+00:00,70B3D54999389C9B,ECHO #5,Echo,Road Bridge 600m West of Carmyllie,56.569722,-2.741944,0535f8c60e7801ca0000,440.0,-18.5,3.7,4.58,0
2024-12-14 10:14:00.184370+00:00,70B3D54999389C9B,ECHO #5,Echo,Road Bridge 600m West of Carmyllie,56.569722,-2.741944,0535f0920e6c01ce0000,440.0,-39.5,3.69,4.62,0
2024-12-14 10:28:59.864753+00:00,70B3D54999389C9B,ECHO #5,Echo,Road Bridge 600m West of Carmyllie,56.569722,-2.741944,0536f3e40e4c01d30000,439.0,-31.0,3.66,4.67,0
2024-12-14 10:43:59.596294+00:00,70B3D54999389C9B,ECHO #5,Echo,Road Bridge 600m West of Carmyllie,56.569722,-2.741944,0538f3cb0e7c01d50000,437.0,-31.25,3.71,4.69,0
2024-12-14 11:13:59.079304+00:00,70B3D54999389C9B,ECHO #5,Echo,Road Bridge 600m West of Carmyllie,56.569722,-2.741944,0538f3cb0e6c01dd0000,437.0,-31.25,3.69,4.77,0
2024-12-14 11:28:58.784835+00:00,70B3D54999389C9B,ECHO #5,Echo,Road Bridge 600m West of Carmyllie,56.569722,-2.741944,0538f4930e7001e10000,437.0,-29.25,3.7,4.81,0
2024-12-14 11:43:59.437953+00:00,70B3D54999389C9B,ECHO #5,Echo,Road Bridge 600m West of Carmyllie,56.569722,-2.741944,0538f55b0e6801e80000,437.0,-27.25,3.69,4.88,0
2024-12-14 11:59:00.489289+00:00,70B3D54999389C9B,ECHO #5,Echo,Road Bridge 600m West of Carmyllie,56.569722,-2.741944,0538f6550e8001ee0000,437.0,-24.75,3.71,4.94,0
2024-12-14 12:13:59.155221+00:00,70B3D54999389C9B,ECHO #5,Echo,Road Bridge 600m West of Carmyllie,56.569722,-2.741944,0538f7cc0e7801f00000,437.0,-21.0,3.7,4.96,0
2024-12-14 12:28:59.182707+00:00,70B3D54999389C9B,ECHO #5,Echo,Road Bridge 600m West of Carmyllie,56.569722,-2.741944,0538f7b30e8001f40000,437.0,-21.25,3.71,5.0,0
2024-12-14 12:43:59.754245+00:00,70B3D54999389C9B,ECHO #5,Echo,Road Bridge 600m West of Carmyllie,56.569722,-2.741944,0538f7810e5401fa0000,437.0,-21.75,3.67,5.06,0
2024-12-14 12:58:59.055402+00:00,70B3D54999389C9B,ECHO #5,Echo,Road Bridge 600m West of Carmyllie,56.569722,-2.741944,0538f8300e9001fa0000,437.0,-20.0,3.73,5.06,0
2024-12-14 13:13:59.243801+00:00,70B3D54999389C9B,ECHO #5,Echo,Road Bridge 600m West of Carmyllie,56.569722,-2.741944,0538f7fe0e8402000000,437.0,-20.5,3.72,5.12,0
2024-12-14 13:28:58.935876+00:00,70B3D54999389C9B,ECHO #5,Echo,Road Bridge 600m West of Carmyllie,56.569722,-2.741944,053ae1ec0e7802000000,435.0,-77.0,3.7,5.12,0
2024-12-14 13:43:58.240866+00:00,70B3D54999389C9B,ECHO #5,Echo,Road Bridge 600m West of Carmyllie,56.569722,-2.741944,0538e1ec0e6c02050000,437.0,-77.0,3.69,5.17,0
2024-12-14 13:58:59.768703+00:00,70B3D54999389C9B,ECHO #5,Echo,Road Bridge 600m West of Carmyllie,56.569722,-2.741944,0539e1ec0e7c02070000,436.0,-77.0,3.71,5.19,0
2024-12-14 14:13:59.268495+00:00,70B3D54999389C9B,ECHO #5,Echo,Road Bridge 600m West of Carmyllie,56.569722,-2.741944,0538f8300e7802070000,437.0,-20.0,3.7,5.19,0
2024-12-14 14:28:59.717752+00:00,70B3D54999389C9B,ECHO #5,Echo,Road Bridge 600m West of Carmyllie,56.569722,-2.741944,0538f8300e7c020d0000,437.0,-20.0,3.71,5.25,0
2024-12-14 14:43:58.725921+00:00,70B3D54999389C9B,ECHO #5,Echo,Road Bridge 600m West of Carmyllie,56.569722,-2.741944,0539f8170e80020d0000,436.0,-20.25,3.71,5.25,0
2024-12-14 14:58:58.234301+00:00,70B3D54999389C9B,ECHO #5,Echo,Road Bridge 600m West of Carmyllie,56.569722,-2.741944,053af8300e78020d0000,435.0,-20.0,3.7,5.25,0
2024-12-14 15:13:58.418113+00:00,70B3D54999389C9B,ECHO #5,Echo,Road Bridge 600m West of Carmyllie,56.569722,-2.741944,053bf8300e7802110000,434.0,-20.0,3.7,5.29,0
2024-12-14 15:29:02.885130+00:00,70B3D54999389C9B,ECHO #5,Echo,Road Bridge 600m West of Carmyllie,56.569722,-2.741944,053af71d0e7002130000,435.0,-22.75,3.7,5.31,0
2024-12-14 15:44:03.609140+00:00,70B3D54999389C9B,ECHO #5,Echo,Road Bridge 600m West of Carmyllie,56.569722,-2.741944,0539f6870e6002110000,436.0,-24.25,3.68,5.29,0
2024-12-14 15:58:58.302482+00:00,70B3D54999389C9B,ECHO #5,Echo,Road Bridge 600m West of Carmyllie,56.569722,-2.741944,053af5f10e78020f0000,435.0,-25.75,3.7,5.27,0
2024-12-14 16:13:57.870019+00:00,70B3D54999389C9B,ECHO #5,Echo,Road Bridge 600m West of Carmyllie,56.569722,-2.741944,0539f6230e6802110000,436.0,-25.25,3.69,5.29,0
2024-12-14 16:28:59.669361+00:00,70B3D54999389C9B,ECHO #5,Echo,Road Bridge 600m West of Carmyllie,56.569722,-2.741944,0539f7040e9c02110000,436.0,-23.0,3.74,5.29,0
2024-12-14 16:43:59.240484+00:00,70B3D54999389C9B,ECHO #5,Echo,Road Bridge 600m West of Carmyllie,56.569722,-2.741944,0539f6d20e8002110000,436.0,-23.5,3.71,5.29,0
2024-12-14 16:58:59.176957+00:00,70B3D54999389C9B,ECHO #5,Echo,Road Bridge 600m West of Carmyllie,56.569722,-2.741944,0539f7360e7402110000,436.0,-22.5,3.7,5.29,0
2024-12-14 17:14:02.742311+00:00,70B3D54999389C9B,ECHO #5,Echo,Road Bridge 600m West of Carmyllie,56.569722,-2.741944,0539f02e0e6c02110000,436.0,-40.5,3.69,5.29,0
2024-12-14 17:29:02.964733+00:00,70B3D54999389C9B,ECHO #5,Echo,Road Bridge 600m West of Carmyllie,56.569722,-2.741944,0539e5890e7402110000,436.0,-67.75,3.7,5.29,0
2024-12-14 17:44:02.935191+00:00,70B3D54999389C9B,ECHO #5,Echo,Road Bridge 600m West of Carmyllie,56.569722,-2.741944,053ae1ec0e7c02110000,435.0,-77.0,3.71,5.29,0
2024-12-14 17:58:58.553593+00:00,70B3D54999389C9B,ECHO #5,Echo,Road Bridge 600m West of Carmyllie,56.569722,-2.741944,053be1ec0e7802130000,434.0,-77.0,3.7,5.31,0
2024-12-14 18:13:59.185997+00:00,70B3D54999389C9B,ECHO #5,Echo,Road Bridge 600m West of Carmyllie,56.569722,-2.741944,053af8c60e8002130000,435.0,-18.5,3.71,5.31,0
2024-12-14 18:28:58.177972+00:00,70B3D54999389C9B,ECHO #5,Echo,Road Bridge 600m West of Carmyllie,56.569722,-2.741944,053af9430e8402130000,435.0,-17.25,3.72,5.31,0
2024-12-14 18:43:58.699293+00:00,70B3D54999389C9B,ECHO #5,Echo,Road Bridge 600m West of Carmyllie,56.569722,-2.741944,053af92a0e9402130000,435.0,-17.5,3.73,5.31,0
2024-12-14 18:58:58.444417+00:00,70B3D54999389C9B,ECHO #5,Echo,Road Bridge 600m West of Carmyllie,56.569722,-2.741944,053af9a70e7802150000,435.0,-16.25,3.7,5.33,0
2024-12-14 19:13:58.903506+00:00,70B3D54999389C9B,ECHO #5,Echo,Road Bridge 600m West of Carmyllie,56.569722,-2.741944,053af98e0e8402130000,435.0,-16.5,3.72,5.31,0
2024-12-14 19:28:57.962981+00:00,70B3D54999389C9B,ECHO #5,Echo,Road Bridge 600m West of Carmyllie,56.569722,-2.741944,0539f98e0e98021a0000,436.0,-16.5,3.74,5.38,0
2024-12-14 19:43:58.831086+00:00,70B3D54999389C9B,ECHO #5,Echo,Road Bridge 600m West of Carmyllie,56.569722,-2.741944,053afa240e80021a0000,435.0,-15.0,3.71,5.38,0
2024-12-14 19:58:57.833051+00:00,70B3D54999389C9B,ECHO #5,Echo,Road Bridge 600m West of Carmyllie,56.569722,-2.741944,053bf9d90e7c021a0000,434.0,-15.75,3.71,5.38,0
2024-12-14 20:13:58.143509+00:00,70B3D54999389C9B,ECHO #5,Echo,Road Bridge 600m West of Carmyllie,56.569722,-2.741944,053bfa6f0e7c02200000,434.0,-14.25,3.71,5.44,0
2024-12-14 20:28:57.846844+00:00,70B3D54999389C9B,ECHO #5,Echo,Road Bridge 600m West of Carmyllie,56.569722,-2.741944,053bfa560e6c02200000,434.0,-14.5,3.69,5.44,0
2024-12-14 20:43:59.014479+00:00,70B3D54999389C9B,ECHO #5,Echo,Road Bridge 600m West of Carmyllie,56.569722,-2.741944,053afb500e9402220000,435.0,-12.0,3.73,5.46,0
2024-12-14 20:58:58.305792+00:00,70B3D54999389C9B,ECHO #5,Echo,Road Bridge 600m West of Carmyllie,56.569722,-2.741944,053afb9b0e7c02260000,435.0,-11.25,3.71,5.5,0
2024-12-14 21:13:58.783436+00:00,70B3D54999389C9B,ECHO #5,Echo,Road Bridge 600m West of Carmyllie,56.569722,-2.741944,053afbe60e7802260000,435.0,-10.5,3.7,5.5,0
2024-12-14 21:28:57.757642+00:00,70B3D54999389C9B,ECHO #5,Echo,Road Bridge 600m West of Carmyllie,56.569722,-2.741944,053be1ba0ea4022a0000,434.0,-77.5,3.75,5.54,0
2024-12-14 21:43:57.425488+00:00,70B3D54999389C9B,ECHO #5,Echo,Road Bridge 600m West of Carmyllie,56.569722,-2.741944,053ce1ba0e9c022c0000,433.0,-77.5,3.74,5.56,0
2024-12-14 21:58:58.369114+00:00,70B3D54999389C9B,ECHO #5,Echo,Road Bridge 600m West of Carmyllie,56.569722,-2.741944,053ce1ba0e7c022e0000,433.0,-77.5,3.71,5.58,0
2024-12-14 22:13:58.206077+00:00,70B3D54999389C9B,ECHO #5,Echo,Road Bridge 600m West of Carmyllie,56.569722,-2.741944,053cfb9b0e6002320000,433.0,-11.25,3.68,5.62,0
2024-12-14 22:28:58.565845+00:00,70B3D54999389C9B,ECHO #5,Echo,Road Bridge 600m West of Carmyllie,56.569722,-2.741944,0539fbb40e8402320000,436.0,-11.0,3.72,5.62,0
2024-12-14 22:43:58.151999+00:00,70B3D54999389C9B,ECHO #5,Echo,Road Bridge 600m West of Carmyllie,56.569722,-2.741944,0539fb9b0e5c02350000,436.0,-11.25,3.68,5.65,0
2024-12-14 22:58:58.922434+00:00,70B3D54999389C9B,ECHO #5,Echo,Road Bridge 600m West of Carmyllie,56.569722,-2.741944,053afb820e8402360000,435.0,-11.5,3.72,5.66,0
2024-12-14 23:13:57.942088+00:00,70B3D54999389C9B,ECHO #5,Echo,Road Bridge 600m West of Carmyllie,56.569722,-2.741944,0539fb690e8802370000,436.0,-11.75,3.72,5.67,0
2024-12-14 23:28:58.436063+00:00,70B3D54999389C9B,ECHO #5,Echo,Road Bridge 600m West of Carmyllie,56.569722,-2.741944,0539fcae0e9802390000,436.0,-8.5,3.74,5.69,0
2024-12-14 23:43:59.167277+00:00,70B3D54999389C9B,ECHO #5,Echo,Road Bridge 600m West of Carmyllie,56.569722,-2.741944,0539fd5d0e70023b0000,436.0,-6.75,3.7,5.71,0
2024-12-14 23:58:58.521017+00:00,70B3D54999389C9B,ECHO #5,Echo,Road Bridge 600m West of Carmyllie,56.569722,-2.741944,0539fe700e68023b0000,436.0,-4.0,3.69,5.71,0
2024-12-15 00:14:00.122594+00:00,70B3D54999389C9B,ECHO #5,Echo,Road Bridge 600m West of Carmyllie,56.569722,-2.741944,053afe890e6802420000,435.0,-3.75,3.69,5.78,0
2024-12-15 00:29:02.346308+00:00,70B3D54999389C9B,ECHO #5,Echo,Road Bridge 600m West of Carmyllie,56.569722,-2.741944,053aff9c0e9402420000,435.0,-1.0,3.73,5.78,0
2024-12-15 00:44:02.262623+00:00,70B3D54999389C9B,ECHO #5,Echo,Road Bridge 600m West of Carmyllie,56.569722,-2.741944,053a00000e7002470000,435.0,0.0,3.7,5.83,0
2024-12-15 00:58:57.177866+00:00,70B3D54999389C9B,ECHO #5,Echo,Road Bridge 600m West of Carmyllie,56.569722,-2.741944,053c00320e6802470000,433.0,0.5,3.69,5.83,0
2024-12-15 01:13:58.529013+00:00,70B3D54999389C9B,ECHO #5,Echo,Road Bridge 600m West of Carmyllie,56.569722,-2.741944,053b004b0e7c02490000,434.0,0.75,3.71,5.85,0
2024-12-15 01:29:02.346273+00:00,70B3D54999389C9B,ECHO #5,Echo,Road Bridge 600m West of Carmyllie,56.569722,-2.741944,053bf3350e88024f0000,434.0,-32.75,3.72,5.91,0
2024-12-15 01:44:01.910993+00:00,70B3D54999389C9B,ECHO #5,Echo,Road Bridge 600m West of Carmyllie,56.569722,-2.741944,053bf4de0e6c02520000,434.0,-28.5,3.69,5.94,0
2024-12-15 01:59:02.592925+00:00,70B3D54999389C9B,ECHO #5,Echo,Road Bridge 600m West of Carmyllie,56.569722,-2.741944,053bf58d0e8402540000,434.0,-26.75,3.72,5.96,0
2024-12-15 02:29:02.581163+00:00,70B3D54999389C9B,ECHO #5,Echo,Road Bridge 600m West of Carmyllie,56.569722,-2.741944,053b01450ea4025a0000,434.0,3.25,3.75,6.02,0
2024-12-15 02:44:02.576284+00:00,70B3D54999389C9B,ECHO #5,Echo,Road Bridge 600m West of Carmyllie,56.569722,-2.741944,053c01770e74025b0000,433.0,3.75,3.7,6.03,0
2024-12-15 02:59:02.241524+00:00,70B3D54999389C9B,ECHO #5,Echo,Road Bridge 600m West of Carmyllie,56.569722,-2.741944,053c015e0e98025e0000,433.0,3.5,3.74,6.06,0
2024-12-15 03:14:02.045081+00:00,70B3D54999389C9B,ECHO #5,Echo,Road Bridge 600m West of Carmyllie,56.569722,-2.741944,053c015e0e8002600000,433.0,3.5,3.71,6.08,0
2024-12-15 03:28:57.266144+00:00,70B3D54999389C9B,ECHO #5,Echo,Road Bridge 600m West of Carmyllie,56.569722,-2.741944,053c015e0e9402640000,433.0,3.5,3.73,6.12,0
2024-12-15 03:43:58.357355+00:00,70B3D54999389C9B,ECHO #5,Echo,Road Bridge 600m West of Carmyllie,56.569722,-2.741944,053c01450e9402670000,433.0,3.25,3.73,6.15,0
2024-12-15 03:59:01.930532+00:00,70B3D54999389C9B,ECHO #5,Echo,Road Bridge 600m West of Carmyllie,56.569722,-2.741944,053c012c0ea0026b0000,433.0,3.0,3.74,6.19,0
2024-12-15 04:14:01.997955+00:00,70B3D54999389C9B,ECHO #5,Echo,Road Bridge 600m West of Carmyllie,56.569722,-2.741944,053c012c0e9c026b0000,433.0,3.0,3.74,6.19,0
2024-12-15 04:29:02.512590+00:00,70B3D54999389C9B,ECHO #5,Echo,Road Bridge 600m West of Carmyllie,56.569722,-2.741944,053b015e0e88026b0000,434.0,3.5,3.72,6.19,0
2024-12-15 04:43:57.251886+00:00,70B3D54999389C9B,ECHO #5,Echo,Road Bridge 600m West of Carmyllie,56.569722,-2.741944,053c015e0eb0026d0000,433.0,3.5,3.76,6.21,0
2024-12-15 04:58:58.903312+00:00,70B3D54999389C9B,ECHO #5,Echo,Road Bridge 600m West of Carmyllie,56.569722,-2.741944,053b01900e9402710000,434.0,4.0,3.73,6.25,0
2024-12-15 05:13:58.175735+00:00,70B3D54999389C9B,ECHO #5,Echo,Road Bridge 600m West of Carmyllie,56.569722,-2.741944,053c01a90e9c02730000,433.0,4.25,3.74,6.27,0
2024-12-15 05:28:57.520407+00:00,70B3D54999389C9B,ECHO #5,Echo,Road Bridge 600m West of Carmyllie,56.569722,-2.741944,053bf8170e8c02750000,434.0,-20.25,3.72,6.29,0
2024-12-15 05:43:57.312136+00:00,70B3D54999389C9B,ECHO #5,Echo,Road Bridge 600m West of Carmyllie,56.569722,-2.741944,053bf74f0e6802770000,434.0,-22.25,3.69,6.31,0
2024-12-15 05:58:57.619059+00:00,70B3D54999389C9B,ECHO #5,Echo,Road Bridge 600m West of Carmyllie,56.569722,-2.741944,053bf6550e9402770000,434.0,-24.75,3.73,6.31,0
2024-12-15 06:13:57.114890+00:00,70B3D54999389C9B,ECHO #5,Echo,Road Bridge 600m West of Carmyllie,56.569722,-2.741944,053c01450e8802770000,433.0,3.25,3.72,6.31,0
2024-12-15 06:28:58.844186+00:00,70B3D54999389C9B,ECHO #5,Echo,Road Bridge 600m West of Carmyllie,56.569722,-2.741944,053b012c0e9802770000,434.0,3.0,3.74,6.31,0
2024-12-15 06:43:58.193884+00:00,70B3D54999389C9B,ECHO #5,Echo,Road Bridge 600m West of Carmyllie,56.569722,-2.741944,053c01130ea402770000,433.0,2.75,3.75,6.31,0
2024-12-15 06:58:58.348776+00:00,70B3D54999389C9B,ECHO #5,Echo,Road Bridge 600m West of Carmyllie,56.569722,-2.741944,053c01130e7802770000,433.0,2.75,3.7,6.31,0
2024-12-15 07:13:57.286045+00:00,70B3D54999389C9B,ECHO #5,Echo,Road Bridge 600m West of Carmyllie,56.569722,-2.741944,053b01130ea802790000,434.0,2.75,3.75,6.33,0
2024-12-15 07:29:01.903499+00:00,70B3D54999389C9B,ECHO #5,Echo,Road Bridge 600m West of Carmyllie,56.569722,-2.741944,053c01130e88027a0000,433.0,2.75,3.72,6.34,0
2024-12-15 07:44:01.776842+00:00,70B3D54999389C9B,ECHO #5,Echo,Road Bridge 600m West of Carmyllie,56.569722,-2.741944,053b01130e8802790000,434.0,2.75,3.72,6.33,0
2024-12-15 07:59:01.766076+00:00,70B3D54999389C9B,ECHO #5,Echo,Road Bridge 600m West of Carmyllie,56.569722,-2.741944,053c01130e9802790000,433.0,2.75,3.74,6.33,0
2024-12-15 08:14:02.296500+00:00,70B3D54999389C9B,ECHO #5,Echo,Road Bridge 600m West of Carmyllie,56.569722,-2.741944,053c00fa0e7c027a0000,433.0,2.5,3.71,6.34,0
2024-12-15 08:29:02.569393+00:00,70B3D54999389C9B,ECHO #5,Echo,Road Bridge 600m West of Carmyllie,56.569722,-2.741944,053c01130e8c027a0000,433.0,2.75,3.72,6.34,0
2024-12-15 08:44:01.670584+00:00,70B3D54999389C9B,ECHO #5,Echo,Road Bridge 600m West of Carmyllie,56.569722,-2.741944,053d01130e88027b0000,432.0,2.75,3.72,6.35,0
2024-12-15 08:59:02.159979+00:00,70B3D54999389C9B,ECHO #5,Echo,Road Bridge 600m West of Carmyllie,56.569722,-2.741944,053e00e10eb4027b0000,431.0,2.25,3.76,6.35,0
2024-12-15 09:14:02.292078+00:00,70B3D54999389C9B,ECHO #5,Echo,Road Bridge 600m West of Carmyllie,56.569722,-2.741944,053bf4de0e84027b0000,434.0,-28.5,3.72,6.35,0
2024-12-15 09:29:01.730775+00:00,70B3D54999389C9B,ECHO #5,Echo,Road Bridge 600m West of Carmyllie,56.569722,-2.741944,053df60a0e80027b0000,432.0,-25.5,3.71,6.35,0
2024-12-15 09:44:02.033683+00:00,70B3D54999389C9B,ECHO #5,Echo,Road Bridge 600m West of Carmyllie,56.569722,-2.741944,053cf5f10e9c027e0000,433.0,-25.75,3.74,6.38,0
2024-12-15 09:59:02.222487+00:00,70B3D54999389C9B,ECHO #5,Echo,Road Bridge 600m West of Carmyllie,56.569722,-2.741944,053cf6870e7c02800000,433.0,-24.25,3.71,6.4,0
2024-12-15 10:14:02.118488+00:00,70B3D54999389C9B,ECHO #5,Echo,Road Bridge 600m West of Carmyllie,56.569722,-2.741944,053c01770e6402810000,433.0,3.75,3.68,6.41,0
2024-12-15 10:28:57.101347+00:00,70B3D54999389C9B,ECHO #5,Echo,Road Bridge 600m West of Carmyllie,56.569722,-2.741944,053c01f40e8402800000,433.0,5.0,3.72,6.4,0
2024-12-15 10:43:58.668059+00:00,70B3D54999389C9B,ECHO #5,Echo,Road Bridge 600m West of Carmyllie,56.569722,-2.741944,053c02260e9402820000,433.0,5.5,3.73,6.42,0
2024-12-15 10:58:57.412585+00:00,70B3D54999389C9B,ECHO #5,Echo,Road Bridge 600m West of Carmyllie,56.569722,-2.741944,053d02710e6802860000,432.0,6.25,3.69,6.46,0
2024-12-15 11:13:57.913090+00:00,70B3D54999389C9B,ECHO #5,Echo,Road Bridge 600m West of Carmyllie,56.569722,-2.741944,053d02a30ea0028a0000,432.0,6.75,3.74,6.5,0
2024-12-15 11:28:58.186689+00:00,70B3D54999389C9B,ECHO #5,Echo,Road Bridge 600m West of Carmyllie,56.569722,-2.741944,053d02bc0e94028a0000,432.0,7.0,3.73,6.5,0
2024-12-15 11:43:57.863688+00:00,70B3D54999389C9B,ECHO #5,Echo,Road Bridge 600m West of Carmyllie,56.569722,-2.741944,053e02d50ea802900000,431.0,7.25,3.75,6.56,0
2024-12-15 11:58:57.457678+00:00,70B3D54999389C9B,ECHO #5,Echo,Road Bridge 600m West of Carmyllie,56.569722,-2.741944,053d03070e9c02920000,432.0,7.75,3.74,6.58,0
2024-12-15 12:13:59.752844+00:00,70B3D54999389C9B,ECHO #5,Echo,Road Bridge 600m West of Carmyllie,56.569722,-2.741944,053e03200e9402960000,431.0,8.0,3.73,6.62,0
2024-12-15 12:43:57.605415+00:00,70B3D54999389C9B,ECHO #5,Echo,Road Bridge 600m West of Carmyllie,56.569722,-2.741944,053e036b0e90029f0000,431.0,8.75,3.73,6.71,0
2024-12-15 12:58:57.984779+00:00,70B3D54999389C9B,ECHO #5,Echo,Road Bridge 600m West of Carmyllie,56.569722,-2.741944,053d036b0e9802a30000,432.0,8.75,3.74,6.75,0
2024-12-15 13:14:02.038032+00:00,70B3D54999389C9B,ECHO #5,Echo,Road Bridge 600m West of Carmyllie,56.569722,-2.741944,0541fdc10e7c02a50000,428.0,-5.75,3.71,6.77,0
2024-12-15 13:29:01.851964+00:00,70B3D54999389C9B,ECHO #5,Echo,Road Bridge 600m West of Carmyllie,56.569722,-2.741944,053efdc10e8c02a90000,431.0,-5.75,3.72,6.81,0
2024-12-15 13:44:02.138204+00:00,70B3D54999389C9B,ECHO #5,Echo,Road Bridge 600m West of Carmyllie,56.569722,-2.741944,053dfdc10e8c02ab0000,432.0,-5.75,3.72,6.83,0
2024-12-15 13:59:01.680602+00:00,70B3D54999389C9B,ECHO #5,Echo,Road Bridge 600m West of Carmyllie,56.569722,-2.741944,053dfd5d0e8802b20000,432.0,-6.75,3.72,6.9,0
2024-12-15 14:14:01.991341+00:00,70B3D54999389C9B,ECHO #5,Echo,Road Bridge 600m West of Carmyllie,56.569722,-2.741944,053e03070e8002b20000,431.0,7.75,3.71,6.9,0
2024-12-15 14:28:57.081351+00:00,70B3D54999389C9B,ECHO #5,Echo,Road Bridge 600m West of Carmyllie,56.569722,-2.741944,053e02d50e9002b20000,431.0,7.25,3.73,6.9,0
2024-12-15 14:44:02.302040+00:00,70B3D54999389C9B,ECHO #5,Echo,Road Bridge 600m West of Carmyllie,56.569722,-2.741944,053d02a30e8c02b00000,432.0,6.75,3.72,6.88,0
2024-12-15 14:59:02.487929+00:00,70B3D54999389C9B,ECHO #5,Echo,Road Bridge 600m West of Carmyllie,56.569722,-2.741944,053d028a0e8c02b20000,432.0,6.5,3.72,6.9,0
2024-12-15 15:14:02.593699+00:00,70B3D54999389C9B,ECHO #5,Echo,Road Bridge 600m West of Carmyllie,56.569722,-2.741944,053d023f0e8802b00000,432.0,5.75,3.72,6.88,0
2024-12-15 15:29:02.015217+00:00,70B3D54999389C9B,ECHO #5,Echo,Road Bridge 600m West of Carmyllie,56.569722,-2.741944,053c01db0e6802b00000,433.0,4.75,3.69,6.88,0
2024-12-15 15:43:57.288562+00:00,70B3D54999389C9B,ECHO #5,Echo,Road Bridge 600m West of Carmyllie,56.569722,-2.741944,053b01c20e8802b00000,434.0,4.5,3.72,6.88,0
2024-12-15 15:59:02.088459+00:00,70B3D54999389C9B,ECHO #5,Echo,Road Bridge 600m West of Carmyllie,56.569722,-2.741944,053c01770e9402ad0000,433.0,3.75,3.73,6.85,0
2024-12-15 16:14:02.557151+00:00,70B3D54999389C9B,ECHO #5,Echo,Road Bridge 600m West of Carmyllie,56.569722,-2.741944,053c015e0e8c02ab0000,433.0,3.5,3.72,6.83,0
2024-12-15 16:44:02.995919+00:00,70B3D54999389C9B,ECHO #5,Echo,Road Bridge 600m West of Carmyllie,56.569722,-2.741944,053c012c0ea002a70000,433.0,3.0,3.74,6.79,0
2024-12-15 16:58:57.488002+00:00,70B3D54999389C9B,ECHO #5,Echo,Road Bridge 600m West of Carmyllie,56.569722,-2.741944,053c01450e9402a70000,433.0,3.25,3.73,6.79,0
2024-12-15 17:13:57.684018+00:00,70B3D54999389C9B,ECHO #5,Echo,Road Bridge 600m West of Carmyllie,56.569722,-2.741944,053c01450e9402a50000,433.0,3.25,3.73,6.77,0
2024-12-15 17:29:02.071786+00:00,70B3D54999389C9B,ECHO #5,Echo,Road Bridge 600m West of Carmyllie,56.569722,-2.741944,053cf5f10e9402a30000,433.0,-25.75,3.73,6.75,0
2024-12-15 17:44:02.022639+00:00,70B3D54999389C9B,ECHO #5,Echo,Road Bridge 600m West of Carmyllie,56.569722,-2.741944,053cf6550e7c02a30000,433.0,-24.75,3.71,6.75,0
2024-12-15 17:59:02.926215+00:00,70B3D54999389C9B,ECHO #5,Echo,Road Bridge 600m West of Carmyllie,56.569722,-2.741944,053bfc180e7c02a30000,434.0,-10.0,3.71,6.75,0
2024-12-15 18:14:01.839349+00:00,70B3D54999389C9B,ECHO #5,Echo,Road Bridge 600m West of Carmyllie,56.569722,-2.741944,053e01900e9402a30000,431.0,4.0,3.73,6.75,0
2024-12-15 18:29:02.304925+00:00,70B3D54999389C9B,ECHO #5,Echo,Road Bridge 600m West of Carmyllie,56.569722,-2.741944,053d01a90e7c02a60000,432.0,4.25,3.71,6.78,0
2024-12-15 18:43:56.887407+00:00,70B3D54999389C9B,ECHO #5,Echo,Road Bridge 600m West of Carmyllie,56.569722,-2.741944,053c01900e9802a10000,433.0,4.0,3.74,6.73,0
2024-12-15 18:58:58.459657+00:00,70B3D54999389C9B,ECHO #5,Echo,Road Bridge 600m West of Carmyllie,56.569722,-2.741944,053c01770e9802a30000,433.0,3.75,3.74,6.75,0
2024-12-15 19:13:57.834583+00:00,70B3D54999389C9B,ECHO #5,Echo,Road Bridge 600m West of Carmyllie,56.569722,-2.741944,053c015e0e7002a10000,433.0,3.5,3.7,6.73,0
2024-12-15 19:28:57.545756+00:00,70B3D54999389C9B,ECHO #5,Echo,Road Bridge 600m West of Carmyllie,56.569722,-2.741944,053c015e0e8802a10000,433.0,3.5,3.72,6.73,0
2024-12-15 19:43:58.348131+00:00,70B3D54999389C9B,ECHO #5,Echo,Road Bridge 600m West of Carmyllie,56.569722,-2.741944,053c015e0e94029f0000,433.0,3.5,3.73,6.71,0
2024-12-15 19:58:57.971459+00:00,70B3D54999389C9B,ECHO #5,Echo,Road Bridge 600m West of Carmyllie,56.569722,-2.741944,053b01770e9002a10000,434.0,3.75,3.73,6.73,0
2024-12-15 20:13:57.047073+00:00,70B3D54999389C9B,ECHO #5,Echo,Road Bridge 600m West of Carmyllie,56.569722,-2.741944,053c01900e8c029f0000,433.0,4.0,3.72,6.71,0
2024-12-15 20:28:58.582514+00:00,70B3D54999389C9B,ECHO #5,Echo,Road Bridge 600m West of Carmyllie,56.569722,-2.741944,053b01a90e7c02a00000,434.0,4.25,3.71,6.72,0
2024-12-15 20:43:58.001364+00:00,70B3D54999389C9B,ECHO #5,Echo,Road Bridge 600m West of Carmyllie,56.569722,-2.741944,053d01a90e8c02a10000,432.0,4.25,3.72,6.73,0
2024-12-15 20:58:57.273808+00:00,70B3D54999389C9B,ECHO #5,Echo,Road Bridge 600m West of Carmyllie,56.569722,-2.741944,053f01c20e8802a10000,430.0,4.5,3.72,6.73,0
2024-12-15 21:13:57.176200+00:00,70B3D54999389C9B,ECHO #5,Echo,Road Bridge 600m West of Carmyllie,56.569722,-2.741944,053c01c20ea802a10000,433.0,4.5,3.75,6.73,0
2024-12-15 21:28:57.028874+00:00,70B3D54999389C9B,ECHO #5,Echo,Road Bridge 600m West of Carmyllie,56.569722,-2.741944,053ff8170e8802a10000,430.0,-20.25,3.72,6.73,0
2024-12-15 21:43:57.498629+00:00,70B3D54999389C9B,ECHO #5,Echo,Road Bridge 600m West of Carmyllie,56.569722,-2.741944,053cf8170e9402a10000,433.0,-20.25,3.73,6.73,0
2024-12-15 21:58:57.140574+00:00,70B3D54999389C9B,ECHO #5,Echo,Road Bridge 600m West of Carmyllie,56.569722,-2.741944,053df8170e8002a10000,432.0,-20.25,3.71,6.73,0
2024-12-15 22:13:57.517148+00:00,70B3D54999389C9B,ECHO #5,Echo,Road Bridge 600m West of Carmyllie,56.569722,-2.741944,053d01a90e9402a50000,432.0,4.25,3.73,6.77,0
2024-12-15 22:28:57.673720+00:00,70B3D54999389C9B,ECHO #5,Echo,Road Bridge 600m West of Carmyllie,56.569722,-2.741944,053d01900e9802a30000,432.0,4.0,3.74,6.75,0
2024-12-15 22:43:56.849589+00:00,70B3D54999389C9B,ECHO #5,Echo,Road Bridge 600m West of Carmyllie,56.569722,-2.741944,053e01900e9402a10000,431.0,4.0,3.73,6.73,0
2024-12-15 22:58:57.686455+00:00,70B3D54999389C9B,ECHO #5,Echo,Road Bridge 600m West of Carmyllie,56.569722,-2.741944,053e01770e7c02a50000,431.0,3.75,3.71,6.77,0
2024-12-15 23:13:57.478979+00:00,70B3D54999389C9B,ECHO #5,Echo,Road Bridge 600m West of Carmyllie,56.569722,-2.741944,053e01450e9002a30000,431.0,3.25,3.73,6.75,0
2024-12-15 23:28:58.136554+00:00,70B3D54999389C9B,ECHO #5,Echo,Road Bridge 600m West of Carmyllie,56.569722,-2.741944,053e01450e8c02a10000,431.0,3.25,3.72,6.73,0
2024-12-15 23:43:57.709668+00:00,70B3D54999389C9B,ECHO #5,Echo,Road Bridge 600m West of Carmyllie,56.569722,-2.741944,053d015e0e8c02a10000,432.0,3.5,3.72,6.73,0
2024-12-15 23:58:57.714630+00:00,70B3D54999389C9B,ECHO #5,Echo,Road Bridge 600m West of Carmyllie,56.569722,-2.741944,053e01450e8002a10000,431.0,3.25,3.71,6.73,0
2024-12-16 00:13:57.221095+00:00,70B3D54999389C9B,ECHO #5,Echo,Road Bridge 600m West of Carmyllie,56.569722,-2.741944,053f01130e8c02a10000,430.0,2.75,3.72,6.73,0
2024-12-16 00:28:58.014401+00:00,70B3D54999389C9B,ECHO #5,Echo,Road Bridge 600m West of Carmyllie,56.569722,-2.741944,053f00fa0e8c029f0000,430.0,2.5,3.72,6.71,0
2024-12-16 00:43:57.162201+00:00,70B3D54999389C9B,ECHO #5,Echo,Road Bridge 600m West of Carmyllie,56.569722,-2.741944,053e012c0e8c029d0000,431.0,3.0,3.72,6.69,0
2024-12-16 00:58:56.863834+00:00,70B3D54999389C9B,ECHO #5,Echo,Road Bridge 600m West of Carmyllie,56.569722,-2.741944,053f01450e84029d0000,430.0,3.25,3.72,6.69,0
2024-12-16 01:13:57.072160+00:00,70B3D54999389C9B,ECHO #5,Echo,Road Bridge 600m West of Carmyllie,56.569722,-2.741944,053f01450e88029d0000,430.0,3.25,3.72,6.69,0
2024-12-16 01:29:01.933607+00:00,70B3D54999389C9B,ECHO #5,Echo,Road Bridge 600m West of Carmyllie,56.569722,-2.741944,0540f6550e8c029d0000,429.0,-24.75,3.72,6.69,0
2024-12-16 01:44:02.227252+00:00,70B3D54999389C9B,ECHO #5,Echo,Road Bridge 600m West of Carmyllie,56.569722,-2.741944,053ff6eb0e9802960000,430.0,-23.25,3.74,6.62,0
2024-12-16 02:14:01.904098+00:00,70B3D54999389C9B,ECHO #5,Echo,Road Bridge 600m West of Carmyllie,56.569722,-2.741944,054001130e8802960000,429.0,2.75,3.72,6.62,0
2024-12-16 02:29:02.098209+00:00,70B3D54999389C9B,ECHO #5,Echo,Road Bridge 600m West of Carmyllie,56.569722,-2.741944,054000c80e9402960000,429.0,2.0,3.73,6.62,0
2024-12-16 02:44:01.896776+00:00,70B3D54999389C9B,ECHO #5,Echo,Road Bridge 600m West of Carmyllie,56.569722,-2.741944,054000190e7802960000,429.0,0.25,3.7,6.62,0
2024-12-16 02:59:02.103202+00:00,70B3D54999389C9B,ECHO #5,Echo,Road Bridge 600m West of Carmyllie,56.569722,-2.741944,0540febb0e8c02940000,429.0,-3.25,3.72,6.6,0
2024-12-16 03:13:56.944275+00:00,70B3D54999389C9B,ECHO #5,Echo,Road Bridge 600m West of Carmyllie,56.569722,-2.741944,0540fe570e9402920000,429.0,-4.25,3.73,6.58,0
2024-12-16 03:28:56.708045+00:00,70B3D54999389C9B,ECHO #5,Echo,Road Bridge 600m West of Carmyllie,56.569722,-2.741944,053ffd5d0e9002900000,430.0,-6.75,3.73,6.56,0
2024-12-16 03:43:57.335249+00:00,70B3D54999389C9B,ECHO #5,Echo,Road Bridge 600m West of Carmyllie,56.569722,-2.741944,053efd760e84028e0000,431.0,-6.5,3.72,6.54,0
2024-12-16 03:58:57.861103+00:00,70B3D54999389C9B,ECHO #5,Echo,Road Bridge 600m West of Carmyllie,56.569722,-2.741944,0540fdf30e78028a0000,429.0,-5.25,3.7,6.5,0
2024-12-16 04:13:57.159817+00:00,70B3D54999389C9B,ECHO #5,Echo,Road Bridge 600m West of Carmyllie,56.569722,-2.741944,053efdda0e9402880000,431.0,-5.5,3.73,6.48,0
2024-12-16 04:28:57.285530+00:00,70B3D54999389C9B,ECHO #5,Echo,Road Bridge 600m West of Carmyllie,56.569722,-2.741944,053ffdc10e9402880000,430.0,-5.75,3.73,6.48,0
2024-12-16 04:43:57.160017+00:00,70B3D54999389C9B,ECHO #5,Echo,Road Bridge 600m West of Carmyllie,56.569722,-2.741944,053ffe570e7402860000,430.0,-4.25,3.7,6.46,0
2024-12-16 04:58:56.691467+00:00,70B3D54999389C9B,ECHO #5,Echo,Road Bridge 600m West of Carmyllie,56.569722,-2.741944,053ffe3e0ea402840000,430.0,-4.5,3.75,6.44,0
2024-12-16 05:13:56.715188+00:00,70B3D54999389C9B,ECHO #5,Echo,Road Bridge 600m West of Carmyllie,56.569722,-2.741944,053ffe3e0eb402840000,430.0,-4.5,3.76,6.44,0
2024-12-16 05:28:56.726822+00:00,70B3D54999389C9B,ECHO #5,Echo,Road Bridge 600m West of Carmyllie,56.569722,-2.741944,0540e85e0e8402820000,429.0,-60.5,3.72,6.42,0
2024-12-16 05:44:01.641419+00:00,70B3D54999389C9B,ECHO #5,Echo,Road Bridge 600m West of Carmyllie,56.569722,-2.741944,0542e85e0e7802810000,427.0,-60.5,3.7,6.41,0
2024-12-16 05:59:01.466995+00:00,70B3D54999389C9B,ECHO #5,Echo,Road Bridge 600m West of Carmyllie,56.569722,-2.741944,0541e85e0e8402820000,428.0,-60.5,3.72,6.42,0
2024-12-16 06:14:01.708727+00:00,70B3D54999389C9B,ECHO #5,Echo,Road Bridge 600m West of Carmyllie,56.569722,-2.741944,0540fe570e6402820000,429.0,-4.25,3.68,6.42,0
2024-12-16 06:29:02.231639+00:00,70B3D54999389C9B,ECHO #5,Echo,Road Bridge 600m West of Carmyllie,56.569722,-2.741944,0540fe3e0e9402800000,429.0,-4.5,3.73,6.4,0
2024-12-16 06:44:01.290592+00:00,70B3D54999389C9B,ECHO #5,Echo,Road Bridge 600m West of Carmyllie,56.569722,-2.741944,0543fe250e84027e0000,426.0,-4.75,3.72,6.38,0
2024-12-16 06:59:02.139475+00:00,70B3D54999389C9B,ECHO #5,Echo,Road Bridge 600m West of Carmyllie,56.569722,-2.741944,0541fe3e0ea402820000,428.0,-4.5,3.75,6.42,0
2024-12-16 07:13:56.815588+00:00,70B3D54999389C9B,ECHO #5,Echo,Road Bridge 600m West of Carmyllie,56.569722,-2.741944,0541fe250e94027e0000,428.0,-4.75,3.73,6.38,0
2024-12-16 07:28:56.782290+00:00,70B3D54999389C9B,ECHO #5,Echo,Road Bridge 600m West of Carmyllie,56.569722,-2.741944,0541fe570e6c02820000,428.0,-4.25,3.69,6.42,0
2024-12-16 07:43:57.481839+00:00,70B3D54999389C9B,ECHO #5,Echo,Road Bridge 600m West of Carmyllie,56.569722,-2.741944,0542fe700e8402820000,427.0,-4.0,3.72,6.42,0
2024-12-16 07:58:58.348691+00:00,70B3D54999389C9B,ECHO #5,Echo,Road Bridge 600m West of Carmyllie,56.569722,-2.741944,0541fe570e8c02820000,428.0,-4.25,3.72,6.42,0
2024-12-16 08:13:58.265960+00:00,70B3D54999389C9B,ECHO #5,Echo,Road Bridge 600m West of Carmyllie,56.569722,-2.741944,0541fe700e9002800000,428.0,-4.0,3.73,6.4,0
2024-12-16 08:28:57.090235+00:00,70B3D54999389C9B,ECHO #5,Echo,Road Bridge 600m West of Carmyllie,56.569722,-2.741944,0541fdc10e9c02800000,428.0,-5.75,3.74,6.4,0
2024-12-16 08:43:57.003657+00:00,70B3D54999389C9B,ECHO #5,Echo,Road Bridge 600m West of Carmyllie,56.569722,-2.741944,0543fe700ea8027e0000,426.0,-4.0,3.75,6.38,0
2024-12-16 08:58:58.097842+00:00,70B3D54999389C9B,ECHO #5,Echo,Road Bridge 600m West of Carmyllie,56.569722,-2.741944,0544fe570e84027e0000,425.0,-4.25,3.72,6.38,0
2024-12-16 09:13:57.772643+00:00,70B3D54999389C9B,ECHO #5,Echo,Road Bridge 600m West of Carmyllie,56.569722,-2.741944,0543fe250e84027e0000,426.0,-4.75,3.72,6.38,0
2024-12-16 09:28:57.786472+00:00,70B3D54999389C9B,ECHO #5,Echo,Road Bridge 600m West of Carmyllie,56.569722,-2.741944,0544ecc30e9002800000,425.0,-49.25,3.73,6.4,0
2024-12-16 09:43:57.480032+00:00,70B3D54999389C9B,ECHO #5,Echo,Road Bridge 600m West of Carmyllie,56.569722,-2.741944,0542ef4d0e6c02840000,427.0,-42.75,3.69,6.44,0
2024-12-16 09:58:56.602723+00:00,70B3D54999389C9B,ECHO #5,Echo,Road Bridge 600m West of Carmyllie,56.569722,-2.741944,0544f0ab0ea402840000,425.0,-39.25,3.75,6.44,0
2024-12-16 10:13:57.148839+00:00,70B3D54999389C9B,ECHO #5,Echo,Road Bridge 600m West of Carmyllie,56.569722,-2.741944,054300190ea802860000,426.0,0.25,3.75,6.46,0
2024-12-16 10:28:58.004324+00:00,70B3D54999389C9B,ECHO #5,Echo,Road Bridge 600m West of Carmyllie,56.569722,-2.741944,054200000ea402880000,427.0,0.0,3.75,6.48,0
2024-12-16 10:43:59.801300+00:00,70B3D54999389C9B,ECHO #5,Echo,Road Bridge 600m West of Carmyllie,56.569722,-2.741944,054300640e94028a0000,426.0,1.0,3.73,6.5,0
2024-12-16 10:58:56.318473+00:00,70B3D54999389C9B,ECHO #5,Echo,Road Bridge 600m West of Carmyllie,56.569722,-2.741944,054500190eb0028a0000,424.0,0.25,3.76,6.5,0
2024-12-16 11:14:01.111543+00:00,70B3D54999389C9B,ECHO #5,Echo,Road Bridge 600m West of Carmyllie,56.569722,-2.741944,054400320ea4028c0000,425.0,0.5,3.75,6.52,0
2024-12-16 11:28:56.427814+00:00,70B3D54999389C9B,ECHO #5,Echo,Road Bridge 600m West of Carmyllie,56.569722,-2.741944,054300fa0e7c028e0000,426.0,2.5,3.71,6.54,0
2024-12-16 11:43:57.251434+00:00,70B3D54999389C9B,ECHO #5,Echo,Road Bridge 600m West of Carmyllie,56.569722,-2.741944,054201a90ea802920000,427.0,4.25,3.75,6.58,0
2024-12-16 11:58:57.924710+00:00,70B3D54999389C9B,ECHO #5,Echo,Road Bridge 600m West of Carmyllie,56.569722,-2.741944,054501db0e9002930000,424.0,4.75,3.73,6.59,0
2024-12-16 12:13:56.965690+00:00,70B3D54999389C9B,ECHO #5,Echo,Road Bridge 600m West of Carmyllie,56.569722,-2.741944,054501900e8402940000,424.0,4.0,3.72,6.6,0
2024-12-16 12:28:57.857442+00:00,70B3D54999389C9B,ECHO #5,Echo,Road Bridge 600m West of Carmyllie,56.569722,-2.741944,054401900e9402940000,425.0,4.0,3.73,6.6,0
2024-12-16 12:43:56.712626+00:00,70B3D54999389C9B,ECHO #5,Echo,Road Bridge 600m West of Carmyllie,56.569722,-2.741944,054401c20e9402960000,425.0,4.5,3.73,6.62,0
2024-12-16 12:58:56.947849+00:00,70B3D54999389C9B,ECHO #5,Echo,Road Bridge 600m West of Carmyllie,56.569722,-2.741944,0544015e0e7402940000,425.0,3.5,3.7,6.6,0
2024-12-16 13:13:57.433918+00:00,70B3D54999389C9B,ECHO #5,Echo,Road Bridge 600m West of Carmyllie,56.569722,-2.741944,054401450e9002960000,425.0,3.25,3.73,6.62,0
2024-12-16 13:28:56.462627+00:00,70B3D54999389C9B,ECHO #5,Echo,Road Bridge 600m West of Carmyllie,56.569722,-2.741944,0545f4f70e9002960000,424.0,-28.25,3.73,6.62,0
2024-12-16 13:43:56.708010+00:00,70B3D54999389C9B,ECHO #5,Echo,Road Bridge 600m West of Carmyllie,56.569722,-2.741944,0545f34e0e6802960000,424.0,-32.5,3.69,6.62,0
2024-12-16 13:59:01.508158+00:00,70B3D54999389C9B,ECHO #5,Echo,Road Bridge 600m West of Carmyllie,56.569722,-2.741944,0547f31c0e6c02960000,422.0,-33.0,3.69,6.62,0
2024-12-16 14:13:56.279494+00:00,70B3D54999389C9B,ECHO #5,Echo,Road Bridge 600m West of Carmyllie,56.569722,-2.741944,054400fa0e8802960000,425.0,2.5,3.72,6.62,0
2024-12-16 14:29:01.398098+00:00,70B3D54999389C9B,ECHO #5,Echo,Road Bridge 600m West of Carmyllie,56.569722,-2.741944,054300af0e9c02960000,426.0,1.75,3.74,6.62,0
2024-12-16 14:44:01.319361+00:00,70B3D54999389C9B,ECHO #5,Echo,Road Bridge 600m West of Carmyllie,56.569722,-2.741944,0545007d0e9c02960000,424.0,1.25,3.74,6.62,0
2024-12-16 14:59:01.325490+00:00,70B3D54999389C9B,ECHO #5,Echo,Road Bridge 600m West of Carmyllie,56.569722,-2.741944,0544004b0e9c02900000,425.0,0.75,3.74,6.56,0
2024-12-16 15:14:01.254828+00:00,70B3D54999389C9B,ECHO #5,Echo,Road Bridge 600m West of Carmyllie,56.569722,-2.741944,0544fe890e7402900000,425.0,-3.75,3.7,6.56,0
2024-12-16 15:29:01.422470+00:00,70B3D54999389C9B,ECHO #5,Echo,Road Bridge 600m West of Carmyllie,56.569722,-2.741944,0544ff380e94028d0000,425.0,-2.0,3.73,6.53,0
2024-12-16 15:43:56.209743+00:00,70B3D54999389C9B,ECHO #5,Echo,Road Bridge 600m West of Carmyllie,56.569722,-2.741944,0544ff060e90028e0000,425.0,-2.5,3.73,6.54,0
2024-12-16 15:59:01.232791+00:00,70B3D54999389C9B,ECHO #5,Echo,Road Bridge 600m West of Carmyllie,56.569722,-2.741944,0545febb0e6c028e0000,424.0,-3.25,3.69,6.54,0
2024-12-16 16:14:01.343529+00:00,70B3D54999389C9B,ECHO #5,Echo,Road Bridge 600m West of Carmyllie,56.569722,-2.741944,0543fd8f0e6c028a0000,426.0,-6.25,3.69,6.5,0
2024-12-16 16:29:01.545812+00:00,70B3D54999389C9B,ECHO #5,Echo,Road Bridge 600m West of Carmyllie,56.569722,-2.741944,0543fe0c0e98028a0000,426.0,-5.0,3.74,6.5,0
2024-12-16 16:44:01.003291+00:00,70B3D54999389C9B,ECHO #5,Echo,Road Bridge 600m West of Carmyllie,56.569722,-2.741944,0544fcf90e9002860000,425.0,-7.75,3.73,6.46,0
2024-12-16 16:59:01.687372+00:00,70B3D54999389C9B,ECHO #5,Echo,Road Bridge 600m West of Carmyllie,56.569722,-2.741944,0544fb690e8802820000,425.0,-11.75,3.72,6.42,0
2024-12-16 17:14:00.764781+00:00,70B3D54999389C9B,ECHO #5,Echo,Road Bridge 600m West of Carmyllie,56.569722,-2.741944,0543e1ba0e8402820000,426.0,-77.5,3.72,6.42,0
2024-12-16 17:28:56.107028+00:00,70B3D54999389C9B,ECHO #5,Echo,Road Bridge 600m West of Carmyllie,56.569722,-2.741944,0543e1d30e90027b0000,426.0,-77.25,3.73,6.35,0
2024-12-16 17:44:00.987366+00:00,70B3D54999389C9B,ECHO #5,Echo,Road Bridge 600m West of Carmyllie,56.569722,-2.741944,0541e1d30e94027b0000,428.0,-77.25,3.73,6.35,0
2024-12-16 17:59:01.041765+00:00,70B3D54999389C9B,ECHO #5,Echo,Road Bridge 600m West of Carmyllie,56.569722,-2.741944,0544e1ba0e7c02790000,425.0,-77.5,3.71,6.33,0
2024-12-16 18:14:01.167581+00:00,70B3D54999389C9B,ECHO #5,Echo,Road Bridge 600m West of Carmyllie,56.569722,-2.741944,0544faba0eac02750000,425.0,-13.5,3.76,6.29,0
2024-12-16 18:29:01.351746+00:00,70B3D54999389C9B,ECHO #5,Echo,Road Bridge 600m West of Carmyllie,56.569722,-2.741944,0544faa10e9002750000,425.0,-13.75,3.73,6.29,0
2024-12-16 18:43:56.669432+00:00,70B3D54999389C9B,ECHO #5,Echo,Road Bridge 600m West of Carmyllie,56.569722,-2.741944,0544faba0e7c02710000,425.0,-13.5,3.71,6.25,0
2024-12-16 18:58:56.758544+00:00,70B3D54999389C9B,ECHO #5,Echo,Road Bridge 600m West of Carmyllie,56.569722,-2.741944,0543fa0b0ea802710000,426.0,-15.25,3.75,6.25,0
2024-12-16 19:13:56.850789+00:00,70B3D54999389C9B,ECHO #5,Echo,Road Bridge 600m West of Carmyllie,56.569722,-2.741944,0545fa240e7c02710000,424.0,-15.0,3.71,6.25,0
2024-12-16 19:28:57.448614+00:00,70B3D54999389C9B,ECHO #5,Echo,Road Bridge 600m West of Carmyllie,56.569722,-2.741944,0545f9430e90026b0000,424.0,-17.25,3.73,6.19,0
2024-12-16 19:43:56.233593+00:00,70B3D54999389C9B,ECHO #5,Echo,Road Bridge 600m West of Carmyllie,56.569722,-2.741944,0544f9110e80026b0000,425.0,-17.75,3.71,6.19,0
2024-12-16 19:58:57.366430+00:00,70B3D54999389C9B,ECHO #5,Echo,Road Bridge 600m West of Carmyllie,56.569722,-2.741944,0544f9750e9c02690000,425.0,-16.75,3.74,6.17,0
2024-12-16 20:14:01.382558+00:00,70B3D54999389C9B,ECHO #5,Echo,Road Bridge 600m West of Carmyllie,56.569722,-2.741944,0542f9d90e8002690000,427.0,-15.75,3.71,6.17,0
2024-12-16 20:29:00.542127+00:00,70B3D54999389C9B,ECHO #5,Echo,Road Bridge 600m West of Carmyllie,56.569722,-2.741944,0545fa3d0e8c02670000,424.0,-14.75,3.72,6.15,0
2024-12-16 20:43:56.108340+00:00,70B3D54999389C9B,ECHO #5,Echo,Road Bridge 600m West of Carmyllie,56.569722,-2.741944,0546fa3d0e8802670000,423.0,-14.75,3.72,6.15,0
2024-12-16 20:58:56.089331+00:00,70B3D54999389C9B,ECHO #5,Echo,Road Bridge 600m West of Carmyllie,56.569722,-2.741944,0546f9110e8002640000,423.0,-17.75,3.71,6.12,0
2024-12-16 21:13:56.514303+00:00,70B3D54999389C9B,ECHO #5,Echo,Road Bridge 600m West of Carmyllie,56.569722,-2.741944,0546f92a0ea002640000,423.0,-17.5,3.74,6.12,0
2024-12-16 21:28:56.943527+00:00,70B3D54999389C9B,ECHO #5,Echo,Road Bridge 600m West of Carmyllie,56.569722,-2.741944,0545e1ba0eac02640000,424.0,-77.5,3.76,6.12,0
2024-12-16 21:43:55.979363+00:00,70B3D54999389C9B,ECHO #5,Echo,Road Bridge 600m West of Carmyllie,56.569722,-2.741944,0545e1d30e8402620000,424.0,-77.25,3.72,6.1,0
2024-12-16 21:58:57.023682+00:00,70B3D54999389C9B,ECHO #5,Echo,Road Bridge 600m West of Carmyllie,56.569722,-2.741944,0546e1ba0e6c02620000,423.0,-77.5,3.69,6.1,0
2024-12-16 22:13:55.758972+00:00,70B3D54999389C9B,ECHO #5,Echo,Road Bridge 600m West of Carmyllie,56.569722,-2.741944,0547fbcd0e6c02620000,422.0,-10.75,3.69,6.1,0
2024-12-16 22:28:56.770390+00:00,70B3D54999389C9B,ECHO #5,Echo,Road Bridge 600m West of Carmyllie,56.569722,-2.741944,0546faba0e9002670000,423.0,-13.5,3.73,6.15,0
2024-12-16 22:43:56.652531+00:00,70B3D54999389C9B,ECHO #5,Echo,Road Bridge 600m West of Carmyllie,56.569722,-2.741944,0546fa3d0e7002640000,423.0,-14.75,3.7,6.12,0
2024-12-16 22:58:55.895723+00:00,70B3D54999389C9B,ECHO #5,Echo,Road Bridge 600m West of Carmyllie,56.569722,-2.741944,0546faba0e8002620000,423.0,-13.5,3.71,6.1,0
2024-12-16 23:28:55.809284+00:00,70B3D54999389C9B,ECHO #5,Echo,Road Bridge 600m West of Carmyllie,56.569722,-2.741944,0546fda80e9c02670000,423.0,-6.0,3.74,6.15,0
2024-12-16 23:43:56.328157+00:00,70B3D54999389C9B,ECHO #5,Echo,Road Bridge 600m West of Carmyllie,56.569722,-2.741944,0548fd5d0ea4026b0000,421.0,-6.75,3.75,6.19,0
2024-12-16 23:58:56.840328+00:00,70B3D54999389C9B,ECHO #5,Echo,Road Bridge 600m West of Carmyllie,56.569722,-2.741944,0547fcf90e90026b0000,422.0,-7.75,3.73,6.19,0
2024-12-17 00:13:56.759936+00:00,70B3D54999389C9B,ECHO #5,Echo,Road Bridge 600m West of Carmyllie,56.569722,-2.741944,0547fe0c0e94026b0000,422.0,-5.0,3.73,6.19,0
2024-12-17 00:29:00.391599+00:00,70B3D54999389C9B,ECHO #5,Echo,Road Bridge 600m West of Carmyllie,56.569722,-2.741944,0549fcf90e7c026f0000,420.0,-7.75,3.71,6.23,0
2024-12-17 00:44:00.885130+00:00,70B3D54999389C9B,ECHO #5,Echo,Road Bridge 600m West of Carmyllie,56.569722,-2.741944,0547fc630e64026e0000,422.0,-9.25,3.68,6.22,0
2024-12-17 00:58:56.238089+00:00,70B3D54999389C9B,ECHO #5,Echo,Road Bridge 600m West of Carmyllie,56.569722,-2.741944,0546fb820e80026f0000,423.0,-11.5,3.71,6.23,0
2024-12-17 01:13:56.362438+00:00,70B3D54999389C9B,ECHO #5,Echo,Road Bridge 600m West of Carmyllie,56.569722,-2.741944,0548fb1e0e84026d0000,421.0,-12.5,3.72,6.21,0
2024-12-17 01:28:55.437624+00:00,70B3D54999389C9B,ECHO #5,Echo,Road Bridge 600m West of Carmyllie,56.569722,-2.741944,0549e1ba0e88026f0000,420.0,-77.5,3.72,6.23,0
2024-12-17 01:43:56.368483+00:00,70B3D54999389C9B,ECHO #5,Echo,Road Bridge 600m West of Carmyllie,56.569722,-2.741944,0548e1ba0e84026e0000,421.0,-77.5,3.72,6.22,0
2024-12-17 01:59:00.370356+00:00,70B3D54999389C9B,ECHO #5,Echo,Road Bridge 600m West of Carmyllie,56.569722,-2.741944,0547e1ba0e94026e0000,422.0,-77.5,3.73,6.22,0
2024-12-17 02:14:00.756138+00:00,70B3D54999389C9B,ECHO #5,Echo,Road Bridge 600m West of Carmyllie,56.569722,-2.741944,0547fa880e8c026e0000,422.0,-14.0,3.72,6.22,0
2024-12-17 02:28:55.202311+00:00,70B3D54999389C9B,ECHO #5,Echo,Road Bridge 600m West of Carmyllie,56.569722,-2.741944,0547faec0e84026d0000,422.0,-13.0,3.72,6.21,0
2024-12-17 02:44:00.216119+00:00,70B3D54999389C9B,ECHO #5,Echo,Road Bridge 600m West of Carmyllie,56.569722,-2.741944,0548faba0ea8026f0000,421.0,-13.5,3.75,6.23,0
2024-12-17 02:59:00.147407+00:00,70B3D54999389C9B,ECHO #5,Echo,Road Bridge 600m West of Carmyllie,56.569722,-2.741944,0548faba0e88026b0000,421.0,-13.5,3.72,6.19,0
2024-12-17 03:14:00.711662+00:00,70B3D54999389C9B,ECHO #5,Echo,Road Bridge 600m West of Carmyllie,56.569722,-2.741944,0548faba0e84026e0000,421.0,-13.5,3.72,6.22,0
2024-12-17 03:28:55.198665+00:00,70B3D54999389C9B,ECHO #5,Echo,Road Bridge 600m West of Carmyllie,56.569722,-2.741944,0549faec0e8c026d0000,420.0,-13.0,3.72,6.21,0
2024-12-17 03:43:55.579953+00:00,70B3D54999389C9B,ECHO #5,Echo,Road Bridge 600m West of Carmyllie,56.569722,-2.741944,0548faa10e94026d0000,421.0,-13.75,3.73,6.21,0
2024-12-17 03:58:55.582233+00:00,70B3D54999389C9B,ECHO #5,Echo,Road Bridge 600m West of Carmyllie,56.569722,-2.741944,0549fbb40ea4026b0000,420.0,-11.0,3.75,6.19,0
2024-12-17 04:13:56.469656+00:00,70B3D54999389C9B,ECHO #5,Echo,Road Bridge 600m West of Carmyllie,56.569722,-2.741944,0548fbff0e9c026d0000,421.0,-10.25,3.74,6.21,0
2024-12-17 04:28:59.966958+00:00,70B3D54999389C9B,ECHO #5,Echo,Road Bridge 600m West of Carmyllie,56.569722,-2.741944,0549fbcd0ea4026d0000,420.0,-10.75,3.75,6.21,0
2024-12-17 04:43:59.927091+00:00,70B3D54999389C9B,ECHO #5,Echo,Road Bridge 600m West of Carmyllie,56.569722,-2.741944,054afbcd0ea4026f0000,419.0,-10.75,3.75,6.23,0
2024-12-17 04:58:55.992114+00:00,70B3D54999389C9B,ECHO #5,Echo,Road Bridge 600m West of Carmyllie,56.569722,-2.741944,0549fc7c0e9c02710000,420.0,-9.0,3.74,6.25,0
2024-12-17 05:13:55.764772+00:00,70B3D54999389C9B,ECHO #5,Echo,Road Bridge 600m West of Carmyllie,56.569722,-2.741944,0548fce00e7002710000,421.0,-8.0,3.7,6.25,0
2024-12-17 05:28:54.987722+00:00,70B3D54999389C9B,ECHO #5,Echo,Road Bridge 600m West of Carmyllie,56.569722,-2.741944,0549e1a10e8402710000,420.0,-77.75,3.72,6.25,0
2024-12-17 05:43:59.603182+00:00,70B3D54999389C9B,ECHO #5,Echo,Road Bridge 600m West of Carmyllie,56.569722,-2.741944,054ae1a10e9c02710000,419.0,-77.75,3.74,6.25,0
2024-12-17 05:58:59.876125+00:00,70B3D54999389C9B,ECHO #5,Echo,Road Bridge 600m West of Carmyllie,56.569722,-2.741944,054ae1ba0e6802730000,419.0,-77.5,3.69,6.27,0
2024-12-17 06:14:00.533755+00:00,70B3D54999389C9B,ECHO #5,Echo,Road Bridge 600m West of Carmyllie,56.569722,-2.741944,054afb9b0e9802750000,419.0,-11.25,3.74,6.29,0
2024-12-17 06:28:54.821405+00:00,70B3D54999389C9B,ECHO #5,Echo,Road Bridge 600m West of Carmyllie,56.569722,-2.741944,0549fc180e8402770000,420.0,-10.0,3.72,6.31,0
2024-12-17 06:43:54.926511+00:00,70B3D54999389C9B,ECHO #5,Echo,Road Bridge 600m West of Carmyllie,56.569722,-2.741944,054afc180e7c02770000,419.0,-10.0,3.71,6.31,0
2024-12-17 07:13:55.168606+00:00,70B3D54999389C9B,ECHO #5,Echo,Road Bridge 600m West of Carmyllie,56.569722,-2.741944,054afc180e9c02770000,419.0,-10.0,3.74,6.31,0
2024-12-17 07:28:55.682518+00:00,70B3D54999389C9B,ECHO #5,Echo,Road Bridge 600m West of Carmyllie,56.569722,-2.741944,0549fbff0e8002770000,420.0,-10.25,3.71,6.31,0
2024-12-17 07:43:56.675242+00:00,70B3D54999389C9B,ECHO #5,Echo,Road Bridge 600m West of Carmyllie,56.569722,-2.741944,054afbe60e9402770000,419.0,-10.5,3.73,6.31,0
2024-12-17 07:58:56.577553+00:00,70B3D54999389C9B,ECHO #5,Echo,Road Bridge 600m West of Carmyllie,56.569722,-2.741944,054afbe60e8002770000,419.0,-10.5,3.71,6.31,0
2024-12-17 08:13:56.370449+00:00,70B3D54999389C9B,ECHO #5,Echo,Road Bridge 600m West of Carmyllie,56.569722,-2.741944,0549fbcd0e8c02770000,420.0,-10.75,3.72,6.31,0
2024-12-17 08:43:55.791099+00:00,70B3D54999389C9B,ECHO #5,Echo,Road Bridge 600m West of Carmyllie,56.569722,-2.741944,054afc310e8c027e0000,419.0,-9.75,3.72,6.38,0
2024-12-17 08:58:55.122497+00:00,70B3D54999389C9B,ECHO #5,Echo,Road Bridge 600m West of Carmyllie,56.569722,-2.741944,054afc7c0e94027e0000,419.0,-9.0,3.73,6.38,0
2024-12-17 09:13:56.135196+00:00,70B3D54999389C9B,ECHO #5,Echo,Road Bridge 600m West of Carmyllie,56.569722,-2.741944,054afc630e88027e0000,419.0,-9.25,3.72,6.38,0
2024-12-17 09:28:55.721872+00:00,70B3D54999389C9B,ECHO #5,Echo,Road Bridge 600m West of Carmyllie,56.569722,-2.741944,054ae1ba0e9002750000,419.0,-77.5,3.73,6.29,0
2024-12-17 09:43:59.731491+00:00,70B3D54999389C9B,ECHO #5,Echo,Road Bridge 600m West of Carmyllie,56.569722,-2.741944,054ae1ba0e9802770000,419.0,-77.5,3.74,6.31,0
2024-12-17 09:59:00.016270+00:00,70B3D54999389C9B,ECHO #5,Echo,Road Bridge 600m West of Carmyllie,56.569722,-2.741944,054ae1a10e8c02740000,419.0,-77.75,3.72,6.28,0
2024-12-17 10:14:00.139657+00:00,70B3D54999389C9B,ECHO #5,Echo,Road Bridge 600m West of Carmyllie,56.569722,-2.741944,054afd2b0e9402770000,419.0,-7.25,3.73,6.31,0
2024-12-17 10:28:59.373958+00:00,70B3D54999389C9B,ECHO #5,Echo,Road Bridge 600m West of Carmyllie,56.569722,-2.741944,054bfcf90e9402770000,418.0,-7.75,3.73,6.31,0
2024-12-17 10:43:54.725072+00:00,70B3D54999389C9B,ECHO #5,Echo,Road Bridge 600m West of Carmyllie,56.569722,-2.741944,054bfd8f0e9402770000,418.0,-6.25,3.73,6.31,0
2024-12-17 10:58:55.155611+00:00,70B3D54999389C9B,ECHO #5,Echo,Road Bridge 600m West of Carmyllie,56.569722,-2.741944,054bfd760ea4027e0000,418.0,-6.5,3.75,6.38,0
2024-12-17 11:13:55.259894+00:00,70B3D54999389C9B,ECHO #5,Echo,Road Bridge 600m West of Carmyllie,56.569722,-2.741944,054afd8f0e8c027e0000,419.0,-6.25,3.72,6.38,0
2024-12-17 11:28:54.429289+00:00,70B3D54999389C9B,ECHO #5,Echo,Road Bridge 600m West of Carmyllie,56.569722,-2.741944,054bfd760e80027e0000,418.0,-6.5,3.71,6.38,0
2024-12-17 11:43:55.368461+00:00,70B3D54999389C9B,ECHO #5,Echo,Road Bridge 600m West of Carmyllie,56.569722,-2.741944,054afd760e8802820000,419.0,-6.5,3.72,6.42,0
2024-12-17 11:58:55.071298+00:00,70B3D54999389C9B,ECHO #5,Echo,Road Bridge 600m West of Carmyllie,56.569722,-2.741944,054afd5d0e8c02840000,419.0,-6.75,3.72,6.44,0
2024-12-17 12:13:57.060561+00:00,70B3D54999389C9B,ECHO #5,Echo,Road Bridge 600m West of Carmyllie,56.569722,-2.741944,054afe0c0e9c02880000,419.0,-5.0,3.74,6.48,0
2024-12-17 12:28:55.790557+00:00,70B3D54999389C9B,ECHO #5,Echo,Road Bridge 600m West of Carmyllie,56.569722,-2.741944,054bfdf30e9002870000,418.0,-5.25,3.73,6.47,0
2024-12-17 12:43:55.955475+00:00,70B3D54999389C9B,ECHO #5,Echo,Road Bridge 600m West of Carmyllie,56.569722,-2.741944,054bfdda0e8c028c0000,418.0,-5.5,3.72,6.52,0
2024-12-17 12:58:54.765390+00:00,70B3D54999389C9B,ECHO #5,Echo,Road Bridge 600m West of Carmyllie,56.569722,-2.741944,054afdf30eb0028e0000,419.0,-5.25,3.76,6.54,0
2024-12-17 13:13:59.589900+00:00,70B3D54999389C9B,ECHO #5,Echo,Road Bridge 600m West of Carmyllie,56.569722,-2.741944,054ae5bb0e9402900000,419.0,-67.25,3.73,6.56,0
2024-12-17 13:28:59.408230+00:00,70B3D54999389C9B,ECHO #5,Echo,Road Bridge 600m West of Carmyllie,56.569722,-2.741944,0549e69c0e7c02930000,420.0,-65.0,3.71,6.59,0
2024-12-17 13:43:59.760903+00:00,70B3D54999389C9B,ECHO #5,Echo,Road Bridge 600m West of Carmyllie,56.569722,-2.741944,054ae2500eb802940000,419.0,-76.0,3.77,6.6,0
2024-12-17 13:58:59.170718+00:00,70B3D54999389C9B,ECHO #5,Echo,Road Bridge 600m West of Carmyllie,56.569722,-2.741944,0549e2500e9c02940000,420.0,-76.0,3.74,6.6,0
2024-12-17 14:13:59.202807+00:00,70B3D54999389C9B,ECHO #5,Echo,Road Bridge 600m West of Carmyllie,56.569722,-2.741944,0549fd5d0e8402960000,420.0,-6.75,3.72,6.62,0
2024-12-17 14:28:59.914129+00:00,70B3D54999389C9B,ECHO #5,Echo,Road Bridge 600m West of Carmyllie,56.569722,-2.741944,0549fd5d0ea802990000,420.0,-6.75,3.75,6.65,0
2024-12-17 14:43:59.224926+00:00,70B3D54999389C9B,ECHO #5,Echo,Road Bridge 600m West of Carmyllie,56.569722,-2.741944,0549fd8f0e8c02960000,420.0,-6.25,3.72,6.62,0
2024-12-17 14:58:58.959157+00:00,70B3D54999389C9B,ECHO #5,Echo,Road Bridge 600m West of Carmyllie,56.569722,-2.741944,0549fcf90e9002960000,420.0,-7.75,3.73,6.62,0
2024-12-17 15:13:59.574031+00:00,70B3D54999389C9B,ECHO #5,Echo,Road Bridge 600m West of Carmyllie,56.569722,-2.741944,0548fcae0e8c02960000,421.0,-8.5,3.72,6.62,0
2024-12-17 15:28:54.228416+00:00,70B3D54999389C9B,ECHO #5,Echo,Road Bridge 600m West of Carmyllie,56.569722,-2.741944,0548fce00e9402960000,421.0,-8.0,3.73,6.62,0
2024-12-17 15:43:54.579118+00:00,70B3D54999389C9B,ECHO #5,Echo,Road Bridge 600m West of Carmyllie,56.569722,-2.741944,0548fc7c0e7802960000,421.0,-9.0,3.7,6.62,0
2024-12-17 15:58:54.606255+00:00,70B3D54999389C9B,ECHO #5,Echo,Road Bridge 600m West of Carmyllie,56.569722,-2.741944,0547fbe60e7c02940000,422.0,-10.5,3.71,6.6,0
2024-12-17 16:13:55.664096+00:00,70B3D54999389C9B,ECHO #5,Echo,Road Bridge 600m West of Carmyllie,56.569722,-2.741944,0547fbe60e9402960000,422.0,-10.5,3.73,6.62,0
2024-12-17 16:28:54.728276+00:00,70B3D54999389C9B,ECHO #5,Echo,Road Bridge 600m West of Carmyllie,56.569722,-2.741944,0547fbff0e7002960000,422.0,-10.25,3.7,6.62,0
2024-12-17 16:43:54.778703+00:00,70B3D54999389C9B,ECHO #5,Echo,Road Bridge 600m West of Carmyllie,56.569722,-2.741944,0547fb820e8802940000,422.0,-11.5,3.72,6.6,0
2024-12-17 16:58:54.713660+00:00,70B3D54999389C9B,ECHO #5,Echo,Road Bridge 600m West of Carmyllie,56.569722,-2.741944,0546fb1e0e90028e0000,423.0,-12.5,3.73,6.54,0
2024-12-17 17:13:54.190625+00:00,70B3D54999389C9B,ECHO #5,Echo,Road Bridge 600m West of Carmyllie,56.569722,-2.741944,0546fb050e8c028a0000,423.0,-12.75,3.72,6.5,0
2024-12-17 17:28:54.451920+00:00,70B3D54999389C9B,ECHO #5,Echo,Road Bridge 600m West of Carmyllie,56.569722,-2.741944,0543e1ba0e8802900000,426.0,-77.5,3.72,6.56,0
2024-12-17 17:43:58.178258+00:00,70B3D54999389C9B,ECHO #5,Echo,Road Bridge 600m West of Carmyllie,56.569722,-2.741944,053ce1ba0e9802920000,433.0,-77.5,3.74,6.58,0
2024-12-17 17:58:55.076660+00:00,70B3D54999389C9B,ECHO #5,Echo,Road Bridge 600m West of Carmyllie,56.569722,-2.741944,053be1ba0e6402960000,434.0,-77.5,3.68,6.62,0
2024-12-17 18:13:54.707001+00:00,70B3D54999389C9B,ECHO #5,Echo,Road Bridge 600m West of Carmyllie,56.569722,-2.741944,053efb820e9802940000,431.0,-11.5,3.74,6.6,0
2024-12-17 18:28:55.617966+00:00,70B3D54999389C9B,ECHO #5,Echo,Road Bridge 600m West of Carmyllie,56.569722,-2.741944,0540fb690e8802940000,429.0,-11.75,3.72,6.6,0
2024-12-17 18:43:55.992717+00:00,70B3D54999389C9B,ECHO #5,Echo,Road Bridge 600m West of Carmyllie,56.569722,-2.741944,0542fc180e9402900000,427.0,-10.0,3.73,6.56,0
2024-12-17 18:58:54.028860+00:00,70B3D54999389C9B,ECHO #5,Echo,Road Bridge 600m West of Carmyllie,56.569722,-2.741944,0542fb050e8802900000,427.0,-12.75,3.72,6.56,0
2024-12-17 19:13:54.870647+00:00,70B3D54999389C9B,ECHO #5,Echo,Road Bridge 600m West of Carmyllie,56.569722,-2.741944,053ffb500e84028e0000,430.0,-12.0,3.72,6.54,0
2024-12-17 19:28:54.917269+00:00,70B3D54999389C9B,ECHO #5,Echo,Road Bridge 600m West of Carmyllie,56.569722,-2.741944,053dfaba0ea0028c0000,432.0,-13.5,3.74,6.52,0
2024-12-17 19:43:54.825671+00:00,70B3D54999389C9B,ECHO #5,Echo,Road Bridge 600m West of Carmyllie,56.569722,-2.741944,053bfaa10e8c028a0000,434.0,-13.75,3.72,6.5,0
2024-12-17 19:58:58.972192+00:00,70B3D54999389C9B,ECHO #5,Echo,Road Bridge 600m West of Carmyllie,56.569722,-2.741944,053bfaa10e94028e0000,434.0,-13.75,3.73,6.54,0
2024-12-17 20:13:58.999083+00:00,70B3D54999389C9B,ECHO #5,Echo,Road Bridge 600m West of Carmyllie,56.569722,-2.741944,0539fb1e0e8c02900000,436.0,-12.5,3.72,6.56,0
2024-12-17 20:28:58.480027+00:00,70B3D54999389C9B,ECHO #5,Echo,Road Bridge 600m West of Carmyllie,56.569722,-2.741944,0537faa10e7002900000,438.0,-13.75,3.7,6.56,0
2024-12-17 20:43:58.803549+00:00,70B3D54999389C9B,ECHO #5,Echo,Road Bridge 600m West of Carmyllie,56.569722,-2.741944,053bfb500e7802900000,434.0,-12.0,3.7,6.56,0
2024-12-17 20:58:58.945070+00:00,70B3D54999389C9B,ECHO #5,Echo,Road Bridge 600m West of Carmyllie,56.569722,-2.741944,053cfaba0e9802900000,433.0,-13.5,3.74,6.56,0
2024-12-17 21:13:59.208210+00:00,70B3D54999389C9B,ECHO #5,Echo,Road Bridge 600m West of Carmyllie,56.569722,-2.741944,053be1ba0e88028e0000,434.0,-77.5,3.72,6.54,0
2024-12-17 21:28:58.945975+00:00,70B3D54999389C9B,ECHO #5,Echo,Road Bridge 600m West of Carmyllie,56.569722,-2.741944,0539e1ba0ea0028c0000,436.0,-77.5,3.74,6.52,0
2024-12-17 21:43:58.520814+00:00,70B3D54999389C9B,ECHO #5,Echo,Road Bridge 600m West of Carmyllie,56.569722,-2.741944,0538e1ba0ea4028a0000,437.0,-77.5,3.75,6.5,0
2024-12-17 21:58:58.560347+00:00,70B3D54999389C9B,ECHO #5,Echo,Road Bridge 600m West of Carmyllie,56.569722,-2.741944,0537e1ba0e84028a0000,438.0,-77.5,3.72,6.5,0
2024-12-17 22:13:58.552698+00:00,70B3D54999389C9B,ECHO #5,Echo,Road Bridge 600m West of Carmyllie,56.569722,-2.741944,0536fb050e94028a0000,439.0,-12.75,3.73,6.5,0
2024-12-17 22:28:58.788378+00:00,70B3D54999389C9B,ECHO #5,Echo,Road Bridge 600m West of Carmyllie,56.569722,-2.741944,0537fb9b0e6c028a0000,438.0,-11.25,3.69,6.5,0
2024-12-17 22:43:58.609535+00:00,70B3D54999389C9B,ECHO #5,Echo,Road Bridge 600m West of Carmyllie,56.569722,-2.741944,0537fb820e84028a0000,438.0,-11.5,3.72,6.5,0
2024-12-17 22:58:59.131851+00:00,70B3D54999389C9B,ECHO #5,Echo,Road Bridge 600m West of Carmyllie,56.569722,-2.741944,0537fb690e9002880000,438.0,-11.75,3.73,6.48,0
2024-12-17 23:13:58.469219+00:00,70B3D54999389C9B,ECHO #5,Echo,Road Bridge 600m West of Carmyllie,56.569722,-2.741944,0536fbe60e94028a0000,439.0,-10.5,3.73,6.5,0
2024-12-17 23:28:59.146950+00:00,70B3D54999389C9B,ECHO #5,Echo,Road Bridge 600m West of Carmyllie,56.569722,-2.741944,0535fbcd0e78028a0000,440.0,-10.75,3.7,6.5,0
2024-12-17 23:43:53.705724+00:00,70B3D54999389C9B,ECHO #5,Echo,Road Bridge 600m West of Carmyllie,56.569722,-2.741944,0534fc630e9c028c0000,441.0,-9.25,3.74,6.52,0
2024-12-17 23:58:54.769990+00:00,70B3D54999389C9B,ECHO #5,Echo,Road Bridge 600m West of Carmyllie,56.569722,-2.741944,0534fc4a0e8802900000,441.0,-9.5,3.72,6.56,0
2024-12-18 00:13:54.152929+00:00,70B3D54999389C9B,ECHO #5,Echo,Road Bridge 600m West of Carmyllie,56.569722,-2.741944,0534fcc70e94028c0000,441.0,-8.25,3.73,6.52,0
2024-12-18 00:28:55.005105+00:00,70B3D54999389C9B,ECHO #5,Echo,Road Bridge 600m West of Carmyllie,56.569722,-2.741944,0533fc950ea4028d0000,442.0,-8.75,3.75,6.53,0
2024-12-18 00:43:54.682316+00:00,70B3D54999389C9B,ECHO #5,Echo,Road Bridge 600m West of Carmyllie,56.569722,-2.741944,0532fd120e8802900000,443.0,-7.5,3.72,6.56,0
2024-12-18 00:58:54.369102+00:00,70B3D54999389C9B,ECHO #5,Echo,Road Bridge 600m West of Carmyllie,56.569722,-2.741944,0532fd5d0e9402900000,443.0,-6.75,3.73,6.56,0
2024-12-18 01:13:54.688311+00:00,70B3D54999389C9B,ECHO #5,Echo,Road Bridge 600m West of Carmyllie,56.569722,-2.741944,052ffdda0e8c02900000,446.0,-5.5,3.72,6.56,0
2024-12-18 01:28:56.136361+00:00,70B3D54999389C9B,ECHO #5,Echo,Road Bridge 600m West of Carmyllie,56.569722,-2.741944,052ee9a30ea002960000,447.0,-57.25,3.74,6.62,0
2024-12-18 01:43:54.750987+00:00,70B3D54999389C9B,ECHO #5,Echo,Road Bridge 600m West of Carmyllie,56.569722,-2.741944,0530efe30e8c02940000,445.0,-41.25,3.72,6.6,0
2024-12-18 01:58:54.907610+00:00,70B3D54999389C9B,ECHO #5,Echo,Road Bridge 600m West of Carmyllie,56.569722,-2.741944,052ef18c0e8c029a0000,447.0,-37.0,3.72,6.66,0
2024-12-18 02:13:53.978541+00:00,70B3D54999389C9B,ECHO #5,Echo,Road Bridge 600m West of Carmyllie,56.569722,-2.741944,052e00e10ea002990000,447.0,2.25,3.74,6.65,0
2024-12-18 02:28:55.207439+00:00,70B3D54999389C9B,ECHO #5,Echo,Road Bridge 600m West of Carmyllie,56.569722,-2.741944,052c012c0e94029d0000,449.0,3.0,3.73,6.69,0
2024-12-18 02:43:54.639305+00:00,70B3D54999389C9B,ECHO #5,Echo,Road Bridge 600m West of Carmyllie,56.569722,-2.741944,052b01a90e98029d0000,450.0,4.25,3.74,6.69,0
2024-12-18 02:58:54.169764+00:00,70B3D54999389C9B,ECHO #5,Echo,Road Bridge 600m West of Carmyllie,56.569722,-2.741944,052b01db0eac029f0000,450.0,4.75,3.76,6.71,0
2024-12-18 03:13:54.835899+00:00,70B3D54999389C9B,ECHO #5,Echo,Road Bridge 600m West of Carmyllie,56.569722,-2.741944,052a02260e7802a30000,451.0,5.5,3.7,6.75,0
2024-12-18 03:28:53.612596+00:00,70B3D54999389C9B,ECHO #5,Echo,Road Bridge 600m West of Carmyllie,56.569722,-2.741944,052d023f0e8c02a50000,448.0,5.75,3.72,6.77,0
2024-12-18 03:43:54.620823+00:00,70B3D54999389C9B,ECHO #5,Echo,Road Bridge 600m West of Carmyllie,56.569722,-2.741944,052b023f0eb002a70000,450.0,5.75,3.76,6.79,0
2024-12-18 03:58:53.747120+00:00,70B3D54999389C9B,ECHO #5,Echo,Road Bridge 600m West of Carmyllie,56.569722,-2.741944,052a02580ea802a70000,451.0,6.0,3.75,6.79,0
2024-12-18 04:13:54.336500+00:00,70B3D54999389C9B,ECHO #5,Echo,Road Bridge 600m West of Carmyllie,56.569722,-2.741944,052a023f0e8402a70000,451.0,5.75,3.72,6.79,0
2024-12-18 04:28:55.594503+00:00,70B3D54999389C9B,ECHO #5,Echo,Road Bridge 600m West of Carmyllie,56.569722,-2.741944,052a02580e9802ad0000,451.0,6.0,3.74,6.85,0
2024-12-18 04:43:53.744682+00:00,70B3D54999389C9B,ECHO #5,Echo,Road Bridge 600m West of Carmyllie,56.569722,-2.741944,052c028a0e9802ad0000,449.0,6.5,3.74,6.85,0
2024-12-18 04:58:55.094799+00:00,70B3D54999389C9B,ECHO #5,Echo,Road Bridge 600m West of Carmyllie,56.569722,-2.741944,052c028a0e7802b20000,449.0,6.5,3.7,6.9,0
2024-12-18 05:13:53.505627+00:00,70B3D54999389C9B,ECHO #5,Echo,Road Bridge 600m West of Carmyllie,56.569722,-2.741944,052c028a0e8c02b20000,449.0,6.5,3.72,6.9,0
2024-12-18 05:28:54.248926+00:00,70B3D54999389C9B,ECHO #5,Echo,Road Bridge 600m West of Carmyllie,56.569722,-2.741944,052af8170eb002b40000,451.0,-20.25,3.76,6.92,0
2024-12-18 05:43:54.230190+00:00,70B3D54999389C9B,ECHO #5,Echo,Road Bridge 600m West of Carmyllie,56.569722,-2.741944,0528f8170ea402b60000,453.0,-20.25,3.75,6.94,0
2024-12-18 05:58:58.336327+00:00,70B3D54999389C9B,ECHO #5,Echo,Road Bridge 600m West of Carmyllie,56.569722,-2.741944,0528f8170eb002b80000,453.0,-20.25,3.76,6.96,0
2024-12-18 06:13:58.058950+00:00,70B3D54999389C9B,ECHO #5,Echo,Road Bridge 600m West of Carmyllie,56.569722,-2.741944,052a028a0ea002b80000,451.0,6.5,3.74,6.96,0
2024-12-18 06:28:57.964330+00:00,70B3D54999389C9B,ECHO #5,Echo,Road Bridge 600m West of Carmyllie,56.569722,-2.741944,052902a30ea802ba0000,452.0,6.75,3.75,6.98,0
2024-12-18 06:43:58.659733+00:00,70B3D54999389C9B,ECHO #5,Echo,Road Bridge 600m West of Carmyllie,56.569722,-2.741944,052902a30e9402ba0000,452.0,6.75,3.73,6.98,0
2024-12-18 06:58:53.324177+00:00,70B3D54999389C9B,ECHO #5,Echo,Road Bridge 600m West of Carmyllie,56.569722,-2.741944,0527028a0e9402bc0000,454.0,6.5,3.73,7.0,0
2024-12-18 07:13:54.113005+00:00,70B3D54999389C9B,ECHO #5,Echo,Road Bridge 600m West of Carmyllie,56.569722,-2.741944,052802710ea802be0000,453.0,6.25,3.75,7.02,0
2024-12-18 07:28:53.955132+00:00,70B3D54999389C9B,ECHO #5,Echo,Road Bridge 600m West of Carmyllie,56.569722,-2.741944,0528023f0eb402ba0000,453.0,5.75,3.76,6.98,0
2024-12-18 07:43:58.028149+00:00,70B3D54999389C9B,ECHO #5,Echo,Road Bridge 600m West of Carmyllie,56.569722,-2.741944,0528023f0ea002b90000,453.0,5.75,3.74,6.97,0
2024-12-18 07:58:58.593687+00:00,70B3D54999389C9B,ECHO #5,Echo,Road Bridge 600m West of Carmyllie,56.569722,-2.741944,052902260ea802bc0000,452.0,5.5,3.75,7.0,0
2024-12-18 08:13:58.849962+00:00,70B3D54999389C9B,ECHO #5,Echo,Road Bridge 600m West of Carmyllie,56.569722,-2.741944,052601a90eb802be0000,455.0,4.25,3.77,7.02,0
2024-12-18 08:28:58.127454+00:00,70B3D54999389C9B,ECHO #5,Echo,Road Bridge 600m West of Carmyllie,56.569722,-2.741944,052601900ea802bc0000,455.0,4.0,3.75,7.0,0
2024-12-18 08:43:57.964975+00:00,70B3D54999389C9B,ECHO #5,Echo,Road Bridge 600m West of Carmyllie,56.569722,-2.741944,0527015e0ea802bc0000,454.0,3.5,3.75,7.0,0
2024-12-18 08:58:57.942322+00:00,70B3D54999389C9B,ECHO #5,Echo,Road Bridge 600m West of Carmyllie,56.569722,-2.741944,052a00fa0e9802bc0000,451.0,2.5,3.74,7.0,0
2024-12-18 09:13:58.759569+00:00,70B3D54999389C9B,ECHO #5,Echo,Road Bridge 600m West of Carmyllie,56.569722,-2.741944,0527f0790eac02b90000,454.0,-39.75,3.76,6.97,0
2024-12-18 09:28:58.443890+00:00,70B3D54999389C9B,ECHO #5,Echo,Road Bridge 600m West of Carmyllie,56.569722,-2.741944,0527efb10e9c02b80000,454.0,-41.75,3.74,6.96,0
2024-12-18 09:43:58.097666+00:00,70B3D54999389C9B,ECHO #5,Echo,Road Bridge 600m West of Carmyllie,56.569722,-2.741944,0527efe30eb002b60000,454.0,-41.25,3.76,6.94,0
2024-12-18 09:58:58.399481+00:00,70B3D54999389C9B,ECHO #5,Echo,Road Bridge 600m West of Carmyllie,56.569722,-2.741944,0527ff060e9402b60000,454.0,-2.5,3.73,6.94,0
2024-12-18 10:13:58.203839+00:00,70B3D54999389C9B,ECHO #5,Echo,Road Bridge 600m West of Carmyllie,56.569722,-2.741944,0526febb0eac02b40000,455.0,-3.25,3.76,6.92,0
2024-12-18 10:28:58.118827+00:00,70B3D54999389C9B,ECHO #5,Echo,Road Bridge 600m West of Carmyllie,56.569722,-2.741944,0527fea20e9802b00000,454.0,-3.5,3.74,6.88,0
2024-12-18 10:43:58.614098+00:00,70B3D54999389C9B,ECHO #5,Echo,Road Bridge 600m West of Carmyllie,56.569722,-2.741944,0528febb0e8402b00000,453.0,-3.25,3.72,6.88,0
2024-12-18 10:58:54.083345+00:00,70B3D54999389C9B,ECHO #5,Echo,Road Bridge 600m West of Carmyllie,56.569722,-2.741944,0528fe250ea002b00000,453.0,-4.75,3.74,6.88,0
2024-12-18 11:13:53.081598+00:00,70B3D54999389C9B,ECHO #5,Echo,Road Bridge 600m West of Carmyllie,56.569722,-2.741944,052afe250eb002b00000,451.0,-4.75,3.76,6.88,0
2024-12-18 11:28:54.003981+00:00,70B3D54999389C9B,ECHO #5,Echo,Road Bridge 600m West of Carmyllie,56.569722,-2.741944,0529ff9c0e9802ab0000,452.0,-1.0,3.74,6.83,0
2024-12-18 11:43:53.254491+00:00,70B3D54999389C9B,ECHO #5,Echo,Road Bridge 600m West of Carmyllie,56.569722,-2.741944,052bff510e9802a90000,450.0,-1.75,3.74,6.81,0
2024-12-18 11:58:53.957092+00:00,70B3D54999389C9B,ECHO #5,Echo,Road Bridge 600m West of Carmyllie,56.569722,-2.741944,052afebb0e6c02a90000,451.0,-3.25,3.69,6.81,0
2024-12-18 12:13:53.611485+00:00,70B3D54999389C9B,ECHO #5,Echo,Road Bridge 600m West of Carmyllie,56.569722,-2.741944,052bfe3e0e9002a70000,450.0,-4.5,3.73,6.79,0
2024-12-18 12:28:53.604650+00:00,70B3D54999389C9B,ECHO #5,Echo,Road Bridge 600m West of Carmyllie,56.569722,-2.741944,052cfe700e9402a50000,449.0,-4.0,3.73,6.77,0
2024-12-18 12:43:54.115512+00:00,70B3D54999389C9B,ECHO #5,Echo,Road Bridge 600m West of Carmyllie,56.569722,-2.741944,052bfdc10e8c02a00000,450.0,-5.75,3.72,6.72,0
2024-12-18 12:58:53.642883+00:00,70B3D54999389C9B,ECHO #5,Echo,Road Bridge 600m West of Carmyllie,56.569722,-2.741944,052bfdda0e9c02a10000,450.0,-5.5,3.74,6.73,0
2024-12-18 13:13:54.515596+00:00,70B3D54999389C9B,ECHO #5,Echo,Road Bridge 600m West of Carmyllie,56.569722,-2.741944,052afdf30ea4029a0000,451.0,-5.25,3.75,6.66,0
2024-12-18 13:28:53.570781+00:00,70B3D54999389C9B,ECHO #5,Echo,Road Bridge 600m West of Carmyllie,56.569722,-2.741944,052de50c0ea0029b0000,448.0,-69.0,3.74,6.67,0
2024-12-18 13:43:53.156601+00:00,70B3D54999389C9B,ECHO #5,Echo,Road Bridge 600m West of Carmyllie,56.569722,-2.741944,052de1a10e70029b0000,448.0,-77.75,3.7,6.67,0
2024-12-18 13:58:57.977691+00:00,70B3D54999389C9B,ECHO #5,Echo,Road Bridge 600m West of Carmyllie,56.569722,-2.741944,052ce1ba0ea802960000,449.0,-77.5,3.75,6.62,0
2024-12-18 14:13:58.193505+00:00,70B3D54999389C9B,ECHO #5,Echo,Road Bridge 600m West of Carmyllie,56.569722,-2.741944,052dfb500e7002930000,448.0,-12.0,3.7,6.59,0
2024-12-18 14:28:53.882717+00:00,70B3D54999389C9B,ECHO #5,Echo,Road Bridge 600m West of Carmyllie,56.569722,-2.741944,052cfbcd0ea002920000,449.0,-10.75,3.74,6.58,0
2024-12-18 14:43:52.821988+00:00,70B3D54999389C9B,ECHO #5,Echo,Road Bridge 600m West of Carmyllie,56.569722,-2.741944,052dfb370ea8028e0000,448.0,-12.25,3.75,6.54,0
2024-12-18 14:58:58.491577+00:00,70B3D54999389C9B,ECHO #5,Echo,Road Bridge 600m West of Carmyllie,56.569722,-2.741944,052ef9430ea4028e0000,447.0,-17.25,3.75,6.54,0
2024-12-18 15:13:53.102194+00:00,70B3D54999389C9B,ECHO #5,Echo,Road Bridge 600m West of Carmyllie,56.569722,-2.741944,052df8df0e7c028c0000,448.0,-18.25,3.71,6.52,0
2024-12-18 15:28:57.489119+00:00,70B3D54999389C9B,ECHO #5,Echo,Road Bridge 600m West of Carmyllie,56.569722,-2.741944,052ef8620ea8028a0000,447.0,-19.5,3.75,6.5,0
2024-12-18 15:43:57.680442+00:00,70B3D54999389C9B,ECHO #5,Echo,Road Bridge 600m West of Carmyllie,56.569722,-2.741944,052ef87b0e9c02870000,447.0,-19.25,3.74,6.47,0
2024-12-18 15:58:57.576094+00:00,70B3D54999389C9B,ECHO #5,Echo,Road Bridge 600m West of Carmyllie,56.569722,-2.741944,0531f7b30e6c02840000,444.0,-21.25,3.69,6.44,0
2024-12-18 16:13:58.120607+00:00,70B3D54999389C9B,ECHO #5,Echo,Road Bridge 600m West of Carmyllie,56.569722,-2.741944,052ff5a60e8802800000,446.0,-26.5,3.72,6.4,0
2024-12-18 16:28:57.804250+00:00,70B3D54999389C9B,ECHO #5,Echo,Road Bridge 600m West of Carmyllie,56.569722,-2.741944,0531f4930e90027e0000,444.0,-29.25,3.73,6.38,0
2024-12-18 16:43:58.215734+00:00,70B3D54999389C9B,ECHO #5,Echo,Road Bridge 600m West of Carmyllie,56.569722,-2.741944,0530f2ea0ea402770000,445.0,-33.5,3.75,6.31,0
2024-12-18 16:58:53.408087+00:00,70B3D54999389C9B,ECHO #5,Echo,Road Bridge 600m West of Carmyllie,56.569722,-2.741944,052ef23b0e7c02750000,447.0,-35.25,3.71,6.29,0
2024-12-18 17:13:52.529018+00:00,70B3D54999389C9B,ECHO #5,Echo,Road Bridge 600m West of Carmyllie,56.569722,-2.741944,052ff18c0e9c026f0000,446.0,-37.0,3.74,6.23,0
2024-12-18 17:28:57.349302+00:00,70B3D54999389C9B,ECHO #5,Echo,Road Bridge 600m West of Carmyllie,56.569722,-2.741944,053009ab0e7002690000,445.0,24.75,3.7,6.17,0
2024-12-18 17:43:57.983280+00:00,70B3D54999389C9B,ECHO #5,Echo,Road Bridge 600m West of Carmyllie,56.569722,-2.741944,052ff8ad0e8002670000,446.0,-18.75,3.71,6.15,0
2024-12-18 17:58:57.081039+00:00,70B3D54999389C9B,ECHO #5,Echo,Road Bridge 600m West of Carmyllie,56.569722,-2.741944,052ff8df0e9402620000,446.0,-18.25,3.73,6.1,0
2024-12-18 18:13:57.370346+00:00,70B3D54999389C9B,ECHO #5,Echo,Road Bridge 600m West of Carmyllie,56.569722,-2.741944,052fedef0e9402600000,446.0,-46.25,3.73,6.08,0
2024-12-18 18:28:57.261010+00:00,70B3D54999389C9B,ECHO #5,Echo,Road Bridge 600m West of Carmyllie,56.569722,-2.741944,052eebc90e98025b0000,447.0,-51.75,3.74,6.03,0
2024-12-18 18:43:57.467781+00:00,70B3D54999389C9B,ECHO #5,Echo,Road Bridge 600m West of Carmyllie,56.569722,-2.741944,0530e9580e8002550000,445.0,-58.0,3.71,5.97,0
2024-12-18 18:58:57.079330+00:00,70B3D54999389C9B,ECHO #5,Echo,Road Bridge 600m West of Carmyllie,56.569722,-2.741944,052fe7af0e9002540000,446.0,-62.25,3.73,5.96,0
2024-12-18 19:13:56.847802+00:00,70B3D54999389C9B,ECHO #5,Echo,Road Bridge 600m West of Carmyllie,56.569722,-2.741944,052fe8900e5c02500000,446.0,-60.0,3.68,5.92,0
2024-12-18 19:28:57.395559+00:00,70B3D54999389C9B,ECHO #5,Echo,Road Bridge 600m West of Carmyllie,56.569722,-2.741944,0531e5890e6c024e0000,444.0,-67.75,3.69,5.9,0
2024-12-18 19:43:56.883709+00:00,70B3D54999389C9B,ECHO #5,Echo,Road Bridge 600m West of Carmyllie,56.569722,-2.741944,0530e6060e8c02490000,445.0,-66.5,3.72,5.85,0
2024-12-18 19:58:57.074519+00:00,70B3D54999389C9B,ECHO #5,Echo,Road Bridge 600m West of Carmyllie,56.569722,-2.741944,0532e4440e7402470000,443.0,-71.0,3.7,5.83,0
2024-12-18 20:13:51.899004+00:00,70B3D54999389C9B,ECHO #5,Echo,Road Bridge 600m West of Carmyllie,56.569722,-2.741944,0531e2050e8802450000,444.0,-76.75,3.72,5.81,0
2024-12-18 20:28:52.217357+00:00,70B3D54999389C9B,ECHO #5,Echo,Road Bridge 600m West of Carmyllie,56.569722,-2.741944,0531e3630e9002410000,444.0,-73.25,3.73,5.77,0
2024-12-18 20:43:51.316689+00:00,70B3D54999389C9B,ECHO #5,Echo,Road Bridge 600m West of Carmyllie,56.569722,-2.741944,0532e2370e70023f0000,443.0,-76.25,3.7,5.75,0
2024-12-18 20:58:51.232263+00:00,70B3D54999389C9B,ECHO #5,Echo,Road Bridge 600m West of Carmyllie,56.569722,-2.741944,0530e2b40e8c02390000,445.0,-75.0,3.72,5.69,0
2024-12-18 21:13:52.075794+00:00,70B3D54999389C9B,ECHO #5,Echo,Road Bridge 600m West of Carmyllie,56.569722,-2.741944,0530e2500e70023b0000,445.0,-76.0,3.7,5.71,0
2024-12-18 21:28:52.261168+00:00,70B3D54999389C9B,ECHO #5,Echo,Road Bridge 600m West of Carmyllie,56.569722,-2.741944,053008e30e7802370000,445.0,22.75,3.7,5.67,0
2024-12-18 21:43:52.521990+00:00,70B3D54999389C9B,ECHO #5,Echo,Road Bridge 600m West of Carmyllie,56.569722,-2.741944,053108e30e8c02320000,444.0,22.75,3.72,5.62,0
2024-12-18 21:58:51.757489+00:00,70B3D54999389C9B,ECHO #5,Echo,Road Bridge 600m West of Carmyllie,56.569722,-2.741944,053208e30e8802350000,443.0,22.75,3.72,5.65,0
2024-12-18 22:13:51.811755+00:00,70B3D54999389C9B,ECHO #5,Echo,Road Bridge 600m West of Carmyllie,56.569722,-2.741944,0533e6380e8402300000,442.0,-66.0,3.72,5.6,0
2024-12-18 22:28:51.478871+00:00,70B3D54999389C9B,ECHO #5,Echo,Road Bridge 600m West of Carmyllie,56.569722,-2.741944,0532e3180e7002300000,443.0,-74.0,3.7,5.6,0
2024-12-18 22:43:52.008788+00:00,70B3D54999389C9B,ECHO #5,Echo,Road Bridge 600m West of Carmyllie,56.569722,-2.741944,0531e3180e88022c0000,444.0,-74.0,3.72,5.56,0
2024-12-18 22:58:55.631937+00:00,70B3D54999389C9B,ECHO #5,Echo,Road Bridge 600m West of Carmyllie,56.569722,-2.741944,0534e2370e80022c0000,441.0,-76.25,3.71,5.56,0
2024-12-18 23:13:55.660900+00:00,70B3D54999389C9B,ECHO #5,Echo,Road Bridge 600m West of Carmyllie,56.569722,-2.741944,0534e1ba0e94022a0000,441.0,-77.5,3.73,5.54,0
2024-12-18 23:28:55.284142+00:00,70B3D54999389C9B,ECHO #5,Echo,Road Bridge 600m West of Carmyllie,56.569722,-2.741944,0533e1a10e9402280000,442.0,-77.75,3.73,5.52,0
2024-12-18 23:43:55.803023+00:00,70B3D54999389C9B,ECHO #5,Echo,Road Bridge 600m West of Carmyllie,56.569722,-2.741944,0533e1ba0e68022a0000,442.0,-77.5,3.69,5.54,0
2024-12-18 23:58:55.900973+00:00,70B3D54999389C9B,ECHO #5,Echo,Road Bridge 600m West of Carmyllie,56.569722,-2.741944,0533e1ba0e6c02290000,442.0,-77.5,3.69,5.53,0
2024-12-19 00:13:50.216172+00:00,70B3D54999389C9B,ECHO #5,Echo,Road Bridge 600m West of Carmyllie,56.569722,-2.741944,0534e1ba0e6802260000,441.0,-77.5,3.69,5.5,0
2024-12-19 00:28:55.078449+00:00,70B3D54999389C9B,ECHO #5,Echo,Road Bridge 600m West of Carmyllie,56.569722,-2.741944,0533e1ba0e7c02240000,442.0,-77.5,3.71,5.48,0
2024-12-19 00:43:55.308405+00:00,70B3D54999389C9B,ECHO #5,Echo,Road Bridge 600m West of Carmyllie,56.569722,-2.741944,0534e1ba0e7802230000,441.0,-77.5,3.7,5.47,0
2024-12-19 00:58:54.731050+00:00,70B3D54999389C9B,ECHO #5,Echo,Road Bridge 600m West of Carmyllie,56.569722,-2.741944,0534e1ba0e8002220000,441.0,-77.5,3.71,5.46,0
2024-12-19 01:13:55.467786+00:00,70B3D54999389C9B,ECHO #5,Echo,Road Bridge 600m West of Carmyllie,56.569722,-2.741944,0536f9f20e8402200000,439.0,-15.5,3.72,5.44,0
2024-12-19 01:28:50.548561+00:00,70B3D54999389C9B,ECHO #5,Echo,Road Bridge 600m West of Carmyllie,56.569722,-2.741944,0535f9c00e7c021c0000,440.0,-16.0,3.71,5.4,0
2024-12-19 01:43:51.073060+00:00,70B3D54999389C9B,ECHO #5,Echo,Road Bridge 600m West of Carmyllie,56.569722,-2.741944,053508e30e78021c0000,440.0,22.75,3.7,5.4,0
2024-12-19 01:58:49.906165+00:00,70B3D54999389C9B,ECHO #5,Echo,Road Bridge 600m West of Carmyllie,56.569722,-2.741944,053508b10e74021a0000,440.0,22.25,3.7,5.38,0
2024-12-19 02:13:51.124306+00:00,70B3D54999389C9B,ECHO #5,Echo,Road Bridge 600m West of Carmyllie,56.569722,-2.741944,0535e1d30e8c02170000,440.0,-77.25,3.72,5.35,0
2024-12-19 02:28:50.092290+00:00,70B3D54999389C9B,ECHO #5,Echo,Road Bridge 600m West of Carmyllie,56.569722,-2.741944,0535e1ec0e8002110000,440.0,-77.0,3.71,5.29,0
2024-12-19 02:43:50.266173+00:00,70B3D54999389C9B,ECHO #5,Echo,Road Bridge 600m West of Carmyllie,56.569722,-2.741944,0536e1ec0e9002110000,439.0,-77.0,3.73,5.29,0
2024-12-19 02:58:49.629606+00:00,70B3D54999389C9B,ECHO #5,Echo,Road Bridge 600m West of Carmyllie,56.569722,-2.741944,0534e1ec0e84020d0000,441.0,-77.0,3.72,5.25,0
2024-12-19 03:13:50.464812+00:00,70B3D54999389C9B,ECHO #5,Echo,Road Bridge 600m West of Carmyllie,56.569722,-2.741944,0537e1d30e54020b0000,438.0,-77.25,3.67,5.23,0
2024-12-19 03:28:49.407272+00:00,70B3D54999389C9B,ECHO #5,Echo,Road Bridge 600m West of Carmyllie,56.569722,-2.741944,0536e1ec0e7c020b0000,439.0,-77.0,3.71,5.23,0
2024-12-19 03:43:49.330640+00:00,70B3D54999389C9B,ECHO #5,Echo,Road Bridge 600m West of Carmyllie,56.569722,-2.741944,0536e1d30e8802090000,439.0,-77.25,3.72,5.21,0
2024-12-19 03:58:49.547738+00:00,70B3D54999389C9B,ECHO #5,Echo,Road Bridge 600m West of Carmyllie,56.569722,-2.741944,0536e1d30e9402090000,439.0,-77.25,3.73,5.21,0
2024-12-19 04:13:49.642622+00:00,70B3D54999389C9B,ECHO #5,Echo,Road Bridge 600m West of Carmyllie,56.569722,-2.741944,0535e1d30e8802090000,440.0,-77.25,3.72,5.21,0
2024-12-19 04:28:50.495355+00:00,70B3D54999389C9B,ECHO #5,Echo,Road Bridge 600m West of Carmyllie,56.569722,-2.741944,0536e1d30e9002040000,439.0,-77.25,3.73,5.16,0
2024-12-19 04:43:50.815156+00:00,70B3D54999389C9B,ECHO #5,Echo,Road Bridge 600m West of Carmyllie,56.569722,-2.741944,0536e1d30e7c02000000,439.0,-77.25,3.71,5.12,0
2024-12-19 04:58:49.834579+00:00,70B3D54999389C9B,ECHO #5,Echo,Road Bridge 600m West of Carmyllie,56.569722,-2.741944,0537e1d30e8402000000,438.0,-77.25,3.72,5.12,0
2024-12-19 05:13:48.999458+00:00,70B3D54999389C9B,ECHO #5,Echo,Road Bridge 600m West of Carmyllie,56.569722,-2.741944,0537e1d30e9401fa0000,438.0,-77.25,3.73,5.06,0
2024-12-19 05:28:50.448886+00:00,70B3D54999389C9B,ECHO #5,Echo,Road Bridge 600m West of Carmyllie,56.569722,-2.741944,053708e30e8c01fa0000,438.0,22.75,3.72,5.06,0
2024-12-19 05:43:49.296587+00:00,70B3D54999389C9B,ECHO #5,Echo,Road Bridge 600m West of Carmyllie,56.569722,-2.741944,0538f9c00e8001f40000,437.0,-16.0,3.71,5.0,0
2024-12-19 05:58:49.022840+00:00,70B3D54999389C9B,ECHO #5,Echo,Road Bridge 600m West of Carmyllie,56.569722,-2.741944,053808e30e8001f40000,437.0,22.75,3.71,5.0,0
2024-12-19 06:13:48.829695+00:00,70B3D54999389C9B,ECHO #5,Echo,Road Bridge 600m West of Carmyllie,56.569722,-2.741944,0539e2b40e7001ee0000,436.0,-75.0,3.7,4.94,0
2024-12-19 06:28:49.955787+00:00,70B3D54999389C9B,ECHO #5,Echo,Road Bridge 600m West of Carmyllie,56.569722,-2.741944,0539e21e0e7c01e80000,436.0,-76.5,3.71,4.88,0
2024-12-19 06:43:49.705351+00:00,70B3D54999389C9B,ECHO #5,Echo,Road Bridge 600m West of Carmyllie,56.569722,-2.741944,053ae2b40e7c01e80000,435.0,-75.0,3.71,4.88,0
2024-12-19 06:58:48.192317+00:00,70B3D54999389C9B,ECHO #5,Echo,Road Bridge 600m West of Carmyllie,56.569722,-2.741944,0539e21e0e8801e80000,436.0,-76.5,3.72,4.88,0
2024-12-19 07:13:48.478656+00:00,70B3D54999389C9B,ECHO #5,Echo,Road Bridge 600m West of Carmyllie,56.569722,-2.741944,0539e1ba0e8401e80000,436.0,-77.5,3.72,4.88,0
2024-12-19 07:28:48.265159+00:00,70B3D54999389C9B,ECHO #5,Echo,Road Bridge 600m West of Carmyllie,56.569722,-2.741944,0539e2820e7801e10000,436.0,-75.5,3.7,4.81,0
2024-12-19 07:43:49.243007+00:00,70B3D54999389C9B,ECHO #5,Echo,Road Bridge 600m West of Carmyllie,56.569722,-2.741944,053ae2370e7801e10000,435.0,-76.25,3.7,4.81,0
2024-12-19 07:58:49.385044+00:00,70B3D54999389C9B,ECHO #5,Echo,Road Bridge 600m West of Carmyllie,56.569722,-2.741944,053be1ba0e8c01df0000,434.0,-77.5,3.72,4.79,0
2024-12-19 08:13:49.438664+00:00,70B3D54999389C9B,ECHO #5,Echo,Road Bridge 600m West of Carmyllie,56.569722,-2.741944,053ae2370e6801db0000,435.0,-76.25,3.69,4.75,0
2024-12-19 08:28:48.993167+00:00,70B3D54999389C9B,ECHO #5,Echo,Road Bridge 600m West of Carmyllie,56.569722,-2.741944,053ae3e00e8801de0000,435.0,-72.0,3.72,4.78,0
2024-12-19 08:43:48.999963+00:00,70B3D54999389C9B,ECHO #5,Echo,Road Bridge 600m West of Carmyllie,56.569722,-2.741944,053ae53e0ea001db0000,435.0,-68.5,3.74,4.75,0
2024-12-19 08:58:48.695341+00:00,70B3D54999389C9B,ECHO #5,Echo,Road Bridge 600m West of Carmyllie,56.569722,-2.741944,053be53e0ea401db0000,434.0,-68.5,3.75,4.75,0
2024-12-19 09:13:48.769512+00:00,70B3D54999389C9B,ECHO #5,Echo,Road Bridge 600m West of Carmyllie,56.569722,-2.741944,053be4da0e8401d90000,434.0,-69.5,3.72,4.73,0
2024-12-19 09:28:49.817361+00:00,70B3D54999389C9B,ECHO #5,Echo,Road Bridge 600m West of Carmyllie,56.569722,-2.741944,053a08e30e8c01d50000,435.0,22.75,3.72,4.69,0
2024-12-19 09:43:48.663682+00:00,70B3D54999389C9B,ECHO #5,Echo,Road Bridge 600m West of Carmyllie,56.569722,-2.741944,053c08e30e6001d90000,433.0,22.75,3.68,4.73,0
2024-12-19 09:58:48.889536+00:00,70B3D54999389C9B,ECHO #5,Echo,Road Bridge 600m West of Carmyllie,56.569722,-2.741944,053f08e30e9401d70000,430.0,22.75,3.73,4.71,0
2024-12-19 10:13:47.999499+00:00,70B3D54999389C9B,ECHO #5,Echo,Road Bridge 600m West of Carmyllie,56.569722,-2.741944,053de66a0e6001d90000,432.0,-65.5,3.68,4.73,0
2024-12-19 10:28:47.146266+00:00,70B3D54999389C9B,ECHO #5,Echo,Road Bridge 600m West of Carmyllie,56.569722,-2.741944,053de5d40e7401db0000,432.0,-67.0,3.7,4.75,0
2024-12-19 10:43:47.086740+00:00,70B3D54999389C9B,ECHO #5,Echo,Road Bridge 600m West of Carmyllie,56.569722,-2.741944,053de4a80e7801dd0000,432.0,-70.0,3.7,4.77,0
2024-12-19 10:58:48.618327+00:00,70B3D54999389C9B,ECHO #5,Echo,Road Bridge 600m West of Carmyllie,56.569722,-2.741944,053be6380e8c01dd0000,434.0,-66.0,3.72,4.77,0
2024-12-19 11:13:47.405383+00:00,70B3D54999389C9B,ECHO #5,Echo,Road Bridge 600m West of Carmyllie,56.569722,-2.741944,053deb330e9001e10000,432.0,-53.25,3.73,4.81,0
2024-12-19 11:28:47.863879+00:00,70B3D54999389C9B,ECHO #5,Echo,Road Bridge 600m West of Carmyllie,56.569722,-2.741944,053eef020e9401e40000,431.0,-43.5,3.73,4.84,0
2024-12-19 11:43:46.698581+00:00,70B3D54999389C9B,ECHO #5,Echo,Road Bridge 600m West of Carmyllie,56.569722,-2.741944,053eee850e8c01e80000,431.0,-44.75,3.72,4.88,0
2024-12-19 12:13:48.065997+00:00,70B3D54999389C9B,ECHO #5,Echo,Road Bridge 600m West of Carmyllie,56.569722,-2.741944,053ff0dd0e9401e80000,430.0,-38.75,3.73,4.88,0
2024-12-19 12:28:47.573046+00:00,70B3D54999389C9B,ECHO #5,Echo,Road Bridge 600m West of Carmyllie,56.569722,-2.741944,0540f1f00e9001ee0000,429.0,-36.0,3.73,4.94,0
2024-12-19 12:43:46.610267+00:00,70B3D54999389C9B,ECHO #5,Echo,Road Bridge 600m West of Carmyllie,56.569722,-2.741944,0540f26d0e8001ee0000,429.0,-34.75,3.71,4.94,0
2024-12-19 12:58:47.215690+00:00,70B3D54999389C9B,ECHO #5,Echo,Road Bridge 600m West of Carmyllie,56.569722,-2.741944,0541f2220e9401ee0000,428.0,-35.5,3.73,4.94,0
2024-12-19 13:13:46.571268+00:00,70B3D54999389C9B,ECHO #5,Echo,Road Bridge 600m West of Carmyllie,56.569722,-2.741944,0541f1730e9001ee0000,428.0,-37.25,3.73,4.94,0
2024-12-19 13:28:47.436696+00:00,70B3D54999389C9B,ECHO #5,Echo,Road Bridge 600m West of Carmyllie,56.569722,-2.741944,0541fa240e7401ee0000,428.0,-15.0,3.7,4.94,0
2024-12-19 13:43:47.238476+00:00,70B3D54999389C9B,ECHO #5,Echo,Road Bridge 600m West of Carmyllie,56.569722,-2.741944,0541fa240e8401f00000,428.0,-15.0,3.72,4.96,0
2024-12-19 13:58:46.646247+00:00,70B3D54999389C9B,ECHO #5,Echo,Road Bridge 600m West of Carmyllie,56.569722,-2.741944,0542fa240e7401ee0000,427.0,-15.0,3.7,4.94,0
2024-12-19 14:13:46.646516+00:00,70B3D54999389C9B,ECHO #5,Echo,Road Bridge 600m West of Carmyllie,56.569722,-2.741944,0544f18c0e7401ee0000,425.0,-37.0,3.7,4.94,0
2024-12-19 14:28:46.451861+00:00,70B3D54999389C9B,ECHO #5,Echo,Road Bridge 600m West of Carmyllie,56.569722,-2.741944,0544f0150e8001ee0000,425.0,-40.75,3.71,4.94,0
2024-12-19 14:43:46.964320+00:00,70B3D54999389C9B,ECHO #5,Echo,Road Bridge 600m West of Carmyllie,56.569722,-2.741944,0543ef020e9801ec0000,426.0,-43.5,3.74,4.92,0
2024-12-19 14:58:46.713024+00:00,70B3D54999389C9B,ECHO #5,Echo,Road Bridge 600m West of Carmyllie,56.569722,-2.741944,0543ee080e8801ea0000,426.0,-46.0,3.72,4.9,0
2024-12-19 15:13:46.179645+00:00,70B3D54999389C9B,ECHO #5,Echo,Road Bridge 600m West of Carmyllie,56.569722,-2.741944,0543ebb00ea801e50000,426.0,-52.0,3.75,4.85,0
2024-12-19 15:28:47.224013+00:00,70B3D54999389C9B,ECHO #5,Echo,Road Bridge 600m West of Carmyllie,56.569722,-2.741944,0543eb4c0e9801e80000,426.0,-53.0,3.74,4.88,0
2024-12-19 15:43:46.292819+00:00,70B3D54999389C9B,ECHO #5,Echo,Road Bridge 600m West of Carmyllie,56.569722,-2.741944,0544e8db0e8c01e30000,425.0,-59.25,3.72,4.83,0
2024-12-19 15:58:50.379002+00:00,70B3D54999389C9B,ECHO #5,Echo,Road Bridge 600m West of Carmyllie,56.569722,-2.741944,0544e7af0e8c01e10000,425.0,-62.25,3.72,4.81,0
2024-12-19 16:13:50.874942+00:00,70B3D54999389C9B,ECHO #5,Echo,Road Bridge 600m West of Carmyllie,56.569722,-2.741944,0542e5bb0e7801df0000,427.0,-67.25,3.7,4.79,0
2024-12-19 16:28:50.002796+00:00,70B3D54999389C9B,ECHO #5,Echo,Road Bridge 600m West of Carmyllie,56.569722,-2.741944,0543e3f90e7c01dd0000,426.0,-71.75,3.71,4.77,0
2024-12-19 16:43:50.880426+00:00,70B3D54999389C9B,ECHO #5,Echo,Road Bridge 600m West of Carmyllie,56.569722,-2.741944,0544e37c0e6c01db0000,425.0,-73.0,3.69,4.75,0
2024-12-19 16:58:50.275522+00:00,70B3D54999389C9B,ECHO #5,Echo,Road Bridge 600m West of Carmyllie,56.569722,-2.741944,0544e2500e9001d90000,425.0,-76.0,3.73,4.73,0
2024-12-19 17:13:50.291314+00:00,70B3D54999389C9B,ECHO #5,Echo,Road Bridge 600m West of Carmyllie,56.569722,-2.741944,0544f98e0e7c01d50000,425.0,-16.5,3.71,4.69,0
2024-12-19 17:28:50.463659+00:00,70B3D54999389C9B,ECHO #5,Echo,Road Bridge 600m West of Carmyllie,56.569722,-2.741944,054508e30e6801d50000,424.0,22.75,3.69,4.69,0
2024-12-19 17:43:49.637207+00:00,70B3D54999389C9B,ECHO #5,Echo,Road Bridge 600m West of Carmyllie,56.569722,-2.741944,054408b10e6801d50000,425.0,22.25,3.69,4.69,0
2024-12-19 17:58:50.098872+00:00,70B3D54999389C9B,ECHO #5,Echo,Road Bridge 600m West of Carmyllie,56.569722,-2.741944,0545e1d30e6801d50000,424.0,-77.25,3.69,4.69,0
2024-12-19 18:13:49.745703+00:00,70B3D54999389C9B,ECHO #5,Echo,Road Bridge 600m West of Carmyllie,56.569722,-2.741944,0545e1d30e9401d30000,424.0,-77.25,3.73,4.67,0
2024-12-19 18:28:49.765130+00:00,70B3D54999389C9B,ECHO #5,Echo,Road Bridge 600m West of Carmyllie,56.569722,-2.741944,0546e1ba0e7c01d30000,423.0,-77.5,3.71,4.67,0
2024-12-19 18:43:45.182245+00:00,70B3D54999389C9B,ECHO #5,Echo,Road Bridge 600m West of Carmyllie,56.569722,-2.741944,0546e1ba0e9401d30000,423.0,-77.5,3.73,4.67,0
2024-12-19 18:58:46.267337+00:00,70B3D54999389C9B,ECHO #5,Echo,Road Bridge 600m West of Carmyllie,56.569722,-2.741944,0546e1ba0e6c01d10000,423.0,-77.5,3.69,4.65,0
2024-12-19 19:13:45.169012+00:00,70B3D54999389C9B,ECHO #5,Echo,Road Bridge 600m West of Carmyllie,56.569722,-2.741944,0546e1ba0e9c01ce0000,423.0,-77.5,3.74,4.62,0
2024-12-19 19:28:45.318544+00:00,70B3D54999389C9B,ECHO #5,Echo,Road Bridge 600m West of Carmyllie,56.569722,-2.741944,0546e2e60e9801cc0000,423.0,-74.5,3.74,4.6,0
2024-12-19 19:43:45.184856+00:00,70B3D54999389C9B,ECHO #5,Echo,Road Bridge 600m West of Carmyllie,56.569722,-2.741944,0547e1ba0e6401cc0000,422.0,-77.5,3.68,4.6,0
2024-12-19 19:58:45.143539+00:00,70B3D54999389C9B,ECHO #5,Echo,Road Bridge 600m West of Carmyllie,56.569722,-2.741944,0545e2370e7401ca0000,424.0,-76.25,3.7,4.58,0
2024-12-19 20:13:45.347909+00:00,70B3D54999389C9B,ECHO #5,Echo,Road Bridge 600m West of Carmyllie,56.569722,-2.741944,0546e4a80e8801cb0000,423.0,-70.0,3.72,4.59,0
2024-12-19 20:28:46.090781+00:00,70B3D54999389C9B,ECHO #5,Echo,Road Bridge 600m West of Carmyllie,56.569722,-2.741944,0548e6380e8c01cc0000,421.0,-66.0,3.72,4.6,0
2024-12-19 20:43:44.272067+00:00,70B3D54999389C9B,ECHO #5,Echo,Road Bridge 600m West of Carmyllie,56.569722,-2.741944,0548e6060ea801cc0000,421.0,-66.5,3.75,4.6,0
2024-12-19 20:58:43.848341+00:00,70B3D54999389C9B,ECHO #5,Echo,Road Bridge 600m West of Carmyllie,56.569722,-2.741944,0548e53e0e8001cc0000,421.0,-68.5,3.71,4.6,0
2024-12-19 21:28:44.384740+00:00,70B3D54999389C9B,ECHO #5,Echo,Road Bridge 600m West of Carmyllie,56.569722,-2.741944,054808e30e5c01ca0000,421.0,22.75,3.68,4.58,0
2024-12-19 21:43:44.401130+00:00,70B3D54999389C9B,ECHO #5,Echo,Road Bridge 600m West of Carmyllie,56.569722,-2.741944,054808e30e6c01ca0000,421.0,22.75,3.69,4.58,0
2024-12-19 21:58:44.175941+00:00,70B3D54999389C9B,ECHO #5,Echo,Road Bridge 600m West of Carmyllie,56.569722,-2.741944,054afaba0e6401ca0000,419.0,-13.5,3.68,4.58,0
2024-12-19 22:13:44.920896+00:00,70B3D54999389C9B,ECHO #5,Echo,Road Bridge 600m West of Carmyllie,56.569722,-2.741944,0548e1ba0e9801ca0000,421.0,-77.5,3.74,4.58,0
2024-12-19 22:28:44.626024+00:00,70B3D54999389C9B,ECHO #5,Echo,Road Bridge 600m West of Carmyllie,56.569722,-2.741944,0548e1d30eac01cb0000,421.0,-77.25,3.76,4.59,0
2024-12-19 22:43:43.801067+00:00,70B3D54999389C9B,ECHO #5,Echo,Road Bridge 600m West of Carmyllie,56.569722,-2.741944,0548e1d30eb001ca0000,421.0,-77.25,3.76,4.58,0
2024-12-19 22:58:45.007157+00:00,70B3D54999389C9B,ECHO #5,Echo,Road Bridge 600m West of Carmyllie,56.569722,-2.741944,0548e1a10ea801ca0000,421.0,-77.75,3.75,4.58,0
2024-12-19 23:13:48.025703+00:00,70B3D54999389C9B,ECHO #5,Echo,Road Bridge 600m West of Carmyllie,56.569722,-2.741944,0548e1a10ea801ca0000,421.0,-77.75,3.75,4.58,0
2024-12-19 23:28:48.339044+00:00,70B3D54999389C9B,ECHO #5,Echo,Road Bridge 600m West of Carmyllie,56.569722,-2.741944,054ae2500ea401ca0000,419.0,-76.0,3.75,4.58,0
2024-12-19 23:43:43.003723+00:00,70B3D54999389C9B,ECHO #5,Echo,Road Bridge 600m West of Carmyllie,56.569722,-2.741944,0549e2ff0ea801cc0000,420.0,-74.25,3.75,4.6,0
2024-12-20 00:13:44.570296+00:00,70B3D54999389C9B,ECHO #5,Echo,Road Bridge 600m West of Carmyllie,56.569722,-2.741944,054ae2820ea401ce0000,419.0,-75.5,3.75,4.62,0
2024-12-20 00:43:47.894806+00:00,70B3D54999389C9B,ECHO #5,Echo,Road Bridge 600m West of Carmyllie,56.569722,-2.741944,0549e61f0e9c01ce0000,420.0,-66.25,3.74,4.62,0
2024-12-20 00:58:47.599321+00:00,70B3D54999389C9B,ECHO #5,Echo,Road Bridge 600m West of Carmyllie,56.569722,-2.741944,0549e4f30e9801d10000,420.0,-69.25,3.74,4.65,0
2024-12-20 01:13:42.552876+00:00,70B3D54999389C9B,ECHO #5,Echo,Road Bridge 600m West of Carmyllie,56.569722,-2.741944,054de4120e9401d50000,416.0,-71.5,3.73,4.69,0
2024-12-20 01:28:43.064716+00:00,70B3D54999389C9B,ECHO #5,Echo,Road Bridge 600m West of Carmyllie,56.569722,-2.741944,054908e30e9801d50000,420.0,22.75,3.74,4.69,0
2024-12-20 01:43:42.419447+00:00,70B3D54999389C9B,ECHO #5,Echo,Road Bridge 600m West of Carmyllie,56.569722,-2.741944,054708e30e9401d50000,422.0,22.75,3.73,4.69,0
2024-12-20 01:58:44.937486+00:00,70B3D54999389C9B,ECHO #5,Echo,Road Bridge 600m West of Carmyllie,56.569722,-2.741944,0548e53e0e9401d50000,421.0,-68.5,3.73,4.69,0
2024-12-20 02:13:43.991744+00:00,70B3D54999389C9B,ECHO #5,Echo,Road Bridge 600m West of Carmyllie,56.569722,-2.741944,0548e2b40e9401d50000,421.0,-75.0,3.73,4.69,0
2024-12-20 02:28:43.318299+00:00,70B3D54999389C9B,ECHO #5,Echo,Road Bridge 600m West of Carmyllie,56.569722,-2.741944,0549e7e10e8c01d90000,420.0,-61.75,3.72,4.73,0
2024-12-20 02:43:42.071865+00:00,70B3D54999389C9B,ECHO #5,Echo,Road Bridge 600m West of Carmyllie,56.569722,-2.741944,054ae5d40e9001db0000,419.0,-67.0,3.73,4.75,0
2024-12-20 02:58:43.649576+00:00,70B3D54999389C9B,ECHO #5,Echo,Road Bridge 600m West of Carmyllie,56.569722,-2.741944,054ae85e0e9001db0000,419.0,-60.5,3.73,4.75,0
2024-12-20 03:13:42.692887+00:00,70B3D54999389C9B,ECHO #5,Echo,Road Bridge 600m West of Carmyllie,56.569722,-2.741944,054ae7960e9001db0000,419.0,-62.5,3.73,4.75,0
2024-12-20 03:43:43.067578+00:00,70B3D54999389C9B,ECHO #5,Echo,Road Bridge 600m West of Carmyllie,56.569722,-2.741944,054bed0e0e8801e10000,418.0,-48.5,3.72,4.81,0
2024-12-20 03:58:42.797170+00:00,70B3D54999389C9B,ECHO #5,Echo,Road Bridge 600m West of Carmyllie,56.569722,-2.741944,054bee6c0e8801e10000,418.0,-45.0,3.72,4.81,0
2024-12-20 04:13:42.345533+00:00,70B3D54999389C9B,ECHO #5,Echo,Road Bridge 600m West of Carmyllie,56.569722,-2.741944,054aed400e8001e10000,419.0,-48.0,3.71,4.81,0
2024-12-20 04:28:42.524223+00:00,70B3D54999389C9B,ECHO #5,Echo,Road Bridge 600m West of Carmyllie,56.569722,-2.741944,054aebe20e8401e30000,419.0,-51.5,3.72,4.83,0
2024-12-20 04:43:41.784421+00:00,70B3D54999389C9B,ECHO #5,Echo,Road Bridge 600m West of Carmyllie,56.569722,-2.741944,054beb970e8001e50000,418.0,-52.25,3.71,4.85,0
2024-12-20 04:58:42.685488+00:00,70B3D54999389C9B,ECHO #5,Echo,Road Bridge 600m West of Carmyllie,56.569722,-2.741944,054aee530e8001e50000,419.0,-45.25,3.71,4.85,0
2024-12-20 05:13:42.688517+00:00,70B3D54999389C9B,ECHO #5,Echo,Road Bridge 600m West of Carmyllie,56.569722,-2.741944,054befb10e8001e80000,418.0,-41.75,3.71,4.88,0
2024-12-20 05:28:42.199897+00:00,70B3D54999389C9B,ECHO #5,Echo,Road Bridge 600m West of Carmyllie,56.569722,-2.741944,054bf8c60e8001ec0000,418.0,-18.5,3.71,4.92,0
2024-12-20 05:43:41.833652+00:00,70B3D54999389C9B,ECHO #5,Echo,Road Bridge 600m West of Carmyllie,56.569722,-2.741944,0549f95c0e7801ec0000,420.0,-17.0,3.7,4.92,0
2024-12-20 05:58:41.726644+00:00,70B3D54999389C9B,ECHO #5,Echo,Road Bridge 600m West of Carmyllie,56.569722,-2.741944,054af9a70e7801f00000,419.0,-16.25,3.7,4.96,0
2024-12-20 06:13:41.391331+00:00,70B3D54999389C9B,ECHO #5,Echo,Road Bridge 600m West of Carmyllie,56.569722,-2.741944,054af26d0e7801f00000,419.0,-34.75,3.7,4.96,0
2024-12-20 06:28:42.478189+00:00,70B3D54999389C9B,ECHO #5,Echo,Road Bridge 600m West of Carmyllie,56.569722,-2.741944,054af3350e7801f20000,419.0,-32.75,3.7,4.98,0
2024-12-20 06:43:42.909163+00:00,70B3D54999389C9B,ECHO #5,Echo,Road Bridge 600m West of Carmyllie,56.569722,-2.741944,054af4de0e7801f70000,419.0,-28.5,3.7,5.03,0
2024-12-20 06:58:45.774854+00:00,70B3D54999389C9B,ECHO #5,Echo,Road Bridge 600m West of Carmyllie,56.569722,-2.741944,054af4160e7001f80000,419.0,-30.5,3.7,5.04,0
2024-12-20 07:13:45.784369+00:00,70B3D54999389C9B,ECHO #5,Echo,Road Bridge 600m West of Carmyllie,56.569722,-2.741944,054af1a50e6c01fa0000,419.0,-36.75,3.69,5.06,0
2024-12-20 07:28:45.665933+00:00,70B3D54999389C9B,ECHO #5,Echo,Road Bridge 600m West of Carmyllie,56.569722,-2.741944,054bf79a0e6c01fd0000,418.0,-21.5,3.69,5.09,0
2024-12-20 07:43:45.648211+00:00,70B3D54999389C9B,ECHO #5,Echo,Road Bridge 600m West of Carmyllie,56.569722,-2.741944,054bf5f10e6c02000000,418.0,-25.75,3.69,5.12,0
2024-12-20 07:58:45.585067+00:00,70B3D54999389C9B,ECHO #5,Echo,Road Bridge 600m West of Carmyllie,56.569722,-2.741944,054ff7360e6c02050000,414.0,-22.5,3.69,5.17,0
2024-12-20 08:13:45.790196+00:00,70B3D54999389C9B,ECHO #5,Echo,Road Bridge 600m West of Carmyllie,56.569722,-2.741944,054cf7680e6c02070000,417.0,-22.0,3.69,5.19,0
2024-12-20 08:28:45.450886+00:00,70B3D54999389C9B,ECHO #5,Echo,Road Bridge 600m West of Carmyllie,56.569722,-2.741944,054bf7cc0e68020b0000,418.0,-21.0,3.69,5.23,0
2024-12-20 08:43:45.536501+00:00,70B3D54999389C9B,ECHO #5,Echo,Road Bridge 600m West of Carmyllie,56.569722,-2.741944,054bf7cc0e68020d0000,418.0,-21.0,3.69,5.25,0
2024-12-20 08:58:45.637598+00:00,70B3D54999389C9B,ECHO #5,Echo,Road Bridge 600m West of Carmyllie,56.569722,-2.741944,054bf7b30e64020f0000,418.0,-21.25,3.68,5.27,0
2024-12-20 09:13:45.993842+00:00,70B3D54999389C9B,ECHO #5,Echo,Road Bridge 600m West of Carmyllie,56.569722,-2.741944,054aeffc0e6402130000,419.0,-41.0,3.68,5.31,0
2024-12-20 09:28:45.400353+00:00,70B3D54999389C9B,ECHO #5,Echo,Road Bridge 600m West of Carmyllie,56.569722,-2.741944,0549f3990e6002150000,420.0,-31.75,3.68,5.33,0
2024-12-20 09:43:45.518146+00:00,70B3D54999389C9B,ECHO #5,Echo,Road Bridge 600m West of Carmyllie,56.569722,-2.741944,054ceeb70e5c021a0000,417.0,-44.25,3.68,5.38,0
2024-12-20 09:58:45.491255+00:00,70B3D54999389C9B,ECHO #5,Echo,Road Bridge 600m West of Carmyllie,56.569722,-2.741944,054ae3f90e5c021c0000,419.0,-71.75,3.68,5.4,0
2024-12-20 10:13:40.997059+00:00,70B3D54999389C9B,ECHO #5,Echo,Road Bridge 600m West of Carmyllie,56.569722,-2.741944,054bf8300e5802200000,418.0,-20.0,3.67,5.44,0
2024-12-20 10:28:45.910991+00:00,70B3D54999389C9B,ECHO #5,Echo,Road Bridge 600m West of Carmyllie,56.569722,-2.741944,0549f8940e5402220000,420.0,-19.0,3.67,5.46,0
2024-12-20 10:43:40.308165+00:00,70B3D54999389C9B,ECHO #5,Echo,Road Bridge 600m West of Carmyllie,56.569722,-2.741944,054af8170e5402260000,419.0,-20.25,3.67,5.5,0
2024-12-20 10:58:41.613741+00:00,70B3D54999389C9B,ECHO #5,Echo,Road Bridge 600m West of Carmyllie,56.569722,-2.741944,054bf7fe0e5402280000,418.0,-20.5,3.67,5.52,0
2024-12-20 11:13:41.082430+00:00,70B3D54999389C9B,ECHO #5,Echo,Road Bridge 600m West of Carmyllie,56.569722,-2.741944,054cfa0b0e54022e0000,417.0,-15.25,3.67,5.58,0
2024-12-20 11:28:41.131823+00:00,70B3D54999389C9B,ECHO #5,Echo,Road Bridge 600m West of Carmyllie,56.569722,-2.741944,054afa0b0e5402300000,419.0,-15.25,3.67,5.6,0
2024-12-20 11:43:40.946855+00:00,70B3D54999389C9B,ECHO #5,Echo,Road Bridge 600m West of Carmyllie,56.569722,-2.741944,0549f98e0e5802320000,420.0,-16.5,3.67,5.62,0
2024-12-20 11:58:41.606055+00:00,70B3D54999389C9B,ECHO #5,Echo,Road Bridge 600m West of Carmyllie,56.569722,-2.741944,054bfb9b0e5802320000,418.0,-11.25,3.67,5.62,0
2024-12-20 12:13:40.977910+00:00,70B3D54999389C9B,ECHO #5,Echo,Road Bridge 600m West of Carmyllie,56.569722,-2.741944,054bfc4a0e6402370000,418.0,-9.5,3.68,5.67,0
2024-12-20 12:28:40.438923+00:00,70B3D54999389C9B,ECHO #5,Echo,Road Bridge 600m West of Carmyllie,56.569722,-2.741944,0549fcae0e60023d0000,420.0,-8.5,3.68,5.73,0
2024-12-20 12:43:40.880962+00:00,70B3D54999389C9B,ECHO #5,Echo,Road Bridge 600m West of Carmyllie,56.569722,-2.741944,0548fd440e6802430000,421.0,-7.0,3.69,5.79,0
2024-12-20 12:58:41.265922+00:00,70B3D54999389C9B,ECHO #5,Echo,Road Bridge 600m West of Carmyllie,56.569722,-2.741944,0549fd440e6802470000,420.0,-7.0,3.69,5.83,0
2024-12-20 13:13:40.855220+00:00,70B3D54999389C9B,ECHO #5,Echo,Road Bridge 600m West of Carmyllie,56.569722,-2.741944,0549fbff0e6c02490000,420.0,-10.25,3.69,5.85,0
2024-12-20 13:28:41.246929+00:00,70B3D54999389C9B,ECHO #5,Echo,Road Bridge 600m West of Carmyllie,56.569722,-2.741944,0548e1ba0e6c024f0000,421.0,-77.5,3.69,5.91,0
2024-12-20 13:43:41.487787+00:00,70B3D54999389C9B,ECHO #5,Echo,Road Bridge 600m West of Carmyllie,56.569722,-2.741944,0549e1a10e7802520000,420.0,-77.75,3.7,5.94,0
2024-12-20 13:58:41.291732+00:00,70B3D54999389C9B,ECHO #5,Echo,Road Bridge 600m West of Carmyllie,56.569722,-2.741944,0549e1ba0e7802520000,420.0,-77.5,3.7,5.94,0
2024-12-20 14:13:40.499054+00:00,70B3D54999389C9B,ECHO #5,Echo,Road Bridge 600m West of Carmyllie,56.569722,-2.741944,0548faa10e7002560000,421.0,-13.75,3.7,5.98,0
2024-12-20 14:28:41.152466+00:00,70B3D54999389C9B,ECHO #5,Echo,Road Bridge 600m West of Carmyllie,56.569722,-2.741944,0548f7fe0e6c02560000,421.0,-20.5,3.69,5.98,0
2024-12-20 14:43:40.022584+00:00,70B3D54999389C9B,ECHO #5,Echo,Road Bridge 600m West of Carmyllie,56.569722,-2.741944,0548f8300e6c02560000,421.0,-20.0,3.69,5.98,0
2024-12-20 14:58:40.921788+00:00,70B3D54999389C9B,ECHO #5,Echo,Road Bridge 600m West of Carmyllie,56.569722,-2.741944,0548f8300e6c02540000,421.0,-20.0,3.69,5.96,0
2024-12-20 15:13:40.615818+00:00,70B3D54999389C9B,ECHO #5,Echo,Road Bridge 600m West of Carmyllie,56.569722,-2.741944,0548f6870e6802520000,421.0,-24.25,3.69,5.94,0
2024-12-20 15:28:45.038435+00:00,70B3D54999389C9B,ECHO #5,Echo,Road Bridge 600m West of Carmyllie,56.569722,-2.741944,0548f6b90e6002520000,421.0,-23.75,3.68,5.94,0
2024-12-20 15:43:45.009133+00:00,70B3D54999389C9B,ECHO #5,Echo,Road Bridge 600m West of Carmyllie,56.569722,-2.741944,0549f60a0e5c02520000,420.0,-25.5,3.68,5.94,0
2024-12-20 15:58:45.437925+00:00,70B3D54999389C9B,ECHO #5,Echo,Road Bridge 600m West of Carmyllie,56.569722,-2.741944,0549f42f0e58024e0000,420.0,-30.25,3.67,5.9,0
2024-12-20 16:13:45.203115+00:00,70B3D54999389C9B,ECHO #5,Echo,Road Bridge 600m West of Carmyllie,56.569722,-2.741944,0548f3cb0e54024c0000,421.0,-31.25,3.67,5.88,0
2024-12-20 16:28:40.917396+00:00,70B3D54999389C9B,ECHO #5,Echo,Road Bridge 600m West of Carmyllie,56.569722,-2.741944,0549f2b80e5002470000,420.0,-34.0,3.66,5.83,0
2024-12-20 16:43:44.617638+00:00,70B3D54999389C9B,ECHO #5,Echo,Road Bridge 600m West of Carmyllie,56.569722,-2.741944,0548f3800e4c02450000,421.0,-32.0,3.66,5.81,0
2024-12-20 16:58:45.097180+00:00,70B3D54999389C9B,ECHO #5,Echo,Road Bridge 600m West of Carmyllie,56.569722,-2.741944,054af10f0e4402430000,419.0,-38.25,3.65,5.79,0
2024-12-20 17:13:39.628146+00:00,70B3D54999389C9B,ECHO #5,Echo,Road Bridge 600m West of Carmyllie,56.569722,-2.741944,0549ef4d0e44023f0000,420.0,-42.75,3.65,5.75,0
2024-12-20 17:28:40.618586+00:00,70B3D54999389C9B,ECHO #5,Echo,Road Bridge 600m West of Carmyllie,56.569722,-2.741944,054af95c0e44023b0000,419.0,-17.0,3.65,5.71,0
2024-12-20 17:43:39.876697+00:00,70B3D54999389C9B,ECHO #5,Echo,Road Bridge 600m West of Carmyllie,56.569722,-2.741944,054af8df0e3c02370000,419.0,-18.25,3.64,5.67,0
2024-12-20 17:58:40.084533+00:00,70B3D54999389C9B,ECHO #5,Echo,Road Bridge 600m West of Carmyllie,56.569722,-2.741944,0549f8490e3802350000,420.0,-19.75,3.64,5.65,0
2024-12-20 18:13:39.666933+00:00,70B3D54999389C9B,ECHO #5,Echo,Road Bridge 600m West of Carmyllie,56.569722,-2.741944,0547e8a90e3802320000,422.0,-59.75,3.64,5.62,0
2024-12-20 18:28:39.448822+00:00,70B3D54999389C9B,ECHO #5,Echo,Road Bridge 600m West of Carmyllie,56.569722,-2.741944,0548e8770e30022e0000,421.0,-60.25,3.63,5.58,0
2024-12-20 18:43:39.753642+00:00,70B3D54999389C9B,ECHO #5,Echo,Road Bridge 600m West of Carmyllie,56.569722,-2.741944,0547e77d0e2c022a0000,422.0,-62.75,3.63,5.54,0
2024-12-20 18:58:44.377514+00:00,70B3D54999389C9B,ECHO #5,Echo,Road Bridge 600m West of Carmyllie,56.569722,-2.741944,0548ecdc0e2802280000,421.0,-49.0,3.62,5.52,0
2024-12-20 19:13:39.102683+00:00,70B3D54999389C9B,ECHO #5,Echo,Road Bridge 600m West of Carmyllie,56.569722,-2.741944,0549eab60e2802260000,420.0,-54.5,3.62,5.5,0
2024-12-20 19:28:39.797216+00:00,70B3D54999389C9B,ECHO #5,Echo,Road Bridge 600m West of Carmyllie,56.569722,-2.741944,054ae9a30e2802260000,419.0,-57.25,3.62,5.5,0
2024-12-20 19:43:40.082960+00:00,70B3D54999389C9B,ECHO #5,Echo,Road Bridge 600m West of Carmyllie,56.569722,-2.741944,054ae8f40e2402260000,419.0,-59.0,3.62,5.5,0
2024-12-20 19:58:40.507922+00:00,70B3D54999389C9B,ECHO #5,Echo,Road Bridge 600m West of Carmyllie,56.569722,-2.741944,054aeb010e2002220000,419.0,-53.75,3.62,5.46,0
2024-12-20 20:13:39.537468+00:00,70B3D54999389C9B,ECHO #5,Echo,Road Bridge 600m West of Carmyllie,56.569722,-2.741944,054aeb4c0e2002200000,419.0,-53.0,3.62,5.44,0
2024-12-20 20:28:38.425525+00:00,70B3D54999389C9B,ECHO #5,Echo,Road Bridge 600m West of Carmyllie,56.569722,-2.741944,054be6e70e1c02200000,418.0,-64.25,3.61,5.44,0
2024-12-20 20:43:39.206033+00:00,70B3D54999389C9B,ECHO #5,Echo,Road Bridge 600m West of Carmyllie,56.569722,-2.741944,0549e6380e18021c0000,420.0,-66.0,3.61,5.4,0
2024-12-20 20:58:38.575652+00:00,70B3D54999389C9B,ECHO #5,Echo,Road Bridge 600m West of Carmyllie,56.569722,-2.741944,0549e6e70e14021a0000,420.0,-64.25,3.6,5.38,0
2024-12-20 21:13:39.607617+00:00,70B3D54999389C9B,ECHO #5,Echo,Road Bridge 600m West of Carmyllie,56.569722,-2.741944,054ae9260e14021a0000,419.0,-58.5,3.6,5.38,0
2024-12-20 21:28:39.851610+00:00,70B3D54999389C9B,ECHO #5,Echo,Road Bridge 600m West of Carmyllie,56.569722,-2.741944,0549f8c60e1002170000,420.0,-18.5,3.6,5.35,0
2024-12-20 21:58:39.121327+00:00,70B3D54999389C9B,ECHO #5,Echo,Road Bridge 600m West of Carmyllie,56.569722,-2.741944,054af9c00e0c02130000,419.0,-16.0,3.6,5.31,0
2024-12-20 22:13:39.255315+00:00,70B3D54999389C9B,ECHO #5,Echo,Road Bridge 600m West of Carmyllie,56.569722,-2.741944,054bec910e0c02130000,418.0,-49.75,3.6,5.31,0
2024-12-20 22:28:40.264758+00:00,70B3D54999389C9B,ECHO #5,Echo,Road Bridge 600m West of Carmyllie,56.569722,-2.741944,054be7640e0802130000,418.0,-63.0,3.59,5.31,0
2024-12-20 22:43:38.875556+00:00,70B3D54999389C9B,ECHO #5,Echo,Road Bridge 600m West of Carmyllie,56.569722,-2.741944,054ae77d0e0402130000,419.0,-62.75,3.59,5.31,0
2024-12-20 22:58:37.736872+00:00,70B3D54999389C9B,ECHO #5,Echo,Road Bridge 600m West of Carmyllie,56.569722,-2.741944,054ae6e70e0402130000,419.0,-64.25,3.59,5.31,0
2024-12-20 23:13:38.798700+00:00,70B3D54999389C9B,ECHO #5,Echo,Road Bridge 600m West of Carmyllie,56.569722,-2.741944,054ce3950dfc02130000,417.0,-72.75,3.58,5.31,0
2024-12-20 23:28:38.483677+00:00,70B3D54999389C9B,ECHO #5,Echo,Road Bridge 600m West of Carmyllie,56.569722,-2.741944,054be9d50dfc02160000,418.0,-56.75,3.58,5.34,0
2024-12-20 23:43:37.307632+00:00,70B3D54999389C9B,ECHO #5,Echo,Road Bridge 600m West of Carmyllie,56.569722,-2.741944,054aecc30dfc02150000,419.0,-49.25,3.58,5.33,0
2024-12-20 23:58:38.739333+00:00,70B3D54999389C9B,ECHO #5,Echo,Road Bridge 600m West of Carmyllie,56.569722,-2.741944,054ceffc0df802150000,417.0,-41.0,3.58,5.33,0
2024-12-21 00:13:42.266794+00:00,70B3D54999389C9B,ECHO #5,Echo,Road Bridge 600m West of Carmyllie,56.569722,-2.741944,054beffc0df002150000,418.0,-41.0,3.57,5.33,0
2024-12-21 00:28:37.132578+00:00,70B3D54999389C9B,ECHO #5,Echo,Road Bridge 600m West of Carmyllie,56.569722,-2.741944,054cf0600df402150000,417.0,-40.0,3.57,5.33,0
2024-12-21 00:43:38.125615+00:00,70B3D54999389C9B,ECHO #5,Echo,Road Bridge 600m West of Carmyllie,56.569722,-2.741944,054bf1280dec02170000,418.0,-38.0,3.56,5.35,0
2024-12-21 00:58:37.319136+00:00,70B3D54999389C9B,ECHO #5,Echo,Road Bridge 600m West of Carmyllie,56.569722,-2.741944,054cf0790dec02170000,417.0,-39.75,3.56,5.35,0
2024-12-21 01:13:38.608258+00:00,70B3D54999389C9B,ECHO #5,Echo,Road Bridge 600m West of Carmyllie,56.569722,-2.741944,054bf2540dec02170000,418.0,-35.0,3.56,5.35,0
2024-12-21 01:28:38.062480+00:00,70B3D54999389C9B,ECHO #5,Echo,Road Bridge 600m West of Carmyllie,56.569722,-2.741944,054c03520de8021c0000,417.0,8.5,3.56,5.4,0
2024-12-21 01:58:37.514916+00:00,70B3D54999389C9B,ECHO #5,Echo,Road Bridge 600m West of Carmyllie,56.569722,-2.741944,054b07e90de0021e0000,418.0,20.25,3.55,5.42,0
2024-12-21 02:13:38.326876+00:00,70B3D54999389C9B,ECHO #5,Echo,Road Bridge 600m West of Carmyllie,56.569722,-2.741944,054bf2540ddc02200000,418.0,-35.0,3.55,5.44,0
2024-12-21 02:28:36.689465+00:00,70B3D54999389C9B,ECHO #5,Echo,Road Bridge 600m West of Carmyllie,56.569722,-2.741944,054cf5100ddc02200000,417.0,-28.0,3.55,5.44,0
2024-12-21 02:43:36.772141+00:00,70B3D54999389C9B,ECHO #5,Echo,Road Bridge 600m West of Carmyllie,56.569722,-2.741944,054cf3cb0dd802220000,417.0,-31.25,3.54,5.46,0
2024-12-21 02:58:38.284225+00:00,70B3D54999389C9B,ECHO #5,Echo,Road Bridge 600m West of Carmyllie,56.569722,-2.741944,054cf3cb0dd802260000,417.0,-31.25,3.54,5.5,0
2024-12-21 03:13:36.931258+00:00,70B3D54999389C9B,ECHO #5,Echo,Road Bridge 600m West of Carmyllie,56.569722,-2.741944,054df4c50dd002260000,416.0,-28.75,3.54,5.5,0
2024-12-21 03:28:37.699894+00:00,70B3D54999389C9B,ECHO #5,Echo,Road Bridge 600m West of Carmyllie,56.569722,-2.741944,054cf3670dcc022c0000,417.0,-32.25,3.53,5.56,0
2024-12-21 03:43:37.281055+00:00,70B3D54999389C9B,ECHO #5,Echo,Road Bridge 600m West of Carmyllie,56.569722,-2.741944,054df4930dcc022e0000,416.0,-29.25,3.53,5.58,0
2024-12-21 03:58:37.844544+00:00,70B3D54999389C9B,ECHO #5,Echo,Road Bridge 600m West of Carmyllie,56.569722,-2.741944,054cf3350dcc02320000,417.0,-32.75,3.53,5.62,0
2024-12-21 04:13:41.432772+00:00,70B3D54999389C9B,ECHO #5,Echo,Road Bridge 600m West of Carmyllie,56.569722,-2.741944,054df4930dc802350000,416.0,-29.25,3.53,5.65,0
2024-12-21 04:28:41.223652+00:00,70B3D54999389C9B,ECHO #5,Echo,Road Bridge 600m West of Carmyllie,56.569722,-2.741944,054cf5bf0dc402360000,417.0,-26.25,3.52,5.66,0
2024-12-21 04:43:41.501750+00:00,70B3D54999389C9B,ECHO #5,Echo,Road Bridge 600m West of Carmyllie,56.569722,-2.741944,054cf5a60db402390000,417.0,-26.5,3.51,5.69,0
2024-12-21 04:58:37.006593+00:00,70B3D54999389C9B,ECHO #5,Echo,Road Bridge 600m West of Carmyllie,56.569722,-2.741944,054df58d0db402390000,416.0,-26.75,3.51,5.69,0
2024-12-21 05:13:36.502833+00:00,70B3D54999389C9B,ECHO #5,Echo,Road Bridge 600m West of Carmyllie,56.569722,-2.741944,054ef63c0db0023b0000,415.0,-25.0,3.5,5.71,0
2024-12-21 05:28:37.553306+00:00,70B3D54999389C9B,ECHO #5,Echo,Road Bridge 600m West of Carmyllie,56.569722,-2.741944,054ee1ec0db0023f0000,415.0,-77.0,3.5,5.75,0
2024-12-21 05:43:41.226857+00:00,70B3D54999389C9B,ECHO #5,Echo,Road Bridge 600m West of Carmyllie,56.569722,-2.741944,054ce1ec0da8023f0000,417.0,-77.0,3.5,5.75,0
2024-12-21 05:58:41.128701+00:00,70B3D54999389C9B,ECHO #5,Echo,Road Bridge 600m West of Carmyllie,56.569722,-2.741944,054fe1ec0da4023f0000,414.0,-77.0,3.49,5.75,0
2024-12-21 06:13:35.945627+00:00,70B3D54999389C9B,ECHO #5,Echo,Road Bridge 600m West of Carmyllie,56.569722,-2.741944,054df60a0da4023f0000,416.0,-25.5,3.49,5.75,0
2024-12-21 06:28:36.783067+00:00,70B3D54999389C9B,ECHO #5,Echo,Road Bridge 600m West of Carmyllie,56.569722,-2.741944,054ef71d0da002410000,415.0,-22.75,3.49,5.77,0
2024-12-21 06:43:37.188134+00:00,70B3D54999389C9B,ECHO #5,Echo,Road Bridge 600m West of Carmyllie,56.569722,-2.741944,054ff6a00d9c02420000,414.0,-24.0,3.48,5.78,0
2024-12-21 06:58:37.061696+00:00,70B3D54999389C9B,ECHO #5,Echo,Road Bridge 600m West of Carmyllie,56.569722,-2.741944,054df66e0d9802450000,416.0,-24.5,3.48,5.81,0
2024-12-21 07:13:36.932086+00:00,70B3D54999389C9B,ECHO #5,Echo,Road Bridge 600m West of Carmyllie,56.569722,-2.741944,054af5f10d9402450000,419.0,-25.75,3.48,5.81,0
2024-12-21 07:28:37.297354+00:00,70B3D54999389C9B,ECHO #5,Echo,Road Bridge 600m West of Carmyllie,56.569722,-2.741944,054af6230d9402470000,419.0,-25.25,3.48,5.83,0
2024-12-21 07:43:36.030539+00:00,70B3D54999389C9B,ECHO #5,Echo,Road Bridge 600m West of Carmyllie,56.569722,-2.741944,0548f58d0d8c02450000,421.0,-26.75,3.47,5.81,0
2024-12-21 07:58:38.864363+00:00,70B3D54999389C9B,ECHO #5,Echo,Road Bridge 600m West of Carmyllie,56.569722,-2.741944,0549f6230d8c02450000,420.0,-25.25,3.47,5.81,0
2024-12-21 08:13:37.198824+00:00,70B3D54999389C9B,ECHO #5,Echo,Road Bridge 600m West of Carmyllie,56.569722,-2.741944,054af60a0d8402450000,419.0,-25.5,3.46,5.81,0
2024-12-21 08:43:37.143575+00:00,70B3D54999389C9B,ECHO #5,Echo,Road Bridge 600m West of Carmyllie,56.569722,-2.741944,054af4160d7c02450000,419.0,-30.5,3.45,5.81,0
2024-12-21 08:58:35.580582+00:00,70B3D54999389C9B,ECHO #5,Echo,Road Bridge 600m West of Carmyllie,56.569722,-2.741944,0547f3800d7402450000,422.0,-32.0,3.44,5.81,0
2024-12-21 09:13:36.221822+00:00,70B3D54999389C9B,ECHO #5,Echo,Road Bridge 600m West of Carmyllie,56.569722,-2.741944,0547f3800d7802450000,422.0,-32.0,3.45,5.81,0
2024-12-21 09:28:36.000307+00:00,70B3D54999389C9B,ECHO #5,Echo,Road Bridge 600m West of Carmyllie,56.569722,-2.741944,0548f6870d7402430000,421.0,-24.25,3.44,5.79,0
2024-12-21 09:43:40.116328+00:00,70B3D54999389C9B,ECHO #5,Echo,Road Bridge 600m West of Carmyllie,56.569722,-2.741944,0548f5f10d7002410000,421.0,-25.75,3.44,5.77,0
2024-12-21 09:58:40.041603+00:00,70B3D54999389C9B,ECHO #5,Echo,Road Bridge 600m West of Carmyllie,56.569722,-2.741944,0547ea6b0d6c023f0000,422.0,-55.25,3.44,5.75,0
2024-12-21 10:13:35.156970+00:00,70B3D54999389C9B,ECHO #5,Echo,Road Bridge 600m West of Carmyllie,56.569722,-2.741944,0547f34e0d74023f0000,422.0,-32.5,3.44,5.75,0
2024-12-21 10:43:37.967301+00:00,70B3D54999389C9B,ECHO #5,Echo,Road Bridge 600m West of Carmyllie,56.569722,-2.741944,054cf5100d74023b0000,417.0,-28.0,3.44,5.71,0
2024-12-21 10:58:36.594670+00:00,70B3D54999389C9B,ECHO #5,Echo,Road Bridge 600m West of Carmyllie,56.569722,-2.741944,0549f3030d7402370000,420.0,-33.25,3.44,5.67,0
2024-12-21 11:13:36.269682+00:00,70B3D54999389C9B,ECHO #5,Echo,Road Bridge 600m West of Carmyllie,56.569722,-2.741944,0548f3030d7402370000,421.0,-33.25,3.44,5.67,0
2024-12-21 11:28:36.296986+00:00,70B3D54999389C9B,ECHO #5,Echo,Road Bridge 600m West of Carmyllie,56.569722,-2.741944,054af2d10d7402320000,419.0,-33.75,3.44,5.62,0
2024-12-21 11:43:37.042157+00:00,70B3D54999389C9B,ECHO #5,Echo,Road Bridge 600m West of Carmyllie,56.569722,-2.741944,054bf26d0d7402300000,418.0,-34.75,3.44,5.6,0
2024-12-21 11:58:35.817611+00:00,70B3D54999389C9B,ECHO #5,Echo,Road Bridge 600m West of Carmyllie,56.569722,-2.741944,054af1a50d7c022e0000,419.0,-36.75,3.45,5.58,0
2024-12-21 12:13:35.769907+00:00,70B3D54999389C9B,ECHO #5,Echo,Road Bridge 600m West of Carmyllie,56.569722,-2.741944,0548f29f0d7c022c0000,421.0,-34.25,3.45,5.56,0
2024-12-21 12:28:35.763858+00:00,70B3D54999389C9B,ECHO #5,Echo,Road Bridge 600m West of Carmyllie,56.569722,-2.741944,054cf2b80d8402280000,417.0,-34.0,3.46,5.52,0
2024-12-21 12:43:35.551614+00:00,70B3D54999389C9B,ECHO #5,Echo,Road Bridge 600m West of Carmyllie,56.569722,-2.741944,0549f2090d8802280000,420.0,-35.75,3.46,5.52,0
2024-12-21 12:58:35.026838+00:00,70B3D54999389C9B,ECHO #5,Echo,Road Bridge 600m West of Carmyllie,56.569722,-2.741944,054af3990d8c02280000,419.0,-31.75,3.47,5.52,0
2024-12-21 13:13:37.357426+00:00,70B3D54999389C9B,ECHO #5,Echo,Road Bridge 600m West of Carmyllie,56.569722,-2.741944,054af3e40d9c02260000,419.0,-31.0,3.48,5.5,0
2024-12-21 13:28:35.905667+00:00,70B3D54999389C9B,ECHO #5,Echo,Road Bridge 600m West of Carmyllie,56.569722,-2.741944,0549e1ec0dac02260000,420.0,-77.0,3.5,5.5,0
2024-12-21 13:43:38.068831+00:00,70B3D54999389C9B,ECHO #5,Echo,Road Bridge 600m West of Carmyllie,56.569722,-2.741944,0551e1ec0db402280000,412.0,-77.0,3.51,5.52,0
2024-12-21 13:58:43.460898+00:00,70B3D54999389C9B,ECHO #5,Echo,Road Bridge 600m West of Carmyllie,56.569722,-2.741944,0547e1ec0db402260000,422.0,-77.0,3.51,5.5,0
2024-12-21 14:13:41.524732+00:00,70B3D54999389C9B,ECHO #5,Echo,Road Bridge 600m West of Carmyllie,56.569722,-2.741944,054bf4f70dac02260000,418.0,-28.25,3.5,5.5,0
2024-12-21 14:28:39.444694+00:00,70B3D54999389C9B,ECHO #5,Echo,Road Bridge 600m West of Carmyllie,56.569722,-2.741944,054af2090da402230000,419.0,-35.75,3.49,5.47,0
2024-12-21 14:43:39.756285+00:00,70B3D54999389C9B,ECHO #5,Echo,Road Bridge 600m West of Carmyllie,56.569722,-2.741944,054af1730da402220000,419.0,-37.25,3.49,5.46,0
2024-12-21 14:58:39.522073+00:00,70B3D54999389C9B,ECHO #5,Echo,Road Bridge 600m West of Carmyllie,56.569722,-2.741944,0549ef980d9c02200000,420.0,-42.0,3.48,5.44,0
2024-12-21 15:13:34.218074+00:00,70B3D54999389C9B,ECHO #5,Echo,Road Bridge 600m West of Carmyllie,56.569722,-2.741944,054cecc30d98021a0000,417.0,-49.25,3.48,5.38,0
2024-12-21 15:28:34.490596+00:00,70B3D54999389C9B,ECHO #5,Echo,Road Bridge 600m West of Carmyllie,56.569722,-2.741944,054aebb00d90021a0000,419.0,-52.0,3.47,5.38,0
2024-12-21 15:43:34.029110+00:00,70B3D54999389C9B,ECHO #5,Echo,Road Bridge 600m West of Carmyllie,56.569722,-2.741944,054cea070d8802130000,417.0,-56.25,3.46,5.31,0
2024-12-21 15:58:34.816562+00:00,70B3D54999389C9B,ECHO #5,Echo,Road Bridge 600m West of Carmyllie,56.569722,-2.741944,054be77d0d8402130000,418.0,-62.75,3.46,5.31,0
2024-12-21 16:13:34.485883+00:00,70B3D54999389C9B,ECHO #5,Echo,Road Bridge 600m West of Carmyllie,56.569722,-2.741944,054ae5a20d80020f0000,419.0,-67.5,3.46,5.27,0
2024-12-21 16:28:39.323876+00:00,70B3D54999389C9B,ECHO #5,Echo,Road Bridge 600m West of Carmyllie,56.569722,-2.741944,054ae5700d7c020d0000,419.0,-68.0,3.45,5.25,0
2024-12-21 16:43:38.467573+00:00,70B3D54999389C9B,ECHO #5,Echo,Road Bridge 600m West of Carmyllie,56.569722,-2.741944,0549e1d30d7402070000,420.0,-77.25,3.44,5.19,0
2024-12-21 16:58:38.556181+00:00,70B3D54999389C9B,ECHO #5,Echo,Road Bridge 600m West of Carmyllie,56.569722,-2.741944,054be1d30d6c02030000,418.0,-77.25,3.44,5.15,0
2024-12-21 17:13:35.028279+00:00,70B3D54999389C9B,ECHO #5,Echo,Road Bridge 600m West of Carmyllie,56.569722,-2.741944,054be2370d6802030000,418.0,-76.25,3.43,5.15,0
2024-12-21 17:28:33.431308+00:00,70B3D54999389C9B,ECHO #5,Echo,Road Bridge 600m West of Carmyllie,56.569722,-2.741944,054b09150d6001fc0000,418.0,23.25,3.42,5.08,0
2024-12-21 17:43:33.246424+00:00,70B3D54999389C9B,ECHO #5,Echo,Road Bridge 600m West of Carmyllie,56.569722,-2.741944,054909150d5401fc0000,420.0,23.25,3.41,5.08,0
2024-12-21 17:58:34.579756+00:00,70B3D54999389C9B,ECHO #5,Echo,Road Bridge 600m West of Carmyllie,56.569722,-2.741944,054809150d5801fa0000,421.0,23.25,3.42,5.06,0
2024-12-21 18:13:34.360824+00:00,70B3D54999389C9B,ECHO #5,Echo,Road Bridge 600m West of Carmyllie,56.569722,-2.741944,054be1ec0d5401f60000,418.0,-77.0,3.41,5.02,0
2024-12-21 18:28:34.759065+00:00,70B3D54999389C9B,ECHO #5,Echo,Road Bridge 600m West of Carmyllie,56.569722,-2.741944,054ae1ec0d5001f40000,419.0,-77.0,3.41,5.0,0
2024-12-21 18:43:32.948230+00:00,70B3D54999389C9B,ECHO #5,Echo,Road Bridge 600m West of Carmyllie,56.569722,-2.741944,0549e1ec0d4801f40000,420.0,-77.0,3.4,5.0,0
2024-12-21 18:58:33.627713+00:00,70B3D54999389C9B,ECHO #5,Echo,Road Bridge 600m West of Carmyllie,56.569722,-2.741944,054ae1ec0d3c01f00000,419.0,-77.0,3.39,4.96,0
2024-12-21 19:13:33.927823+00:00,70B3D54999389C9B,ECHO #5,Echo,Road Bridge 600m West of Carmyllie,56.569722,-2.741944,0549e1ec0d3801f00000,420.0,-77.0,3.38,4.96,0
2024-12-21 19:28:33.951105+00:00,70B3D54999389C9B,ECHO #5,Echo,Road Bridge 600m West of Carmyllie,56.569722,-2.741944,054be1ec0d3801ea0000,418.0,-77.0,3.38,4.9,0
2024-12-21 19:43:33.265515+00:00,70B3D54999389C9B,ECHO #5,Echo,Road Bridge 600m West of Carmyllie,56.569722,-2.741944,054ae1ec0d3001ea0000,419.0,-77.0,3.38,4.9,0
2024-12-21 19:58:37.614522+00:00,70B3D54999389C9B,ECHO #5,Echo,Road Bridge 600m West of Carmyllie,56.569722,-2.741944,054ae1ec0d2801e50000,419.0,-77.0,3.37,4.85,0
2024-12-21 20:13:37.402722+00:00,70B3D54999389C9B,ECHO #5,Echo,Road Bridge 600m West of Carmyllie,56.569722,-2.741944,054ae1ec0d2001e30000,419.0,-77.0,3.36,4.83,0
2024-12-21 20:28:37.497368+00:00,70B3D54999389C9B,ECHO #5,Echo,Road Bridge 600m West of Carmyllie,56.569722,-2.741944,054be1ec0d1801e10000,418.0,-77.0,3.35,4.81,0
2024-12-21 20:43:32.600471+00:00,70B3D54999389C9B,ECHO #5,Echo,Road Bridge 600m West of Carmyllie,56.569722,-2.741944,054be1ec0d1401df0000,418.0,-77.0,3.35,4.79,0
2024-12-21 20:58:33.398416+00:00,70B3D54999389C9B,ECHO #5,Echo,Road Bridge 600m West of Carmyllie,56.569722,-2.741944,054be1ec0d0c01dd0000,418.0,-77.0,3.34,4.77,0
2024-12-21 21:13:33.570192+00:00,70B3D54999389C9B,ECHO #5,Echo,Road Bridge 600m West of Carmyllie,56.569722,-2.741944,054ae1ec0d0801db0000,419.0,-77.0,3.34,4.75,0
2024-12-21 21:28:37.104140+00:00,70B3D54999389C9B,ECHO #5,Echo,Road Bridge 600m West of Carmyllie,56.569722,-2.741944,054b08e30d0001d70000,418.0,22.75,3.33,4.71,0
2024-12-21 21:43:32.408122+00:00,70B3D54999389C9B,ECHO #5,Echo,Road Bridge 600m West of Carmyllie,56.569722,-2.741944,054b08e30cfc01d70000,418.0,22.75,3.32,4.71,0
2024-12-21 21:58:32.510235+00:00,70B3D54999389C9B,ECHO #5,Echo,Road Bridge 600m West of Carmyllie,56.569722,-2.741944,054908e30cf401d30000,420.0,22.75,3.32,4.67,0
2024-12-21 22:13:32.444396+00:00,70B3D54999389C9B,ECHO #5,Echo,Road Bridge 600m West of Carmyllie,56.569722,-2.741944,054be1ec0cf401d10000,418.0,-77.0,3.32,4.65,0
2024-12-21 22:28:32.829095+00:00,70B3D54999389C9B,ECHO #5,Echo,Road Bridge 600m West of Carmyllie,56.569722,-2.741944,054be2820ce801d10000,418.0,-75.5,3.3,4.65,0
2024-12-21 22:43:32.067831+00:00,70B3D54999389C9B,ECHO #5,Echo,Road Bridge 600m West of Carmyllie,56.569722,-2.741944,054bebc90ce401d10000,418.0,-51.75,3.3,4.65,0
2024-12-21 22:58:32.350786+00:00,70B3D54999389C9B,ECHO #5,Echo,Road Bridge 600m West of Carmyllie,56.569722,-2.741944,054ce5d40cdc01ca0000,417.0,-67.0,3.29,4.58,0
2024-12-21 23:13:32.268166+00:00,70B3D54999389C9B,ECHO #5,Echo,Road Bridge 600m West of Carmyllie,56.569722,-2.741944,054ce1ba0cd801ca0000,417.0,-77.5,3.29,4.58,0
2024-12-21 23:28:32.011271+00:00,70B3D54999389C9B,ECHO #5,Echo,Road Bridge 600m West of Carmyllie,56.569722,-2.741944,054cea390cd801ca0000,417.0,-55.75,3.29,4.58,0
2024-12-21 23:43:31.796814+00:00,70B3D54999389C9B,ECHO #5,Echo,Road Bridge 600m West of Carmyllie,56.569722,-2.741944,054cf0470ccc01ca0000,417.0,-40.25,3.28,4.58,0
2024-12-21 23:58:32.354716+00:00,70B3D54999389C9B,ECHO #5,Echo,Road Bridge 600m West of Carmyllie,56.569722,-2.741944,054ce3ae0cc801c50000,417.0,-72.5,3.27,4.53,0
2024-12-22 00:28:31.503273+00:00,70B3D54999389C9B,ECHO #5,Echo,Road Bridge 600m West of Carmyllie,56.569722,-2.741944,054eebc90cb801c20000,415.0,-51.75,3.26,4.5,0
2024-12-22 00:43:32.585592+00:00,70B3D54999389C9B,ECHO #5,Echo,Road Bridge 600m West of Carmyllie,56.569722,-2.741944,054cea9d0cb001be0000,417.0,-54.75,3.25,4.46,0
2024-12-22 01:13:36.058685+00:00,70B3D54999389C9B,ECHO #5,Echo,Road Bridge 600m West of Carmyllie,56.569722,-2.741944,054c08e30c9c01bc0000,417.0,22.75,3.23,4.44,0
2024-12-22 01:28:32.059654+00:00,70B3D54999389C9B,ECHO #5,Echo,Road Bridge 600m West of Carmyllie,56.569722,-2.741944,054e08e30c9801b90000,415.0,22.75,3.22,4.41,0
2024-12-23 10:29:00.508930+00:00,70B3D54999389C9B,ECHO #5,Echo,Road Bridge 600m West of Carmyllie,56.569722,-2.741944,056314b40cfc019a0000,394.0,53.0,3.32,4.1,0
2024-12-23 10:43:31.010884+00:00,70B3D54999389C9B,ECHO #5,Echo,Road Bridge 600m West of Carmyllie,56.569722,-2.741944,0562ec460cf4019f0000,395.0,-50.5,3.32,4.15,0
2024-12-23 10:58:31.566873+00:00,70B3D54999389C9B,ECHO #5,Echo,Road Bridge 600m West of Carmyllie,56.569722,-2.741944,0563edbd0cf801a30000,394.0,-46.75,3.32,4.19,0
2024-12-23 11:13:31.448041+00:00,70B3D54999389C9B,ECHO #5,Echo,Road Bridge 600m West of Carmyllie,56.569722,-2.741944,0563eeb70cf401a70000,394.0,-44.25,3.32,4.23,0
2024-12-23 11:28:32.120210+00:00,70B3D54999389C9B,ECHO #5,Echo,Road Bridge 600m West of Carmyllie,56.569722,-2.741944,0562f0150cf401ad0000,395.0,-40.75,3.32,4.29,0
2024-12-23 11:43:31.117417+00:00,70B3D54999389C9B,ECHO #5,Echo,Road Bridge 600m West of Carmyllie,56.569722,-2.741944,0563f18c0cf401af0000,394.0,-37.0,3.32,4.31,0
2024-12-23 11:58:31.684451+00:00,70B3D54999389C9B,ECHO #5,Echo,Road Bridge 600m West of Carmyllie,56.569722,-2.741944,0564f23b0cf001b60000,393.0,-35.25,3.31,4.38,0
2024-12-23 12:13:31.340371+00:00,70B3D54999389C9B,ECHO #5,Echo,Road Bridge 600m West of Carmyllie,56.569722,-2.741944,0563f2860cf401b90000,394.0,-34.5,3.32,4.41,0
2024-12-23 12:28:30.986413+00:00,70B3D54999389C9B,ECHO #5,Echo,Road Bridge 600m West of Carmyllie,56.569722,-2.741944,0564f29f0cec01bc0000,393.0,-34.25,3.31,4.44,0
2024-12-23 12:43:31.087034+00:00,70B3D54999389C9B,ECHO #5,Echo,Road Bridge 600m West of Carmyllie,56.569722,-2.741944,0564f31c0cf401c20000,393.0,-33.0,3.32,4.5,0
2024-12-23 12:58:31.140184+00:00,70B3D54999389C9B,ECHO #5,Echo,Road Bridge 600m West of Carmyllie,56.569722,-2.741944,0563f2220cec01c20000,394.0,-35.5,3.31,4.5,0
2024-12-23 13:28:34.680470+00:00,70B3D54999389C9B,ECHO #5,Echo,Road Bridge 600m West of Carmyllie,56.569722,-2.741944,0563e1ec0cdc01c80000,394.0,-77.0,3.29,4.56,0
2024-12-23 13:43:35.036037+00:00,70B3D54999389C9B,ECHO #5,Echo,Road Bridge 600m West of Carmyllie,56.569722,-2.741944,0563e1ec0cd401ce0000,394.0,-77.0,3.28,4.62,0
2024-12-23 13:58:34.164693+00:00,70B3D54999389C9B,ECHO #5,Echo,Road Bridge 600m West of Carmyllie,56.569722,-2.741944,0563e1ec0cc801ce0000,394.0,-77.0,3.27,4.62,0
2024-12-23 14:13:34.246767+00:00,70B3D54999389C9B,ECHO #5,Echo,Road Bridge 600m West of Carmyllie,56.569722,-2.741944,0560ee9e0cc001d70000,397.0,-44.5,3.26,4.71,0
2024-12-23 14:28:34.282593+00:00,70B3D54999389C9B,ECHO #5,Echo,Road Bridge 600m West of Carmyllie,56.569722,-2.741944,0560ee080cb401d90000,397.0,-46.0,3.25,4.73,0
2024-12-23 14:43:34.364367+00:00,70B3D54999389C9B,ECHO #5,Echo,Road Bridge 600m West of Carmyllie,56.569722,-2.741944,055ced400ca801cc0000,401.0,-48.0,3.24,4.6,0
2024-12-23 14:58:32.422860+00:00,70B3D54999389C9B,ECHO #5,Echo,Road Bridge 600m West of Carmyllie,56.569722,-2.741944,0561eb650ca001ca0000,396.0,-52.75,3.23,4.58,0
2024-12-25 09:51:01.941133+00:00,70B3D54999389C9B,ECHO #5,Echo,Road Bridge 600m West of Carmyllie,56.569722,-2.741944,0562f26d0d0402b40000,395.0,-34.75,3.33,6.92,0
2024-12-25 09:58:23.156214+00:00,70B3D54999389C9B,ECHO #5,Echo,Road Bridge 600m West of Carmyllie,56.569722,-2.741944,0564fc4a0cfc02b40000,393.0,-9.5,3.32,6.92,0
2024-12-25 10:13:20.832152+00:00,70B3D54999389C9B,ECHO #5,Echo,Road Bridge 600m West of Carmyllie,56.569722,-2.741944,0562fcc70cf402b40000,395.0,-8.25,3.32,6.92,0
2024-12-25 10:28:20.102204+00:00,70B3D54999389C9B,ECHO #5,Echo,Road Bridge 600m West of Carmyllie,56.569722,-2.741944,0562fcf90cec02b40000,395.0,-7.75,3.31,6.92,0
2024-12-25 10:43:21.199579+00:00,70B3D54999389C9B,ECHO #5,Echo,Road Bridge 600m West of Carmyllie,56.569722,-2.741944,0563fdf30cec02b80000,394.0,-5.25,3.31,6.96,0
2024-12-25 10:58:19.894704+00:00,70B3D54999389C9B,ECHO #5,Echo,Road Bridge 600m West of Carmyllie,56.569722,-2.741944,0564fdf30ce402ba0000,393.0,-5.25,3.3,6.98,0
2024-12-25 11:13:20.594155+00:00,70B3D54999389C9B,ECHO #5,Echo,Road Bridge 600m West of Carmyllie,56.569722,-2.741944,0563fdda0ce402ba0000,394.0,-5.5,3.3,6.98,0
2024-12-25 11:28:19.616969+00:00,70B3D54999389C9B,ECHO #5,Echo,Road Bridge 600m West of Carmyllie,56.569722,-2.741944,0566fdda0ce002be0000,391.0,-5.5,3.3,7.02,0
2024-12-25 11:43:19.632778+00:00,70B3D54999389C9B,ECHO #5,Echo,Road Bridge 600m West of Carmyllie,56.569722,-2.741944,0563fe250ce402c00000,394.0,-4.75,3.3,7.04,0
2024-12-25 11:58:19.936419+00:00,70B3D54999389C9B,ECHO #5,Echo,Road Bridge 600m West of Carmyllie,56.569722,-2.741944,0564ff6a0cf802c20000,393.0,-1.5,3.32,7.06,0
2024-12-25 12:13:19.499689+00:00,70B3D54999389C9B,ECHO #5,Echo,Road Bridge 600m West of Carmyllie,56.569722,-2.741944,056400fa0d0802c60000,393.0,2.5,3.34,7.1,0
2024-12-25 12:28:20.625983+00:00,70B3D54999389C9B,ECHO #5,Echo,Road Bridge 600m West of Carmyllie,56.569722,-2.741944,056500fa0d1802cb0000,392.0,2.5,3.35,7.15,0
2024-12-25 12:43:19.539264+00:00,70B3D54999389C9B,ECHO #5,Echo,Road Bridge 600m West of Carmyllie,56.569722,-2.741944,0565015e0d2402cd0000,392.0,3.5,3.36,7.17,0
2024-12-25 13:13:19.464959+00:00,70B3D54999389C9B,ECHO #5,Echo,Road Bridge 600m West of Carmyllie,56.569722,-2.741944,056500af0d2c02d10000,392.0,1.75,3.37,7.21,0
2024-12-25 13:28:19.772966+00:00,70B3D54999389C9B,ECHO #5,Echo,Road Bridge 600m West of Carmyllie,56.569722,-2.741944,0564f8170d2802cf0000,393.0,-20.25,3.37,7.19,0
2024-12-25 13:43:20.578406+00:00,70B3D54999389C9B,ECHO #5,Echo,Road Bridge 600m West of Carmyllie,56.569722,-2.741944,0564f8300d2802d30000,393.0,-20.0,3.37,7.23,0
2024-12-25 13:58:20.074586+00:00,70B3D54999389C9B,ECHO #5,Echo,Road Bridge 600m West of Carmyllie,56.569722,-2.741944,0565f8300d2c02d30000,392.0,-20.0,3.37,7.23,0
2024-12-25 14:13:19.891335+00:00,70B3D54999389C9B,ECHO #5,Echo,Road Bridge 600m West of Carmyllie,56.569722,-2.741944,0561fe3e0d2802d30000,396.0,-4.5,3.37,7.23,0
2024-12-25 14:28:23.917466+00:00,70B3D54999389C9B,ECHO #5,Echo,Road Bridge 600m West of Carmyllie,56.569722,-2.741944,0563fe0c0d2402d30000,394.0,-5.0,3.36,7.23,0
2024-12-25 14:43:23.699022+00:00,70B3D54999389C9B,ECHO #5,Echo,Road Bridge 600m West of Carmyllie,56.569722,-2.741944,0564fe3e0d2402d20000,393.0,-4.5,3.36,7.22,0
2024-12-25 14:58:24.253431+00:00,70B3D54999389C9B,ECHO #5,Echo,Road Bridge 600m West of Carmyllie,56.569722,-2.741944,0564fdda0d1402d30000,393.0,-5.5,3.35,7.23,0
2024-12-25 15:13:24.040034+00:00,70B3D54999389C9B,ECHO #5,Echo,Road Bridge 600m West of Carmyllie,56.569722,-2.741944,0566fe0c0d0c02d30000,391.0,-5.0,3.34,7.23,0
2024-12-25 15:28:23.893340+00:00,70B3D54999389C9B,ECHO #5,Echo,Road Bridge 600m West of Carmyllie,56.569722,-2.741944,0565fd120d0802d30000,392.0,-7.5,3.34,7.23,0
2024-12-25 15:43:23.737668+00:00,70B3D54999389C9B,ECHO #5,Echo,Road Bridge 600m West of Carmyllie,56.569722,-2.741944,0565fcc70cfc02d30000,392.0,-8.25,3.32,7.23,0
2024-12-25 15:58:24.553868+00:00,70B3D54999389C9B,ECHO #5,Echo,Road Bridge 600m West of Carmyllie,56.569722,-2.741944,0565faba0cf402d10000,392.0,-13.5,3.32,7.21,0
2024-12-25 16:13:24.429713+00:00,70B3D54999389C9B,ECHO #5,Echo,Road Bridge 600m West of Carmyllie,56.569722,-2.741944,0564faa10ce802cd0000,393.0,-13.75,3.3,7.17,0
2024-12-25 16:28:23.637089+00:00,70B3D54999389C9B,ECHO #5,Echo,Road Bridge 600m West of Carmyllie,56.569722,-2.741944,0565f9f20cdc02cc0000,392.0,-15.5,3.29,7.16,0
2024-12-25 16:43:24.322956+00:00,70B3D54999389C9B,ECHO #5,Echo,Road Bridge 600m West of Carmyllie,56.569722,-2.741944,0564f9c00cd402cb0000,393.0,-16.0,3.28,7.15,0
2024-12-25 16:58:24.395179+00:00,70B3D54999389C9B,ECHO #5,Echo,Road Bridge 600m West of Carmyllie,56.569722,-2.741944,0564f8ad0cc802c80000,393.0,-18.75,3.27,7.12,0
2024-12-25 17:13:23.849756+00:00,70B3D54999389C9B,ECHO #5,Echo,Road Bridge 600m West of Carmyllie,56.569722,-2.741944,0565e8770cc002c40000,392.0,-60.25,3.26,7.08,0
2024-12-25 17:28:19.292033+00:00,70B3D54999389C9B,ECHO #5,Echo,Road Bridge 600m West of Carmyllie,56.569722,-2.741944,0564e8900cb402c20000,393.0,-60.0,3.25,7.06,0
2024-12-25 17:43:19.187892+00:00,70B3D54999389C9B,ECHO #5,Echo,Road Bridge 600m West of Carmyllie,56.569722,-2.741944,0564e8770cac02c20000,393.0,-60.25,3.24,7.06,0
2024-12-25 17:58:23.791143+00:00,70B3D54999389C9B,ECHO #5,Echo,Road Bridge 600m West of Carmyllie,56.569722,-2.741944,0564e7e10ca002bc0000,393.0,-61.75,3.23,7.0,0
2024-12-29 09:37:21.790591+00:00,70B3D54999389C9B,ECHO #5,Echo,Road Bridge 600m West of Carmyllie,56.569722,-2.741944,055ee1ec0d0002740000,399.0,-77.0,3.33,6.28,0
2024-12-29 09:42:56.120204+00:00,70B3D54999389C9B,ECHO #5,Echo,Road Bridge 600m West of Carmyllie,56.569722,-2.741944,055fe1ec0cf802770000,398.0,-77.0,3.32,6.31,0
2024-12-29 09:57:52.394208+00:00,70B3D54999389C9B,ECHO #5,Echo,Road Bridge 600m West of Carmyllie,56.569722,-2.741944,0560e1d30cec02770000,397.0,-77.25,3.31,6.31,0
2024-12-29 10:12:55.246021+00:00,70B3D54999389C9B,ECHO #5,Echo,Road Bridge 600m West of Carmyllie,56.569722,-2.741944,055ef8300cf002770000,399.0,-20.0,3.31,6.31,0
2024-12-29 10:27:56.595853+00:00,70B3D54999389C9B,ECHO #5,Echo,Road Bridge 600m West of Carmyllie,56.569722,-2.741944,0562f8300cf4027e0000,395.0,-20.0,3.32,6.38,0
2024-12-29 10:42:56.991309+00:00,70B3D54999389C9B,ECHO #5,Echo,Road Bridge 600m West of Carmyllie,56.569722,-2.741944,0561f7810cf002820000,396.0,-21.75,3.31,6.42,0
2024-12-29 10:57:57.327878+00:00,70B3D54999389C9B,ECHO #5,Echo,Road Bridge 600m West of Carmyllie,56.569722,-2.741944,0561f7810cf002860000,396.0,-21.75,3.31,6.46,0
2024-12-29 11:12:56.816811+00:00,70B3D54999389C9B,ECHO #5,Echo,Road Bridge 600m West of Carmyllie,56.569722,-2.741944,0563f7810cec02880000,394.0,-21.75,3.31,6.48,0
2024-12-29 11:27:52.220787+00:00,70B3D54999389C9B,ECHO #5,Echo,Road Bridge 600m West of Carmyllie,56.569722,-2.741944,0561f7810cf8028a0000,396.0,-21.75,3.32,6.5,0
2024-12-29 11:42:54.350494+00:00,70B3D54999389C9B,ECHO #5,Echo,Road Bridge 600m West of Carmyllie,56.569722,-2.741944,0561f8940d00028a0000,396.0,-19.0,3.33,6.5,0
2024-12-29 11:57:52.286284+00:00,70B3D54999389C9B,ECHO #5,Echo,Road Bridge 600m West of Carmyllie,56.569722,-2.741944,0565f98e0d2c028e0000,392.0,-16.5,3.37,6.54,0
2024-12-29 12:12:57.059971+00:00,70B3D54999389C9B,ECHO #5,Echo,Road Bridge 600m West of Carmyllie,56.569722,-2.741944,0562fa880d2002900000,395.0,-14.0,3.36,6.56,0
2024-12-29 12:27:51.728431+00:00,70B3D54999389C9B,ECHO #5,Echo,Road Bridge 600m West of Carmyllie,56.569722,-2.741944,0561fbcd0d5402940000,396.0,-10.75,3.41,6.6,0
2024-12-29 12:42:53.323205+00:00,70B3D54999389C9B,ECHO #5,Echo,Road Bridge 600m West of Carmyllie,56.569722,-2.741944,0565fda80d4c029a0000,392.0,-6.0,3.4,6.66,0
2024-12-29 13:12:58.996249+00:00,70B3D54999389C9B,ECHO #5,Echo,Road Bridge 600m West of Carmyllie,56.569722,-2.741944,0562edef0d7002a10000,395.0,-46.25,3.44,6.73,0
2024-12-29 13:27:53.181574+00:00,70B3D54999389C9B,ECHO #5,Echo,Road Bridge 600m West of Carmyllie,56.569722,-2.741944,0561efe30d7402a30000,396.0,-41.25,3.44,6.75,0
2024-12-29 13:42:56.602530+00:00,70B3D54999389C9B,ECHO #5,Echo,Road Bridge 600m West of Carmyllie,56.569722,-2.741944,0563efe30d7402a70000,394.0,-41.25,3.44,6.79,0
2024-12-29 13:57:56.720372+00:00,70B3D54999389C9B,ECHO #5,Echo,Road Bridge 600m West of Carmyllie,56.569722,-2.741944,0564edbd0d7002a70000,393.0,-46.75,3.44,6.79,0
2024-12-29 14:12:56.527980+00:00,70B3D54999389C9B,ECHO #5,Echo,Road Bridge 600m West of Carmyllie,56.569722,-2.741944,0564fb370d7402a90000,393.0,-12.25,3.44,6.81,0
2024-12-29 14:27:57.053268+00:00,70B3D54999389C9B,ECHO #5,Echo,Road Bridge 600m West of Carmyllie,56.569722,-2.741944,0562fa240d7402ad0000,395.0,-15.0,3.44,6.85,0
2024-12-29 14:42:56.366770+00:00,70B3D54999389C9B,ECHO #5,Echo,Road Bridge 600m West of Carmyllie,56.569722,-2.741944,0561f8300d7802ad0000,396.0,-20.0,3.45,6.85,0
2024-12-29 14:57:56.320080+00:00,70B3D54999389C9B,ECHO #5,Echo,Road Bridge 600m West of Carmyllie,56.569722,-2.741944,0563f7810d6802ad0000,394.0,-21.75,3.43,6.85,0
2024-12-29 15:12:56.636223+00:00,70B3D54999389C9B,ECHO #5,Echo,Road Bridge 600m West of Carmyllie,56.569722,-2.741944,0561f6eb0d6402a90000,396.0,-23.25,3.43,6.81,0
2024-12-29 15:27:56.294022+00:00,70B3D54999389C9B,ECHO #5,Echo,Road Bridge 600m West of Carmyllie,56.569722,-2.741944,0562f6a00d5802a90000,395.0,-24.0,3.42,6.81,0
2024-12-29 15:42:56.116098+00:00,70B3D54999389C9B,ECHO #5,Echo,Road Bridge 600m West of Carmyllie,56.569722,-2.741944,0561f60a0d4c02a50000,396.0,-25.5,3.4,6.77,0
2024-12-29 15:57:56.932697+00:00,70B3D54999389C9B,ECHO #5,Echo,Road Bridge 600m West of Carmyllie,56.569722,-2.741944,0561f7360d4802a30000,396.0,-22.5,3.4,6.75,0
2024-12-29 16:12:57.190761+00:00,70B3D54999389C9B,ECHO #5,Echo,Road Bridge 600m West of Carmyllie,56.569722,-2.741944,0561f6550d3c02a30000,396.0,-24.75,3.39,6.75,0
2024-12-29 16:27:56.095646+00:00,70B3D54999389C9B,ECHO #5,Echo,Road Bridge 600m West of Carmyllie,56.569722,-2.741944,0562f4c50d3802a30000,395.0,-28.75,3.38,6.75,0
2024-12-29 16:42:56.573652+00:00,70B3D54999389C9B,ECHO #5,Echo,Road Bridge 600m West of Carmyllie,56.569722,-2.741944,0561f3cb0d30029d0000,396.0,-31.25,3.38,6.69,0
2024-12-29 16:57:56.430792+00:00,70B3D54999389C9B,ECHO #5,Echo,Road Bridge 600m West of Carmyllie,56.569722,-2.741944,0560f2860d28029d0000,397.0,-34.5,3.37,6.69,0
2024-12-29 17:12:55.860362+00:00,70B3D54999389C9B,ECHO #5,Echo,Road Bridge 600m West of Carmyllie,56.569722,-2.741944,055fe1ec0d1c02990000,398.0,-77.0,3.36,6.65,0
2024-12-29 17:42:50.888685+00:00,70B3D54999389C9B,ECHO #5,Echo,Road Bridge 600m West of Carmyllie,56.569722,-2.741944,0564e1ec0d1402960000,393.0,-77.0,3.35,6.62,0
2024-12-29 17:57:52.442438+00:00,70B3D54999389C9B,ECHO #5,Echo,Road Bridge 600m West of Carmyllie,56.569722,-2.741944,0562e1ec0d0402940000,395.0,-77.0,3.33,6.6,0
2024-12-29 18:12:52.501066+00:00,70B3D54999389C9B,ECHO #5,Echo,Road Bridge 600m West of Carmyllie,56.569722,-2.741944,0564f15a0d0002920000,393.0,-37.5,3.33,6.58,0
2024-12-29 18:27:52.114713+00:00,70B3D54999389C9B,ECHO #5,Echo,Road Bridge 600m West of Carmyllie,56.569722,-2.741944,0567f1730cfc02900000,390.0,-37.25,3.32,6.56,0
2024-12-29 18:42:54.458115+00:00,70B3D54999389C9B,ECHO #5,Echo,Road Bridge 600m West of Carmyllie,56.569722,-2.741944,0562f3fd0cf402900000,395.0,-30.75,3.32,6.56,0
2024-12-29 19:12:55.718459+00:00,70B3D54999389C9B,ECHO #5,Echo,Road Bridge 600m West of Carmyllie,56.569722,-2.741944,0563f23b0ce402900000,394.0,-35.25,3.3,6.56,0
2024-12-29 19:27:55.481846+00:00,70B3D54999389C9B,ECHO #5,Echo,Road Bridge 600m West of Carmyllie,56.569722,-2.741944,0564f1f00cd802900000,393.0,-36.0,3.29,6.56,0
2024-12-29 19:42:55.648552+00:00,70B3D54999389C9B,ECHO #5,Echo,Road Bridge 600m West of Carmyllie,56.569722,-2.741944,0567f0dd0ccc02900000,390.0,-38.75,3.28,6.56,0
2024-12-29 19:57:50.553005+00:00,70B3D54999389C9B,ECHO #5,Echo,Road Bridge 600m West of Carmyllie,56.569722,-2.741944,0563f2540cc8028c0000,394.0,-35.0,3.27,6.52,0
2024-12-29 20:12:52.023400+00:00,70B3D54999389C9B,ECHO #5,Echo,Road Bridge 600m West of Carmyllie,56.569722,-2.741944,0560efe30cb8028e0000,397.0,-41.25,3.26,6.54,0
2024-12-29 20:27:51.751651+00:00,70B3D54999389C9B,ECHO #5,Echo,Road Bridge 600m West of Carmyllie,56.569722,-2.741944,0563f02e0cb4028e0000,394.0,-40.5,3.25,6.54,0
2024-12-29 20:42:50.159414+00:00,70B3D54999389C9B,ECHO #5,Echo,Road Bridge 600m West of Carmyllie,56.569722,-2.741944,0562effc0ca8028c0000,395.0,-41.0,3.24,6.52,0
2025-01-04 09:22:46.546284+00:00,70B3D54999389C9B,ECHO #5,Echo,Road Bridge 600m West of Carmyllie,56.569722,-2.741944,0542f92a0cd401b20000,427.0,-17.5,3.28,4.34,0
2025-01-04 09:27:41.809163+00:00,70B3D54999389C9B,ECHO #5,Echo,Road Bridge 600m West of Carmyllie,56.569722,-2.741944,0542f8f80cc401af0000,427.0,-18.0,3.27,4.31,0
2025-01-04 09:42:38.067733+00:00,70B3D54999389C9B,ECHO #5,Echo,Road Bridge 600m West of Carmyllie,56.569722,-2.741944,0543f8620cc001ad0000,426.0,-19.5,3.26,4.29,0
2025-01-04 09:57:39.449095+00:00,70B3D54999389C9B,ECHO #5,Echo,Road Bridge 600m West of Carmyllie,56.569722,-2.741944,0542f8620cc001ad0000,427.0,-19.5,3.26,4.29,0
2025-01-04 10:12:38.988489+00:00,70B3D54999389C9B,ECHO #5,Echo,Road Bridge 600m West of Carmyllie,56.569722,-2.741944,0542109a0cc001ad0000,427.0,42.5,3.26,4.29,0
2025-01-04 10:27:39.386134+00:00,70B3D54999389C9B,ECHO #5,Echo,Road Bridge 600m West of Carmyllie,56.569722,-2.741944,0543f1be0cbc01ab0000,426.0,-36.5,3.26,4.27,0
2025-01-04 10:42:38.086394+00:00,70B3D54999389C9B,ECHO #5,Echo,Road Bridge 600m West of Carmyllie,56.569722,-2.741944,0542e7960cc001ab0000,427.0,-62.5,3.26,4.27,0
2025-01-04 10:57:39.140848+00:00,70B3D54999389C9B,ECHO #5,Echo,Road Bridge 600m West of Carmyllie,56.569722,-2.741944,0543de360cc401a90000,426.0,-86.5,3.27,4.25,0
2025-01-04 11:12:39.185879+00:00,70B3D54999389C9B,ECHO #5,Echo,Road Bridge 600m West of Carmyllie,56.569722,-2.741944,0542e5570cc401ab0000,427.0,-68.25,3.27,4.27,0
2025-01-04 11:27:38.142040+00:00,70B3D54999389C9B,ECHO #5,Echo,Road Bridge 600m West of Carmyllie,56.569722,-2.741944,0542e1d30cc801a90000,427.0,-77.25,3.27,4.25,0
2025-01-04 11:42:38.070901+00:00,70B3D54999389C9B,ECHO #5,Echo,Road Bridge 600m West of Carmyllie,56.569722,-2.741944,0543e1ec0cd001a90000,426.0,-77.0,3.28,4.25,0
2025-01-04 11:57:38.136982+00:00,70B3D54999389C9B,ECHO #5,Echo,Road Bridge 600m West of Carmyllie,56.569722,-2.741944,0543e1ec0ce001a90000,426.0,-77.0,3.3,4.25,0
2025-01-04 12:12:38.867621+00:00,70B3D54999389C9B,ECHO #5,Echo,Road Bridge 600m West of Carmyllie,56.569722,-2.741944,0543e1ec0ce001ab0000,426.0,-77.0,3.3,4.27,0
2025-01-04 12:27:41.984040+00:00,70B3D54999389C9B,ECHO #5,Echo,Road Bridge 600m West of Carmyllie,56.569722,-2.741944,0544e1ec0cd801ab0000,425.0,-77.0,3.29,4.27,0
2025-01-04 12:42:41.811424+00:00,70B3D54999389C9B,ECHO #5,Echo,Road Bridge 600m West of Carmyllie,56.569722,-2.741944,0544e1ec0cd801af0000,425.0,-77.0,3.29,4.31,0
2025-01-04 12:57:42.057422+00:00,70B3D54999389C9B,ECHO #5,Echo,Road Bridge 600m West of Carmyllie,56.569722,-2.741944,0545e1ec0cd401ad0000,424.0,-77.0,3.28,4.29,0
2025-01-04 13:12:36.998830+00:00,70B3D54999389C9B,ECHO #5,Echo,Road Bridge 600m West of Carmyllie,56.569722,-2.741944,0545e1ec0cd801ad0000,424.0,-77.0,3.29,4.29,0
2025-01-04 13:27:38.551056+00:00,70B3D54999389C9B,ECHO #5,Echo,Road Bridge 600m West of Carmyllie,56.569722,-2.741944,0546fb500cd001af0000,423.0,-12.0,3.28,4.31,0
2025-01-04 13:42:37.002098+00:00,70B3D54999389C9B,ECHO #5,Echo,Road Bridge 600m West of Carmyllie,56.569722,-2.741944,0545f8300cc801b10000,424.0,-20.0,3.27,4.33,0
2025-01-04 13:57:36.934152+00:00,70B3D54999389C9B,ECHO #5,Echo,Road Bridge 600m West of Carmyllie,56.569722,-2.741944,0545f8300cc001b10000,424.0,-20.0,3.26,4.33,0
2025-01-04 14:12:38.238835+00:00,70B3D54999389C9B,ECHO #5,Echo,Road Bridge 600m West of Carmyllie,56.569722,-2.741944,0545e74b0cb401b10000,424.0,-63.25,3.25,4.33,0
2025-01-04 14:27:37.085130+00:00,70B3D54999389C9B,ECHO #5,Echo,Road Bridge 600m West of Carmyllie,56.569722,-2.741944,0546e2690cb001b10000,423.0,-75.75,3.25,4.33,0
2025-01-04 14:42:38.064238+00:00,70B3D54999389C9B,ECHO #5,Echo,Road Bridge 600m West of Carmyllie,56.569722,-2.741944,0546e0110ca401b10000,423.0,-81.75,3.24,4.33,0
2025-01-10 09:11:22.269268+00:00,70B3D54999389C9B,ECHO #5,Echo,Road Bridge 600m West of Carmyllie,56.569722,-2.741944,056cf8300cb800810000,385.0,-20.0,3.26,1.29,0
2025-01-13 11:12:37.573540+00:00,70B3D54999389C9B,ECHO #5,Echo,Road Bridge 600m West of Carmyllie,56.569722,-2.741944,0557ff9c0cfc01de0000,406.0,-1.0,3.32,4.78,0
2025-01-13 11:42:36.902179+00:00,70B3D54999389C9B,ECHO #5,Echo,Road Bridge 600m West of Carmyllie,56.569722,-2.741944,055400c80cf001e50000,409.0,2.0,3.31,4.85,0
2025-01-13 11:57:37.159042+00:00,70B3D54999389C9B,ECHO #5,Echo,Road Bridge 600m West of Carmyllie,56.569722,-2.741944,055400af0ce401ea0000,409.0,1.75,3.3,4.9,0
2025-01-13 12:12:37.220052+00:00,70B3D54999389C9B,ECHO #5,Echo,Road Bridge 600m West of Carmyllie,56.569722,-2.741944,055300c80cdc01ec0000,410.0,2.0,3.29,4.92,0
2025-01-13 12:27:37.043372+00:00,70B3D54999389C9B,ECHO #5,Echo,Road Bridge 600m West of Carmyllie,56.569722,-2.741944,055300c80cd401ee0000,410.0,2.0,3.28,4.94,0
2025-01-13 12:42:37.094258+00:00,70B3D54999389C9B,ECHO #5,Echo,Road Bridge 600m West of Carmyllie,56.569722,-2.741944,054f00fa0cd401f20000,414.0,2.5,3.28,4.98,0
2025-01-13 12:57:36.963407+00:00,70B3D54999389C9B,ECHO #5,Echo,Road Bridge 600m West of Carmyllie,56.569722,-2.741944,055101130cdc01f80000,412.0,2.75,3.29,5.04,0
2025-01-13 13:12:37.232385+00:00,70B3D54999389C9B,ECHO #5,Echo,Road Bridge 600m West of Carmyllie,56.569722,-2.741944,054e01450cf801fa0000,415.0,3.25,3.32,5.06,0
2025-01-13 13:27:36.505392+00:00,70B3D54999389C9B,ECHO #5,Echo,Road Bridge 600m West of Carmyllie,56.569722,-2.741944,054cfd5d0cdc01fe0000,417.0,-6.75,3.29,5.1,0
2025-01-13 13:42:36.902536+00:00,70B3D54999389C9B,ECHO #5,Echo,Road Bridge 600m West of Carmyllie,56.569722,-2.741944,054bfdda0cfc02050000,418.0,-5.5,3.32,5.17,0
2025-01-13 13:57:37.885173+00:00,70B3D54999389C9B,ECHO #5,Echo,Road Bridge 600m West of Carmyllie,56.569722,-2.741944,054701c20cfc02070000,422.0,4.5,3.32,5.19,0
2025-01-13 14:12:36.925688+00:00,70B3D54999389C9B,ECHO #5,Echo,Road Bridge 600m West of Carmyllie,56.569722,-2.741944,054602580d04020b0000,423.0,6.0,3.33,5.23,0
2025-01-13 14:27:36.687441+00:00,70B3D54999389C9B,ECHO #5,Echo,Road Bridge 600m West of Carmyllie,56.569722,-2.741944,054601f40cfc020b0000,423.0,5.0,3.32,5.23,0
2025-01-13 14:42:36.440843+00:00,70B3D54999389C9B,ECHO #5,Echo,Road Bridge 600m West of Carmyllie,56.569722,-2.741944,054301900cf8020f0000,426.0,4.0,3.32,5.27,0
2025-01-13 14:57:36.117884+00:00,70B3D54999389C9B,ECHO #5,Echo,Road Bridge 600m West of Carmyllie,56.569722,-2.741944,054100fa0cf002110000,428.0,2.5,3.31,5.29,0
2025-01-13 15:12:40.971604+00:00,70B3D54999389C9B,ECHO #5,Echo,Road Bridge 600m West of Carmyllie,56.569722,-2.741944,053f00e10cf002110000,430.0,2.25,3.31,5.29,0
2025-01-13 15:27:40.507191+00:00,70B3D54999389C9B,ECHO #5,Echo,Road Bridge 600m West of Carmyllie,56.569722,-2.741944,053d00fa0ce002100000,432.0,2.5,3.3,5.28,0
2025-01-13 15:42:35.721911+00:00,70B3D54999389C9B,ECHO #5,Echo,Road Bridge 600m West of Carmyllie,56.569722,-2.741944,053c00fa0cd402110000,433.0,2.5,3.28,5.29,0
2025-01-13 15:57:36.648366+00:00,70B3D54999389C9B,ECHO #5,Echo,Road Bridge 600m West of Carmyllie,56.569722,-2.741944,053b00960cc802130000,434.0,1.5,3.27,5.31,0
2025-01-13 16:12:37.541621+00:00,70B3D54999389C9B,ECHO #5,Echo,Road Bridge 600m West of Carmyllie,56.569722,-2.741944,053a00960cc402130000,435.0,1.5,3.27,5.31,0
2025-01-13 16:27:36.589379+00:00,70B3D54999389C9B,ECHO #5,Echo,Road Bridge 600m West of Carmyllie,56.569722,-2.741944,053900960cb002130000,436.0,1.5,3.25,5.31,0
2025-01-24 15:34:06.179077+00:00,70B3D54999389C9B,ECHO #5,Echo,Road Bridge 600m West of Carmyllie,56.569722,-2.741944,050408b10ce801ce0000,489.0,22.25,3.3,4.62,0
2025-01-24 15:42:34.353551+00:00,70B3D54999389C9B,ECHO #5,Echo,Road Bridge 600m West of Carmyllie,56.569722,-2.741944,04fee1ec0ce001ca0000,495.0,-77.0,3.3,4.58,0
2025-01-24 15:57:30.360559+00:00,70B3D54999389C9B,ECHO #5,Echo,Road Bridge 600m West of Carmyllie,56.569722,-2.741944,0502e1ec0cd801c80000,491.0,-77.0,3.29,4.56,0
2025-01-24 16:12:29.190699+00:00,70B3D54999389C9B,ECHO #5,Echo,Road Bridge 600m West of Carmyllie,56.569722,-2.741944,0500e1ec0cc801c20000,493.0,-77.0,3.27,4.5,0
2025-01-24 16:27:32.533162+00:00,70B3D54999389C9B,ECHO #5,Echo,Road Bridge 600m West of Carmyllie,56.569722,-2.741944,04fae1ec0cbc01200000,499.0,-77.0,3.26,2.88,0
2025-01-24 16:42:28.453849+00:00,70B3D54999389C9B,ECHO #5,Echo,Road Bridge 600m West of Carmyllie,56.569722,-2.741944,04f9e1ec0cb426ac0000,500.0,-77.0,3.25,99.0,0
2025-01-24 16:57:29.189734+00:00,70B3D54999389C9B,ECHO #5,Echo,Road Bridge 600m West of Carmyllie,56.569722,-2.741944,04fae1ec0ca426ac0000,499.0,-77.0,3.24,99.0,0
