timestamp,device_eui,device_name,device_type,site_name,latitude,longitude,payload,water_level,air_temp,battery_volt,water_temp,status
2022-12-17 11:19:28.648179+00:00,70B3D54991EB3BA5,ECHO #2,Echo,Crossden burn @ Greenford Farm,56.55409349771759,-2.7087453156770502,08bc00000de826ac0000,286.0,0.0,3.56,99.0,0
2022-12-17 11:35:07.995358+00:00,70B3D54991EB3BA5,ECHO #2,Echo,Crossden burn @ Greenford Farm,56.55409349771759,-2.7087453156770502,08bb00000d9426ac0000,287.0,0.0,3.48,99.0,0
2022-12-17 11:50:46.228989+00:00,70B3D54991EB3BA5,ECHO #2,Echo,Crossden burn @ Greenford Farm,56.55409349771759,-2.7087453156770502,08bb00000d8426ac0000,287.0,0.0,3.46,99.0,0
2022-12-17 12:06:26.100319+00:00,70B3D54991EB3BA5,ECHO #2,Echo,Crossden burn @ Greenford Farm,56.55409349771759,-2.7087453156770502,08b800000de026ac0000,290.0,0.0,3.55,99.0,0
2022-12-17 12:22:05.375001+00:00,70B3D54991EB3BA5,ECHO #2,Echo,Crossden burn @ Greenford Farm,56.55409349771759,-2.7087453156770502,08b700000d7826ac0000,291.0,0.0,3.45,99.0,0
2022-12-17 12:37:45.302960+00:00,70B3D54991EB3BA5,ECHO #2,Echo,Crossden burn @ Greenford Farm,56.55409349771759,-2.7087453156770502,08b500000d7826ac0000,293.0,0.0,3.45,99.0,0
2022-12-17 12:53:24.512690+00:00,70B3D54991EB3BA5,ECHO #2,Echo,Crossden burn @ Greenford Farm,56.55409349771759,-2.7087453156770502,08b600000dd826ac0000,292.0,0.0,3.54,99.0,0
2022-12-17 13:09:03.980018+00:00,70B3D54991EB3BA5,ECHO #2,Echo,Crossden burn @ Greenford Farm,56.55409349771759,-2.7087453156770502,08b600000dc426ac0000,292.0,0.0,3.52,99.0,0
2022-12-17 13:24:43.261954+00:00,70B3D54991EB3BA5,ECHO #2,Echo,Crossden burn @ Greenford Farm,56.55409349771759,-2.7087453156770502,08b600000de826ac0000,292.0,0.0,3.56,99.0,0
2022-12-17 13:40:22.995786+00:00,70B3D54991EB3BA5,ECHO #2,Echo,Crossden burn @ Greenford Farm,56.55409349771759,-2.7087453156770502,08b600000db426ac0000,292.0,0.0,3.51,99.0,0
2022-12-17 13:56:02.535111+00:00,70B3D54991EB3BA5,ECHO #2,Echo,Crossden burn @ Greenford Farm,56.55409349771759,-2.7087453156770502,08b600000ddc26ac0000,292.0,0.0,3.55,99.0,0
2022-12-17 14:11:43.133212+00:00,70B3D54991EB3BA5,ECHO #2,Echo,Crossden burn @ Greenford Farm,56.55409349771759,-2.7087453156770502,08b400000de026ac0000,294.0,0.0,3.55,99.0,0
2022-12-17 14:27:23.270563+00:00,70B3D54991EB3BA5,ECHO #2,Echo,Crossden burn @ Greenford Farm,56.55409349771759,-2.7087453156770502,08b500000de826ac0000,293.0,0.0,3.56,99.0,0
2022-12-17 14:43:02.132218+00:00,70B3D54991EB3BA5,ECHO #2,Echo,Crossden burn @ Greenford Farm,56.55409349771759,-2.7087453156770502,08b400000da826ac0000,294.0,0.0,3.5,99.0,0
2022-12-17 14:58:41.660789+00:00,70B3D54991EB3BA5,ECHO #2,Echo,Crossden burn @ Greenford Farm,56.55409349771759,-2.7087453156770502,08b500000d6426ac0000,293.0,0.0,3.43,99.0,0
2022-12-17 15:14:21.346174+00:00,70B3D54991EB3BA5,ECHO #2,Echo,Crossden burn @ Greenford Farm,56.55409349771759,-2.7087453156770502,08b300000da026ac0000,295.0,0.0,3.49,99.0,0
2022-12-17 15:30:01.219955+00:00,70B3D54991EB3BA5,ECHO #2,Echo,Crossden burn @ Greenford Farm,56.55409349771759,-2.7087453156770502,08b400000d6026ac0000,294.0,0.0,3.42,99.0,0
2022-12-17 15:45:40.887181+00:00,70B3D54991EB3BA5,ECHO #2,Echo,Crossden burn @ Greenford Farm,56.55409349771759,-2.7087453156770502,08b300000d6426ac0000,295.0,0.0,3.43,99.0,0
2022-12-17 16:01:21.366376+00:00,70B3D54991EB3BA5,ECHO #2,Echo,Crossden burn @ Greenford Farm,56.55409349771759,-2.7087453156770502,08b400000d6826ac0000,294.0,0.0,3.43,99.0,0
2022-12-17 16:16:59.803127+00:00,70B3D54991EB3BA5,ECHO #2,Echo,Crossden burn @ Greenford Farm,56.55409349771759,-2.7087453156770502,08b300000dc026ac0000,295.0,0.0,3.52,99.0,0
2022-12-17 16:32:40.538398+00:00,70B3D54991EB3BA5,ECHO #2,Echo,Crossden burn @ Greenford Farm,56.55409349771759,-2.7087453156770502,08b200000d9426ac0000,296.0,0.0,3.48,99.0,0
2022-12-17 16:48:19.380620+00:00,70B3D54991EB3BA5,ECHO #2,Echo,Crossden burn @ Greenford Farm,56.55409349771759,-2.7087453156770502,08b300000dac26ac0000,295.0,0.0,3.5,99.0,0
2022-12-17 17:04:00.077171+00:00,70B3D54991EB3BA5,ECHO #2,Echo,Crossden burn @ Greenford Farm,56.55409349771759,-2.7087453156770502,08b000000d7c26ac0000,298.0,0.0,3.45,99.0,0
2022-12-17 17:19:38.811126+00:00,70B3D54991EB3BA5,ECHO #2,Echo,Crossden burn @ Greenford Farm,56.55409349771759,-2.7087453156770502,08b100000d6c26ac0000,297.0,0.0,3.44,99.0,0
2022-12-17 17:35:20.264658+00:00,70B3D54991EB3BA5,ECHO #2,Echo,Crossden burn @ Greenford Farm,56.55409349771759,-2.7087453156770502,08b300000da426ac0000,295.0,0.0,3.49,99.0,0
2022-12-17 17:50:59.169362+00:00,70B3D54991EB3BA5,ECHO #2,Echo,Crossden burn @ Greenford Farm,56.55409349771759,-2.7087453156770502,08b300000d6426ac0000,295.0,0.0,3.43,99.0,0
2022-12-17 18:06:39.616856+00:00,70B3D54991EB3BA5,ECHO #2,Echo,Crossden burn @ Greenford Farm,56.55409349771759,-2.7087453156770502,08af00000dcc26ac0000,299.0,0.0,3.53,99.0,0
2022-12-17 18:22:18.580224+00:00,70B3D54991EB3BA5,ECHO #2,Echo,Crossden burn @ Greenford Farm,56.55409349771759,-2.7087453156770502,08b300000d9426ac0000,295.0,0.0,3.48,99.0,0
2022-12-17 19:09:18.051162+00:00,70B3D54991EB3BA5,ECHO #2,Echo,Crossden burn @ Greenford Farm,56.55409349771759,-2.7087453156770502,08b200000d6826ac0000,296.0,0.0,3.43,99.0,0
2022-12-17 19:24:58.746369+00:00,70B3D54991EB3BA5,ECHO #2,Echo,Crossden burn @ Greenford Farm,56.55409349771759,-2.7087453156770502,08b300000d7c26ac0000,295.0,0.0,3.45,99.0,0
2022-12-17 19:40:37.373499+00:00,70B3D54991EB3BA5,ECHO #2,Echo,Crossden burn @ Greenford Farm,56.55409349771759,-2.7087453156770502,08b400000da426ac0000,294.0,0.0,3.49,99.0,0
2022-12-17 19:56:18.979909+00:00,70B3D54991EB3BA5,ECHO #2,Echo,Crossden burn @ Greenford Farm,56.55409349771759,-2.7087453156770502,08b300000d7426ac0000,295.0,0.0,3.44,99.0,0
2022-12-17 20:11:58.413833+00:00,70B3D54991EB3BA5,ECHO #2,Echo,Crossden burn @ Greenford Farm,56.55409349771759,-2.7087453156770502,08b500000dc426ac0000,293.0,0.0,3.52,99.0,0
2022-12-17 20:27:38.540689+00:00,70B3D54991EB3BA5,ECHO #2,Echo,Crossden burn @ Greenford Farm,56.55409349771759,-2.7087453156770502,08b100000d7c26ac0000,297.0,0.0,3.45,99.0,0
2022-12-17 20:43:17.657583+00:00,70B3D54991EB3BA5,ECHO #2,Echo,Crossden burn @ Greenford Farm,56.55409349771759,-2.7087453156770502,08b400000dd026ac0000,294.0,0.0,3.54,99.0,0
2022-12-17 20:58:57.562291+00:00,70B3D54991EB3BA5,ECHO #2,Echo,Crossden burn @ Greenford Farm,56.55409349771759,-2.7087453156770502,08b200000dcc26ac0000,296.0,0.0,3.53,99.0,0
2022-12-17 21:14:37.350174+00:00,70B3D54991EB3BA5,ECHO #2,Echo,Crossden burn @ Greenford Farm,56.55409349771759,-2.7087453156770502,08b300000d7026ac0000,295.0,0.0,3.44,99.0,0
2022-12-17 21:30:17.111845+00:00,70B3D54991EB3BA5,ECHO #2,Echo,Crossden burn @ Greenford Farm,56.55409349771759,-2.7087453156770502,08b200000dd426ac0000,296.0,0.0,3.54,99.0,0
2022-12-17 21:45:57.694395+00:00,70B3D54991EB3BA5,ECHO #2,Echo,Crossden burn @ Greenford Farm,56.55409349771759,-2.7087453156770502,08b500000da026ac0000,293.0,0.0,3.49,99.0,0
2022-12-17 22:01:36.576478+00:00,70B3D54991EB3BA5,ECHO #2,Echo,Crossden burn @ Greenford Farm,56.55409349771759,-2.7087453156770502,08b400000da426ac0000,294.0,0.0,3.49,99.0,0
2022-12-17 22:17:15.718647+00:00,70B3D54991EB3BA5,ECHO #2,Echo,Crossden burn @ Greenford Farm,56.55409349771759,-2.7087453156770502,08b300000dcc26ac0000,295.0,0.0,3.53,99.0,0
2022-12-17 22:32:56.544585+00:00,70B3D54991EB3BA5,ECHO #2,Echo,Crossden burn @ Greenford Farm,56.55409349771759,-2.7087453156770502,08b400000dcc26ac0000,294.0,0.0,3.53,99.0,0
2022-12-17 22:48:36.606726+00:00,70B3D54991EB3BA5,ECHO #2,Echo,Crossden burn @ Greenford Farm,56.55409349771759,-2.7087453156770502,08b300000d8826ac0000,295.0,0.0,3.46,99.0,0
2022-12-17 23:04:16.403129+00:00,70B3D54991EB3BA5,ECHO #2,Echo,Crossden burn @ Greenford Farm,56.55409349771759,-2.7087453156770502,08b200000d9c26ac0000,296.0,0.0,3.48,99.0,0
2022-12-17 23:19:56.069008+00:00,70B3D54991EB3BA5,ECHO #2,Echo,Crossden burn @ Greenford Farm,56.55409349771759,-2.7087453156770502,08b100000d7426ac0000,297.0,0.0,3.44,99.0,0
2022-12-17 23:35:36.088224+00:00,70B3D54991EB3BA5,ECHO #2,Echo,Crossden burn @ Greenford Farm,56.55409349771759,-2.7087453156770502,08b300000da026ac0000,295.0,0.0,3.49,99.0,0
2022-12-17 23:51:14.699536+00:00,70B3D54991EB3BA5,ECHO #2,Echo,Crossden burn @ Greenford Farm,56.55409349771759,-2.7087453156770502,08b100000d6026ac0000,297.0,0.0,3.42,99.0,0
2022-12-18 00:06:55.131181+00:00,70B3D54991EB3BA5,ECHO #2,Echo,Crossden burn @ Greenford Farm,56.55409349771759,-2.7087453156770502,08b300000d6c26ac0000,295.0,0.0,3.44,99.0,0
2022-12-18 00:22:35.174662+00:00,70B3D54991EB3BA5,ECHO #2,Echo,Crossden burn @ Greenford Farm,56.55409349771759,-2.7087453156770502,08b600000dac26ac0000,292.0,0.0,3.5,99.0,0
2022-12-18 00:38:17.864457+00:00,70B3D54991EB3BA5,ECHO #2,Echo,Crossden burn @ Greenford Farm,56.55409349771759,-2.7087453156770502,08bb00000d6c26ac0000,287.0,0.0,3.44,99.0,0
2022-12-18 00:53:57.548953+00:00,70B3D54991EB3BA5,ECHO #2,Echo,Crossden burn @ Greenford Farm,56.55409349771759,-2.7087453156770502,08ba00000d6826ac0000,288.0,0.0,3.43,99.0,0
2022-12-18 01:09:37.810752+00:00,70B3D54991EB3BA5,ECHO #2,Echo,Crossden burn @ Greenford Farm,56.55409349771759,-2.7087453156770502,08ba00000dc426ac0000,288.0,0.0,3.52,99.0,0
2022-12-18 01:25:17.427342+00:00,70B3D54991EB3BA5,ECHO #2,Echo,Crossden burn @ Greenford Farm,56.55409349771759,-2.7087453156770502,08be00000d6026ac0000,284.0,0.0,3.42,99.0,0
2022-12-18 01:40:56.769322+00:00,70B3D54991EB3BA5,ECHO #2,Echo,Crossden burn @ Greenford Farm,56.55409349771759,-2.7087453156770502,08bf00000d5c26ac0000,283.0,0.0,3.42,99.0,0
2022-12-18 01:56:36.436641+00:00,70B3D54991EB3BA5,ECHO #2,Echo,Crossden burn @ Greenford Farm,56.55409349771759,-2.7087453156770502,08bf00000da426ac0000,283.0,0.0,3.49,99.0,0
2022-12-18 02:12:16.246411+00:00,70B3D54991EB3BA5,ECHO #2,Echo,Crossden burn @ Greenford Farm,56.55409349771759,-2.7087453156770502,08bf00000da826ac0000,283.0,0.0,3.5,99.0,0
2022-12-18 02:27:56.262852+00:00,70B3D54991EB3BA5,ECHO #2,Echo,Crossden burn @ Greenford Farm,56.55409349771759,-2.7087453156770502,08be00000dcc26ac0000,284.0,0.0,3.53,99.0,0
2022-12-18 02:59:19.030523+00:00,70B3D54991EB3BA5,ECHO #2,Echo,Crossden burn @ Greenford Farm,56.55409349771759,-2.7087453156770502,08bb00000dc426ac0000,287.0,0.0,3.52,99.0,0
2022-12-18 03:14:59.033106+00:00,70B3D54991EB3BA5,ECHO #2,Echo,Crossden burn @ Greenford Farm,56.55409349771759,-2.7087453156770502,08ba00000d5c26ac0000,288.0,0.0,3.42,99.0,0
2022-12-18 03:30:39.116485+00:00,70B3D54991EB3BA5,ECHO #2,Echo,Crossden burn @ Greenford Farm,56.55409349771759,-2.7087453156770502,08b700000db426ac0000,291.0,0.0,3.51,99.0,0
2022-12-18 03:46:19.407629+00:00,70B3D54991EB3BA5,ECHO #2,Echo,Crossden burn @ Greenford Farm,56.55409349771759,-2.7087453156770502,08b600000d6026ac0000,292.0,0.0,3.42,99.0,0
2022-12-18 04:01:59.370332+00:00,70B3D54991EB3BA5,ECHO #2,Echo,Crossden burn @ Greenford Farm,56.55409349771759,-2.7087453156770502,08b600000dc026ac0000,292.0,0.0,3.52,99.0,0
2022-12-18 04:17:38.325200+00:00,70B3D54991EB3BA5,ECHO #2,Echo,Crossden burn @ Greenford Farm,56.55409349771759,-2.7087453156770502,08b600000d9826ac0000,292.0,0.0,3.48,99.0,0
2022-12-18 04:33:19.206252+00:00,70B3D54991EB3BA5,ECHO #2,Echo,Crossden burn @ Greenford Farm,56.55409349771759,-2.7087453156770502,08b700000d6826ac0000,291.0,0.0,3.43,99.0,0
2022-12-18 04:48:59.062910+00:00,70B3D54991EB3BA5,ECHO #2,Echo,Crossden burn @ Greenford Farm,56.55409349771759,-2.7087453156770502,08b400000d9426ac0000,294.0,0.0,3.48,99.0,0
2022-12-18 05:04:39.265833+00:00,70B3D54991EB3BA5,ECHO #2,Echo,Crossden burn @ Greenford Farm,56.55409349771759,-2.7087453156770502,08b200000dcc26ac0000,296.0,0.0,3.53,99.0,0
2022-12-18 05:20:19.062108+00:00,70B3D54991EB3BA5,ECHO #2,Echo,Crossden burn @ Greenford Farm,56.55409349771759,-2.7087453156770502,08b100000d5826ac0000,297.0,0.0,3.42,99.0,0
2022-12-18 05:36:00.959771+00:00,70B3D54991EB3BA5,ECHO #2,Echo,Crossden burn @ Greenford Farm,56.55409349771759,-2.7087453156770502,08b200000d9c26ac0000,296.0,0.0,3.48,99.0,0
2022-12-18 05:51:40.499747+00:00,70B3D54991EB3BA5,ECHO #2,Echo,Crossden burn @ Greenford Farm,56.55409349771759,-2.7087453156770502,08b200000db026ac0000,296.0,0.0,3.5,99.0,0
2022-12-18 06:07:21.674863+00:00,70B3D54991EB3BA5,ECHO #2,Echo,Crossden burn @ Greenford Farm,56.55409349771759,-2.7087453156770502,08b200000de426ac0000,296.0,0.0,3.56,99.0,0
2022-12-18 06:23:00.714989+00:00,70B3D54991EB3BA5,ECHO #2,Echo,Crossden burn @ Greenford Farm,56.55409349771759,-2.7087453156770502,08b200000d5826ac0000,296.0,0.0,3.42,99.0,0
2022-12-18 06:38:40.551217+00:00,70B3D54991EB3BA5,ECHO #2,Echo,Crossden burn @ Greenford Farm,56.55409349771759,-2.7087453156770502,08b300000d8826ac0000,295.0,0.0,3.46,99.0,0
2022-12-18 06:54:20.570898+00:00,70B3D54991EB3BA5,ECHO #2,Echo,Crossden burn @ Greenford Farm,56.55409349771759,-2.7087453156770502,08b200000dc426ac0000,296.0,0.0,3.52,99.0,0
2022-12-18 07:10:00.919753+00:00,70B3D54991EB3BA5,ECHO #2,Echo,Crossden burn @ Greenford Farm,56.55409349771759,-2.7087453156770502,08b200000d8026ac0000,296.0,0.0,3.46,99.0,0
2022-12-18 07:25:41.170536+00:00,70B3D54991EB3BA5,ECHO #2,Echo,Crossden burn @ Greenford Farm,56.55409349771759,-2.7087453156770502,08b300000d7026ac0000,295.0,0.0,3.44,99.0,0
2022-12-18 07:41:21.315632+00:00,70B3D54991EB3BA5,ECHO #2,Echo,Crossden burn @ Greenford Farm,56.55409349771759,-2.7087453156770502,08b200000d6426ac0000,296.0,0.0,3.43,99.0,0
2022-12-18 08:12:42.034845+00:00,70B3D54991EB3BA5,ECHO #2,Echo,Crossden burn @ Greenford Farm,56.55409349771759,-2.7087453156770502,08b400000d8026ac0000,294.0,0.0,3.46,99.0,0
2022-12-18 08:28:25.596663+00:00,70B3D54991EB3BA5,ECHO #2,Echo,Crossden burn @ Greenford Farm,56.55409349771759,-2.7087453156770502,08ae00000d6026ac0000,300.0,0.0,3.42,99.0,0
2022-12-18 08:44:05.906550+00:00,70B3D54991EB3BA5,ECHO #2,Echo,Crossden burn @ Greenford Farm,56.55409349771759,-2.7087453156770502,08af00000d6426ac0000,299.0,0.0,3.43,99.0,0
2022-12-18 08:59:49.668350+00:00,70B3D54991EB3BA5,ECHO #2,Echo,Crossden burn @ Greenford Farm,56.55409349771759,-2.7087453156770502,08a800000dc426ac0000,306.0,0.0,3.52,99.0,0
2022-12-18 09:15:30.404559+00:00,70B3D54991EB3BA5,ECHO #2,Echo,Crossden burn @ Greenford Farm,56.55409349771759,-2.7087453156770502,08ab00000da026ac0000,303.0,0.0,3.49,99.0,0
2022-12-18 09:31:11.095185+00:00,70B3D54991EB3BA5,ECHO #2,Echo,Crossden burn @ Greenford Farm,56.55409349771759,-2.7087453156770502,08aa00000db026ac0000,304.0,0.0,3.5,99.0,0
2022-12-18 09:46:51.542756+00:00,70B3D54991EB3BA5,ECHO #2,Echo,Crossden burn @ Greenford Farm,56.55409349771759,-2.7087453156770502,08ac00000ddc26ac0000,302.0,0.0,3.55,99.0,0
2022-12-18 10:02:31.640679+00:00,70B3D54991EB3BA5,ECHO #2,Echo,Crossden burn @ Greenford Farm,56.55409349771759,-2.7087453156770502,08ad00000da826ac0000,301.0,0.0,3.5,99.0,0
2022-12-18 10:18:12.862529+00:00,70B3D54991EB3BA5,ECHO #2,Echo,Crossden burn @ Greenford Farm,56.55409349771759,-2.7087453156770502,08ae00000dd026ac0000,300.0,0.0,3.54,99.0,0
2022-12-18 10:33:52.756988+00:00,70B3D54991EB3BA5,ECHO #2,Echo,Crossden burn @ Greenford Farm,56.55409349771759,-2.7087453156770502,08ac00000de026ac0000,302.0,0.0,3.55,99.0,0
2022-12-18 10:49:32.698422+00:00,70B3D54991EB3BA5,ECHO #2,Echo,Crossden burn @ Greenford Farm,56.55409349771759,-2.7087453156770502,08ae00000dc026ac0000,300.0,0.0,3.52,99.0,0
2022-12-18 11:05:12.637074+00:00,70B3D54991EB3BA5,ECHO #2,Echo,Crossden burn @ Greenford Farm,56.55409349771759,-2.7087453156770502,08b000000dc426ac0000,298.0,0.0,3.52,99.0,0
2022-12-18 11:20:53.084466+00:00,70B3D54991EB3BA5,ECHO #2,Echo,Crossden burn @ Greenford Farm,56.55409349771759,-2.7087453156770502,08b400000da426ac0000,294.0,0.0,3.49,99.0,0
2022-12-18 11:36:34.299767+00:00,70B3D54991EB3BA5,ECHO #2,Echo,Crossden burn @ Greenford Farm,56.55409349771759,-2.7087453156770502,08b200000db426ac0000,296.0,0.0,3.51,99.0,0
2022-12-18 11:52:13.630605+00:00,70B3D54991EB3BA5,ECHO #2,Echo,Crossden burn @ Greenford Farm,56.55409349771759,-2.7087453156770502,08b000000dcc26ac0000,298.0,0.0,3.53,99.0,0
2022-12-18 12:07:54.312619+00:00,70B3D54991EB3BA5,ECHO #2,Echo,Crossden burn @ Greenford Farm,56.55409349771759,-2.7087453156770502,08b300000dcc26ac0000,295.0,0.0,3.53,99.0,0
2022-12-18 12:23:35.458161+00:00,70B3D54991EB3BA5,ECHO #2,Echo,Crossden burn @ Greenford Farm,56.55409349771759,-2.7087453156770502,08b300000d7426ac0000,295.0,0.0,3.44,99.0,0
2022-12-18 12:39:14.983088+00:00,70B3D54991EB3BA5,ECHO #2,Echo,Crossden burn @ Greenford Farm,56.55409349771759,-2.7087453156770502,08b700000ddc26ac0000,291.0,0.0,3.55,99.0,0
2022-12-18 12:54:57.066218+00:00,70B3D54991EB3BA5,ECHO #2,Echo,Crossden burn @ Greenford Farm,56.55409349771759,-2.7087453156770502,08b000000db426ac0000,298.0,0.0,3.51,99.0,0
2022-12-18 13:10:36.852414+00:00,70B3D54991EB3BA5,ECHO #2,Echo,Crossden burn @ Greenford Farm,56.55409349771759,-2.7087453156770502,08b200000da826ac0000,296.0,0.0,3.5,99.0,0
2022-12-18 13:26:20.171801+00:00,70B3D54991EB3BA5,ECHO #2,Echo,Crossden burn @ Greenford Farm,56.55409349771759,-2.7087453156770502,08ac00000dc426ac0000,302.0,0.0,3.52,99.0,0
2022-12-18 13:57:42.958273+00:00,70B3D54991EB3BA5,ECHO #2,Echo,Crossden burn @ Greenford Farm,56.55409349771759,-2.7087453156770502,08af00000da426ac0000,299.0,0.0,3.49,99.0,0
2022-12-18 14:13:23.223865+00:00,70B3D54991EB3BA5,ECHO #2,Echo,Crossden burn @ Greenford Farm,56.55409349771759,-2.7087453156770502,08b200000da426ac0000,296.0,0.0,3.49,99.0,0
2022-12-18 14:29:05.226212+00:00,70B3D54991EB3BA5,ECHO #2,Echo,Crossden burn @ Greenford Farm,56.55409349771759,-2.7087453156770502,08b500000dd426ac0000,293.0,0.0,3.54,99.0,0
2022-12-18 14:44:48.040771+00:00,70B3D54991EB3BA5,ECHO #2,Echo,Crossden burn @ Greenford Farm,56.55409349771759,-2.7087453156770502,08ae00000d8c26ac0000,300.0,0.0,3.47,99.0,0
2022-12-18 15:16:08.870057+00:00,70B3D54991EB3BA5,ECHO #2,Echo,Crossden burn @ Greenford Farm,56.55409349771759,-2.7087453156770502,08ab00000d8826ac0000,303.0,0.0,3.46,99.0,0
2022-12-18 15:31:49.316198+00:00,70B3D54991EB3BA5,ECHO #2,Echo,Crossden burn @ Greenford Farm,56.55409349771759,-2.7087453156770502,08ac00000dac26ac0000,302.0,0.0,3.5,99.0,0
2022-12-18 15:47:30.118568+00:00,70B3D54991EB3BA5,ECHO #2,Echo,Crossden burn @ Greenford Farm,56.55409349771759,-2.7087453156770502,08ae00000ddc26ac0000,300.0,0.0,3.55,99.0,0
2022-12-18 16:03:10.014802+00:00,70B3D54991EB3BA5,ECHO #2,Echo,Crossden burn @ Greenford Farm,56.55409349771759,-2.7087453156770502,08ae00000d7826ac0000,300.0,0.0,3.45,99.0,0
2022-12-18 16:34:27.697751+00:00,70B3D54991EB3BA5,ECHO #2,Echo,Crossden burn @ Greenford Farm,56.55409349771759,-2.7087453156770502,08ac00000da826ac0000,302.0,0.0,3.5,99.0,0
2022-12-18 16:50:08.110777+00:00,70B3D54991EB3BA5,ECHO #2,Echo,Crossden burn @ Greenford Farm,56.55409349771759,-2.7087453156770502,08ad00000dec26ac0000,301.0,0.0,3.56,99.0,0
2022-12-18 17:05:51.290658+00:00,70B3D54991EB3BA5,ECHO #2,Echo,Crossden burn @ Greenford Farm,56.55409349771759,-2.7087453156770502,08a800000dc826ac0000,306.0,0.0,3.53,99.0,0
2022-12-18 17:21:31.578504+00:00,70B3D54991EB3BA5,ECHO #2,Echo,Crossden burn @ Greenford Farm,56.55409349771759,-2.7087453156770502,08a500000d6426ac0000,309.0,0.0,3.43,99.0,0
2022-12-18 17:37:11.338852+00:00,70B3D54991EB3BA5,ECHO #2,Echo,Crossden burn @ Greenford Farm,56.55409349771759,-2.7087453156770502,08a500000da826ac0000,309.0,0.0,3.5,99.0,0
2022-12-18 17:52:52.081734+00:00,70B3D54991EB3BA5,ECHO #2,Echo,Crossden burn @ Greenford Farm,56.55409349771759,-2.7087453156770502,08a100000d9426ac0000,313.0,0.0,3.48,99.0,0
2022-12-18 18:08:31.829930+00:00,70B3D54991EB3BA5,ECHO #2,Echo,Crossden burn @ Greenford Farm,56.55409349771759,-2.7087453156770502,08a000000d6826ac0000,314.0,0.0,3.43,99.0,0
2022-12-18 18:24:12.571120+00:00,70B3D54991EB3BA5,ECHO #2,Echo,Crossden burn @ Greenford Farm,56.55409349771759,-2.7087453156770502,08a200000d6826ac0000,312.0,0.0,3.43,99.0,0
2022-12-18 18:39:56.262084+00:00,70B3D54991EB3BA5,ECHO #2,Echo,Crossden burn @ Greenford Farm,56.55409349771759,-2.7087453156770502,089c00000d9c26ac0000,318.0,0.0,3.48,99.0,0
2022-12-18 18:55:36.330936+00:00,70B3D54991EB3BA5,ECHO #2,Echo,Crossden burn @ Greenford Farm,56.55409349771759,-2.7087453156770502,089d00000de826ac0000,317.0,0.0,3.56,99.0,0
2022-12-18 19:11:16.288733+00:00,70B3D54991EB3BA5,ECHO #2,Echo,Crossden burn @ Greenford Farm,56.55409349771759,-2.7087453156770502,089d00000d6426ac0000,317.0,0.0,3.43,99.0,0
2022-12-18 19:26:57.113500+00:00,70B3D54991EB3BA5,ECHO #2,Echo,Crossden burn @ Greenford Farm,56.55409349771759,-2.7087453156770502,089b00000dd026ac0000,319.0,0.0,3.54,99.0,0
2022-12-18 19:42:37.217393+00:00,70B3D54991EB3BA5,ECHO #2,Echo,Crossden burn @ Greenford Farm,56.55409349771759,-2.7087453156770502,089900000dd026ac0000,321.0,0.0,3.54,99.0,0
2022-12-18 19:58:17.092234+00:00,70B3D54991EB3BA5,ECHO #2,Echo,Crossden burn @ Greenford Farm,56.55409349771759,-2.7087453156770502,089a00000da426ac0000,320.0,0.0,3.49,99.0,0
2022-12-18 20:13:57.042521+00:00,70B3D54991EB3BA5,ECHO #2,Echo,Crossden burn @ Greenford Farm,56.55409349771759,-2.7087453156770502,089b00000d9426ac0000,319.0,0.0,3.48,99.0,0
2022-12-18 20:29:39.572252+00:00,70B3D54991EB3BA5,ECHO #2,Echo,Crossden burn @ Greenford Farm,56.55409349771759,-2.7087453156770502,089500000d7826ac0000,325.0,0.0,3.45,99.0,0
2022-12-18 20:45:19.209172+00:00,70B3D54991EB3BA5,ECHO #2,Echo,Crossden burn @ Greenford Farm,56.55409349771759,-2.7087453156770502,089700000d9426ac0000,323.0,0.0,3.48,99.0,0
2022-12-18 21:00:59.610870+00:00,70B3D54991EB3BA5,ECHO #2,Echo,Crossden burn @ Greenford Farm,56.55409349771759,-2.7087453156770502,089400000dd426ac0000,326.0,0.0,3.54,99.0,0
2022-12-18 21:16:39.618400+00:00,70B3D54991EB3BA5,ECHO #2,Echo,Crossden burn @ Greenford Farm,56.55409349771759,-2.7087453156770502,089300000df426ac0000,327.0,0.0,3.57,99.0,0
2022-12-18 21:32:20.106122+00:00,70B3D54991EB3BA5,ECHO #2,Echo,Crossden burn @ Greenford Farm,56.55409349771759,-2.7087453156770502,089200000dac26ac0000,328.0,0.0,3.5,99.0,0
2022-12-18 21:48:01.028179+00:00,70B3D54991EB3BA5,ECHO #2,Echo,Crossden burn @ Greenford Farm,56.55409349771759,-2.7087453156770502,088e00000d8c26ac0000,332.0,0.0,3.47,99.0,0
2022-12-18 22:03:41.102382+00:00,70B3D54991EB3BA5,ECHO #2,Echo,Crossden burn @ Greenford Farm,56.55409349771759,-2.7087453156770502,088e00000d7426ac0000,332.0,0.0,3.44,99.0,0
2022-12-18 22:19:21.252244+00:00,70B3D54991EB3BA5,ECHO #2,Echo,Crossden burn @ Greenford Farm,56.55409349771759,-2.7087453156770502,088a00000dec26ac0000,336.0,0.0,3.56,99.0,0
2022-12-18 22:35:01.828921+00:00,70B3D54991EB3BA5,ECHO #2,Echo,Crossden burn @ Greenford Farm,56.55409349771759,-2.7087453156770502,088700000d6426ac0000,339.0,0.0,3.43,99.0,0
2022-12-18 22:50:41.576369+00:00,70B3D54991EB3BA5,ECHO #2,Echo,Crossden burn @ Greenford Farm,56.55409349771759,-2.7087453156770502,088300000dcc26ac0000,343.0,0.0,3.53,99.0,0
2022-12-18 23:06:24.773776+00:00,70B3D54991EB3BA5,ECHO #2,Echo,Crossden burn @ Greenford Farm,56.55409349771759,-2.7087453156770502,088000000df026ac0000,346.0,0.0,3.57,99.0,0
2022-12-18 23:22:07.250366+00:00,70B3D54991EB3BA5,ECHO #2,Echo,Crossden burn @ Greenford Farm,56.55409349771759,-2.7087453156770502,087900000db426ac0000,353.0,0.0,3.51,99.0,0
2022-12-18 23:37:50.452343+00:00,70B3D54991EB3BA5,ECHO #2,Echo,Crossden burn @ Greenford Farm,56.55409349771759,-2.7087453156770502,087200000dcc26ac0000,360.0,0.0,3.53,99.0,0
2022-12-18 23:53:34.716913+00:00,70B3D54991EB3BA5,ECHO #2,Echo,Crossden burn @ Greenford Farm,56.55409349771759,-2.7087453156770502,086b00000dd426ac0000,367.0,0.0,3.54,99.0,0
2022-12-19 00:09:17.871732+00:00,70B3D54991EB3BA5,ECHO #2,Echo,Crossden burn @ Greenford Farm,56.55409349771759,-2.7087453156770502,086400000df426ac0000,374.0,0.0,3.57,99.0,0
2022-12-19 00:25:00.905249+00:00,70B3D54991EB3BA5,ECHO #2,Echo,Crossden burn @ Greenford Farm,56.55409349771759,-2.7087453156770502,085c00000db026ac0000,382.0,0.0,3.5,99.0,0
2022-12-19 00:40:40.328011+00:00,70B3D54991EB3BA5,ECHO #2,Echo,Crossden burn @ Greenford Farm,56.55409349771759,-2.7087453156770502,085800000db426ac0000,386.0,0.0,3.51,99.0,0
2022-12-19 00:56:21.128201+00:00,70B3D54991EB3BA5,ECHO #2,Echo,Crossden burn @ Greenford Farm,56.55409349771759,-2.7087453156770502,085b00000dc426ac0000,383.0,0.0,3.52,99.0,0
2022-12-19 01:12:01.582588+00:00,70B3D54991EB3BA5,ECHO #2,Echo,Crossden burn @ Greenford Farm,56.55409349771759,-2.7087453156770502,085b00000d7426ac0000,383.0,0.0,3.44,99.0,0
2022-12-19 01:27:41.474247+00:00,70B3D54991EB3BA5,ECHO #2,Echo,Crossden burn @ Greenford Farm,56.55409349771759,-2.7087453156770502,085800000df826ac0000,386.0,0.0,3.58,99.0,0
2022-12-19 01:43:21.275001+00:00,70B3D54991EB3BA5,ECHO #2,Echo,Crossden burn @ Greenford Farm,56.55409349771759,-2.7087453156770502,085700000d7426ac0000,387.0,0.0,3.44,99.0,0
2022-12-19 01:59:01.694402+00:00,70B3D54991EB3BA5,ECHO #2,Echo,Crossden burn @ Greenford Farm,56.55409349771759,-2.7087453156770502,085a00000da426ac0000,384.0,0.0,3.49,99.0,0
2022-12-19 02:14:41.602444+00:00,70B3D54991EB3BA5,ECHO #2,Echo,Crossden burn @ Greenford Farm,56.55409349771759,-2.7087453156770502,085800000dc826ac0000,386.0,0.0,3.53,99.0,0
2022-12-19 02:30:24.494635+00:00,70B3D54991EB3BA5,ECHO #2,Echo,Crossden burn @ Greenford Farm,56.55409349771759,-2.7087453156770502,084c00000d6c26ac0000,398.0,0.0,3.44,99.0,0
2022-12-19 02:46:07.808435+00:00,70B3D54991EB3BA5,ECHO #2,Echo,Crossden burn @ Greenford Farm,56.55409349771759,-2.7087453156770502,083200000ddc26ac0000,424.0,0.0,3.55,99.0,0
2022-12-19 03:01:51.400404+00:00,70B3D54991EB3BA5,ECHO #2,Echo,Crossden burn @ Greenford Farm,56.55409349771759,-2.7087453156770502,082400000da426ac0000,438.0,0.0,3.49,99.0,0
2022-12-19 03:17:31.571561+00:00,70B3D54991EB3BA5,ECHO #2,Echo,Crossden burn @ Greenford Farm,56.55409349771759,-2.7087453156770502,082300000dac26ac0000,439.0,0.0,3.5,99.0,0
2022-12-19 03:33:11.337425+00:00,70B3D54991EB3BA5,ECHO #2,Echo,Crossden burn @ Greenford Farm,56.55409349771759,-2.7087453156770502,081f00000db426ac0000,443.0,0.0,3.51,99.0,0
2022-12-19 03:48:51.497761+00:00,70B3D54991EB3BA5,ECHO #2,Echo,Crossden burn @ Greenford Farm,56.55409349771759,-2.7087453156770502,082100000d7426ac0000,441.0,0.0,3.44,99.0,0
2022-12-19 04:04:33.901935+00:00,70B3D54991EB3BA5,ECHO #2,Echo,Crossden burn @ Greenford Farm,56.55409349771759,-2.7087453156770502,081800000db026ac0000,450.0,0.0,3.5,99.0,0
2022-12-19 04:20:14.679520+00:00,70B3D54991EB3BA5,ECHO #2,Echo,Crossden burn @ Greenford Farm,56.55409349771759,-2.7087453156770502,081b00000df426ac0000,447.0,0.0,3.57,99.0,0
2022-12-19 04:35:58.059012+00:00,70B3D54991EB3BA5,ECHO #2,Echo,Crossden burn @ Greenford Farm,56.55409349771759,-2.7087453156770502,081200000dbc26ac0000,456.0,0.0,3.52,99.0,0
2022-12-19 04:51:38.631544+00:00,70B3D54991EB3BA5,ECHO #2,Echo,Crossden burn @ Greenford Farm,56.55409349771759,-2.7087453156770502,081100000ddc26ac0000,457.0,0.0,3.55,99.0,0
2022-12-19 05:07:19.183224+00:00,70B3D54991EB3BA5,ECHO #2,Echo,Crossden burn @ Greenford Farm,56.55409349771759,-2.7087453156770502,081200000de026ac0000,456.0,0.0,3.55,99.0,0
2022-12-19 05:23:02.087612+00:00,70B3D54991EB3BA5,ECHO #2,Echo,Crossden burn @ Greenford Farm,56.55409349771759,-2.7087453156770502,081600000df826ac0000,452.0,0.0,3.58,99.0,0
2022-12-19 05:38:42.112569+00:00,70B3D54991EB3BA5,ECHO #2,Echo,Crossden burn @ Greenford Farm,56.55409349771759,-2.7087453156770502,081300000dcc26ac0000,455.0,0.0,3.53,99.0,0
2022-12-19 05:54:24.026463+00:00,70B3D54991EB3BA5,ECHO #2,Echo,Crossden burn @ Greenford Farm,56.55409349771759,-2.7087453156770502,081d00000d6826ac0000,445.0,0.0,3.43,99.0,0
2022-12-19 06:10:07.316726+00:00,70B3D54991EB3BA5,ECHO #2,Echo,Crossden burn @ Greenford Farm,56.55409349771759,-2.7087453156770502,081800000de426ac0000,450.0,0.0,3.56,99.0,0
2022-12-19 06:25:47.468139+00:00,70B3D54991EB3BA5,ECHO #2,Echo,Crossden burn @ Greenford Farm,56.55409349771759,-2.7087453156770502,081600000d7826ac0000,452.0,0.0,3.45,99.0,0
2022-12-19 06:41:29.906686+00:00,70B3D54991EB3BA5,ECHO #2,Echo,Crossden burn @ Greenford Farm,56.55409349771759,-2.7087453156770502,081700000db026ac0000,451.0,0.0,3.5,99.0,0
2022-12-19 06:57:13.113013+00:00,70B3D54991EB3BA5,ECHO #2,Echo,Crossden burn @ Greenford Farm,56.55409349771759,-2.7087453156770502,081f00000db426ac0000,443.0,0.0,3.51,99.0,0
2022-12-19 07:12:53.382417+00:00,70B3D54991EB3BA5,ECHO #2,Echo,Crossden burn @ Greenford Farm,56.55409349771759,-2.7087453156770502,081b00000d7426ac0000,447.0,0.0,3.44,99.0,0
2022-12-19 07:28:34.132480+00:00,70B3D54991EB3BA5,ECHO #2,Echo,Crossden burn @ Greenford Farm,56.55409349771759,-2.7087453156770502,081900000ddc26ac0000,449.0,0.0,3.55,99.0,0
2022-12-19 07:44:18.410611+00:00,70B3D54991EB3BA5,ECHO #2,Echo,Crossden burn @ Greenford Farm,56.55409349771759,-2.7087453156770502,081e00000dcc26ac0000,444.0,0.0,3.53,99.0,0
2022-12-19 07:59:58.750215+00:00,70B3D54991EB3BA5,ECHO #2,Echo,Crossden burn @ Greenford Farm,56.55409349771759,-2.7087453156770502,082000000dd426ac0000,442.0,0.0,3.54,99.0,0
2022-12-19 08:15:42.280789+00:00,70B3D54991EB3BA5,ECHO #2,Echo,Crossden burn @ Greenford Farm,56.55409349771759,-2.7087453156770502,082a00000df026ac0000,432.0,0.0,3.57,99.0,0
2022-12-19 08:31:22.863821+00:00,70B3D54991EB3BA5,ECHO #2,Echo,Crossden burn @ Greenford Farm,56.55409349771759,-2.7087453156770502,082600000d6c26ac0000,436.0,0.0,3.44,99.0,0
2022-12-19 08:47:03.107372+00:00,70B3D54991EB3BA5,ECHO #2,Echo,Crossden burn @ Greenford Farm,56.55409349771759,-2.7087453156770502,082500000dd026ac0000,437.0,0.0,3.54,99.0,0
2022-12-19 09:02:43.382897+00:00,70B3D54991EB3BA5,ECHO #2,Echo,Crossden burn @ Greenford Farm,56.55409349771759,-2.7087453156770502,082900000de026ac0000,433.0,0.0,3.55,99.0,0
2022-12-19 09:18:23.585355+00:00,70B3D54991EB3BA5,ECHO #2,Echo,Crossden burn @ Greenford Farm,56.55409349771759,-2.7087453156770502,082900000dd426ac0000,433.0,0.0,3.54,99.0,0
2022-12-19 09:34:07.207914+00:00,70B3D54991EB3BA5,ECHO #2,Echo,Crossden burn @ Greenford Farm,56.55409349771759,-2.7087453156770502,082100000d9426ac0000,441.0,0.0,3.48,99.0,0
2022-12-19 09:49:48.853761+00:00,70B3D54991EB3BA5,ECHO #2,Echo,Crossden burn @ Greenford Farm,56.55409349771759,-2.7087453156770502,082100000dc426ac0000,441.0,0.0,3.52,99.0,0
2022-12-19 10:05:33.204547+00:00,70B3D54991EB3BA5,ECHO #2,Echo,Crossden burn @ Greenford Farm,56.55409349771759,-2.7087453156770502,082900000dc426ac0000,433.0,0.0,3.52,99.0,0
2022-12-19 10:21:16.510294+00:00,70B3D54991EB3BA5,ECHO #2,Echo,Crossden burn @ Greenford Farm,56.55409349771759,-2.7087453156770502,082300000dc026ac0000,439.0,0.0,3.52,99.0,0
2022-12-19 10:36:56.630713+00:00,70B3D54991EB3BA5,ECHO #2,Echo,Crossden burn @ Greenford Farm,56.55409349771759,-2.7087453156770502,082500000dec26ac0000,437.0,0.0,3.56,99.0,0
2022-12-19 10:52:36.832616+00:00,70B3D54991EB3BA5,ECHO #2,Echo,Crossden burn @ Greenford Farm,56.55409349771759,-2.7087453156770502,082500000dd826ac0000,437.0,0.0,3.54,99.0,0
2022-12-19 11:08:16.869271+00:00,70B3D54991EB3BA5,ECHO #2,Echo,Crossden burn @ Greenford Farm,56.55409349771759,-2.7087453156770502,082300000db426ac0000,439.0,0.0,3.51,99.0,0
2022-12-19 11:24:00.466603+00:00,70B3D54991EB3BA5,ECHO #2,Echo,Crossden burn @ Greenford Farm,56.55409349771759,-2.7087453156770502,082f00000dc026ac0000,427.0,0.0,3.52,99.0,0
2022-12-19 11:39:43.932218+00:00,70B3D54991EB3BA5,ECHO #2,Echo,Crossden burn @ Greenford Farm,56.55409349771759,-2.7087453156770502,081700000ddc26ac0000,451.0,0.0,3.55,99.0,0
2022-12-19 11:55:24.566199+00:00,70B3D54991EB3BA5,ECHO #2,Echo,Crossden burn @ Greenford Farm,56.55409349771759,-2.7087453156770502,081500000de426ac0000,453.0,0.0,3.56,99.0,0
2022-12-19 12:11:03.597534+00:00,70B3D54991EB3BA5,ECHO #2,Echo,Crossden burn @ Greenford Farm,56.55409349771759,-2.7087453156770502,081800000de026ac0000,450.0,0.0,3.55,99.0,0
2022-12-19 12:26:46.917478+00:00,70B3D54991EB3BA5,ECHO #2,Echo,Crossden burn @ Greenford Farm,56.55409349771759,-2.7087453156770502,081400000d8826ac0000,454.0,0.0,3.46,99.0,0
2022-12-19 12:42:29.707664+00:00,70B3D54991EB3BA5,ECHO #2,Echo,Crossden burn @ Greenford Farm,56.55409349771759,-2.7087453156770502,081200000de826ac0000,456.0,0.0,3.56,99.0,0
2022-12-19 12:58:12.935046+00:00,70B3D54991EB3BA5,ECHO #2,Echo,Crossden burn @ Greenford Farm,56.55409349771759,-2.7087453156770502,080b00000db026ac0000,463.0,0.0,3.5,99.0,0
2022-12-19 13:13:53.431218+00:00,70B3D54991EB3BA5,ECHO #2,Echo,Crossden burn @ Greenford Farm,56.55409349771759,-2.7087453156770502,080c00000df426ac0000,462.0,0.0,3.57,99.0,0
2022-12-19 13:29:36.947049+00:00,70B3D54991EB3BA5,ECHO #2,Echo,Crossden burn @ Greenford Farm,56.55409349771759,-2.7087453156770502,080600000ddc26ac0000,468.0,0.0,3.55,99.0,0
2022-12-19 13:45:20.023402+00:00,70B3D54991EB3BA5,ECHO #2,Echo,Crossden burn @ Greenford Farm,56.55409349771759,-2.7087453156770502,080400000da826ac0000,470.0,0.0,3.5,99.0,0
2022-12-19 14:01:02.461746+00:00,70B3D54991EB3BA5,ECHO #2,Echo,Crossden burn @ Greenford Farm,56.55409349771759,-2.7087453156770502,080200000dcc26ac0000,472.0,0.0,3.53,99.0,0
2022-12-19 14:16:46.309858+00:00,70B3D54991EB3BA5,ECHO #2,Echo,Crossden burn @ Greenford Farm,56.55409349771759,-2.7087453156770502,07f700000de426ac0000,483.0,0.0,3.56,99.0,0
2022-12-19 14:32:28.519871+00:00,70B3D54991EB3BA5,ECHO #2,Echo,Crossden burn @ Greenford Farm,56.55409349771759,-2.7087453156770502,07f600000df426ac0000,484.0,0.0,3.57,99.0,0
2022-12-19 14:48:09.251416+00:00,70B3D54991EB3BA5,ECHO #2,Echo,Crossden burn @ Greenford Farm,56.55409349771759,-2.7087453156770502,07f500000de026ac0000,485.0,0.0,3.55,99.0,0
2022-12-19 15:03:48.064371+00:00,70B3D54991EB3BA5,ECHO #2,Echo,Crossden burn @ Greenford Farm,56.55409349771759,-2.7087453156770502,07f500000dc426ac0000,485.0,0.0,3.52,99.0,0
2022-12-19 15:19:29.409224+00:00,70B3D54991EB3BA5,ECHO #2,Echo,Crossden burn @ Greenford Farm,56.55409349771759,-2.7087453156770502,07f200000de026ac0000,488.0,0.0,3.55,99.0,0
2022-12-19 15:35:10.777789+00:00,70B3D54991EB3BA5,ECHO #2,Echo,Crossden burn @ Greenford Farm,56.55409349771759,-2.7087453156770502,07ee00000e0026ac0000,492.0,0.0,3.58,99.0,0
2022-12-19 15:50:51.499083+00:00,70B3D54991EB3BA5,ECHO #2,Echo,Crossden burn @ Greenford Farm,56.55409349771759,-2.7087453156770502,07eb00000de826ac0000,495.0,0.0,3.56,99.0,0
2022-12-19 16:06:31.999640+00:00,70B3D54991EB3BA5,ECHO #2,Echo,Crossden burn @ Greenford Farm,56.55409349771759,-2.7087453156770502,07e700000ddc26ac0000,499.0,0.0,3.55,99.0,0
2022-12-19 16:22:14.917358+00:00,70B3D54991EB3BA5,ECHO #2,Echo,Crossden burn @ Greenford Farm,56.55409349771759,-2.7087453156770502,07d900000d8026ac0000,513.0,0.0,3.46,99.0,0
2022-12-19 16:37:55.066973+00:00,70B3D54991EB3BA5,ECHO #2,Echo,Crossden burn @ Greenford Farm,56.55409349771759,-2.7087453156770502,07db00000de426ac0000,511.0,0.0,3.56,99.0,0
2022-12-19 16:53:37.046074+00:00,70B3D54991EB3BA5,ECHO #2,Echo,Crossden burn @ Greenford Farm,56.55409349771759,-2.7087453156770502,07d700000e0826ac0000,515.0,0.0,3.59,99.0,0
2022-12-19 17:09:18.524237+00:00,70B3D54991EB3BA5,ECHO #2,Echo,Crossden burn @ Greenford Farm,56.55409349771759,-2.7087453156770502,07d500000df426ac0000,517.0,0.0,3.57,99.0,0
2022-12-19 17:25:01.440031+00:00,70B3D54991EB3BA5,ECHO #2,Echo,Crossden burn @ Greenford Farm,56.55409349771759,-2.7087453156770502,07c000000df026ac0000,538.0,0.0,3.57,99.0,0
2022-12-19 17:40:44.976507+00:00,70B3D54991EB3BA5,ECHO #2,Echo,Crossden burn @ Greenford Farm,56.55409349771759,-2.7087453156770502,07b600000d8026ac0000,548.0,0.0,3.46,99.0,0
2022-12-19 17:56:24.955163+00:00,70B3D54991EB3BA5,ECHO #2,Echo,Crossden burn @ Greenford Farm,56.55409349771759,-2.7087453156770502,07b300000d7c26ac0000,551.0,0.0,3.45,99.0,0
2022-12-19 18:27:47.671831+00:00,70B3D54991EB3BA5,ECHO #2,Echo,Crossden burn @ Greenford Farm,56.55409349771759,-2.7087453156770502,07a400000de426ac0000,566.0,0.0,3.56,99.0,0
2022-12-19 18:43:30.766808+00:00,70B3D54991EB3BA5,ECHO #2,Echo,Crossden burn @ Greenford Farm,56.55409349771759,-2.7087453156770502,07aa00000db426ac0000,560.0,0.0,3.51,99.0,0
2022-12-19 18:59:10.731189+00:00,70B3D54991EB3BA5,ECHO #2,Echo,Crossden burn @ Greenford Farm,56.55409349771759,-2.7087453156770502,07ae00000ddc26ac0000,556.0,0.0,3.55,99.0,0
2022-12-19 19:14:50.120537+00:00,70B3D54991EB3BA5,ECHO #2,Echo,Crossden burn @ Greenford Farm,56.55409349771759,-2.7087453156770502,07aa00000db426ac0000,560.0,0.0,3.51,99.0,0
2022-12-19 19:30:32.559032+00:00,70B3D54991EB3BA5,ECHO #2,Echo,Crossden burn @ Greenford Farm,56.55409349771759,-2.7087453156770502,07ae00000dd826ac0000,556.0,0.0,3.54,99.0,0
2022-12-19 19:46:12.613175+00:00,70B3D54991EB3BA5,ECHO #2,Echo,Crossden burn @ Greenford Farm,56.55409349771759,-2.7087453156770502,07ad00000dc026ac0000,557.0,0.0,3.52,99.0,0
2022-12-19 20:01:51.910158+00:00,70B3D54991EB3BA5,ECHO #2,Echo,Crossden burn @ Greenford Farm,56.55409349771759,-2.7087453156770502,07ad00000dd826ac0000,557.0,0.0,3.54,99.0,0
2022-12-19 20:17:31.441024+00:00,70B3D54991EB3BA5,ECHO #2,Echo,Crossden burn @ Greenford Farm,56.55409349771759,-2.7087453156770502,07af00000df826ac0000,555.0,0.0,3.58,99.0,0
2022-12-19 20:33:13.809601+00:00,70B3D54991EB3BA5,ECHO #2,Echo,Crossden burn @ Greenford Farm,56.55409349771759,-2.7087453156770502,07b400000ddc26ac0000,550.0,0.0,3.55,99.0,0
2022-12-19 20:48:56.129623+00:00,70B3D54991EB3BA5,ECHO #2,Echo,Crossden burn @ Greenford Farm,56.55409349771759,-2.7087453156770502,07b600000d7426ac0000,548.0,0.0,3.44,99.0,0
2022-12-19 21:04:39.060890+00:00,70B3D54991EB3BA5,ECHO #2,Echo,Crossden burn @ Greenford Farm,56.55409349771759,-2.7087453156770502,07c100000d6c26ac0000,537.0,0.0,3.44,99.0,0
2022-12-19 21:36:01.793480+00:00,70B3D54991EB3BA5,ECHO #2,Echo,Crossden burn @ Greenford Farm,56.55409349771759,-2.7087453156770502,07c300000d8c26ac0000,535.0,0.0,3.47,99.0,0
2022-12-19 21:51:41.582695+00:00,70B3D54991EB3BA5,ECHO #2,Echo,Crossden burn @ Greenford Farm,56.55409349771759,-2.7087453156770502,07c400000dd026ac0000,534.0,0.0,3.54,99.0,0
2022-12-19 22:07:21.966484+00:00,70B3D54991EB3BA5,ECHO #2,Echo,Crossden burn @ Greenford Farm,56.55409349771759,-2.7087453156770502,07c700000dc826ac0000,531.0,0.0,3.53,99.0,0
2022-12-19 22:23:05.827021+00:00,70B3D54991EB3BA5,ECHO #2,Echo,Crossden burn @ Greenford Farm,56.55409349771759,-2.7087453156770502,07d200000da426ac0000,520.0,0.0,3.49,99.0,0
2022-12-19 22:38:48.942198+00:00,70B3D54991EB3BA5,ECHO #2,Echo,Crossden burn @ Greenford Farm,56.55409349771759,-2.7087453156770502,07ce00000dcc26ac0000,524.0,0.0,3.53,99.0,0
2022-12-19 22:54:30.871856+00:00,70B3D54991EB3BA5,ECHO #2,Echo,Crossden burn @ Greenford Farm,56.55409349771759,-2.7087453156770502,07cb00000dcc26ac0000,527.0,0.0,3.53,99.0,0
2022-12-19 23:10:14.368323+00:00,70B3D54991EB3BA5,ECHO #2,Echo,Crossden burn @ Greenford Farm,56.55409349771759,-2.7087453156770502,07d900000dcc26ac0000,513.0,0.0,3.53,99.0,0
2022-12-19 23:25:54.065747+00:00,70B3D54991EB3BA5,ECHO #2,Echo,Crossden burn @ Greenford Farm,56.55409349771759,-2.7087453156770502,07d800000dcc26ac0000,514.0,0.0,3.53,99.0,0
2022-12-19 23:41:35.869984+00:00,70B3D54991EB3BA5,ECHO #2,Echo,Crossden burn @ Greenford Farm,56.55409349771759,-2.7087453156770502,07dd00000db026ac0000,509.0,0.0,3.5,99.0,0
2022-12-19 23:57:16.249903+00:00,70B3D54991EB3BA5,ECHO #2,Echo,Crossden burn @ Greenford Farm,56.55409349771759,-2.7087453156770502,07df00000d7426ac0000,507.0,0.0,3.44,99.0,0
2022-12-20 00:12:55.905687+00:00,70B3D54991EB3BA5,ECHO #2,Echo,Crossden burn @ Greenford Farm,56.55409349771759,-2.7087453156770502,07de00000ddc26ac0000,508.0,0.0,3.55,99.0,0
2022-12-20 00:28:37.164667+00:00,70B3D54991EB3BA5,ECHO #2,Echo,Crossden burn @ Greenford Farm,56.55409349771759,-2.7087453156770502,07e100000da426ac0000,505.0,0.0,3.49,99.0,0
2022-12-20 00:44:19.354367+00:00,70B3D54991EB3BA5,ECHO #2,Echo,Crossden burn @ Greenford Farm,56.55409349771759,-2.7087453156770502,07d900000dc826ac0000,513.0,0.0,3.53,99.0,0
2022-12-20 00:59:59.129527+00:00,70B3D54991EB3BA5,ECHO #2,Echo,Crossden burn @ Greenford Farm,56.55409349771759,-2.7087453156770502,07dc00000da826ac0000,510.0,0.0,3.5,99.0,0
2022-12-20 01:15:43.226959+00:00,70B3D54991EB3BA5,ECHO #2,Echo,Crossden burn @ Greenford Farm,56.55409349771759,-2.7087453156770502,07e200000dc426ac0000,504.0,0.0,3.52,99.0,0
2022-12-20 01:31:26.635759+00:00,70B3D54991EB3BA5,ECHO #2,Echo,Crossden burn @ Greenford Farm,56.55409349771759,-2.7087453156770502,07e700000d7c26ac0000,499.0,0.0,3.45,99.0,0
2022-12-20 01:47:06.940662+00:00,70B3D54991EB3BA5,ECHO #2,Echo,Crossden burn @ Greenford Farm,56.55409349771759,-2.7087453156770502,07e800000da026ac0000,498.0,0.0,3.49,99.0,0
2022-12-20 02:02:49.877664+00:00,70B3D54991EB3BA5,ECHO #2,Echo,Crossden burn @ Greenford Farm,56.55409349771759,-2.7087453156770502,07f900000d6026ac0000,481.0,0.0,3.42,99.0,0
2022-12-20 02:18:29.432547+00:00,70B3D54991EB3BA5,ECHO #2,Echo,Crossden burn @ Greenford Farm,56.55409349771759,-2.7087453156770502,07f700000d8c26ac0000,483.0,0.0,3.47,99.0,0
2022-12-20 02:34:10.037590+00:00,70B3D54991EB3BA5,ECHO #2,Echo,Crossden burn @ Greenford Farm,56.55409349771759,-2.7087453156770502,07f600000d7c26ac0000,484.0,0.0,3.45,99.0,0
2022-12-20 02:49:52.497690+00:00,70B3D54991EB3BA5,ECHO #2,Echo,Crossden burn @ Greenford Farm,56.55409349771759,-2.7087453156770502,07fb00000d6826ac0000,479.0,0.0,3.43,99.0,0
2022-12-20 03:05:31.353875+00:00,70B3D54991EB3BA5,ECHO #2,Echo,Crossden burn @ Greenford Farm,56.55409349771759,-2.7087453156770502,07f900000d6826ac0000,481.0,0.0,3.43,99.0,0
2022-12-20 03:21:12.367238+00:00,70B3D54991EB3BA5,ECHO #2,Echo,Crossden burn @ Greenford Farm,56.55409349771759,-2.7087453156770502,07fc00000dc826ac0000,478.0,0.0,3.53,99.0,0
2022-12-20 03:36:53.842754+00:00,70B3D54991EB3BA5,ECHO #2,Echo,Crossden burn @ Greenford Farm,56.55409349771759,-2.7087453156770502,080000000d8026ac0000,474.0,0.0,3.46,99.0,0
2022-12-20 03:52:34.116624+00:00,70B3D54991EB3BA5,ECHO #2,Echo,Crossden burn @ Greenford Farm,56.55409349771759,-2.7087453156770502,07fe00000dcc26ac0000,476.0,0.0,3.53,99.0,0
2022-12-20 04:08:17.239248+00:00,70B3D54991EB3BA5,ECHO #2,Echo,Crossden burn @ Greenford Farm,56.55409349771759,-2.7087453156770502,080b00000dcc26ac0000,463.0,0.0,3.53,99.0,0
2022-12-20 04:39:43.028348+00:00,70B3D54991EB3BA5,ECHO #2,Echo,Crossden burn @ Greenford Farm,56.55409349771759,-2.7087453156770502,080600000db026ac0000,468.0,0.0,3.5,99.0,0
2022-12-20 04:55:26.327827+00:00,70B3D54991EB3BA5,ECHO #2,Echo,Crossden burn @ Greenford Farm,56.55409349771759,-2.7087453156770502,080f00000db426ac0000,459.0,0.0,3.51,99.0,0
2022-12-20 05:11:08.096207+00:00,70B3D54991EB3BA5,ECHO #2,Echo,Crossden burn @ Greenford Farm,56.55409349771759,-2.7087453156770502,080b00000d7826ac0000,463.0,0.0,3.45,99.0,0
2022-12-20 05:26:49.151862+00:00,70B3D54991EB3BA5,ECHO #2,Echo,Crossden burn @ Greenford Farm,56.55409349771759,-2.7087453156770502,080900000d8026ac0000,465.0,0.0,3.46,99.0,0
2022-12-20 05:42:29.618068+00:00,70B3D54991EB3BA5,ECHO #2,Echo,Crossden burn @ Greenford Farm,56.55409349771759,-2.7087453156770502,080d00000d7426ac0000,461.0,0.0,3.44,99.0,0
2022-12-20 05:58:09.928647+00:00,70B3D54991EB3BA5,ECHO #2,Echo,Crossden burn @ Greenford Farm,56.55409349771759,-2.7087453156770502,080b00000db026ac0000,463.0,0.0,3.5,99.0,0
2022-12-20 06:29:34.730327+00:00,70B3D54991EB3BA5,ECHO #2,Echo,Crossden burn @ Greenford Farm,56.55409349771759,-2.7087453156770502,081200000dcc26ac0000,456.0,0.0,3.53,99.0,0
2022-12-20 06:45:15.286653+00:00,70B3D54991EB3BA5,ECHO #2,Echo,Crossden burn @ Greenford Farm,56.55409349771759,-2.7087453156770502,081600000d8826ac0000,452.0,0.0,3.46,99.0,0
2022-12-20 07:00:55.279724+00:00,70B3D54991EB3BA5,ECHO #2,Echo,Crossden burn @ Greenford Farm,56.55409349771759,-2.7087453156770502,081500000da826ac0000,453.0,0.0,3.5,99.0,0
2022-12-20 07:16:36.618441+00:00,70B3D54991EB3BA5,ECHO #2,Echo,Crossden burn @ Greenford Farm,56.55409349771759,-2.7087453156770502,081700000d9c26ac0000,451.0,0.0,3.48,99.0,0
2022-12-20 07:32:17.417315+00:00,70B3D54991EB3BA5,ECHO #2,Echo,Crossden burn @ Greenford Farm,56.55409349771759,-2.7087453156770502,081900000d7426ac0000,449.0,0.0,3.44,99.0,0
2022-12-20 07:47:57.218788+00:00,70B3D54991EB3BA5,ECHO #2,Echo,Crossden burn @ Greenford Farm,56.55409349771759,-2.7087453156770502,081600000d7c26ac0000,452.0,0.0,3.45,99.0,0
2022-12-20 08:03:37.728581+00:00,70B3D54991EB3BA5,ECHO #2,Echo,Crossden burn @ Greenford Farm,56.55409349771759,-2.7087453156770502,081700000d8026ac0000,451.0,0.0,3.46,99.0,0
2022-12-20 08:19:20.224090+00:00,70B3D54991EB3BA5,ECHO #2,Echo,Crossden burn @ Greenford Farm,56.55409349771759,-2.7087453156770502,081300000d8026ac0000,455.0,0.0,3.46,99.0,0
2022-12-20 08:35:02.199504+00:00,70B3D54991EB3BA5,ECHO #2,Echo,Crossden burn @ Greenford Farm,56.55409349771759,-2.7087453156770502,081400000dd826ac0000,454.0,0.0,3.54,99.0,0
2022-12-20 08:50:45.542847+00:00,70B3D54991EB3BA5,ECHO #2,Echo,Crossden burn @ Greenford Farm,56.55409349771759,-2.7087453156770502,082400000d8426ac0000,438.0,0.0,3.46,99.0,0
2022-12-20 09:06:25.657185+00:00,70B3D54991EB3BA5,ECHO #2,Echo,Crossden burn @ Greenford Farm,56.55409349771759,-2.7087453156770502,082100000d8826ac0000,441.0,0.0,3.46,99.0,0
2022-12-20 09:22:04.642687+00:00,70B3D54991EB3BA5,ECHO #2,Echo,Crossden burn @ Greenford Farm,56.55409349771759,-2.7087453156770502,082300000dd826ac0000,439.0,0.0,3.54,99.0,0
2022-12-20 09:37:45.551244+00:00,70B3D54991EB3BA5,ECHO #2,Echo,Crossden burn @ Greenford Farm,56.55409349771759,-2.7087453156770502,082300000d9026ac0000,439.0,0.0,3.47,99.0,0
2022-12-20 09:53:26.514742+00:00,70B3D54991EB3BA5,ECHO #2,Echo,Crossden burn @ Greenford Farm,56.55409349771759,-2.7087453156770502,082700000d9426ac0000,435.0,0.0,3.48,99.0,0
2022-12-20 10:09:06.065252+00:00,70B3D54991EB3BA5,ECHO #2,Echo,Crossden burn @ Greenford Farm,56.55409349771759,-2.7087453156770502,082500000d7826ac0000,437.0,0.0,3.45,99.0,0
2022-12-20 10:24:47.853362+00:00,70B3D54991EB3BA5,ECHO #2,Echo,Crossden burn @ Greenford Farm,56.55409349771759,-2.7087453156770502,082300000d8c26ac0000,439.0,0.0,3.47,99.0,0
2022-12-20 10:40:33.044413+00:00,70B3D54991EB3BA5,ECHO #2,Echo,Crossden burn @ Greenford Farm,56.55409349771759,-2.7087453156770502,082300000dc426ac0000,439.0,0.0,3.52,99.0,0
2022-12-20 10:56:11.895956+00:00,70B3D54991EB3BA5,ECHO #2,Echo,Crossden burn @ Greenford Farm,56.55409349771759,-2.7087453156770502,082600000d8026ac0000,436.0,0.0,3.46,99.0,0
2022-12-20 11:11:55.287837+00:00,70B3D54991EB3BA5,ECHO #2,Echo,Crossden burn @ Greenford Farm,56.55409349771759,-2.7087453156770502,082800000de826ac0000,434.0,0.0,3.56,99.0,0
2022-12-20 11:27:36.394443+00:00,70B3D54991EB3BA5,ECHO #2,Echo,Crossden burn @ Greenford Farm,56.55409349771759,-2.7087453156770502,082a00000df426ac0000,432.0,0.0,3.57,99.0,0
2022-12-20 11:43:15.399889+00:00,70B3D54991EB3BA5,ECHO #2,Echo,Crossden burn @ Greenford Farm,56.55409349771759,-2.7087453156770502,082900000da026ac0000,433.0,0.0,3.49,99.0,0
2022-12-20 11:58:54.390298+00:00,70B3D54991EB3BA5,ECHO #2,Echo,Crossden burn @ Greenford Farm,56.55409349771759,-2.7087453156770502,082500000d8c26ac0000,437.0,0.0,3.47,99.0,0
2022-12-20 12:14:39.971909+00:00,70B3D54991EB3BA5,ECHO #2,Echo,Crossden burn @ Greenford Farm,56.55409349771759,-2.7087453156770502,082f00000d9c26ac0000,427.0,0.0,3.48,99.0,0
2022-12-20 12:30:17.113962+00:00,70B3D54991EB3BA5,ECHO #2,Echo,Crossden burn @ Greenford Farm,56.55409349771759,-2.7087453156770502,083200000d9826ac0000,424.0,0.0,3.48,99.0,0
2022-12-20 12:45:57.552759+00:00,70B3D54991EB3BA5,ECHO #2,Echo,Crossden burn @ Greenford Farm,56.55409349771759,-2.7087453156770502,082e00000dd426ac0000,428.0,0.0,3.54,99.0,0
2022-12-20 13:01:39.895548+00:00,70B3D54991EB3BA5,ECHO #2,Echo,Crossden burn @ Greenford Farm,56.55409349771759,-2.7087453156770502,082800000de826ac0000,434.0,0.0,3.56,99.0,0
2022-12-20 13:17:23.671407+00:00,70B3D54991EB3BA5,ECHO #2,Echo,Crossden burn @ Greenford Farm,56.55409349771759,-2.7087453156770502,082d00000dec26ac0000,429.0,0.0,3.56,99.0,0
2022-12-20 13:33:06.492024+00:00,70B3D54991EB3BA5,ECHO #2,Echo,Crossden burn @ Greenford Farm,56.55409349771759,-2.7087453156770502,082d00000de026ac0000,429.0,0.0,3.55,99.0,0
2022-12-20 13:48:46.953620+00:00,70B3D54991EB3BA5,ECHO #2,Echo,Crossden burn @ Greenford Farm,56.55409349771759,-2.7087453156770502,082f00000d7826ac0000,427.0,0.0,3.45,99.0,0
2022-12-20 14:04:26.141519+00:00,70B3D54991EB3BA5,ECHO #2,Echo,Crossden burn @ Greenford Farm,56.55409349771759,-2.7087453156770502,082f00000dd426ac0000,427.0,0.0,3.54,99.0,0
2022-12-20 14:20:05.997832+00:00,70B3D54991EB3BA5,ECHO #2,Echo,Crossden burn @ Greenford Farm,56.55409349771759,-2.7087453156770502,082f00000dd026ac0000,427.0,0.0,3.54,99.0,0
2022-12-20 14:35:46.431065+00:00,70B3D54991EB3BA5,ECHO #2,Echo,Crossden burn @ Greenford Farm,56.55409349771759,-2.7087453156770502,082b00000d9826ac0000,431.0,0.0,3.48,99.0,0
2022-12-20 14:51:28.376775+00:00,70B3D54991EB3BA5,ECHO #2,Echo,Crossden burn @ Greenford Farm,56.55409349771759,-2.7087453156770502,082e00000dc426ac0000,428.0,0.0,3.52,99.0,0
2022-12-20 15:22:48.060684+00:00,70B3D54991EB3BA5,ECHO #2,Echo,Crossden burn @ Greenford Farm,56.55409349771759,-2.7087453156770502,082c00000d8826ac0000,430.0,0.0,3.46,99.0,0
2022-12-20 15:38:28.591267+00:00,70B3D54991EB3BA5,ECHO #2,Echo,Crossden burn @ Greenford Farm,56.55409349771759,-2.7087453156770502,082f00000d6c26ac0000,427.0,0.0,3.44,99.0,0
2022-12-20 15:54:08.439698+00:00,70B3D54991EB3BA5,ECHO #2,Echo,Crossden burn @ Greenford Farm,56.55409349771759,-2.7087453156770502,083100000da826ac0000,425.0,0.0,3.5,99.0,0
2022-12-20 16:09:48.001587+00:00,70B3D54991EB3BA5,ECHO #2,Echo,Crossden burn @ Greenford Farm,56.55409349771759,-2.7087453156770502,082d00000da426ac0000,429.0,0.0,3.49,99.0,0
2022-12-20 16:25:27.781030+00:00,70B3D54991EB3BA5,ECHO #2,Echo,Crossden burn @ Greenford Farm,56.55409349771759,-2.7087453156770502,082f00000d6c26ac0000,427.0,0.0,3.44,99.0,0
2022-12-20 16:41:07.828401+00:00,70B3D54991EB3BA5,ECHO #2,Echo,Crossden burn @ Greenford Farm,56.55409349771759,-2.7087453156770502,083000000dc026ac0000,426.0,0.0,3.52,99.0,0
2022-12-20 16:56:47.910106+00:00,70B3D54991EB3BA5,ECHO #2,Echo,Crossden burn @ Greenford Farm,56.55409349771759,-2.7087453156770502,083300000dcc26ac0000,423.0,0.0,3.53,99.0,0
2022-12-20 17:12:28.443725+00:00,70B3D54991EB3BA5,ECHO #2,Echo,Crossden burn @ Greenford Farm,56.55409349771759,-2.7087453156770502,083500000d9026ac0000,421.0,0.0,3.47,99.0,0
2022-12-20 17:28:08.953258+00:00,70B3D54991EB3BA5,ECHO #2,Echo,Crossden burn @ Greenford Farm,56.55409349771759,-2.7087453156770502,083200000d6c26ac0000,424.0,0.0,3.44,99.0,0
2022-12-20 17:43:51.347152+00:00,70B3D54991EB3BA5,ECHO #2,Echo,Crossden burn @ Greenford Farm,56.55409349771759,-2.7087453156770502,083600000da826ac0000,420.0,0.0,3.5,99.0,0
2022-12-20 17:59:30.940102+00:00,70B3D54991EB3BA5,ECHO #2,Echo,Crossden burn @ Greenford Farm,56.55409349771759,-2.7087453156770502,083800000d8026ac0000,418.0,0.0,3.46,99.0,0
2022-12-20 18:15:11.662819+00:00,70B3D54991EB3BA5,ECHO #2,Echo,Crossden burn @ Greenford Farm,56.55409349771759,-2.7087453156770502,083800000d9426ac0000,418.0,0.0,3.48,99.0,0
2022-12-20 18:30:54.974788+00:00,70B3D54991EB3BA5,ECHO #2,Echo,Crossden burn @ Greenford Farm,56.55409349771759,-2.7087453156770502,083d00000d8826ac0000,413.0,0.0,3.46,99.0,0
2022-12-20 18:46:37.449062+00:00,70B3D54991EB3BA5,ECHO #2,Echo,Crossden burn @ Greenford Farm,56.55409349771759,-2.7087453156770502,083c00000d6826ac0000,414.0,0.0,3.43,99.0,0
2022-12-20 19:02:17.763654+00:00,70B3D54991EB3BA5,ECHO #2,Echo,Crossden burn @ Greenford Farm,56.55409349771759,-2.7087453156770502,083a00000d8026ac0000,416.0,0.0,3.46,99.0,0
2022-12-20 19:17:57.205621+00:00,70B3D54991EB3BA5,ECHO #2,Echo,Crossden burn @ Greenford Farm,56.55409349771759,-2.7087453156770502,083a00000d8826ac0000,416.0,0.0,3.46,99.0,0
2022-12-20 19:33:37.278097+00:00,70B3D54991EB3BA5,ECHO #2,Echo,Crossden burn @ Greenford Farm,56.55409349771759,-2.7087453156770502,083d00000d9826ac0000,413.0,0.0,3.48,99.0,0
2022-12-20 19:49:17.384809+00:00,70B3D54991EB3BA5,ECHO #2,Echo,Crossden burn @ Greenford Farm,56.55409349771759,-2.7087453156770502,083d00000d9026ac0000,413.0,0.0,3.47,99.0,0
2022-12-20 20:04:57.735009+00:00,70B3D54991EB3BA5,ECHO #2,Echo,Crossden burn @ Greenford Farm,56.55409349771759,-2.7087453156770502,083e00000dcc26ac0000,412.0,0.0,3.53,99.0,0
2022-12-20 20:20:39.932440+00:00,70B3D54991EB3BA5,ECHO #2,Echo,Crossden burn @ Greenford Farm,56.55409349771759,-2.7087453156770502,083c00000d7426ac0000,414.0,0.0,3.44,99.0,0
2022-12-20 20:36:22.067058+00:00,70B3D54991EB3BA5,ECHO #2,Echo,Crossden burn @ Greenford Farm,56.55409349771759,-2.7087453156770502,084000000d9c26ac0000,410.0,0.0,3.48,99.0,0
2022-12-20 20:52:02.459761+00:00,70B3D54991EB3BA5,ECHO #2,Echo,Crossden burn @ Greenford Farm,56.55409349771759,-2.7087453156770502,084100000d7426ac0000,409.0,0.0,3.44,99.0,0
2022-12-20 21:07:42.637259+00:00,70B3D54991EB3BA5,ECHO #2,Echo,Crossden burn @ Greenford Farm,56.55409349771759,-2.7087453156770502,084200000d9026ac0000,408.0,0.0,3.47,99.0,0
2022-12-20 21:23:22.472505+00:00,70B3D54991EB3BA5,ECHO #2,Echo,Crossden burn @ Greenford Farm,56.55409349771759,-2.7087453156770502,084400000d6826ac0000,406.0,0.0,3.43,99.0,0
2022-12-20 21:39:02.410033+00:00,70B3D54991EB3BA5,ECHO #2,Echo,Crossden burn @ Greenford Farm,56.55409349771759,-2.7087453156770502,084200000d6c26ac0000,408.0,0.0,3.44,99.0,0
2022-12-20 21:54:42.374819+00:00,70B3D54991EB3BA5,ECHO #2,Echo,Crossden burn @ Greenford Farm,56.55409349771759,-2.7087453156770502,084200000d8c26ac0000,408.0,0.0,3.47,99.0,0
2022-12-20 22:10:22.340358+00:00,70B3D54991EB3BA5,ECHO #2,Echo,Crossden burn @ Greenford Farm,56.55409349771759,-2.7087453156770502,083e00000d9826ac0000,412.0,0.0,3.48,99.0,0
2022-12-20 22:26:05.096896+00:00,70B3D54991EB3BA5,ECHO #2,Echo,Crossden burn @ Greenford Farm,56.55409349771759,-2.7087453156770502,084500000dc826ac0000,405.0,0.0,3.53,99.0,0
2022-12-20 22:41:45.139464+00:00,70B3D54991EB3BA5,ECHO #2,Echo,Crossden burn @ Greenford Farm,56.55409349771759,-2.7087453156770502,084300000d7c26ac0000,407.0,0.0,3.45,99.0,0
2022-12-20 22:57:25.082962+00:00,70B3D54991EB3BA5,ECHO #2,Echo,Crossden burn @ Greenford Farm,56.55409349771759,-2.7087453156770502,084000000d9026ac0000,410.0,0.0,3.47,99.0,0
2022-12-20 23:13:05.245956+00:00,70B3D54991EB3BA5,ECHO #2,Echo,Crossden burn @ Greenford Farm,56.55409349771759,-2.7087453156770502,084200000dcc26ac0000,408.0,0.0,3.53,99.0,0
2022-12-20 23:28:47.873507+00:00,70B3D54991EB3BA5,ECHO #2,Echo,Crossden burn @ Greenford Farm,56.55409349771759,-2.7087453156770502,084600000d7c26ac0000,404.0,0.0,3.45,99.0,0
2022-12-20 23:44:27.199110+00:00,70B3D54991EB3BA5,ECHO #2,Echo,Crossden burn @ Greenford Farm,56.55409349771759,-2.7087453156770502,084400000db026ac0000,406.0,0.0,3.5,99.0,0
2022-12-21 00:00:06.857563+00:00,70B3D54991EB3BA5,ECHO #2,Echo,Crossden burn @ Greenford Farm,56.55409349771759,-2.7087453156770502,084300000d9c26ac0000,407.0,0.0,3.48,99.0,0
2022-12-21 00:15:46.857879+00:00,70B3D54991EB3BA5,ECHO #2,Echo,Crossden burn @ Greenford Farm,56.55409349771759,-2.7087453156770502,084300000dcc26ac0000,407.0,0.0,3.53,99.0,0
2022-12-21 00:31:29.289569+00:00,70B3D54991EB3BA5,ECHO #2,Echo,Crossden burn @ Greenford Farm,56.55409349771759,-2.7087453156770502,084600000d7c26ac0000,404.0,0.0,3.45,99.0,0
2022-12-21 01:02:49.834588+00:00,70B3D54991EB3BA5,ECHO #2,Echo,Crossden burn @ Greenford Farm,56.55409349771759,-2.7087453156770502,084600000d9026ac0000,404.0,0.0,3.47,99.0,0
2022-12-21 01:18:30.861715+00:00,70B3D54991EB3BA5,ECHO #2,Echo,Crossden burn @ Greenford Farm,56.55409349771759,-2.7087453156770502,084700000dd426ac0000,403.0,0.0,3.54,99.0,0
2022-12-21 01:34:12.014381+00:00,70B3D54991EB3BA5,ECHO #2,Echo,Crossden burn @ Greenford Farm,56.55409349771759,-2.7087453156770502,084700000d7c26ac0000,403.0,0.0,3.45,99.0,0
2022-12-21 01:49:52.376618+00:00,70B3D54991EB3BA5,ECHO #2,Echo,Crossden burn @ Greenford Farm,56.55409349771759,-2.7087453156770502,084900000de026ac0000,401.0,0.0,3.55,99.0,0
2022-12-21 02:05:32.515378+00:00,70B3D54991EB3BA5,ECHO #2,Echo,Crossden burn @ Greenford Farm,56.55409349771759,-2.7087453156770502,084800000d9026ac0000,402.0,0.0,3.47,99.0,0
2022-12-21 02:21:13.065357+00:00,70B3D54991EB3BA5,ECHO #2,Echo,Crossden burn @ Greenford Farm,56.55409349771759,-2.7087453156770502,084a00000d9c26ac0000,400.0,0.0,3.48,99.0,0
2022-12-21 02:36:53.463648+00:00,70B3D54991EB3BA5,ECHO #2,Echo,Crossden burn @ Greenford Farm,56.55409349771759,-2.7087453156770502,084e00000dc826ac0000,396.0,0.0,3.53,99.0,0
2022-12-21 02:52:36.345324+00:00,70B3D54991EB3BA5,ECHO #2,Echo,Crossden burn @ Greenford Farm,56.55409349771759,-2.7087453156770502,084800000dd426ac0000,402.0,0.0,3.54,99.0,0
2022-12-21 03:08:16.482039+00:00,70B3D54991EB3BA5,ECHO #2,Echo,Crossden burn @ Greenford Farm,56.55409349771759,-2.7087453156770502,084600000d8826ac0000,404.0,0.0,3.46,99.0,0
2022-12-21 03:39:41.110121+00:00,70B3D54991EB3BA5,ECHO #2,Echo,Crossden burn @ Greenford Farm,56.55409349771759,-2.7087453156770502,085100000db026ac0000,393.0,0.0,3.5,99.0,0
2022-12-21 03:55:20.825001+00:00,70B3D54991EB3BA5,ECHO #2,Echo,Crossden burn @ Greenford Farm,56.55409349771759,-2.7087453156770502,084e00000d8c26ac0000,396.0,0.0,3.47,99.0,0
2022-12-21 04:11:00.645330+00:00,70B3D54991EB3BA5,ECHO #2,Echo,Crossden burn @ Greenford Farm,56.55409349771759,-2.7087453156770502,084c00000dd026ac0000,398.0,0.0,3.54,99.0,0
2022-12-21 04:26:42.671475+00:00,70B3D54991EB3BA5,ECHO #2,Echo,Crossden burn @ Greenford Farm,56.55409349771759,-2.7087453156770502,084a00000d9c26ac0000,400.0,0.0,3.48,99.0,0
2022-12-21 04:42:22.875341+00:00,70B3D54991EB3BA5,ECHO #2,Echo,Crossden burn @ Greenford Farm,56.55409349771759,-2.7087453156770502,084a00000da026ac0000,400.0,0.0,3.49,99.0,0
2022-12-21 04:58:02.477978+00:00,70B3D54991EB3BA5,ECHO #2,Echo,Crossden burn @ Greenford Farm,56.55409349771759,-2.7087453156770502,084c00000ddc26ac0000,398.0,0.0,3.55,99.0,0
2022-12-21 05:13:45.167947+00:00,70B3D54991EB3BA5,ECHO #2,Echo,Crossden burn @ Greenford Farm,56.55409349771759,-2.7087453156770502,084d00000dc826ac0000,397.0,0.0,3.53,99.0,0
2022-12-21 05:29:24.872715+00:00,70B3D54991EB3BA5,ECHO #2,Echo,Crossden burn @ Greenford Farm,56.55409349771759,-2.7087453156770502,084e00000da426ac0000,396.0,0.0,3.49,99.0,0
2022-12-21 05:45:05.273702+00:00,70B3D54991EB3BA5,ECHO #2,Echo,Crossden burn @ Greenford Farm,56.55409349771759,-2.7087453156770502,085000000dcc26ac0000,394.0,0.0,3.53,99.0,0
2022-12-21 06:00:44.891611+00:00,70B3D54991EB3BA5,ECHO #2,Echo,Crossden burn @ Greenford Farm,56.55409349771759,-2.7087453156770502,085000000dd426ac0000,394.0,0.0,3.54,99.0,0
2022-12-21 06:16:28.859320+00:00,70B3D54991EB3BA5,ECHO #2,Echo,Crossden burn @ Greenford Farm,56.55409349771759,-2.7087453156770502,084b00000de026ac0000,399.0,0.0,3.55,99.0,0
2022-12-21 06:32:08.945029+00:00,70B3D54991EB3BA5,ECHO #2,Echo,Crossden burn @ Greenford Farm,56.55409349771759,-2.7087453156770502,084e00000dd826ac0000,396.0,0.0,3.54,99.0,0
2022-12-21 07:03:29.445804+00:00,70B3D54991EB3BA5,ECHO #2,Echo,Crossden burn @ Greenford Farm,56.55409349771759,-2.7087453156770502,084e00000da026ac0000,396.0,0.0,3.49,99.0,0
2022-12-21 07:19:10.052730+00:00,70B3D54991EB3BA5,ECHO #2,Echo,Crossden burn @ Greenford Farm,56.55409349771759,-2.7087453156770502,084d00000da426ac0000,397.0,0.0,3.49,99.0,0
2022-12-21 07:34:51.411307+00:00,70B3D54991EB3BA5,ECHO #2,Echo,Crossden burn @ Greenford Farm,56.55409349771759,-2.7087453156770502,085000000de826ac0000,394.0,0.0,3.56,99.0,0
2022-12-21 08:06:12.418215+00:00,70B3D54991EB3BA5,ECHO #2,Echo,Crossden burn @ Greenford Farm,56.55409349771759,-2.7087453156770502,084f00000db026ac0000,395.0,0.0,3.5,99.0,0
2022-12-21 08:21:53.522514+00:00,70B3D54991EB3BA5,ECHO #2,Echo,Crossden burn @ Greenford Farm,56.55409349771759,-2.7087453156770502,085000000da826ac0000,394.0,0.0,3.5,99.0,0
2022-12-21 08:37:33.051756+00:00,70B3D54991EB3BA5,ECHO #2,Echo,Crossden burn @ Greenford Farm,56.55409349771759,-2.7087453156770502,085200000dd026ac0000,392.0,0.0,3.54,99.0,0
2022-12-21 08:53:13.965466+00:00,70B3D54991EB3BA5,ECHO #2,Echo,Crossden burn @ Greenford Farm,56.55409349771759,-2.7087453156770502,085200000dd826ac0000,392.0,0.0,3.54,99.0,0
2022-12-21 09:08:53.683370+00:00,70B3D54991EB3BA5,ECHO #2,Echo,Crossden burn @ Greenford Farm,56.55409349771759,-2.7087453156770502,085600000d9826ac0000,388.0,0.0,3.48,99.0,0
2022-12-21 09:24:34.392565+00:00,70B3D54991EB3BA5,ECHO #2,Echo,Crossden burn @ Greenford Farm,56.55409349771759,-2.7087453156770502,085500000dd426ac0000,389.0,0.0,3.54,99.0,0
2022-12-21 09:40:15.870368+00:00,70B3D54991EB3BA5,ECHO #2,Echo,Crossden burn @ Greenford Farm,56.55409349771759,-2.7087453156770502,085100000ddc26ac0000,393.0,0.0,3.55,99.0,0
2022-12-21 09:56:03.610595+00:00,70B3D54991EB3BA5,ECHO #2,Echo,Crossden burn @ Greenford Farm,56.55409349771759,-2.7087453156770502,085d00000dc026ac0000,381.0,0.0,3.52,99.0,0
2022-12-21 10:11:44.154679+00:00,70B3D54991EB3BA5,ECHO #2,Echo,Crossden burn @ Greenford Farm,56.55409349771759,-2.7087453156770502,085c00000d9c26ac0000,382.0,0.0,3.48,99.0,0
2022-12-21 10:27:24.742424+00:00,70B3D54991EB3BA5,ECHO #2,Echo,Crossden burn @ Greenford Farm,56.55409349771759,-2.7087453156770502,085c00000de826ac0000,382.0,0.0,3.56,99.0,0
2022-12-21 10:43:04.327195+00:00,70B3D54991EB3BA5,ECHO #2,Echo,Crossden burn @ Greenford Farm,56.55409349771759,-2.7087453156770502,085800000dd426ac0000,386.0,0.0,3.54,99.0,0
2022-12-21 10:58:43.174276+00:00,70B3D54991EB3BA5,ECHO #2,Echo,Crossden burn @ Greenford Farm,56.55409349771759,-2.7087453156770502,085900000dd826ac0000,385.0,0.0,3.54,99.0,0
2022-12-21 11:14:23.310931+00:00,70B3D54991EB3BA5,ECHO #2,Echo,Crossden burn @ Greenford Farm,56.55409349771759,-2.7087453156770502,085800000d8826ac0000,386.0,0.0,3.46,99.0,0
2022-12-21 11:30:03.322842+00:00,70B3D54991EB3BA5,ECHO #2,Echo,Crossden burn @ Greenford Farm,56.55409349771759,-2.7087453156770502,085b00000dd826ac0000,383.0,0.0,3.54,99.0,0
2022-12-21 11:45:45.502727+00:00,70B3D54991EB3BA5,ECHO #2,Echo,Crossden burn @ Greenford Farm,56.55409349771759,-2.7087453156770502,085900000d9426ac0000,385.0,0.0,3.48,99.0,0
2022-12-21 12:01:30.060227+00:00,70B3D54991EB3BA5,ECHO #2,Echo,Crossden burn @ Greenford Farm,56.55409349771759,-2.7087453156770502,085c00000dac26ac0000,382.0,0.0,3.5,99.0,0
2022-12-21 12:17:10.251185+00:00,70B3D54991EB3BA5,ECHO #2,Echo,Crossden burn @ Greenford Farm,56.55409349771759,-2.7087453156770502,085c00000db426ac0000,382.0,0.0,3.51,99.0,0
2022-12-21 12:32:49.301793+00:00,70B3D54991EB3BA5,ECHO #2,Echo,Crossden burn @ Greenford Farm,56.55409349771759,-2.7087453156770502,085b00000e0026ac0000,383.0,0.0,3.58,99.0,0
2022-12-21 12:48:29.729497+00:00,70B3D54991EB3BA5,ECHO #2,Echo,Crossden burn @ Greenford Farm,56.55409349771759,-2.7087453156770502,085d00000d8826ac0000,381.0,0.0,3.46,99.0,0
2022-12-21 13:04:10.174843+00:00,70B3D54991EB3BA5,ECHO #2,Echo,Crossden burn @ Greenford Farm,56.55409349771759,-2.7087453156770502,085b00000db026ac0000,383.0,0.0,3.5,99.0,0
2022-12-21 13:19:50.137294+00:00,70B3D54991EB3BA5,ECHO #2,Echo,Crossden burn @ Greenford Farm,56.55409349771759,-2.7087453156770502,085c00000ddc26ac0000,382.0,0.0,3.55,99.0,0
2022-12-22 14:09:19.991662+00:00,70B3D54991EB3BA5,ECHO #2,Echo,Crossden burn @ Greenford Farm,56.55409349771759,-2.7087453156770502,087000000dc026ac0000,362.0,0.0,3.52,99.0,0
2022-12-22 14:25:00.468682+00:00,70B3D54991EB3BA5,ECHO #2,Echo,Crossden burn @ Greenford Farm,56.55409349771759,-2.7087453156770502,087000000dcc26ac0000,362.0,0.0,3.53,99.0,0
2022-12-22 14:40:40.311434+00:00,70B3D54991EB3BA5,ECHO #2,Echo,Crossden burn @ Greenford Farm,56.55409349771759,-2.7087453156770502,087000000d8826ac0000,362.0,0.0,3.46,99.0,0
2022-12-22 14:56:20.415025+00:00,70B3D54991EB3BA5,ECHO #2,Echo,Crossden burn @ Greenford Farm,56.55409349771759,-2.7087453156770502,086e00000d7426ac0000,364.0,0.0,3.44,99.0,0
2022-12-22 15:12:00.737852+00:00,70B3D54991EB3BA5,ECHO #2,Echo,Crossden burn @ Greenford Farm,56.55409349771759,-2.7087453156770502,087100000d8c26ac0000,361.0,0.0,3.47,99.0,0
2022-12-22 15:27:40.561563+00:00,70B3D54991EB3BA5,ECHO #2,Echo,Crossden burn @ Greenford Farm,56.55409349771759,-2.7087453156770502,087000000da426ac0000,362.0,0.0,3.49,99.0,0
2022-12-22 15:43:20.249654+00:00,70B3D54991EB3BA5,ECHO #2,Echo,Crossden burn @ Greenford Farm,56.55409349771759,-2.7087453156770502,087200000d7426ac0000,360.0,0.0,3.44,99.0,0
2022-12-22 15:59:00.495705+00:00,70B3D54991EB3BA5,ECHO #2,Echo,Crossden burn @ Greenford Farm,56.55409349771759,-2.7087453156770502,086f00000dc426ac0000,363.0,0.0,3.52,99.0,0
2022-12-22 16:30:20.882764+00:00,70B3D54991EB3BA5,ECHO #2,Echo,Crossden burn @ Greenford Farm,56.55409349771759,-2.7087453156770502,087000000da426ac0000,362.0,0.0,3.49,99.0,0
2022-12-22 16:46:01.573720+00:00,70B3D54991EB3BA5,ECHO #2,Echo,Crossden burn @ Greenford Farm,56.55409349771759,-2.7087453156770502,087100000dcc26ac0000,361.0,0.0,3.53,99.0,0
2022-12-22 17:01:41.494769+00:00,70B3D54991EB3BA5,ECHO #2,Echo,Crossden burn @ Greenford Farm,56.55409349771759,-2.7087453156770502,087000000d8c26ac0000,362.0,0.0,3.47,99.0,0
2022-12-22 17:17:22.233863+00:00,70B3D54991EB3BA5,ECHO #2,Echo,Crossden burn @ Greenford Farm,56.55409349771759,-2.7087453156770502,087100000dc826ac0000,361.0,0.0,3.53,99.0,0
2022-12-22 17:33:02.713812+00:00,70B3D54991EB3BA5,ECHO #2,Echo,Crossden burn @ Greenford Farm,56.55409349771759,-2.7087453156770502,086f00000db426ac0000,363.0,0.0,3.51,99.0,0
2022-12-22 17:48:43.675497+00:00,70B3D54991EB3BA5,ECHO #2,Echo,Crossden burn @ Greenford Farm,56.55409349771759,-2.7087453156770502,087300000d9826ac0000,359.0,0.0,3.48,99.0,0
2022-12-22 18:04:24.475527+00:00,70B3D54991EB3BA5,ECHO #2,Echo,Crossden burn @ Greenford Farm,56.55409349771759,-2.7087453156770502,087000000d8c26ac0000,362.0,0.0,3.47,99.0,0
2022-12-22 18:20:04.905267+00:00,70B3D54991EB3BA5,ECHO #2,Echo,Crossden burn @ Greenford Farm,56.55409349771759,-2.7087453156770502,086f00000dd826ac0000,363.0,0.0,3.54,99.0,0
2022-12-22 18:35:45.064436+00:00,70B3D54991EB3BA5,ECHO #2,Echo,Crossden burn @ Greenford Farm,56.55409349771759,-2.7087453156770502,087300000d9426ac0000,359.0,0.0,3.48,99.0,0
2022-12-22 19:07:09.493674+00:00,70B3D54991EB3BA5,ECHO #2,Echo,Crossden burn @ Greenford Farm,56.55409349771759,-2.7087453156770502,086e00000d8c26ac0000,364.0,0.0,3.47,99.0,0
2022-12-22 19:38:31.415478+00:00,70B3D54991EB3BA5,ECHO #2,Echo,Crossden burn @ Greenford Farm,56.55409349771759,-2.7087453156770502,087200000dcc26ac0000,360.0,0.0,3.53,99.0,0
2022-12-22 19:54:12.132565+00:00,70B3D54991EB3BA5,ECHO #2,Echo,Crossden burn @ Greenford Farm,56.55409349771759,-2.7087453156770502,087300000dd826ac0000,359.0,0.0,3.54,99.0,0
2022-12-22 20:09:52.833211+00:00,70B3D54991EB3BA5,ECHO #2,Echo,Crossden burn @ Greenford Farm,56.55409349771759,-2.7087453156770502,087500000da426ac0000,357.0,0.0,3.49,99.0,0
2022-12-22 20:25:35.216068+00:00,70B3D54991EB3BA5,ECHO #2,Echo,Crossden burn @ Greenford Farm,56.55409349771759,-2.7087453156770502,087000000d9c26ac0000,362.0,0.0,3.48,99.0,0
2022-12-22 20:41:15.928641+00:00,70B3D54991EB3BA5,ECHO #2,Echo,Crossden burn @ Greenford Farm,56.55409349771759,-2.7087453156770502,087300000da026ac0000,359.0,0.0,3.49,99.0,0
2022-12-22 20:56:55.700982+00:00,70B3D54991EB3BA5,ECHO #2,Echo,Crossden burn @ Greenford Farm,56.55409349771759,-2.7087453156770502,087200000dcc26ac0000,360.0,0.0,3.53,99.0,0
2022-12-22 21:12:36.211716+00:00,70B3D54991EB3BA5,ECHO #2,Echo,Crossden burn @ Greenford Farm,56.55409349771759,-2.7087453156770502,087100000da426ac0000,361.0,0.0,3.49,99.0,0
2022-12-22 21:43:56.521372+00:00,70B3D54991EB3BA5,ECHO #2,Echo,Crossden burn @ Greenford Farm,56.55409349771759,-2.7087453156770502,087700000dd426ac0000,355.0,0.0,3.54,99.0,0
2022-12-22 21:59:36.136373+00:00,70B3D54991EB3BA5,ECHO #2,Echo,Crossden burn @ Greenford Farm,56.55409349771759,-2.7087453156770502,087500000dcc26ac0000,357.0,0.0,3.53,99.0,0
2022-12-22 22:15:16.647343+00:00,70B3D54991EB3BA5,ECHO #2,Echo,Crossden burn @ Greenford Farm,56.55409349771759,-2.7087453156770502,087500000d8826ac0000,357.0,0.0,3.46,99.0,0
2022-12-22 22:30:57.107688+00:00,70B3D54991EB3BA5,ECHO #2,Echo,Crossden burn @ Greenford Farm,56.55409349771759,-2.7087453156770502,087400000d8826ac0000,358.0,0.0,3.46,99.0,0
2022-12-22 22:46:37.993833+00:00,70B3D54991EB3BA5,ECHO #2,Echo,Crossden burn @ Greenford Farm,56.55409349771759,-2.7087453156770502,087600000db426ac0000,356.0,0.0,3.51,99.0,0
2022-12-22 23:02:18.738206+00:00,70B3D54991EB3BA5,ECHO #2,Echo,Crossden burn @ Greenford Farm,56.55409349771759,-2.7087453156770502,087500000d9426ac0000,357.0,0.0,3.48,99.0,0
2022-12-22 23:18:01.509096+00:00,70B3D54991EB3BA5,ECHO #2,Echo,Crossden burn @ Greenford Farm,56.55409349771759,-2.7087453156770502,087200000d9426ac0000,360.0,0.0,3.48,99.0,0
2022-12-22 23:33:43.130001+00:00,70B3D54991EB3BA5,ECHO #2,Echo,Crossden burn @ Greenford Farm,56.55409349771759,-2.7087453156770502,087300000dc826ac0000,359.0,0.0,3.53,99.0,0
2022-12-22 23:49:24.289678+00:00,70B3D54991EB3BA5,ECHO #2,Echo,Crossden burn @ Greenford Farm,56.55409349771759,-2.7087453156770502,087100000dcc26ac0000,361.0,0.0,3.53,99.0,0
2022-12-23 00:05:04.881604+00:00,70B3D54991EB3BA5,ECHO #2,Echo,Crossden burn @ Greenford Farm,56.55409349771759,-2.7087453156770502,087400000db426ac0000,358.0,0.0,3.51,99.0,0
2022-12-23 00:20:45.352697+00:00,70B3D54991EB3BA5,ECHO #2,Echo,Crossden burn @ Greenford Farm,56.55409349771759,-2.7087453156770502,087600000d9c26ac0000,356.0,0.0,3.48,99.0,0
2022-12-23 00:36:26.097676+00:00,70B3D54991EB3BA5,ECHO #2,Echo,Crossden burn @ Greenford Farm,56.55409349771759,-2.7087453156770502,087700000dd826ac0000,355.0,0.0,3.54,99.0,0
2022-12-23 00:52:05.917056+00:00,70B3D54991EB3BA5,ECHO #2,Echo,Crossden burn @ Greenford Farm,56.55409349771759,-2.7087453156770502,087600000dcc26ac0000,356.0,0.0,3.53,99.0,0
2022-12-23 01:07:46.153715+00:00,70B3D54991EB3BA5,ECHO #2,Echo,Crossden burn @ Greenford Farm,56.55409349771759,-2.7087453156770502,087700000da426ac0000,355.0,0.0,3.49,99.0,0
2022-12-23 01:23:26.521427+00:00,70B3D54991EB3BA5,ECHO #2,Echo,Crossden burn @ Greenford Farm,56.55409349771759,-2.7087453156770502,087800000d9426ac0000,354.0,0.0,3.48,99.0,0
2022-12-23 01:39:07.071309+00:00,70B3D54991EB3BA5,ECHO #2,Echo,Crossden burn @ Greenford Farm,56.55409349771759,-2.7087453156770502,087500000d9c26ac0000,357.0,0.0,3.48,99.0,0
2022-12-23 01:54:48.207775+00:00,70B3D54991EB3BA5,ECHO #2,Echo,Crossden burn @ Greenford Farm,56.55409349771759,-2.7087453156770502,087700000dd426ac0000,355.0,0.0,3.54,99.0,0
2022-12-23 02:10:28.527191+00:00,70B3D54991EB3BA5,ECHO #2,Echo,Crossden burn @ Greenford Farm,56.55409349771759,-2.7087453156770502,087700000da426ac0000,355.0,0.0,3.49,99.0,0
2022-12-23 02:26:08.471125+00:00,70B3D54991EB3BA5,ECHO #2,Echo,Crossden burn @ Greenford Farm,56.55409349771759,-2.7087453156770502,087600000de026ac0000,356.0,0.0,3.55,99.0,0
2022-12-23 02:41:49.462825+00:00,70B3D54991EB3BA5,ECHO #2,Echo,Crossden burn @ Greenford Farm,56.55409349771759,-2.7087453156770502,087500000de026ac0000,357.0,0.0,3.55,99.0,0
2022-12-23 02:57:30.209943+00:00,70B3D54991EB3BA5,ECHO #2,Echo,Crossden burn @ Greenford Farm,56.55409349771759,-2.7087453156770502,087700000dcc26ac0000,355.0,0.0,3.53,99.0,0
2022-12-23 03:13:10.785408+00:00,70B3D54991EB3BA5,ECHO #2,Echo,Crossden burn @ Greenford Farm,56.55409349771759,-2.7087453156770502,087600000ddc26ac0000,356.0,0.0,3.55,99.0,0
2022-12-23 03:28:51.036962+00:00,70B3D54991EB3BA5,ECHO #2,Echo,Crossden burn @ Greenford Farm,56.55409349771759,-2.7087453156770502,087400000da026ac0000,358.0,0.0,3.49,99.0,0
2022-12-23 03:44:31.964876+00:00,70B3D54991EB3BA5,ECHO #2,Echo,Crossden burn @ Greenford Farm,56.55409349771759,-2.7087453156770502,087700000db026ac0000,355.0,0.0,3.5,99.0,0
2022-12-23 04:00:12.390024+00:00,70B3D54991EB3BA5,ECHO #2,Echo,Crossden burn @ Greenford Farm,56.55409349771759,-2.7087453156770502,087700000da426ac0000,355.0,0.0,3.49,99.0,0
2022-12-23 04:15:54.563430+00:00,70B3D54991EB3BA5,ECHO #2,Echo,Crossden burn @ Greenford Farm,56.55409349771759,-2.7087453156770502,087500000db026ac0000,357.0,0.0,3.5,99.0,0
2022-12-23 04:47:15.567303+00:00,70B3D54991EB3BA5,ECHO #2,Echo,Crossden burn @ Greenford Farm,56.55409349771759,-2.7087453156770502,087200000da426ac0000,360.0,0.0,3.49,99.0,0
2022-12-23 05:02:56.249055+00:00,70B3D54991EB3BA5,ECHO #2,Echo,Crossden burn @ Greenford Farm,56.55409349771759,-2.7087453156770502,087400000db026ac0000,358.0,0.0,3.5,99.0,0
2022-12-23 05:18:36.407203+00:00,70B3D54991EB3BA5,ECHO #2,Echo,Crossden burn @ Greenford Farm,56.55409349771759,-2.7087453156770502,087500000db426ac0000,357.0,0.0,3.51,99.0,0
2022-12-23 05:34:17.277756+00:00,70B3D54991EB3BA5,ECHO #2,Echo,Crossden burn @ Greenford Farm,56.55409349771759,-2.7087453156770502,087200000da426ac0000,360.0,0.0,3.49,99.0,0
2022-12-23 05:49:58.054332+00:00,70B3D54991EB3BA5,ECHO #2,Echo,Crossden burn @ Greenford Farm,56.55409349771759,-2.7087453156770502,087300000da826ac0000,359.0,0.0,3.5,99.0,0
2022-12-23 06:05:38.942026+00:00,70B3D54991EB3BA5,ECHO #2,Echo,Crossden burn @ Greenford Farm,56.55409349771759,-2.7087453156770502,087200000de026ac0000,360.0,0.0,3.55,99.0,0
2022-12-23 06:21:19.566536+00:00,70B3D54991EB3BA5,ECHO #2,Echo,Crossden burn @ Greenford Farm,56.55409349771759,-2.7087453156770502,087100000dc426ac0000,361.0,0.0,3.52,99.0,0
2022-12-23 06:36:59.910676+00:00,70B3D54991EB3BA5,ECHO #2,Echo,Crossden burn @ Greenford Farm,56.55409349771759,-2.7087453156770502,087100000da026ac0000,361.0,0.0,3.49,99.0,0
2022-12-23 06:52:41.371666+00:00,70B3D54991EB3BA5,ECHO #2,Echo,Crossden burn @ Greenford Farm,56.55409349771759,-2.7087453156770502,087200000da026ac0000,360.0,0.0,3.49,99.0,0
2022-12-23 07:08:21.566770+00:00,70B3D54991EB3BA5,ECHO #2,Echo,Crossden burn @ Greenford Farm,56.55409349771759,-2.7087453156770502,087200000ddc26ac0000,360.0,0.0,3.55,99.0,0
2022-12-23 07:24:02.198315+00:00,70B3D54991EB3BA5,ECHO #2,Echo,Crossden burn @ Greenford Farm,56.55409349771759,-2.7087453156770502,087000000dc426ac0000,362.0,0.0,3.52,99.0,0
2022-12-23 07:39:42.616558+00:00,70B3D54991EB3BA5,ECHO #2,Echo,Crossden burn @ Greenford Farm,56.55409349771759,-2.7087453156770502,087200000ddc26ac0000,360.0,0.0,3.55,99.0,0
2022-12-23 07:55:25.329672+00:00,70B3D54991EB3BA5,ECHO #2,Echo,Crossden burn @ Greenford Farm,56.55409349771759,-2.7087453156770502,087000000dd826ac0000,362.0,0.0,3.54,99.0,0
2022-12-23 08:11:06.600337+00:00,70B3D54991EB3BA5,ECHO #2,Echo,Crossden burn @ Greenford Farm,56.55409349771759,-2.7087453156770502,087200000da426ac0000,360.0,0.0,3.49,99.0,0
2022-12-23 08:26:47.369186+00:00,70B3D54991EB3BA5,ECHO #2,Echo,Crossden burn @ Greenford Farm,56.55409349771759,-2.7087453156770502,087500000de026ac0000,357.0,0.0,3.55,99.0,0
2022-12-23 08:42:28.872318+00:00,70B3D54991EB3BA5,ECHO #2,Echo,Crossden burn @ Greenford Farm,56.55409349771759,-2.7087453156770502,087200000da426ac0000,360.0,0.0,3.49,99.0,0
2022-12-23 08:58:08.818700+00:00,70B3D54991EB3BA5,ECHO #2,Echo,Crossden burn @ Greenford Farm,56.55409349771759,-2.7087453156770502,087100000da826ac0000,361.0,0.0,3.5,99.0,0
2022-12-23 09:13:49.407746+00:00,70B3D54991EB3BA5,ECHO #2,Echo,Crossden burn @ Greenford Farm,56.55409349771759,-2.7087453156770502,087300000dc426ac0000,359.0,0.0,3.52,99.0,0
2022-12-23 09:29:29.965861+00:00,70B3D54991EB3BA5,ECHO #2,Echo,Crossden burn @ Greenford Farm,56.55409349771759,-2.7087453156770502,087100000db026ac0000,361.0,0.0,3.5,99.0,0
2022-12-23 09:45:11.243394+00:00,70B3D54991EB3BA5,ECHO #2,Echo,Crossden burn @ Greenford Farm,56.55409349771759,-2.7087453156770502,087200000dd026ac0000,360.0,0.0,3.54,99.0,0
2022-12-23 10:00:51.925473+00:00,70B3D54991EB3BA5,ECHO #2,Echo,Crossden burn @ Greenford Farm,56.55409349771759,-2.7087453156770502,087500000da426ac0000,357.0,0.0,3.49,99.0,0
2022-12-23 10:16:32.400342+00:00,70B3D54991EB3BA5,ECHO #2,Echo,Crossden burn @ Greenford Farm,56.55409349771759,-2.7087453156770502,087300000dd026ac0000,359.0,0.0,3.54,99.0,0
2022-12-23 10:32:12.836764+00:00,70B3D54991EB3BA5,ECHO #2,Echo,Crossden burn @ Greenford Farm,56.55409349771759,-2.7087453156770502,087400000dc026ac0000,358.0,0.0,3.52,99.0,0
2022-12-23 10:47:52.532440+00:00,70B3D54991EB3BA5,ECHO #2,Echo,Crossden burn @ Greenford Farm,56.55409349771759,-2.7087453156770502,087000000db026ac0000,362.0,0.0,3.5,99.0,0
2022-12-23 11:03:32.932449+00:00,70B3D54991EB3BA5,ECHO #2,Echo,Crossden burn @ Greenford Farm,56.55409349771759,-2.7087453156770502,087100000da826ac0000,361.0,0.0,3.5,99.0,0
2022-12-23 11:19:14.620965+00:00,70B3D54991EB3BA5,ECHO #2,Echo,Crossden burn @ Greenford Farm,56.55409349771759,-2.7087453156770502,087000000da826ac0000,362.0,0.0,3.5,99.0,0
2022-12-23 11:34:55.519999+00:00,70B3D54991EB3BA5,ECHO #2,Echo,Crossden burn @ Greenford Farm,56.55409349771759,-2.7087453156770502,087200000dc826ac0000,360.0,0.0,3.53,99.0,0
2022-12-23 11:50:36.966985+00:00,70B3D54991EB3BA5,ECHO #2,Echo,Crossden burn @ Greenford Farm,56.55409349771759,-2.7087453156770502,087300000dec26ac0000,359.0,0.0,3.56,99.0,0
2022-12-23 12:06:17.585879+00:00,70B3D54991EB3BA5,ECHO #2,Echo,Crossden burn @ Greenford Farm,56.55409349771759,-2.7087453156770502,087400000db426ac0000,358.0,0.0,3.51,99.0,0
2022-12-23 12:21:58.478393+00:00,70B3D54991EB3BA5,ECHO #2,Echo,Crossden burn @ Greenford Farm,56.55409349771759,-2.7087453156770502,087300000de826ac0000,359.0,0.0,3.56,99.0,0
2022-12-23 12:37:38.618584+00:00,70B3D54991EB3BA5,ECHO #2,Echo,Crossden burn @ Greenford Farm,56.55409349771759,-2.7087453156770502,087100000dd426ac0000,361.0,0.0,3.54,99.0,0
2022-12-23 13:08:59.898860+00:00,70B3D54991EB3BA5,ECHO #2,Echo,Crossden burn @ Greenford Farm,56.55409349771759,-2.7087453156770502,086f00000de426ac0000,363.0,0.0,3.56,99.0,0
2022-12-23 13:24:40.356323+00:00,70B3D54991EB3BA5,ECHO #2,Echo,Crossden burn @ Greenford Farm,56.55409349771759,-2.7087453156770502,087000000db426ac0000,362.0,0.0,3.51,99.0,0
2022-12-23 13:40:20.988044+00:00,70B3D54991EB3BA5,ECHO #2,Echo,Crossden burn @ Greenford Farm,56.55409349771759,-2.7087453156770502,087400000dcc26ac0000,358.0,0.0,3.53,99.0,0
2022-12-23 13:56:01.182595+00:00,70B3D54991EB3BA5,ECHO #2,Echo,Crossden burn @ Greenford Farm,56.55409349771759,-2.7087453156770502,087200000dc826ac0000,360.0,0.0,3.53,99.0,0
2022-12-23 14:11:41.108183+00:00,70B3D54991EB3BA5,ECHO #2,Echo,Crossden burn @ Greenford Farm,56.55409349771759,-2.7087453156770502,087100000de826ac0000,361.0,0.0,3.56,99.0,0
2022-12-23 14:27:21.270792+00:00,70B3D54991EB3BA5,ECHO #2,Echo,Crossden burn @ Greenford Farm,56.55409349771759,-2.7087453156770502,086f00000dac26ac0000,363.0,0.0,3.5,99.0,0
2022-12-23 14:43:01.845226+00:00,70B3D54991EB3BA5,ECHO #2,Echo,Crossden burn @ Greenford Farm,56.55409349771759,-2.7087453156770502,087200000dec26ac0000,360.0,0.0,3.56,99.0,0
2022-12-23 14:58:41.588751+00:00,70B3D54991EB3BA5,ECHO #2,Echo,Crossden burn @ Greenford Farm,56.55409349771759,-2.7087453156770502,087300000dc426ac0000,359.0,0.0,3.52,99.0,0
2022-12-23 15:30:06.263391+00:00,70B3D54991EB3BA5,ECHO #2,Echo,Crossden burn @ Greenford Farm,56.55409349771759,-2.7087453156770502,087000000de026ac0000,362.0,0.0,3.55,99.0,0
2022-12-23 15:45:46.846505+00:00,70B3D54991EB3BA5,ECHO #2,Echo,Crossden burn @ Greenford Farm,56.55409349771759,-2.7087453156770502,086f00000dcc26ac0000,363.0,0.0,3.53,99.0,0
2022-12-23 16:01:27.225929+00:00,70B3D54991EB3BA5,ECHO #2,Echo,Crossden burn @ Greenford Farm,56.55409349771759,-2.7087453156770502,086d00000dcc26ac0000,365.0,0.0,3.53,99.0,0
2022-12-23 16:17:07.508518+00:00,70B3D54991EB3BA5,ECHO #2,Echo,Crossden burn @ Greenford Farm,56.55409349771759,-2.7087453156770502,086e00000dbc26ac0000,364.0,0.0,3.52,99.0,0
2022-12-23 16:32:47.822932+00:00,70B3D54991EB3BA5,ECHO #2,Echo,Crossden burn @ Greenford Farm,56.55409349771759,-2.7087453156770502,086f00000de026ac0000,363.0,0.0,3.55,99.0,0
2022-12-23 16:48:30.706792+00:00,70B3D54991EB3BA5,ECHO #2,Echo,Crossden burn @ Greenford Farm,56.55409349771759,-2.7087453156770502,086d00000de426ac0000,365.0,0.0,3.56,99.0,0
2022-12-23 17:04:11.107922+00:00,70B3D54991EB3BA5,ECHO #2,Echo,Crossden burn @ Greenford Farm,56.55409349771759,-2.7087453156770502,086a00000de026ac0000,368.0,0.0,3.55,99.0,0
2022-12-23 17:19:51.501705+00:00,70B3D54991EB3BA5,ECHO #2,Echo,Crossden burn @ Greenford Farm,56.55409349771759,-2.7087453156770502,086a00000de826ac0000,368.0,0.0,3.56,99.0,0
2022-12-23 17:35:32.303958+00:00,70B3D54991EB3BA5,ECHO #2,Echo,Crossden burn @ Greenford Farm,56.55409349771759,-2.7087453156770502,086700000db026ac0000,371.0,0.0,3.5,99.0,0
2022-12-23 17:51:12.661670+00:00,70B3D54991EB3BA5,ECHO #2,Echo,Crossden burn @ Greenford Farm,56.55409349771759,-2.7087453156770502,086800000de826ac0000,370.0,0.0,3.56,99.0,0
2022-12-23 18:06:56.556896+00:00,70B3D54991EB3BA5,ECHO #2,Echo,Crossden burn @ Greenford Farm,56.55409349771759,-2.7087453156770502,086100000db426ac0000,377.0,0.0,3.51,99.0,0
2022-12-23 18:22:36.734319+00:00,70B3D54991EB3BA5,ECHO #2,Echo,Crossden burn @ Greenford Farm,56.55409349771759,-2.7087453156770502,086500000db026ac0000,373.0,0.0,3.5,99.0,0
2022-12-23 18:38:17.717126+00:00,70B3D54991EB3BA5,ECHO #2,Echo,Crossden burn @ Greenford Farm,56.55409349771759,-2.7087453156770502,086500000dc826ac0000,373.0,0.0,3.53,99.0,0
2022-12-23 18:54:01.310758+00:00,70B3D54991EB3BA5,ECHO #2,Echo,Crossden burn @ Greenford Farm,56.55409349771759,-2.7087453156770502,085e00000dc826ac0000,380.0,0.0,3.53,99.0,0
2022-12-23 19:09:41.684501+00:00,70B3D54991EB3BA5,ECHO #2,Echo,Crossden burn @ Greenford Farm,56.55409349771759,-2.7087453156770502,086100000de026ac0000,377.0,0.0,3.55,99.0,0
2022-12-23 19:25:22.293089+00:00,70B3D54991EB3BA5,ECHO #2,Echo,Crossden burn @ Greenford Farm,56.55409349771759,-2.7087453156770502,085e00000de026ac0000,380.0,0.0,3.55,99.0,0
2022-12-23 19:41:05.501047+00:00,70B3D54991EB3BA5,ECHO #2,Echo,Crossden burn @ Greenford Farm,56.55409349771759,-2.7087453156770502,086700000db026ac0000,371.0,0.0,3.5,99.0,0
2022-12-23 19:56:45.967568+00:00,70B3D54991EB3BA5,ECHO #2,Echo,Crossden burn @ Greenford Farm,56.55409349771759,-2.7087453156770502,086700000de026ac0000,371.0,0.0,3.55,99.0,0
2022-12-23 20:12:29.429600+00:00,70B3D54991EB3BA5,ECHO #2,Echo,Crossden burn @ Greenford Farm,56.55409349771759,-2.7087453156770502,086000000db026ac0000,378.0,0.0,3.5,99.0,0
2022-12-23 20:28:09.771224+00:00,70B3D54991EB3BA5,ECHO #2,Echo,Crossden burn @ Greenford Farm,56.55409349771759,-2.7087453156770502,085f00000db426ac0000,379.0,0.0,3.51,99.0,0
2022-12-23 20:43:52.232815+00:00,70B3D54991EB3BA5,ECHO #2,Echo,Crossden burn @ Greenford Farm,56.55409349771759,-2.7087453156770502,086000000dcc26ac0000,378.0,0.0,3.53,99.0,0
2022-12-23 20:59:34.741601+00:00,70B3D54991EB3BA5,ECHO #2,Echo,Crossden burn @ Greenford Farm,56.55409349771759,-2.7087453156770502,085e00000db026ac0000,380.0,0.0,3.5,99.0,0
2022-12-23 21:15:18.309259+00:00,70B3D54991EB3BA5,ECHO #2,Echo,Crossden burn @ Greenford Farm,56.55409349771759,-2.7087453156770502,085100000dcc26ac0000,393.0,0.0,3.53,99.0,0
2022-12-23 21:30:58.548524+00:00,70B3D54991EB3BA5,ECHO #2,Echo,Crossden burn @ Greenford Farm,56.55409349771759,-2.7087453156770502,084d00000ddc26ac0000,397.0,0.0,3.55,99.0,0
2022-12-23 21:46:42.112148+00:00,70B3D54991EB3BA5,ECHO #2,Echo,Crossden burn @ Greenford Farm,56.55409349771759,-2.7087453156770502,084800000db426ac0000,402.0,0.0,3.51,99.0,0
2022-12-23 22:02:25.861714+00:00,70B3D54991EB3BA5,ECHO #2,Echo,Crossden burn @ Greenford Farm,56.55409349771759,-2.7087453156770502,083d00000dd826ac0000,413.0,0.0,3.54,99.0,0
2022-12-23 22:18:06.993714+00:00,70B3D54991EB3BA5,ECHO #2,Echo,Crossden burn @ Greenford Farm,56.55409349771759,-2.7087453156770502,083c00000dec26ac0000,414.0,0.0,3.56,99.0,0
2022-12-23 22:33:50.778440+00:00,70B3D54991EB3BA5,ECHO #2,Echo,Crossden burn @ Greenford Farm,56.55409349771759,-2.7087453156770502,083100000dcc26ac0000,425.0,0.0,3.53,99.0,0
2022-12-23 22:49:35.319218+00:00,70B3D54991EB3BA5,ECHO #2,Echo,Crossden burn @ Greenford Farm,56.55409349771759,-2.7087453156770502,082800000dac26ac0000,434.0,0.0,3.5,99.0,0
2022-12-23 23:05:15.730389+00:00,70B3D54991EB3BA5,ECHO #2,Echo,Crossden burn @ Greenford Farm,56.55409349771759,-2.7087453156770502,082500000dcc26ac0000,437.0,0.0,3.53,99.0,0
2022-12-23 23:20:59.044855+00:00,70B3D54991EB3BA5,ECHO #2,Echo,Crossden burn @ Greenford Farm,56.55409349771759,-2.7087453156770502,081400000dc826ac0000,454.0,0.0,3.53,99.0,0
2022-12-23 23:36:42.729320+00:00,70B3D54991EB3BA5,ECHO #2,Echo,Crossden burn @ Greenford Farm,56.55409349771759,-2.7087453156770502,080c00000dcc26ac0000,462.0,0.0,3.53,99.0,0
2022-12-23 23:52:26.116111+00:00,70B3D54991EB3BA5,ECHO #2,Echo,Crossden burn @ Greenford Farm,56.55409349771759,-2.7087453156770502,080500000db026ac0000,469.0,0.0,3.5,99.0,0
2022-12-24 00:08:10.398381+00:00,70B3D54991EB3BA5,ECHO #2,Echo,Crossden burn @ Greenford Farm,56.55409349771759,-2.7087453156770502,07f400000dd826ac0000,486.0,0.0,3.54,99.0,0
2022-12-24 00:23:54.583752+00:00,70B3D54991EB3BA5,ECHO #2,Echo,Crossden burn @ Greenford Farm,56.55409349771759,-2.7087453156770502,07d500000de426ac0000,517.0,0.0,3.56,99.0,0
2022-12-24 00:39:38.349423+00:00,70B3D54991EB3BA5,ECHO #2,Echo,Crossden burn @ Greenford Farm,56.55409349771759,-2.7087453156770502,07d000000de026ac0000,522.0,0.0,3.55,99.0,0
2022-12-24 00:55:22.011992+00:00,70B3D54991EB3BA5,ECHO #2,Echo,Crossden burn @ Greenford Farm,56.55409349771759,-2.7087453156770502,07bb00000db426ac0000,543.0,0.0,3.51,99.0,0
2022-12-24 01:26:50.917620+00:00,70B3D54991EB3BA5,ECHO #2,Echo,Crossden burn @ Greenford Farm,56.55409349771759,-2.7087453156770502,079d00000ddc26ac0000,573.0,0.0,3.55,99.0,0
2022-12-24 01:42:34.259139+00:00,70B3D54991EB3BA5,ECHO #2,Echo,Crossden burn @ Greenford Farm,56.55409349771759,-2.7087453156770502,079e00000db426ac0000,572.0,0.0,3.51,99.0,0
2022-12-24 01:58:17.665960+00:00,70B3D54991EB3BA5,ECHO #2,Echo,Crossden burn @ Greenford Farm,56.55409349771759,-2.7087453156770502,07ad00000dd026ac0000,557.0,0.0,3.54,99.0,0
2022-12-24 02:14:01.386524+00:00,70B3D54991EB3BA5,ECHO #2,Echo,Crossden burn @ Greenford Farm,56.55409349771759,-2.7087453156770502,079e00000de426ac0000,572.0,0.0,3.56,99.0,0
2022-12-24 02:45:26.920770+00:00,70B3D54991EB3BA5,ECHO #2,Echo,Crossden burn @ Greenford Farm,56.55409349771759,-2.7087453156770502,079400000dd826ac0000,582.0,0.0,3.54,99.0,0
2022-12-24 03:01:10.441754+00:00,70B3D54991EB3BA5,ECHO #2,Echo,Crossden burn @ Greenford Farm,56.55409349771759,-2.7087453156770502,078e00000dcc26ac0000,588.0,0.0,3.53,99.0,0
2022-12-24 03:16:53.824403+00:00,70B3D54991EB3BA5,ECHO #2,Echo,Crossden burn @ Greenford Farm,56.55409349771759,-2.7087453156770502,077f00000dc826ac0000,603.0,0.0,3.53,99.0,0
2022-12-24 03:32:36.757559+00:00,70B3D54991EB3BA5,ECHO #2,Echo,Crossden burn @ Greenford Farm,56.55409349771759,-2.7087453156770502,077d00000dec26ac0000,605.0,0.0,3.56,99.0,0
2022-12-24 03:48:21.168304+00:00,70B3D54991EB3BA5,ECHO #2,Echo,Crossden burn @ Greenford Farm,56.55409349771759,-2.7087453156770502,076300000de426ac0000,631.0,0.0,3.56,99.0,0
2022-12-24 04:04:05.208726+00:00,70B3D54991EB3BA5,ECHO #2,Echo,Crossden burn @ Greenford Farm,56.55409349771759,-2.7087453156770502,076800000dc426ac0000,626.0,0.0,3.52,99.0,0
2022-12-24 04:19:48.627771+00:00,70B3D54991EB3BA5,ECHO #2,Echo,Crossden burn @ Greenford Farm,56.55409349771759,-2.7087453156770502,074c00000dcc26ac0000,654.0,0.0,3.53,99.0,0
2022-12-24 04:35:32.517042+00:00,70B3D54991EB3BA5,ECHO #2,Echo,Crossden burn @ Greenford Farm,56.55409349771759,-2.7087453156770502,073c00000ddc26ac0000,670.0,0.0,3.55,99.0,0
2022-12-24 04:51:15.775854+00:00,70B3D54991EB3BA5,ECHO #2,Echo,Crossden burn @ Greenford Farm,56.55409349771759,-2.7087453156770502,072300000de026ac0000,695.0,0.0,3.55,99.0,0
2022-12-24 05:06:58.922648+00:00,70B3D54991EB3BA5,ECHO #2,Echo,Crossden burn @ Greenford Farm,56.55409349771759,-2.7087453156770502,073100000dd026ac0000,681.0,0.0,3.54,99.0,0
2022-12-24 05:22:41.507552+00:00,70B3D54991EB3BA5,ECHO #2,Echo,Crossden burn @ Greenford Farm,56.55409349771759,-2.7087453156770502,071e00000dcc26ac0000,700.0,0.0,3.53,99.0,0
2022-12-24 05:38:22.963982+00:00,70B3D54991EB3BA5,ECHO #2,Echo,Crossden burn @ Greenford Farm,56.55409349771759,-2.7087453156770502,071a00000de426ac0000,704.0,0.0,3.56,99.0,0
2022-12-24 05:54:05.401619+00:00,70B3D54991EB3BA5,ECHO #2,Echo,Crossden burn @ Greenford Farm,56.55409349771759,-2.7087453156770502,072a00000dd026ac0000,688.0,0.0,3.54,99.0,0
2022-12-24 06:09:49.545378+00:00,70B3D54991EB3BA5,ECHO #2,Echo,Crossden burn @ Greenford Farm,56.55409349771759,-2.7087453156770502,072000000dec26ac0000,698.0,0.0,3.56,99.0,0
2022-12-24 06:25:33.498332+00:00,70B3D54991EB3BA5,ECHO #2,Echo,Crossden burn @ Greenford Farm,56.55409349771759,-2.7087453156770502,072a00000dc826ac0000,688.0,0.0,3.53,99.0,0
2022-12-24 06:41:16.567573+00:00,70B3D54991EB3BA5,ECHO #2,Echo,Crossden burn @ Greenford Farm,56.55409349771759,-2.7087453156770502,072c00000db426ac0000,686.0,0.0,3.51,99.0,0
2022-12-24 06:57:00.659740+00:00,70B3D54991EB3BA5,ECHO #2,Echo,Crossden burn @ Greenford Farm,56.55409349771759,-2.7087453156770502,073f00000ddc26ac0000,667.0,0.0,3.55,99.0,0
2022-12-24 07:12:44.188089+00:00,70B3D54991EB3BA5,ECHO #2,Echo,Crossden burn @ Greenford Farm,56.55409349771759,-2.7087453156770502,074500000dc426ac0000,661.0,0.0,3.52,99.0,0
2022-12-24 07:44:08.161904+00:00,70B3D54991EB3BA5,ECHO #2,Echo,Crossden burn @ Greenford Farm,56.55409349771759,-2.7087453156770502,075500000db426ac0000,645.0,0.0,3.51,99.0,0
2022-12-24 07:59:51.935375+00:00,70B3D54991EB3BA5,ECHO #2,Echo,Crossden burn @ Greenford Farm,56.55409349771759,-2.7087453156770502,075b00000dd826ac0000,639.0,0.0,3.54,99.0,0
2022-12-24 08:15:36.392813+00:00,70B3D54991EB3BA5,ECHO #2,Echo,Crossden burn @ Greenford Farm,56.55409349771759,-2.7087453156770502,075800000dc426ac0000,642.0,0.0,3.52,99.0,0
2022-12-24 08:31:20.223518+00:00,70B3D54991EB3BA5,ECHO #2,Echo,Crossden burn @ Greenford Farm,56.55409349771759,-2.7087453156770502,076400000df026ac0000,630.0,0.0,3.57,99.0,0
2022-12-24 08:47:04.294766+00:00,70B3D54991EB3BA5,ECHO #2,Echo,Crossden burn @ Greenford Farm,56.55409349771759,-2.7087453156770502,076b00000dcc26ac0000,623.0,0.0,3.53,99.0,0
2022-12-24 09:02:45.045778+00:00,70B3D54991EB3BA5,ECHO #2,Echo,Crossden burn @ Greenford Farm,56.55409349771759,-2.7087453156770502,076e00000de826ac0000,620.0,0.0,3.56,99.0,0
2022-12-24 09:34:09.897180+00:00,70B3D54991EB3BA5,ECHO #2,Echo,Crossden burn @ Greenford Farm,56.55409349771759,-2.7087453156770502,076b00000dec26ac0000,623.0,0.0,3.56,99.0,0
2022-12-24 09:49:53.331769+00:00,70B3D54991EB3BA5,ECHO #2,Echo,Crossden burn @ Greenford Farm,56.55409349771759,-2.7087453156770502,078e00000db426ac0000,588.0,0.0,3.51,99.0,0
2022-12-24 10:05:37.471112+00:00,70B3D54991EB3BA5,ECHO #2,Echo,Crossden burn @ Greenford Farm,56.55409349771759,-2.7087453156770502,079200000dd426ac0000,584.0,0.0,3.54,99.0,0
2022-12-24 10:21:18.124868+00:00,70B3D54991EB3BA5,ECHO #2,Echo,Crossden burn @ Greenford Farm,56.55409349771759,-2.7087453156770502,079400000dd826ac0000,582.0,0.0,3.54,99.0,0
2022-12-24 10:36:58.070166+00:00,70B3D54991EB3BA5,ECHO #2,Echo,Crossden burn @ Greenford Farm,56.55409349771759,-2.7087453156770502,079600000dd026ac0000,580.0,0.0,3.54,99.0,0
2022-12-24 10:52:41.903132+00:00,70B3D54991EB3BA5,ECHO #2,Echo,Crossden burn @ Greenford Farm,56.55409349771759,-2.7087453156770502,079d00000db026ac0000,573.0,0.0,3.5,99.0,0
2022-12-24 11:08:26.136787+00:00,70B3D54991EB3BA5,ECHO #2,Echo,Crossden burn @ Greenford Farm,56.55409349771759,-2.7087453156770502,079800000db426ac0000,578.0,0.0,3.51,99.0,0
2022-12-24 11:39:49.488374+00:00,70B3D54991EB3BA5,ECHO #2,Echo,Crossden burn @ Greenford Farm,56.55409349771759,-2.7087453156770502,079700000da026ac0000,579.0,0.0,3.49,99.0,0
2022-12-24 11:55:34.417546+00:00,70B3D54991EB3BA5,ECHO #2,Echo,Crossden burn @ Greenford Farm,56.55409349771759,-2.7087453156770502,07a800000db426ac0000,562.0,0.0,3.51,99.0,0
2022-12-24 12:11:14.446957+00:00,70B3D54991EB3BA5,ECHO #2,Echo,Crossden burn @ Greenford Farm,56.55409349771759,-2.7087453156770502,07a700000dcc26ac0000,563.0,0.0,3.53,99.0,0
2022-12-24 12:26:58.216420+00:00,70B3D54991EB3BA5,ECHO #2,Echo,Crossden burn @ Greenford Farm,56.55409349771759,-2.7087453156770502,07ae00000dec26ac0000,556.0,0.0,3.56,99.0,0
2022-12-24 12:42:41.087758+00:00,70B3D54991EB3BA5,ECHO #2,Echo,Crossden burn @ Greenford Farm,56.55409349771759,-2.7087453156770502,07ad00000dac26ac0000,557.0,0.0,3.5,99.0,0
2022-12-24 12:58:24.368020+00:00,70B3D54991EB3BA5,ECHO #2,Echo,Crossden burn @ Greenford Farm,56.55409349771759,-2.7087453156770502,07b900000de426ac0000,545.0,0.0,3.56,99.0,0
2022-12-24 13:14:07.931784+00:00,70B3D54991EB3BA5,ECHO #2,Echo,Crossden burn @ Greenford Farm,56.55409349771759,-2.7087453156770502,07b100000de826ac0000,553.0,0.0,3.56,99.0,0
2022-12-24 13:29:48.112586+00:00,70B3D54991EB3BA5,ECHO #2,Echo,Crossden burn @ Greenford Farm,56.55409349771759,-2.7087453156770502,07ae00000dd826ac0000,556.0,0.0,3.54,99.0,0
2022-12-24 13:45:30.370463+00:00,70B3D54991EB3BA5,ECHO #2,Echo,Crossden burn @ Greenford Farm,56.55409349771759,-2.7087453156770502,07b100000da826ac0000,553.0,0.0,3.5,99.0,0
2022-12-24 14:01:11.662076+00:00,70B3D54991EB3BA5,ECHO #2,Echo,Crossden burn @ Greenford Farm,56.55409349771759,-2.7087453156770502,07b100000db026ac0000,553.0,0.0,3.5,99.0,0
2022-12-24 14:16:55.293280+00:00,70B3D54991EB3BA5,ECHO #2,Echo,Crossden burn @ Greenford Farm,56.55409349771759,-2.7087453156770502,07b000000db026ac0000,554.0,0.0,3.5,99.0,0
2022-12-24 14:32:38.911946+00:00,70B3D54991EB3BA5,ECHO #2,Echo,Crossden burn @ Greenford Farm,56.55409349771759,-2.7087453156770502,07bc00000de426ac0000,542.0,0.0,3.56,99.0,0
2022-12-24 14:48:18.885287+00:00,70B3D54991EB3BA5,ECHO #2,Echo,Crossden burn @ Greenford Farm,56.55409349771759,-2.7087453156770502,07bf00000dc426ac0000,539.0,0.0,3.52,99.0,0
2022-12-24 15:04:02.980634+00:00,70B3D54991EB3BA5,ECHO #2,Echo,Crossden burn @ Greenford Farm,56.55409349771759,-2.7087453156770502,07c700000da026ac0000,531.0,0.0,3.49,99.0,0
2022-12-24 15:19:43.870962+00:00,70B3D54991EB3BA5,ECHO #2,Echo,Crossden burn @ Greenford Farm,56.55409349771759,-2.7087453156770502,07c400000dd026ac0000,534.0,0.0,3.54,99.0,0
2022-12-24 15:35:28.833501+00:00,70B3D54991EB3BA5,ECHO #2,Echo,Crossden burn @ Greenford Farm,56.55409349771759,-2.7087453156770502,07c900000dd826ac0000,529.0,0.0,3.54,99.0,0
2022-12-24 15:51:08.979988+00:00,70B3D54991EB3BA5,ECHO #2,Echo,Crossden burn @ Greenford Farm,56.55409349771759,-2.7087453156770502,07ca00000db426ac0000,528.0,0.0,3.51,99.0,0
2022-12-24 16:06:52.969616+00:00,70B3D54991EB3BA5,ECHO #2,Echo,Crossden burn @ Greenford Farm,56.55409349771759,-2.7087453156770502,07cf00000df426ac0000,523.0,0.0,3.57,99.0,0
2022-12-24 16:22:36.764174+00:00,70B3D54991EB3BA5,ECHO #2,Echo,Crossden burn @ Greenford Farm,56.55409349771759,-2.7087453156770502,07d800000dd826ac0000,514.0,0.0,3.54,99.0,0
2022-12-24 16:38:19.893655+00:00,70B3D54991EB3BA5,ECHO #2,Echo,Crossden burn @ Greenford Farm,56.55409349771759,-2.7087453156770502,07d500000dec26ac0000,517.0,0.0,3.56,99.0,0
2022-12-24 16:54:00.034845+00:00,70B3D54991EB3BA5,ECHO #2,Echo,Crossden burn @ Greenford Farm,56.55409349771759,-2.7087453156770502,07d700000dc426ac0000,515.0,0.0,3.52,99.0,0
2022-12-24 17:09:43.505479+00:00,70B3D54991EB3BA5,ECHO #2,Echo,Crossden burn @ Greenford Farm,56.55409349771759,-2.7087453156770502,07e400000dcc26ac0000,502.0,0.0,3.53,99.0,0
2022-12-24 17:25:27.165186+00:00,70B3D54991EB3BA5,ECHO #2,Echo,Crossden burn @ Greenford Farm,56.55409349771759,-2.7087453156770502,07df00000dcc26ac0000,507.0,0.0,3.53,99.0,0
2022-12-24 17:41:09.847480+00:00,70B3D54991EB3BA5,ECHO #2,Echo,Crossden burn @ Greenford Farm,56.55409349771759,-2.7087453156770502,07e300000ddc26ac0000,503.0,0.0,3.55,99.0,0
2022-12-24 17:56:50.421297+00:00,70B3D54991EB3BA5,ECHO #2,Echo,Crossden burn @ Greenford Farm,56.55409349771759,-2.7087453156770502,07e000000dd826ac0000,506.0,0.0,3.54,99.0,0
2022-12-24 18:12:31.890399+00:00,70B3D54991EB3BA5,ECHO #2,Echo,Crossden burn @ Greenford Farm,56.55409349771759,-2.7087453156770502,07de00000db026ac0000,508.0,0.0,3.5,99.0,0
2022-12-24 18:28:13.103571+00:00,70B3D54991EB3BA5,ECHO #2,Echo,Crossden burn @ Greenford Farm,56.55409349771759,-2.7087453156770502,07de00000ddc26ac0000,508.0,0.0,3.55,99.0,0
2022-12-24 18:43:53.840276+00:00,70B3D54991EB3BA5,ECHO #2,Echo,Crossden burn @ Greenford Farm,56.55409349771759,-2.7087453156770502,07e200000dc826ac0000,504.0,0.0,3.53,99.0,0
2022-12-24 18:59:34.169270+00:00,70B3D54991EB3BA5,ECHO #2,Echo,Crossden burn @ Greenford Farm,56.55409349771759,-2.7087453156770502,07de00000de826ac0000,508.0,0.0,3.56,99.0,0
2022-12-24 19:15:16.597960+00:00,70B3D54991EB3BA5,ECHO #2,Echo,Crossden burn @ Greenford Farm,56.55409349771759,-2.7087453156770502,07db00000db426ac0000,511.0,0.0,3.51,99.0,0
2022-12-24 19:31:00.760219+00:00,70B3D54991EB3BA5,ECHO #2,Echo,Crossden burn @ Greenford Farm,56.55409349771759,-2.7087453156770502,07cd00000dc826ac0000,525.0,0.0,3.53,99.0,0
2022-12-24 19:46:45.840444+00:00,70B3D54991EB3BA5,ECHO #2,Echo,Crossden burn @ Greenford Farm,56.55409349771759,-2.7087453156770502,07c500000de826ac0000,533.0,0.0,3.56,99.0,0
2022-12-24 20:02:28.326875+00:00,70B3D54991EB3BA5,ECHO #2,Echo,Crossden burn @ Greenford Farm,56.55409349771759,-2.7087453156770502,07c400000df026ac0000,534.0,0.0,3.57,99.0,0
2022-12-24 20:18:12.190796+00:00,70B3D54991EB3BA5,ECHO #2,Echo,Crossden burn @ Greenford Farm,56.55409349771759,-2.7087453156770502,07bb00000dd026ac0000,543.0,0.0,3.54,99.0,0
2022-12-24 20:33:52.535393+00:00,70B3D54991EB3BA5,ECHO #2,Echo,Crossden burn @ Greenford Farm,56.55409349771759,-2.7087453156770502,07b700000dc426ac0000,547.0,0.0,3.52,99.0,0
2022-12-24 20:49:36.244218+00:00,70B3D54991EB3BA5,ECHO #2,Echo,Crossden burn @ Greenford Farm,56.55409349771759,-2.7087453156770502,07aa00000dcc26ac0000,560.0,0.0,3.53,99.0,0
2022-12-24 21:05:20.014463+00:00,70B3D54991EB3BA5,ECHO #2,Echo,Crossden burn @ Greenford Farm,56.55409349771759,-2.7087453156770502,07b300000dd826ac0000,551.0,0.0,3.54,99.0,0
2022-12-24 21:21:03.298809+00:00,70B3D54991EB3BA5,ECHO #2,Echo,Crossden burn @ Greenford Farm,56.55409349771759,-2.7087453156770502,07a400000dcc26ac0000,566.0,0.0,3.53,99.0,0
2022-12-24 21:36:43.730727+00:00,70B3D54991EB3BA5,ECHO #2,Echo,Crossden burn @ Greenford Farm,56.55409349771759,-2.7087453156770502,07a200000db026ac0000,568.0,0.0,3.5,99.0,0
2022-12-24 21:52:27.821336+00:00,70B3D54991EB3BA5,ECHO #2,Echo,Crossden burn @ Greenford Farm,56.55409349771759,-2.7087453156770502,079b00000dec26ac0000,575.0,0.0,3.56,99.0,0
2022-12-24 22:08:11.016566+00:00,70B3D54991EB3BA5,ECHO #2,Echo,Crossden burn @ Greenford Farm,56.55409349771759,-2.7087453156770502,079900000dd826ac0000,577.0,0.0,3.54,99.0,0
2022-12-24 22:23:53.586122+00:00,70B3D54991EB3BA5,ECHO #2,Echo,Crossden burn @ Greenford Farm,56.55409349771759,-2.7087453156770502,079800000dcc26ac0000,578.0,0.0,3.53,99.0,0
2022-12-24 22:39:36.128084+00:00,70B3D54991EB3BA5,ECHO #2,Echo,Crossden burn @ Greenford Farm,56.55409349771759,-2.7087453156770502,079a00000db426ac0000,576.0,0.0,3.51,99.0,0
2022-12-24 22:55:16.679012+00:00,70B3D54991EB3BA5,ECHO #2,Echo,Crossden burn @ Greenford Farm,56.55409349771759,-2.7087453156770502,079900000ddc26ac0000,577.0,0.0,3.55,99.0,0
2022-12-24 23:10:57.746117+00:00,70B3D54991EB3BA5,ECHO #2,Echo,Crossden burn @ Greenford Farm,56.55409349771759,-2.7087453156770502,079c00000de026ac0000,574.0,0.0,3.55,99.0,0
2022-12-24 23:26:37.824180+00:00,70B3D54991EB3BA5,ECHO #2,Echo,Crossden burn @ Greenford Farm,56.55409349771759,-2.7087453156770502,079c00000db426ac0000,574.0,0.0,3.51,99.0,0
2022-12-24 23:42:21.538044+00:00,70B3D54991EB3BA5,ECHO #2,Echo,Crossden burn @ Greenford Farm,56.55409349771759,-2.7087453156770502,07a400000dd026ac0000,566.0,0.0,3.54,99.0,0
2022-12-24 23:58:01.996318+00:00,70B3D54991EB3BA5,ECHO #2,Echo,Crossden burn @ Greenford Farm,56.55409349771759,-2.7087453156770502,07a400000de426ac0000,566.0,0.0,3.56,99.0,0
2022-12-25 00:13:45.482202+00:00,70B3D54991EB3BA5,ECHO #2,Echo,Crossden burn @ Greenford Farm,56.55409349771759,-2.7087453156770502,07b300000dc826ac0000,551.0,0.0,3.53,99.0,0
2022-12-25 00:29:26.277427+00:00,70B3D54991EB3BA5,ECHO #2,Echo,Crossden burn @ Greenford Farm,56.55409349771759,-2.7087453156770502,07b400000db426ac0000,550.0,0.0,3.51,99.0,0
2022-12-25 00:45:10.184183+00:00,70B3D54991EB3BA5,ECHO #2,Echo,Crossden burn @ Greenford Farm,56.55409349771759,-2.7087453156770502,079f00000de426ac0000,571.0,0.0,3.56,99.0,0
2022-12-25 01:00:53.832022+00:00,70B3D54991EB3BA5,ECHO #2,Echo,Crossden burn @ Greenford Farm,56.55409349771759,-2.7087453156770502,07ac00000de026ac0000,558.0,0.0,3.55,99.0,0
2022-12-25 01:16:37.428325+00:00,70B3D54991EB3BA5,ECHO #2,Echo,Crossden burn @ Greenford Farm,56.55409349771759,-2.7087453156770502,07b200000dc426ac0000,552.0,0.0,3.52,99.0,0
2022-12-25 01:32:19.314643+00:00,70B3D54991EB3BA5,ECHO #2,Echo,Crossden burn @ Greenford Farm,56.55409349771759,-2.7087453156770502,07b000000de826ac0000,554.0,0.0,3.56,99.0,0
2022-12-25 01:47:59.536814+00:00,70B3D54991EB3BA5,ECHO #2,Echo,Crossden burn @ Greenford Farm,56.55409349771759,-2.7087453156770502,07ae00000db426ac0000,556.0,0.0,3.51,99.0,0
2022-12-25 02:03:39.474731+00:00,70B3D54991EB3BA5,ECHO #2,Echo,Crossden burn @ Greenford Farm,56.55409349771759,-2.7087453156770502,07af00000dc826ac0000,555.0,0.0,3.53,99.0,0
2022-12-25 02:19:22.841061+00:00,70B3D54991EB3BA5,ECHO #2,Echo,Crossden burn @ Greenford Farm,56.55409349771759,-2.7087453156770502,07c000000db026ac0000,538.0,0.0,3.5,99.0,0
2022-12-25 02:35:05.951895+00:00,70B3D54991EB3BA5,ECHO #2,Echo,Crossden burn @ Greenford Farm,56.55409349771759,-2.7087453156770502,07b200000dec26ac0000,552.0,0.0,3.56,99.0,0
2022-12-25 02:50:46.202995+00:00,70B3D54991EB3BA5,ECHO #2,Echo,Crossden burn @ Greenford Farm,56.55409349771759,-2.7087453156770502,07b600000de826ac0000,548.0,0.0,3.56,99.0,0
2022-12-25 03:06:29.882605+00:00,70B3D54991EB3BA5,ECHO #2,Echo,Crossden burn @ Greenford Farm,56.55409349771759,-2.7087453156770502,07bd00000ddc26ac0000,541.0,0.0,3.55,99.0,0
2022-12-25 03:22:14.232291+00:00,70B3D54991EB3BA5,ECHO #2,Echo,Crossden burn @ Greenford Farm,56.55409349771759,-2.7087453156770502,07c400000db026ac0000,534.0,0.0,3.5,99.0,0
2022-12-25 03:37:59.449995+00:00,70B3D54991EB3BA5,ECHO #2,Echo,Crossden burn @ Greenford Farm,56.55409349771759,-2.7087453156770502,07d400000ddc26ac0000,518.0,0.0,3.55,99.0,0
2022-12-25 03:53:43.129651+00:00,70B3D54991EB3BA5,ECHO #2,Echo,Crossden burn @ Greenford Farm,56.55409349771759,-2.7087453156770502,07cf00000ddc26ac0000,523.0,0.0,3.55,99.0,0
2022-12-25 04:09:24.241163+00:00,70B3D54991EB3BA5,ECHO #2,Echo,Crossden burn @ Greenford Farm,56.55409349771759,-2.7087453156770502,07cd00000dcc26ac0000,525.0,0.0,3.53,99.0,0
2022-12-25 04:25:08.545526+00:00,70B3D54991EB3BA5,ECHO #2,Echo,Crossden burn @ Greenford Farm,56.55409349771759,-2.7087453156770502,07d800000dcc26ac0000,514.0,0.0,3.53,99.0,0
2022-12-25 04:40:51.105148+00:00,70B3D54991EB3BA5,ECHO #2,Echo,Crossden burn @ Greenford Farm,56.55409349771759,-2.7087453156770502,07d400000db426ac0000,518.0,0.0,3.51,99.0,0
2022-12-25 04:56:31.601716+00:00,70B3D54991EB3BA5,ECHO #2,Echo,Crossden burn @ Greenford Farm,56.55409349771759,-2.7087453156770502,07d300000dd426ac0000,519.0,0.0,3.54,99.0,0
2022-12-25 05:12:15.103747+00:00,70B3D54991EB3BA5,ECHO #2,Echo,Crossden burn @ Greenford Farm,56.55409349771759,-2.7087453156770502,07df00000dcc26ac0000,507.0,0.0,3.53,99.0,0
2022-12-25 05:27:58.923305+00:00,70B3D54991EB3BA5,ECHO #2,Echo,Crossden burn @ Greenford Farm,56.55409349771759,-2.7087453156770502,07d500000db426ac0000,517.0,0.0,3.51,99.0,0
2022-12-25 05:43:42.215196+00:00,70B3D54991EB3BA5,ECHO #2,Echo,Crossden burn @ Greenford Farm,56.55409349771759,-2.7087453156770502,07e500000de026ac0000,501.0,0.0,3.55,99.0,0
2022-12-25 05:59:26.139149+00:00,70B3D54991EB3BA5,ECHO #2,Echo,Crossden burn @ Greenford Farm,56.55409349771759,-2.7087453156770502,07df00000dd026ac0000,507.0,0.0,3.54,99.0,0
2022-12-25 06:15:10.573546+00:00,70B3D54991EB3BA5,ECHO #2,Echo,Crossden burn @ Greenford Farm,56.55409349771759,-2.7087453156770502,07e500000dec26ac0000,501.0,0.0,3.56,99.0,0
2022-12-25 06:30:51.348153+00:00,70B3D54991EB3BA5,ECHO #2,Echo,Crossden burn @ Greenford Farm,56.55409349771759,-2.7087453156770502,07e300000de426ac0000,503.0,0.0,3.56,99.0,0
2022-12-25 06:46:34.949802+00:00,70B3D54991EB3BA5,ECHO #2,Echo,Crossden burn @ Greenford Farm,56.55409349771759,-2.7087453156770502,07eb00000dd826ac0000,495.0,0.0,3.54,99.0,0
2022-12-25 07:02:16.299975+00:00,70B3D54991EB3BA5,ECHO #2,Echo,Crossden burn @ Greenford Farm,56.55409349771759,-2.7087453156770502,07ea00000dec26ac0000,496.0,0.0,3.56,99.0,0
2022-12-25 07:17:56.988107+00:00,70B3D54991EB3BA5,ECHO #2,Echo,Crossden burn @ Greenford Farm,56.55409349771759,-2.7087453156770502,07eb00000dec26ac0000,495.0,0.0,3.56,99.0,0
2022-12-25 07:49:19.321421+00:00,70B3D54991EB3BA5,ECHO #2,Echo,Crossden burn @ Greenford Farm,56.55409349771759,-2.7087453156770502,07ef00000ddc26ac0000,491.0,0.0,3.55,99.0,0
2022-12-25 08:05:01.513586+00:00,70B3D54991EB3BA5,ECHO #2,Echo,Crossden burn @ Greenford Farm,56.55409349771759,-2.7087453156770502,07f100000dec26ac0000,489.0,0.0,3.56,99.0,0
2022-12-25 08:20:42.345447+00:00,70B3D54991EB3BA5,ECHO #2,Echo,Crossden burn @ Greenford Farm,56.55409349771759,-2.7087453156770502,07f100000de426ac0000,489.0,0.0,3.56,99.0,0
2022-12-25 08:36:22.596053+00:00,70B3D54991EB3BA5,ECHO #2,Echo,Crossden burn @ Greenford Farm,56.55409349771759,-2.7087453156770502,07f400000dec26ac0000,486.0,0.0,3.56,99.0,0
2022-12-25 08:52:03.295693+00:00,70B3D54991EB3BA5,ECHO #2,Echo,Crossden burn @ Greenford Farm,56.55409349771759,-2.7087453156770502,07f800000dd826ac0000,482.0,0.0,3.54,99.0,0
2022-12-25 09:07:44.326522+00:00,70B3D54991EB3BA5,ECHO #2,Echo,Crossden burn @ Greenford Farm,56.55409349771759,-2.7087453156770502,07fc00000de026ac0000,478.0,0.0,3.55,99.0,0
2022-12-25 09:23:26.173453+00:00,70B3D54991EB3BA5,ECHO #2,Echo,Crossden burn @ Greenford Farm,56.55409349771759,-2.7087453156770502,07fa00000ddc26ac0000,480.0,0.0,3.55,99.0,0
2022-12-25 09:39:06.734712+00:00,70B3D54991EB3BA5,ECHO #2,Echo,Crossden burn @ Greenford Farm,56.55409349771759,-2.7087453156770502,07fd00000dd826ac0000,477.0,0.0,3.54,99.0,0
2022-12-25 09:54:49.840609+00:00,70B3D54991EB3BA5,ECHO #2,Echo,Crossden burn @ Greenford Farm,56.55409349771759,-2.7087453156770502,07fd00000dd426ac0000,477.0,0.0,3.54,99.0,0
2022-12-25 10:10:31.680737+00:00,70B3D54991EB3BA5,ECHO #2,Echo,Crossden burn @ Greenford Farm,56.55409349771759,-2.7087453156770502,080100000dd826ac0000,473.0,0.0,3.54,99.0,0
2022-12-25 10:26:12.753095+00:00,70B3D54991EB3BA5,ECHO #2,Echo,Crossden burn @ Greenford Farm,56.55409349771759,-2.7087453156770502,080200000de426ac0000,472.0,0.0,3.56,99.0,0
2022-12-25 10:41:53.819746+00:00,70B3D54991EB3BA5,ECHO #2,Echo,Crossden burn @ Greenford Farm,56.55409349771759,-2.7087453156770502,080300000dcc26ac0000,471.0,0.0,3.53,99.0,0
2022-12-25 10:57:34.808063+00:00,70B3D54991EB3BA5,ECHO #2,Echo,Crossden burn @ Greenford Farm,56.55409349771759,-2.7087453156770502,080000000db426ac0000,474.0,0.0,3.51,99.0,0
2022-12-25 11:13:15.752726+00:00,70B3D54991EB3BA5,ECHO #2,Echo,Crossden burn @ Greenford Farm,56.55409349771759,-2.7087453156770502,080400000dec26ac0000,470.0,0.0,3.56,99.0,0
2022-12-25 11:28:56.292287+00:00,70B3D54991EB3BA5,ECHO #2,Echo,Crossden burn @ Greenford Farm,56.55409349771759,-2.7087453156770502,080600000df426ac0000,468.0,0.0,3.57,99.0,0
2022-12-25 11:44:41.371939+00:00,70B3D54991EB3BA5,ECHO #2,Echo,Crossden burn @ Greenford Farm,56.55409349771759,-2.7087453156770502,080900000ddc26ac0000,465.0,0.0,3.55,99.0,0
2022-12-25 12:00:22.289763+00:00,70B3D54991EB3BA5,ECHO #2,Echo,Crossden burn @ Greenford Farm,56.55409349771759,-2.7087453156770502,080b00000dc426ac0000,463.0,0.0,3.52,99.0,0
2022-12-25 12:16:03.054805+00:00,70B3D54991EB3BA5,ECHO #2,Echo,Crossden burn @ Greenford Farm,56.55409349771759,-2.7087453156770502,080f00000de426ac0000,459.0,0.0,3.56,99.0,0
2022-12-25 12:31:47.238652+00:00,70B3D54991EB3BA5,ECHO #2,Echo,Crossden burn @ Greenford Farm,56.55409349771759,-2.7087453156770502,080f00000df426ac0000,459.0,0.0,3.57,99.0,0
2022-12-25 12:47:28.172056+00:00,70B3D54991EB3BA5,ECHO #2,Echo,Crossden burn @ Greenford Farm,56.55409349771759,-2.7087453156770502,081300000dcc26ac0000,455.0,0.0,3.53,99.0,0
2022-12-25 13:03:06.838470+00:00,70B3D54991EB3BA5,ECHO #2,Echo,Crossden burn @ Greenford Farm,56.55409349771759,-2.7087453156770502,081500000de826ac0000,453.0,0.0,3.56,99.0,0
2022-12-25 13:18:48.243247+00:00,70B3D54991EB3BA5,ECHO #2,Echo,Crossden burn @ Greenford Farm,56.55409349771759,-2.7087453156770502,081100000dac26ac0000,457.0,0.0,3.5,99.0,0
2022-12-25 13:34:30.737693+00:00,70B3D54991EB3BA5,ECHO #2,Echo,Crossden burn @ Greenford Farm,56.55409349771759,-2.7087453156770502,081400000da826ac0000,454.0,0.0,3.5,99.0,0
2022-12-25 13:50:10.820115+00:00,70B3D54991EB3BA5,ECHO #2,Echo,Crossden burn @ Greenford Farm,56.55409349771759,-2.7087453156770502,081200000ddc26ac0000,456.0,0.0,3.55,99.0,0
2022-12-25 14:05:51.119682+00:00,70B3D54991EB3BA5,ECHO #2,Echo,Crossden burn @ Greenford Farm,56.55409349771759,-2.7087453156770502,080e00000dc826ac0000,460.0,0.0,3.53,99.0,0
2022-12-25 14:21:33.013528+00:00,70B3D54991EB3BA5,ECHO #2,Echo,Crossden burn @ Greenford Farm,56.55409349771759,-2.7087453156770502,080a00000de026ac0000,464.0,0.0,3.55,99.0,0
2022-12-25 14:37:16.365368+00:00,70B3D54991EB3BA5,ECHO #2,Echo,Crossden burn @ Greenford Farm,56.55409349771759,-2.7087453156770502,081500000dec26ac0000,453.0,0.0,3.56,99.0,0
2022-12-25 15:08:38.500890+00:00,70B3D54991EB3BA5,ECHO #2,Echo,Crossden burn @ Greenford Farm,56.55409349771759,-2.7087453156770502,081500000da826ac0000,453.0,0.0,3.5,99.0,0
2022-12-25 15:24:19.041899+00:00,70B3D54991EB3BA5,ECHO #2,Echo,Crossden burn @ Greenford Farm,56.55409349771759,-2.7087453156770502,081600000dd826ac0000,452.0,0.0,3.54,99.0,0
2022-12-25 15:40:00.162764+00:00,70B3D54991EB3BA5,ECHO #2,Echo,Crossden burn @ Greenford Farm,56.55409349771759,-2.7087453156770502,081600000dc426ac0000,452.0,0.0,3.52,99.0,0
2022-12-25 15:55:42.755450+00:00,70B3D54991EB3BA5,ECHO #2,Echo,Crossden burn @ Greenford Farm,56.55409349771759,-2.7087453156770502,081900000db026ac0000,449.0,0.0,3.5,99.0,0
2022-12-25 16:11:25.159702+00:00,70B3D54991EB3BA5,ECHO #2,Echo,Crossden burn @ Greenford Farm,56.55409349771759,-2.7087453156770502,081b00000da826ac0000,447.0,0.0,3.5,99.0,0
2022-12-25 16:27:06.052009+00:00,70B3D54991EB3BA5,ECHO #2,Echo,Crossden burn @ Greenford Farm,56.55409349771759,-2.7087453156770502,081d00000de826ac0000,445.0,0.0,3.56,99.0,0
2022-12-25 16:42:46.856787+00:00,70B3D54991EB3BA5,ECHO #2,Echo,Crossden burn @ Greenford Farm,56.55409349771759,-2.7087453156770502,081e00000de426ac0000,444.0,0.0,3.56,99.0,0
2022-12-25 16:58:30.600758+00:00,70B3D54991EB3BA5,ECHO #2,Echo,Crossden burn @ Greenford Farm,56.55409349771759,-2.7087453156770502,081900000de026ac0000,449.0,0.0,3.55,99.0,0
2022-12-25 17:14:11.898405+00:00,70B3D54991EB3BA5,ECHO #2,Echo,Crossden burn @ Greenford Farm,56.55409349771759,-2.7087453156770502,081d00000db426ac0000,445.0,0.0,3.51,99.0,0
2022-12-25 17:29:52.630643+00:00,70B3D54991EB3BA5,ECHO #2,Echo,Crossden burn @ Greenford Farm,56.55409349771759,-2.7087453156770502,081b00000de026ac0000,447.0,0.0,3.55,99.0,0
2022-12-25 17:45:32.946303+00:00,70B3D54991EB3BA5,ECHO #2,Echo,Crossden burn @ Greenford Farm,56.55409349771759,-2.7087453156770502,081f00000de026ac0000,443.0,0.0,3.55,99.0,0
2022-12-25 18:01:13.379495+00:00,70B3D54991EB3BA5,ECHO #2,Echo,Crossden burn @ Greenford Farm,56.55409349771759,-2.7087453156770502,082000000db026ac0000,442.0,0.0,3.5,99.0,0
2022-12-25 18:16:53.823504+00:00,70B3D54991EB3BA5,ECHO #2,Echo,Crossden burn @ Greenford Farm,56.55409349771759,-2.7087453156770502,082100000dd826ac0000,441.0,0.0,3.54,99.0,0
2022-12-25 18:32:34.509168+00:00,70B3D54991EB3BA5,ECHO #2,Echo,Crossden burn @ Greenford Farm,56.55409349771759,-2.7087453156770502,081e00000de026ac0000,444.0,0.0,3.55,99.0,0
2022-12-25 18:48:14.764935+00:00,70B3D54991EB3BA5,ECHO #2,Echo,Crossden burn @ Greenford Farm,56.55409349771759,-2.7087453156770502,081f00000de426ac0000,443.0,0.0,3.56,99.0,0
2022-12-25 19:03:55.312936+00:00,70B3D54991EB3BA5,ECHO #2,Echo,Crossden burn @ Greenford Farm,56.55409349771759,-2.7087453156770502,082300000de026ac0000,439.0,0.0,3.55,99.0,0
2022-12-25 19:19:35.444961+00:00,70B3D54991EB3BA5,ECHO #2,Echo,Crossden burn @ Greenford Farm,56.55409349771759,-2.7087453156770502,082400000db026ac0000,438.0,0.0,3.5,99.0,0
2022-12-25 19:35:15.967366+00:00,70B3D54991EB3BA5,ECHO #2,Echo,Crossden burn @ Greenford Farm,56.55409349771759,-2.7087453156770502,082500000dc426ac0000,437.0,0.0,3.52,99.0,0
2022-12-25 19:50:56.664607+00:00,70B3D54991EB3BA5,ECHO #2,Echo,Crossden burn @ Greenford Farm,56.55409349771759,-2.7087453156770502,082700000de826ac0000,435.0,0.0,3.56,99.0,0
2022-12-25 20:06:40.531795+00:00,70B3D54991EB3BA5,ECHO #2,Echo,Crossden burn @ Greenford Farm,56.55409349771759,-2.7087453156770502,082200000ddc26ac0000,440.0,0.0,3.55,99.0,0
2022-12-25 20:22:21.825783+00:00,70B3D54991EB3BA5,ECHO #2,Echo,Crossden burn @ Greenford Farm,56.55409349771759,-2.7087453156770502,082300000ddc26ac0000,439.0,0.0,3.55,99.0,0
2022-12-25 20:38:02.273195+00:00,70B3D54991EB3BA5,ECHO #2,Echo,Crossden burn @ Greenford Farm,56.55409349771759,-2.7087453156770502,082100000da826ac0000,441.0,0.0,3.5,99.0,0
2022-12-25 20:53:43.395778+00:00,70B3D54991EB3BA5,ECHO #2,Echo,Crossden burn @ Greenford Farm,56.55409349771759,-2.7087453156770502,082100000de826ac0000,441.0,0.0,3.56,99.0,0
2022-12-25 21:09:25.817367+00:00,70B3D54991EB3BA5,ECHO #2,Echo,Crossden burn @ Greenford Farm,56.55409349771759,-2.7087453156770502,081500000dcc26ac0000,453.0,0.0,3.53,99.0,0
2022-12-25 21:25:08.248969+00:00,70B3D54991EB3BA5,ECHO #2,Echo,Crossden burn @ Greenford Farm,56.55409349771759,-2.7087453156770502,080800000dac26ac0000,466.0,0.0,3.5,99.0,0
2022-12-25 21:40:51.279802+00:00,70B3D54991EB3BA5,ECHO #2,Echo,Crossden burn @ Greenford Farm,56.55409349771759,-2.7087453156770502,07f100000da426ac0000,489.0,0.0,3.49,99.0,0
2022-12-25 21:56:34.974470+00:00,70B3D54991EB3BA5,ECHO #2,Echo,Crossden burn @ Greenford Farm,56.55409349771759,-2.7087453156770502,07dd00000db426ac0000,509.0,0.0,3.51,99.0,0
2022-12-25 22:12:18.646571+00:00,70B3D54991EB3BA5,ECHO #2,Echo,Crossden burn @ Greenford Farm,56.55409349771759,-2.7087453156770502,07cd00000da826ac0000,525.0,0.0,3.5,99.0,0
2022-12-25 22:28:03.652090+00:00,70B3D54991EB3BA5,ECHO #2,Echo,Crossden burn @ Greenford Farm,56.55409349771759,-2.7087453156770502,07b600000da426ac0000,548.0,0.0,3.49,99.0,0
2022-12-25 22:43:46.672160+00:00,70B3D54991EB3BA5,ECHO #2,Echo,Crossden burn @ Greenford Farm,56.55409349771759,-2.7087453156770502,07b100000da826ac0000,553.0,0.0,3.5,99.0,0
2022-12-25 22:59:30.288438+00:00,70B3D54991EB3BA5,ECHO #2,Echo,Crossden burn @ Greenford Farm,56.55409349771759,-2.7087453156770502,079f00000db426ac0000,571.0,0.0,3.51,99.0,0
2022-12-25 23:15:14.291340+00:00,70B3D54991EB3BA5,ECHO #2,Echo,Crossden burn @ Greenford Farm,56.55409349771759,-2.7087453156770502,079a00000dd026ac0000,576.0,0.0,3.54,99.0,0
2022-12-25 23:30:57.724094+00:00,70B3D54991EB3BA5,ECHO #2,Echo,Crossden burn @ Greenford Farm,56.55409349771759,-2.7087453156770502,079400000dcc26ac0000,582.0,0.0,3.53,99.0,0
2022-12-25 23:46:38.107885+00:00,70B3D54991EB3BA5,ECHO #2,Echo,Crossden burn @ Greenford Farm,56.55409349771759,-2.7087453156770502,079800000dc426ac0000,578.0,0.0,3.52,99.0,0
2022-12-26 00:02:20.822422+00:00,70B3D54991EB3BA5,ECHO #2,Echo,Crossden burn @ Greenford Farm,56.55409349771759,-2.7087453156770502,079500000da826ac0000,581.0,0.0,3.5,99.0,0
2022-12-26 00:18:00.572857+00:00,70B3D54991EB3BA5,ECHO #2,Echo,Crossden burn @ Greenford Farm,56.55409349771759,-2.7087453156770502,079500000dd826ac0000,581.0,0.0,3.54,99.0,0
2022-12-26 00:33:42.713939+00:00,70B3D54991EB3BA5,ECHO #2,Echo,Crossden burn @ Greenford Farm,56.55409349771759,-2.7087453156770502,079300000db426ac0000,583.0,0.0,3.51,99.0,0
2022-12-26 00:49:23.932233+00:00,70B3D54991EB3BA5,ECHO #2,Echo,Crossden burn @ Greenford Farm,56.55409349771759,-2.7087453156770502,079600000db026ac0000,580.0,0.0,3.5,99.0,0
2022-12-26 01:05:07.529985+00:00,70B3D54991EB3BA5,ECHO #2,Echo,Crossden burn @ Greenford Farm,56.55409349771759,-2.7087453156770502,07a400000dc826ac0000,566.0,0.0,3.53,99.0,0
2022-12-26 01:20:50.754083+00:00,70B3D54991EB3BA5,ECHO #2,Echo,Crossden burn @ Greenford Farm,56.55409349771759,-2.7087453156770502,079c00000dd826ac0000,574.0,0.0,3.54,99.0,0
2022-12-26 01:36:31.182505+00:00,70B3D54991EB3BA5,ECHO #2,Echo,Crossden burn @ Greenford Farm,56.55409349771759,-2.7087453156770502,079e00000dd826ac0000,572.0,0.0,3.54,99.0,0
2022-12-26 01:52:16.194485+00:00,70B3D54991EB3BA5,ECHO #2,Echo,Crossden burn @ Greenford Farm,56.55409349771759,-2.7087453156770502,07af00000db426ac0000,555.0,0.0,3.51,99.0,0
2022-12-26 02:07:56.799895+00:00,70B3D54991EB3BA5,ECHO #2,Echo,Crossden burn @ Greenford Farm,56.55409349771759,-2.7087453156770502,07af00000dc026ac0000,555.0,0.0,3.52,99.0,0
2022-12-26 02:23:40.344806+00:00,70B3D54991EB3BA5,ECHO #2,Echo,Crossden burn @ Greenford Farm,56.55409349771759,-2.7087453156770502,07b300000da426ac0000,551.0,0.0,3.49,99.0,0
2022-12-26 02:39:23.240869+00:00,70B3D54991EB3BA5,ECHO #2,Echo,Crossden burn @ Greenford Farm,56.55409349771759,-2.7087453156770502,07b600000db026ac0000,548.0,0.0,3.5,99.0,0
2022-12-26 02:55:06.599657+00:00,70B3D54991EB3BA5,ECHO #2,Echo,Crossden burn @ Greenford Farm,56.55409349771759,-2.7087453156770502,07af00000dd026ac0000,555.0,0.0,3.54,99.0,0
2022-12-26 03:10:47.604510+00:00,70B3D54991EB3BA5,ECHO #2,Echo,Crossden burn @ Greenford Farm,56.55409349771759,-2.7087453156770502,07b300000da426ac0000,551.0,0.0,3.49,99.0,0
2022-12-26 03:26:30.550885+00:00,70B3D54991EB3BA5,ECHO #2,Echo,Crossden burn @ Greenford Farm,56.55409349771759,-2.7087453156770502,07b600000dd026ac0000,548.0,0.0,3.54,99.0,0
2022-12-26 03:42:11.809773+00:00,70B3D54991EB3BA5,ECHO #2,Echo,Crossden burn @ Greenford Farm,56.55409349771759,-2.7087453156770502,07b800000dcc26ac0000,546.0,0.0,3.53,99.0,0
2022-12-26 03:57:56.060794+00:00,70B3D54991EB3BA5,ECHO #2,Echo,Crossden burn @ Greenford Farm,56.55409349771759,-2.7087453156770502,07c600000dc426ac0000,532.0,0.0,3.52,99.0,0
2022-12-26 04:13:36.059332+00:00,70B3D54991EB3BA5,ECHO #2,Echo,Crossden burn @ Greenford Farm,56.55409349771759,-2.7087453156770502,07c300000dc426ac0000,535.0,0.0,3.52,99.0,0
2022-12-26 04:29:18.960301+00:00,70B3D54991EB3BA5,ECHO #2,Echo,Crossden burn @ Greenford Farm,56.55409349771759,-2.7087453156770502,07c600000da026ac0000,532.0,0.0,3.49,99.0,0
2022-12-26 04:45:02.539667+00:00,70B3D54991EB3BA5,ECHO #2,Echo,Crossden burn @ Greenford Farm,56.55409349771759,-2.7087453156770502,07ce00000db426ac0000,524.0,0.0,3.51,99.0,0
2022-12-26 05:00:43.368957+00:00,70B3D54991EB3BA5,ECHO #2,Echo,Crossden burn @ Greenford Farm,56.55409349771759,-2.7087453156770502,07d200000da826ac0000,520.0,0.0,3.5,99.0,0
2022-12-26 05:16:24.190228+00:00,70B3D54991EB3BA5,ECHO #2,Echo,Crossden burn @ Greenford Farm,56.55409349771759,-2.7087453156770502,07d600000dc426ac0000,516.0,0.0,3.52,99.0,0
2022-12-26 05:32:08.486468+00:00,70B3D54991EB3BA5,ECHO #2,Echo,Crossden burn @ Greenford Farm,56.55409349771759,-2.7087453156770502,07dd00000db026ac0000,509.0,0.0,3.5,99.0,0
2022-12-26 05:47:49.730968+00:00,70B3D54991EB3BA5,ECHO #2,Echo,Crossden burn @ Greenford Farm,56.55409349771759,-2.7087453156770502,07da00000dc826ac0000,512.0,0.0,3.53,99.0,0
2022-12-26 06:03:30.367355+00:00,70B3D54991EB3BA5,ECHO #2,Echo,Crossden burn @ Greenford Farm,56.55409349771759,-2.7087453156770502,07dc00000dd026ac0000,510.0,0.0,3.54,99.0,0
2022-12-26 06:34:57.651892+00:00,70B3D54991EB3BA5,ECHO #2,Echo,Crossden burn @ Greenford Farm,56.55409349771759,-2.7087453156770502,07de00000dcc26ac0000,508.0,0.0,3.53,99.0,0
2022-12-26 06:50:41.905308+00:00,70B3D54991EB3BA5,ECHO #2,Echo,Crossden burn @ Greenford Farm,56.55409349771759,-2.7087453156770502,07e300000dd026ac0000,503.0,0.0,3.54,99.0,0
2022-12-26 07:06:26.586417+00:00,70B3D54991EB3BA5,ECHO #2,Echo,Crossden burn @ Greenford Farm,56.55409349771759,-2.7087453156770502,07f100000dcc26ac0000,489.0,0.0,3.53,99.0,0
2022-12-26 07:22:07.185284+00:00,70B3D54991EB3BA5,ECHO #2,Echo,Crossden burn @ Greenford Farm,56.55409349771759,-2.7087453156770502,07ef00000db426ac0000,491.0,0.0,3.51,99.0,0
2022-12-26 07:37:50.989737+00:00,70B3D54991EB3BA5,ECHO #2,Echo,Crossden burn @ Greenford Farm,56.55409349771759,-2.7087453156770502,07f600000dd426ac0000,484.0,0.0,3.54,99.0,0
2022-12-26 07:53:31.548997+00:00,70B3D54991EB3BA5,ECHO #2,Echo,Crossden burn @ Greenford Farm,56.55409349771759,-2.7087453156770502,07f700000da826ac0000,483.0,0.0,3.5,99.0,0
2022-12-26 08:24:52.110865+00:00,70B3D54991EB3BA5,ECHO #2,Echo,Crossden burn @ Greenford Farm,56.55409349771759,-2.7087453156770502,07fb00000dd826ac0000,479.0,0.0,3.54,99.0,0
2022-12-26 08:40:32.681295+00:00,70B3D54991EB3BA5,ECHO #2,Echo,Crossden burn @ Greenford Farm,56.55409349771759,-2.7087453156770502,07fb00000dc426ac0000,479.0,0.0,3.52,99.0,0
2022-12-26 08:56:13.509507+00:00,70B3D54991EB3BA5,ECHO #2,Echo,Crossden burn @ Greenford Farm,56.55409349771759,-2.7087453156770502,07fd00000db426ac0000,477.0,0.0,3.51,99.0,0
2022-12-26 09:11:55.322780+00:00,70B3D54991EB3BA5,ECHO #2,Echo,Crossden burn @ Greenford Farm,56.55409349771759,-2.7087453156770502,080000000d7c26ac0000,474.0,0.0,3.45,99.0,0
2022-12-26 09:43:22.921265+00:00,70B3D54991EB3BA5,ECHO #2,Echo,Crossden burn @ Greenford Farm,56.55409349771759,-2.7087453156770502,080200000d9c26ac0000,472.0,0.0,3.48,99.0,0
2022-12-26 09:59:07.479356+00:00,70B3D54991EB3BA5,ECHO #2,Echo,Crossden burn @ Greenford Farm,56.55409349771759,-2.7087453156770502,080f00000da426ac0000,459.0,0.0,3.49,99.0,0
2022-12-26 10:14:50.283117+00:00,70B3D54991EB3BA5,ECHO #2,Echo,Crossden burn @ Greenford Farm,56.55409349771759,-2.7087453156770502,081300000dcc26ac0000,455.0,0.0,3.53,99.0,0
2022-12-26 10:30:31.934551+00:00,70B3D54991EB3BA5,ECHO #2,Echo,Crossden burn @ Greenford Farm,56.55409349771759,-2.7087453156770502,081100000d8026ac0000,457.0,0.0,3.46,99.0,0
2022-12-26 10:46:16.104336+00:00,70B3D54991EB3BA5,ECHO #2,Echo,Crossden burn @ Greenford Farm,56.55409349771759,-2.7087453156770502,081400000df026ac0000,454.0,0.0,3.57,99.0,0
2022-12-26 11:01:57.559351+00:00,70B3D54991EB3BA5,ECHO #2,Echo,Crossden burn @ Greenford Farm,56.55409349771759,-2.7087453156770502,081700000dcc26ac0000,451.0,0.0,3.53,99.0,0
2022-12-26 11:17:38.387185+00:00,70B3D54991EB3BA5,ECHO #2,Echo,Crossden burn @ Greenford Farm,56.55409349771759,-2.7087453156770502,081900000df426ac0000,449.0,0.0,3.57,99.0,0
2022-12-26 11:33:18.662909+00:00,70B3D54991EB3BA5,ECHO #2,Echo,Crossden burn @ Greenford Farm,56.55409349771759,-2.7087453156770502,081900000d9c26ac0000,449.0,0.0,3.48,99.0,0
2022-12-26 11:48:58.625775+00:00,70B3D54991EB3BA5,ECHO #2,Echo,Crossden burn @ Greenford Farm,56.55409349771759,-2.7087453156770502,081900000ddc26ac0000,449.0,0.0,3.55,99.0,0
2022-12-26 12:04:42.341879+00:00,70B3D54991EB3BA5,ECHO #2,Echo,Crossden burn @ Greenford Farm,56.55409349771759,-2.7087453156770502,082000000d8c26ac0000,442.0,0.0,3.47,99.0,0
2022-12-26 12:20:20.703170+00:00,70B3D54991EB3BA5,ECHO #2,Echo,Crossden burn @ Greenford Farm,56.55409349771759,-2.7087453156770502,081f00000de426ac0000,443.0,0.0,3.56,99.0,0
2022-12-26 12:36:01.562514+00:00,70B3D54991EB3BA5,ECHO #2,Echo,Crossden burn @ Greenford Farm,56.55409349771759,-2.7087453156770502,081a00000d9026ac0000,448.0,0.0,3.47,99.0,0
2022-12-26 12:51:44.555143+00:00,70B3D54991EB3BA5,ECHO #2,Echo,Crossden burn @ Greenford Farm,56.55409349771759,-2.7087453156770502,081c00000dcc26ac0000,446.0,0.0,3.53,99.0,0
2022-12-26 13:07:23.871282+00:00,70B3D54991EB3BA5,ECHO #2,Echo,Crossden burn @ Greenford Farm,56.55409349771759,-2.7087453156770502,081d00000db026ac0000,445.0,0.0,3.5,99.0,0
2022-12-26 13:23:03.678672+00:00,70B3D54991EB3BA5,ECHO #2,Echo,Crossden burn @ Greenford Farm,56.55409349771759,-2.7087453156770502,081e00000da026ac0000,444.0,0.0,3.49,99.0,0
2022-12-26 13:38:44.699141+00:00,70B3D54991EB3BA5,ECHO #2,Echo,Crossden burn @ Greenford Farm,56.55409349771759,-2.7087453156770502,082100000db026ac0000,441.0,0.0,3.5,99.0,0
2022-12-26 13:54:26.002054+00:00,70B3D54991EB3BA5,ECHO #2,Echo,Crossden burn @ Greenford Farm,56.55409349771759,-2.7087453156770502,081d00000dc826ac0000,445.0,0.0,3.53,99.0,0
2022-12-26 14:10:09.930932+00:00,70B3D54991EB3BA5,ECHO #2,Echo,Crossden burn @ Greenford Farm,56.55409349771759,-2.7087453156770502,082000000dd026ac0000,442.0,0.0,3.54,99.0,0
2022-12-26 14:25:50.306534+00:00,70B3D54991EB3BA5,ECHO #2,Echo,Crossden burn @ Greenford Farm,56.55409349771759,-2.7087453156770502,082000000db426ac0000,442.0,0.0,3.51,99.0,0
2022-12-26 14:41:30.102051+00:00,70B3D54991EB3BA5,ECHO #2,Echo,Crossden burn @ Greenford Farm,56.55409349771759,-2.7087453156770502,082100000da426ac0000,441.0,0.0,3.49,99.0,0
2022-12-26 14:57:10.624004+00:00,70B3D54991EB3BA5,ECHO #2,Echo,Crossden burn @ Greenford Farm,56.55409349771759,-2.7087453156770502,082200000db426ac0000,440.0,0.0,3.51,99.0,0
2022-12-26 15:12:50.467438+00:00,70B3D54991EB3BA5,ECHO #2,Echo,Crossden burn @ Greenford Farm,56.55409349771759,-2.7087453156770502,081f00000d9026ac0000,443.0,0.0,3.47,99.0,0
2022-12-26 15:28:31.242796+00:00,70B3D54991EB3BA5,ECHO #2,Echo,Crossden burn @ Greenford Farm,56.55409349771759,-2.7087453156770502,082300000de026ac0000,439.0,0.0,3.55,99.0,0
2022-12-26 15:44:11.697643+00:00,70B3D54991EB3BA5,ECHO #2,Echo,Crossden burn @ Greenford Farm,56.55409349771759,-2.7087453156770502,082400000db026ac0000,438.0,0.0,3.5,99.0,0
2022-12-26 15:59:52.187293+00:00,70B3D54991EB3BA5,ECHO #2,Echo,Crossden burn @ Greenford Farm,56.55409349771759,-2.7087453156770502,082400000dcc26ac0000,438.0,0.0,3.53,99.0,0
2022-12-26 16:15:33.237747+00:00,70B3D54991EB3BA5,ECHO #2,Echo,Crossden burn @ Greenford Farm,56.55409349771759,-2.7087453156770502,082500000d9c26ac0000,437.0,0.0,3.48,99.0,0
2022-12-26 16:31:13.698628+00:00,70B3D54991EB3BA5,ECHO #2,Echo,Crossden burn @ Greenford Farm,56.55409349771759,-2.7087453156770502,082400000d9426ac0000,438.0,0.0,3.48,99.0,0
2022-12-26 16:46:54.281561+00:00,70B3D54991EB3BA5,ECHO #2,Echo,Crossden burn @ Greenford Farm,56.55409349771759,-2.7087453156770502,082800000dd826ac0000,434.0,0.0,3.54,99.0,0
2022-12-26 17:02:37.052623+00:00,70B3D54991EB3BA5,ECHO #2,Echo,Crossden burn @ Greenford Farm,56.55409349771759,-2.7087453156770502,082900000db426ac0000,433.0,0.0,3.51,99.0,0
2022-12-26 17:18:17.983035+00:00,70B3D54991EB3BA5,ECHO #2,Echo,Crossden burn @ Greenford Farm,56.55409349771759,-2.7087453156770502,082600000d9426ac0000,436.0,0.0,3.48,99.0,0
2022-12-26 17:34:00.207530+00:00,70B3D54991EB3BA5,ECHO #2,Echo,Crossden burn @ Greenford Farm,56.55409349771759,-2.7087453156770502,082700000dac26ac0000,435.0,0.0,3.5,99.0,0
2022-12-26 17:49:43.965912+00:00,70B3D54991EB3BA5,ECHO #2,Echo,Crossden burn @ Greenford Farm,56.55409349771759,-2.7087453156770502,082900000dec26ac0000,433.0,0.0,3.56,99.0,0
2022-12-26 18:05:27.197685+00:00,70B3D54991EB3BA5,ECHO #2,Echo,Crossden burn @ Greenford Farm,56.55409349771759,-2.7087453156770502,082c00000de826ac0000,430.0,0.0,3.56,99.0,0
2022-12-26 18:21:08.150977+00:00,70B3D54991EB3BA5,ECHO #2,Echo,Crossden burn @ Greenford Farm,56.55409349771759,-2.7087453156770502,082e00000db026ac0000,428.0,0.0,3.5,99.0,0
2022-12-26 18:36:48.795890+00:00,70B3D54991EB3BA5,ECHO #2,Echo,Crossden burn @ Greenford Farm,56.55409349771759,-2.7087453156770502,082f00000dac26ac0000,427.0,0.0,3.5,99.0,0
2022-12-26 18:52:32.796906+00:00,70B3D54991EB3BA5,ECHO #2,Echo,Crossden burn @ Greenford Farm,56.55409349771759,-2.7087453156770502,082f00000dd026ac0000,427.0,0.0,3.54,99.0,0
2022-12-26 19:08:15.861050+00:00,70B3D54991EB3BA5,ECHO #2,Echo,Crossden burn @ Greenford Farm,56.55409349771759,-2.7087453156770502,082c00000d9c26ac0000,430.0,0.0,3.48,99.0,0
2022-12-26 19:23:57.024482+00:00,70B3D54991EB3BA5,ECHO #2,Echo,Crossden burn @ Greenford Farm,56.55409349771759,-2.7087453156770502,083000000d9c26ac0000,426.0,0.0,3.48,99.0,0
2022-12-26 19:39:37.196581+00:00,70B3D54991EB3BA5,ECHO #2,Echo,Crossden burn @ Greenford Farm,56.55409349771759,-2.7087453156770502,082e00000dd426ac0000,428.0,0.0,3.54,99.0,0
2022-12-26 19:55:18.131266+00:00,70B3D54991EB3BA5,ECHO #2,Echo,Crossden burn @ Greenford Farm,56.55409349771759,-2.7087453156770502,082e00000db426ac0000,428.0,0.0,3.51,99.0,0
2022-12-26 20:11:00.847268+00:00,70B3D54991EB3BA5,ECHO #2,Echo,Crossden burn @ Greenford Farm,56.55409349771759,-2.7087453156770502,082e00000dc826ac0000,428.0,0.0,3.53,99.0,0
2022-12-26 20:26:44.206298+00:00,70B3D54991EB3BA5,ECHO #2,Echo,Crossden burn @ Greenford Farm,56.55409349771759,-2.7087453156770502,083100000dd826ac0000,425.0,0.0,3.54,99.0,0
2022-12-26 20:42:27.916172+00:00,70B3D54991EB3BA5,ECHO #2,Echo,Crossden burn @ Greenford Farm,56.55409349771759,-2.7087453156770502,083600000da826ac0000,420.0,0.0,3.5,99.0,0
2022-12-26 20:58:09.227905+00:00,70B3D54991EB3BA5,ECHO #2,Echo,Crossden burn @ Greenford Farm,56.55409349771759,-2.7087453156770502,083500000dc826ac0000,421.0,0.0,3.53,99.0,0
2022-12-26 21:13:49.675620+00:00,70B3D54991EB3BA5,ECHO #2,Echo,Crossden burn @ Greenford Farm,56.55409349771759,-2.7087453156770502,083800000dc426ac0000,418.0,0.0,3.52,99.0,0
2022-12-26 21:29:30.041993+00:00,70B3D54991EB3BA5,ECHO #2,Echo,Crossden burn @ Greenford Farm,56.55409349771759,-2.7087453156770502,083900000da826ac0000,417.0,0.0,3.5,99.0,0
2022-12-26 21:45:10.768292+00:00,70B3D54991EB3BA5,ECHO #2,Echo,Crossden burn @ Greenford Farm,56.55409349771759,-2.7087453156770502,083500000dd026ac0000,421.0,0.0,3.54,99.0,0
2022-12-26 22:00:50.629222+00:00,70B3D54991EB3BA5,ECHO #2,Echo,Crossden burn @ Greenford Farm,56.55409349771759,-2.7087453156770502,083600000da426ac0000,420.0,0.0,3.49,99.0,0
2022-12-26 22:16:30.864860+00:00,70B3D54991EB3BA5,ECHO #2,Echo,Crossden burn @ Greenford Farm,56.55409349771759,-2.7087453156770502,083800000de026ac0000,418.0,0.0,3.55,99.0,0
2022-12-26 22:32:11.244962+00:00,70B3D54991EB3BA5,ECHO #2,Echo,Crossden burn @ Greenford Farm,56.55409349771759,-2.7087453156770502,083900000da426ac0000,417.0,0.0,3.49,99.0,0
2022-12-26 22:47:52.501281+00:00,70B3D54991EB3BA5,ECHO #2,Echo,Crossden burn @ Greenford Farm,56.55409349771759,-2.7087453156770502,083a00000db426ac0000,416.0,0.0,3.51,99.0,0
2022-12-26 23:03:35.143939+00:00,70B3D54991EB3BA5,ECHO #2,Echo,Crossden burn @ Greenford Farm,56.55409349771759,-2.7087453156770502,083a00000db426ac0000,416.0,0.0,3.51,99.0,0
2022-12-26 23:19:15.918228+00:00,70B3D54991EB3BA5,ECHO #2,Echo,Crossden burn @ Greenford Farm,56.55409349771759,-2.7087453156770502,083a00000dcc26ac0000,416.0,0.0,3.53,99.0,0
2022-12-26 23:34:59.516979+00:00,70B3D54991EB3BA5,ECHO #2,Echo,Crossden burn @ Greenford Farm,56.55409349771759,-2.7087453156770502,083d00000dac26ac0000,413.0,0.0,3.5,99.0,0
2022-12-26 23:50:40.699862+00:00,70B3D54991EB3BA5,ECHO #2,Echo,Crossden burn @ Greenford Farm,56.55409349771759,-2.7087453156770502,083900000de426ac0000,417.0,0.0,3.56,99.0,0
2022-12-27 00:06:21.330465+00:00,70B3D54991EB3BA5,ECHO #2,Echo,Crossden burn @ Greenford Farm,56.55409349771759,-2.7087453156770502,083d00000dd426ac0000,413.0,0.0,3.54,99.0,0
2022-12-27 00:22:02.305640+00:00,70B3D54991EB3BA5,ECHO #2,Echo,Crossden burn @ Greenford Farm,56.55409349771759,-2.7087453156770502,084000000de426ac0000,410.0,0.0,3.56,99.0,0
2022-12-27 00:37:42.295702+00:00,70B3D54991EB3BA5,ECHO #2,Echo,Crossden burn @ Greenford Farm,56.55409349771759,-2.7087453156770502,084200000de026ac0000,408.0,0.0,3.55,99.0,0
2022-12-27 00:53:22.502167+00:00,70B3D54991EB3BA5,ECHO #2,Echo,Crossden burn @ Greenford Farm,56.55409349771759,-2.7087453156770502,084200000db426ac0000,408.0,0.0,3.51,99.0,0
2022-12-27 01:09:05.569611+00:00,70B3D54991EB3BA5,ECHO #2,Echo,Crossden burn @ Greenford Farm,56.55409349771759,-2.7087453156770502,084300000dd026ac0000,407.0,0.0,3.54,99.0,0
2022-12-27 01:24:47.485158+00:00,70B3D54991EB3BA5,ECHO #2,Echo,Crossden burn @ Greenford Farm,56.55409349771759,-2.7087453156770502,084000000da826ac0000,410.0,0.0,3.5,99.0,0
2022-12-27 01:40:28.469129+00:00,70B3D54991EB3BA5,ECHO #2,Echo,Crossden burn @ Greenford Farm,56.55409349771759,-2.7087453156770502,084400000db426ac0000,406.0,0.0,3.51,99.0,0
2022-12-27 01:56:10.124262+00:00,70B3D54991EB3BA5,ECHO #2,Echo,Crossden burn @ Greenford Farm,56.55409349771759,-2.7087453156770502,084100000da826ac0000,409.0,0.0,3.5,99.0,0
2022-12-27 02:11:50.958118+00:00,70B3D54991EB3BA5,ECHO #2,Echo,Crossden burn @ Greenford Farm,56.55409349771759,-2.7087453156770502,084200000dd826ac0000,408.0,0.0,3.54,99.0,0
2022-12-27 02:27:31.299785+00:00,70B3D54991EB3BA5,ECHO #2,Echo,Crossden burn @ Greenford Farm,56.55409349771759,-2.7087453156770502,084500000db426ac0000,405.0,0.0,3.51,99.0,0
2022-12-27 02:43:11.762867+00:00,70B3D54991EB3BA5,ECHO #2,Echo,Crossden burn @ Greenford Farm,56.55409349771759,-2.7087453156770502,084500000d9426ac0000,405.0,0.0,3.48,99.0,0
2022-12-27 02:58:53.457708+00:00,70B3D54991EB3BA5,ECHO #2,Echo,Crossden burn @ Greenford Farm,56.55409349771759,-2.7087453156770502,084400000dac26ac0000,406.0,0.0,3.5,99.0,0
2022-12-27 03:14:33.508600+00:00,70B3D54991EB3BA5,ECHO #2,Echo,Crossden burn @ Greenford Farm,56.55409349771759,-2.7087453156770502,084700000dd426ac0000,403.0,0.0,3.54,99.0,0
2022-12-27 03:30:14.062074+00:00,70B3D54991EB3BA5,ECHO #2,Echo,Crossden burn @ Greenford Farm,56.55409349771759,-2.7087453156770502,084700000d5826ac0000,403.0,0.0,3.42,99.0,0
2022-12-27 03:45:54.883886+00:00,70B3D54991EB3BA5,ECHO #2,Echo,Crossden burn @ Greenford Farm,56.55409349771759,-2.7087453156770502,084300000d9c26ac0000,407.0,0.0,3.48,99.0,0
2022-12-27 04:01:35.923422+00:00,70B3D54991EB3BA5,ECHO #2,Echo,Crossden burn @ Greenford Farm,56.55409349771759,-2.7087453156770502,084500000da426ac0000,405.0,0.0,3.49,99.0,0
2022-12-27 04:17:19.381077+00:00,70B3D54991EB3BA5,ECHO #2,Echo,Crossden burn @ Greenford Farm,56.55409349771759,-2.7087453156770502,084900000dcc26ac0000,401.0,0.0,3.53,99.0,0
2022-12-27 04:33:00.775247+00:00,70B3D54991EB3BA5,ECHO #2,Echo,Crossden burn @ Greenford Farm,56.55409349771759,-2.7087453156770502,084900000de426ac0000,401.0,0.0,3.56,99.0,0
2022-12-27 04:48:41.770808+00:00,70B3D54991EB3BA5,ECHO #2,Echo,Crossden burn @ Greenford Farm,56.55409349771759,-2.7087453156770502,084b00000db426ac0000,399.0,0.0,3.51,99.0,0
2022-12-27 05:04:22.301701+00:00,70B3D54991EB3BA5,ECHO #2,Echo,Crossden burn @ Greenford Farm,56.55409349771759,-2.7087453156770502,084d00000da026ac0000,397.0,0.0,3.49,99.0,0
2022-12-27 05:20:02.993605+00:00,70B3D54991EB3BA5,ECHO #2,Echo,Crossden burn @ Greenford Farm,56.55409349771759,-2.7087453156770502,084900000dc826ac0000,401.0,0.0,3.53,99.0,0
2022-12-27 05:35:43.888368+00:00,70B3D54991EB3BA5,ECHO #2,Echo,Crossden burn @ Greenford Farm,56.55409349771759,-2.7087453156770502,084600000dc426ac0000,404.0,0.0,3.52,99.0,0
2022-12-27 05:51:28.597897+00:00,70B3D54991EB3BA5,ECHO #2,Echo,Crossden burn @ Greenford Farm,56.55409349771759,-2.7087453156770502,084e00000da026ac0000,396.0,0.0,3.49,99.0,0
2022-12-27 06:07:12.398120+00:00,70B3D54991EB3BA5,ECHO #2,Echo,Crossden burn @ Greenford Farm,56.55409349771759,-2.7087453156770502,084800000da426ac0000,402.0,0.0,3.49,99.0,0
2022-12-27 06:22:54.219505+00:00,70B3D54991EB3BA5,ECHO #2,Echo,Crossden burn @ Greenford Farm,56.55409349771759,-2.7087453156770502,084a00000db426ac0000,400.0,0.0,3.51,99.0,0
2022-12-27 06:38:37.414552+00:00,70B3D54991EB3BA5,ECHO #2,Echo,Crossden burn @ Greenford Farm,56.55409349771759,-2.7087453156770502,084b00000da426ac0000,399.0,0.0,3.49,99.0,0
2022-12-27 06:54:18.154119+00:00,70B3D54991EB3BA5,ECHO #2,Echo,Crossden burn @ Greenford Farm,56.55409349771759,-2.7087453156770502,084e00000da026ac0000,396.0,0.0,3.49,99.0,0
2022-12-27 07:09:59.473798+00:00,70B3D54991EB3BA5,ECHO #2,Echo,Crossden burn @ Greenford Farm,56.55409349771759,-2.7087453156770502,084b00000da426ac0000,399.0,0.0,3.49,99.0,0
2022-12-27 07:25:40.274999+00:00,70B3D54991EB3BA5,ECHO #2,Echo,Crossden burn @ Greenford Farm,56.55409349771759,-2.7087453156770502,084f00000de826ac0000,395.0,0.0,3.56,99.0,0
2022-12-27 07:41:21.598457+00:00,70B3D54991EB3BA5,ECHO #2,Echo,Crossden burn @ Greenford Farm,56.55409349771759,-2.7087453156770502,085200000da826ac0000,392.0,0.0,3.5,99.0,0
2022-12-27 07:57:04.441502+00:00,70B3D54991EB3BA5,ECHO #2,Echo,Crossden burn @ Greenford Farm,56.55409349771759,-2.7087453156770502,084f00000dac26ac0000,395.0,0.0,3.5,99.0,0
2022-12-27 08:12:45.952425+00:00,70B3D54991EB3BA5,ECHO #2,Echo,Crossden burn @ Greenford Farm,56.55409349771759,-2.7087453156770502,085000000dac26ac0000,394.0,0.0,3.5,99.0,0
2022-12-27 08:28:26.688494+00:00,70B3D54991EB3BA5,ECHO #2,Echo,Crossden burn @ Greenford Farm,56.55409349771759,-2.7087453156770502,085400000dac26ac0000,390.0,0.0,3.5,99.0,0
2022-12-27 08:44:08.097248+00:00,70B3D54991EB3BA5,ECHO #2,Echo,Crossden burn @ Greenford Farm,56.55409349771759,-2.7087453156770502,085000000de426ac0000,394.0,0.0,3.56,99.0,0
2022-12-27 08:59:49.317496+00:00,70B3D54991EB3BA5,ECHO #2,Echo,Crossden burn @ Greenford Farm,56.55409349771759,-2.7087453156770502,085000000dd426ac0000,394.0,0.0,3.54,99.0,0
2022-12-27 09:15:29.883485+00:00,70B3D54991EB3BA5,ECHO #2,Echo,Crossden burn @ Greenford Farm,56.55409349771759,-2.7087453156770502,085100000dd826ac0000,393.0,0.0,3.54,99.0,0
2022-12-27 09:31:11.135104+00:00,70B3D54991EB3BA5,ECHO #2,Echo,Crossden burn @ Greenford Farm,56.55409349771759,-2.7087453156770502,085300000db426ac0000,391.0,0.0,3.51,99.0,0
2022-12-27 09:46:53.009457+00:00,70B3D54991EB3BA5,ECHO #2,Echo,Crossden burn @ Greenford Farm,56.55409349771759,-2.7087453156770502,085000000d6026ac0000,394.0,0.0,3.42,99.0,0
2022-12-27 10:02:37.184369+00:00,70B3D54991EB3BA5,ECHO #2,Echo,Crossden burn @ Greenford Farm,56.55409349771759,-2.7087453156770502,085300000db426ac0000,391.0,0.0,3.51,99.0,0
2022-12-27 10:18:16.983705+00:00,70B3D54991EB3BA5,ECHO #2,Echo,Crossden burn @ Greenford Farm,56.55409349771759,-2.7087453156770502,085400000dcc26ac0000,390.0,0.0,3.53,99.0,0
2022-12-27 10:33:58.966519+00:00,70B3D54991EB3BA5,ECHO #2,Echo,Crossden burn @ Greenford Farm,56.55409349771759,-2.7087453156770502,085600000d8026ac0000,388.0,0.0,3.46,99.0,0
2022-12-27 10:49:41.949979+00:00,70B3D54991EB3BA5,ECHO #2,Echo,Crossden burn @ Greenford Farm,56.55409349771759,-2.7087453156770502,085700000d7826ac0000,387.0,0.0,3.45,99.0,0
2022-12-27 11:05:22.601362+00:00,70B3D54991EB3BA5,ECHO #2,Echo,Crossden burn @ Greenford Farm,56.55409349771759,-2.7087453156770502,085300000d7826ac0000,391.0,0.0,3.45,99.0,0
2022-12-27 11:21:03.320848+00:00,70B3D54991EB3BA5,ECHO #2,Echo,Crossden burn @ Greenford Farm,56.55409349771759,-2.7087453156770502,085200000d8426ac0000,392.0,0.0,3.46,99.0,0
2022-12-27 11:36:44.370594+00:00,70B3D54991EB3BA5,ECHO #2,Echo,Crossden burn @ Greenford Farm,56.55409349771759,-2.7087453156770502,085200000d6026ac0000,392.0,0.0,3.42,99.0,0
2022-12-27 12:23:47.096409+00:00,70B3D54991EB3BA5,ECHO #2,Echo,Crossden burn @ Greenford Farm,56.55409349771759,-2.7087453156770502,085100000d8026ac0000,393.0,0.0,3.46,99.0,0
2022-12-27 12:39:27.539748+00:00,70B3D54991EB3BA5,ECHO #2,Echo,Crossden burn @ Greenford Farm,56.55409349771759,-2.7087453156770502,084e00000d6026ac0000,396.0,0.0,3.42,99.0,0
2022-12-27 12:55:08.525924+00:00,70B3D54991EB3BA5,ECHO #2,Echo,Crossden burn @ Greenford Farm,56.55409349771759,-2.7087453156770502,085200000db426ac0000,392.0,0.0,3.51,99.0,0
2022-12-27 13:10:49.412610+00:00,70B3D54991EB3BA5,ECHO #2,Echo,Crossden burn @ Greenford Farm,56.55409349771759,-2.7087453156770502,085200000d8426ac0000,392.0,0.0,3.46,99.0,0
2022-12-27 13:42:17.767102+00:00,70B3D54991EB3BA5,ECHO #2,Echo,Crossden burn @ Greenford Farm,56.55409349771759,-2.7087453156770502,084800000dc426ac0000,402.0,0.0,3.52,99.0,0
2022-12-27 13:58:00.951498+00:00,70B3D54991EB3BA5,ECHO #2,Echo,Crossden burn @ Greenford Farm,56.55409349771759,-2.7087453156770502,084400000dcc26ac0000,406.0,0.0,3.53,99.0,0
2022-12-27 14:13:44.852782+00:00,70B3D54991EB3BA5,ECHO #2,Echo,Crossden burn @ Greenford Farm,56.55409349771759,-2.7087453156770502,083b00000db026ac0000,415.0,0.0,3.5,99.0,0
2022-12-27 14:29:28.744440+00:00,70B3D54991EB3BA5,ECHO #2,Echo,Crossden burn @ Greenford Farm,56.55409349771759,-2.7087453156770502,083a00000db426ac0000,416.0,0.0,3.51,99.0,0
2022-12-27 14:45:13.220653+00:00,70B3D54991EB3BA5,ECHO #2,Echo,Crossden burn @ Greenford Farm,56.55409349771759,-2.7087453156770502,082f00000dd826ac0000,427.0,0.0,3.54,99.0,0
2022-12-27 15:00:57.611051+00:00,70B3D54991EB3BA5,ECHO #2,Echo,Crossden burn @ Greenford Farm,56.55409349771759,-2.7087453156770502,082200000db426ac0000,440.0,0.0,3.51,99.0,0
2022-12-27 15:16:41.812068+00:00,70B3D54991EB3BA5,ECHO #2,Echo,Crossden burn @ Greenford Farm,56.55409349771759,-2.7087453156770502,081b00000dcc26ac0000,447.0,0.0,3.53,99.0,0
2022-12-27 15:32:25.779728+00:00,70B3D54991EB3BA5,ECHO #2,Echo,Crossden burn @ Greenford Farm,56.55409349771759,-2.7087453156770502,080900000dd426ac0000,465.0,0.0,3.54,99.0,0
2022-12-27 15:48:06.137666+00:00,70B3D54991EB3BA5,ECHO #2,Echo,Crossden burn @ Greenford Farm,56.55409349771759,-2.7087453156770502,080b00000d9826ac0000,463.0,0.0,3.48,99.0,0
2022-12-27 16:03:49.382100+00:00,70B3D54991EB3BA5,ECHO #2,Echo,Crossden burn @ Greenford Farm,56.55409349771759,-2.7087453156770502,080700000d8c26ac0000,467.0,0.0,3.47,99.0,0
2022-12-27 16:19:33.616494+00:00,70B3D54991EB3BA5,ECHO #2,Echo,Crossden burn @ Greenford Farm,56.55409349771759,-2.7087453156770502,07fe00000d8c26ac0000,476.0,0.0,3.47,99.0,0
2022-12-27 16:35:17.049257+00:00,70B3D54991EB3BA5,ECHO #2,Echo,Crossden burn @ Greenford Farm,56.55409349771759,-2.7087453156770502,07ff00000dd826ac0000,475.0,0.0,3.54,99.0,0
2022-12-27 16:50:57.691505+00:00,70B3D54991EB3BA5,ECHO #2,Echo,Crossden burn @ Greenford Farm,56.55409349771759,-2.7087453156770502,07fc00000d8c26ac0000,478.0,0.0,3.47,99.0,0
2022-12-27 17:06:38.453934+00:00,70B3D54991EB3BA5,ECHO #2,Echo,Crossden burn @ Greenford Farm,56.55409349771759,-2.7087453156770502,07f900000d8c26ac0000,481.0,0.0,3.47,99.0,0
2022-12-27 17:38:01.733175+00:00,70B3D54991EB3BA5,ECHO #2,Echo,Crossden burn @ Greenford Farm,56.55409349771759,-2.7087453156770502,07f400000dc426ac0000,486.0,0.0,3.52,99.0,0
2022-12-27 17:53:42.049060+00:00,70B3D54991EB3BA5,ECHO #2,Echo,Crossden burn @ Greenford Farm,56.55409349771759,-2.7087453156770502,07f300000dcc26ac0000,487.0,0.0,3.53,99.0,0
2022-12-27 18:09:25.063146+00:00,70B3D54991EB3BA5,ECHO #2,Echo,Crossden burn @ Greenford Farm,56.55409349771759,-2.7087453156770502,07f500000dcc26ac0000,485.0,0.0,3.53,99.0,0
2022-12-27 18:25:08.448268+00:00,70B3D54991EB3BA5,ECHO #2,Echo,Crossden burn @ Greenford Farm,56.55409349771759,-2.7087453156770502,07eb00000d9426ac0000,495.0,0.0,3.48,99.0,0
2022-12-27 18:40:52.054381+00:00,70B3D54991EB3BA5,ECHO #2,Echo,Crossden burn @ Greenford Farm,56.55409349771759,-2.7087453156770502,07f700000dcc26ac0000,483.0,0.0,3.53,99.0,0
2022-12-27 19:12:19.170914+00:00,70B3D54991EB3BA5,ECHO #2,Echo,Crossden burn @ Greenford Farm,56.55409349771759,-2.7087453156770502,07f200000da026ac0000,488.0,0.0,3.49,99.0,0
2022-12-27 19:27:59.713651+00:00,70B3D54991EB3BA5,ECHO #2,Echo,Crossden burn @ Greenford Farm,56.55409349771759,-2.7087453156770502,07f400000d9c26ac0000,486.0,0.0,3.48,99.0,0
2022-12-27 19:43:40.914709+00:00,70B3D54991EB3BA5,ECHO #2,Echo,Crossden burn @ Greenford Farm,56.55409349771759,-2.7087453156770502,07f700000db026ac0000,483.0,0.0,3.5,99.0,0
2022-12-27 19:59:22.082447+00:00,70B3D54991EB3BA5,ECHO #2,Echo,Crossden burn @ Greenford Farm,56.55409349771759,-2.7087453156770502,07f400000dac26ac0000,486.0,0.0,3.5,99.0,0
2022-12-27 20:15:05.309265+00:00,70B3D54991EB3BA5,ECHO #2,Echo,Crossden burn @ Greenford Farm,56.55409349771759,-2.7087453156770502,07f700000da026ac0000,483.0,0.0,3.49,99.0,0
2022-12-27 20:46:29.217654+00:00,70B3D54991EB3BA5,ECHO #2,Echo,Crossden burn @ Greenford Farm,56.55409349771759,-2.7087453156770502,07fa00000db426ac0000,480.0,0.0,3.51,99.0,0
2022-12-27 21:02:10.561952+00:00,70B3D54991EB3BA5,ECHO #2,Echo,Crossden burn @ Greenford Farm,56.55409349771759,-2.7087453156770502,07f900000dd426ac0000,481.0,0.0,3.54,99.0,0
2022-12-27 21:17:50.666651+00:00,70B3D54991EB3BA5,ECHO #2,Echo,Crossden burn @ Greenford Farm,56.55409349771759,-2.7087453156770502,07fc00000da026ac0000,478.0,0.0,3.49,99.0,0
2022-12-27 21:33:33.299024+00:00,70B3D54991EB3BA5,ECHO #2,Echo,Crossden burn @ Greenford Farm,56.55409349771759,-2.7087453156770502,07fe00000d9426ac0000,476.0,0.0,3.48,99.0,0
2022-12-27 21:49:13.580222+00:00,70B3D54991EB3BA5,ECHO #2,Echo,Crossden burn @ Greenford Farm,56.55409349771759,-2.7087453156770502,080000000dd426ac0000,474.0,0.0,3.54,99.0,0
2022-12-27 22:04:57.405868+00:00,70B3D54991EB3BA5,ECHO #2,Echo,Crossden burn @ Greenford Farm,56.55409349771759,-2.7087453156770502,080100000da026ac0000,473.0,0.0,3.49,99.0,0
2022-12-27 22:20:38.029181+00:00,70B3D54991EB3BA5,ECHO #2,Echo,Crossden burn @ Greenford Farm,56.55409349771759,-2.7087453156770502,07fe00000dc826ac0000,476.0,0.0,3.53,99.0,0
2022-12-27 22:36:18.374401+00:00,70B3D54991EB3BA5,ECHO #2,Echo,Crossden burn @ Greenford Farm,56.55409349771759,-2.7087453156770502,080000000da826ac0000,474.0,0.0,3.5,99.0,0
2022-12-27 23:07:45.680637+00:00,70B3D54991EB3BA5,ECHO #2,Echo,Crossden burn @ Greenford Farm,56.55409349771759,-2.7087453156770502,080100000dcc26ac0000,473.0,0.0,3.53,99.0,0
2022-12-27 23:23:27.351064+00:00,70B3D54991EB3BA5,ECHO #2,Echo,Crossden burn @ Greenford Farm,56.55409349771759,-2.7087453156770502,080300000dd426ac0000,471.0,0.0,3.54,99.0,0
2022-12-27 23:39:08.612375+00:00,70B3D54991EB3BA5,ECHO #2,Echo,Crossden burn @ Greenford Farm,56.55409349771759,-2.7087453156770502,080500000da026ac0000,469.0,0.0,3.49,99.0,0
2022-12-27 23:54:50.778523+00:00,70B3D54991EB3BA5,ECHO #2,Echo,Crossden burn @ Greenford Farm,56.55409349771759,-2.7087453156770502,080600000d9426ac0000,468.0,0.0,3.48,99.0,0
2022-12-28 00:10:32.241338+00:00,70B3D54991EB3BA5,ECHO #2,Echo,Crossden burn @ Greenford Farm,56.55409349771759,-2.7087453156770502,080400000dcc26ac0000,470.0,0.0,3.53,99.0,0
2022-12-28 00:26:14.046430+00:00,70B3D54991EB3BA5,ECHO #2,Echo,Crossden burn @ Greenford Farm,56.55409349771759,-2.7087453156770502,080700000d9c26ac0000,467.0,0.0,3.48,99.0,0
2022-12-28 00:41:57.870965+00:00,70B3D54991EB3BA5,ECHO #2,Echo,Crossden burn @ Greenford Farm,56.55409349771759,-2.7087453156770502,080b00000dd426ac0000,463.0,0.0,3.54,99.0,0
2022-12-28 00:57:38.976729+00:00,70B3D54991EB3BA5,ECHO #2,Echo,Crossden burn @ Greenford Farm,56.55409349771759,-2.7087453156770502,080a00000dd826ac0000,464.0,0.0,3.54,99.0,0
2022-12-28 01:13:21.754756+00:00,70B3D54991EB3BA5,ECHO #2,Echo,Crossden burn @ Greenford Farm,56.55409349771759,-2.7087453156770502,080e00000dc426ac0000,460.0,0.0,3.52,99.0,0
2022-12-28 01:29:03.126638+00:00,70B3D54991EB3BA5,ECHO #2,Echo,Crossden burn @ Greenford Farm,56.55409349771759,-2.7087453156770502,080c00000dd026ac0000,462.0,0.0,3.54,99.0,0
2022-12-28 01:44:44.423915+00:00,70B3D54991EB3BA5,ECHO #2,Echo,Crossden burn @ Greenford Farm,56.55409349771759,-2.7087453156770502,080800000dd826ac0000,466.0,0.0,3.54,99.0,0
2022-12-28 02:00:29.331279+00:00,70B3D54991EB3BA5,ECHO #2,Echo,Crossden burn @ Greenford Farm,56.55409349771759,-2.7087453156770502,080d00000de026ac0000,461.0,0.0,3.55,99.0,0
2022-12-28 02:16:10.553400+00:00,70B3D54991EB3BA5,ECHO #2,Echo,Crossden burn @ Greenford Farm,56.55409349771759,-2.7087453156770502,080c00000db026ac0000,462.0,0.0,3.5,99.0,0
2022-12-28 02:31:53.569782+00:00,70B3D54991EB3BA5,ECHO #2,Echo,Crossden burn @ Greenford Farm,56.55409349771759,-2.7087453156770502,080900000da026ac0000,465.0,0.0,3.49,99.0,0
2022-12-28 02:47:34.582101+00:00,70B3D54991EB3BA5,ECHO #2,Echo,Crossden burn @ Greenford Farm,56.55409349771759,-2.7087453156770502,080700000d9c26ac0000,467.0,0.0,3.48,99.0,0
2022-12-28 03:03:19.285767+00:00,70B3D54991EB3BA5,ECHO #2,Echo,Crossden burn @ Greenford Farm,56.55409349771759,-2.7087453156770502,080c00000d9c26ac0000,462.0,0.0,3.48,99.0,0
2022-12-28 03:19:00.361968+00:00,70B3D54991EB3BA5,ECHO #2,Echo,Crossden burn @ Greenford Farm,56.55409349771759,-2.7087453156770502,080800000da826ac0000,466.0,0.0,3.5,99.0,0
2022-12-28 03:34:41.605521+00:00,70B3D54991EB3BA5,ECHO #2,Echo,Crossden burn @ Greenford Farm,56.55409349771759,-2.7087453156770502,080800000da426ac0000,466.0,0.0,3.49,99.0,0
2022-12-28 03:50:22.371980+00:00,70B3D54991EB3BA5,ECHO #2,Echo,Crossden burn @ Greenford Farm,56.55409349771759,-2.7087453156770502,080500000da026ac0000,469.0,0.0,3.49,99.0,0
2022-12-28 04:06:03.250131+00:00,70B3D54991EB3BA5,ECHO #2,Echo,Crossden burn @ Greenford Farm,56.55409349771759,-2.7087453156770502,080600000da426ac0000,468.0,0.0,3.49,99.0,0
2022-12-28 04:21:47.785942+00:00,70B3D54991EB3BA5,ECHO #2,Echo,Crossden burn @ Greenford Farm,56.55409349771759,-2.7087453156770502,080100000da426ac0000,473.0,0.0,3.49,99.0,0
2022-12-28 04:37:29.152989+00:00,70B3D54991EB3BA5,ECHO #2,Echo,Crossden burn @ Greenford Farm,56.55409349771759,-2.7087453156770502,080100000db426ac0000,473.0,0.0,3.51,99.0,0
2022-12-28 04:53:10.826287+00:00,70B3D54991EB3BA5,ECHO #2,Echo,Crossden burn @ Greenford Farm,56.55409349771759,-2.7087453156770502,080200000ddc26ac0000,472.0,0.0,3.55,99.0,0
2022-12-28 05:08:52.210385+00:00,70B3D54991EB3BA5,ECHO #2,Echo,Crossden burn @ Greenford Farm,56.55409349771759,-2.7087453156770502,080100000db026ac0000,473.0,0.0,3.5,99.0,0
2022-12-28 05:24:32.535632+00:00,70B3D54991EB3BA5,ECHO #2,Echo,Crossden burn @ Greenford Farm,56.55409349771759,-2.7087453156770502,07fe00000da826ac0000,476.0,0.0,3.5,99.0,0
2022-12-28 05:40:12.818302+00:00,70B3D54991EB3BA5,ECHO #2,Echo,Crossden burn @ Greenford Farm,56.55409349771759,-2.7087453156770502,07fb00000da426ac0000,479.0,0.0,3.49,99.0,0
2022-12-28 05:55:53.262525+00:00,70B3D54991EB3BA5,ECHO #2,Echo,Crossden burn @ Greenford Farm,56.55409349771759,-2.7087453156770502,07fb00000dcc26ac0000,479.0,0.0,3.53,99.0,0
2022-12-28 06:11:34.444576+00:00,70B3D54991EB3BA5,ECHO #2,Echo,Crossden burn @ Greenford Farm,56.55409349771759,-2.7087453156770502,07fc00000de026ac0000,478.0,0.0,3.55,99.0,0
2022-12-28 06:27:15.133593+00:00,70B3D54991EB3BA5,ECHO #2,Echo,Crossden burn @ Greenford Farm,56.55409349771759,-2.7087453156770502,080000000d9c26ac0000,474.0,0.0,3.48,99.0,0
2022-12-28 06:42:57.646592+00:00,70B3D54991EB3BA5,ECHO #2,Echo,Crossden burn @ Greenford Farm,56.55409349771759,-2.7087453156770502,080000000dcc26ac0000,474.0,0.0,3.53,99.0,0
2022-12-28 07:14:23.306695+00:00,70B3D54991EB3BA5,ECHO #2,Echo,Crossden burn @ Greenford Farm,56.55409349771759,-2.7087453156770502,07fe00000da826ac0000,476.0,0.0,3.5,99.0,0
2022-12-28 07:30:08.037665+00:00,70B3D54991EB3BA5,ECHO #2,Echo,Crossden burn @ Greenford Farm,56.55409349771759,-2.7087453156770502,07f900000dd426ac0000,481.0,0.0,3.54,99.0,0
2022-12-28 07:45:49.432776+00:00,70B3D54991EB3BA5,ECHO #2,Echo,Crossden burn @ Greenford Farm,56.55409349771759,-2.7087453156770502,07f800000de026ac0000,482.0,0.0,3.55,99.0,0
2022-12-28 08:01:30.312950+00:00,70B3D54991EB3BA5,ECHO #2,Echo,Crossden burn @ Greenford Farm,56.55409349771759,-2.7087453156770502,07fc00000da826ac0000,478.0,0.0,3.5,99.0,0
2022-12-28 08:17:12.224882+00:00,70B3D54991EB3BA5,ECHO #2,Echo,Crossden burn @ Greenford Farm,56.55409349771759,-2.7087453156770502,07fd00000dd026ac0000,477.0,0.0,3.54,99.0,0
2022-12-28 08:32:56.503950+00:00,70B3D54991EB3BA5,ECHO #2,Echo,Crossden burn @ Greenford Farm,56.55409349771759,-2.7087453156770502,080300000dd826ac0000,471.0,0.0,3.54,99.0,0
2022-12-28 08:48:40.416224+00:00,70B3D54991EB3BA5,ECHO #2,Echo,Crossden burn @ Greenford Farm,56.55409349771759,-2.7087453156770502,07fe00000da426ac0000,476.0,0.0,3.49,99.0,0
2022-12-28 09:04:21.848420+00:00,70B3D54991EB3BA5,ECHO #2,Echo,Crossden burn @ Greenford Farm,56.55409349771759,-2.7087453156770502,07fc00000d9c26ac0000,478.0,0.0,3.48,99.0,0
2022-12-28 09:20:05.448437+00:00,70B3D54991EB3BA5,ECHO #2,Echo,Crossden burn @ Greenford Farm,56.55409349771759,-2.7087453156770502,07fd00000dc426ac0000,477.0,0.0,3.52,99.0,0
2022-12-28 09:35:48.529102+00:00,70B3D54991EB3BA5,ECHO #2,Echo,Crossden burn @ Greenford Farm,56.55409349771759,-2.7087453156770502,080100000ddc26ac0000,473.0,0.0,3.55,99.0,0
2022-12-28 09:51:30.859071+00:00,70B3D54991EB3BA5,ECHO #2,Echo,Crossden burn @ Greenford Farm,56.55409349771759,-2.7087453156770502,07fe00000ddc26ac0000,476.0,0.0,3.55,99.0,0
2022-12-28 10:07:11.728525+00:00,70B3D54991EB3BA5,ECHO #2,Echo,Crossden burn @ Greenford Farm,56.55409349771759,-2.7087453156770502,080000000dc826ac0000,474.0,0.0,3.53,99.0,0
2022-12-28 10:22:52.657504+00:00,70B3D54991EB3BA5,ECHO #2,Echo,Crossden burn @ Greenford Farm,56.55409349771759,-2.7087453156770502,080100000de026ac0000,473.0,0.0,3.55,99.0,0
2022-12-28 10:38:33.608108+00:00,70B3D54991EB3BA5,ECHO #2,Echo,Crossden burn @ Greenford Farm,56.55409349771759,-2.7087453156770502,080500000da026ac0000,469.0,0.0,3.49,99.0,0
2022-12-28 10:54:14.375445+00:00,70B3D54991EB3BA5,ECHO #2,Echo,Crossden burn @ Greenford Farm,56.55409349771759,-2.7087453156770502,080100000dd026ac0000,473.0,0.0,3.54,99.0,0
2022-12-28 11:09:55.748203+00:00,70B3D54991EB3BA5,ECHO #2,Echo,Crossden burn @ Greenford Farm,56.55409349771759,-2.7087453156770502,080400000da426ac0000,470.0,0.0,3.49,99.0,0
2022-12-28 11:25:38.802544+00:00,70B3D54991EB3BA5,ECHO #2,Echo,Crossden burn @ Greenford Farm,56.55409349771759,-2.7087453156770502,080500000dcc26ac0000,469.0,0.0,3.53,99.0,0
2022-12-28 11:41:19.526839+00:00,70B3D54991EB3BA5,ECHO #2,Echo,Crossden burn @ Greenford Farm,56.55409349771759,-2.7087453156770502,080900000dc826ac0000,465.0,0.0,3.53,99.0,0
2022-12-28 11:57:02.857098+00:00,70B3D54991EB3BA5,ECHO #2,Echo,Crossden burn @ Greenford Farm,56.55409349771759,-2.7087453156770502,080d00000dd426ac0000,461.0,0.0,3.54,99.0,0
2022-12-28 12:12:46.498681+00:00,70B3D54991EB3BA5,ECHO #2,Echo,Crossden burn @ Greenford Farm,56.55409349771759,-2.7087453156770502,080f00000ddc26ac0000,459.0,0.0,3.55,99.0,0
2022-12-28 12:28:27.561605+00:00,70B3D54991EB3BA5,ECHO #2,Echo,Crossden burn @ Greenford Farm,56.55409349771759,-2.7087453156770502,080c00000dd826ac0000,462.0,0.0,3.54,99.0,0
2022-12-28 12:44:10.344686+00:00,70B3D54991EB3BA5,ECHO #2,Echo,Crossden burn @ Greenford Farm,56.55409349771759,-2.7087453156770502,080d00000dcc26ac0000,461.0,0.0,3.53,99.0,0
2022-12-28 12:59:51.250585+00:00,70B3D54991EB3BA5,ECHO #2,Echo,Crossden burn @ Greenford Farm,56.55409349771759,-2.7087453156770502,080f00000dd026ac0000,459.0,0.0,3.54,99.0,0
2022-12-28 13:15:31.531647+00:00,70B3D54991EB3BA5,ECHO #2,Echo,Crossden burn @ Greenford Farm,56.55409349771759,-2.7087453156770502,080f00000db426ac0000,459.0,0.0,3.51,99.0,0
2022-12-28 13:31:13.893282+00:00,70B3D54991EB3BA5,ECHO #2,Echo,Crossden burn @ Greenford Farm,56.55409349771759,-2.7087453156770502,080f00000db426ac0000,459.0,0.0,3.51,99.0,0
2022-12-28 13:46:54.539571+00:00,70B3D54991EB3BA5,ECHO #2,Echo,Crossden burn @ Greenford Farm,56.55409349771759,-2.7087453156770502,080e00000da426ac0000,460.0,0.0,3.49,99.0,0
2022-12-28 14:02:35.390497+00:00,70B3D54991EB3BA5,ECHO #2,Echo,Crossden burn @ Greenford Farm,56.55409349771759,-2.7087453156770502,081100000dd826ac0000,457.0,0.0,3.54,99.0,0
2022-12-28 14:18:19.799063+00:00,70B3D54991EB3BA5,ECHO #2,Echo,Crossden burn @ Greenford Farm,56.55409349771759,-2.7087453156770502,080b00000de026ac0000,463.0,0.0,3.55,99.0,0
2022-12-28 14:34:01.379352+00:00,70B3D54991EB3BA5,ECHO #2,Echo,Crossden burn @ Greenford Farm,56.55409349771759,-2.7087453156770502,080f00000db426ac0000,459.0,0.0,3.51,99.0,0
2022-12-28 14:49:45.756710+00:00,70B3D54991EB3BA5,ECHO #2,Echo,Crossden burn @ Greenford Farm,56.55409349771759,-2.7087453156770502,080900000dd026ac0000,465.0,0.0,3.54,99.0,0
2022-12-28 15:05:27.163138+00:00,70B3D54991EB3BA5,ECHO #2,Echo,Crossden burn @ Greenford Farm,56.55409349771759,-2.7087453156770502,080c00000dcc26ac0000,462.0,0.0,3.53,99.0,0
2022-12-28 15:21:08.428727+00:00,70B3D54991EB3BA5,ECHO #2,Echo,Crossden burn @ Greenford Farm,56.55409349771759,-2.7087453156770502,080c00000da826ac0000,462.0,0.0,3.5,99.0,0
2022-12-28 15:36:50.448860+00:00,70B3D54991EB3BA5,ECHO #2,Echo,Crossden burn @ Greenford Farm,56.55409349771759,-2.7087453156770502,080a00000dd426ac0000,464.0,0.0,3.54,99.0,0
2022-12-28 15:52:31.680569+00:00,70B3D54991EB3BA5,ECHO #2,Echo,Crossden burn @ Greenford Farm,56.55409349771759,-2.7087453156770502,080e00000db026ac0000,460.0,0.0,3.5,99.0,0
2022-12-28 16:08:13.350217+00:00,70B3D54991EB3BA5,ECHO #2,Echo,Crossden burn @ Greenford Farm,56.55409349771759,-2.7087453156770502,080f00000dc826ac0000,459.0,0.0,3.53,99.0,0
2022-12-28 16:23:57.526156+00:00,70B3D54991EB3BA5,ECHO #2,Echo,Crossden burn @ Greenford Farm,56.55409349771759,-2.7087453156770502,080700000db426ac0000,467.0,0.0,3.51,99.0,0
2022-12-28 16:39:42.181321+00:00,70B3D54991EB3BA5,ECHO #2,Echo,Crossden burn @ Greenford Farm,56.55409349771759,-2.7087453156770502,07fb00000dc026ac0000,479.0,0.0,3.52,99.0,0
2022-12-28 16:55:27.558771+00:00,70B3D54991EB3BA5,ECHO #2,Echo,Crossden burn @ Greenford Farm,56.55409349771759,-2.7087453156770502,07e800000db026ac0000,498.0,0.0,3.5,99.0,0
2022-12-28 17:11:08.941192+00:00,70B3D54991EB3BA5,ECHO #2,Echo,Crossden burn @ Greenford Farm,56.55409349771759,-2.7087453156770502,07e500000dd826ac0000,501.0,0.0,3.54,99.0,0
2022-12-28 17:26:54.257466+00:00,70B3D54991EB3BA5,ECHO #2,Echo,Crossden burn @ Greenford Farm,56.55409349771759,-2.7087453156770502,07c400000dac26ac0000,534.0,0.0,3.5,99.0,0
2022-12-28 17:42:39.250207+00:00,70B3D54991EB3BA5,ECHO #2,Echo,Crossden burn @ Greenford Farm,56.55409349771759,-2.7087453156770502,079700000dac26ac0000,579.0,0.0,3.5,99.0,0
2022-12-28 17:58:20.160606+00:00,70B3D54991EB3BA5,ECHO #2,Echo,Crossden burn @ Greenford Farm,56.55409349771759,-2.7087453156770502,079700000db026ac0000,579.0,0.0,3.5,99.0,0
2022-12-28 18:14:04.157160+00:00,70B3D54991EB3BA5,ECHO #2,Echo,Crossden burn @ Greenford Farm,56.55409349771759,-2.7087453156770502,078700000dc426ac0000,595.0,0.0,3.52,99.0,0
2022-12-28 18:29:48.134796+00:00,70B3D54991EB3BA5,ECHO #2,Echo,Crossden burn @ Greenford Farm,56.55409349771759,-2.7087453156770502,077000000dc426ac0000,618.0,0.0,3.52,99.0,0
2022-12-28 18:45:32.028093+00:00,70B3D54991EB3BA5,ECHO #2,Echo,Crossden burn @ Greenford Farm,56.55409349771759,-2.7087453156770502,075600000db426ac0000,644.0,0.0,3.51,99.0,0
2022-12-28 19:01:16.506701+00:00,70B3D54991EB3BA5,ECHO #2,Echo,Crossden burn @ Greenford Farm,56.55409349771759,-2.7087453156770502,077100000dc826ac0000,617.0,0.0,3.53,99.0,0
2022-12-28 19:17:00.382794+00:00,70B3D54991EB3BA5,ECHO #2,Echo,Crossden burn @ Greenford Farm,56.55409349771759,-2.7087453156770502,075000000dd026ac0000,650.0,0.0,3.54,99.0,0
2022-12-28 19:32:45.340272+00:00,70B3D54991EB3BA5,ECHO #2,Echo,Crossden burn @ Greenford Farm,56.55409349771759,-2.7087453156770502,076000000db426ac0000,634.0,0.0,3.51,99.0,0
2022-12-28 19:48:30.053869+00:00,70B3D54991EB3BA5,ECHO #2,Echo,Crossden burn @ Greenford Farm,56.55409349771759,-2.7087453156770502,075100000dc426ac0000,649.0,0.0,3.52,99.0,0
2022-12-28 20:04:12.280230+00:00,70B3D54991EB3BA5,ECHO #2,Echo,Crossden burn @ Greenford Farm,56.55409349771759,-2.7087453156770502,075500000db426ac0000,645.0,0.0,3.51,99.0,0
2022-12-28 20:19:56.715685+00:00,70B3D54991EB3BA5,ECHO #2,Echo,Crossden burn @ Greenford Farm,56.55409349771759,-2.7087453156770502,076300000de426ac0000,631.0,0.0,3.56,99.0,0
2022-12-28 20:35:39.762833+00:00,70B3D54991EB3BA5,ECHO #2,Echo,Crossden burn @ Greenford Farm,56.55409349771759,-2.7087453156770502,076400000dd026ac0000,630.0,0.0,3.54,99.0,0
2022-12-28 20:51:23.239485+00:00,70B3D54991EB3BA5,ECHO #2,Echo,Crossden burn @ Greenford Farm,56.55409349771759,-2.7087453156770502,076200000de826ac0000,632.0,0.0,3.56,99.0,0
2022-12-28 21:07:06.680147+00:00,70B3D54991EB3BA5,ECHO #2,Echo,Crossden burn @ Greenford Farm,56.55409349771759,-2.7087453156770502,076000000dc426ac0000,634.0,0.0,3.52,99.0,0
2022-12-28 21:22:50.750981+00:00,70B3D54991EB3BA5,ECHO #2,Echo,Crossden burn @ Greenford Farm,56.55409349771759,-2.7087453156770502,076d00000da826ac0000,621.0,0.0,3.5,99.0,0
2022-12-28 21:38:33.707657+00:00,70B3D54991EB3BA5,ECHO #2,Echo,Crossden burn @ Greenford Farm,56.55409349771759,-2.7087453156770502,076a00000df026ac0000,624.0,0.0,3.57,99.0,0
2022-12-28 21:54:15.367841+00:00,70B3D54991EB3BA5,ECHO #2,Echo,Crossden burn @ Greenford Farm,56.55409349771759,-2.7087453156770502,076800000db426ac0000,626.0,0.0,3.51,99.0,0
2022-12-28 22:09:59.618113+00:00,70B3D54991EB3BA5,ECHO #2,Echo,Crossden burn @ Greenford Farm,56.55409349771759,-2.7087453156770502,077200000dd826ac0000,616.0,0.0,3.54,99.0,0
2022-12-28 22:25:43.839110+00:00,70B3D54991EB3BA5,ECHO #2,Echo,Crossden burn @ Greenford Farm,56.55409349771759,-2.7087453156770502,077900000dec26ac0000,609.0,0.0,3.56,99.0,0
2022-12-28 22:41:28.250278+00:00,70B3D54991EB3BA5,ECHO #2,Echo,Crossden burn @ Greenford Farm,56.55409349771759,-2.7087453156770502,078900000dc426ac0000,593.0,0.0,3.52,99.0,0
2022-12-28 22:57:08.979927+00:00,70B3D54991EB3BA5,ECHO #2,Echo,Crossden burn @ Greenford Farm,56.55409349771759,-2.7087453156770502,078a00000ddc26ac0000,592.0,0.0,3.55,99.0,0
2022-12-28 23:12:52.632937+00:00,70B3D54991EB3BA5,ECHO #2,Echo,Crossden burn @ Greenford Farm,56.55409349771759,-2.7087453156770502,079b00000dd426ac0000,575.0,0.0,3.54,99.0,0
2022-12-28 23:28:36.646710+00:00,70B3D54991EB3BA5,ECHO #2,Echo,Crossden burn @ Greenford Farm,56.55409349771759,-2.7087453156770502,079500000dec26ac0000,581.0,0.0,3.56,99.0,0
2022-12-28 23:44:20.922407+00:00,70B3D54991EB3BA5,ECHO #2,Echo,Crossden burn @ Greenford Farm,56.55409349771759,-2.7087453156770502,079c00000ddc26ac0000,574.0,0.0,3.55,99.0,0
2022-12-29 00:00:01.137207+00:00,70B3D54991EB3BA5,ECHO #2,Echo,Crossden burn @ Greenford Farm,56.55409349771759,-2.7087453156770502,07a000000dd026ac0000,570.0,0.0,3.54,99.0,0
2022-12-29 00:15:42.343668+00:00,70B3D54991EB3BA5,ECHO #2,Echo,Crossden burn @ Greenford Farm,56.55409349771759,-2.7087453156770502,079d00000dd426ac0000,573.0,0.0,3.54,99.0,0
2022-12-29 00:31:24.912435+00:00,70B3D54991EB3BA5,ECHO #2,Echo,Crossden burn @ Greenford Farm,56.55409349771759,-2.7087453156770502,07a000000de426ac0000,570.0,0.0,3.56,99.0,0
2022-12-29 00:47:07.917855+00:00,70B3D54991EB3BA5,ECHO #2,Echo,Crossden burn @ Greenford Farm,56.55409349771759,-2.7087453156770502,07a100000dc026ac0000,569.0,0.0,3.52,99.0,0
2022-12-29 01:02:52.045937+00:00,70B3D54991EB3BA5,ECHO #2,Echo,Crossden burn @ Greenford Farm,56.55409349771759,-2.7087453156770502,07ac00000db426ac0000,558.0,0.0,3.51,99.0,0
2022-12-29 01:18:36.268038+00:00,70B3D54991EB3BA5,ECHO #2,Echo,Crossden burn @ Greenford Farm,56.55409349771759,-2.7087453156770502,07b200000de826ac0000,552.0,0.0,3.56,99.0,0
2022-12-29 01:34:18.223010+00:00,70B3D54991EB3BA5,ECHO #2,Echo,Crossden burn @ Greenford Farm,56.55409349771759,-2.7087453156770502,07b200000de426ac0000,552.0,0.0,3.56,99.0,0
2022-12-29 01:49:59.036914+00:00,70B3D54991EB3BA5,ECHO #2,Echo,Crossden burn @ Greenford Farm,56.55409349771759,-2.7087453156770502,07b300000db426ac0000,551.0,0.0,3.51,99.0,0
2022-12-29 02:05:41.338626+00:00,70B3D54991EB3BA5,ECHO #2,Echo,Crossden burn @ Greenford Farm,56.55409349771759,-2.7087453156770502,07b600000dcc26ac0000,548.0,0.0,3.53,99.0,0
2022-12-29 02:21:21.911881+00:00,70B3D54991EB3BA5,ECHO #2,Echo,Crossden burn @ Greenford Farm,56.55409349771759,-2.7087453156770502,07b200000db426ac0000,552.0,0.0,3.51,99.0,0
2022-12-29 02:37:06.687181+00:00,70B3D54991EB3BA5,ECHO #2,Echo,Crossden burn @ Greenford Farm,56.55409349771759,-2.7087453156770502,07bf00000db026ac0000,539.0,0.0,3.5,99.0,0
2022-12-29 02:52:47.827011+00:00,70B3D54991EB3BA5,ECHO #2,Echo,Crossden burn @ Greenford Farm,56.55409349771759,-2.7087453156770502,07c100000dcc26ac0000,537.0,0.0,3.53,99.0,0
2022-12-29 03:08:29.171137+00:00,70B3D54991EB3BA5,ECHO #2,Echo,Crossden burn @ Greenford Farm,56.55409349771759,-2.7087453156770502,07bd00000de026ac0000,541.0,0.0,3.55,99.0,0
2022-12-29 03:24:12.500367+00:00,70B3D54991EB3BA5,ECHO #2,Echo,Crossden burn @ Greenford Farm,56.55409349771759,-2.7087453156770502,07d000000ddc26ac0000,522.0,0.0,3.55,99.0,0
2022-12-29 03:39:55.695741+00:00,70B3D54991EB3BA5,ECHO #2,Echo,Crossden burn @ Greenford Farm,56.55409349771759,-2.7087453156770502,07cc00000dcc26ac0000,526.0,0.0,3.53,99.0,0
2022-12-29 03:55:38.630033+00:00,70B3D54991EB3BA5,ECHO #2,Echo,Crossden burn @ Greenford Farm,56.55409349771759,-2.7087453156770502,07ce00000db426ac0000,524.0,0.0,3.51,99.0,0
2022-12-29 04:11:22.711283+00:00,70B3D54991EB3BA5,ECHO #2,Echo,Crossden burn @ Greenford Farm,56.55409349771759,-2.7087453156770502,07d800000de026ac0000,514.0,0.0,3.55,99.0,0
2022-12-29 04:27:04.052154+00:00,70B3D54991EB3BA5,ECHO #2,Echo,Crossden burn @ Greenford Farm,56.55409349771759,-2.7087453156770502,07d700000dd826ac0000,515.0,0.0,3.54,99.0,0
2022-12-29 04:42:47.527386+00:00,70B3D54991EB3BA5,ECHO #2,Echo,Crossden burn @ Greenford Farm,56.55409349771759,-2.7087453156770502,07db00000dd026ac0000,511.0,0.0,3.54,99.0,0
2022-12-29 04:58:30.440830+00:00,70B3D54991EB3BA5,ECHO #2,Echo,Crossden burn @ Greenford Farm,56.55409349771759,-2.7087453156770502,07dd00000df026ac0000,509.0,0.0,3.57,99.0,0
2022-12-29 05:14:10.951893+00:00,70B3D54991EB3BA5,ECHO #2,Echo,Crossden burn @ Greenford Farm,56.55409349771759,-2.7087453156770502,07de00000db426ac0000,508.0,0.0,3.51,99.0,0
2022-12-29 05:29:51.362523+00:00,70B3D54991EB3BA5,ECHO #2,Echo,Crossden burn @ Greenford Farm,56.55409349771759,-2.7087453156770502,07df00000dd826ac0000,507.0,0.0,3.54,99.0,0
2022-12-29 05:45:34.374682+00:00,70B3D54991EB3BA5,ECHO #2,Echo,Crossden burn @ Greenford Farm,56.55409349771759,-2.7087453156770502,07de00000db426ac0000,508.0,0.0,3.51,99.0,0
2022-12-29 06:01:18.407381+00:00,70B3D54991EB3BA5,ECHO #2,Echo,Crossden burn @ Greenford Farm,56.55409349771759,-2.7087453156770502,07e300000dc426ac0000,503.0,0.0,3.52,99.0,0
2022-12-29 06:17:01.906102+00:00,70B3D54991EB3BA5,ECHO #2,Echo,Crossden burn @ Greenford Farm,56.55409349771759,-2.7087453156770502,07e200000dcc26ac0000,504.0,0.0,3.53,99.0,0
2022-12-29 06:32:45.813959+00:00,70B3D54991EB3BA5,ECHO #2,Echo,Crossden burn @ Greenford Farm,56.55409349771759,-2.7087453156770502,07f100000de026ac0000,489.0,0.0,3.55,99.0,0
2022-12-29 06:48:26.651557+00:00,70B3D54991EB3BA5,ECHO #2,Echo,Crossden burn @ Greenford Farm,56.55409349771759,-2.7087453156770502,07f000000dd826ac0000,490.0,0.0,3.54,99.0,0
2022-12-29 07:04:07.753100+00:00,70B3D54991EB3BA5,ECHO #2,Echo,Crossden burn @ Greenford Farm,56.55409349771759,-2.7087453156770502,07f300000ddc26ac0000,487.0,0.0,3.55,99.0,0
2022-12-29 07:19:50.900589+00:00,70B3D54991EB3BA5,ECHO #2,Echo,Crossden burn @ Greenford Farm,56.55409349771759,-2.7087453156770502,07f300000de026ac0000,487.0,0.0,3.55,99.0,0
2022-12-29 07:35:33.479038+00:00,70B3D54991EB3BA5,ECHO #2,Echo,Crossden burn @ Greenford Farm,56.55409349771759,-2.7087453156770502,07f200000db026ac0000,488.0,0.0,3.5,99.0,0
2022-12-29 07:51:13.921823+00:00,70B3D54991EB3BA5,ECHO #2,Echo,Crossden burn @ Greenford Farm,56.55409349771759,-2.7087453156770502,07f600000dc426ac0000,484.0,0.0,3.52,99.0,0
2022-12-29 08:06:54.757630+00:00,70B3D54991EB3BA5,ECHO #2,Echo,Crossden burn @ Greenford Farm,56.55409349771759,-2.7087453156770502,07f700000dd026ac0000,483.0,0.0,3.54,99.0,0
2022-12-29 08:22:35.906895+00:00,70B3D54991EB3BA5,ECHO #2,Echo,Crossden burn @ Greenford Farm,56.55409349771759,-2.7087453156770502,07f900000db426ac0000,481.0,0.0,3.51,99.0,0
2022-12-29 08:38:18.276443+00:00,70B3D54991EB3BA5,ECHO #2,Echo,Crossden burn @ Greenford Farm,56.55409349771759,-2.7087453156770502,07fc00000ddc26ac0000,478.0,0.0,3.55,99.0,0
2022-12-29 08:54:01.585714+00:00,70B3D54991EB3BA5,ECHO #2,Echo,Crossden burn @ Greenford Farm,56.55409349771759,-2.7087453156770502,07fe00000de026ac0000,476.0,0.0,3.55,99.0,0
2022-12-29 09:09:42.750735+00:00,70B3D54991EB3BA5,ECHO #2,Echo,Crossden burn @ Greenford Farm,56.55409349771759,-2.7087453156770502,07ff00000de026ac0000,475.0,0.0,3.55,99.0,0
2022-12-29 09:25:23.223492+00:00,70B3D54991EB3BA5,ECHO #2,Echo,Crossden burn @ Greenford Farm,56.55409349771759,-2.7087453156770502,080200000dcc26ac0000,472.0,0.0,3.53,99.0,0
2022-12-29 09:41:07.558495+00:00,70B3D54991EB3BA5,ECHO #2,Echo,Crossden burn @ Greenford Farm,56.55409349771759,-2.7087453156770502,07fc00000de026ac0000,478.0,0.0,3.55,99.0,0
2022-12-29 09:56:52.177149+00:00,70B3D54991EB3BA5,ECHO #2,Echo,Crossden burn @ Greenford Farm,56.55409349771759,-2.7087453156770502,080400000de826ac0000,470.0,0.0,3.56,99.0,0
2022-12-29 10:12:33.524436+00:00,70B3D54991EB3BA5,ECHO #2,Echo,Crossden burn @ Greenford Farm,56.55409349771759,-2.7087453156770502,080700000de826ac0000,467.0,0.0,3.56,99.0,0
2022-12-29 10:28:15.025675+00:00,70B3D54991EB3BA5,ECHO #2,Echo,Crossden burn @ Greenford Farm,56.55409349771759,-2.7087453156770502,080900000db426ac0000,465.0,0.0,3.51,99.0,0
2022-12-29 10:43:57.781189+00:00,70B3D54991EB3BA5,ECHO #2,Echo,Crossden burn @ Greenford Farm,56.55409349771759,-2.7087453156770502,080b00000dd426ac0000,463.0,0.0,3.54,99.0,0
2022-12-29 10:59:39.304511+00:00,70B3D54991EB3BA5,ECHO #2,Echo,Crossden burn @ Greenford Farm,56.55409349771759,-2.7087453156770502,080c00000de026ac0000,462.0,0.0,3.55,99.0,0
2022-12-29 11:15:20.792388+00:00,70B3D54991EB3BA5,ECHO #2,Echo,Crossden burn @ Greenford Farm,56.55409349771759,-2.7087453156770502,080b00000dc826ac0000,463.0,0.0,3.53,99.0,0
2022-12-29 11:31:01.395435+00:00,70B3D54991EB3BA5,ECHO #2,Echo,Crossden burn @ Greenford Farm,56.55409349771759,-2.7087453156770502,080f00000da826ac0000,459.0,0.0,3.5,99.0,0
2022-12-29 11:46:45.523822+00:00,70B3D54991EB3BA5,ECHO #2,Echo,Crossden burn @ Greenford Farm,56.55409349771759,-2.7087453156770502,081200000dc826ac0000,456.0,0.0,3.53,99.0,0
2022-12-29 12:02:26.724322+00:00,70B3D54991EB3BA5,ECHO #2,Echo,Crossden burn @ Greenford Farm,56.55409349771759,-2.7087453156770502,081500000db426ac0000,453.0,0.0,3.51,99.0,0
2022-12-29 12:18:08.680789+00:00,70B3D54991EB3BA5,ECHO #2,Echo,Crossden burn @ Greenford Farm,56.55409349771759,-2.7087453156770502,081100000de426ac0000,457.0,0.0,3.56,99.0,0
2022-12-29 12:33:49.956751+00:00,70B3D54991EB3BA5,ECHO #2,Echo,Crossden burn @ Greenford Farm,56.55409349771759,-2.7087453156770502,081000000de026ac0000,458.0,0.0,3.55,99.0,0
2022-12-29 12:49:34.203650+00:00,70B3D54991EB3BA5,ECHO #2,Echo,Crossden burn @ Greenford Farm,56.55409349771759,-2.7087453156770502,081b00000dd026ac0000,447.0,0.0,3.54,99.0,0
2022-12-29 13:05:16.887198+00:00,70B3D54991EB3BA5,ECHO #2,Echo,Crossden burn @ Greenford Farm,56.55409349771759,-2.7087453156770502,081900000da826ac0000,449.0,0.0,3.5,99.0,0
2022-12-29 13:21:02.949221+00:00,70B3D54991EB3BA5,ECHO #2,Echo,Crossden burn @ Greenford Farm,56.55409349771759,-2.7087453156770502,082000000db426ac0000,442.0,0.0,3.51,99.0,0
2022-12-29 13:36:41.461661+00:00,70B3D54991EB3BA5,ECHO #2,Echo,Crossden burn @ Greenford Farm,56.55409349771759,-2.7087453156770502,081d00000dd826ac0000,445.0,0.0,3.54,99.0,0
2022-12-29 13:52:21.622441+00:00,70B3D54991EB3BA5,ECHO #2,Echo,Crossden burn @ Greenford Farm,56.55409349771759,-2.7087453156770502,081b00000dcc26ac0000,447.0,0.0,3.53,99.0,0
2022-12-29 14:08:02.564610+00:00,70B3D54991EB3BA5,ECHO #2,Echo,Crossden burn @ Greenford Farm,56.55409349771759,-2.7087453156770502,081d00000dac26ac0000,445.0,0.0,3.5,99.0,0
2022-12-29 14:23:43.353224+00:00,70B3D54991EB3BA5,ECHO #2,Echo,Crossden burn @ Greenford Farm,56.55409349771759,-2.7087453156770502,081d00000de426ac0000,445.0,0.0,3.56,99.0,0
2022-12-29 14:39:24.399315+00:00,70B3D54991EB3BA5,ECHO #2,Echo,Crossden burn @ Greenford Farm,56.55409349771759,-2.7087453156770502,081a00000da426ac0000,448.0,0.0,3.49,99.0,0
2022-12-29 14:55:05.483989+00:00,70B3D54991EB3BA5,ECHO #2,Echo,Crossden burn @ Greenford Farm,56.55409349771759,-2.7087453156770502,081d00000dd426ac0000,445.0,0.0,3.54,99.0,0
2022-12-29 15:10:45.763399+00:00,70B3D54991EB3BA5,ECHO #2,Echo,Crossden burn @ Greenford Farm,56.55409349771759,-2.7087453156770502,081c00000dd826ac0000,446.0,0.0,3.54,99.0,0
2022-12-29 15:26:29.224308+00:00,70B3D54991EB3BA5,ECHO #2,Echo,Crossden burn @ Greenford Farm,56.55409349771759,-2.7087453156770502,082300000da426ac0000,439.0,0.0,3.49,99.0,0
2022-12-29 15:42:13.116077+00:00,70B3D54991EB3BA5,ECHO #2,Echo,Crossden burn @ Greenford Farm,56.55409349771759,-2.7087453156770502,081800000da826ac0000,450.0,0.0,3.5,99.0,0
2022-12-29 15:57:56.031839+00:00,70B3D54991EB3BA5,ECHO #2,Echo,Crossden burn @ Greenford Farm,56.55409349771759,-2.7087453156770502,081a00000dd426ac0000,448.0,0.0,3.54,99.0,0
2022-12-29 16:13:38.732839+00:00,70B3D54991EB3BA5,ECHO #2,Echo,Crossden burn @ Greenford Farm,56.55409349771759,-2.7087453156770502,081d00000ddc26ac0000,445.0,0.0,3.55,99.0,0
2022-12-29 16:29:19.767297+00:00,70B3D54991EB3BA5,ECHO #2,Echo,Crossden burn @ Greenford Farm,56.55409349771759,-2.7087453156770502,082100000ddc26ac0000,441.0,0.0,3.55,99.0,0
2022-12-29 16:45:00.703054+00:00,70B3D54991EB3BA5,ECHO #2,Echo,Crossden burn @ Greenford Farm,56.55409349771759,-2.7087453156770502,082300000dcc26ac0000,439.0,0.0,3.53,99.0,0
2022-12-29 17:00:41.797443+00:00,70B3D54991EB3BA5,ECHO #2,Echo,Crossden burn @ Greenford Farm,56.55409349771759,-2.7087453156770502,082000000dcc26ac0000,442.0,0.0,3.53,99.0,0
2022-12-29 17:16:23.606106+00:00,70B3D54991EB3BA5,ECHO #2,Echo,Crossden burn @ Greenford Farm,56.55409349771759,-2.7087453156770502,082100000de026ac0000,441.0,0.0,3.55,99.0,0
2022-12-29 17:32:08.713246+00:00,70B3D54991EB3BA5,ECHO #2,Echo,Crossden burn @ Greenford Farm,56.55409349771759,-2.7087453156770502,082900000db026ac0000,433.0,0.0,3.5,99.0,0
2022-12-29 17:47:49.722881+00:00,70B3D54991EB3BA5,ECHO #2,Echo,Crossden burn @ Greenford Farm,56.55409349771759,-2.7087453156770502,082900000db026ac0000,433.0,0.0,3.5,99.0,0
2022-12-29 18:03:30.490793+00:00,70B3D54991EB3BA5,ECHO #2,Echo,Crossden burn @ Greenford Farm,56.55409349771759,-2.7087453156770502,082900000dc426ac0000,433.0,0.0,3.52,99.0,0
2022-12-29 18:19:10.917261+00:00,70B3D54991EB3BA5,ECHO #2,Echo,Crossden burn @ Greenford Farm,56.55409349771759,-2.7087453156770502,082b00000de826ac0000,431.0,0.0,3.56,99.0,0
2022-12-29 18:34:51.442596+00:00,70B3D54991EB3BA5,ECHO #2,Echo,Crossden burn @ Greenford Farm,56.55409349771759,-2.7087453156770502,082c00000de026ac0000,430.0,0.0,3.55,99.0,0
2022-12-29 18:50:32.290446+00:00,70B3D54991EB3BA5,ECHO #2,Echo,Crossden burn @ Greenford Farm,56.55409349771759,-2.7087453156770502,082800000dc426ac0000,434.0,0.0,3.52,99.0,0
2022-12-29 19:06:14.785428+00:00,70B3D54991EB3BA5,ECHO #2,Echo,Crossden burn @ Greenford Farm,56.55409349771759,-2.7087453156770502,082b00000de026ac0000,431.0,0.0,3.55,99.0,0
2022-12-29 19:21:58.398758+00:00,70B3D54991EB3BA5,ECHO #2,Echo,Crossden burn @ Greenford Farm,56.55409349771759,-2.7087453156770502,083000000dcc26ac0000,426.0,0.0,3.53,99.0,0
2022-12-29 19:37:38.887825+00:00,70B3D54991EB3BA5,ECHO #2,Echo,Crossden burn @ Greenford Farm,56.55409349771759,-2.7087453156770502,082e00000db026ac0000,428.0,0.0,3.5,99.0,0
2022-12-29 19:53:18.926915+00:00,70B3D54991EB3BA5,ECHO #2,Echo,Crossden burn @ Greenford Farm,56.55409349771759,-2.7087453156770502,082c00000dcc26ac0000,430.0,0.0,3.53,99.0,0
2022-12-29 20:09:03.072879+00:00,70B3D54991EB3BA5,ECHO #2,Echo,Crossden burn @ Greenford Farm,56.55409349771759,-2.7087453156770502,083100000dac26ac0000,425.0,0.0,3.5,99.0,0
2022-12-29 20:24:43.892374+00:00,70B3D54991EB3BA5,ECHO #2,Echo,Crossden burn @ Greenford Farm,56.55409349771759,-2.7087453156770502,083300000db426ac0000,423.0,0.0,3.51,99.0,0
2022-12-29 20:40:25.081019+00:00,70B3D54991EB3BA5,ECHO #2,Echo,Crossden burn @ Greenford Farm,56.55409349771759,-2.7087453156770502,082f00000dac26ac0000,427.0,0.0,3.5,99.0,0
2022-12-29 20:56:06.000737+00:00,70B3D54991EB3BA5,ECHO #2,Echo,Crossden burn @ Greenford Farm,56.55409349771759,-2.7087453156770502,082f00000ddc26ac0000,427.0,0.0,3.55,99.0,0
2022-12-29 21:11:47.214388+00:00,70B3D54991EB3BA5,ECHO #2,Echo,Crossden burn @ Greenford Farm,56.55409349771759,-2.7087453156770502,083300000dc826ac0000,423.0,0.0,3.53,99.0,0
2022-12-29 21:27:28.235691+00:00,70B3D54991EB3BA5,ECHO #2,Echo,Crossden burn @ Greenford Farm,56.55409349771759,-2.7087453156770502,083300000db426ac0000,423.0,0.0,3.51,99.0,0
2022-12-29 21:58:53.563300+00:00,70B3D54991EB3BA5,ECHO #2,Echo,Crossden burn @ Greenford Farm,56.55409349771759,-2.7087453156770502,083900000ddc26ac0000,417.0,0.0,3.55,99.0,0
2022-12-29 22:14:34.656907+00:00,70B3D54991EB3BA5,ECHO #2,Echo,Crossden burn @ Greenford Farm,56.55409349771759,-2.7087453156770502,083800000dd026ac0000,418.0,0.0,3.54,99.0,0
2022-12-29 22:30:15.403935+00:00,70B3D54991EB3BA5,ECHO #2,Echo,Crossden burn @ Greenford Farm,56.55409349771759,-2.7087453156770502,083700000db426ac0000,419.0,0.0,3.51,99.0,0
2022-12-29 22:45:56.085302+00:00,70B3D54991EB3BA5,ECHO #2,Echo,Crossden burn @ Greenford Farm,56.55409349771759,-2.7087453156770502,083900000da426ac0000,417.0,0.0,3.49,99.0,0
2022-12-29 23:01:37.276592+00:00,70B3D54991EB3BA5,ECHO #2,Echo,Crossden burn @ Greenford Farm,56.55409349771759,-2.7087453156770502,083800000db026ac0000,418.0,0.0,3.5,99.0,0
2022-12-29 23:17:18.053234+00:00,70B3D54991EB3BA5,ECHO #2,Echo,Crossden burn @ Greenford Farm,56.55409349771759,-2.7087453156770502,083400000dac26ac0000,422.0,0.0,3.5,99.0,0
2022-12-29 23:33:00.724492+00:00,70B3D54991EB3BA5,ECHO #2,Echo,Crossden burn @ Greenford Farm,56.55409349771759,-2.7087453156770502,083800000db426ac0000,418.0,0.0,3.51,99.0,0
2022-12-30 00:04:24.094333+00:00,70B3D54991EB3BA5,ECHO #2,Echo,Crossden burn @ Greenford Farm,56.55409349771759,-2.7087453156770502,083800000db426ac0000,418.0,0.0,3.51,99.0,0
2022-12-30 00:20:05.198855+00:00,70B3D54991EB3BA5,ECHO #2,Echo,Crossden burn @ Greenford Farm,56.55409349771759,-2.7087453156770502,083500000ddc26ac0000,421.0,0.0,3.55,99.0,0
2022-12-30 00:35:49.237877+00:00,70B3D54991EB3BA5,ECHO #2,Echo,Crossden burn @ Greenford Farm,56.55409349771759,-2.7087453156770502,083c00000dc826ac0000,414.0,0.0,3.53,99.0,0
2022-12-30 00:51:30.267494+00:00,70B3D54991EB3BA5,ECHO #2,Echo,Crossden burn @ Greenford Farm,56.55409349771759,-2.7087453156770502,084000000de026ac0000,410.0,0.0,3.55,99.0,0
2022-12-30 01:07:11.118156+00:00,70B3D54991EB3BA5,ECHO #2,Echo,Crossden burn @ Greenford Farm,56.55409349771759,-2.7087453156770502,084100000dc426ac0000,409.0,0.0,3.52,99.0,0
2022-12-30 01:22:51.906843+00:00,70B3D54991EB3BA5,ECHO #2,Echo,Crossden burn @ Greenford Farm,56.55409349771759,-2.7087453156770502,084000000de026ac0000,410.0,0.0,3.55,99.0,0
2022-12-30 01:38:32.398416+00:00,70B3D54991EB3BA5,ECHO #2,Echo,Crossden burn @ Greenford Farm,56.55409349771759,-2.7087453156770502,084300000db426ac0000,407.0,0.0,3.51,99.0,0
2022-12-30 01:54:16.362369+00:00,70B3D54991EB3BA5,ECHO #2,Echo,Crossden burn @ Greenford Farm,56.55409349771759,-2.7087453156770502,083b00000dac26ac0000,415.0,0.0,3.5,99.0,0
2022-12-30 02:09:57.333320+00:00,70B3D54991EB3BA5,ECHO #2,Echo,Crossden burn @ Greenford Farm,56.55409349771759,-2.7087453156770502,083800000dcc26ac0000,418.0,0.0,3.53,99.0,0
2022-12-30 02:25:41.295612+00:00,70B3D54991EB3BA5,ECHO #2,Echo,Crossden burn @ Greenford Farm,56.55409349771759,-2.7087453156770502,083f00000dcc26ac0000,411.0,0.0,3.53,99.0,0
2022-12-30 02:41:25.333047+00:00,70B3D54991EB3BA5,ECHO #2,Echo,Crossden burn @ Greenford Farm,56.55409349771759,-2.7087453156770502,083700000db026ac0000,419.0,0.0,3.5,99.0,0
2022-12-30 02:57:07.803288+00:00,70B3D54991EB3BA5,ECHO #2,Echo,Crossden burn @ Greenford Farm,56.55409349771759,-2.7087453156770502,083800000dcc26ac0000,418.0,0.0,3.53,99.0,0
2022-12-30 03:12:52.480520+00:00,70B3D54991EB3BA5,ECHO #2,Echo,Crossden burn @ Greenford Farm,56.55409349771759,-2.7087453156770502,083800000de826ac0000,418.0,0.0,3.56,99.0,0
2022-12-30 03:28:33.775163+00:00,70B3D54991EB3BA5,ECHO #2,Echo,Crossden burn @ Greenford Farm,56.55409349771759,-2.7087453156770502,083800000dc426ac0000,418.0,0.0,3.52,99.0,0
2022-12-30 03:44:16.944881+00:00,70B3D54991EB3BA5,ECHO #2,Echo,Crossden burn @ Greenford Farm,56.55409349771759,-2.7087453156770502,083a00000de826ac0000,416.0,0.0,3.56,99.0,0
2022-12-30 04:00:01.357253+00:00,70B3D54991EB3BA5,ECHO #2,Echo,Crossden burn @ Greenford Farm,56.55409349771759,-2.7087453156770502,083200000dcc26ac0000,424.0,0.0,3.53,99.0,0
2022-12-30 04:15:46.456650+00:00,70B3D54991EB3BA5,ECHO #2,Echo,Crossden burn @ Greenford Farm,56.55409349771759,-2.7087453156770502,082800000de026ac0000,434.0,0.0,3.55,99.0,0
2022-12-30 04:31:30.421069+00:00,70B3D54991EB3BA5,ECHO #2,Echo,Crossden burn @ Greenford Farm,56.55409349771759,-2.7087453156770502,082200000dcc26ac0000,440.0,0.0,3.53,99.0,0
2022-12-30 04:47:15.569920+00:00,70B3D54991EB3BA5,ECHO #2,Echo,Crossden burn @ Greenford Farm,56.55409349771759,-2.7087453156770502,080e00000de826ac0000,460.0,0.0,3.56,99.0,0
2022-12-30 05:18:42.514612+00:00,70B3D54991EB3BA5,ECHO #2,Echo,Crossden burn @ Greenford Farm,56.55409349771759,-2.7087453156770502,07dc00000dcc26ac0000,510.0,0.0,3.53,99.0,0
2022-12-30 05:34:26.508403+00:00,70B3D54991EB3BA5,ECHO #2,Echo,Crossden burn @ Greenford Farm,56.55409349771759,-2.7087453156770502,07b400000dec26ac0000,550.0,0.0,3.56,99.0,0
2022-12-30 05:50:10.971329+00:00,70B3D54991EB3BA5,ECHO #2,Echo,Crossden burn @ Greenford Farm,56.55409349771759,-2.7087453156770502,07aa00000de826ac0000,560.0,0.0,3.56,99.0,0
2022-12-30 06:05:55.252185+00:00,70B3D54991EB3BA5,ECHO #2,Echo,Crossden burn @ Greenford Farm,56.55409349771759,-2.7087453156770502,078c00000de026ac0000,590.0,0.0,3.55,99.0,0
2022-12-30 06:21:40.097694+00:00,70B3D54991EB3BA5,ECHO #2,Echo,Crossden burn @ Greenford Farm,56.55409349771759,-2.7087453156770502,078700000dd426ac0000,595.0,0.0,3.54,99.0,0
2022-12-30 06:37:24.422044+00:00,70B3D54991EB3BA5,ECHO #2,Echo,Crossden burn @ Greenford Farm,56.55409349771759,-2.7087453156770502,076200000de826ac0000,632.0,0.0,3.56,99.0,0
2022-12-30 06:53:07.654385+00:00,70B3D54991EB3BA5,ECHO #2,Echo,Crossden burn @ Greenford Farm,56.55409349771759,-2.7087453156770502,076100000dd826ac0000,633.0,0.0,3.54,99.0,0
2022-12-30 07:08:52.336182+00:00,70B3D54991EB3BA5,ECHO #2,Echo,Crossden burn @ Greenford Farm,56.55409349771759,-2.7087453156770502,072600000dec26ac0000,692.0,0.0,3.56,99.0,0
2022-12-30 07:24:36.851811+00:00,70B3D54991EB3BA5,ECHO #2,Echo,Crossden burn @ Greenford Farm,56.55409349771759,-2.7087453156770502,070c00000dcc26ac0000,718.0,0.0,3.53,99.0,0
2022-12-30 07:40:21.653280+00:00,70B3D54991EB3BA5,ECHO #2,Echo,Crossden burn @ Greenford Farm,56.55409349771759,-2.7087453156770502,06ec00000dec26ac0000,750.0,0.0,3.56,99.0,0
2022-12-30 08:11:45.841179+00:00,70B3D54991EB3BA5,ECHO #2,Echo,Crossden burn @ Greenford Farm,56.55409349771759,-2.7087453156770502,06e700000dcc26ac0000,755.0,0.0,3.53,99.0,0
2022-12-30 08:27:28.906812+00:00,70B3D54991EB3BA5,ECHO #2,Echo,Crossden burn @ Greenford Farm,56.55409349771759,-2.7087453156770502,06dd00000de826ac0000,765.0,0.0,3.56,99.0,0
2022-12-30 08:43:12.061136+00:00,70B3D54991EB3BA5,ECHO #2,Echo,Crossden burn @ Greenford Farm,56.55409349771759,-2.7087453156770502,06d900000ddc26ac0000,769.0,0.0,3.55,99.0,0
2022-12-30 08:58:56.107752+00:00,70B3D54991EB3BA5,ECHO #2,Echo,Crossden burn @ Greenford Farm,56.55409349771759,-2.7087453156770502,06e400000ddc26ac0000,758.0,0.0,3.55,99.0,0
2022-12-30 09:14:40.422225+00:00,70B3D54991EB3BA5,ECHO #2,Echo,Crossden burn @ Greenford Farm,56.55409349771759,-2.7087453156770502,06f000000de426ac0000,746.0,0.0,3.56,99.0,0
2022-12-30 09:30:24.487816+00:00,70B3D54991EB3BA5,ECHO #2,Echo,Crossden burn @ Greenford Farm,56.55409349771759,-2.7087453156770502,06e300000dc426ac0000,759.0,0.0,3.52,99.0,0
2022-12-30 09:46:05.504527+00:00,70B3D54991EB3BA5,ECHO #2,Echo,Crossden burn @ Greenford Farm,56.55409349771759,-2.7087453156770502,06e600000ddc26ac0000,756.0,0.0,3.55,99.0,0
2022-12-30 10:01:50.117194+00:00,70B3D54991EB3BA5,ECHO #2,Echo,Crossden burn @ Greenford Farm,56.55409349771759,-2.7087453156770502,06d200000dc826ac0000,776.0,0.0,3.53,99.0,0
2022-12-30 10:17:33.784917+00:00,70B3D54991EB3BA5,ECHO #2,Echo,Crossden burn @ Greenford Farm,56.55409349771759,-2.7087453156770502,06bb00000dc826ac0000,799.0,0.0,3.53,99.0,0
2022-12-30 10:33:18.215126+00:00,70B3D54991EB3BA5,ECHO #2,Echo,Crossden burn @ Greenford Farm,56.55409349771759,-2.7087453156770502,06b500000dec26ac0000,805.0,0.0,3.56,99.0,0
2022-12-30 11:04:44.515446+00:00,70B3D54991EB3BA5,ECHO #2,Echo,Crossden burn @ Greenford Farm,56.55409349771759,-2.7087453156770502,06bd00000de026ac0000,797.0,0.0,3.55,99.0,0
2022-12-30 11:20:29.353870+00:00,70B3D54991EB3BA5,ECHO #2,Echo,Crossden burn @ Greenford Farm,56.55409349771759,-2.7087453156770502,06aa00000dc826ac0000,816.0,0.0,3.53,99.0,0
2022-12-30 11:36:10.858574+00:00,70B3D54991EB3BA5,ECHO #2,Echo,Crossden burn @ Greenford Farm,56.55409349771759,-2.7087453156770502,06ae00000dec26ac0000,812.0,0.0,3.56,99.0,0
2022-12-30 11:51:54.049309+00:00,70B3D54991EB3BA5,ECHO #2,Echo,Crossden burn @ Greenford Farm,56.55409349771759,-2.7087453156770502,06ae00000dd826ac0000,812.0,0.0,3.54,99.0,0
2022-12-30 12:07:38.605705+00:00,70B3D54991EB3BA5,ECHO #2,Echo,Crossden burn @ Greenford Farm,56.55409349771759,-2.7087453156770502,06b500000dec26ac0000,805.0,0.0,3.56,99.0,0
2022-12-30 12:23:20.509785+00:00,70B3D54991EB3BA5,ECHO #2,Echo,Crossden burn @ Greenford Farm,56.55409349771759,-2.7087453156770502,06b100000ddc26ac0000,809.0,0.0,3.55,99.0,0
2022-12-30 12:39:05.308292+00:00,70B3D54991EB3BA5,ECHO #2,Echo,Crossden burn @ Greenford Farm,56.55409349771759,-2.7087453156770502,06bb00000db426ac0000,799.0,0.0,3.51,99.0,0
2022-12-30 12:54:49.962034+00:00,70B3D54991EB3BA5,ECHO #2,Echo,Crossden burn @ Greenford Farm,56.55409349771759,-2.7087453156770502,06b400000dd426ac0000,806.0,0.0,3.54,99.0,0
2022-12-30 13:10:33.984749+00:00,70B3D54991EB3BA5,ECHO #2,Echo,Crossden burn @ Greenford Farm,56.55409349771759,-2.7087453156770502,06b000000dec26ac0000,810.0,0.0,3.56,99.0,0
2022-12-30 13:26:18.065782+00:00,70B3D54991EB3BA5,ECHO #2,Echo,Crossden burn @ Greenford Farm,56.55409349771759,-2.7087453156770502,06c200000dd026ac0000,792.0,0.0,3.54,99.0,0
2022-12-30 13:42:02.391297+00:00,70B3D54991EB3BA5,ECHO #2,Echo,Crossden burn @ Greenford Farm,56.55409349771759,-2.7087453156770502,06e300000de026ac0000,759.0,0.0,3.55,99.0,0
2022-12-30 14:13:27.937108+00:00,70B3D54991EB3BA5,ECHO #2,Echo,Crossden burn @ Greenford Farm,56.55409349771759,-2.7087453156770502,06e800000df026ac0000,754.0,0.0,3.57,99.0,0
2022-12-30 14:29:10.825013+00:00,70B3D54991EB3BA5,ECHO #2,Echo,Crossden burn @ Greenford Farm,56.55409349771759,-2.7087453156770502,06e800000de026ac0000,754.0,0.0,3.55,99.0,0
2022-12-30 14:44:54.966008+00:00,70B3D54991EB3BA5,ECHO #2,Echo,Crossden burn @ Greenford Farm,56.55409349771759,-2.7087453156770502,06e200000dc426ac0000,760.0,0.0,3.52,99.0,0
2022-12-30 15:00:39.183676+00:00,70B3D54991EB3BA5,ECHO #2,Echo,Crossden burn @ Greenford Farm,56.55409349771759,-2.7087453156770502,06fe00000dd026ac0000,732.0,0.0,3.54,99.0,0
2022-12-30 15:16:23.403297+00:00,70B3D54991EB3BA5,ECHO #2,Echo,Crossden burn @ Greenford Farm,56.55409349771759,-2.7087453156770502,070900000dec26ac0000,721.0,0.0,3.56,99.0,0
2022-12-30 15:32:08.070947+00:00,70B3D54991EB3BA5,ECHO #2,Echo,Crossden burn @ Greenford Farm,56.55409349771759,-2.7087453156770502,071800000de826ac0000,706.0,0.0,3.56,99.0,0
2022-12-30 15:47:52.656344+00:00,70B3D54991EB3BA5,ECHO #2,Echo,Crossden burn @ Greenford Farm,56.55409349771759,-2.7087453156770502,072500000dc426ac0000,693.0,0.0,3.52,99.0,0
2022-12-30 16:03:37.186074+00:00,70B3D54991EB3BA5,ECHO #2,Echo,Crossden burn @ Greenford Farm,56.55409349771759,-2.7087453156770502,073400000df426ac0000,678.0,0.0,3.57,99.0,0
2022-12-30 16:19:18.498546+00:00,70B3D54991EB3BA5,ECHO #2,Echo,Crossden burn @ Greenford Farm,56.55409349771759,-2.7087453156770502,073400000de826ac0000,678.0,0.0,3.56,99.0,0
2022-12-30 16:34:59.696258+00:00,70B3D54991EB3BA5,ECHO #2,Echo,Crossden burn @ Greenford Farm,56.55409349771759,-2.7087453156770502,073700000de026ac0000,675.0,0.0,3.55,99.0,0
2022-12-30 16:50:42.849272+00:00,70B3D54991EB3BA5,ECHO #2,Echo,Crossden burn @ Greenford Farm,56.55409349771759,-2.7087453156770502,073400000df426ac0000,678.0,0.0,3.57,99.0,0
2022-12-30 17:06:27.309645+00:00,70B3D54991EB3BA5,ECHO #2,Echo,Crossden burn @ Greenford Farm,56.55409349771759,-2.7087453156770502,073f00000dd826ac0000,667.0,0.0,3.54,99.0,0
2022-12-30 17:22:10.644806+00:00,70B3D54991EB3BA5,ECHO #2,Echo,Crossden burn @ Greenford Farm,56.55409349771759,-2.7087453156770502,074000000de426ac0000,666.0,0.0,3.56,99.0,0
2022-12-30 17:37:51.889484+00:00,70B3D54991EB3BA5,ECHO #2,Echo,Crossden burn @ Greenford Farm,56.55409349771759,-2.7087453156770502,074200000df026ac0000,664.0,0.0,3.57,99.0,0
2022-12-30 17:53:33.368307+00:00,70B3D54991EB3BA5,ECHO #2,Echo,Crossden burn @ Greenford Farm,56.55409349771759,-2.7087453156770502,074200000dd826ac0000,664.0,0.0,3.54,99.0,0
2022-12-30 18:09:17.310187+00:00,70B3D54991EB3BA5,ECHO #2,Echo,Crossden burn @ Greenford Farm,56.55409349771759,-2.7087453156770502,074a00000dd826ac0000,656.0,0.0,3.54,99.0,0
2022-12-30 18:25:00.457352+00:00,70B3D54991EB3BA5,ECHO #2,Echo,Crossden burn @ Greenford Farm,56.55409349771759,-2.7087453156770502,075b00000dcc26ac0000,639.0,0.0,3.53,99.0,0
2022-12-30 18:40:44.814599+00:00,70B3D54991EB3BA5,ECHO #2,Echo,Crossden burn @ Greenford Farm,56.55409349771759,-2.7087453156770502,076b00000dc426ac0000,623.0,0.0,3.52,99.0,0
2022-12-30 18:56:28.256358+00:00,70B3D54991EB3BA5,ECHO #2,Echo,Crossden burn @ Greenford Farm,56.55409349771759,-2.7087453156770502,076b00000dcc26ac0000,623.0,0.0,3.53,99.0,0
2022-12-30 19:12:11.993258+00:00,70B3D54991EB3BA5,ECHO #2,Echo,Crossden burn @ Greenford Farm,56.55409349771759,-2.7087453156770502,077300000dcc26ac0000,615.0,0.0,3.53,99.0,0
2022-12-30 19:27:55.764949+00:00,70B3D54991EB3BA5,ECHO #2,Echo,Crossden burn @ Greenford Farm,56.55409349771759,-2.7087453156770502,077200000ddc26ac0000,616.0,0.0,3.55,99.0,0
2022-12-30 19:43:39.014926+00:00,70B3D54991EB3BA5,ECHO #2,Echo,Crossden burn @ Greenford Farm,56.55409349771759,-2.7087453156770502,076d00000dd026ac0000,621.0,0.0,3.54,99.0,0
2022-12-30 19:59:22.043941+00:00,70B3D54991EB3BA5,ECHO #2,Echo,Crossden burn @ Greenford Farm,56.55409349771759,-2.7087453156770502,077100000de826ac0000,617.0,0.0,3.56,99.0,0
2022-12-30 20:15:03.159434+00:00,70B3D54991EB3BA5,ECHO #2,Echo,Crossden burn @ Greenford Farm,56.55409349771759,-2.7087453156770502,077300000de826ac0000,615.0,0.0,3.56,99.0,0
2022-12-30 20:30:46.338883+00:00,70B3D54991EB3BA5,ECHO #2,Echo,Crossden burn @ Greenford Farm,56.55409349771759,-2.7087453156770502,077600000de026ac0000,612.0,0.0,3.55,99.0,0
2022-12-30 20:46:30.014642+00:00,70B3D54991EB3BA5,ECHO #2,Echo,Crossden burn @ Greenford Farm,56.55409349771759,-2.7087453156770502,077700000dd826ac0000,611.0,0.0,3.54,99.0,0
2022-12-30 21:02:13.822512+00:00,70B3D54991EB3BA5,ECHO #2,Echo,Crossden burn @ Greenford Farm,56.55409349771759,-2.7087453156770502,077600000dcc26ac0000,612.0,0.0,3.53,99.0,0
2022-12-30 21:17:54.677627+00:00,70B3D54991EB3BA5,ECHO #2,Echo,Crossden burn @ Greenford Farm,56.55409349771759,-2.7087453156770502,077500000de026ac0000,613.0,0.0,3.55,99.0,0
2022-12-30 21:33:37.910269+00:00,70B3D54991EB3BA5,ECHO #2,Echo,Crossden burn @ Greenford Farm,56.55409349771759,-2.7087453156770502,077800000df026ac0000,610.0,0.0,3.57,99.0,0
2022-12-30 21:49:21.595369+00:00,70B3D54991EB3BA5,ECHO #2,Echo,Crossden burn @ Greenford Farm,56.55409349771759,-2.7087453156770502,078a00000de826ac0000,592.0,0.0,3.56,99.0,0
2022-12-30 22:05:04.470055+00:00,70B3D54991EB3BA5,ECHO #2,Echo,Crossden burn @ Greenford Farm,56.55409349771759,-2.7087453156770502,078600000ddc26ac0000,596.0,0.0,3.55,99.0,0
2022-12-30 22:20:48.463778+00:00,70B3D54991EB3BA5,ECHO #2,Echo,Crossden burn @ Greenford Farm,56.55409349771759,-2.7087453156770502,079500000de426ac0000,581.0,0.0,3.56,99.0,0
2022-12-30 22:36:29.469926+00:00,70B3D54991EB3BA5,ECHO #2,Echo,Crossden burn @ Greenford Farm,56.55409349771759,-2.7087453156770502,079900000dcc26ac0000,577.0,0.0,3.53,99.0,0
2022-12-30 22:52:13.561546+00:00,70B3D54991EB3BA5,ECHO #2,Echo,Crossden burn @ Greenford Farm,56.55409349771759,-2.7087453156770502,07a200000ddc26ac0000,568.0,0.0,3.55,99.0,0
2022-12-30 23:07:54.331180+00:00,70B3D54991EB3BA5,ECHO #2,Echo,Crossden burn @ Greenford Farm,56.55409349771759,-2.7087453156770502,07a100000dec26ac0000,569.0,0.0,3.56,99.0,0
2022-12-30 23:23:38.489086+00:00,70B3D54991EB3BA5,ECHO #2,Echo,Crossden burn @ Greenford Farm,56.55409349771759,-2.7087453156770502,07a800000dd426ac0000,562.0,0.0,3.54,99.0,0
2022-12-30 23:39:23.680028+00:00,70B3D54991EB3BA5,ECHO #2,Echo,Crossden burn @ Greenford Farm,56.55409349771759,-2.7087453156770502,07b200000de426ac0000,552.0,0.0,3.56,99.0,0
2022-12-30 23:55:04.723362+00:00,70B3D54991EB3BA5,ECHO #2,Echo,Crossden burn @ Greenford Farm,56.55409349771759,-2.7087453156770502,07b200000de026ac0000,552.0,0.0,3.55,99.0,0
2022-12-31 00:10:48.588535+00:00,70B3D54991EB3BA5,ECHO #2,Echo,Crossden burn @ Greenford Farm,56.55409349771759,-2.7087453156770502,07a900000ddc26ac0000,561.0,0.0,3.55,99.0,0
2022-12-31 00:26:33.500516+00:00,70B3D54991EB3BA5,ECHO #2,Echo,Crossden burn @ Greenford Farm,56.55409349771759,-2.7087453156770502,07af00000de426ac0000,555.0,0.0,3.56,99.0,0
2022-12-31 00:42:15.577455+00:00,70B3D54991EB3BA5,ECHO #2,Echo,Crossden burn @ Greenford Farm,56.55409349771759,-2.7087453156770502,07b200000dec26ac0000,552.0,0.0,3.56,99.0,0
2022-12-31 00:57:59.674312+00:00,70B3D54991EB3BA5,ECHO #2,Echo,Crossden burn @ Greenford Farm,56.55409349771759,-2.7087453156770502,07be00000dcc26ac0000,540.0,0.0,3.53,99.0,0
2022-12-31 01:13:42.870082+00:00,70B3D54991EB3BA5,ECHO #2,Echo,Crossden burn @ Greenford Farm,56.55409349771759,-2.7087453156770502,07be00000ddc26ac0000,540.0,0.0,3.55,99.0,0
2022-12-31 01:29:24.130791+00:00,70B3D54991EB3BA5,ECHO #2,Echo,Crossden burn @ Greenford Farm,56.55409349771759,-2.7087453156770502,07bb00000dd026ac0000,543.0,0.0,3.54,99.0,0
2022-12-31 01:45:08.407869+00:00,70B3D54991EB3BA5,ECHO #2,Echo,Crossden burn @ Greenford Farm,56.55409349771759,-2.7087453156770502,07c600000dcc26ac0000,532.0,0.0,3.53,99.0,0
2022-12-31 02:00:52.472564+00:00,70B3D54991EB3BA5,ECHO #2,Echo,Crossden burn @ Greenford Farm,56.55409349771759,-2.7087453156770502,07c300000dcc26ac0000,535.0,0.0,3.53,99.0,0
2022-12-31 02:16:33.124120+00:00,70B3D54991EB3BA5,ECHO #2,Echo,Crossden burn @ Greenford Farm,56.55409349771759,-2.7087453156770502,07c500000dcc26ac0000,533.0,0.0,3.53,99.0,0
2022-12-31 02:32:15.654843+00:00,70B3D54991EB3BA5,ECHO #2,Echo,Crossden burn @ Greenford Farm,56.55409349771759,-2.7087453156770502,07c700000df026ac0000,531.0,0.0,3.57,99.0,0
2022-12-31 02:48:00.138260+00:00,70B3D54991EB3BA5,ECHO #2,Echo,Crossden burn @ Greenford Farm,56.55409349771759,-2.7087453156770502,07d300000ddc26ac0000,519.0,0.0,3.55,99.0,0
2022-12-31 03:19:25.401072+00:00,70B3D54991EB3BA5,ECHO #2,Echo,Crossden burn @ Greenford Farm,56.55409349771759,-2.7087453156770502,07d500000dd826ac0000,517.0,0.0,3.54,99.0,0
2022-12-31 03:35:09.846683+00:00,70B3D54991EB3BA5,ECHO #2,Echo,Crossden burn @ Greenford Farm,56.55409349771759,-2.7087453156770502,07dc00000dd426ac0000,510.0,0.0,3.54,99.0,0
2022-12-31 03:50:51.035284+00:00,70B3D54991EB3BA5,ECHO #2,Echo,Crossden burn @ Greenford Farm,56.55409349771759,-2.7087453156770502,07de00000de026ac0000,508.0,0.0,3.55,99.0,0
2022-12-31 04:06:31.884791+00:00,70B3D54991EB3BA5,ECHO #2,Echo,Crossden burn @ Greenford Farm,56.55409349771759,-2.7087453156770502,07e000000dd826ac0000,506.0,0.0,3.54,99.0,0
2022-12-31 04:22:15.998821+00:00,70B3D54991EB3BA5,ECHO #2,Echo,Crossden burn @ Greenford Farm,56.55409349771759,-2.7087453156770502,07da00000df026ac0000,512.0,0.0,3.57,99.0,0
2022-12-31 04:37:59.584923+00:00,70B3D54991EB3BA5,ECHO #2,Echo,Crossden burn @ Greenford Farm,56.55409349771759,-2.7087453156770502,07da00000dd826ac0000,512.0,0.0,3.54,99.0,0
2022-12-31 04:53:43.935378+00:00,70B3D54991EB3BA5,ECHO #2,Echo,Crossden burn @ Greenford Farm,56.55409349771759,-2.7087453156770502,07e200000dc826ac0000,504.0,0.0,3.53,99.0,0
2022-12-31 05:09:24.921131+00:00,70B3D54991EB3BA5,ECHO #2,Echo,Crossden burn @ Greenford Farm,56.55409349771759,-2.7087453156770502,07e500000de426ac0000,501.0,0.0,3.56,99.0,0
2022-12-31 05:25:06.239575+00:00,70B3D54991EB3BA5,ECHO #2,Echo,Crossden burn @ Greenford Farm,56.55409349771759,-2.7087453156770502,07e400000de026ac0000,502.0,0.0,3.55,99.0,0
2022-12-31 05:40:49.807820+00:00,70B3D54991EB3BA5,ECHO #2,Echo,Crossden burn @ Greenford Farm,56.55409349771759,-2.7087453156770502,07eb00000dcc26ac0000,495.0,0.0,3.53,99.0,0
2022-12-31 05:56:30.779925+00:00,70B3D54991EB3BA5,ECHO #2,Echo,Crossden burn @ Greenford Farm,56.55409349771759,-2.7087453156770502,07e900000db426ac0000,497.0,0.0,3.51,99.0,0
2022-12-31 06:12:11.285398+00:00,70B3D54991EB3BA5,ECHO #2,Echo,Crossden burn @ Greenford Farm,56.55409349771759,-2.7087453156770502,07e700000db026ac0000,499.0,0.0,3.5,99.0,0
2022-12-31 06:27:51.693196+00:00,70B3D54991EB3BA5,ECHO #2,Echo,Crossden burn @ Greenford Farm,56.55409349771759,-2.7087453156770502,07eb00000de026ac0000,495.0,0.0,3.55,99.0,0
2022-12-31 06:43:32.370400+00:00,70B3D54991EB3BA5,ECHO #2,Echo,Crossden burn @ Greenford Farm,56.55409349771759,-2.7087453156770502,07e900000db426ac0000,497.0,0.0,3.51,99.0,0
2022-12-31 06:59:13.129122+00:00,70B3D54991EB3BA5,ECHO #2,Echo,Crossden burn @ Greenford Farm,56.55409349771759,-2.7087453156770502,07ed00000de826ac0000,493.0,0.0,3.56,99.0,0
2022-12-31 07:14:54.767802+00:00,70B3D54991EB3BA5,ECHO #2,Echo,Crossden burn @ Greenford Farm,56.55409349771759,-2.7087453156770502,07ed00000df426ac0000,493.0,0.0,3.57,99.0,0
2022-12-31 07:30:35.764256+00:00,70B3D54991EB3BA5,ECHO #2,Echo,Crossden burn @ Greenford Farm,56.55409349771759,-2.7087453156770502,07ef00000df426ac0000,491.0,0.0,3.57,99.0,0
2022-12-31 07:46:17.561203+00:00,70B3D54991EB3BA5,ECHO #2,Echo,Crossden burn @ Greenford Farm,56.55409349771759,-2.7087453156770502,07f300000de026ac0000,487.0,0.0,3.55,99.0,0
2022-12-31 08:01:58.766207+00:00,70B3D54991EB3BA5,ECHO #2,Echo,Crossden burn @ Greenford Farm,56.55409349771759,-2.7087453156770502,07ef00000de026ac0000,491.0,0.0,3.55,99.0,0
2022-12-31 08:17:42.370149+00:00,70B3D54991EB3BA5,ECHO #2,Echo,Crossden burn @ Greenford Farm,56.55409349771759,-2.7087453156770502,07f500000db426ac0000,485.0,0.0,3.51,99.0,0
2022-12-31 08:33:22.946601+00:00,70B3D54991EB3BA5,ECHO #2,Echo,Crossden burn @ Greenford Farm,56.55409349771759,-2.7087453156770502,07f600000dc426ac0000,484.0,0.0,3.52,99.0,0
2022-12-31 08:49:04.093544+00:00,70B3D54991EB3BA5,ECHO #2,Echo,Crossden burn @ Greenford Farm,56.55409349771759,-2.7087453156770502,07f900000ddc26ac0000,481.0,0.0,3.55,99.0,0
2022-12-31 09:04:45.522174+00:00,70B3D54991EB3BA5,ECHO #2,Echo,Crossden burn @ Greenford Farm,56.55409349771759,-2.7087453156770502,07f900000dc826ac0000,481.0,0.0,3.53,99.0,0
2022-12-31 09:20:26.891000+00:00,70B3D54991EB3BA5,ECHO #2,Echo,Crossden burn @ Greenford Farm,56.55409349771759,-2.7087453156770502,07f500000da426ac0000,485.0,0.0,3.49,99.0,0
2022-12-31 09:36:10.844772+00:00,70B3D54991EB3BA5,ECHO #2,Echo,Crossden burn @ Greenford Farm,56.55409349771759,-2.7087453156770502,07ff00000de426ac0000,475.0,0.0,3.56,99.0,0
2022-12-31 09:51:52.159829+00:00,70B3D54991EB3BA5,ECHO #2,Echo,Crossden burn @ Greenford Farm,56.55409349771759,-2.7087453156770502,07fe00000dd426ac0000,476.0,0.0,3.54,99.0,0
2022-12-31 10:07:33.641106+00:00,70B3D54991EB3BA5,ECHO #2,Echo,Crossden burn @ Greenford Farm,56.55409349771759,-2.7087453156770502,07fb00000dcc26ac0000,479.0,0.0,3.53,99.0,0
2022-12-31 10:23:17.816986+00:00,70B3D54991EB3BA5,ECHO #2,Echo,Crossden burn @ Greenford Farm,56.55409349771759,-2.7087453156770502,080300000dc026ac0000,471.0,0.0,3.52,99.0,0
2022-12-31 10:38:59.099323+00:00,70B3D54991EB3BA5,ECHO #2,Echo,Crossden burn @ Greenford Farm,56.55409349771759,-2.7087453156770502,080100000dc826ac0000,473.0,0.0,3.53,99.0,0
2022-12-31 10:54:43.018531+00:00,70B3D54991EB3BA5,ECHO #2,Echo,Crossden burn @ Greenford Farm,56.55409349771759,-2.7087453156770502,080500000ddc26ac0000,469.0,0.0,3.55,99.0,0
2022-12-31 11:10:26.276675+00:00,70B3D54991EB3BA5,ECHO #2,Echo,Crossden burn @ Greenford Farm,56.55409349771759,-2.7087453156770502,080100000da826ac0000,473.0,0.0,3.5,99.0,0
2022-12-31 11:26:07.359364+00:00,70B3D54991EB3BA5,ECHO #2,Echo,Crossden burn @ Greenford Farm,56.55409349771759,-2.7087453156770502,080300000dac26ac0000,471.0,0.0,3.5,99.0,0
2022-12-31 11:41:50.873696+00:00,70B3D54991EB3BA5,ECHO #2,Echo,Crossden burn @ Greenford Farm,56.55409349771759,-2.7087453156770502,080700000db026ac0000,467.0,0.0,3.5,99.0,0
2022-12-31 11:57:33.389109+00:00,70B3D54991EB3BA5,ECHO #2,Echo,Crossden burn @ Greenford Farm,56.55409349771759,-2.7087453156770502,080900000dd826ac0000,465.0,0.0,3.54,99.0,0
2022-12-31 12:13:15.326128+00:00,70B3D54991EB3BA5,ECHO #2,Echo,Crossden burn @ Greenford Farm,56.55409349771759,-2.7087453156770502,080900000de426ac0000,465.0,0.0,3.56,99.0,0
2022-12-31 12:28:56.237599+00:00,70B3D54991EB3BA5,ECHO #2,Echo,Crossden burn @ Greenford Farm,56.55409349771759,-2.7087453156770502,080a00000dd026ac0000,464.0,0.0,3.54,99.0,0
2022-12-31 12:44:40.263191+00:00,70B3D54991EB3BA5,ECHO #2,Echo,Crossden burn @ Greenford Farm,56.55409349771759,-2.7087453156770502,081200000dcc26ac0000,456.0,0.0,3.53,99.0,0
2022-12-31 13:00:23.549189+00:00,70B3D54991EB3BA5,ECHO #2,Echo,Crossden burn @ Greenford Farm,56.55409349771759,-2.7087453156770502,081400000de026ac0000,454.0,0.0,3.55,99.0,0
2022-12-31 13:16:07.991849+00:00,70B3D54991EB3BA5,ECHO #2,Echo,Crossden burn @ Greenford Farm,56.55409349771759,-2.7087453156770502,080f00000dcc26ac0000,459.0,0.0,3.53,99.0,0
2022-12-31 13:31:49.251188+00:00,70B3D54991EB3BA5,ECHO #2,Echo,Crossden burn @ Greenford Farm,56.55409349771759,-2.7087453156770502,080f00000dcc26ac0000,459.0,0.0,3.53,99.0,0
2022-12-31 13:47:33.278641+00:00,70B3D54991EB3BA5,ECHO #2,Echo,Crossden burn @ Greenford Farm,56.55409349771759,-2.7087453156770502,081500000db026ac0000,453.0,0.0,3.5,99.0,0
2022-12-31 14:03:14.454785+00:00,70B3D54991EB3BA5,ECHO #2,Echo,Crossden burn @ Greenford Farm,56.55409349771759,-2.7087453156770502,081100000dcc26ac0000,457.0,0.0,3.53,99.0,0
2022-12-31 14:18:56.134004+00:00,70B3D54991EB3BA5,ECHO #2,Echo,Crossden burn @ Greenford Farm,56.55409349771759,-2.7087453156770502,081300000db426ac0000,455.0,0.0,3.51,99.0,0
2022-12-31 14:34:36.507836+00:00,70B3D54991EB3BA5,ECHO #2,Echo,Crossden burn @ Greenford Farm,56.55409349771759,-2.7087453156770502,081000000db026ac0000,458.0,0.0,3.5,99.0,0
2022-12-31 14:50:20.706166+00:00,70B3D54991EB3BA5,ECHO #2,Echo,Crossden burn @ Greenford Farm,56.55409349771759,-2.7087453156770502,081500000ddc26ac0000,453.0,0.0,3.55,99.0,0
2022-12-31 15:06:01.814483+00:00,70B3D54991EB3BA5,ECHO #2,Echo,Crossden burn @ Greenford Farm,56.55409349771759,-2.7087453156770502,081900000dcc26ac0000,449.0,0.0,3.53,99.0,0
2022-12-31 15:21:42.893577+00:00,70B3D54991EB3BA5,ECHO #2,Echo,Crossden burn @ Greenford Farm,56.55409349771759,-2.7087453156770502,081800000dc826ac0000,450.0,0.0,3.53,99.0,0
2022-12-31 15:37:24.368975+00:00,70B3D54991EB3BA5,ECHO #2,Echo,Crossden burn @ Greenford Farm,56.55409349771759,-2.7087453156770502,081600000de026ac0000,452.0,0.0,3.55,99.0,0
2022-12-31 15:53:04.935830+00:00,70B3D54991EB3BA5,ECHO #2,Echo,Crossden burn @ Greenford Farm,56.55409349771759,-2.7087453156770502,081800000dd826ac0000,450.0,0.0,3.54,99.0,0
2022-12-31 16:08:45.887983+00:00,70B3D54991EB3BA5,ECHO #2,Echo,Crossden burn @ Greenford Farm,56.55409349771759,-2.7087453156770502,081a00000dc826ac0000,448.0,0.0,3.53,99.0,0
2022-12-31 16:24:27.360319+00:00,70B3D54991EB3BA5,ECHO #2,Echo,Crossden burn @ Greenford Farm,56.55409349771759,-2.7087453156770502,081900000dc826ac0000,449.0,0.0,3.53,99.0,0
2022-12-31 16:40:08.609246+00:00,70B3D54991EB3BA5,ECHO #2,Echo,Crossden burn @ Greenford Farm,56.55409349771759,-2.7087453156770502,081d00000dcc26ac0000,445.0,0.0,3.53,99.0,0
2022-12-31 16:55:49.556551+00:00,70B3D54991EB3BA5,ECHO #2,Echo,Crossden burn @ Greenford Farm,56.55409349771759,-2.7087453156770502,082000000dc426ac0000,442.0,0.0,3.52,99.0,0
2022-12-31 17:11:30.814336+00:00,70B3D54991EB3BA5,ECHO #2,Echo,Crossden burn @ Greenford Farm,56.55409349771759,-2.7087453156770502,081f00000dcc26ac0000,443.0,0.0,3.53,99.0,0
2022-12-31 17:27:13.256783+00:00,70B3D54991EB3BA5,ECHO #2,Echo,Crossden burn @ Greenford Farm,56.55409349771759,-2.7087453156770502,081b00000ddc26ac0000,447.0,0.0,3.55,99.0,0
2022-12-31 17:42:56.704816+00:00,70B3D54991EB3BA5,ECHO #2,Echo,Crossden burn @ Greenford Farm,56.55409349771759,-2.7087453156770502,081d00000de026ac0000,445.0,0.0,3.55,99.0,0
2022-12-31 17:58:38.262292+00:00,70B3D54991EB3BA5,ECHO #2,Echo,Crossden burn @ Greenford Farm,56.55409349771759,-2.7087453156770502,081d00000ddc26ac0000,445.0,0.0,3.55,99.0,0
2022-12-31 18:14:20.054216+00:00,70B3D54991EB3BA5,ECHO #2,Echo,Crossden burn @ Greenford Farm,56.55409349771759,-2.7087453156770502,082100000dd826ac0000,441.0,0.0,3.54,99.0,0
2022-12-31 18:30:01.204357+00:00,70B3D54991EB3BA5,ECHO #2,Echo,Crossden burn @ Greenford Farm,56.55409349771759,-2.7087453156770502,082000000ddc26ac0000,442.0,0.0,3.55,99.0,0
2022-12-31 18:45:44.541079+00:00,70B3D54991EB3BA5,ECHO #2,Echo,Crossden burn @ Greenford Farm,56.55409349771759,-2.7087453156770502,081c00000dc826ac0000,446.0,0.0,3.53,99.0,0
2022-12-31 19:01:25.712923+00:00,70B3D54991EB3BA5,ECHO #2,Echo,Crossden burn @ Greenford Farm,56.55409349771759,-2.7087453156770502,081e00000ddc26ac0000,444.0,0.0,3.55,99.0,0
2022-12-31 19:17:09.131918+00:00,70B3D54991EB3BA5,ECHO #2,Echo,Crossden burn @ Greenford Farm,56.55409349771759,-2.7087453156770502,082200000dcc26ac0000,440.0,0.0,3.53,99.0,0
2022-12-31 19:32:50.384379+00:00,70B3D54991EB3BA5,ECHO #2,Echo,Crossden burn @ Greenford Farm,56.55409349771759,-2.7087453156770502,081e00000dd826ac0000,444.0,0.0,3.54,99.0,0
2022-12-31 19:48:34.792321+00:00,70B3D54991EB3BA5,ECHO #2,Echo,Crossden burn @ Greenford Farm,56.55409349771759,-2.7087453156770502,082900000ddc26ac0000,433.0,0.0,3.55,99.0,0
2022-12-31 20:04:15.961164+00:00,70B3D54991EB3BA5,ECHO #2,Echo,Crossden burn @ Greenford Farm,56.55409349771759,-2.7087453156770502,082900000de426ac0000,433.0,0.0,3.56,99.0,0
2022-12-31 20:19:59.670099+00:00,70B3D54991EB3BA5,ECHO #2,Echo,Crossden burn @ Greenford Farm,56.55409349771759,-2.7087453156770502,082400000dcc26ac0000,438.0,0.0,3.53,99.0,0
2022-12-31 20:35:41.696986+00:00,70B3D54991EB3BA5,ECHO #2,Echo,Crossden burn @ Greenford Farm,56.55409349771759,-2.7087453156770502,082600000df026ac0000,436.0,0.0,3.57,99.0,0
2022-12-31 20:51:22.167453+00:00,70B3D54991EB3BA5,ECHO #2,Echo,Crossden burn @ Greenford Farm,56.55409349771759,-2.7087453156770502,082700000db426ac0000,435.0,0.0,3.51,99.0,0
2022-12-31 21:07:05.980663+00:00,70B3D54991EB3BA5,ECHO #2,Echo,Crossden burn @ Greenford Farm,56.55409349771759,-2.7087453156770502,082a00000ddc26ac0000,432.0,0.0,3.55,99.0,0
2022-12-31 21:22:47.071700+00:00,70B3D54991EB3BA5,ECHO #2,Echo,Crossden burn @ Greenford Farm,56.55409349771759,-2.7087453156770502,082900000dcc26ac0000,433.0,0.0,3.53,99.0,0
2022-12-31 21:38:28.567443+00:00,70B3D54991EB3BA5,ECHO #2,Echo,Crossden burn @ Greenford Farm,56.55409349771759,-2.7087453156770502,082c00000dec26ac0000,430.0,0.0,3.56,99.0,0
2022-12-31 21:54:09.317978+00:00,70B3D54991EB3BA5,ECHO #2,Echo,Crossden burn @ Greenford Farm,56.55409349771759,-2.7087453156770502,082e00000dd826ac0000,428.0,0.0,3.54,99.0,0
2022-12-31 22:25:35.085988+00:00,70B3D54991EB3BA5,ECHO #2,Echo,Crossden burn @ Greenford Farm,56.55409349771759,-2.7087453156770502,082c00000dd426ac0000,430.0,0.0,3.54,99.0,0
2022-12-31 22:41:17.123842+00:00,70B3D54991EB3BA5,ECHO #2,Echo,Crossden burn @ Greenford Farm,56.55409349771759,-2.7087453156770502,082a00000dec26ac0000,432.0,0.0,3.56,99.0,0
2022-12-31 22:57:00.488834+00:00,70B3D54991EB3BA5,ECHO #2,Echo,Crossden burn @ Greenford Farm,56.55409349771759,-2.7087453156770502,082900000dec26ac0000,433.0,0.0,3.56,99.0,0
2022-12-31 23:12:44.142532+00:00,70B3D54991EB3BA5,ECHO #2,Echo,Crossden burn @ Greenford Farm,56.55409349771759,-2.7087453156770502,082d00000dac26ac0000,429.0,0.0,3.5,99.0,0
2022-12-31 23:28:25.469057+00:00,70B3D54991EB3BA5,ECHO #2,Echo,Crossden burn @ Greenford Farm,56.55409349771759,-2.7087453156770502,083100000df426ac0000,425.0,0.0,3.57,99.0,0
2022-12-31 23:44:09.455139+00:00,70B3D54991EB3BA5,ECHO #2,Echo,Crossden burn @ Greenford Farm,56.55409349771759,-2.7087453156770502,083200000de826ac0000,424.0,0.0,3.56,99.0,0
2022-12-31 23:59:52.748982+00:00,70B3D54991EB3BA5,ECHO #2,Echo,Crossden burn @ Greenford Farm,56.55409349771759,-2.7087453156770502,083100000db426ac0000,425.0,0.0,3.51,99.0,0
2023-01-01 00:15:33.949263+00:00,70B3D54991EB3BA5,ECHO #2,Echo,Crossden burn @ Greenford Farm,56.55409349771759,-2.7087453156770502,083100000db026ac0000,425.0,0.0,3.5,99.0,0
2023-01-01 00:31:15.200291+00:00,70B3D54991EB3BA5,ECHO #2,Echo,Crossden burn @ Greenford Farm,56.55409349771759,-2.7087453156770502,083000000db426ac0000,426.0,0.0,3.51,99.0,0
2023-01-01 00:46:57.043675+00:00,70B3D54991EB3BA5,ECHO #2,Echo,Crossden burn @ Greenford Farm,56.55409349771759,-2.7087453156770502,082e00000de426ac0000,428.0,0.0,3.56,99.0,0
2023-01-01 01:02:38.533960+00:00,70B3D54991EB3BA5,ECHO #2,Echo,Crossden burn @ Greenford Farm,56.55409349771759,-2.7087453156770502,082f00000dec26ac0000,427.0,0.0,3.56,99.0,0
2023-01-01 01:18:21.639871+00:00,70B3D54991EB3BA5,ECHO #2,Echo,Crossden burn @ Greenford Farm,56.55409349771759,-2.7087453156770502,083000000dcc26ac0000,426.0,0.0,3.53,99.0,0
2023-01-01 01:34:03.127006+00:00,70B3D54991EB3BA5,ECHO #2,Echo,Crossden burn @ Greenford Farm,56.55409349771759,-2.7087453156770502,083400000dec26ac0000,422.0,0.0,3.56,99.0,0
2023-01-01 01:49:44.369345+00:00,70B3D54991EB3BA5,ECHO #2,Echo,Crossden burn @ Greenford Farm,56.55409349771759,-2.7087453156770502,083000000db026ac0000,426.0,0.0,3.5,99.0,0
2023-01-01 02:05:25.894249+00:00,70B3D54991EB3BA5,ECHO #2,Echo,Crossden burn @ Greenford Farm,56.55409349771759,-2.7087453156770502,083100000dcc26ac0000,425.0,0.0,3.53,99.0,0
2023-01-01 02:21:07.217411+00:00,70B3D54991EB3BA5,ECHO #2,Echo,Crossden burn @ Greenford Farm,56.55409349771759,-2.7087453156770502,082d00000df026ac0000,429.0,0.0,3.57,99.0,0
2023-01-01 02:36:48.415812+00:00,70B3D54991EB3BA5,ECHO #2,Echo,Crossden burn @ Greenford Farm,56.55409349771759,-2.7087453156770502,082f00000de426ac0000,427.0,0.0,3.56,99.0,0
2023-01-01 02:52:29.982771+00:00,70B3D54991EB3BA5,ECHO #2,Echo,Crossden burn @ Greenford Farm,56.55409349771759,-2.7087453156770502,083100000de826ac0000,425.0,0.0,3.56,99.0,0
2023-01-01 03:08:11.136857+00:00,70B3D54991EB3BA5,ECHO #2,Echo,Crossden burn @ Greenford Farm,56.55409349771759,-2.7087453156770502,083100000dec26ac0000,425.0,0.0,3.56,99.0,0
2023-01-01 03:23:52.653595+00:00,70B3D54991EB3BA5,ECHO #2,Echo,Crossden burn @ Greenford Farm,56.55409349771759,-2.7087453156770502,083000000db026ac0000,426.0,0.0,3.5,99.0,0
2023-01-01 03:39:34.030418+00:00,70B3D54991EB3BA5,ECHO #2,Echo,Crossden burn @ Greenford Farm,56.55409349771759,-2.7087453156770502,083300000dec26ac0000,423.0,0.0,3.56,99.0,0
2023-01-01 03:55:15.149151+00:00,70B3D54991EB3BA5,ECHO #2,Echo,Crossden burn @ Greenford Farm,56.55409349771759,-2.7087453156770502,083300000db426ac0000,423.0,0.0,3.51,99.0,0
2023-01-01 04:10:58.819581+00:00,70B3D54991EB3BA5,ECHO #2,Echo,Crossden burn @ Greenford Farm,56.55409349771759,-2.7087453156770502,083200000ddc26ac0000,424.0,0.0,3.55,99.0,0
2023-01-01 04:42:25.497107+00:00,70B3D54991EB3BA5,ECHO #2,Echo,Crossden burn @ Greenford Farm,56.55409349771759,-2.7087453156770502,082a00000dd426ac0000,432.0,0.0,3.54,99.0,0
2023-01-01 04:58:06.488263+00:00,70B3D54991EB3BA5,ECHO #2,Echo,Crossden burn @ Greenford Farm,56.55409349771759,-2.7087453156770502,082a00000db426ac0000,432.0,0.0,3.51,99.0,0
2023-01-01 05:13:47.797289+00:00,70B3D54991EB3BA5,ECHO #2,Echo,Crossden burn @ Greenford Farm,56.55409349771759,-2.7087453156770502,082700000dec26ac0000,435.0,0.0,3.56,99.0,0
2023-01-01 05:29:31.518063+00:00,70B3D54991EB3BA5,ECHO #2,Echo,Crossden burn @ Greenford Farm,56.55409349771759,-2.7087453156770502,082500000db426ac0000,437.0,0.0,3.51,99.0,0
2023-01-01 05:45:15.920877+00:00,70B3D54991EB3BA5,ECHO #2,Echo,Crossden burn @ Greenford Farm,56.55409349771759,-2.7087453156770502,081f00000db426ac0000,443.0,0.0,3.51,99.0,0
2023-01-01 06:00:57.104427+00:00,70B3D54991EB3BA5,ECHO #2,Echo,Crossden burn @ Greenford Farm,56.55409349771759,-2.7087453156770502,082300000dcc26ac0000,439.0,0.0,3.53,99.0,0
2023-01-01 06:16:41.693900+00:00,70B3D54991EB3BA5,ECHO #2,Echo,Crossden burn @ Greenford Farm,56.55409349771759,-2.7087453156770502,081900000db426ac0000,449.0,0.0,3.51,99.0,0
2023-01-01 06:32:23.150649+00:00,70B3D54991EB3BA5,ECHO #2,Echo,Crossden burn @ Greenford Farm,56.55409349771759,-2.7087453156770502,081900000dec26ac0000,449.0,0.0,3.56,99.0,0
2023-01-01 06:48:08.066855+00:00,70B3D54991EB3BA5,ECHO #2,Echo,Crossden burn @ Greenford Farm,56.55409349771759,-2.7087453156770502,081200000df426ac0000,456.0,0.0,3.57,99.0,0
2023-01-01 07:03:51.717873+00:00,70B3D54991EB3BA5,ECHO #2,Echo,Crossden burn @ Greenford Farm,56.55409349771759,-2.7087453156770502,081200000df026ac0000,456.0,0.0,3.57,99.0,0
2023-01-01 07:19:33.532810+00:00,70B3D54991EB3BA5,ECHO #2,Echo,Crossden burn @ Greenford Farm,56.55409349771759,-2.7087453156770502,080e00000dd426ac0000,460.0,0.0,3.54,99.0,0
2023-01-01 07:50:56.295385+00:00,70B3D54991EB3BA5,ECHO #2,Echo,Crossden burn @ Greenford Farm,56.55409349771759,-2.7087453156770502,080d00000de026ac0000,461.0,0.0,3.55,99.0,0
2023-01-01 08:06:37.603823+00:00,70B3D54991EB3BA5,ECHO #2,Echo,Crossden burn @ Greenford Farm,56.55409349771759,-2.7087453156770502,080b00000dd426ac0000,463.0,0.0,3.54,99.0,0
2023-01-01 08:22:19.062061+00:00,70B3D54991EB3BA5,ECHO #2,Echo,Crossden burn @ Greenford Farm,56.55409349771759,-2.7087453156770502,080700000dd026ac0000,467.0,0.0,3.54,99.0,0
2023-01-01 08:38:00.751594+00:00,70B3D54991EB3BA5,ECHO #2,Echo,Crossden burn @ Greenford Farm,56.55409349771759,-2.7087453156770502,080300000db426ac0000,471.0,0.0,3.51,99.0,0
2023-01-01 08:53:45.643840+00:00,70B3D54991EB3BA5,ECHO #2,Echo,Crossden burn @ Greenford Farm,56.55409349771759,-2.7087453156770502,080b00000dec26ac0000,463.0,0.0,3.56,99.0,0
2023-01-01 09:09:27.801141+00:00,70B3D54991EB3BA5,ECHO #2,Echo,Crossden burn @ Greenford Farm,56.55409349771759,-2.7087453156770502,080b00000df426ac0000,463.0,0.0,3.57,99.0,0
2023-01-01 09:25:11.232052+00:00,70B3D54991EB3BA5,ECHO #2,Echo,Crossden burn @ Greenford Farm,56.55409349771759,-2.7087453156770502,080900000dd826ac0000,465.0,0.0,3.54,99.0,0
2023-01-01 09:40:52.828462+00:00,70B3D54991EB3BA5,ECHO #2,Echo,Crossden burn @ Greenford Farm,56.55409349771759,-2.7087453156770502,080500000dd426ac0000,469.0,0.0,3.54,99.0,0
2023-01-01 09:56:34.401436+00:00,70B3D54991EB3BA5,ECHO #2,Echo,Crossden burn @ Greenford Farm,56.55409349771759,-2.7087453156770502,080300000df426ac0000,471.0,0.0,3.57,99.0,0
2023-01-01 10:12:16.034286+00:00,70B3D54991EB3BA5,ECHO #2,Echo,Crossden burn @ Greenford Farm,56.55409349771759,-2.7087453156770502,080200000df426ac0000,472.0,0.0,3.57,99.0,0
2023-01-01 10:27:57.844758+00:00,70B3D54991EB3BA5,ECHO #2,Echo,Crossden burn @ Greenford Farm,56.55409349771759,-2.7087453156770502,080600000df426ac0000,468.0,0.0,3.57,99.0,0
2023-01-01 10:43:40.097517+00:00,70B3D54991EB3BA5,ECHO #2,Echo,Crossden burn @ Greenford Farm,56.55409349771759,-2.7087453156770502,080600000db426ac0000,468.0,0.0,3.51,99.0,0
2023-01-01 10:59:21.360202+00:00,70B3D54991EB3BA5,ECHO #2,Echo,Crossden burn @ Greenford Farm,56.55409349771759,-2.7087453156770502,080900000dec26ac0000,465.0,0.0,3.56,99.0,0
2023-01-01 11:15:02.809094+00:00,70B3D54991EB3BA5,ECHO #2,Echo,Crossden burn @ Greenford Farm,56.55409349771759,-2.7087453156770502,080600000df026ac0000,468.0,0.0,3.57,99.0,0
2023-01-01 11:30:45.086721+00:00,70B3D54991EB3BA5,ECHO #2,Echo,Crossden burn @ Greenford Farm,56.55409349771759,-2.7087453156770502,080a00000de026ac0000,464.0,0.0,3.55,99.0,0
2023-01-01 11:46:26.238741+00:00,70B3D54991EB3BA5,ECHO #2,Echo,Crossden burn @ Greenford Farm,56.55409349771759,-2.7087453156770502,080600000de026ac0000,468.0,0.0,3.55,99.0,0
2023-01-01 12:02:07.687785+00:00,70B3D54991EB3BA5,ECHO #2,Echo,Crossden burn @ Greenford Farm,56.55409349771759,-2.7087453156770502,080500000dd426ac0000,469.0,0.0,3.54,99.0,0
2023-01-01 12:17:48.347115+00:00,70B3D54991EB3BA5,ECHO #2,Echo,Crossden burn @ Greenford Farm,56.55409349771759,-2.7087453156770502,080900000dd426ac0000,465.0,0.0,3.54,99.0,0
2023-01-01 12:33:30.789086+00:00,70B3D54991EB3BA5,ECHO #2,Echo,Crossden burn @ Greenford Farm,56.55409349771759,-2.7087453156770502,080a00000dd026ac0000,464.0,0.0,3.54,99.0,0
2023-01-01 12:49:13.597043+00:00,70B3D54991EB3BA5,ECHO #2,Echo,Crossden burn @ Greenford Farm,56.55409349771759,-2.7087453156770502,080700000ddc26ac0000,467.0,0.0,3.55,99.0,0
2023-01-01 13:04:53.686544+00:00,70B3D54991EB3BA5,ECHO #2,Echo,Crossden burn @ Greenford Farm,56.55409349771759,-2.7087453156770502,080600000de026ac0000,468.0,0.0,3.55,99.0,0
2023-01-01 13:20:34.429430+00:00,70B3D54991EB3BA5,ECHO #2,Echo,Crossden burn @ Greenford Farm,56.55409349771759,-2.7087453156770502,080800000de826ac0000,466.0,0.0,3.56,99.0,0
2023-01-01 13:36:16.668719+00:00,70B3D54991EB3BA5,ECHO #2,Echo,Crossden burn @ Greenford Farm,56.55409349771759,-2.7087453156770502,080600000df426ac0000,468.0,0.0,3.57,99.0,0
2023-01-01 13:51:57.920188+00:00,70B3D54991EB3BA5,ECHO #2,Echo,Crossden burn @ Greenford Farm,56.55409349771759,-2.7087453156770502,080600000dd026ac0000,468.0,0.0,3.54,99.0,0
2023-01-01 14:07:39.112962+00:00,70B3D54991EB3BA5,ECHO #2,Echo,Crossden burn @ Greenford Farm,56.55409349771759,-2.7087453156770502,080500000dd026ac0000,469.0,0.0,3.54,99.0,0
2023-01-01 14:23:19.743116+00:00,70B3D54991EB3BA5,ECHO #2,Echo,Crossden burn @ Greenford Farm,56.55409349771759,-2.7087453156770502,080600000dec26ac0000,468.0,0.0,3.56,99.0,0
2023-01-01 14:39:02.558748+00:00,70B3D54991EB3BA5,ECHO #2,Echo,Crossden burn @ Greenford Farm,56.55409349771759,-2.7087453156770502,080800000dcc26ac0000,466.0,0.0,3.53,99.0,0
2023-01-01 14:54:43.528125+00:00,70B3D54991EB3BA5,ECHO #2,Echo,Crossden burn @ Greenford Farm,56.55409349771759,-2.7087453156770502,080b00000dc026ac0000,463.0,0.0,3.52,99.0,0
2023-01-01 15:10:24.555945+00:00,70B3D54991EB3BA5,ECHO #2,Echo,Crossden burn @ Greenford Farm,56.55409349771759,-2.7087453156770502,080900000dd426ac0000,465.0,0.0,3.54,99.0,0
2023-01-01 15:26:06.014302+00:00,70B3D54991EB3BA5,ECHO #2,Echo,Crossden burn @ Greenford Farm,56.55409349771759,-2.7087453156770502,080800000de026ac0000,466.0,0.0,3.55,99.0,0
2023-01-01 15:41:47.106572+00:00,70B3D54991EB3BA5,ECHO #2,Echo,Crossden burn @ Greenford Farm,56.55409349771759,-2.7087453156770502,080b00000de026ac0000,463.0,0.0,3.55,99.0,0
2023-01-01 15:57:30.308072+00:00,70B3D54991EB3BA5,ECHO #2,Echo,Crossden burn @ Greenford Farm,56.55409349771759,-2.7087453156770502,080900000dd026ac0000,465.0,0.0,3.54,99.0,0
2023-01-01 16:13:14.469178+00:00,70B3D54991EB3BA5,ECHO #2,Echo,Crossden burn @ Greenford Farm,56.55409349771759,-2.7087453156770502,080f00000dd026ac0000,459.0,0.0,3.54,99.0,0
2023-01-01 16:28:55.553628+00:00,70B3D54991EB3BA5,ECHO #2,Echo,Crossden burn @ Greenford Farm,56.55409349771759,-2.7087453156770502,080e00000dd826ac0000,460.0,0.0,3.54,99.0,0
2023-01-01 16:44:36.826706+00:00,70B3D54991EB3BA5,ECHO #2,Echo,Crossden burn @ Greenford Farm,56.55409349771759,-2.7087453156770502,081200000dcc26ac0000,456.0,0.0,3.53,99.0,0
2023-01-01 17:00:17.725864+00:00,70B3D54991EB3BA5,ECHO #2,Echo,Crossden burn @ Greenford Farm,56.55409349771759,-2.7087453156770502,081400000dcc26ac0000,454.0,0.0,3.53,99.0,0
2023-01-01 17:15:58.845829+00:00,70B3D54991EB3BA5,ECHO #2,Echo,Crossden burn @ Greenford Farm,56.55409349771759,-2.7087453156770502,081500000de026ac0000,453.0,0.0,3.55,99.0,0
2023-01-01 17:31:39.847730+00:00,70B3D54991EB3BA5,ECHO #2,Echo,Crossden burn @ Greenford Farm,56.55409349771759,-2.7087453156770502,081600000dcc26ac0000,452.0,0.0,3.53,99.0,0
2023-01-01 17:47:20.375044+00:00,70B3D54991EB3BA5,ECHO #2,Echo,Crossden burn @ Greenford Farm,56.55409349771759,-2.7087453156770502,081500000dcc26ac0000,453.0,0.0,3.53,99.0,0
2023-01-01 18:03:03.447503+00:00,70B3D54991EB3BA5,ECHO #2,Echo,Crossden burn @ Greenford Farm,56.55409349771759,-2.7087453156770502,081800000dc826ac0000,450.0,0.0,3.53,99.0,0
2023-01-01 18:18:44.357064+00:00,70B3D54991EB3BA5,ECHO #2,Echo,Crossden burn @ Greenford Farm,56.55409349771759,-2.7087453156770502,081b00000dd426ac0000,447.0,0.0,3.54,99.0,0
2023-01-01 18:34:24.768120+00:00,70B3D54991EB3BA5,ECHO #2,Echo,Crossden burn @ Greenford Farm,56.55409349771759,-2.7087453156770502,081a00000dac26ac0000,448.0,0.0,3.5,99.0,0
2023-01-01 18:50:05.795660+00:00,70B3D54991EB3BA5,ECHO #2,Echo,Crossden burn @ Greenford Farm,56.55409349771759,-2.7087453156770502,081b00000dd826ac0000,447.0,0.0,3.54,99.0,0
2023-01-01 19:05:46.821242+00:00,70B3D54991EB3BA5,ECHO #2,Echo,Crossden burn @ Greenford Farm,56.55409349771759,-2.7087453156770502,081f00000dc826ac0000,443.0,0.0,3.53,99.0,0
2023-01-01 19:21:31.474881+00:00,70B3D54991EB3BA5,ECHO #2,Echo,Crossden burn @ Greenford Farm,56.55409349771759,-2.7087453156770502,082700000da826ac0000,435.0,0.0,3.5,99.0,0
2023-01-01 19:37:15.771934+00:00,70B3D54991EB3BA5,ECHO #2,Echo,Crossden burn @ Greenford Farm,56.55409349771759,-2.7087453156770502,081f00000dcc26ac0000,443.0,0.0,3.53,99.0,0
2023-01-01 19:52:56.922039+00:00,70B3D54991EB3BA5,ECHO #2,Echo,Crossden burn @ Greenford Farm,56.55409349771759,-2.7087453156770502,082000000db426ac0000,442.0,0.0,3.51,99.0,0
2023-01-01 20:08:37.559199+00:00,70B3D54991EB3BA5,ECHO #2,Echo,Crossden burn @ Greenford Farm,56.55409349771759,-2.7087453156770502,082100000dd826ac0000,441.0,0.0,3.54,99.0,0
2023-01-01 20:24:18.446786+00:00,70B3D54991EB3BA5,ECHO #2,Echo,Crossden burn @ Greenford Farm,56.55409349771759,-2.7087453156770502,082300000db426ac0000,439.0,0.0,3.51,99.0,0
2023-01-01 20:55:40.772960+00:00,70B3D54991EB3BA5,ECHO #2,Echo,Crossden burn @ Greenford Farm,56.55409349771759,-2.7087453156770502,082900000dc426ac0000,433.0,0.0,3.52,99.0,0
2023-01-01 21:11:24.949280+00:00,70B3D54991EB3BA5,ECHO #2,Echo,Crossden burn @ Greenford Farm,56.55409349771759,-2.7087453156770502,082100000db426ac0000,441.0,0.0,3.51,99.0,0
2023-01-01 21:27:09.268773+00:00,70B3D54991EB3BA5,ECHO #2,Echo,Crossden burn @ Greenford Farm,56.55409349771759,-2.7087453156770502,082200000ddc26ac0000,440.0,0.0,3.55,99.0,0
2023-01-01 21:42:51.203798+00:00,70B3D54991EB3BA5,ECHO #2,Echo,Crossden burn @ Greenford Farm,56.55409349771759,-2.7087453156770502,082400000de026ac0000,438.0,0.0,3.55,99.0,0
2023-01-01 21:58:35.085978+00:00,70B3D54991EB3BA5,ECHO #2,Echo,Crossden burn @ Greenford Farm,56.55409349771759,-2.7087453156770502,082e00000dec26ac0000,428.0,0.0,3.56,99.0,0
2023-01-01 22:14:16.395656+00:00,70B3D54991EB3BA5,ECHO #2,Echo,Crossden burn @ Greenford Farm,56.55409349771759,-2.7087453156770502,082e00000db426ac0000,428.0,0.0,3.51,99.0,0
2023-01-01 22:29:58.495587+00:00,70B3D54991EB3BA5,ECHO #2,Echo,Crossden burn @ Greenford Farm,56.55409349771759,-2.7087453156770502,082b00000ddc26ac0000,431.0,0.0,3.55,99.0,0
2023-01-01 22:45:40.304334+00:00,70B3D54991EB3BA5,ECHO #2,Echo,Crossden burn @ Greenford Farm,56.55409349771759,-2.7087453156770502,082700000db426ac0000,435.0,0.0,3.51,99.0,0
2023-01-01 23:01:24.682074+00:00,70B3D54991EB3BA5,ECHO #2,Echo,Crossden burn @ Greenford Farm,56.55409349771759,-2.7087453156770502,082d00000de026ac0000,429.0,0.0,3.55,99.0,0
2023-01-01 23:17:05.872436+00:00,70B3D54991EB3BA5,ECHO #2,Echo,Crossden burn @ Greenford Farm,56.55409349771759,-2.7087453156770502,082900000dcc26ac0000,433.0,0.0,3.53,99.0,0
2023-01-01 23:32:47.326796+00:00,70B3D54991EB3BA5,ECHO #2,Echo,Crossden burn @ Greenford Farm,56.55409349771759,-2.7087453156770502,082a00000dec26ac0000,432.0,0.0,3.56,99.0,0
2023-01-01 23:48:31.921121+00:00,70B3D54991EB3BA5,ECHO #2,Echo,Crossden burn @ Greenford Farm,56.55409349771759,-2.7087453156770502,083200000dd826ac0000,424.0,0.0,3.54,99.0,0
2023-01-02 00:04:13.103817+00:00,70B3D54991EB3BA5,ECHO #2,Echo,Crossden burn @ Greenford Farm,56.55409349771759,-2.7087453156770502,083000000da826ac0000,426.0,0.0,3.5,99.0,0
2023-01-02 00:19:54.065105+00:00,70B3D54991EB3BA5,ECHO #2,Echo,Crossden burn @ Greenford Farm,56.55409349771759,-2.7087453156770502,083300000dd026ac0000,423.0,0.0,3.54,99.0,0
2023-01-02 00:35:35.042250+00:00,70B3D54991EB3BA5,ECHO #2,Echo,Crossden burn @ Greenford Farm,56.55409349771759,-2.7087453156770502,083200000de826ac0000,424.0,0.0,3.56,99.0,0
2023-01-02 00:51:15.962251+00:00,70B3D54991EB3BA5,ECHO #2,Echo,Crossden burn @ Greenford Farm,56.55409349771759,-2.7087453156770502,083400000ddc26ac0000,422.0,0.0,3.55,99.0,0
2023-01-02 01:06:56.806574+00:00,70B3D54991EB3BA5,ECHO #2,Echo,Crossden burn @ Greenford Farm,56.55409349771759,-2.7087453156770502,083400000dec26ac0000,422.0,0.0,3.56,99.0,0
2023-01-02 01:22:37.999475+00:00,70B3D54991EB3BA5,ECHO #2,Echo,Crossden burn @ Greenford Farm,56.55409349771759,-2.7087453156770502,083300000dcc26ac0000,423.0,0.0,3.53,99.0,0
2023-01-02 01:38:19.291414+00:00,70B3D54991EB3BA5,ECHO #2,Echo,Crossden burn @ Greenford Farm,56.55409349771759,-2.7087453156770502,083500000db426ac0000,421.0,0.0,3.51,99.0,0
2023-01-02 02:25:23.737336+00:00,70B3D54991EB3BA5,ECHO #2,Echo,Crossden burn @ Greenford Farm,56.55409349771759,-2.7087453156770502,083800000dfc26ac0000,418.0,0.0,3.58,99.0,0
2023-01-02 02:41:04.997096+00:00,70B3D54991EB3BA5,ECHO #2,Echo,Crossden burn @ Greenford Farm,56.55409349771759,-2.7087453156770502,083700000ddc26ac0000,419.0,0.0,3.55,99.0,0
2023-01-02 02:56:46.414310+00:00,70B3D54991EB3BA5,ECHO #2,Echo,Crossden burn @ Greenford Farm,56.55409349771759,-2.7087453156770502,083a00000df826ac0000,416.0,0.0,3.58,99.0,0
2023-01-02 03:12:27.822850+00:00,70B3D54991EB3BA5,ECHO #2,Echo,Crossden burn @ Greenford Farm,56.55409349771759,-2.7087453156770502,083c00000df426ac0000,414.0,0.0,3.57,99.0,0
2023-01-02 03:28:08.830778+00:00,70B3D54991EB3BA5,ECHO #2,Echo,Crossden burn @ Greenford Farm,56.55409349771759,-2.7087453156770502,083800000df426ac0000,418.0,0.0,3.57,99.0,0
2023-01-02 03:43:50.409463+00:00,70B3D54991EB3BA5,ECHO #2,Echo,Crossden burn @ Greenford Farm,56.55409349771759,-2.7087453156770502,083900000df426ac0000,417.0,0.0,3.57,99.0,0
2023-01-02 03:59:31.770352+00:00,70B3D54991EB3BA5,ECHO #2,Echo,Crossden burn @ Greenford Farm,56.55409349771759,-2.7087453156770502,083900000df426ac0000,417.0,0.0,3.57,99.0,0
2023-01-02 04:15:14.026579+00:00,70B3D54991EB3BA5,ECHO #2,Echo,Crossden burn @ Greenford Farm,56.55409349771759,-2.7087453156770502,083800000df426ac0000,418.0,0.0,3.57,99.0,0
2023-01-02 04:30:55.881536+00:00,70B3D54991EB3BA5,ECHO #2,Echo,Crossden burn @ Greenford Farm,56.55409349771759,-2.7087453156770502,083a00000df426ac0000,416.0,0.0,3.57,99.0,0
2023-01-02 04:46:40.618306+00:00,70B3D54991EB3BA5,ECHO #2,Echo,Crossden burn @ Greenford Farm,56.55409349771759,-2.7087453156770502,083f00000df026ac0000,411.0,0.0,3.57,99.0,0
2023-01-02 05:02:21.587459+00:00,70B3D54991EB3BA5,ECHO #2,Echo,Crossden burn @ Greenford Farm,56.55409349771759,-2.7087453156770502,083c00000dec26ac0000,414.0,0.0,3.56,99.0,0
2023-01-02 05:18:02.689151+00:00,70B3D54991EB3BA5,ECHO #2,Echo,Crossden burn @ Greenford Farm,56.55409349771759,-2.7087453156770502,083d00000de826ac0000,413.0,0.0,3.56,99.0,0
2023-01-02 05:33:44.480559+00:00,70B3D54991EB3BA5,ECHO #2,Echo,Crossden burn @ Greenford Farm,56.55409349771759,-2.7087453156770502,084000000de826ac0000,410.0,0.0,3.56,99.0,0
2023-01-02 05:49:25.918698+00:00,70B3D54991EB3BA5,ECHO #2,Echo,Crossden burn @ Greenford Farm,56.55409349771759,-2.7087453156770502,084100000de826ac0000,409.0,0.0,3.56,99.0,0
2023-01-02 06:20:51.261306+00:00,70B3D54991EB3BA5,ECHO #2,Echo,Crossden burn @ Greenford Farm,56.55409349771759,-2.7087453156770502,083b00000de826ac0000,415.0,0.0,3.56,99.0,0
2023-01-02 06:36:36.439665+00:00,70B3D54991EB3BA5,ECHO #2,Echo,Crossden burn @ Greenford Farm,56.55409349771759,-2.7087453156770502,084000000de426ac0000,410.0,0.0,3.56,99.0,0
2023-01-02 06:52:20.924251+00:00,70B3D54991EB3BA5,ECHO #2,Echo,Crossden burn @ Greenford Farm,56.55409349771759,-2.7087453156770502,084500000de026ac0000,405.0,0.0,3.55,99.0,0
2023-01-02 07:08:02.317252+00:00,70B3D54991EB3BA5,ECHO #2,Echo,Crossden burn @ Greenford Farm,56.55409349771759,-2.7087453156770502,084300000ddc26ac0000,407.0,0.0,3.55,99.0,0
2023-01-02 07:23:43.518513+00:00,70B3D54991EB3BA5,ECHO #2,Echo,Crossden burn @ Greenford Farm,56.55409349771759,-2.7087453156770502,084200000ddc26ac0000,408.0,0.0,3.55,99.0,0
2023-01-02 07:39:27.932802+00:00,70B3D54991EB3BA5,ECHO #2,Echo,Crossden burn @ Greenford Farm,56.55409349771759,-2.7087453156770502,084400000ddc26ac0000,406.0,0.0,3.55,99.0,0
2023-01-02 07:55:12.184494+00:00,70B3D54991EB3BA5,ECHO #2,Echo,Crossden burn @ Greenford Farm,56.55409349771759,-2.7087453156770502,084c00000dd826ac0000,398.0,0.0,3.54,99.0,0
2023-01-02 08:10:54.975737+00:00,70B3D54991EB3BA5,ECHO #2,Echo,Crossden burn @ Greenford Farm,56.55409349771759,-2.7087453156770502,084800000dd426ac0000,402.0,0.0,3.54,99.0,0
2023-01-02 08:26:36.949635+00:00,70B3D54991EB3BA5,ECHO #2,Echo,Crossden burn @ Greenford Farm,56.55409349771759,-2.7087453156770502,084900000dd826ac0000,401.0,0.0,3.54,99.0,0
2023-01-02 08:42:18.466330+00:00,70B3D54991EB3BA5,ECHO #2,Echo,Crossden burn @ Greenford Farm,56.55409349771759,-2.7087453156770502,084b00000dd426ac0000,399.0,0.0,3.54,99.0,0
2023-01-02 08:57:59.837280+00:00,70B3D54991EB3BA5,ECHO #2,Echo,Crossden burn @ Greenford Farm,56.55409349771759,-2.7087453156770502,084a00000dd426ac0000,400.0,0.0,3.54,99.0,0
2023-01-02 09:13:42.337829+00:00,70B3D54991EB3BA5,ECHO #2,Echo,Crossden burn @ Greenford Farm,56.55409349771759,-2.7087453156770502,084c00000db426ac0000,398.0,0.0,3.51,99.0,0
2023-01-02 09:29:26.655392+00:00,70B3D54991EB3BA5,ECHO #2,Echo,Crossden burn @ Greenford Farm,56.55409349771759,-2.7087453156770502,084b00000dd026ac0000,399.0,0.0,3.54,99.0,0
2023-01-02 09:45:11.001515+00:00,70B3D54991EB3BA5,ECHO #2,Echo,Crossden burn @ Greenford Farm,56.55409349771759,-2.7087453156770502,084900000d9426ac0000,401.0,0.0,3.48,99.0,0
2023-01-02 10:00:57.657196+00:00,70B3D54991EB3BA5,ECHO #2,Echo,Crossden burn @ Greenford Farm,56.55409349771759,-2.7087453156770502,084e00000dcc26ac0000,396.0,0.0,3.53,99.0,0
2023-01-02 10:16:42.963975+00:00,70B3D54991EB3BA5,ECHO #2,Echo,Crossden burn @ Greenford Farm,56.55409349771759,-2.7087453156770502,085100000de826ac0000,393.0,0.0,3.56,99.0,0
2023-01-02 10:32:25.395186+00:00,70B3D54991EB3BA5,ECHO #2,Echo,Crossden burn @ Greenford Farm,56.55409349771759,-2.7087453156770502,085300000da426ac0000,391.0,0.0,3.49,99.0,0
2023-01-02 10:48:07.540309+00:00,70B3D54991EB3BA5,ECHO #2,Echo,Crossden burn @ Greenford Farm,56.55409349771759,-2.7087453156770502,085700000dd826ac0000,387.0,0.0,3.54,99.0,0
2023-01-02 11:03:49.510897+00:00,70B3D54991EB3BA5,ECHO #2,Echo,Crossden burn @ Greenford Farm,56.55409349771759,-2.7087453156770502,085700000dcc26ac0000,387.0,0.0,3.53,99.0,0
2023-01-02 11:19:30.996418+00:00,70B3D54991EB3BA5,ECHO #2,Echo,Crossden burn @ Greenford Farm,56.55409349771759,-2.7087453156770502,085800000df426ac0000,386.0,0.0,3.57,99.0,0
2023-01-02 11:35:13.083422+00:00,70B3D54991EB3BA5,ECHO #2,Echo,Crossden burn @ Greenford Farm,56.55409349771759,-2.7087453156770502,085900000db426ac0000,385.0,0.0,3.51,99.0,0
2023-01-02 11:50:53.702772+00:00,70B3D54991EB3BA5,ECHO #2,Echo,Crossden burn @ Greenford Farm,56.55409349771759,-2.7087453156770502,085900000dec26ac0000,385.0,0.0,3.56,99.0,0
2023-01-02 12:06:33.364990+00:00,70B3D54991EB3BA5,ECHO #2,Echo,Crossden burn @ Greenford Farm,56.55409349771759,-2.7087453156770502,085500000dcc26ac0000,389.0,0.0,3.53,99.0,0
2023-01-02 12:22:14.246759+00:00,70B3D54991EB3BA5,ECHO #2,Echo,Crossden burn @ Greenford Farm,56.55409349771759,-2.7087453156770502,085800000d8026ac0000,386.0,0.0,3.46,99.0,0
2023-01-02 12:37:55.845492+00:00,70B3D54991EB3BA5,ECHO #2,Echo,Crossden burn @ Greenford Farm,56.55409349771759,-2.7087453156770502,085900000de426ac0000,385.0,0.0,3.56,99.0,0
2023-01-02 12:53:36.264055+00:00,70B3D54991EB3BA5,ECHO #2,Echo,Crossden burn @ Greenford Farm,56.55409349771759,-2.7087453156770502,085600000da826ac0000,388.0,0.0,3.5,99.0,0
2023-01-02 13:09:17.012967+00:00,70B3D54991EB3BA5,ECHO #2,Echo,Crossden burn @ Greenford Farm,56.55409349771759,-2.7087453156770502,085800000d9026ac0000,386.0,0.0,3.47,99.0,0
2023-01-02 13:24:58.145295+00:00,70B3D54991EB3BA5,ECHO #2,Echo,Crossden burn @ Greenford Farm,56.55409349771759,-2.7087453156770502,085600000d7426ac0000,388.0,0.0,3.44,99.0,0
2023-01-02 13:40:38.856316+00:00,70B3D54991EB3BA5,ECHO #2,Echo,Crossden burn @ Greenford Farm,56.55409349771759,-2.7087453156770502,085900000ddc26ac0000,385.0,0.0,3.55,99.0,0
2023-01-02 13:56:19.966592+00:00,70B3D54991EB3BA5,ECHO #2,Echo,Crossden burn @ Greenford Farm,56.55409349771759,-2.7087453156770502,085600000d6c26ac0000,388.0,0.0,3.44,99.0,0
2023-01-02 14:12:00.781764+00:00,70B3D54991EB3BA5,ECHO #2,Echo,Crossden burn @ Greenford Farm,56.55409349771759,-2.7087453156770502,085800000d7c26ac0000,386.0,0.0,3.45,99.0,0
2023-01-02 14:27:41.195099+00:00,70B3D54991EB3BA5,ECHO #2,Echo,Crossden burn @ Greenford Farm,56.55409349771759,-2.7087453156770502,085a00000dcc26ac0000,384.0,0.0,3.53,99.0,0
2023-01-02 14:43:21.511827+00:00,70B3D54991EB3BA5,ECHO #2,Echo,Crossden burn @ Greenford Farm,56.55409349771759,-2.7087453156770502,085600000dc826ac0000,388.0,0.0,3.53,99.0,0
2023-01-02 14:59:02.627716+00:00,70B3D54991EB3BA5,ECHO #2,Echo,Crossden burn @ Greenford Farm,56.55409349771759,-2.7087453156770502,085500000d7c26ac0000,389.0,0.0,3.45,99.0,0
2023-01-02 15:14:43.612260+00:00,70B3D54991EB3BA5,ECHO #2,Echo,Crossden burn @ Greenford Farm,56.55409349771759,-2.7087453156770502,085700000dc826ac0000,387.0,0.0,3.53,99.0,0
2023-01-02 15:30:25.384793+00:00,70B3D54991EB3BA5,ECHO #2,Echo,Crossden burn @ Greenford Farm,56.55409349771759,-2.7087453156770502,085600000db026ac0000,388.0,0.0,3.5,99.0,0
2023-01-02 15:46:05.796367+00:00,70B3D54991EB3BA5,ECHO #2,Echo,Crossden burn @ Greenford Farm,56.55409349771759,-2.7087453156770502,085900000dc826ac0000,385.0,0.0,3.53,99.0,0
2023-01-02 16:01:47.459906+00:00,70B3D54991EB3BA5,ECHO #2,Echo,Crossden burn @ Greenford Farm,56.55409349771759,-2.7087453156770502,085c00000d6826ac0000,382.0,0.0,3.43,99.0,0
2023-01-02 16:17:28.068596+00:00,70B3D54991EB3BA5,ECHO #2,Echo,Crossden burn @ Greenford Farm,56.55409349771759,-2.7087453156770502,085a00000dec26ac0000,384.0,0.0,3.56,99.0,0
2023-01-02 16:48:52.180773+00:00,70B3D54991EB3BA5,ECHO #2,Echo,Crossden burn @ Greenford Farm,56.55409349771759,-2.7087453156770502,085800000dd426ac0000,386.0,0.0,3.54,99.0,0
2023-01-02 17:04:33.896856+00:00,70B3D54991EB3BA5,ECHO #2,Echo,Crossden burn @ Greenford Farm,56.55409349771759,-2.7087453156770502,085700000dcc26ac0000,387.0,0.0,3.53,99.0,0
2023-01-02 17:20:15.162083+00:00,70B3D54991EB3BA5,ECHO #2,Echo,Crossden burn @ Greenford Farm,56.55409349771759,-2.7087453156770502,085400000dc026ac0000,390.0,0.0,3.52,99.0,0
2023-01-02 17:51:38.376054+00:00,70B3D54991EB3BA5,ECHO #2,Echo,Crossden burn @ Greenford Farm,56.55409349771759,-2.7087453156770502,085600000db426ac0000,388.0,0.0,3.51,99.0,0
2023-01-02 18:07:19.382809+00:00,70B3D54991EB3BA5,ECHO #2,Echo,Crossden burn @ Greenford Farm,56.55409349771759,-2.7087453156770502,085700000db026ac0000,387.0,0.0,3.5,99.0,0
2023-01-02 18:54:24.041790+00:00,70B3D54991EB3BA5,ECHO #2,Echo,Crossden burn @ Greenford Farm,56.55409349771759,-2.7087453156770502,085700000da826ac0000,387.0,0.0,3.5,99.0,0
2023-01-02 19:10:05.851263+00:00,70B3D54991EB3BA5,ECHO #2,Echo,Crossden burn @ Greenford Farm,56.55409349771759,-2.7087453156770502,085a00000dac26ac0000,384.0,0.0,3.5,99.0,0
2023-01-02 19:25:47.164611+00:00,70B3D54991EB3BA5,ECHO #2,Echo,Crossden burn @ Greenford Farm,56.55409349771759,-2.7087453156770502,085b00000dd426ac0000,383.0,0.0,3.54,99.0,0
2023-01-02 19:41:28.699057+00:00,70B3D54991EB3BA5,ECHO #2,Echo,Crossden burn @ Greenford Farm,56.55409349771759,-2.7087453156770502,085e00000de426ac0000,380.0,0.0,3.56,99.0,0
2023-01-02 19:57:10.357048+00:00,70B3D54991EB3BA5,ECHO #2,Echo,Crossden burn @ Greenford Farm,56.55409349771759,-2.7087453156770502,085b00000da426ac0000,383.0,0.0,3.49,99.0,0
2023-01-02 20:12:52.777417+00:00,70B3D54991EB3BA5,ECHO #2,Echo,Crossden burn @ Greenford Farm,56.55409349771759,-2.7087453156770502,085f00000ddc26ac0000,379.0,0.0,3.55,99.0,0
2023-01-02 20:28:33.666851+00:00,70B3D54991EB3BA5,ECHO #2,Echo,Crossden burn @ Greenford Farm,56.55409349771759,-2.7087453156770502,086000000da026ac0000,378.0,0.0,3.49,99.0,0
2023-01-02 20:44:14.713159+00:00,70B3D54991EB3BA5,ECHO #2,Echo,Crossden burn @ Greenford Farm,56.55409349771759,-2.7087453156770502,085d00000d8426ac0000,381.0,0.0,3.46,99.0,0
2023-01-02 20:59:56.102843+00:00,70B3D54991EB3BA5,ECHO #2,Echo,Crossden burn @ Greenford Farm,56.55409349771759,-2.7087453156770502,085b00000da426ac0000,383.0,0.0,3.49,99.0,0
2023-01-02 21:15:40.345483+00:00,70B3D54991EB3BA5,ECHO #2,Echo,Crossden burn @ Greenford Farm,56.55409349771759,-2.7087453156770502,085d00000da426ac0000,381.0,0.0,3.49,99.0,0
2023-01-02 21:31:23.902627+00:00,70B3D54991EB3BA5,ECHO #2,Echo,Crossden burn @ Greenford Farm,56.55409349771759,-2.7087453156770502,085800000d7c26ac0000,386.0,0.0,3.45,99.0,0
2023-01-02 21:47:09.090429+00:00,70B3D54991EB3BA5,ECHO #2,Echo,Crossden burn @ Greenford Farm,56.55409349771759,-2.7087453156770502,085f00000d7426ac0000,379.0,0.0,3.44,99.0,0
2023-01-02 22:02:51.402941+00:00,70B3D54991EB3BA5,ECHO #2,Echo,Crossden burn @ Greenford Farm,56.55409349771759,-2.7087453156770502,085d00000d8826ac0000,381.0,0.0,3.46,99.0,0
2023-01-02 22:18:33.891280+00:00,70B3D54991EB3BA5,ECHO #2,Echo,Crossden burn @ Greenford Farm,56.55409349771759,-2.7087453156770502,085a00000db426ac0000,384.0,0.0,3.51,99.0,0
2023-01-02 22:34:14.859360+00:00,70B3D54991EB3BA5,ECHO #2,Echo,Crossden burn @ Greenford Farm,56.55409349771759,-2.7087453156770502,085d00000d9c26ac0000,381.0,0.0,3.48,99.0,0
2023-01-02 22:49:58.967048+00:00,70B3D54991EB3BA5,ECHO #2,Echo,Crossden burn @ Greenford Farm,56.55409349771759,-2.7087453156770502,086300000dc026ac0000,375.0,0.0,3.52,99.0,0
2023-01-02 23:05:39.332969+00:00,70B3D54991EB3BA5,ECHO #2,Echo,Crossden burn @ Greenford Farm,56.55409349771759,-2.7087453156770502,086200000d6426ac0000,376.0,0.0,3.43,99.0,0
2023-01-02 23:21:20.732812+00:00,70B3D54991EB3BA5,ECHO #2,Echo,Crossden burn @ Greenford Farm,56.55409349771759,-2.7087453156770502,086000000d6c26ac0000,378.0,0.0,3.44,99.0,0
2023-01-02 23:37:03.584059+00:00,70B3D54991EB3BA5,ECHO #2,Echo,Crossden burn @ Greenford Farm,56.55409349771759,-2.7087453156770502,086300000dc426ac0000,375.0,0.0,3.52,99.0,0
2023-01-02 23:52:47.022065+00:00,70B3D54991EB3BA5,ECHO #2,Echo,Crossden burn @ Greenford Farm,56.55409349771759,-2.7087453156770502,086400000d6c26ac0000,374.0,0.0,3.44,99.0,0
2023-01-03 00:08:28.030027+00:00,70B3D54991EB3BA5,ECHO #2,Echo,Crossden burn @ Greenford Farm,56.55409349771759,-2.7087453156770502,086500000d8826ac0000,373.0,0.0,3.46,99.0,0
2023-01-03 00:24:09.860872+00:00,70B3D54991EB3BA5,ECHO #2,Echo,Crossden burn @ Greenford Farm,56.55409349771759,-2.7087453156770502,086400000da426ac0000,374.0,0.0,3.49,99.0,0
2023-01-03 00:39:51.112950+00:00,70B3D54991EB3BA5,ECHO #2,Echo,Crossden burn @ Greenford Farm,56.55409349771759,-2.7087453156770502,086400000dc426ac0000,374.0,0.0,3.52,99.0,0
2023-01-03 00:55:32.154029+00:00,70B3D54991EB3BA5,ECHO #2,Echo,Crossden burn @ Greenford Farm,56.55409349771759,-2.7087453156770502,086300000d7c26ac0000,375.0,0.0,3.45,99.0,0
2023-01-03 01:11:13.474548+00:00,70B3D54991EB3BA5,ECHO #2,Echo,Crossden burn @ Greenford Farm,56.55409349771759,-2.7087453156770502,086500000d8826ac0000,373.0,0.0,3.46,99.0,0
2023-01-03 01:26:54.263389+00:00,70B3D54991EB3BA5,ECHO #2,Echo,Crossden burn @ Greenford Farm,56.55409349771759,-2.7087453156770502,086100000dac26ac0000,377.0,0.0,3.5,99.0,0
2023-01-03 01:42:36.962130+00:00,70B3D54991EB3BA5,ECHO #2,Echo,Crossden burn @ Greenford Farm,56.55409349771759,-2.7087453156770502,086000000d8826ac0000,378.0,0.0,3.46,99.0,0
2023-01-03 01:58:20.991564+00:00,70B3D54991EB3BA5,ECHO #2,Echo,Crossden burn @ Greenford Farm,56.55409349771759,-2.7087453156770502,086700000db026ac0000,371.0,0.0,3.5,99.0,0
2023-01-03 02:14:03.609900+00:00,70B3D54991EB3BA5,ECHO #2,Echo,Crossden burn @ Greenford Farm,56.55409349771759,-2.7087453156770502,086b00000d9c26ac0000,367.0,0.0,3.48,99.0,0
2023-01-03 02:29:44.530755+00:00,70B3D54991EB3BA5,ECHO #2,Echo,Crossden burn @ Greenford Farm,56.55409349771759,-2.7087453156770502,086800000db426ac0000,370.0,0.0,3.51,99.0,0
2023-01-03 02:45:25.539629+00:00,70B3D54991EB3BA5,ECHO #2,Echo,Crossden burn @ Greenford Farm,56.55409349771759,-2.7087453156770502,086700000d8026ac0000,371.0,0.0,3.46,99.0,0
2023-01-03 03:01:07.510583+00:00,70B3D54991EB3BA5,ECHO #2,Echo,Crossden burn @ Greenford Farm,56.55409349771759,-2.7087453156770502,086700000dc426ac0000,371.0,0.0,3.52,99.0,0
2023-01-03 03:16:48.052030+00:00,70B3D54991EB3BA5,ECHO #2,Echo,Crossden burn @ Greenford Farm,56.55409349771759,-2.7087453156770502,086500000db426ac0000,373.0,0.0,3.51,99.0,0
2023-01-03 03:32:31.361879+00:00,70B3D54991EB3BA5,ECHO #2,Echo,Crossden burn @ Greenford Farm,56.55409349771759,-2.7087453156770502,086600000d9026ac0000,372.0,0.0,3.47,99.0,0
2023-01-03 03:48:13.915621+00:00,70B3D54991EB3BA5,ECHO #2,Echo,Crossden burn @ Greenford Farm,56.55409349771759,-2.7087453156770502,086900000d9426ac0000,369.0,0.0,3.48,99.0,0
2023-01-03 04:03:54.766664+00:00,70B3D54991EB3BA5,ECHO #2,Echo,Crossden burn @ Greenford Farm,56.55409349771759,-2.7087453156770502,086700000dc426ac0000,371.0,0.0,3.52,99.0,0
2023-01-03 04:19:36.305534+00:00,70B3D54991EB3BA5,ECHO #2,Echo,Crossden burn @ Greenford Farm,56.55409349771759,-2.7087453156770502,086300000dcc26ac0000,375.0,0.0,3.53,99.0,0
2023-01-03 04:35:20.840366+00:00,70B3D54991EB3BA5,ECHO #2,Echo,Crossden burn @ Greenford Farm,56.55409349771759,-2.7087453156770502,086700000db426ac0000,371.0,0.0,3.51,99.0,0
2023-01-03 04:51:05.889258+00:00,70B3D54991EB3BA5,ECHO #2,Echo,Crossden burn @ Greenford Farm,56.55409349771759,-2.7087453156770502,086100000d9c26ac0000,377.0,0.0,3.48,99.0,0
2023-01-03 05:06:51.786206+00:00,70B3D54991EB3BA5,ECHO #2,Echo,Crossden burn @ Greenford Farm,56.55409349771759,-2.7087453156770502,086700000da426ac0000,371.0,0.0,3.49,99.0,0
2023-01-03 05:22:33.246945+00:00,70B3D54991EB3BA5,ECHO #2,Echo,Crossden burn @ Greenford Farm,56.55409349771759,-2.7087453156770502,086800000dc426ac0000,370.0,0.0,3.52,99.0,0
2023-01-03 05:38:18.635321+00:00,70B3D54991EB3BA5,ECHO #2,Echo,Crossden burn @ Greenford Farm,56.55409349771759,-2.7087453156770502,086300000d9c26ac0000,375.0,0.0,3.48,99.0,0
2023-01-03 05:54:00.604057+00:00,70B3D54991EB3BA5,ECHO #2,Echo,Crossden burn @ Greenford Farm,56.55409349771759,-2.7087453156770502,086500000da026ac0000,373.0,0.0,3.49,99.0,0
2023-01-03 06:09:42.389576+00:00,70B3D54991EB3BA5,ECHO #2,Echo,Crossden burn @ Greenford Farm,56.55409349771759,-2.7087453156770502,086500000db426ac0000,373.0,0.0,3.51,99.0,0
2023-01-03 06:25:24.357519+00:00,70B3D54991EB3BA5,ECHO #2,Echo,Crossden burn @ Greenford Farm,56.55409349771759,-2.7087453156770502,086200000da826ac0000,376.0,0.0,3.5,99.0,0
2023-01-03 06:41:07.892258+00:00,70B3D54991EB3BA5,ECHO #2,Echo,Crossden burn @ Greenford Farm,56.55409349771759,-2.7087453156770502,086600000d9c26ac0000,372.0,0.0,3.48,99.0,0
2023-01-03 06:56:49.465289+00:00,70B3D54991EB3BA5,ECHO #2,Echo,Crossden burn @ Greenford Farm,56.55409349771759,-2.7087453156770502,086600000da426ac0000,372.0,0.0,3.49,99.0,0
2023-01-03 07:12:31.941513+00:00,70B3D54991EB3BA5,ECHO #2,Echo,Crossden burn @ Greenford Farm,56.55409349771759,-2.7087453156770502,086800000dc426ac0000,370.0,0.0,3.52,99.0,0
2023-01-03 07:43:54.722819+00:00,70B3D54991EB3BA5,ECHO #2,Echo,Crossden burn @ Greenford Farm,56.55409349771759,-2.7087453156770502,086700000dac26ac0000,371.0,0.0,3.5,99.0,0
2023-01-03 07:59:36.583104+00:00,70B3D54991EB3BA5,ECHO #2,Echo,Crossden burn @ Greenford Farm,56.55409349771759,-2.7087453156770502,086900000d9826ac0000,369.0,0.0,3.48,99.0,0
2023-01-03 08:15:18.188333+00:00,70B3D54991EB3BA5,ECHO #2,Echo,Crossden burn @ Greenford Farm,56.55409349771759,-2.7087453156770502,086d00000dc026ac0000,365.0,0.0,3.52,99.0,0
2023-01-03 08:31:01.939669+00:00,70B3D54991EB3BA5,ECHO #2,Echo,Crossden burn @ Greenford Farm,56.55409349771759,-2.7087453156770502,086b00000da826ac0000,367.0,0.0,3.5,99.0,0
2023-01-03 08:46:44.299719+00:00,70B3D54991EB3BA5,ECHO #2,Echo,Crossden burn @ Greenford Farm,56.55409349771759,-2.7087453156770502,086b00000d9826ac0000,367.0,0.0,3.48,99.0,0
2023-01-03 09:02:26.047347+00:00,70B3D54991EB3BA5,ECHO #2,Echo,Crossden burn @ Greenford Farm,56.55409349771759,-2.7087453156770502,086b00000dcc26ac0000,367.0,0.0,3.53,99.0,0
2023-01-03 09:18:06.853894+00:00,70B3D54991EB3BA5,ECHO #2,Echo,Crossden burn @ Greenford Farm,56.55409349771759,-2.7087453156770502,086800000dc426ac0000,370.0,0.0,3.52,99.0,0
2023-01-03 09:33:48.281397+00:00,70B3D54991EB3BA5,ECHO #2,Echo,Crossden burn @ Greenford Farm,56.55409349771759,-2.7087453156770502,086800000dd826ac0000,370.0,0.0,3.54,99.0,0
2023-01-03 09:49:29.824125+00:00,70B3D54991EB3BA5,ECHO #2,Echo,Crossden burn @ Greenford Farm,56.55409349771759,-2.7087453156770502,086400000dd426ac0000,374.0,0.0,3.54,99.0,0
2023-01-03 10:05:11.266331+00:00,70B3D54991EB3BA5,ECHO #2,Echo,Crossden burn @ Greenford Farm,56.55409349771759,-2.7087453156770502,086600000d9c26ac0000,372.0,0.0,3.48,99.0,0
2023-01-03 10:20:53.323551+00:00,70B3D54991EB3BA5,ECHO #2,Echo,Crossden burn @ Greenford Farm,56.55409349771759,-2.7087453156770502,086500000da426ac0000,373.0,0.0,3.49,99.0,0
2023-01-03 10:36:35.229948+00:00,70B3D54991EB3BA5,ECHO #2,Echo,Crossden burn @ Greenford Farm,56.55409349771759,-2.7087453156770502,086700000dd426ac0000,371.0,0.0,3.54,99.0,0
2023-01-03 10:52:17.150796+00:00,70B3D54991EB3BA5,ECHO #2,Echo,Crossden burn @ Greenford Farm,56.55409349771759,-2.7087453156770502,086600000dcc26ac0000,372.0,0.0,3.53,99.0,0
2023-01-03 11:07:59.090281+00:00,70B3D54991EB3BA5,ECHO #2,Echo,Crossden burn @ Greenford Farm,56.55409349771759,-2.7087453156770502,086300000db426ac0000,375.0,0.0,3.51,99.0,0
2023-01-03 11:23:40.676570+00:00,70B3D54991EB3BA5,ECHO #2,Echo,Crossden burn @ Greenford Farm,56.55409349771759,-2.7087453156770502,086400000dd826ac0000,374.0,0.0,3.54,99.0,0
2023-01-03 11:39:23.027614+00:00,70B3D54991EB3BA5,ECHO #2,Echo,Crossden burn @ Greenford Farm,56.55409349771759,-2.7087453156770502,086800000dcc26ac0000,370.0,0.0,3.53,99.0,0
2023-01-03 11:55:04.677856+00:00,70B3D54991EB3BA5,ECHO #2,Echo,Crossden burn @ Greenford Farm,56.55409349771759,-2.7087453156770502,086600000ddc26ac0000,372.0,0.0,3.55,99.0,0
2023-01-03 12:26:28.147567+00:00,70B3D54991EB3BA5,ECHO #2,Echo,Crossden burn @ Greenford Farm,56.55409349771759,-2.7087453156770502,086800000ddc26ac0000,370.0,0.0,3.55,99.0,0
2023-01-03 12:42:09.627314+00:00,70B3D54991EB3BA5,ECHO #2,Echo,Crossden burn @ Greenford Farm,56.55409349771759,-2.7087453156770502,086a00000dcc26ac0000,368.0,0.0,3.53,99.0,0
2023-01-03 12:57:53.903917+00:00,70B3D54991EB3BA5,ECHO #2,Echo,Crossden burn @ Greenford Farm,56.55409349771759,-2.7087453156770502,086700000dd826ac0000,371.0,0.0,3.54,99.0,0
2023-01-03 13:13:35.516380+00:00,70B3D54991EB3BA5,ECHO #2,Echo,Crossden burn @ Greenford Farm,56.55409349771759,-2.7087453156770502,086600000dd426ac0000,372.0,0.0,3.54,99.0,0
2023-01-03 13:29:17.541469+00:00,70B3D54991EB3BA5,ECHO #2,Echo,Crossden burn @ Greenford Farm,56.55409349771759,-2.7087453156770502,086600000dbc26ac0000,372.0,0.0,3.52,99.0,0
2023-01-03 13:44:58.438665+00:00,70B3D54991EB3BA5,ECHO #2,Echo,Crossden burn @ Greenford Farm,56.55409349771759,-2.7087453156770502,086900000dd826ac0000,369.0,0.0,3.54,99.0,0
2023-01-03 14:00:39.762634+00:00,70B3D54991EB3BA5,ECHO #2,Echo,Crossden burn @ Greenford Farm,56.55409349771759,-2.7087453156770502,086800000da026ac0000,370.0,0.0,3.49,99.0,0
2023-01-03 14:16:21.162422+00:00,70B3D54991EB3BA5,ECHO #2,Echo,Crossden burn @ Greenford Farm,56.55409349771759,-2.7087453156770502,086800000da826ac0000,370.0,0.0,3.5,99.0,0
2023-01-03 14:32:02.257241+00:00,70B3D54991EB3BA5,ECHO #2,Echo,Crossden burn @ Greenford Farm,56.55409349771759,-2.7087453156770502,086500000da026ac0000,373.0,0.0,3.49,99.0,0
2023-01-03 14:47:43.774397+00:00,70B3D54991EB3BA5,ECHO #2,Echo,Crossden burn @ Greenford Farm,56.55409349771759,-2.7087453156770502,086400000de426ac0000,374.0,0.0,3.56,99.0,0
2023-01-03 15:03:25.654892+00:00,70B3D54991EB3BA5,ECHO #2,Echo,Crossden burn @ Greenford Farm,56.55409349771759,-2.7087453156770502,086600000da426ac0000,372.0,0.0,3.49,99.0,0
2023-01-03 15:19:07.076399+00:00,70B3D54991EB3BA5,ECHO #2,Echo,Crossden burn @ Greenford Farm,56.55409349771759,-2.7087453156770502,086200000da426ac0000,376.0,0.0,3.49,99.0,0
2023-01-03 15:34:51.498180+00:00,70B3D54991EB3BA5,ECHO #2,Echo,Crossden burn @ Greenford Farm,56.55409349771759,-2.7087453156770502,086500000dc426ac0000,373.0,0.0,3.52,99.0,0
2023-01-03 15:50:33.377315+00:00,70B3D54991EB3BA5,ECHO #2,Echo,Crossden burn @ Greenford Farm,56.55409349771759,-2.7087453156770502,086300000dd026ac0000,375.0,0.0,3.54,99.0,0
2023-01-03 16:21:57.079652+00:00,70B3D54991EB3BA5,ECHO #2,Echo,Crossden burn @ Greenford Farm,56.55409349771759,-2.7087453156770502,086500000dac26ac0000,373.0,0.0,3.5,99.0,0
2023-01-03 16:37:38.254864+00:00,70B3D54991EB3BA5,ECHO #2,Echo,Crossden burn @ Greenford Farm,56.55409349771759,-2.7087453156770502,086200000de426ac0000,376.0,0.0,3.56,99.0,0
2023-01-03 16:53:19.667578+00:00,70B3D54991EB3BA5,ECHO #2,Echo,Crossden burn @ Greenford Farm,56.55409349771759,-2.7087453156770502,086500000dd826ac0000,373.0,0.0,3.54,99.0,0
2023-01-03 17:09:01.453069+00:00,70B3D54991EB3BA5,ECHO #2,Echo,Crossden burn @ Greenford Farm,56.55409349771759,-2.7087453156770502,086100000db426ac0000,377.0,0.0,3.51,99.0,0
2023-01-03 17:24:42.813263+00:00,70B3D54991EB3BA5,ECHO #2,Echo,Crossden burn @ Greenford Farm,56.55409349771759,-2.7087453156770502,086000000dac26ac0000,378.0,0.0,3.5,99.0,0
2023-01-03 17:40:24.688188+00:00,70B3D54991EB3BA5,ECHO #2,Echo,Crossden burn @ Greenford Farm,56.55409349771759,-2.7087453156770502,086100000db026ac0000,377.0,0.0,3.5,99.0,0
2023-01-03 17:56:06.545110+00:00,70B3D54991EB3BA5,ECHO #2,Echo,Crossden burn @ Greenford Farm,56.55409349771759,-2.7087453156770502,086200000da426ac0000,376.0,0.0,3.49,99.0,0
2023-01-03 18:11:47.816950+00:00,70B3D54991EB3BA5,ECHO #2,Echo,Crossden burn @ Greenford Farm,56.55409349771759,-2.7087453156770502,085f00000dcc26ac0000,379.0,0.0,3.53,99.0,0
2023-01-03 18:27:28.947444+00:00,70B3D54991EB3BA5,ECHO #2,Echo,Crossden burn @ Greenford Farm,56.55409349771759,-2.7087453156770502,085c00000dcc26ac0000,382.0,0.0,3.53,99.0,0
2023-01-03 18:43:10.890811+00:00,70B3D54991EB3BA5,ECHO #2,Echo,Crossden burn @ Greenford Farm,56.55409349771759,-2.7087453156770502,085800000de826ac0000,386.0,0.0,3.56,99.0,0
2023-01-03 18:58:55.538338+00:00,70B3D54991EB3BA5,ECHO #2,Echo,Crossden burn @ Greenford Farm,56.55409349771759,-2.7087453156770502,085200000db026ac0000,392.0,0.0,3.5,99.0,0
2023-01-03 19:14:40.230924+00:00,70B3D54991EB3BA5,ECHO #2,Echo,Crossden burn @ Greenford Farm,56.55409349771759,-2.7087453156770502,084c00000da826ac0000,398.0,0.0,3.5,99.0,0
2023-01-03 19:30:24.339354+00:00,70B3D54991EB3BA5,ECHO #2,Echo,Crossden burn @ Greenford Farm,56.55409349771759,-2.7087453156770502,084500000db426ac0000,405.0,0.0,3.51,99.0,0
2023-01-03 20:01:54.657540+00:00,70B3D54991EB3BA5,ECHO #2,Echo,Crossden burn @ Greenford Farm,56.55409349771759,-2.7087453156770502,083300000dd426ac0000,423.0,0.0,3.54,99.0,0
2023-01-03 20:17:38.280554+00:00,70B3D54991EB3BA5,ECHO #2,Echo,Crossden burn @ Greenford Farm,56.55409349771759,-2.7087453156770502,083400000db426ac0000,422.0,0.0,3.51,99.0,0
2023-01-03 20:33:23.196713+00:00,70B3D54991EB3BA5,ECHO #2,Echo,Crossden burn @ Greenford Farm,56.55409349771759,-2.7087453156770502,082c00000dcc26ac0000,430.0,0.0,3.53,99.0,0
2023-01-03 20:49:04.636904+00:00,70B3D54991EB3BA5,ECHO #2,Echo,Crossden burn @ Greenford Farm,56.55409349771759,-2.7087453156770502,082a00000de426ac0000,432.0,0.0,3.56,99.0,0
2023-01-03 21:04:46.704886+00:00,70B3D54991EB3BA5,ECHO #2,Echo,Crossden burn @ Greenford Farm,56.55409349771759,-2.7087453156770502,082700000de826ac0000,435.0,0.0,3.56,99.0,0
2023-01-03 21:20:31.083645+00:00,70B3D54991EB3BA5,ECHO #2,Echo,Crossden burn @ Greenford Farm,56.55409349771759,-2.7087453156770502,082600000de826ac0000,436.0,0.0,3.56,99.0,0
2023-01-03 21:36:14.891132+00:00,70B3D54991EB3BA5,ECHO #2,Echo,Crossden burn @ Greenford Farm,56.55409349771759,-2.7087453156770502,082100000dd826ac0000,441.0,0.0,3.54,99.0,0
2023-01-03 21:51:59.550309+00:00,70B3D54991EB3BA5,ECHO #2,Echo,Crossden burn @ Greenford Farm,56.55409349771759,-2.7087453156770502,081300000de426ac0000,455.0,0.0,3.56,99.0,0
2023-01-03 22:07:41.718196+00:00,70B3D54991EB3BA5,ECHO #2,Echo,Crossden burn @ Greenford Farm,56.55409349771759,-2.7087453156770502,081700000da826ac0000,451.0,0.0,3.5,99.0,0
2023-01-03 22:23:24.221678+00:00,70B3D54991EB3BA5,ECHO #2,Echo,Crossden burn @ Greenford Farm,56.55409349771759,-2.7087453156770502,081300000db426ac0000,455.0,0.0,3.51,99.0,0
2023-01-03 22:39:04.960740+00:00,70B3D54991EB3BA5,ECHO #2,Echo,Crossden burn @ Greenford Farm,56.55409349771759,-2.7087453156770502,081000000dac26ac0000,458.0,0.0,3.5,99.0,0
2023-01-03 22:54:46.301787+00:00,70B3D54991EB3BA5,ECHO #2,Echo,Crossden burn @ Greenford Farm,56.55409349771759,-2.7087453156770502,080c00000db426ac0000,462.0,0.0,3.51,99.0,0
2023-01-03 23:26:09.352833+00:00,70B3D54991EB3BA5,ECHO #2,Echo,Crossden burn @ Greenford Farm,56.55409349771759,-2.7087453156770502,080700000de826ac0000,467.0,0.0,3.56,99.0,0
2023-01-03 23:41:51.256086+00:00,70B3D54991EB3BA5,ECHO #2,Echo,Crossden burn @ Greenford Farm,56.55409349771759,-2.7087453156770502,080800000de026ac0000,466.0,0.0,3.55,99.0,0
2023-01-03 23:57:32.859038+00:00,70B3D54991EB3BA5,ECHO #2,Echo,Crossden burn @ Greenford Farm,56.55409349771759,-2.7087453156770502,080c00000dcc26ac0000,462.0,0.0,3.53,99.0,0
2023-01-04 00:13:16.455989+00:00,70B3D54991EB3BA5,ECHO #2,Echo,Crossden burn @ Greenford Farm,56.55409349771759,-2.7087453156770502,080900000dcc26ac0000,465.0,0.0,3.53,99.0,0
2023-01-04 00:28:58.048196+00:00,70B3D54991EB3BA5,ECHO #2,Echo,Crossden burn @ Greenford Farm,56.55409349771759,-2.7087453156770502,080600000df026ac0000,468.0,0.0,3.57,99.0,0
2023-01-04 00:44:43.117571+00:00,70B3D54991EB3BA5,ECHO #2,Echo,Crossden burn @ Greenford Farm,56.55409349771759,-2.7087453156770502,07fe00000dc026ac0000,476.0,0.0,3.52,99.0,0
2023-01-04 01:00:24.802805+00:00,70B3D54991EB3BA5,ECHO #2,Echo,Crossden burn @ Greenford Farm,56.55409349771759,-2.7087453156770502,07fc00000dc426ac0000,478.0,0.0,3.52,99.0,0
2023-01-04 01:16:09.447933+00:00,70B3D54991EB3BA5,ECHO #2,Echo,Crossden burn @ Greenford Farm,56.55409349771759,-2.7087453156770502,07e900000db426ac0000,497.0,0.0,3.51,99.0,0
2023-01-04 01:31:55.273235+00:00,70B3D54991EB3BA5,ECHO #2,Echo,Crossden burn @ Greenford Farm,56.55409349771759,-2.7087453156770502,07df00000dd426ac0000,507.0,0.0,3.54,99.0,0
2023-01-04 01:47:40.338368+00:00,70B3D54991EB3BA5,ECHO #2,Echo,Crossden burn @ Greenford Farm,56.55409349771759,-2.7087453156770502,07d800000de826ac0000,514.0,0.0,3.56,99.0,0
2023-01-04 02:03:25.277111+00:00,70B3D54991EB3BA5,ECHO #2,Echo,Crossden burn @ Greenford Farm,56.55409349771759,-2.7087453156770502,07c800000dd826ac0000,530.0,0.0,3.54,99.0,0
2023-01-04 02:19:09.404345+00:00,70B3D54991EB3BA5,ECHO #2,Echo,Crossden burn @ Greenford Farm,56.55409349771759,-2.7087453156770502,07c200000de026ac0000,536.0,0.0,3.55,99.0,0
2023-01-04 02:34:52.297190+00:00,70B3D54991EB3BA5,ECHO #2,Echo,Crossden burn @ Greenford Farm,56.55409349771759,-2.7087453156770502,07c600000de826ac0000,532.0,0.0,3.56,99.0,0
2023-01-04 02:50:34.432492+00:00,70B3D54991EB3BA5,ECHO #2,Echo,Crossden burn @ Greenford Farm,56.55409349771759,-2.7087453156770502,07c200000de026ac0000,536.0,0.0,3.55,99.0,0
2023-01-04 03:06:16.341362+00:00,70B3D54991EB3BA5,ECHO #2,Echo,Crossden burn @ Greenford Farm,56.55409349771759,-2.7087453156770502,07c200000dc826ac0000,536.0,0.0,3.53,99.0,0
2023-01-04 03:22:00.079704+00:00,70B3D54991EB3BA5,ECHO #2,Echo,Crossden burn @ Greenford Farm,56.55409349771759,-2.7087453156770502,07c600000dd026ac0000,532.0,0.0,3.54,99.0,0
2023-01-04 03:37:44.209330+00:00,70B3D54991EB3BA5,ECHO #2,Echo,Crossden burn @ Greenford Farm,56.55409349771759,-2.7087453156770502,07c200000dc026ac0000,536.0,0.0,3.52,99.0,0
2023-01-04 03:53:27.569163+00:00,70B3D54991EB3BA5,ECHO #2,Echo,Crossden burn @ Greenford Farm,56.55409349771759,-2.7087453156770502,07c500000dcc26ac0000,533.0,0.0,3.53,99.0,0
2023-01-04 04:09:12.266229+00:00,70B3D54991EB3BA5,ECHO #2,Echo,Crossden burn @ Greenford Farm,56.55409349771759,-2.7087453156770502,07cb00000dcc26ac0000,527.0,0.0,3.53,99.0,0
2023-01-04 04:24:57.152401+00:00,70B3D54991EB3BA5,ECHO #2,Echo,Crossden burn @ Greenford Farm,56.55409349771759,-2.7087453156770502,07d700000df026ac0000,515.0,0.0,3.57,99.0,0
2023-01-04 04:40:42.109985+00:00,70B3D54991EB3BA5,ECHO #2,Echo,Crossden burn @ Greenford Farm,56.55409349771759,-2.7087453156770502,07cd00000df026ac0000,525.0,0.0,3.57,99.0,0
2023-01-04 04:56:23.993892+00:00,70B3D54991EB3BA5,ECHO #2,Echo,Crossden burn @ Greenford Farm,56.55409349771759,-2.7087453156770502,07d000000dd426ac0000,522.0,0.0,3.54,99.0,0
2023-01-04 05:12:07.779842+00:00,70B3D54991EB3BA5,ECHO #2,Echo,Crossden burn @ Greenford Farm,56.55409349771759,-2.7087453156770502,07d300000dcc26ac0000,519.0,0.0,3.53,99.0,0
2023-01-04 05:27:52.294490+00:00,70B3D54991EB3BA5,ECHO #2,Echo,Crossden burn @ Greenford Farm,56.55409349771759,-2.7087453156770502,07dc00000dc026ac0000,510.0,0.0,3.52,99.0,0
2023-01-04 05:43:33.851225+00:00,70B3D54991EB3BA5,ECHO #2,Echo,Crossden burn @ Greenford Farm,56.55409349771759,-2.7087453156770502,07df00000de826ac0000,507.0,0.0,3.56,99.0,0
2023-01-04 05:59:14.689665+00:00,70B3D54991EB3BA5,ECHO #2,Echo,Crossden burn @ Greenford Farm,56.55409349771759,-2.7087453156770502,07db00000dec26ac0000,511.0,0.0,3.56,99.0,0
2023-01-04 06:14:59.143884+00:00,70B3D54991EB3BA5,ECHO #2,Echo,Crossden burn @ Greenford Farm,56.55409349771759,-2.7087453156770502,07e100000db426ac0000,505.0,0.0,3.51,99.0,0
2023-01-04 06:30:40.848473+00:00,70B3D54991EB3BA5,ECHO #2,Echo,Crossden burn @ Greenford Farm,56.55409349771759,-2.7087453156770502,07e200000ddc26ac0000,504.0,0.0,3.55,99.0,0
2023-01-04 06:46:22.020753+00:00,70B3D54991EB3BA5,ECHO #2,Echo,Crossden burn @ Greenford Farm,56.55409349771759,-2.7087453156770502,07e500000dd426ac0000,501.0,0.0,3.54,99.0,0
2023-01-04 07:02:05.458389+00:00,70B3D54991EB3BA5,ECHO #2,Echo,Crossden burn @ Greenford Farm,56.55409349771759,-2.7087453156770502,07e400000dcc26ac0000,502.0,0.0,3.53,99.0,0
2023-01-04 07:17:47.388823+00:00,70B3D54991EB3BA5,ECHO #2,Echo,Crossden burn @ Greenford Farm,56.55409349771759,-2.7087453156770502,07e700000dd826ac0000,499.0,0.0,3.54,99.0,0
2023-01-04 07:33:31.308440+00:00,70B3D54991EB3BA5,ECHO #2,Echo,Crossden burn @ Greenford Farm,56.55409349771759,-2.7087453156770502,07e900000de826ac0000,497.0,0.0,3.56,99.0,0
2023-01-04 07:49:16.163460+00:00,70B3D54991EB3BA5,ECHO #2,Echo,Crossden burn @ Greenford Farm,56.55409349771759,-2.7087453156770502,07f200000db426ac0000,488.0,0.0,3.51,99.0,0
2023-01-04 08:04:57.821917+00:00,70B3D54991EB3BA5,ECHO #2,Echo,Crossden burn @ Greenford Farm,56.55409349771759,-2.7087453156770502,07f500000dd826ac0000,485.0,0.0,3.54,99.0,0
2023-01-04 08:20:39.841406+00:00,70B3D54991EB3BA5,ECHO #2,Echo,Crossden burn @ Greenford Farm,56.55409349771759,-2.7087453156770502,07f300000dec26ac0000,487.0,0.0,3.56,99.0,0
2023-01-04 08:36:21.479722+00:00,70B3D54991EB3BA5,ECHO #2,Echo,Crossden burn @ Greenford Farm,56.55409349771759,-2.7087453156770502,07f500000dc026ac0000,485.0,0.0,3.52,99.0,0
2023-01-04 08:52:05.086427+00:00,70B3D54991EB3BA5,ECHO #2,Echo,Crossden burn @ Greenford Farm,56.55409349771759,-2.7087453156770502,07f500000dcc26ac0000,485.0,0.0,3.53,99.0,0
2023-01-04 09:07:48.650660+00:00,70B3D54991EB3BA5,ECHO #2,Echo,Crossden burn @ Greenford Farm,56.55409349771759,-2.7087453156770502,07f900000de026ac0000,481.0,0.0,3.55,99.0,0
2023-01-04 09:23:29.832378+00:00,70B3D54991EB3BA5,ECHO #2,Echo,Crossden burn @ Greenford Farm,56.55409349771759,-2.7087453156770502,07fc00000dc426ac0000,478.0,0.0,3.52,99.0,0
2023-01-04 09:39:11.830470+00:00,70B3D54991EB3BA5,ECHO #2,Echo,Crossden burn @ Greenford Farm,56.55409349771759,-2.7087453156770502,07f800000dcc26ac0000,482.0,0.0,3.53,99.0,0
2023-01-04 09:54:55.803247+00:00,70B3D54991EB3BA5,ECHO #2,Echo,Crossden burn @ Greenford Farm,56.55409349771759,-2.7087453156770502,07f900000dec26ac0000,481.0,0.0,3.56,99.0,0
2023-01-04 10:10:41.033335+00:00,70B3D54991EB3BA5,ECHO #2,Echo,Crossden burn @ Greenford Farm,56.55409349771759,-2.7087453156770502,080000000dd826ac0000,474.0,0.0,3.54,99.0,0
2023-01-04 10:26:23.306802+00:00,70B3D54991EB3BA5,ECHO #2,Echo,Crossden burn @ Greenford Farm,56.55409349771759,-2.7087453156770502,080200000de826ac0000,472.0,0.0,3.56,99.0,0
2023-01-04 10:42:05.138030+00:00,70B3D54991EB3BA5,ECHO #2,Echo,Crossden burn @ Greenford Farm,56.55409349771759,-2.7087453156770502,080200000dc826ac0000,472.0,0.0,3.53,99.0,0
2023-01-04 10:57:50.240420+00:00,70B3D54991EB3BA5,ECHO #2,Echo,Crossden burn @ Greenford Farm,56.55409349771759,-2.7087453156770502,07ff00000dd426ac0000,475.0,0.0,3.54,99.0,0
2023-01-04 11:13:35.144593+00:00,70B3D54991EB3BA5,ECHO #2,Echo,Crossden burn @ Greenford Farm,56.55409349771759,-2.7087453156770502,080100000dc826ac0000,473.0,0.0,3.53,99.0,0
2023-01-04 11:29:19.800997+00:00,70B3D54991EB3BA5,ECHO #2,Echo,Crossden burn @ Greenford Farm,56.55409349771759,-2.7087453156770502,080300000dcc26ac0000,471.0,0.0,3.53,99.0,0
2023-01-04 11:45:01.082693+00:00,70B3D54991EB3BA5,ECHO #2,Echo,Crossden burn @ Greenford Farm,56.55409349771759,-2.7087453156770502,080700000dcc26ac0000,467.0,0.0,3.53,99.0,0
2023-01-04 12:00:43.190824+00:00,70B3D54991EB3BA5,ECHO #2,Echo,Crossden burn @ Greenford Farm,56.55409349771759,-2.7087453156770502,080900000db426ac0000,465.0,0.0,3.51,99.0,0
2023-01-04 12:16:25.053247+00:00,70B3D54991EB3BA5,ECHO #2,Echo,Crossden burn @ Greenford Farm,56.55409349771759,-2.7087453156770502,080800000dc426ac0000,466.0,0.0,3.52,99.0,0
2023-01-04 12:32:06.608966+00:00,70B3D54991EB3BA5,ECHO #2,Echo,Crossden burn @ Greenford Farm,56.55409349771759,-2.7087453156770502,080c00000df026ac0000,462.0,0.0,3.57,99.0,0
2023-01-04 12:47:47.654666+00:00,70B3D54991EB3BA5,ECHO #2,Echo,Crossden burn @ Greenford Farm,56.55409349771759,-2.7087453156770502,080e00000da426ac0000,460.0,0.0,3.49,99.0,0
2023-01-04 13:03:30.300153+00:00,70B3D54991EB3BA5,ECHO #2,Echo,Crossden burn @ Greenford Farm,56.55409349771759,-2.7087453156770502,081000000da826ac0000,458.0,0.0,3.5,99.0,0
2023-01-04 13:19:10.998104+00:00,70B3D54991EB3BA5,ECHO #2,Echo,Crossden burn @ Greenford Farm,56.55409349771759,-2.7087453156770502,080c00000dd426ac0000,462.0,0.0,3.54,99.0,0
2023-01-04 13:34:53.353970+00:00,70B3D54991EB3BA5,ECHO #2,Echo,Crossden burn @ Greenford Farm,56.55409349771759,-2.7087453156770502,080f00000de426ac0000,459.0,0.0,3.56,99.0,0
2023-01-04 13:50:36.456180+00:00,70B3D54991EB3BA5,ECHO #2,Echo,Crossden burn @ Greenford Farm,56.55409349771759,-2.7087453156770502,080c00000da826ac0000,462.0,0.0,3.5,99.0,0
2023-01-04 14:06:21.551240+00:00,70B3D54991EB3BA5,ECHO #2,Echo,Crossden burn @ Greenford Farm,56.55409349771759,-2.7087453156770502,081700000db026ac0000,451.0,0.0,3.5,99.0,0
2023-01-04 14:22:02.234583+00:00,70B3D54991EB3BA5,ECHO #2,Echo,Crossden burn @ Greenford Farm,56.55409349771759,-2.7087453156770502,081700000da426ac0000,451.0,0.0,3.49,99.0,0
2023-01-04 14:37:45.203807+00:00,70B3D54991EB3BA5,ECHO #2,Echo,Crossden burn @ Greenford Farm,56.55409349771759,-2.7087453156770502,081400000db026ac0000,454.0,0.0,3.5,99.0,0
2023-01-04 14:53:25.802220+00:00,70B3D54991EB3BA5,ECHO #2,Echo,Crossden burn @ Greenford Farm,56.55409349771759,-2.7087453156770502,081700000da826ac0000,451.0,0.0,3.5,99.0,0
2023-01-04 15:09:10.786214+00:00,70B3D54991EB3BA5,ECHO #2,Echo,Crossden burn @ Greenford Farm,56.55409349771759,-2.7087453156770502,081d00000dc426ac0000,445.0,0.0,3.52,99.0,0
2023-01-04 15:24:54.012951+00:00,70B3D54991EB3BA5,ECHO #2,Echo,Crossden burn @ Greenford Farm,56.55409349771759,-2.7087453156770502,081800000db426ac0000,450.0,0.0,3.51,99.0,0
2023-01-04 15:40:34.984989+00:00,70B3D54991EB3BA5,ECHO #2,Echo,Crossden burn @ Greenford Farm,56.55409349771759,-2.7087453156770502,081900000dd426ac0000,449.0,0.0,3.54,99.0,0
2023-01-04 15:56:15.680622+00:00,70B3D54991EB3BA5,ECHO #2,Echo,Crossden burn @ Greenford Farm,56.55409349771759,-2.7087453156770502,081800000da826ac0000,450.0,0.0,3.5,99.0,0
2023-01-04 16:12:01.017111+00:00,70B3D54991EB3BA5,ECHO #2,Echo,Crossden burn @ Greenford Farm,56.55409349771759,-2.7087453156770502,081d00000dd426ac0000,445.0,0.0,3.54,99.0,0
2023-01-04 16:27:45.968373+00:00,70B3D54991EB3BA5,ECHO #2,Echo,Crossden burn @ Greenford Farm,56.55409349771759,-2.7087453156770502,082500000dc426ac0000,437.0,0.0,3.52,99.0,0
2023-01-04 16:43:30.049639+00:00,70B3D54991EB3BA5,ECHO #2,Echo,Crossden burn @ Greenford Farm,56.55409349771759,-2.7087453156770502,082300000dcc26ac0000,439.0,0.0,3.53,99.0,0
2023-01-04 16:59:11.514550+00:00,70B3D54991EB3BA5,ECHO #2,Echo,Crossden burn @ Greenford Farm,56.55409349771759,-2.7087453156770502,082000000dec26ac0000,442.0,0.0,3.56,99.0,0
2023-01-04 17:14:55.488994+00:00,70B3D54991EB3BA5,ECHO #2,Echo,Crossden burn @ Greenford Farm,56.55409349771759,-2.7087453156770502,082400000dd826ac0000,438.0,0.0,3.54,99.0,0
2023-01-04 17:30:36.861832+00:00,70B3D54991EB3BA5,ECHO #2,Echo,Crossden burn @ Greenford Farm,56.55409349771759,-2.7087453156770502,082500000dc426ac0000,437.0,0.0,3.52,99.0,0
2023-01-04 18:02:00.586669+00:00,70B3D54991EB3BA5,ECHO #2,Echo,Crossden burn @ Greenford Farm,56.55409349771759,-2.7087453156770502,082400000da426ac0000,438.0,0.0,3.49,99.0,0
2023-01-04 18:17:44.816774+00:00,70B3D54991EB3BA5,ECHO #2,Echo,Crossden burn @ Greenford Farm,56.55409349771759,-2.7087453156770502,082700000dcc26ac0000,435.0,0.0,3.53,99.0,0
2023-01-04 18:33:26.110945+00:00,70B3D54991EB3BA5,ECHO #2,Echo,Crossden burn @ Greenford Farm,56.55409349771759,-2.7087453156770502,082700000dc426ac0000,435.0,0.0,3.52,99.0,0
2023-01-04 18:49:10.545509+00:00,70B3D54991EB3BA5,ECHO #2,Echo,Crossden burn @ Greenford Farm,56.55409349771759,-2.7087453156770502,082800000db026ac0000,434.0,0.0,3.5,99.0,0
2023-01-04 19:04:51.737614+00:00,70B3D54991EB3BA5,ECHO #2,Echo,Crossden burn @ Greenford Farm,56.55409349771759,-2.7087453156770502,082c00000de026ac0000,430.0,0.0,3.55,99.0,0
2023-01-04 19:20:33.653797+00:00,70B3D54991EB3BA5,ECHO #2,Echo,Crossden burn @ Greenford Farm,56.55409349771759,-2.7087453156770502,082f00000db026ac0000,427.0,0.0,3.5,99.0,0
2023-01-04 19:36:14.929761+00:00,70B3D54991EB3BA5,ECHO #2,Echo,Crossden burn @ Greenford Farm,56.55409349771759,-2.7087453156770502,082e00000dd026ac0000,428.0,0.0,3.54,99.0,0
2023-01-04 20:07:37.445653+00:00,70B3D54991EB3BA5,ECHO #2,Echo,Crossden burn @ Greenford Farm,56.55409349771759,-2.7087453156770502,082e00000db426ac0000,428.0,0.0,3.51,99.0,0
2023-01-04 20:23:20.549934+00:00,70B3D54991EB3BA5,ECHO #2,Echo,Crossden burn @ Greenford Farm,56.55409349771759,-2.7087453156770502,082e00000dcc26ac0000,428.0,0.0,3.53,99.0,0
2023-01-04 20:39:02.671791+00:00,70B3D54991EB3BA5,ECHO #2,Echo,Crossden burn @ Greenford Farm,56.55409349771759,-2.7087453156770502,082e00000de826ac0000,428.0,0.0,3.56,99.0,0
2023-01-04 20:54:44.656524+00:00,70B3D54991EB3BA5,ECHO #2,Echo,Crossden burn @ Greenford Farm,56.55409349771759,-2.7087453156770502,083100000de426ac0000,425.0,0.0,3.56,99.0,0
2023-01-04 21:10:26.893312+00:00,70B3D54991EB3BA5,ECHO #2,Echo,Crossden burn @ Greenford Farm,56.55409349771759,-2.7087453156770502,083500000da826ac0000,421.0,0.0,3.5,99.0,0
2023-01-04 21:26:08.045214+00:00,70B3D54991EB3BA5,ECHO #2,Echo,Crossden burn @ Greenford Farm,56.55409349771759,-2.7087453156770502,083500000dc426ac0000,421.0,0.0,3.52,99.0,0
2023-01-04 21:41:49.215571+00:00,70B3D54991EB3BA5,ECHO #2,Echo,Crossden burn @ Greenford Farm,56.55409349771759,-2.7087453156770502,083500000ddc26ac0000,421.0,0.0,3.55,99.0,0
2023-01-04 21:57:29.766579+00:00,70B3D54991EB3BA5,ECHO #2,Echo,Crossden burn @ Greenford Farm,56.55409349771759,-2.7087453156770502,083700000dd426ac0000,419.0,0.0,3.54,99.0,0
2023-01-04 22:13:11.459999+00:00,70B3D54991EB3BA5,ECHO #2,Echo,Crossden burn @ Greenford Farm,56.55409349771759,-2.7087453156770502,083a00000db026ac0000,416.0,0.0,3.5,99.0,0
2023-01-04 22:28:55.969323+00:00,70B3D54991EB3BA5,ECHO #2,Echo,Crossden burn @ Greenford Farm,56.55409349771759,-2.7087453156770502,083400000da426ac0000,422.0,0.0,3.49,99.0,0
2023-01-04 22:44:37.657852+00:00,70B3D54991EB3BA5,ECHO #2,Echo,Crossden burn @ Greenford Farm,56.55409349771759,-2.7087453156770502,083500000dcc26ac0000,421.0,0.0,3.53,99.0,0
2023-01-04 23:00:18.847701+00:00,70B3D54991EB3BA5,ECHO #2,Echo,Crossden burn @ Greenford Farm,56.55409349771759,-2.7087453156770502,083400000db026ac0000,422.0,0.0,3.5,99.0,0
2023-01-04 23:15:59.741410+00:00,70B3D54991EB3BA5,ECHO #2,Echo,Crossden burn @ Greenford Farm,56.55409349771759,-2.7087453156770502,083700000db426ac0000,419.0,0.0,3.51,99.0,0
2023-01-04 23:31:41.963803+00:00,70B3D54991EB3BA5,ECHO #2,Echo,Crossden burn @ Greenford Farm,56.55409349771759,-2.7087453156770502,083a00000ddc26ac0000,416.0,0.0,3.55,99.0,0
2023-01-05 00:03:05.456910+00:00,70B3D54991EB3BA5,ECHO #2,Echo,Crossden burn @ Greenford Farm,56.55409349771759,-2.7087453156770502,083700000ddc26ac0000,419.0,0.0,3.55,99.0,0
2023-01-05 00:18:49.247902+00:00,70B3D54991EB3BA5,ECHO #2,Echo,Crossden burn @ Greenford Farm,56.55409349771759,-2.7087453156770502,083900000da826ac0000,417.0,0.0,3.5,99.0,0
2023-01-05 00:34:31.203427+00:00,70B3D54991EB3BA5,ECHO #2,Echo,Crossden burn @ Greenford Farm,56.55409349771759,-2.7087453156770502,083900000db426ac0000,417.0,0.0,3.51,99.0,0
2023-01-05 00:50:14.224589+00:00,70B3D54991EB3BA5,ECHO #2,Echo,Crossden burn @ Greenford Farm,56.55409349771759,-2.7087453156770502,083d00000dd826ac0000,413.0,0.0,3.54,99.0,0
2023-01-05 01:05:55.694309+00:00,70B3D54991EB3BA5,ECHO #2,Echo,Crossden burn @ Greenford Farm,56.55409349771759,-2.7087453156770502,083d00000db426ac0000,413.0,0.0,3.51,99.0,0
2023-01-05 01:37:19.037700+00:00,70B3D54991EB3BA5,ECHO #2,Echo,Crossden burn @ Greenford Farm,56.55409349771759,-2.7087453156770502,083e00000db426ac0000,412.0,0.0,3.51,99.0,0
2023-01-05 01:53:01.248134+00:00,70B3D54991EB3BA5,ECHO #2,Echo,Crossden burn @ Greenford Farm,56.55409349771759,-2.7087453156770502,083e00000dc826ac0000,412.0,0.0,3.53,99.0,0
2023-01-05 02:08:43.399687+00:00,70B3D54991EB3BA5,ECHO #2,Echo,Crossden burn @ Greenford Farm,56.55409349771759,-2.7087453156770502,083f00000de426ac0000,411.0,0.0,3.56,99.0,0
2023-01-05 02:24:25.845485+00:00,70B3D54991EB3BA5,ECHO #2,Echo,Crossden burn @ Greenford Farm,56.55409349771759,-2.7087453156770502,084200000dd026ac0000,408.0,0.0,3.54,99.0,0
2023-01-05 02:40:08.050529+00:00,70B3D54991EB3BA5,ECHO #2,Echo,Crossden burn @ Greenford Farm,56.55409349771759,-2.7087453156770502,084100000db026ac0000,409.0,0.0,3.5,99.0,0
2023-01-05 02:55:50.084531+00:00,70B3D54991EB3BA5,ECHO #2,Echo,Crossden burn @ Greenford Farm,56.55409349771759,-2.7087453156770502,084000000dc426ac0000,410.0,0.0,3.52,99.0,0
2023-01-05 03:11:31.603953+00:00,70B3D54991EB3BA5,ECHO #2,Echo,Crossden burn @ Greenford Farm,56.55409349771759,-2.7087453156770502,084300000dd826ac0000,407.0,0.0,3.54,99.0,0
2023-01-05 03:27:12.816498+00:00,70B3D54991EB3BA5,ECHO #2,Echo,Crossden burn @ Greenford Farm,56.55409349771759,-2.7087453156770502,084400000de826ac0000,406.0,0.0,3.56,99.0,0
2023-01-05 03:42:54.351492+00:00,70B3D54991EB3BA5,ECHO #2,Echo,Crossden burn @ Greenford Farm,56.55409349771759,-2.7087453156770502,084000000db026ac0000,410.0,0.0,3.5,99.0,0
2023-01-05 03:58:38.051260+00:00,70B3D54991EB3BA5,ECHO #2,Echo,Crossden burn @ Greenford Farm,56.55409349771759,-2.7087453156770502,084300000db426ac0000,407.0,0.0,3.51,99.0,0
2023-01-05 04:14:19.269126+00:00,70B3D54991EB3BA5,ECHO #2,Echo,Crossden burn @ Greenford Farm,56.55409349771759,-2.7087453156770502,084100000db426ac0000,409.0,0.0,3.51,99.0,0
2023-01-05 04:30:04.068922+00:00,70B3D54991EB3BA5,ECHO #2,Echo,Crossden burn @ Greenford Farm,56.55409349771759,-2.7087453156770502,084c00000dc826ac0000,398.0,0.0,3.53,99.0,0
2023-01-05 04:45:47.126679+00:00,70B3D54991EB3BA5,ECHO #2,Echo,Crossden burn @ Greenford Farm,56.55409349771759,-2.7087453156770502,084900000ddc26ac0000,401.0,0.0,3.55,99.0,0
2023-01-05 05:01:28.127744+00:00,70B3D54991EB3BA5,ECHO #2,Echo,Crossden burn @ Greenford Farm,56.55409349771759,-2.7087453156770502,084600000ddc26ac0000,404.0,0.0,3.55,99.0,0
2023-01-05 05:17:09.553455+00:00,70B3D54991EB3BA5,ECHO #2,Echo,Crossden burn @ Greenford Farm,56.55409349771759,-2.7087453156770502,084200000dcc26ac0000,408.0,0.0,3.53,99.0,0
2023-01-05 05:32:51.032449+00:00,70B3D54991EB3BA5,ECHO #2,Echo,Crossden burn @ Greenford Farm,56.55409349771759,-2.7087453156770502,084300000ddc26ac0000,407.0,0.0,3.55,99.0,0
2023-01-05 05:48:34.938046+00:00,70B3D54991EB3BA5,ECHO #2,Echo,Crossden burn @ Greenford Farm,56.55409349771759,-2.7087453156770502,084700000db026ac0000,403.0,0.0,3.5,99.0,0
2023-01-05 06:04:16.240936+00:00,70B3D54991EB3BA5,ECHO #2,Echo,Crossden burn @ Greenford Farm,56.55409349771759,-2.7087453156770502,084a00000dd826ac0000,400.0,0.0,3.54,99.0,0
2023-01-05 06:20:00.139197+00:00,70B3D54991EB3BA5,ECHO #2,Echo,Crossden burn @ Greenford Farm,56.55409349771759,-2.7087453156770502,083e00000db426ac0000,412.0,0.0,3.51,99.0,0
2023-01-05 06:35:46.209375+00:00,70B3D54991EB3BA5,ECHO #2,Echo,Crossden burn @ Greenford Farm,56.55409349771759,-2.7087453156770502,084600000da826ac0000,404.0,0.0,3.5,99.0,0
2023-01-05 06:51:30.584360+00:00,70B3D54991EB3BA5,ECHO #2,Echo,Crossden burn @ Greenford Farm,56.55409349771759,-2.7087453156770502,084b00000dac26ac0000,399.0,0.0,3.5,99.0,0
2023-01-05 07:07:11.823897+00:00,70B3D54991EB3BA5,ECHO #2,Echo,Crossden burn @ Greenford Farm,56.55409349771759,-2.7087453156770502,084900000db026ac0000,401.0,0.0,3.5,99.0,0
2023-01-05 07:22:56.687346+00:00,70B3D54991EB3BA5,ECHO #2,Echo,Crossden burn @ Greenford Farm,56.55409349771759,-2.7087453156770502,084f00000ddc26ac0000,395.0,0.0,3.55,99.0,0
2023-01-05 07:38:38.328671+00:00,70B3D54991EB3BA5,ECHO #2,Echo,Crossden burn @ Greenford Farm,56.55409349771759,-2.7087453156770502,084c00000dcc26ac0000,398.0,0.0,3.53,99.0,0
2023-01-05 07:54:19.958529+00:00,70B3D54991EB3BA5,ECHO #2,Echo,Crossden burn @ Greenford Farm,56.55409349771759,-2.7087453156770502,084b00000dd826ac0000,399.0,0.0,3.54,99.0,0
2023-01-05 08:10:03.236522+00:00,70B3D54991EB3BA5,ECHO #2,Echo,Crossden burn @ Greenford Farm,56.55409349771759,-2.7087453156770502,084d00000dd826ac0000,397.0,0.0,3.54,99.0,0
2023-01-05 08:25:44.336464+00:00,70B3D54991EB3BA5,ECHO #2,Echo,Crossden burn @ Greenford Farm,56.55409349771759,-2.7087453156770502,084d00000dc426ac0000,397.0,0.0,3.52,99.0,0
2023-01-05 08:41:28.907106+00:00,70B3D54991EB3BA5,ECHO #2,Echo,Crossden burn @ Greenford Farm,56.55409349771759,-2.7087453156770502,084b00000ddc26ac0000,399.0,0.0,3.55,99.0,0
2023-01-05 08:57:11.376587+00:00,70B3D54991EB3BA5,ECHO #2,Echo,Crossden burn @ Greenford Farm,56.55409349771759,-2.7087453156770502,084b00000de026ac0000,399.0,0.0,3.55,99.0,0
2023-01-05 09:12:53.743837+00:00,70B3D54991EB3BA5,ECHO #2,Echo,Crossden burn @ Greenford Farm,56.55409349771759,-2.7087453156770502,084900000db026ac0000,401.0,0.0,3.5,99.0,0
2023-01-05 09:28:36.210617+00:00,70B3D54991EB3BA5,ECHO #2,Echo,Crossden burn @ Greenford Farm,56.55409349771759,-2.7087453156770502,084d00000ddc26ac0000,397.0,0.0,3.55,99.0,0
2023-01-05 09:44:18.576116+00:00,70B3D54991EB3BA5,ECHO #2,Echo,Crossden burn @ Greenford Farm,56.55409349771759,-2.7087453156770502,084d00000de026ac0000,397.0,0.0,3.55,99.0,0
2023-01-05 10:00:01.048784+00:00,70B3D54991EB3BA5,ECHO #2,Echo,Crossden burn @ Greenford Farm,56.55409349771759,-2.7087453156770502,084d00000dcc26ac0000,397.0,0.0,3.53,99.0,0
2023-01-05 10:15:43.138572+00:00,70B3D54991EB3BA5,ECHO #2,Echo,Crossden burn @ Greenford Farm,56.55409349771759,-2.7087453156770502,084e00000dec26ac0000,396.0,0.0,3.56,99.0,0
2023-01-05 10:31:24.864239+00:00,70B3D54991EB3BA5,ECHO #2,Echo,Crossden burn @ Greenford Farm,56.55409349771759,-2.7087453156770502,084e00000db026ac0000,396.0,0.0,3.5,99.0,0
2023-01-05 10:47:07.150918+00:00,70B3D54991EB3BA5,ECHO #2,Echo,Crossden burn @ Greenford Farm,56.55409349771759,-2.7087453156770502,085100000de426ac0000,393.0,0.0,3.56,99.0,0
2023-01-05 11:02:51.728388+00:00,70B3D54991EB3BA5,ECHO #2,Echo,Crossden burn @ Greenford Farm,56.55409349771759,-2.7087453156770502,084c00000dac26ac0000,398.0,0.0,3.5,99.0,0
2023-01-05 11:18:33.746516+00:00,70B3D54991EB3BA5,ECHO #2,Echo,Crossden burn @ Greenford Farm,56.55409349771759,-2.7087453156770502,084b00000db426ac0000,399.0,0.0,3.51,99.0,0
2023-01-05 11:34:15.231931+00:00,70B3D54991EB3BA5,ECHO #2,Echo,Crossden burn @ Greenford Farm,56.55409349771759,-2.7087453156770502,084d00000dd826ac0000,397.0,0.0,3.54,99.0,0
2023-01-05 11:49:57.082128+00:00,70B3D54991EB3BA5,ECHO #2,Echo,Crossden burn @ Greenford Farm,56.55409349771759,-2.7087453156770502,084d00000dc826ac0000,397.0,0.0,3.53,99.0,0
2023-01-05 12:05:38.829066+00:00,70B3D54991EB3BA5,ECHO #2,Echo,Crossden burn @ Greenford Farm,56.55409349771759,-2.7087453156770502,084a00000dcc26ac0000,400.0,0.0,3.53,99.0,0
2023-01-05 12:21:21.893154+00:00,70B3D54991EB3BA5,ECHO #2,Echo,Crossden burn @ Greenford Farm,56.55409349771759,-2.7087453156770502,084c00000dd826ac0000,398.0,0.0,3.54,99.0,0
2023-01-05 12:37:03.941773+00:00,70B3D54991EB3BA5,ECHO #2,Echo,Crossden burn @ Greenford Farm,56.55409349771759,-2.7087453156770502,084f00000db426ac0000,395.0,0.0,3.51,99.0,0
2023-01-05 12:52:46.235367+00:00,70B3D54991EB3BA5,ECHO #2,Echo,Crossden burn @ Greenford Farm,56.55409349771759,-2.7087453156770502,084d00000dd426ac0000,397.0,0.0,3.54,99.0,0
2023-01-05 13:08:27.857385+00:00,70B3D54991EB3BA5,ECHO #2,Echo,Crossden burn @ Greenford Farm,56.55409349771759,-2.7087453156770502,085000000ddc26ac0000,394.0,0.0,3.55,99.0,0
2023-01-05 13:24:09.552505+00:00,70B3D54991EB3BA5,ECHO #2,Echo,Crossden burn @ Greenford Farm,56.55409349771759,-2.7087453156770502,084c00000dec26ac0000,398.0,0.0,3.56,99.0,0
2023-01-05 13:39:51.511648+00:00,70B3D54991EB3BA5,ECHO #2,Echo,Crossden burn @ Greenford Farm,56.55409349771759,-2.7087453156770502,084d00000dcc26ac0000,397.0,0.0,3.53,99.0,0
2023-01-05 13:55:33.472301+00:00,70B3D54991EB3BA5,ECHO #2,Echo,Crossden burn @ Greenford Farm,56.55409349771759,-2.7087453156770502,084f00000de826ac0000,395.0,0.0,3.56,99.0,0
2023-01-05 14:11:15.267614+00:00,70B3D54991EB3BA5,ECHO #2,Echo,Crossden burn @ Greenford Farm,56.55409349771759,-2.7087453156770502,084d00000dc826ac0000,397.0,0.0,3.53,99.0,0
2023-01-05 14:26:56.807396+00:00,70B3D54991EB3BA5,ECHO #2,Echo,Crossden burn @ Greenford Farm,56.55409349771759,-2.7087453156770502,084f00000dec26ac0000,395.0,0.0,3.56,99.0,0
2023-01-05 14:42:38.622972+00:00,70B3D54991EB3BA5,ECHO #2,Echo,Crossden burn @ Greenford Farm,56.55409349771759,-2.7087453156770502,085200000db426ac0000,392.0,0.0,3.51,99.0,0
2023-01-05 14:58:21.293486+00:00,70B3D54991EB3BA5,ECHO #2,Echo,Crossden burn @ Greenford Farm,56.55409349771759,-2.7087453156770502,085000000dd026ac0000,394.0,0.0,3.54,99.0,0
2023-01-05 15:14:03.092093+00:00,70B3D54991EB3BA5,ECHO #2,Echo,Crossden burn @ Greenford Farm,56.55409349771759,-2.7087453156770502,085400000de426ac0000,390.0,0.0,3.56,99.0,0
2023-01-05 15:29:47.339796+00:00,70B3D54991EB3BA5,ECHO #2,Echo,Crossden burn @ Greenford Farm,56.55409349771759,-2.7087453156770502,085000000de026ac0000,394.0,0.0,3.55,99.0,0
2023-01-05 15:45:28.663739+00:00,70B3D54991EB3BA5,ECHO #2,Echo,Crossden burn @ Greenford Farm,56.55409349771759,-2.7087453156770502,085000000e0026ac0000,394.0,0.0,3.58,99.0,0
2023-01-05 16:01:10.630100+00:00,70B3D54991EB3BA5,ECHO #2,Echo,Crossden burn @ Greenford Farm,56.55409349771759,-2.7087453156770502,085000000de826ac0000,394.0,0.0,3.56,99.0,0
2023-01-05 16:16:51.817752+00:00,70B3D54991EB3BA5,ECHO #2,Echo,Crossden burn @ Greenford Farm,56.55409349771759,-2.7087453156770502,084d00000de026ac0000,397.0,0.0,3.55,99.0,0
2023-01-05 16:48:15.230245+00:00,70B3D54991EB3BA5,ECHO #2,Echo,Crossden burn @ Greenford Farm,56.55409349771759,-2.7087453156770502,084b00000db426ac0000,399.0,0.0,3.51,99.0,0
2023-01-05 17:03:57.664085+00:00,70B3D54991EB3BA5,ECHO #2,Echo,Crossden burn @ Greenford Farm,56.55409349771759,-2.7087453156770502,084700000e0026ac0000,403.0,0.0,3.58,99.0,0
2023-01-05 17:19:41.710559+00:00,70B3D54991EB3BA5,ECHO #2,Echo,Crossden burn @ Greenford Farm,56.55409349771759,-2.7087453156770502,084400000ddc26ac0000,406.0,0.0,3.55,99.0,0
2023-01-05 17:35:26.417954+00:00,70B3D54991EB3BA5,ECHO #2,Echo,Crossden burn @ Greenford Farm,56.55409349771759,-2.7087453156770502,083c00000dc826ac0000,414.0,0.0,3.53,99.0,0
2023-01-05 17:51:11.619885+00:00,70B3D54991EB3BA5,ECHO #2,Echo,Crossden burn @ Greenford Farm,56.55409349771759,-2.7087453156770502,083100000dec26ac0000,425.0,0.0,3.56,99.0,0
2023-01-05 18:06:53.560810+00:00,70B3D54991EB3BA5,ECHO #2,Echo,Crossden burn @ Greenford Farm,56.55409349771759,-2.7087453156770502,083200000de026ac0000,424.0,0.0,3.55,99.0,0
2023-01-05 18:22:34.787251+00:00,70B3D54991EB3BA5,ECHO #2,Echo,Crossden burn @ Greenford Farm,56.55409349771759,-2.7087453156770502,083300000dcc26ac0000,423.0,0.0,3.53,99.0,0
2023-01-05 18:38:16.298818+00:00,70B3D54991EB3BA5,ECHO #2,Echo,Crossden burn @ Greenford Farm,56.55409349771759,-2.7087453156770502,083000000df426ac0000,426.0,0.0,3.57,99.0,0
2023-01-05 19:09:45.853714+00:00,70B3D54991EB3BA5,ECHO #2,Echo,Crossden burn @ Greenford Farm,56.55409349771759,-2.7087453156770502,083300000de026ac0000,423.0,0.0,3.55,99.0,0
2023-01-05 19:25:27.834323+00:00,70B3D54991EB3BA5,ECHO #2,Echo,Crossden burn @ Greenford Farm,56.55409349771759,-2.7087453156770502,083200000de026ac0000,424.0,0.0,3.55,99.0,0
2023-01-05 19:41:11.381035+00:00,70B3D54991EB3BA5,ECHO #2,Echo,Crossden burn @ Greenford Farm,56.55409349771759,-2.7087453156770502,083200000de826ac0000,424.0,0.0,3.56,99.0,0
2023-01-05 19:56:53.342957+00:00,70B3D54991EB3BA5,ECHO #2,Echo,Crossden burn @ Greenford Farm,56.55409349771759,-2.7087453156770502,083400000de826ac0000,422.0,0.0,3.56,99.0,0
2023-01-05 20:12:34.818495+00:00,70B3D54991EB3BA5,ECHO #2,Echo,Crossden burn @ Greenford Farm,56.55409349771759,-2.7087453156770502,083400000dcc26ac0000,422.0,0.0,3.53,99.0,0
2023-01-05 20:44:00.432191+00:00,70B3D54991EB3BA5,ECHO #2,Echo,Crossden burn @ Greenford Farm,56.55409349771759,-2.7087453156770502,083100000dd426ac0000,425.0,0.0,3.54,99.0,0
2023-01-05 20:59:42.005522+00:00,70B3D54991EB3BA5,ECHO #2,Echo,Crossden burn @ Greenford Farm,56.55409349771759,-2.7087453156770502,083200000dd826ac0000,424.0,0.0,3.54,99.0,0
2023-01-05 21:15:23.252012+00:00,70B3D54991EB3BA5,ECHO #2,Echo,Crossden burn @ Greenford Farm,56.55409349771759,-2.7087453156770502,083000000dfc26ac0000,426.0,0.0,3.58,99.0,0
2023-01-05 21:31:04.844143+00:00,70B3D54991EB3BA5,ECHO #2,Echo,Crossden burn @ Greenford Farm,56.55409349771759,-2.7087453156770502,083100000df026ac0000,425.0,0.0,3.57,99.0,0
2023-01-05 21:46:46.412586+00:00,70B3D54991EB3BA5,ECHO #2,Echo,Crossden burn @ Greenford Farm,56.55409349771759,-2.7087453156770502,083400000dd826ac0000,422.0,0.0,3.54,99.0,0
2023-01-05 22:02:28.497798+00:00,70B3D54991EB3BA5,ECHO #2,Echo,Crossden burn @ Greenford Farm,56.55409349771759,-2.7087453156770502,083100000df026ac0000,425.0,0.0,3.57,99.0,0
2023-01-05 22:18:13.459479+00:00,70B3D54991EB3BA5,ECHO #2,Echo,Crossden burn @ Greenford Farm,56.55409349771759,-2.7087453156770502,083700000dd026ac0000,419.0,0.0,3.54,99.0,0
2023-01-05 22:49:36.507499+00:00,70B3D54991EB3BA5,ECHO #2,Echo,Crossden burn @ Greenford Farm,56.55409349771759,-2.7087453156770502,083400000de426ac0000,422.0,0.0,3.56,99.0,0
2023-01-05 23:05:19.756142+00:00,70B3D54991EB3BA5,ECHO #2,Echo,Crossden burn @ Greenford Farm,56.55409349771759,-2.7087453156770502,083800000de426ac0000,418.0,0.0,3.56,99.0,0
2023-01-05 23:21:01.676397+00:00,70B3D54991EB3BA5,ECHO #2,Echo,Crossden burn @ Greenford Farm,56.55409349771759,-2.7087453156770502,083500000dcc26ac0000,421.0,0.0,3.53,99.0,0
2023-01-05 23:36:45.281316+00:00,70B3D54991EB3BA5,ECHO #2,Echo,Crossden burn @ Greenford Farm,56.55409349771759,-2.7087453156770502,083600000de426ac0000,420.0,0.0,3.56,99.0,0
2023-01-05 23:52:27.158768+00:00,70B3D54991EB3BA5,ECHO #2,Echo,Crossden burn @ Greenford Farm,56.55409349771759,-2.7087453156770502,083600000ddc26ac0000,420.0,0.0,3.55,99.0,0
2023-01-06 00:08:09.144995+00:00,70B3D54991EB3BA5,ECHO #2,Echo,Crossden burn @ Greenford Farm,56.55409349771759,-2.7087453156770502,083900000dd426ac0000,417.0,0.0,3.54,99.0,0
2023-01-06 00:23:50.573099+00:00,70B3D54991EB3BA5,ECHO #2,Echo,Crossden burn @ Greenford Farm,56.55409349771759,-2.7087453156770502,083600000dec26ac0000,420.0,0.0,3.56,99.0,0
2023-01-06 00:39:32.352276+00:00,70B3D54991EB3BA5,ECHO #2,Echo,Crossden burn @ Greenford Farm,56.55409349771759,-2.7087453156770502,083700000df026ac0000,419.0,0.0,3.57,99.0,0
2023-01-06 00:55:14.152056+00:00,70B3D54991EB3BA5,ECHO #2,Echo,Crossden burn @ Greenford Farm,56.55409349771759,-2.7087453156770502,083600000dcc26ac0000,420.0,0.0,3.53,99.0,0
2023-01-06 01:10:58.239087+00:00,70B3D54991EB3BA5,ECHO #2,Echo,Crossden burn @ Greenford Farm,56.55409349771759,-2.7087453156770502,083900000dcc26ac0000,417.0,0.0,3.53,99.0,0
2023-01-06 01:26:40.414754+00:00,70B3D54991EB3BA5,ECHO #2,Echo,Crossden burn @ Greenford Farm,56.55409349771759,-2.7087453156770502,083600000de826ac0000,420.0,0.0,3.56,99.0,0
2023-01-06 01:42:22.216704+00:00,70B3D54991EB3BA5,ECHO #2,Echo,Crossden burn @ Greenford Farm,56.55409349771759,-2.7087453156770502,083a00000df426ac0000,416.0,0.0,3.57,99.0,0
2023-01-06 01:58:04.615780+00:00,70B3D54991EB3BA5,ECHO #2,Echo,Crossden burn @ Greenford Farm,56.55409349771759,-2.7087453156770502,083900000dd026ac0000,417.0,0.0,3.54,99.0,0
2023-01-06 02:13:47.013545+00:00,70B3D54991EB3BA5,ECHO #2,Echo,Crossden burn @ Greenford Farm,56.55409349771759,-2.7087453156770502,083d00000dd826ac0000,413.0,0.0,3.54,99.0,0
2023-01-06 02:29:28.541841+00:00,70B3D54991EB3BA5,ECHO #2,Echo,Crossden burn @ Greenford Farm,56.55409349771759,-2.7087453156770502,083a00000dcc26ac0000,416.0,0.0,3.53,99.0,0
2023-01-06 02:45:09.905262+00:00,70B3D54991EB3BA5,ECHO #2,Echo,Crossden burn @ Greenford Farm,56.55409349771759,-2.7087453156770502,083a00000de026ac0000,416.0,0.0,3.55,99.0,0
2023-01-06 03:00:51.479510+00:00,70B3D54991EB3BA5,ECHO #2,Echo,Crossden burn @ Greenford Farm,56.55409349771759,-2.7087453156770502,083c00000dec26ac0000,414.0,0.0,3.56,99.0,0
2023-01-06 03:16:33.139165+00:00,70B3D54991EB3BA5,ECHO #2,Echo,Crossden burn @ Greenford Farm,56.55409349771759,-2.7087453156770502,083d00000de026ac0000,413.0,0.0,3.55,99.0,0
2023-01-06 03:32:14.189682+00:00,70B3D54991EB3BA5,ECHO #2,Echo,Crossden burn @ Greenford Farm,56.55409349771759,-2.7087453156770502,083f00000df026ac0000,411.0,0.0,3.57,99.0,0
2023-01-06 03:47:56.166601+00:00,70B3D54991EB3BA5,ECHO #2,Echo,Crossden burn @ Greenford Farm,56.55409349771759,-2.7087453156770502,083e00000dd826ac0000,412.0,0.0,3.54,99.0,0
2023-01-06 04:03:38.245730+00:00,70B3D54991EB3BA5,ECHO #2,Echo,Crossden burn @ Greenford Farm,56.55409349771759,-2.7087453156770502,083f00000ddc26ac0000,411.0,0.0,3.55,99.0,0
2023-01-06 04:19:19.649812+00:00,70B3D54991EB3BA5,ECHO #2,Echo,Crossden burn @ Greenford Farm,56.55409349771759,-2.7087453156770502,083b00000df026ac0000,415.0,0.0,3.57,99.0,0
2023-01-06 04:35:03.904571+00:00,70B3D54991EB3BA5,ECHO #2,Echo,Crossden burn @ Greenford Farm,56.55409349771759,-2.7087453156770502,084200000ddc26ac0000,408.0,0.0,3.55,99.0,0
2023-01-06 04:50:49.165797+00:00,70B3D54991EB3BA5,ECHO #2,Echo,Crossden burn @ Greenford Farm,56.55409349771759,-2.7087453156770502,083a00000dec26ac0000,416.0,0.0,3.56,99.0,0
2023-01-06 05:06:31.841690+00:00,70B3D54991EB3BA5,ECHO #2,Echo,Crossden burn @ Greenford Farm,56.55409349771759,-2.7087453156770502,083c00000de026ac0000,414.0,0.0,3.55,99.0,0
2023-01-06 05:22:13.977536+00:00,70B3D54991EB3BA5,ECHO #2,Echo,Crossden burn @ Greenford Farm,56.55409349771759,-2.7087453156770502,083b00000dd426ac0000,415.0,0.0,3.54,99.0,0
2023-01-06 05:37:56.243878+00:00,70B3D54991EB3BA5,ECHO #2,Echo,Crossden burn @ Greenford Farm,56.55409349771759,-2.7087453156770502,083c00000dec26ac0000,414.0,0.0,3.56,99.0,0
2023-01-06 06:09:19.852656+00:00,70B3D54991EB3BA5,ECHO #2,Echo,Crossden burn @ Greenford Farm,56.55409349771759,-2.7087453156770502,083e00000ddc26ac0000,412.0,0.0,3.55,99.0,0
2023-01-06 06:25:04.145116+00:00,70B3D54991EB3BA5,ECHO #2,Echo,Crossden burn @ Greenford Farm,56.55409349771759,-2.7087453156770502,083d00000dcc26ac0000,413.0,0.0,3.53,99.0,0
2023-01-06 06:40:46.029542+00:00,70B3D54991EB3BA5,ECHO #2,Echo,Crossden burn @ Greenford Farm,56.55409349771759,-2.7087453156770502,083f00000ddc26ac0000,411.0,0.0,3.55,99.0,0
2023-01-06 06:56:27.646068+00:00,70B3D54991EB3BA5,ECHO #2,Echo,Crossden burn @ Greenford Farm,56.55409349771759,-2.7087453156770502,084200000df026ac0000,408.0,0.0,3.57,99.0,0
2023-01-06 07:12:09.146550+00:00,70B3D54991EB3BA5,ECHO #2,Echo,Crossden burn @ Greenford Farm,56.55409349771759,-2.7087453156770502,084200000dcc26ac0000,408.0,0.0,3.53,99.0,0
2023-01-06 07:27:51.297346+00:00,70B3D54991EB3BA5,ECHO #2,Echo,Crossden burn @ Greenford Farm,56.55409349771759,-2.7087453156770502,084400000dcc26ac0000,406.0,0.0,3.53,99.0,0
2023-01-06 07:43:32.693037+00:00,70B3D54991EB3BA5,ECHO #2,Echo,Crossden burn @ Greenford Farm,56.55409349771759,-2.7087453156770502,084200000de426ac0000,408.0,0.0,3.56,99.0,0
2023-01-06 07:59:14.392933+00:00,70B3D54991EB3BA5,ECHO #2,Echo,Crossden burn @ Greenford Farm,56.55409349771759,-2.7087453156770502,084500000dcc26ac0000,405.0,0.0,3.53,99.0,0
2023-01-06 08:14:57.204126+00:00,70B3D54991EB3BA5,ECHO #2,Echo,Crossden burn @ Greenford Farm,56.55409349771759,-2.7087453156770502,084800000dec26ac0000,402.0,0.0,3.56,99.0,0
2023-01-06 08:30:41.052817+00:00,70B3D54991EB3BA5,ECHO #2,Echo,Crossden burn @ Greenford Farm,56.55409349771759,-2.7087453156770502,084400000dcc26ac0000,406.0,0.0,3.53,99.0,0
2023-01-06 08:46:23.322016+00:00,70B3D54991EB3BA5,ECHO #2,Echo,Crossden burn @ Greenford Farm,56.55409349771759,-2.7087453156770502,084500000dec26ac0000,405.0,0.0,3.56,99.0,0
2023-01-06 09:02:07.511914+00:00,70B3D54991EB3BA5,ECHO #2,Echo,Crossden burn @ Greenford Farm,56.55409349771759,-2.7087453156770502,084700000dec26ac0000,403.0,0.0,3.56,99.0,0
2023-01-06 09:17:50.748667+00:00,70B3D54991EB3BA5,ECHO #2,Echo,Crossden burn @ Greenford Farm,56.55409349771759,-2.7087453156770502,084b00000de826ac0000,399.0,0.0,3.56,99.0,0
2023-01-06 09:33:34.178102+00:00,70B3D54991EB3BA5,ECHO #2,Echo,Crossden burn @ Greenford Farm,56.55409349771759,-2.7087453156770502,084d00000dec26ac0000,397.0,0.0,3.56,99.0,0
2023-01-06 09:49:18.468108+00:00,70B3D54991EB3BA5,ECHO #2,Echo,Crossden burn @ Greenford Farm,56.55409349771759,-2.7087453156770502,084e00000dc026ac0000,396.0,0.0,3.52,99.0,0
2023-01-06 10:05:03.605603+00:00,70B3D54991EB3BA5,ECHO #2,Echo,Crossden burn @ Greenford Farm,56.55409349771759,-2.7087453156770502,084f00000ddc26ac0000,395.0,0.0,3.55,99.0,0
2023-01-06 10:20:48.409477+00:00,70B3D54991EB3BA5,ECHO #2,Echo,Crossden burn @ Greenford Farm,56.55409349771759,-2.7087453156770502,085100000dcc26ac0000,393.0,0.0,3.53,99.0,0
2023-01-06 10:36:30.442664+00:00,70B3D54991EB3BA5,ECHO #2,Echo,Crossden burn @ Greenford Farm,56.55409349771759,-2.7087453156770502,085400000e0826ac0000,390.0,0.0,3.59,99.0,0
2023-01-06 10:52:12.919492+00:00,70B3D54991EB3BA5,ECHO #2,Echo,Crossden burn @ Greenford Farm,56.55409349771759,-2.7087453156770502,085500000ddc26ac0000,389.0,0.0,3.55,99.0,0
2023-01-06 11:07:55.693115+00:00,70B3D54991EB3BA5,ECHO #2,Echo,Crossden burn @ Greenford Farm,56.55409349771759,-2.7087453156770502,085700000e0426ac0000,387.0,0.0,3.59,99.0,0
2023-01-06 11:23:37.743311+00:00,70B3D54991EB3BA5,ECHO #2,Echo,Crossden burn @ Greenford Farm,56.55409349771759,-2.7087453156770502,085400000e0826ac0000,390.0,0.0,3.59,99.0,0
2023-01-06 11:39:19.941209+00:00,70B3D54991EB3BA5,ECHO #2,Echo,Crossden burn @ Greenford Farm,56.55409349771759,-2.7087453156770502,085600000dec26ac0000,388.0,0.0,3.56,99.0,0
2023-01-06 11:55:00.696234+00:00,70B3D54991EB3BA5,ECHO #2,Echo,Crossden burn @ Greenford Farm,56.55409349771759,-2.7087453156770502,085800000de426ac0000,386.0,0.0,3.56,99.0,0
2023-01-06 12:10:41.219565+00:00,70B3D54991EB3BA5,ECHO #2,Echo,Crossden burn @ Greenford Farm,56.55409349771759,-2.7087453156770502,085900000e1c26ac0000,385.0,0.0,3.61,99.0,0
2023-01-06 12:26:23.174298+00:00,70B3D54991EB3BA5,ECHO #2,Echo,Crossden burn @ Greenford Farm,56.55409349771759,-2.7087453156770502,085b00000e0026ac0000,383.0,0.0,3.58,99.0,0
2023-01-06 12:42:04.370338+00:00,70B3D54991EB3BA5,ECHO #2,Echo,Crossden burn @ Greenford Farm,56.55409349771759,-2.7087453156770502,085700000df426ac0000,387.0,0.0,3.57,99.0,0
2023-01-06 12:57:46.418599+00:00,70B3D54991EB3BA5,ECHO #2,Echo,Crossden burn @ Greenford Farm,56.55409349771759,-2.7087453156770502,085900000e0426ac0000,385.0,0.0,3.59,99.0,0
2023-01-06 13:13:28.048162+00:00,70B3D54991EB3BA5,ECHO #2,Echo,Crossden burn @ Greenford Farm,56.55409349771759,-2.7087453156770502,085900000d9c26ac0000,385.0,0.0,3.48,99.0,0
2023-01-06 13:29:08.035214+00:00,70B3D54991EB3BA5,ECHO #2,Echo,Crossden burn @ Greenford Farm,56.55409349771759,-2.7087453156770502,085b00000df026ac0000,383.0,0.0,3.57,99.0,0
2023-01-06 13:44:48.309376+00:00,70B3D54991EB3BA5,ECHO #2,Echo,Crossden burn @ Greenford Farm,56.55409349771759,-2.7087453156770502,085700000d8c26ac0000,387.0,0.0,3.47,99.0,0
2023-01-06 14:00:28.547945+00:00,70B3D54991EB3BA5,ECHO #2,Echo,Crossden burn @ Greenford Farm,56.55409349771759,-2.7087453156770502,085500000de826ac0000,389.0,0.0,3.56,99.0,0
2023-01-06 14:16:09.935629+00:00,70B3D54991EB3BA5,ECHO #2,Echo,Crossden burn @ Greenford Farm,56.55409349771759,-2.7087453156770502,085100000d8c26ac0000,393.0,0.0,3.47,99.0,0
2023-01-06 14:31:51.845403+00:00,70B3D54991EB3BA5,ECHO #2,Echo,Crossden burn @ Greenford Farm,56.55409349771759,-2.7087453156770502,085300000db426ac0000,391.0,0.0,3.51,99.0,0
2023-01-06 14:47:33.589956+00:00,70B3D54991EB3BA5,ECHO #2,Echo,Crossden burn @ Greenford Farm,56.55409349771759,-2.7087453156770502,085100000de826ac0000,393.0,0.0,3.56,99.0,0
2023-01-06 15:03:16.751731+00:00,70B3D54991EB3BA5,ECHO #2,Echo,Crossden burn @ Greenford Farm,56.55409349771759,-2.7087453156770502,085400000ddc26ac0000,390.0,0.0,3.55,99.0,0
2023-01-06 15:18:57.750716+00:00,70B3D54991EB3BA5,ECHO #2,Echo,Crossden burn @ Greenford Farm,56.55409349771759,-2.7087453156770502,085400000d9426ac0000,390.0,0.0,3.48,99.0,0
2023-01-06 15:34:39.473015+00:00,70B3D54991EB3BA5,ECHO #2,Echo,Crossden burn @ Greenford Farm,56.55409349771759,-2.7087453156770502,085000000d7c26ac0000,394.0,0.0,3.45,99.0,0
2023-01-06 15:50:21.261945+00:00,70B3D54991EB3BA5,ECHO #2,Echo,Crossden burn @ Greenford Farm,56.55409349771759,-2.7087453156770502,085300000ddc26ac0000,391.0,0.0,3.55,99.0,0
2023-01-06 16:06:02.365531+00:00,70B3D54991EB3BA5,ECHO #2,Echo,Crossden burn @ Greenford Farm,56.55409349771759,-2.7087453156770502,085500000dcc26ac0000,389.0,0.0,3.53,99.0,0
2023-01-06 16:37:28.209635+00:00,70B3D54991EB3BA5,ECHO #2,Echo,Crossden burn @ Greenford Farm,56.55409349771759,-2.7087453156770502,085100000d7026ac0000,393.0,0.0,3.44,99.0,0
2023-01-06 16:53:12.172660+00:00,70B3D54991EB3BA5,ECHO #2,Echo,Crossden burn @ Greenford Farm,56.55409349771759,-2.7087453156770502,085500000d6826ac0000,389.0,0.0,3.43,99.0,0
2023-01-06 17:08:54.047431+00:00,70B3D54991EB3BA5,ECHO #2,Echo,Crossden burn @ Greenford Farm,56.55409349771759,-2.7087453156770502,085800000d6c26ac0000,386.0,0.0,3.44,99.0,0
2023-01-06 17:24:37.584291+00:00,70B3D54991EB3BA5,ECHO #2,Echo,Crossden burn @ Greenford Farm,56.55409349771759,-2.7087453156770502,085300000d6c26ac0000,391.0,0.0,3.44,99.0,0
2023-01-06 17:40:19.179573+00:00,70B3D54991EB3BA5,ECHO #2,Echo,Crossden burn @ Greenford Farm,56.55409349771759,-2.7087453156770502,085200000dd026ac0000,392.0,0.0,3.54,99.0,0
2023-01-06 17:56:01.861045+00:00,70B3D54991EB3BA5,ECHO #2,Echo,Crossden burn @ Greenford Farm,56.55409349771759,-2.7087453156770502,085400000dc826ac0000,390.0,0.0,3.53,99.0,0
2023-01-06 18:11:44.592199+00:00,70B3D54991EB3BA5,ECHO #2,Echo,Crossden burn @ Greenford Farm,56.55409349771759,-2.7087453156770502,085400000d8826ac0000,390.0,0.0,3.46,99.0,0
2023-01-06 18:27:26.079656+00:00,70B3D54991EB3BA5,ECHO #2,Echo,Crossden burn @ Greenford Farm,56.55409349771759,-2.7087453156770502,085500000d9c26ac0000,389.0,0.0,3.48,99.0,0
2023-01-06 18:43:09.608938+00:00,70B3D54991EB3BA5,ECHO #2,Echo,Crossden burn @ Greenford Farm,56.55409349771759,-2.7087453156770502,085700000d6826ac0000,387.0,0.0,3.43,99.0,0
2023-01-06 18:58:51.852825+00:00,70B3D54991EB3BA5,ECHO #2,Echo,Crossden burn @ Greenford Farm,56.55409349771759,-2.7087453156770502,085500000dcc26ac0000,389.0,0.0,3.53,99.0,0
2023-01-06 19:14:33.365889+00:00,70B3D54991EB3BA5,ECHO #2,Echo,Crossden burn @ Greenford Farm,56.55409349771759,-2.7087453156770502,085700000dcc26ac0000,387.0,0.0,3.53,99.0,0
2023-01-06 19:30:15.441906+00:00,70B3D54991EB3BA5,ECHO #2,Echo,Crossden burn @ Greenford Farm,56.55409349771759,-2.7087453156770502,085300000d7426ac0000,391.0,0.0,3.44,99.0,0
2023-01-06 19:45:57.508562+00:00,70B3D54991EB3BA5,ECHO #2,Echo,Crossden burn @ Greenford Farm,56.55409349771759,-2.7087453156770502,085700000da026ac0000,387.0,0.0,3.49,99.0,0
2023-01-06 20:01:39.929895+00:00,70B3D54991EB3BA5,ECHO #2,Echo,Crossden burn @ Greenford Farm,56.55409349771759,-2.7087453156770502,085700000d9026ac0000,387.0,0.0,3.47,99.0,0
2023-01-06 20:17:21.820451+00:00,70B3D54991EB3BA5,ECHO #2,Echo,Crossden burn @ Greenford Farm,56.55409349771759,-2.7087453156770502,085b00000dc026ac0000,383.0,0.0,3.52,99.0,0
2023-01-06 20:33:05.841766+00:00,70B3D54991EB3BA5,ECHO #2,Echo,Crossden burn @ Greenford Farm,56.55409349771759,-2.7087453156770502,085a00000dcc26ac0000,384.0,0.0,3.53,99.0,0
2023-01-06 20:48:49.513770+00:00,70B3D54991EB3BA5,ECHO #2,Echo,Crossden burn @ Greenford Farm,56.55409349771759,-2.7087453156770502,085600000db026ac0000,388.0,0.0,3.5,99.0,0
2023-01-06 21:04:31.724744+00:00,70B3D54991EB3BA5,ECHO #2,Echo,Crossden burn @ Greenford Farm,56.55409349771759,-2.7087453156770502,085700000da826ac0000,387.0,0.0,3.5,99.0,0
2023-01-06 21:20:13.341475+00:00,70B3D54991EB3BA5,ECHO #2,Echo,Crossden burn @ Greenford Farm,56.55409349771759,-2.7087453156770502,085600000d6c26ac0000,388.0,0.0,3.44,99.0,0
2023-01-06 21:35:55.441099+00:00,70B3D54991EB3BA5,ECHO #2,Echo,Crossden burn @ Greenford Farm,56.55409349771759,-2.7087453156770502,085900000dcc26ac0000,385.0,0.0,3.53,99.0,0
2023-01-06 21:51:37.292283+00:00,70B3D54991EB3BA5,ECHO #2,Echo,Crossden burn @ Greenford Farm,56.55409349771759,-2.7087453156770502,085a00000d7426ac0000,384.0,0.0,3.44,99.0,0
2023-01-06 22:07:18.985587+00:00,70B3D54991EB3BA5,ECHO #2,Echo,Crossden burn @ Greenford Farm,56.55409349771759,-2.7087453156770502,085800000dd426ac0000,386.0,0.0,3.54,99.0,0
2023-01-06 22:23:01.114017+00:00,70B3D54991EB3BA5,ECHO #2,Echo,Crossden burn @ Greenford Farm,56.55409349771759,-2.7087453156770502,085800000db026ac0000,386.0,0.0,3.5,99.0,0
2023-01-06 22:38:43.619852+00:00,70B3D54991EB3BA5,ECHO #2,Echo,Crossden burn @ Greenford Farm,56.55409349771759,-2.7087453156770502,085a00000ddc26ac0000,384.0,0.0,3.55,99.0,0
2023-01-06 22:54:25.518051+00:00,70B3D54991EB3BA5,ECHO #2,Echo,Crossden burn @ Greenford Farm,56.55409349771759,-2.7087453156770502,085b00000da426ac0000,383.0,0.0,3.49,99.0,0
2023-01-06 23:10:07.361522+00:00,70B3D54991EB3BA5,ECHO #2,Echo,Crossden burn @ Greenford Farm,56.55409349771759,-2.7087453156770502,085a00000ddc26ac0000,384.0,0.0,3.55,99.0,0
2023-01-06 23:41:31.940585+00:00,70B3D54991EB3BA5,ECHO #2,Echo,Crossden burn @ Greenford Farm,56.55409349771759,-2.7087453156770502,085800000dcc26ac0000,386.0,0.0,3.53,99.0,0
2023-01-06 23:57:14.169487+00:00,70B3D54991EB3BA5,ECHO #2,Echo,Crossden burn @ Greenford Farm,56.55409349771759,-2.7087453156770502,085900000ddc26ac0000,385.0,0.0,3.55,99.0,0
2023-01-07 00:12:56.002281+00:00,70B3D54991EB3BA5,ECHO #2,Echo,Crossden burn @ Greenford Farm,56.55409349771759,-2.7087453156770502,085c00000de026ac0000,382.0,0.0,3.55,99.0,0
2023-01-07 00:28:37.784343+00:00,70B3D54991EB3BA5,ECHO #2,Echo,Crossden burn @ Greenford Farm,56.55409349771759,-2.7087453156770502,085a00000de426ac0000,384.0,0.0,3.56,99.0,0
2023-01-07 01:00:02.380703+00:00,70B3D54991EB3BA5,ECHO #2,Echo,Crossden burn @ Greenford Farm,56.55409349771759,-2.7087453156770502,085a00000da426ac0000,384.0,0.0,3.49,99.0,0
2023-01-07 01:15:44.363107+00:00,70B3D54991EB3BA5,ECHO #2,Echo,Crossden burn @ Greenford Farm,56.55409349771759,-2.7087453156770502,085800000dfc26ac0000,386.0,0.0,3.58,99.0,0
2023-01-07 01:31:27.162696+00:00,70B3D54991EB3BA5,ECHO #2,Echo,Crossden burn @ Greenford Farm,56.55409349771759,-2.7087453156770502,085900000d8c26ac0000,385.0,0.0,3.47,99.0,0
2023-01-07 02:02:51.573836+00:00,70B3D54991EB3BA5,ECHO #2,Echo,Crossden burn @ Greenford Farm,56.55409349771759,-2.7087453156770502,085e00000d9c26ac0000,380.0,0.0,3.48,99.0,0
2023-01-07 02:18:33.714805+00:00,70B3D54991EB3BA5,ECHO #2,Echo,Crossden burn @ Greenford Farm,56.55409349771759,-2.7087453156770502,085e00000dac26ac0000,380.0,0.0,3.5,99.0,0
2023-01-07 02:34:15.267122+00:00,70B3D54991EB3BA5,ECHO #2,Echo,Crossden burn @ Greenford Farm,56.55409349771759,-2.7087453156770502,085b00000db426ac0000,383.0,0.0,3.51,99.0,0
2023-01-07 02:49:57.050842+00:00,70B3D54991EB3BA5,ECHO #2,Echo,Crossden burn @ Greenford Farm,56.55409349771759,-2.7087453156770502,085b00000dcc26ac0000,383.0,0.0,3.53,99.0,0
2023-01-07 03:05:38.927775+00:00,70B3D54991EB3BA5,ECHO #2,Echo,Crossden burn @ Greenford Farm,56.55409349771759,-2.7087453156770502,085a00000dd026ac0000,384.0,0.0,3.54,99.0,0
2023-01-07 03:21:20.517022+00:00,70B3D54991EB3BA5,ECHO #2,Echo,Crossden burn @ Greenford Farm,56.55409349771759,-2.7087453156770502,085800000da426ac0000,386.0,0.0,3.49,99.0,0
2023-01-07 03:37:02.428823+00:00,70B3D54991EB3BA5,ECHO #2,Echo,Crossden burn @ Greenford Farm,56.55409349771759,-2.7087453156770502,085a00000db426ac0000,384.0,0.0,3.51,99.0,0
2023-01-07 03:52:45.171935+00:00,70B3D54991EB3BA5,ECHO #2,Echo,Crossden burn @ Greenford Farm,56.55409349771759,-2.7087453156770502,085c00000da026ac0000,382.0,0.0,3.49,99.0,0
2023-01-07 04:08:27.681897+00:00,70B3D54991EB3BA5,ECHO #2,Echo,Crossden burn @ Greenford Farm,56.55409349771759,-2.7087453156770502,085c00000dd026ac0000,382.0,0.0,3.54,99.0,0
2023-01-07 04:24:10.302490+00:00,70B3D54991EB3BA5,ECHO #2,Echo,Crossden burn @ Greenford Farm,56.55409349771759,-2.7087453156770502,085c00000de826ac0000,382.0,0.0,3.56,99.0,0
2023-01-07 04:39:51.994020+00:00,70B3D54991EB3BA5,ECHO #2,Echo,Crossden burn @ Greenford Farm,56.55409349771759,-2.7087453156770502,085c00000df026ac0000,382.0,0.0,3.57,99.0,0
2023-01-07 04:55:36.842264+00:00,70B3D54991EB3BA5,ECHO #2,Echo,Crossden burn @ Greenford Farm,56.55409349771759,-2.7087453156770502,085c00000de826ac0000,382.0,0.0,3.56,99.0,0
2023-01-07 05:11:18.690957+00:00,70B3D54991EB3BA5,ECHO #2,Echo,Crossden burn @ Greenford Farm,56.55409349771759,-2.7087453156770502,085a00000de026ac0000,384.0,0.0,3.55,99.0,0
2023-01-07 05:27:03.216138+00:00,70B3D54991EB3BA5,ECHO #2,Echo,Crossden burn @ Greenford Farm,56.55409349771759,-2.7087453156770502,085d00000da426ac0000,381.0,0.0,3.49,99.0,0
2023-01-07 05:42:44.780612+00:00,70B3D54991EB3BA5,ECHO #2,Echo,Crossden burn @ Greenford Farm,56.55409349771759,-2.7087453156770502,085d00000db426ac0000,381.0,0.0,3.51,99.0,0
2023-01-07 05:58:25.970191+00:00,70B3D54991EB3BA5,ECHO #2,Echo,Crossden burn @ Greenford Farm,56.55409349771759,-2.7087453156770502,085b00000dd826ac0000,383.0,0.0,3.54,99.0,0
2023-01-07 06:14:08.380010+00:00,70B3D54991EB3BA5,ECHO #2,Echo,Crossden burn @ Greenford Farm,56.55409349771759,-2.7087453156770502,085900000dcc26ac0000,385.0,0.0,3.53,99.0,0
2023-01-07 06:29:50.244696+00:00,70B3D54991EB3BA5,ECHO #2,Echo,Crossden burn @ Greenford Farm,56.55409349771759,-2.7087453156770502,085b00000de426ac0000,383.0,0.0,3.56,99.0,0
2023-01-07 06:45:34.870420+00:00,70B3D54991EB3BA5,ECHO #2,Echo,Crossden burn @ Greenford Farm,56.55409349771759,-2.7087453156770502,085a00000ddc26ac0000,384.0,0.0,3.55,99.0,0
2023-01-07 07:01:16.250151+00:00,70B3D54991EB3BA5,ECHO #2,Echo,Crossden burn @ Greenford Farm,56.55409349771759,-2.7087453156770502,085900000ddc26ac0000,385.0,0.0,3.55,99.0,0
2023-01-07 07:16:58.672576+00:00,70B3D54991EB3BA5,ECHO #2,Echo,Crossden burn @ Greenford Farm,56.55409349771759,-2.7087453156770502,085700000dc426ac0000,387.0,0.0,3.52,99.0,0
2023-01-07 07:32:39.590358+00:00,70B3D54991EB3BA5,ECHO #2,Echo,Crossden burn @ Greenford Farm,56.55409349771759,-2.7087453156770502,085b00000db426ac0000,383.0,0.0,3.51,99.0,0
2023-01-07 07:48:21.092546+00:00,70B3D54991EB3BA5,ECHO #2,Echo,Crossden burn @ Greenford Farm,56.55409349771759,-2.7087453156770502,085700000da426ac0000,387.0,0.0,3.49,99.0,0
2023-01-07 08:04:03.309389+00:00,70B3D54991EB3BA5,ECHO #2,Echo,Crossden burn @ Greenford Farm,56.55409349771759,-2.7087453156770502,085b00000de026ac0000,383.0,0.0,3.55,99.0,0
2023-01-07 08:19:48.768044+00:00,70B3D54991EB3BA5,ECHO #2,Echo,Crossden burn @ Greenford Farm,56.55409349771759,-2.7087453156770502,085500000dbc26ac0000,389.0,0.0,3.52,99.0,0
2023-01-07 08:35:29.954091+00:00,70B3D54991EB3BA5,ECHO #2,Echo,Crossden burn @ Greenford Farm,56.55409349771759,-2.7087453156770502,085800000dc826ac0000,386.0,0.0,3.53,99.0,0
2023-01-07 08:51:11.984596+00:00,70B3D54991EB3BA5,ECHO #2,Echo,Crossden burn @ Greenford Farm,56.55409349771759,-2.7087453156770502,085900000de826ac0000,385.0,0.0,3.56,99.0,0
2023-01-07 09:06:54.337605+00:00,70B3D54991EB3BA5,ECHO #2,Echo,Crossden burn @ Greenford Farm,56.55409349771759,-2.7087453156770502,085900000dac26ac0000,385.0,0.0,3.5,99.0,0
2023-01-07 09:22:36.171837+00:00,70B3D54991EB3BA5,ECHO #2,Echo,Crossden burn @ Greenford Farm,56.55409349771759,-2.7087453156770502,085b00000dcc26ac0000,383.0,0.0,3.53,99.0,0
2023-01-07 09:38:17.728381+00:00,70B3D54991EB3BA5,ECHO #2,Echo,Crossden burn @ Greenford Farm,56.55409349771759,-2.7087453156770502,085900000db426ac0000,385.0,0.0,3.51,99.0,0
2023-01-07 09:53:59.622428+00:00,70B3D54991EB3BA5,ECHO #2,Echo,Crossden burn @ Greenford Farm,56.55409349771759,-2.7087453156770502,085900000de026ac0000,385.0,0.0,3.55,99.0,0
2023-01-07 10:25:23.370733+00:00,70B3D54991EB3BA5,ECHO #2,Echo,Crossden burn @ Greenford Farm,56.55409349771759,-2.7087453156770502,085700000dcc26ac0000,387.0,0.0,3.53,99.0,0
2023-01-07 10:41:05.783820+00:00,70B3D54991EB3BA5,ECHO #2,Echo,Crossden burn @ Greenford Farm,56.55409349771759,-2.7087453156770502,085a00000dcc26ac0000,384.0,0.0,3.53,99.0,0
2023-01-07 10:56:47.797717+00:00,70B3D54991EB3BA5,ECHO #2,Echo,Crossden burn @ Greenford Farm,56.55409349771759,-2.7087453156770502,085700000dac26ac0000,387.0,0.0,3.5,99.0,0
2023-01-07 11:28:11.899799+00:00,70B3D54991EB3BA5,ECHO #2,Echo,Crossden burn @ Greenford Farm,56.55409349771759,-2.7087453156770502,085900000da826ac0000,385.0,0.0,3.5,99.0,0
2023-01-07 11:43:55.973660+00:00,70B3D54991EB3BA5,ECHO #2,Echo,Crossden burn @ Greenford Farm,56.55409349771759,-2.7087453156770502,085500000db026ac0000,389.0,0.0,3.5,99.0,0
2023-01-07 11:59:37.725289+00:00,70B3D54991EB3BA5,ECHO #2,Echo,Crossden burn @ Greenford Farm,56.55409349771759,-2.7087453156770502,085500000de026ac0000,389.0,0.0,3.55,99.0,0
2023-01-07 12:15:22.232256+00:00,70B3D54991EB3BA5,ECHO #2,Echo,Crossden burn @ Greenford Farm,56.55409349771759,-2.7087453156770502,085200000da426ac0000,392.0,0.0,3.49,99.0,0
2023-01-07 12:31:04.457769+00:00,70B3D54991EB3BA5,ECHO #2,Echo,Crossden burn @ Greenford Farm,56.55409349771759,-2.7087453156770502,085000000db026ac0000,394.0,0.0,3.5,99.0,0
2023-01-07 12:46:50.095937+00:00,70B3D54991EB3BA5,ECHO #2,Echo,Crossden burn @ Greenford Farm,56.55409349771759,-2.7087453156770502,084a00000d9426ac0000,400.0,0.0,3.48,99.0,0
2023-01-07 13:18:20.338391+00:00,70B3D54991EB3BA5,ECHO #2,Echo,Crossden burn @ Greenford Farm,56.55409349771759,-2.7087453156770502,085200000db426ac0000,392.0,0.0,3.51,99.0,0
2023-01-07 13:34:01.087231+00:00,70B3D54991EB3BA5,ECHO #2,Echo,Crossden burn @ Greenford Farm,56.55409349771759,-2.7087453156770502,084e00000dd026ac0000,396.0,0.0,3.54,99.0,0
2023-01-07 13:49:43.610639+00:00,70B3D54991EB3BA5,ECHO #2,Echo,Crossden burn @ Greenford Farm,56.55409349771759,-2.7087453156770502,084f00000de826ac0000,395.0,0.0,3.56,99.0,0
2023-01-07 14:05:25.682959+00:00,70B3D54991EB3BA5,ECHO #2,Echo,Crossden burn @ Greenford Farm,56.55409349771759,-2.7087453156770502,085200000de826ac0000,392.0,0.0,3.56,99.0,0
2023-01-07 14:21:07.696016+00:00,70B3D54991EB3BA5,ECHO #2,Echo,Crossden burn @ Greenford Farm,56.55409349771759,-2.7087453156770502,085300000dd026ac0000,391.0,0.0,3.54,99.0,0
2023-01-07 14:36:48.996853+00:00,70B3D54991EB3BA5,ECHO #2,Echo,Crossden burn @ Greenford Farm,56.55409349771759,-2.7087453156770502,084f00000dd826ac0000,395.0,0.0,3.54,99.0,0
2023-01-07 14:52:30.918664+00:00,70B3D54991EB3BA5,ECHO #2,Echo,Crossden burn @ Greenford Farm,56.55409349771759,-2.7087453156770502,085100000da426ac0000,393.0,0.0,3.49,99.0,0
2023-01-07 15:08:12.150269+00:00,70B3D54991EB3BA5,ECHO #2,Echo,Crossden burn @ Greenford Farm,56.55409349771759,-2.7087453156770502,085200000df826ac0000,392.0,0.0,3.58,99.0,0
2023-01-07 15:39:35.870153+00:00,70B3D54991EB3BA5,ECHO #2,Echo,Crossden burn @ Greenford Farm,56.55409349771759,-2.7087453156770502,084b00000da426ac0000,399.0,0.0,3.49,99.0,0
2023-01-07 15:55:20.325974+00:00,70B3D54991EB3BA5,ECHO #2,Echo,Crossden burn @ Greenford Farm,56.55409349771759,-2.7087453156770502,085000000dec26ac0000,394.0,0.0,3.56,99.0,0
2023-01-07 16:11:02.878527+00:00,70B3D54991EB3BA5,ECHO #2,Echo,Crossden burn @ Greenford Farm,56.55409349771759,-2.7087453156770502,084d00000db026ac0000,397.0,0.0,3.5,99.0,0
2023-01-07 16:26:46.765927+00:00,70B3D54991EB3BA5,ECHO #2,Echo,Crossden burn @ Greenford Farm,56.55409349771759,-2.7087453156770502,085200000db026ac0000,392.0,0.0,3.5,99.0,0
2023-01-07 16:42:29.072579+00:00,70B3D54991EB3BA5,ECHO #2,Echo,Crossden burn @ Greenford Farm,56.55409349771759,-2.7087453156770502,084f00000db426ac0000,395.0,0.0,3.51,99.0,0
2023-01-07 16:58:10.495231+00:00,70B3D54991EB3BA5,ECHO #2,Echo,Crossden burn @ Greenford Farm,56.55409349771759,-2.7087453156770502,085200000db426ac0000,392.0,0.0,3.51,99.0,0
2023-01-07 17:13:52.036918+00:00,70B3D54991EB3BA5,ECHO #2,Echo,Crossden burn @ Greenford Farm,56.55409349771759,-2.7087453156770502,084f00000da426ac0000,395.0,0.0,3.49,99.0,0
2023-01-07 17:29:34.403773+00:00,70B3D54991EB3BA5,ECHO #2,Echo,Crossden burn @ Greenford Farm,56.55409349771759,-2.7087453156770502,085300000dac26ac0000,391.0,0.0,3.5,99.0,0
2023-01-07 17:45:16.086396+00:00,70B3D54991EB3BA5,ECHO #2,Echo,Crossden burn @ Greenford Farm,56.55409349771759,-2.7087453156770502,085300000de026ac0000,391.0,0.0,3.55,99.0,0
2023-01-07 18:00:58.029188+00:00,70B3D54991EB3BA5,ECHO #2,Echo,Crossden burn @ Greenford Farm,56.55409349771759,-2.7087453156770502,085200000da426ac0000,392.0,0.0,3.49,99.0,0
2023-01-07 18:16:39.878901+00:00,70B3D54991EB3BA5,ECHO #2,Echo,Crossden burn @ Greenford Farm,56.55409349771759,-2.7087453156770502,085300000db026ac0000,391.0,0.0,3.5,99.0,0
2023-01-07 18:32:21.183313+00:00,70B3D54991EB3BA5,ECHO #2,Echo,Crossden burn @ Greenford Farm,56.55409349771759,-2.7087453156770502,085200000dcc26ac0000,392.0,0.0,3.53,99.0,0
2023-01-07 18:48:03.184754+00:00,70B3D54991EB3BA5,ECHO #2,Echo,Crossden burn @ Greenford Farm,56.55409349771759,-2.7087453156770502,085500000de026ac0000,389.0,0.0,3.55,99.0,0
2023-01-07 19:03:45.569865+00:00,70B3D54991EB3BA5,ECHO #2,Echo,Crossden burn @ Greenford Farm,56.55409349771759,-2.7087453156770502,085300000db026ac0000,391.0,0.0,3.5,99.0,0
2023-01-07 19:50:51.910001+00:00,70B3D54991EB3BA5,ECHO #2,Echo,Crossden burn @ Greenford Farm,56.55409349771759,-2.7087453156770502,085200000da426ac0000,392.0,0.0,3.49,99.0,0
2023-01-07 20:06:33.889298+00:00,70B3D54991EB3BA5,ECHO #2,Echo,Crossden burn @ Greenford Farm,56.55409349771759,-2.7087453156770502,085400000db426ac0000,390.0,0.0,3.51,99.0,0
2023-01-07 20:22:15.787135+00:00,70B3D54991EB3BA5,ECHO #2,Echo,Crossden burn @ Greenford Farm,56.55409349771759,-2.7087453156770502,085400000dd826ac0000,390.0,0.0,3.54,99.0,0
2023-01-07 20:37:57.912219+00:00,70B3D54991EB3BA5,ECHO #2,Echo,Crossden burn @ Greenford Farm,56.55409349771759,-2.7087453156770502,085200000de026ac0000,392.0,0.0,3.55,99.0,0
2023-01-07 20:53:40.024905+00:00,70B3D54991EB3BA5,ECHO #2,Echo,Crossden burn @ Greenford Farm,56.55409349771759,-2.7087453156770502,085600000dc826ac0000,388.0,0.0,3.53,99.0,0
2023-01-07 21:09:21.806265+00:00,70B3D54991EB3BA5,ECHO #2,Echo,Crossden burn @ Greenford Farm,56.55409349771759,-2.7087453156770502,085400000de026ac0000,390.0,0.0,3.55,99.0,0
2023-01-07 21:25:03.507631+00:00,70B3D54991EB3BA5,ECHO #2,Echo,Crossden burn @ Greenford Farm,56.55409349771759,-2.7087453156770502,085300000da826ac0000,391.0,0.0,3.5,99.0,0
2023-01-07 21:40:45.029759+00:00,70B3D54991EB3BA5,ECHO #2,Echo,Crossden burn @ Greenford Farm,56.55409349771759,-2.7087453156770502,085400000de426ac0000,390.0,0.0,3.56,99.0,0
2023-01-07 21:56:26.618023+00:00,70B3D54991EB3BA5,ECHO #2,Echo,Crossden burn @ Greenford Farm,56.55409349771759,-2.7087453156770502,085300000db026ac0000,391.0,0.0,3.5,99.0,0
2023-01-07 22:12:08.125714+00:00,70B3D54991EB3BA5,ECHO #2,Echo,Crossden burn @ Greenford Farm,56.55409349771759,-2.7087453156770502,085500000ddc26ac0000,389.0,0.0,3.55,99.0,0
2023-01-07 22:27:50.565525+00:00,70B3D54991EB3BA5,ECHO #2,Echo,Crossden burn @ Greenford Farm,56.55409349771759,-2.7087453156770502,085600000dcc26ac0000,388.0,0.0,3.53,99.0,0
2023-01-07 22:43:32.355044+00:00,70B3D54991EB3BA5,ECHO #2,Echo,Crossden burn @ Greenford Farm,56.55409349771759,-2.7087453156770502,085200000dd426ac0000,392.0,0.0,3.54,99.0,0
2023-01-07 22:59:14.002023+00:00,70B3D54991EB3BA5,ECHO #2,Echo,Crossden burn @ Greenford Farm,56.55409349771759,-2.7087453156770502,085000000dc426ac0000,394.0,0.0,3.52,99.0,0
2023-01-07 23:14:55.945472+00:00,70B3D54991EB3BA5,ECHO #2,Echo,Crossden burn @ Greenford Farm,56.55409349771759,-2.7087453156770502,085100000dac26ac0000,393.0,0.0,3.5,99.0,0
2023-01-07 23:30:38.896063+00:00,70B3D54991EB3BA5,ECHO #2,Echo,Crossden burn @ Greenford Farm,56.55409349771759,-2.7087453156770502,084f00000de426ac0000,395.0,0.0,3.56,99.0,0
2023-01-07 23:46:20.129982+00:00,70B3D54991EB3BA5,ECHO #2,Echo,Crossden burn @ Greenford Farm,56.55409349771759,-2.7087453156770502,085000000dd426ac0000,394.0,0.0,3.54,99.0,0
2023-01-08 00:02:01.896747+00:00,70B3D54991EB3BA5,ECHO #2,Echo,Crossden burn @ Greenford Farm,56.55409349771759,-2.7087453156770502,085400000db026ac0000,390.0,0.0,3.5,99.0,0
2023-01-08 00:17:44.296642+00:00,70B3D54991EB3BA5,ECHO #2,Echo,Crossden burn @ Greenford Farm,56.55409349771759,-2.7087453156770502,085100000db426ac0000,393.0,0.0,3.51,99.0,0
2023-01-08 00:33:26.350961+00:00,70B3D54991EB3BA5,ECHO #2,Echo,Crossden burn @ Greenford Farm,56.55409349771759,-2.7087453156770502,085100000db026ac0000,393.0,0.0,3.5,99.0,0
2023-01-08 00:49:08.144249+00:00,70B3D54991EB3BA5,ECHO #2,Echo,Crossden burn @ Greenford Farm,56.55409349771759,-2.7087453156770502,085200000de026ac0000,392.0,0.0,3.55,99.0,0
2023-01-08 01:04:50.372043+00:00,70B3D54991EB3BA5,ECHO #2,Echo,Crossden burn @ Greenford Farm,56.55409349771759,-2.7087453156770502,084e00000dcc26ac0000,396.0,0.0,3.53,99.0,0
2023-01-08 01:20:32.418115+00:00,70B3D54991EB3BA5,ECHO #2,Echo,Crossden burn @ Greenford Farm,56.55409349771759,-2.7087453156770502,084f00000db026ac0000,395.0,0.0,3.5,99.0,0
2023-01-08 01:36:14.449360+00:00,70B3D54991EB3BA5,ECHO #2,Echo,Crossden burn @ Greenford Farm,56.55409349771759,-2.7087453156770502,085000000de026ac0000,394.0,0.0,3.55,99.0,0
2023-01-08 01:51:55.578181+00:00,70B3D54991EB3BA5,ECHO #2,Echo,Crossden burn @ Greenford Farm,56.55409349771759,-2.7087453156770502,085300000de826ac0000,391.0,0.0,3.56,99.0,0
2023-01-08 02:07:39.579551+00:00,70B3D54991EB3BA5,ECHO #2,Echo,Crossden burn @ Greenford Farm,56.55409349771759,-2.7087453156770502,085000000de026ac0000,394.0,0.0,3.55,99.0,0
2023-01-08 02:23:21.354497+00:00,70B3D54991EB3BA5,ECHO #2,Echo,Crossden burn @ Greenford Farm,56.55409349771759,-2.7087453156770502,084e00000de826ac0000,396.0,0.0,3.56,99.0,0
2023-01-08 02:39:03.049562+00:00,70B3D54991EB3BA5,ECHO #2,Echo,Crossden burn @ Greenford Farm,56.55409349771759,-2.7087453156770502,084e00000de826ac0000,396.0,0.0,3.56,99.0,0
2023-01-08 03:10:27.835916+00:00,70B3D54991EB3BA5,ECHO #2,Echo,Crossden burn @ Greenford Farm,56.55409349771759,-2.7087453156770502,085200000de826ac0000,392.0,0.0,3.56,99.0,0
2023-01-08 03:26:08.848996+00:00,70B3D54991EB3BA5,ECHO #2,Echo,Crossden burn @ Greenford Farm,56.55409349771759,-2.7087453156770502,084f00000de426ac0000,395.0,0.0,3.56,99.0,0
2023-01-08 03:41:50.390331+00:00,70B3D54991EB3BA5,ECHO #2,Echo,Crossden burn @ Greenford Farm,56.55409349771759,-2.7087453156770502,084f00000dd426ac0000,395.0,0.0,3.54,99.0,0
2023-01-08 03:57:32.367181+00:00,70B3D54991EB3BA5,ECHO #2,Echo,Crossden burn @ Greenford Farm,56.55409349771759,-2.7087453156770502,085100000dc426ac0000,393.0,0.0,3.52,99.0,0
2023-01-08 04:13:14.283956+00:00,70B3D54991EB3BA5,ECHO #2,Echo,Crossden burn @ Greenford Farm,56.55409349771759,-2.7087453156770502,084f00000dac26ac0000,395.0,0.0,3.5,99.0,0
2023-01-08 04:28:55.584936+00:00,70B3D54991EB3BA5,ECHO #2,Echo,Crossden burn @ Greenford Farm,56.55409349771759,-2.7087453156770502,085100000dd426ac0000,393.0,0.0,3.54,99.0,0
2023-01-08 04:44:37.495277+00:00,70B3D54991EB3BA5,ECHO #2,Echo,Crossden burn @ Greenford Farm,56.55409349771759,-2.7087453156770502,085000000dc826ac0000,394.0,0.0,3.53,99.0,0
2023-01-08 05:00:23.398116+00:00,70B3D54991EB3BA5,ECHO #2,Echo,Crossden burn @ Greenford Farm,56.55409349771759,-2.7087453156770502,085600000dd826ac0000,388.0,0.0,3.54,99.0,0
2023-01-08 05:16:04.984778+00:00,70B3D54991EB3BA5,ECHO #2,Echo,Crossden burn @ Greenford Farm,56.55409349771759,-2.7087453156770502,085400000db426ac0000,390.0,0.0,3.51,99.0,0
2023-01-08 05:31:47.221528+00:00,70B3D54991EB3BA5,ECHO #2,Echo,Crossden burn @ Greenford Farm,56.55409349771759,-2.7087453156770502,085200000dc426ac0000,392.0,0.0,3.52,99.0,0
2023-01-08 05:47:28.749967+00:00,70B3D54991EB3BA5,ECHO #2,Echo,Crossden burn @ Greenford Farm,56.55409349771759,-2.7087453156770502,085100000db026ac0000,393.0,0.0,3.5,99.0,0
2023-01-08 06:18:52.330214+00:00,70B3D54991EB3BA5,ECHO #2,Echo,Crossden burn @ Greenford Farm,56.55409349771759,-2.7087453156770502,085400000dac26ac0000,390.0,0.0,3.5,99.0,0
2023-01-08 06:34:33.930332+00:00,70B3D54991EB3BA5,ECHO #2,Echo,Crossden burn @ Greenford Farm,56.55409349771759,-2.7087453156770502,085200000db426ac0000,392.0,0.0,3.51,99.0,0
2023-01-08 06:50:15.531382+00:00,70B3D54991EB3BA5,ECHO #2,Echo,Crossden burn @ Greenford Farm,56.55409349771759,-2.7087453156770502,085400000db426ac0000,390.0,0.0,3.51,99.0,0
2023-01-08 07:05:58.286730+00:00,70B3D54991EB3BA5,ECHO #2,Echo,Crossden burn @ Greenford Farm,56.55409349771759,-2.7087453156770502,085600000dd826ac0000,388.0,0.0,3.54,99.0,0
2023-01-08 07:21:40.281840+00:00,70B3D54991EB3BA5,ECHO #2,Echo,Crossden burn @ Greenford Farm,56.55409349771759,-2.7087453156770502,085700000dd826ac0000,387.0,0.0,3.54,99.0,0
2023-01-08 07:37:21.895912+00:00,70B3D54991EB3BA5,ECHO #2,Echo,Crossden burn @ Greenford Farm,56.55409349771759,-2.7087453156770502,085300000db426ac0000,391.0,0.0,3.51,99.0,0
2023-01-08 07:53:03.945875+00:00,70B3D54991EB3BA5,ECHO #2,Echo,Crossden burn @ Greenford Farm,56.55409349771759,-2.7087453156770502,085700000db426ac0000,387.0,0.0,3.51,99.0,0
2023-01-08 08:08:45.468100+00:00,70B3D54991EB3BA5,ECHO #2,Echo,Crossden burn @ Greenford Farm,56.55409349771759,-2.7087453156770502,085800000de426ac0000,386.0,0.0,3.56,99.0,0
2023-01-08 08:24:26.718291+00:00,70B3D54991EB3BA5,ECHO #2,Echo,Crossden burn @ Greenford Farm,56.55409349771759,-2.7087453156770502,085800000dd026ac0000,386.0,0.0,3.54,99.0,0
2023-01-08 08:40:08.798229+00:00,70B3D54991EB3BA5,ECHO #2,Echo,Crossden burn @ Greenford Farm,56.55409349771759,-2.7087453156770502,085800000dd026ac0000,386.0,0.0,3.54,99.0,0
2023-01-08 08:55:52.065685+00:00,70B3D54991EB3BA5,ECHO #2,Echo,Crossden burn @ Greenford Farm,56.55409349771759,-2.7087453156770502,085b00000db026ac0000,383.0,0.0,3.5,99.0,0
2023-01-08 09:11:33.950940+00:00,70B3D54991EB3BA5,ECHO #2,Echo,Crossden burn @ Greenford Farm,56.55409349771759,-2.7087453156770502,085900000dcc26ac0000,385.0,0.0,3.53,99.0,0
2023-01-08 09:42:58.672351+00:00,70B3D54991EB3BA5,ECHO #2,Echo,Crossden burn @ Greenford Farm,56.55409349771759,-2.7087453156770502,085900000da426ac0000,385.0,0.0,3.49,99.0,0
2023-01-08 09:58:41.943698+00:00,70B3D54991EB3BA5,ECHO #2,Echo,Crossden burn @ Greenford Farm,56.55409349771759,-2.7087453156770502,085d00000dc426ac0000,381.0,0.0,3.52,99.0,0
2023-01-08 10:14:23.552600+00:00,70B3D54991EB3BA5,ECHO #2,Echo,Crossden burn @ Greenford Farm,56.55409349771759,-2.7087453156770502,085a00000dd826ac0000,384.0,0.0,3.54,99.0,0
2023-01-08 10:30:06.672427+00:00,70B3D54991EB3BA5,ECHO #2,Echo,Crossden burn @ Greenford Farm,56.55409349771759,-2.7087453156770502,085c00000db426ac0000,382.0,0.0,3.51,99.0,0
2023-01-08 10:45:47.882019+00:00,70B3D54991EB3BA5,ECHO #2,Echo,Crossden burn @ Greenford Farm,56.55409349771759,-2.7087453156770502,085d00000de426ac0000,381.0,0.0,3.56,99.0,0
2023-01-08 11:01:29.807287+00:00,70B3D54991EB3BA5,ECHO #2,Echo,Crossden burn @ Greenford Farm,56.55409349771759,-2.7087453156770502,085b00000da826ac0000,383.0,0.0,3.5,99.0,0
2023-01-08 11:17:11.591905+00:00,70B3D54991EB3BA5,ECHO #2,Echo,Crossden burn @ Greenford Farm,56.55409349771759,-2.7087453156770502,085f00000da426ac0000,379.0,0.0,3.49,99.0,0
2023-01-08 11:32:53.197087+00:00,70B3D54991EB3BA5,ECHO #2,Echo,Crossden burn @ Greenford Farm,56.55409349771759,-2.7087453156770502,085b00000de826ac0000,383.0,0.0,3.56,99.0,0
2023-01-08 11:48:35.759312+00:00,70B3D54991EB3BA5,ECHO #2,Echo,Crossden burn @ Greenford Farm,56.55409349771759,-2.7087453156770502,085b00000de026ac0000,383.0,0.0,3.55,99.0,0
2023-01-08 12:04:17.787126+00:00,70B3D54991EB3BA5,ECHO #2,Echo,Crossden burn @ Greenford Farm,56.55409349771759,-2.7087453156770502,085c00000de026ac0000,382.0,0.0,3.55,99.0,0
2023-01-08 12:19:59.096725+00:00,70B3D54991EB3BA5,ECHO #2,Echo,Crossden burn @ Greenford Farm,56.55409349771759,-2.7087453156770502,085b00000da826ac0000,383.0,0.0,3.5,99.0,0
2023-01-08 12:35:41.027409+00:00,70B3D54991EB3BA5,ECHO #2,Echo,Crossden burn @ Greenford Farm,56.55409349771759,-2.7087453156770502,085d00000dac26ac0000,381.0,0.0,3.5,99.0,0
2023-01-08 12:51:22.846125+00:00,70B3D54991EB3BA5,ECHO #2,Echo,Crossden burn @ Greenford Farm,56.55409349771759,-2.7087453156770502,085f00000dc826ac0000,379.0,0.0,3.53,99.0,0
2023-01-08 13:07:05.416441+00:00,70B3D54991EB3BA5,ECHO #2,Echo,Crossden burn @ Greenford Farm,56.55409349771759,-2.7087453156770502,085b00000de026ac0000,383.0,0.0,3.55,99.0,0
2023-01-08 13:22:47.647757+00:00,70B3D54991EB3BA5,ECHO #2,Echo,Crossden burn @ Greenford Farm,56.55409349771759,-2.7087453156770502,085a00000da426ac0000,384.0,0.0,3.49,99.0,0
2023-01-08 13:38:30.536210+00:00,70B3D54991EB3BA5,ECHO #2,Echo,Crossden burn @ Greenford Farm,56.55409349771759,-2.7087453156770502,085d00000ddc26ac0000,381.0,0.0,3.55,99.0,0
2023-01-08 14:09:54.691737+00:00,70B3D54991EB3BA5,ECHO #2,Echo,Crossden burn @ Greenford Farm,56.55409349771759,-2.7087453156770502,085f00000da426ac0000,379.0,0.0,3.49,99.0,0
2023-01-08 14:25:36.709516+00:00,70B3D54991EB3BA5,ECHO #2,Echo,Crossden burn @ Greenford Farm,56.55409349771759,-2.7087453156770502,085d00000dd026ac0000,381.0,0.0,3.54,99.0,0
2023-01-08 14:41:19.507301+00:00,70B3D54991EB3BA5,ECHO #2,Echo,Crossden burn @ Greenford Farm,56.55409349771759,-2.7087453156770502,086100000dc826ac0000,377.0,0.0,3.53,99.0,0
2023-01-08 14:57:00.907879+00:00,70B3D54991EB3BA5,ECHO #2,Echo,Crossden burn @ Greenford Farm,56.55409349771759,-2.7087453156770502,085d00000dc026ac0000,381.0,0.0,3.52,99.0,0
2023-01-08 15:12:42.858895+00:00,70B3D54991EB3BA5,ECHO #2,Echo,Crossden burn @ Greenford Farm,56.55409349771759,-2.7087453156770502,085f00000de026ac0000,379.0,0.0,3.55,99.0,0
2023-01-08 15:28:25.738374+00:00,70B3D54991EB3BA5,ECHO #2,Echo,Crossden burn @ Greenford Farm,56.55409349771759,-2.7087453156770502,086000000db426ac0000,378.0,0.0,3.51,99.0,0
2023-01-08 15:44:09.593732+00:00,70B3D54991EB3BA5,ECHO #2,Echo,Crossden burn @ Greenford Farm,56.55409349771759,-2.7087453156770502,086300000dc026ac0000,375.0,0.0,3.52,99.0,0
2023-01-08 15:59:51.374716+00:00,70B3D54991EB3BA5,ECHO #2,Echo,Crossden burn @ Greenford Farm,56.55409349771759,-2.7087453156770502,085f00000db426ac0000,379.0,0.0,3.51,99.0,0
2023-01-08 16:15:36.267489+00:00,70B3D54991EB3BA5,ECHO #2,Echo,Crossden burn @ Greenford Farm,56.55409349771759,-2.7087453156770502,086500000dd026ac0000,373.0,0.0,3.54,99.0,0
2023-01-08 16:31:20.581494+00:00,70B3D54991EB3BA5,ECHO #2,Echo,Crossden burn @ Greenford Farm,56.55409349771759,-2.7087453156770502,085e00000ddc26ac0000,380.0,0.0,3.55,99.0,0
2023-01-08 16:47:02.586858+00:00,70B3D54991EB3BA5,ECHO #2,Echo,Crossden burn @ Greenford Farm,56.55409349771759,-2.7087453156770502,086000000dcc26ac0000,378.0,0.0,3.53,99.0,0
2023-01-08 17:02:46.179260+00:00,70B3D54991EB3BA5,ECHO #2,Echo,Crossden burn @ Greenford Farm,56.55409349771759,-2.7087453156770502,086200000da026ac0000,376.0,0.0,3.49,99.0,0
2023-01-08 17:18:27.445434+00:00,70B3D54991EB3BA5,ECHO #2,Echo,Crossden burn @ Greenford Farm,56.55409349771759,-2.7087453156770502,085f00000dd826ac0000,379.0,0.0,3.54,99.0,0
2023-01-08 17:34:09.364885+00:00,70B3D54991EB3BA5,ECHO #2,Echo,Crossden burn @ Greenford Farm,56.55409349771759,-2.7087453156770502,086000000da426ac0000,378.0,0.0,3.49,99.0,0
2023-01-08 17:49:53.883860+00:00,70B3D54991EB3BA5,ECHO #2,Echo,Crossden burn @ Greenford Farm,56.55409349771759,-2.7087453156770502,086200000ddc26ac0000,376.0,0.0,3.55,99.0,0
2023-01-08 18:05:34.877412+00:00,70B3D54991EB3BA5,ECHO #2,Echo,Crossden burn @ Greenford Farm,56.55409349771759,-2.7087453156770502,086500000da026ac0000,373.0,0.0,3.49,99.0,0
2023-01-08 18:21:16.027633+00:00,70B3D54991EB3BA5,ECHO #2,Echo,Crossden burn @ Greenford Farm,56.55409349771759,-2.7087453156770502,086500000dc826ac0000,373.0,0.0,3.53,99.0,0
2023-01-08 18:36:57.822298+00:00,70B3D54991EB3BA5,ECHO #2,Echo,Crossden burn @ Greenford Farm,56.55409349771759,-2.7087453156770502,086300000da426ac0000,375.0,0.0,3.49,99.0,0
2023-01-08 18:52:40.240490+00:00,70B3D54991EB3BA5,ECHO #2,Echo,Crossden burn @ Greenford Farm,56.55409349771759,-2.7087453156770502,086100000dcc26ac0000,377.0,0.0,3.53,99.0,0
2023-01-08 19:08:23.082293+00:00,70B3D54991EB3BA5,ECHO #2,Echo,Crossden burn @ Greenford Farm,56.55409349771759,-2.7087453156770502,086300000da826ac0000,375.0,0.0,3.5,99.0,0
2023-01-08 19:24:04.294401+00:00,70B3D54991EB3BA5,ECHO #2,Echo,Crossden burn @ Greenford Farm,56.55409349771759,-2.7087453156770502,086300000db426ac0000,375.0,0.0,3.51,99.0,0
2023-01-08 19:39:46.528075+00:00,70B3D54991EB3BA5,ECHO #2,Echo,Crossden burn @ Greenford Farm,56.55409349771759,-2.7087453156770502,086400000de026ac0000,374.0,0.0,3.55,99.0,0
2023-01-08 19:55:27.602089+00:00,70B3D54991EB3BA5,ECHO #2,Echo,Crossden burn @ Greenford Farm,56.55409349771759,-2.7087453156770502,086300000dc426ac0000,375.0,0.0,3.52,99.0,0
2023-01-08 20:11:10.046239+00:00,70B3D54991EB3BA5,ECHO #2,Echo,Crossden burn @ Greenford Farm,56.55409349771759,-2.7087453156770502,086400000ddc26ac0000,374.0,0.0,3.55,99.0,0
2023-01-08 20:26:52.407454+00:00,70B3D54991EB3BA5,ECHO #2,Echo,Crossden burn @ Greenford Farm,56.55409349771759,-2.7087453156770502,086300000da426ac0000,375.0,0.0,3.49,99.0,0
2023-01-08 20:42:34.271541+00:00,70B3D54991EB3BA5,ECHO #2,Echo,Crossden burn @ Greenford Farm,56.55409349771759,-2.7087453156770502,086200000ddc26ac0000,376.0,0.0,3.55,99.0,0
2023-01-08 20:58:16.554609+00:00,70B3D54991EB3BA5,ECHO #2,Echo,Crossden burn @ Greenford Farm,56.55409349771759,-2.7087453156770502,086600000dcc26ac0000,372.0,0.0,3.53,99.0,0
2023-01-08 21:13:58.668366+00:00,70B3D54991EB3BA5,ECHO #2,Echo,Crossden burn @ Greenford Farm,56.55409349771759,-2.7087453156770502,086400000dd826ac0000,374.0,0.0,3.54,99.0,0
2023-01-08 21:29:40.937878+00:00,70B3D54991EB3BA5,ECHO #2,Echo,Crossden burn @ Greenford Farm,56.55409349771759,-2.7087453156770502,086700000dd426ac0000,371.0,0.0,3.54,99.0,0
2023-01-08 21:45:23.179507+00:00,70B3D54991EB3BA5,ECHO #2,Echo,Crossden burn @ Greenford Farm,56.55409349771759,-2.7087453156770502,086700000dd426ac0000,371.0,0.0,3.54,99.0,0
2023-01-08 22:01:04.569305+00:00,70B3D54991EB3BA5,ECHO #2,Echo,Crossden burn @ Greenford Farm,56.55409349771759,-2.7087453156770502,086700000dac26ac0000,371.0,0.0,3.5,99.0,0
2023-01-08 22:16:46.074615+00:00,70B3D54991EB3BA5,ECHO #2,Echo,Crossden burn @ Greenford Farm,56.55409349771759,-2.7087453156770502,086700000dcc26ac0000,371.0,0.0,3.53,99.0,0
2023-01-08 22:32:28.232312+00:00,70B3D54991EB3BA5,ECHO #2,Echo,Crossden burn @ Greenford Farm,56.55409349771759,-2.7087453156770502,086400000dd026ac0000,374.0,0.0,3.54,99.0,0
2023-01-08 22:48:10.799431+00:00,70B3D54991EB3BA5,ECHO #2,Echo,Crossden burn @ Greenford Farm,56.55409349771759,-2.7087453156770502,086600000da826ac0000,372.0,0.0,3.5,99.0,0
2023-01-08 23:03:52.871275+00:00,70B3D54991EB3BA5,ECHO #2,Echo,Crossden burn @ Greenford Farm,56.55409349771759,-2.7087453156770502,086800000dd026ac0000,370.0,0.0,3.54,99.0,0
2023-01-08 23:19:35.296927+00:00,70B3D54991EB3BA5,ECHO #2,Echo,Crossden burn @ Greenford Farm,56.55409349771759,-2.7087453156770502,086900000de026ac0000,369.0,0.0,3.55,99.0,0
2023-01-08 23:35:18.983567+00:00,70B3D54991EB3BA5,ECHO #2,Echo,Crossden burn @ Greenford Farm,56.55409349771759,-2.7087453156770502,086c00000db426ac0000,366.0,0.0,3.51,99.0,0
2023-01-08 23:50:59.935338+00:00,70B3D54991EB3BA5,ECHO #2,Echo,Crossden burn @ Greenford Farm,56.55409349771759,-2.7087453156770502,086e00000de026ac0000,364.0,0.0,3.55,99.0,0
2023-01-09 00:06:43.194447+00:00,70B3D54991EB3BA5,ECHO #2,Echo,Crossden burn @ Greenford Farm,56.55409349771759,-2.7087453156770502,086f00000da826ac0000,363.0,0.0,3.5,99.0,0
2023-01-09 00:22:24.121550+00:00,70B3D54991EB3BA5,ECHO #2,Echo,Crossden burn @ Greenford Farm,56.55409349771759,-2.7087453156770502,086c00000dc426ac0000,366.0,0.0,3.52,99.0,0
2023-01-09 00:38:05.946253+00:00,70B3D54991EB3BA5,ECHO #2,Echo,Crossden burn @ Greenford Farm,56.55409349771759,-2.7087453156770502,086800000dd826ac0000,370.0,0.0,3.54,99.0,0
2023-01-09 00:53:48.293989+00:00,70B3D54991EB3BA5,ECHO #2,Echo,Crossden burn @ Greenford Farm,56.55409349771759,-2.7087453156770502,086a00000db426ac0000,368.0,0.0,3.51,99.0,0
2023-01-09 01:09:31.939466+00:00,70B3D54991EB3BA5,ECHO #2,Echo,Crossden burn @ Greenford Farm,56.55409349771759,-2.7087453156770502,086800000dd426ac0000,370.0,0.0,3.54,99.0,0
2023-01-09 01:40:55.957453+00:00,70B3D54991EB3BA5,ECHO #2,Echo,Crossden burn @ Greenford Farm,56.55409349771759,-2.7087453156770502,086a00000dc426ac0000,368.0,0.0,3.52,99.0,0
2023-01-09 01:56:37.544340+00:00,70B3D54991EB3BA5,ECHO #2,Echo,Crossden burn @ Greenford Farm,56.55409349771759,-2.7087453156770502,086b00000db426ac0000,367.0,0.0,3.51,99.0,0
2023-01-09 02:12:19.993629+00:00,70B3D54991EB3BA5,ECHO #2,Echo,Crossden burn @ Greenford Farm,56.55409349771759,-2.7087453156770502,086d00000da026ac0000,365.0,0.0,3.49,99.0,0
2023-01-09 02:28:02.051546+00:00,70B3D54991EB3BA5,ECHO #2,Echo,Crossden burn @ Greenford Farm,56.55409349771759,-2.7087453156770502,087000000dac26ac0000,362.0,0.0,3.5,99.0,0
2023-01-09 02:43:46.462865+00:00,70B3D54991EB3BA5,ECHO #2,Echo,Crossden burn @ Greenford Farm,56.55409349771759,-2.7087453156770502,086d00000da826ac0000,365.0,0.0,3.5,99.0,0
2023-01-09 02:59:28.571352+00:00,70B3D54991EB3BA5,ECHO #2,Echo,Crossden burn @ Greenford Farm,56.55409349771759,-2.7087453156770502,086b00000da426ac0000,367.0,0.0,3.49,99.0,0
2023-01-09 03:15:10.624849+00:00,70B3D54991EB3BA5,ECHO #2,Echo,Crossden burn @ Greenford Farm,56.55409349771759,-2.7087453156770502,086800000dc026ac0000,370.0,0.0,3.52,99.0,0
2023-01-09 03:30:53.142980+00:00,70B3D54991EB3BA5,ECHO #2,Echo,Crossden burn @ Greenford Farm,56.55409349771759,-2.7087453156770502,086c00000dd426ac0000,366.0,0.0,3.54,99.0,0
2023-01-09 03:46:35.533029+00:00,70B3D54991EB3BA5,ECHO #2,Echo,Crossden burn @ Greenford Farm,56.55409349771759,-2.7087453156770502,086c00000dac26ac0000,366.0,0.0,3.5,99.0,0
2023-01-09 04:02:17.793566+00:00,70B3D54991EB3BA5,ECHO #2,Echo,Crossden burn @ Greenford Farm,56.55409349771759,-2.7087453156770502,086e00000da826ac0000,364.0,0.0,3.5,99.0,0
2023-01-09 04:17:59.528916+00:00,70B3D54991EB3BA5,ECHO #2,Echo,Crossden burn @ Greenford Farm,56.55409349771759,-2.7087453156770502,086f00000dd026ac0000,363.0,0.0,3.54,99.0,0
2023-01-09 04:33:41.234284+00:00,70B3D54991EB3BA5,ECHO #2,Echo,Crossden burn @ Greenford Farm,56.55409349771759,-2.7087453156770502,086c00000de026ac0000,366.0,0.0,3.55,99.0,0
2023-01-09 04:49:23.711440+00:00,70B3D54991EB3BA5,ECHO #2,Echo,Crossden burn @ Greenford Farm,56.55409349771759,-2.7087453156770502,086d00000db426ac0000,365.0,0.0,3.51,99.0,0
2023-01-09 05:05:07.095514+00:00,70B3D54991EB3BA5,ECHO #2,Echo,Crossden burn @ Greenford Farm,56.55409349771759,-2.7087453156770502,086d00000ddc26ac0000,365.0,0.0,3.55,99.0,0
2023-01-09 05:20:49.803216+00:00,70B3D54991EB3BA5,ECHO #2,Echo,Crossden burn @ Greenford Farm,56.55409349771759,-2.7087453156770502,087100000dc426ac0000,361.0,0.0,3.52,99.0,0
2023-01-09 05:36:31.907141+00:00,70B3D54991EB3BA5,ECHO #2,Echo,Crossden burn @ Greenford Farm,56.55409349771759,-2.7087453156770502,086f00000db426ac0000,363.0,0.0,3.51,99.0,0
2023-01-09 05:52:14.282828+00:00,70B3D54991EB3BA5,ECHO #2,Echo,Crossden burn @ Greenford Farm,56.55409349771759,-2.7087453156770502,087000000de426ac0000,362.0,0.0,3.56,99.0,0
2023-01-09 06:07:56.272182+00:00,70B3D54991EB3BA5,ECHO #2,Echo,Crossden burn @ Greenford Farm,56.55409349771759,-2.7087453156770502,087200000dd826ac0000,360.0,0.0,3.54,99.0,0
2023-01-09 06:23:37.322544+00:00,70B3D54991EB3BA5,ECHO #2,Echo,Crossden burn @ Greenford Farm,56.55409349771759,-2.7087453156770502,087200000db426ac0000,360.0,0.0,3.51,99.0,0
2023-01-09 06:39:18.711459+00:00,70B3D54991EB3BA5,ECHO #2,Echo,Crossden burn @ Greenford Farm,56.55409349771759,-2.7087453156770502,087200000de026ac0000,360.0,0.0,3.55,99.0,0
2023-01-09 06:55:00.698129+00:00,70B3D54991EB3BA5,ECHO #2,Echo,Crossden burn @ Greenford Farm,56.55409349771759,-2.7087453156770502,087100000dc426ac0000,361.0,0.0,3.52,99.0,0
2023-01-09 07:10:43.608587+00:00,70B3D54991EB3BA5,ECHO #2,Echo,Crossden burn @ Greenford Farm,56.55409349771759,-2.7087453156770502,087400000ddc26ac0000,358.0,0.0,3.55,99.0,0
2023-01-09 07:26:25.518455+00:00,70B3D54991EB3BA5,ECHO #2,Echo,Crossden burn @ Greenford Farm,56.55409349771759,-2.7087453156770502,087300000de426ac0000,359.0,0.0,3.56,99.0,0
2023-01-09 07:42:07.549506+00:00,70B3D54991EB3BA5,ECHO #2,Echo,Crossden burn @ Greenford Farm,56.55409349771759,-2.7087453156770502,086f00000db426ac0000,363.0,0.0,3.51,99.0,0
2023-01-09 07:57:49.468769+00:00,70B3D54991EB3BA5,ECHO #2,Echo,Crossden burn @ Greenford Farm,56.55409349771759,-2.7087453156770502,087200000dcc26ac0000,360.0,0.0,3.53,99.0,0
2023-01-09 08:13:31.865040+00:00,70B3D54991EB3BA5,ECHO #2,Echo,Crossden burn @ Greenford Farm,56.55409349771759,-2.7087453156770502,087400000dc826ac0000,358.0,0.0,3.53,99.0,0
2023-01-09 08:29:13.992182+00:00,70B3D54991EB3BA5,ECHO #2,Echo,Crossden burn @ Greenford Farm,56.55409349771759,-2.7087453156770502,087600000db426ac0000,356.0,0.0,3.51,99.0,0
2023-01-09 08:44:56.290801+00:00,70B3D54991EB3BA5,ECHO #2,Echo,Crossden burn @ Greenford Farm,56.55409349771759,-2.7087453156770502,087300000dc826ac0000,359.0,0.0,3.53,99.0,0
2023-01-09 09:00:38.198553+00:00,70B3D54991EB3BA5,ECHO #2,Echo,Crossden burn @ Greenford Farm,56.55409349771759,-2.7087453156770502,087400000db026ac0000,358.0,0.0,3.5,99.0,0
2023-01-09 09:16:20.779382+00:00,70B3D54991EB3BA5,ECHO #2,Echo,Crossden burn @ Greenford Farm,56.55409349771759,-2.7087453156770502,087100000dd426ac0000,361.0,0.0,3.54,99.0,0
2023-01-09 09:32:09.367065+00:00,70B3D54991EB3BA5,ECHO #2,Echo,Crossden burn @ Greenford Farm,56.55409349771759,-2.7087453156770502,087700000dc826ac0000,355.0,0.0,3.53,99.0,0
2023-01-09 09:47:57.829385+00:00,70B3D54991EB3BA5,ECHO #2,Echo,Crossden burn @ Greenford Farm,56.55409349771759,-2.7087453156770502,087c00000d9026ac0000,350.0,0.0,3.47,99.0,0
2023-01-09 10:03:43.232539+00:00,70B3D54991EB3BA5,ECHO #2,Echo,Crossden burn @ Greenford Farm,56.55409349771759,-2.7087453156770502,087d00000db026ac0000,349.0,0.0,3.5,99.0,0
2023-01-09 10:19:30.444972+00:00,70B3D54991EB3BA5,ECHO #2,Echo,Crossden burn @ Greenford Farm,56.55409349771759,-2.7087453156770502,088200000d9c26ac0000,344.0,0.0,3.48,99.0,0
2023-01-09 10:35:13.492654+00:00,70B3D54991EB3BA5,ECHO #2,Echo,Crossden burn @ Greenford Farm,56.55409349771759,-2.7087453156770502,088200000da426ac0000,344.0,0.0,3.49,99.0,0
2023-01-09 10:50:55.552158+00:00,70B3D54991EB3BA5,ECHO #2,Echo,Crossden burn @ Greenford Farm,56.55409349771759,-2.7087453156770502,088200000dc426ac0000,344.0,0.0,3.52,99.0,0
2023-01-09 11:06:37.043944+00:00,70B3D54991EB3BA5,ECHO #2,Echo,Crossden burn @ Greenford Farm,56.55409349771759,-2.7087453156770502,088000000df426ac0000,346.0,0.0,3.57,99.0,0
2023-01-09 11:22:15.998746+00:00,70B3D54991EB3BA5,ECHO #2,Echo,Crossden burn @ Greenford Farm,56.55409349771759,-2.7087453156770502,087d00000e0826ac0000,349.0,0.0,3.59,99.0,0
2023-01-09 11:37:57.087888+00:00,70B3D54991EB3BA5,ECHO #2,Echo,Crossden burn @ Greenford Farm,56.55409349771759,-2.7087453156770502,087c00000dd826ac0000,350.0,0.0,3.54,99.0,0
2023-01-09 11:53:38.750053+00:00,70B3D54991EB3BA5,ECHO #2,Echo,Crossden burn @ Greenford Farm,56.55409349771759,-2.7087453156770502,087b00000d8826ac0000,351.0,0.0,3.46,99.0,0
2023-01-09 12:09:26.152929+00:00,70B3D54991EB3BA5,ECHO #2,Echo,Crossden burn @ Greenford Farm,56.55409349771759,-2.7087453156770502,087d00000d9826ac0000,349.0,0.0,3.48,99.0,0
2023-01-09 12:25:11.128799+00:00,70B3D54991EB3BA5,ECHO #2,Echo,Crossden burn @ Greenford Farm,56.55409349771759,-2.7087453156770502,088000000df826ac0000,346.0,0.0,3.58,99.0,0
2023-01-09 12:40:52.887945+00:00,70B3D54991EB3BA5,ECHO #2,Echo,Crossden burn @ Greenford Farm,56.55409349771759,-2.7087453156770502,088100000d9826ac0000,345.0,0.0,3.48,99.0,0
2023-01-09 12:56:37.468464+00:00,70B3D54991EB3BA5,ECHO #2,Echo,Crossden burn @ Greenford Farm,56.55409349771759,-2.7087453156770502,088200000df026ac0000,344.0,0.0,3.57,99.0,0
2023-01-09 13:12:17.685292+00:00,70B3D54991EB3BA5,ECHO #2,Echo,Crossden burn @ Greenford Farm,56.55409349771759,-2.7087453156770502,088400000dcc26ac0000,342.0,0.0,3.53,99.0,0
2023-01-09 13:28:03.066038+00:00,70B3D54991EB3BA5,ECHO #2,Echo,Crossden burn @ Greenford Farm,56.55409349771759,-2.7087453156770502,087d00000d9c26ac0000,349.0,0.0,3.48,99.0,0
2023-01-09 13:43:44.127671+00:00,70B3D54991EB3BA5,ECHO #2,Echo,Crossden burn @ Greenford Farm,56.55409349771759,-2.7087453156770502,087f00000d8826ac0000,347.0,0.0,3.46,99.0,0
2023-01-09 13:59:26.269915+00:00,70B3D54991EB3BA5,ECHO #2,Echo,Crossden burn @ Greenford Farm,56.55409349771759,-2.7087453156770502,088100000d8826ac0000,345.0,0.0,3.46,99.0,0
2023-01-09 14:15:06.775333+00:00,70B3D54991EB3BA5,ECHO #2,Echo,Crossden burn @ Greenford Farm,56.55409349771759,-2.7087453156770502,087e00000d7c26ac0000,348.0,0.0,3.45,99.0,0
2023-01-09 14:30:47.858740+00:00,70B3D54991EB3BA5,ECHO #2,Echo,Crossden burn @ Greenford Farm,56.55409349771759,-2.7087453156770502,087a00000d7826ac0000,352.0,0.0,3.45,99.0,0
2023-01-09 14:46:31.760927+00:00,70B3D54991EB3BA5,ECHO #2,Echo,Crossden burn @ Greenford Farm,56.55409349771759,-2.7087453156770502,087d00000dd426ac0000,349.0,0.0,3.54,99.0,0
2023-01-09 15:02:13.987052+00:00,70B3D54991EB3BA5,ECHO #2,Echo,Crossden burn @ Greenford Farm,56.55409349771759,-2.7087453156770502,087a00000d9c26ac0000,352.0,0.0,3.48,99.0,0
2023-01-09 15:17:55.379457+00:00,70B3D54991EB3BA5,ECHO #2,Echo,Crossden burn @ Greenford Farm,56.55409349771759,-2.7087453156770502,087b00000d7c26ac0000,351.0,0.0,3.45,99.0,0
2023-01-09 15:33:37.087746+00:00,70B3D54991EB3BA5,ECHO #2,Echo,Crossden burn @ Greenford Farm,56.55409349771759,-2.7087453156770502,087900000dac26ac0000,353.0,0.0,3.5,99.0,0
2023-01-09 15:49:18.554557+00:00,70B3D54991EB3BA5,ECHO #2,Echo,Crossden burn @ Greenford Farm,56.55409349771759,-2.7087453156770502,087b00000da426ac0000,351.0,0.0,3.49,99.0,0
2023-01-09 16:05:00.280987+00:00,70B3D54991EB3BA5,ECHO #2,Echo,Crossden burn @ Greenford Farm,56.55409349771759,-2.7087453156770502,087800000df826ac0000,354.0,0.0,3.58,99.0,0
2023-01-09 16:20:42.468127+00:00,70B3D54991EB3BA5,ECHO #2,Echo,Crossden burn @ Greenford Farm,56.55409349771759,-2.7087453156770502,087a00000d7c26ac0000,352.0,0.0,3.45,99.0,0
2023-01-09 16:36:24.027460+00:00,70B3D54991EB3BA5,ECHO #2,Echo,Crossden burn @ Greenford Farm,56.55409349771759,-2.7087453156770502,087b00000d7c26ac0000,351.0,0.0,3.45,99.0,0
2023-01-09 16:52:07.602473+00:00,70B3D54991EB3BA5,ECHO #2,Echo,Crossden burn @ Greenford Farm,56.55409349771759,-2.7087453156770502,087f00000dcc26ac0000,347.0,0.0,3.53,99.0,0
2023-01-09 17:07:48.870058+00:00,70B3D54991EB3BA5,ECHO #2,Echo,Crossden burn @ Greenford Farm,56.55409349771759,-2.7087453156770502,087f00000dcc26ac0000,347.0,0.0,3.53,99.0,0
2023-01-09 17:23:29.873640+00:00,70B3D54991EB3BA5,ECHO #2,Echo,Crossden burn @ Greenford Farm,56.55409349771759,-2.7087453156770502,088200000dac26ac0000,344.0,0.0,3.5,99.0,0
2023-01-09 17:39:15.486174+00:00,70B3D54991EB3BA5,ECHO #2,Echo,Crossden burn @ Greenford Farm,56.55409349771759,-2.7087453156770502,087900000db426ac0000,353.0,0.0,3.51,99.0,0
2023-01-09 17:54:58.977521+00:00,70B3D54991EB3BA5,ECHO #2,Echo,Crossden burn @ Greenford Farm,56.55409349771759,-2.7087453156770502,087a00000dbc26ac0000,352.0,0.0,3.52,99.0,0
2023-01-09 18:10:42.588109+00:00,70B3D54991EB3BA5,ECHO #2,Echo,Crossden burn @ Greenford Farm,56.55409349771759,-2.7087453156770502,087d00000d9c26ac0000,349.0,0.0,3.48,99.0,0
2023-01-09 18:26:23.448349+00:00,70B3D54991EB3BA5,ECHO #2,Echo,Crossden burn @ Greenford Farm,56.55409349771759,-2.7087453156770502,088100000dac26ac0000,345.0,0.0,3.5,99.0,0
2023-01-09 18:42:04.812950+00:00,70B3D54991EB3BA5,ECHO #2,Echo,Crossden burn @ Greenford Farm,56.55409349771759,-2.7087453156770502,087f00000db426ac0000,347.0,0.0,3.51,99.0,0
2023-01-09 18:57:46.498954+00:00,70B3D54991EB3BA5,ECHO #2,Echo,Crossden burn @ Greenford Farm,56.55409349771759,-2.7087453156770502,088200000de026ac0000,344.0,0.0,3.55,99.0,0
2023-01-09 19:13:28.715595+00:00,70B3D54991EB3BA5,ECHO #2,Echo,Crossden burn @ Greenford Farm,56.55409349771759,-2.7087453156770502,087e00000db426ac0000,348.0,0.0,3.51,99.0,0
2023-01-09 19:29:11.290493+00:00,70B3D54991EB3BA5,ECHO #2,Echo,Crossden burn @ Greenford Farm,56.55409349771759,-2.7087453156770502,087c00000db426ac0000,350.0,0.0,3.51,99.0,0
2023-01-09 19:44:53.728639+00:00,70B3D54991EB3BA5,ECHO #2,Echo,Crossden burn @ Greenford Farm,56.55409349771759,-2.7087453156770502,088000000db426ac0000,346.0,0.0,3.51,99.0,0
2023-01-09 20:00:34.935824+00:00,70B3D54991EB3BA5,ECHO #2,Echo,Crossden burn @ Greenford Farm,56.55409349771759,-2.7087453156770502,087f00000d9c26ac0000,347.0,0.0,3.48,99.0,0
2023-01-09 20:16:17.047502+00:00,70B3D54991EB3BA5,ECHO #2,Echo,Crossden burn @ Greenford Farm,56.55409349771759,-2.7087453156770502,087b00000da426ac0000,351.0,0.0,3.49,99.0,0
2023-01-09 20:31:59.762483+00:00,70B3D54991EB3BA5,ECHO #2,Echo,Crossden burn @ Greenford Farm,56.55409349771759,-2.7087453156770502,087f00000db426ac0000,347.0,0.0,3.51,99.0,0
2023-01-09 20:47:41.938661+00:00,70B3D54991EB3BA5,ECHO #2,Echo,Crossden burn @ Greenford Farm,56.55409349771759,-2.7087453156770502,087d00000da026ac0000,349.0,0.0,3.49,99.0,0
2023-01-09 21:03:23.976257+00:00,70B3D54991EB3BA5,ECHO #2,Echo,Crossden burn @ Greenford Farm,56.55409349771759,-2.7087453156770502,087e00000de026ac0000,348.0,0.0,3.55,99.0,0
2023-01-09 21:19:09.810799+00:00,70B3D54991EB3BA5,ECHO #2,Echo,Crossden burn @ Greenford Farm,56.55409349771759,-2.7087453156770502,087600000dc826ac0000,356.0,0.0,3.53,99.0,0
2023-01-09 21:50:41.928790+00:00,70B3D54991EB3BA5,ECHO #2,Echo,Crossden burn @ Greenford Farm,56.55409349771759,-2.7087453156770502,087f00000dc826ac0000,347.0,0.0,3.53,99.0,0
2023-01-09 22:06:23.916993+00:00,70B3D54991EB3BA5,ECHO #2,Echo,Crossden burn @ Greenford Farm,56.55409349771759,-2.7087453156770502,087e00000d6c26ac0000,348.0,0.0,3.44,99.0,0
2023-01-09 22:22:05.880227+00:00,70B3D54991EB3BA5,ECHO #2,Echo,Crossden burn @ Greenford Farm,56.55409349771759,-2.7087453156770502,087f00000d9026ac0000,347.0,0.0,3.47,99.0,0
2023-01-09 22:37:47.159789+00:00,70B3D54991EB3BA5,ECHO #2,Echo,Crossden burn @ Greenford Farm,56.55409349771759,-2.7087453156770502,087f00000d6c26ac0000,347.0,0.0,3.44,99.0,0
2023-01-09 22:53:28.172326+00:00,70B3D54991EB3BA5,ECHO #2,Echo,Crossden burn @ Greenford Farm,56.55409349771759,-2.7087453156770502,087b00000d6026ac0000,351.0,0.0,3.42,99.0,0
2023-01-09 23:09:10.396832+00:00,70B3D54991EB3BA5,ECHO #2,Echo,Crossden burn @ Greenford Farm,56.55409349771759,-2.7087453156770502,087b00000d9026ac0000,351.0,0.0,3.47,99.0,0
2023-01-09 23:24:55.554226+00:00,70B3D54991EB3BA5,ECHO #2,Echo,Crossden burn @ Greenford Farm,56.55409349771759,-2.7087453156770502,088000000d6026ac0000,346.0,0.0,3.42,99.0,0
2023-01-09 23:40:36.912716+00:00,70B3D54991EB3BA5,ECHO #2,Echo,Crossden burn @ Greenford Farm,56.55409349771759,-2.7087453156770502,087c00000da426ac0000,350.0,0.0,3.49,99.0,0
2023-01-09 23:56:19.048794+00:00,70B3D54991EB3BA5,ECHO #2,Echo,Crossden burn @ Greenford Farm,56.55409349771759,-2.7087453156770502,087f00000d8426ac0000,347.0,0.0,3.46,99.0,0
2023-01-10 00:12:00.651077+00:00,70B3D54991EB3BA5,ECHO #2,Echo,Crossden burn @ Greenford Farm,56.55409349771759,-2.7087453156770502,087c00000d8026ac0000,350.0,0.0,3.46,99.0,0
2023-01-10 00:27:43.335745+00:00,70B3D54991EB3BA5,ECHO #2,Echo,Crossden burn @ Greenford Farm,56.55409349771759,-2.7087453156770502,088000000d8426ac0000,346.0,0.0,3.46,99.0,0
2023-01-10 00:43:25.922242+00:00,70B3D54991EB3BA5,ECHO #2,Echo,Crossden burn @ Greenford Farm,56.55409349771759,-2.7087453156770502,088100000dcc26ac0000,345.0,0.0,3.53,99.0,0
2023-01-10 00:59:08.211993+00:00,70B3D54991EB3BA5,ECHO #2,Echo,Crossden burn @ Greenford Farm,56.55409349771759,-2.7087453156770502,088400000dc826ac0000,342.0,0.0,3.53,99.0,0
2023-01-10 01:14:49.332876+00:00,70B3D54991EB3BA5,ECHO #2,Echo,Crossden burn @ Greenford Farm,56.55409349771759,-2.7087453156770502,088200000d7826ac0000,344.0,0.0,3.45,99.0,0
2023-01-10 01:30:31.114344+00:00,70B3D54991EB3BA5,ECHO #2,Echo,Crossden burn @ Greenford Farm,56.55409349771759,-2.7087453156770502,087f00000dd426ac0000,347.0,0.0,3.54,99.0,0
2023-01-10 01:46:14.470358+00:00,70B3D54991EB3BA5,ECHO #2,Echo,Crossden burn @ Greenford Farm,56.55409349771759,-2.7087453156770502,087e00000d7826ac0000,348.0,0.0,3.45,99.0,0
2023-01-10 02:01:59.611243+00:00,70B3D54991EB3BA5,ECHO #2,Echo,Crossden burn @ Greenford Farm,56.55409349771759,-2.7087453156770502,088500000dac26ac0000,341.0,0.0,3.5,99.0,0
2023-01-10 02:17:43.427044+00:00,70B3D54991EB3BA5,ECHO #2,Echo,Crossden burn @ Greenford Farm,56.55409349771759,-2.7087453156770502,088500000d8026ac0000,341.0,0.0,3.46,99.0,0
2023-01-10 02:33:28.275090+00:00,70B3D54991EB3BA5,ECHO #2,Echo,Crossden burn @ Greenford Farm,56.55409349771759,-2.7087453156770502,087d00000d9c26ac0000,349.0,0.0,3.48,99.0,0
2023-01-10 02:49:11.152212+00:00,70B3D54991EB3BA5,ECHO #2,Echo,Crossden burn @ Greenford Farm,56.55409349771759,-2.7087453156770502,087b00000d9c26ac0000,351.0,0.0,3.48,99.0,0
2023-01-10 03:04:57.430750+00:00,70B3D54991EB3BA5,ECHO #2,Echo,Crossden burn @ Greenford Farm,56.55409349771759,-2.7087453156770502,088200000d8826ac0000,344.0,0.0,3.46,99.0,0
2023-01-10 03:20:39.579307+00:00,70B3D54991EB3BA5,ECHO #2,Echo,Crossden burn @ Greenford Farm,56.55409349771759,-2.7087453156770502,088000000da826ac0000,346.0,0.0,3.5,99.0,0
2023-01-10 03:36:21.958895+00:00,70B3D54991EB3BA5,ECHO #2,Echo,Crossden burn @ Greenford Farm,56.55409349771759,-2.7087453156770502,088000000dc826ac0000,346.0,0.0,3.53,99.0,0
2023-01-10 03:52:04.620171+00:00,70B3D54991EB3BA5,ECHO #2,Echo,Crossden burn @ Greenford Farm,56.55409349771759,-2.7087453156770502,088000000d7826ac0000,346.0,0.0,3.45,99.0,0
2023-01-10 04:07:47.516443+00:00,70B3D54991EB3BA5,ECHO #2,Echo,Crossden burn @ Greenford Farm,56.55409349771759,-2.7087453156770502,088400000db426ac0000,342.0,0.0,3.51,99.0,0
2023-01-10 04:23:32.911245+00:00,70B3D54991EB3BA5,ECHO #2,Echo,Crossden burn @ Greenford Farm,56.55409349771759,-2.7087453156770502,088300000d8826ac0000,343.0,0.0,3.46,99.0,0
2023-01-10 04:39:15.826619+00:00,70B3D54991EB3BA5,ECHO #2,Echo,Crossden burn @ Greenford Farm,56.55409349771759,-2.7087453156770502,088100000d8c26ac0000,345.0,0.0,3.47,99.0,0
2023-01-10 04:54:58.546202+00:00,70B3D54991EB3BA5,ECHO #2,Echo,Crossden burn @ Greenford Farm,56.55409349771759,-2.7087453156770502,087f00000d9c26ac0000,347.0,0.0,3.48,99.0,0
2023-01-10 05:10:40.906372+00:00,70B3D54991EB3BA5,ECHO #2,Echo,Crossden burn @ Greenford Farm,56.55409349771759,-2.7087453156770502,087e00000da026ac0000,348.0,0.0,3.49,99.0,0
2023-01-10 05:26:22.817039+00:00,70B3D54991EB3BA5,ECHO #2,Echo,Crossden burn @ Greenford Farm,56.55409349771759,-2.7087453156770502,088000000ddc26ac0000,346.0,0.0,3.55,99.0,0
2023-01-10 05:42:06.011815+00:00,70B3D54991EB3BA5,ECHO #2,Echo,Crossden burn @ Greenford Farm,56.55409349771759,-2.7087453156770502,087e00000dcc26ac0000,348.0,0.0,3.53,99.0,0
2023-01-10 05:57:49.392371+00:00,70B3D54991EB3BA5,ECHO #2,Echo,Crossden burn @ Greenford Farm,56.55409349771759,-2.7087453156770502,087f00000de426ac0000,347.0,0.0,3.56,99.0,0
2023-01-10 06:13:31.837430+00:00,70B3D54991EB3BA5,ECHO #2,Echo,Crossden burn @ Greenford Farm,56.55409349771759,-2.7087453156770502,087e00000d8c26ac0000,348.0,0.0,3.47,99.0,0
2023-01-10 06:29:14.429052+00:00,70B3D54991EB3BA5,ECHO #2,Echo,Crossden burn @ Greenford Farm,56.55409349771759,-2.7087453156770502,088100000db426ac0000,345.0,0.0,3.51,99.0,0
2023-01-10 06:44:56.651670+00:00,70B3D54991EB3BA5,ECHO #2,Echo,Crossden burn @ Greenford Farm,56.55409349771759,-2.7087453156770502,088400000dcc26ac0000,342.0,0.0,3.53,99.0,0
2023-01-10 07:00:41.757742+00:00,70B3D54991EB3BA5,ECHO #2,Echo,Crossden burn @ Greenford Farm,56.55409349771759,-2.7087453156770502,087d00000dac26ac0000,349.0,0.0,3.5,99.0,0
2023-01-10 07:16:24.429496+00:00,70B3D54991EB3BA5,ECHO #2,Echo,Crossden burn @ Greenford Farm,56.55409349771759,-2.7087453156770502,088100000dd826ac0000,345.0,0.0,3.54,99.0,0
2023-01-10 07:32:07.105046+00:00,70B3D54991EB3BA5,ECHO #2,Echo,Crossden burn @ Greenford Farm,56.55409349771759,-2.7087453156770502,088200000d9c26ac0000,344.0,0.0,3.48,99.0,0
2023-01-10 07:47:49.032373+00:00,70B3D54991EB3BA5,ECHO #2,Echo,Crossden burn @ Greenford Farm,56.55409349771759,-2.7087453156770502,088000000da426ac0000,346.0,0.0,3.49,99.0,0
2023-01-10 08:03:31.780738+00:00,70B3D54991EB3BA5,ECHO #2,Echo,Crossden burn @ Greenford Farm,56.55409349771759,-2.7087453156770502,088200000da026ac0000,344.0,0.0,3.49,99.0,0
2023-01-10 08:19:14.153449+00:00,70B3D54991EB3BA5,ECHO #2,Echo,Crossden burn @ Greenford Farm,56.55409349771759,-2.7087453156770502,088300000da426ac0000,343.0,0.0,3.49,99.0,0
2023-01-10 08:34:56.444982+00:00,70B3D54991EB3BA5,ECHO #2,Echo,Crossden burn @ Greenford Farm,56.55409349771759,-2.7087453156770502,087f00000ddc26ac0000,347.0,0.0,3.55,99.0,0
2023-01-10 08:50:38.644399+00:00,70B3D54991EB3BA5,ECHO #2,Echo,Crossden burn @ Greenford Farm,56.55409349771759,-2.7087453156770502,087e00000da026ac0000,348.0,0.0,3.49,99.0,0
2023-01-10 09:06:20.387135+00:00,70B3D54991EB3BA5,ECHO #2,Echo,Crossden burn @ Greenford Farm,56.55409349771759,-2.7087453156770502,087f00000ddc26ac0000,347.0,0.0,3.55,99.0,0
2023-01-10 09:22:02.464923+00:00,70B3D54991EB3BA5,ECHO #2,Echo,Crossden burn @ Greenford Farm,56.55409349771759,-2.7087453156770502,087c00000db426ac0000,350.0,0.0,3.51,99.0,0
2023-01-10 09:37:44.320369+00:00,70B3D54991EB3BA5,ECHO #2,Echo,Crossden burn @ Greenford Farm,56.55409349771759,-2.7087453156770502,087d00000da826ac0000,349.0,0.0,3.5,99.0,0
2023-01-10 09:53:27.703683+00:00,70B3D54991EB3BA5,ECHO #2,Echo,Crossden burn @ Greenford Farm,56.55409349771759,-2.7087453156770502,087b00000dcc26ac0000,351.0,0.0,3.53,99.0,0
2023-01-10 10:09:09.229922+00:00,70B3D54991EB3BA5,ECHO #2,Echo,Crossden burn @ Greenford Farm,56.55409349771759,-2.7087453156770502,087900000de026ac0000,353.0,0.0,3.55,99.0,0
2023-01-10 10:24:52.137775+00:00,70B3D54991EB3BA5,ECHO #2,Echo,Crossden burn @ Greenford Farm,56.55409349771759,-2.7087453156770502,087900000da826ac0000,353.0,0.0,3.5,99.0,0
2023-01-10 10:40:33.703936+00:00,70B3D54991EB3BA5,ECHO #2,Echo,Crossden burn @ Greenford Farm,56.55409349771759,-2.7087453156770502,087700000de426ac0000,355.0,0.0,3.56,99.0,0
2023-01-10 10:56:18.949033+00:00,70B3D54991EB3BA5,ECHO #2,Echo,Crossden burn @ Greenford Farm,56.55409349771759,-2.7087453156770502,087200000de826ac0000,360.0,0.0,3.56,99.0,0
2023-01-10 11:12:04.075315+00:00,70B3D54991EB3BA5,ECHO #2,Echo,Crossden burn @ Greenford Farm,56.55409349771759,-2.7087453156770502,086d00000db026ac0000,365.0,0.0,3.5,99.0,0
2023-01-10 11:27:49.303326+00:00,70B3D54991EB3BA5,ECHO #2,Echo,Crossden burn @ Greenford Farm,56.55409349771759,-2.7087453156770502,086800000dd826ac0000,370.0,0.0,3.54,99.0,0
2023-01-10 11:43:32.333174+00:00,70B3D54991EB3BA5,ECHO #2,Echo,Crossden burn @ Greenford Farm,56.55409349771759,-2.7087453156770502,086800000d9c26ac0000,370.0,0.0,3.48,99.0,0
2023-01-10 11:59:14.670753+00:00,70B3D54991EB3BA5,ECHO #2,Echo,Crossden burn @ Greenford Farm,56.55409349771759,-2.7087453156770502,086400000da826ac0000,374.0,0.0,3.5,99.0,0
2023-01-10 12:14:56.625896+00:00,70B3D54991EB3BA5,ECHO #2,Echo,Crossden burn @ Greenford Farm,56.55409349771759,-2.7087453156770502,086300000de026ac0000,375.0,0.0,3.55,99.0,0
2023-01-10 12:30:39.280400+00:00,70B3D54991EB3BA5,ECHO #2,Echo,Crossden burn @ Greenford Farm,56.55409349771759,-2.7087453156770502,086200000dc426ac0000,376.0,0.0,3.52,99.0,0
2023-01-10 12:46:21.232862+00:00,70B3D54991EB3BA5,ECHO #2,Echo,Crossden burn @ Greenford Farm,56.55409349771759,-2.7087453156770502,086200000db426ac0000,376.0,0.0,3.51,99.0,0
2023-01-10 13:17:45.901821+00:00,70B3D54991EB3BA5,ECHO #2,Echo,Crossden burn @ Greenford Farm,56.55409349771759,-2.7087453156770502,085d00000dcc26ac0000,381.0,0.0,3.53,99.0,0
2023-01-10 13:33:28.065704+00:00,70B3D54991EB3BA5,ECHO #2,Echo,Crossden burn @ Greenford Farm,56.55409349771759,-2.7087453156770502,085c00000dd826ac0000,382.0,0.0,3.54,99.0,0
2023-01-10 13:49:10.197814+00:00,70B3D54991EB3BA5,ECHO #2,Echo,Crossden burn @ Greenford Farm,56.55409349771759,-2.7087453156770502,085900000dc426ac0000,385.0,0.0,3.52,99.0,0
2023-01-10 14:04:52.447730+00:00,70B3D54991EB3BA5,ECHO #2,Echo,Crossden burn @ Greenford Farm,56.55409349771759,-2.7087453156770502,085900000da426ac0000,385.0,0.0,3.49,99.0,0
2023-01-10 14:20:37.717600+00:00,70B3D54991EB3BA5,ECHO #2,Echo,Crossden burn @ Greenford Farm,56.55409349771759,-2.7087453156770502,085400000de026ac0000,390.0,0.0,3.55,99.0,0
2023-01-10 14:36:20.472566+00:00,70B3D54991EB3BA5,ECHO #2,Echo,Crossden burn @ Greenford Farm,56.55409349771759,-2.7087453156770502,085200000dd426ac0000,392.0,0.0,3.54,99.0,0
2023-01-10 14:52:02.696498+00:00,70B3D54991EB3BA5,ECHO #2,Echo,Crossden burn @ Greenford Farm,56.55409349771759,-2.7087453156770502,085000000da426ac0000,394.0,0.0,3.49,99.0,0
2023-01-10 15:07:46.956273+00:00,70B3D54991EB3BA5,ECHO #2,Echo,Crossden burn @ Greenford Farm,56.55409349771759,-2.7087453156770502,085000000da826ac0000,394.0,0.0,3.5,99.0,0
2023-01-10 15:23:32.462670+00:00,70B3D54991EB3BA5,ECHO #2,Echo,Crossden burn @ Greenford Farm,56.55409349771759,-2.7087453156770502,084b00000da426ac0000,399.0,0.0,3.49,99.0,0
2023-01-10 15:39:14.444264+00:00,70B3D54991EB3BA5,ECHO #2,Echo,Crossden burn @ Greenford Farm,56.55409349771759,-2.7087453156770502,084c00000dd826ac0000,398.0,0.0,3.54,99.0,0
2023-01-10 15:54:59.680447+00:00,70B3D54991EB3BA5,ECHO #2,Echo,Crossden burn @ Greenford Farm,56.55409349771759,-2.7087453156770502,084400000dc426ac0000,406.0,0.0,3.52,99.0,0
2023-01-10 16:10:42.013297+00:00,70B3D54991EB3BA5,ECHO #2,Echo,Crossden burn @ Greenford Farm,56.55409349771759,-2.7087453156770502,084200000dc826ac0000,408.0,0.0,3.53,99.0,0
2023-01-10 16:26:24.614966+00:00,70B3D54991EB3BA5,ECHO #2,Echo,Crossden burn @ Greenford Farm,56.55409349771759,-2.7087453156770502,084100000de426ac0000,409.0,0.0,3.56,99.0,0
2023-01-10 16:42:07.307128+00:00,70B3D54991EB3BA5,ECHO #2,Echo,Crossden burn @ Greenford Farm,56.55409349771759,-2.7087453156770502,084000000de026ac0000,410.0,0.0,3.55,99.0,0
2023-01-10 16:57:49.890795+00:00,70B3D54991EB3BA5,ECHO #2,Echo,Crossden burn @ Greenford Farm,56.55409349771759,-2.7087453156770502,083c00000dd826ac0000,414.0,0.0,3.54,99.0,0
2023-01-10 17:13:32.552759+00:00,70B3D54991EB3BA5,ECHO #2,Echo,Crossden burn @ Greenford Farm,56.55409349771759,-2.7087453156770502,083d00000de426ac0000,413.0,0.0,3.56,99.0,0
2023-01-10 17:29:15.966864+00:00,70B3D54991EB3BA5,ECHO #2,Echo,Crossden burn @ Greenford Farm,56.55409349771759,-2.7087453156770502,083b00000db026ac0000,415.0,0.0,3.5,99.0,0
2023-01-10 17:45:01.910632+00:00,70B3D54991EB3BA5,ECHO #2,Echo,Crossden burn @ Greenford Farm,56.55409349771759,-2.7087453156770502,083400000de026ac0000,422.0,0.0,3.55,99.0,0
2023-01-10 18:00:44.228026+00:00,70B3D54991EB3BA5,ECHO #2,Echo,Crossden burn @ Greenford Farm,56.55409349771759,-2.7087453156770502,083300000de826ac0000,423.0,0.0,3.56,99.0,0
2023-01-10 18:16:28.988993+00:00,70B3D54991EB3BA5,ECHO #2,Echo,Crossden burn @ Greenford Farm,56.55409349771759,-2.7087453156770502,083200000dcc26ac0000,424.0,0.0,3.53,99.0,0
2023-01-10 18:32:12.181310+00:00,70B3D54991EB3BA5,ECHO #2,Echo,Crossden burn @ Greenford Farm,56.55409349771759,-2.7087453156770502,083200000dcc26ac0000,424.0,0.0,3.53,99.0,0
2023-01-10 18:47:54.343058+00:00,70B3D54991EB3BA5,ECHO #2,Echo,Crossden burn @ Greenford Farm,56.55409349771759,-2.7087453156770502,083000000dcc26ac0000,426.0,0.0,3.53,99.0,0
2023-01-10 19:03:36.631472+00:00,70B3D54991EB3BA5,ECHO #2,Echo,Crossden burn @ Greenford Farm,56.55409349771759,-2.7087453156770502,082f00000de826ac0000,427.0,0.0,3.56,99.0,0
2023-01-10 19:19:18.750569+00:00,70B3D54991EB3BA5,ECHO #2,Echo,Crossden burn @ Greenford Farm,56.55409349771759,-2.7087453156770502,082f00000de026ac0000,427.0,0.0,3.55,99.0,0
2023-01-10 19:35:00.993140+00:00,70B3D54991EB3BA5,ECHO #2,Echo,Crossden burn @ Greenford Farm,56.55409349771759,-2.7087453156770502,082f00000de826ac0000,427.0,0.0,3.56,99.0,0
2023-01-10 19:50:42.364612+00:00,70B3D54991EB3BA5,ECHO #2,Echo,Crossden burn @ Greenford Farm,56.55409349771759,-2.7087453156770502,082c00000dec26ac0000,430.0,0.0,3.56,99.0,0
2023-01-10 20:06:24.794934+00:00,70B3D54991EB3BA5,ECHO #2,Echo,Crossden burn @ Greenford Farm,56.55409349771759,-2.7087453156770502,082e00000db426ac0000,428.0,0.0,3.51,99.0,0
2023-01-10 20:22:07.081230+00:00,70B3D54991EB3BA5,ECHO #2,Echo,Crossden burn @ Greenford Farm,56.55409349771759,-2.7087453156770502,082d00000dc826ac0000,429.0,0.0,3.53,99.0,0
2023-01-10 20:37:49.923270+00:00,70B3D54991EB3BA5,ECHO #2,Echo,Crossden burn @ Greenford Farm,56.55409349771759,-2.7087453156770502,082900000dc426ac0000,433.0,0.0,3.52,99.0,0
2023-01-10 20:53:32.016203+00:00,70B3D54991EB3BA5,ECHO #2,Echo,Crossden burn @ Greenford Farm,56.55409349771759,-2.7087453156770502,082d00000db426ac0000,429.0,0.0,3.51,99.0,0
2023-01-10 21:09:13.748559+00:00,70B3D54991EB3BA5,ECHO #2,Echo,Crossden burn @ Greenford Farm,56.55409349771759,-2.7087453156770502,082e00000de826ac0000,428.0,0.0,3.56,99.0,0
2023-01-10 21:24:55.593284+00:00,70B3D54991EB3BA5,ECHO #2,Echo,Crossden burn @ Greenford Farm,56.55409349771759,-2.7087453156770502,083200000de826ac0000,424.0,0.0,3.56,99.0,0
2023-01-10 21:40:37.978846+00:00,70B3D54991EB3BA5,ECHO #2,Echo,Crossden burn @ Greenford Farm,56.55409349771759,-2.7087453156770502,082f00000de026ac0000,427.0,0.0,3.55,99.0,0
2023-01-10 21:56:20.012464+00:00,70B3D54991EB3BA5,ECHO #2,Echo,Crossden burn @ Greenford Farm,56.55409349771759,-2.7087453156770502,082d00000da826ac0000,429.0,0.0,3.5,99.0,0
2023-01-10 22:12:02.099262+00:00,70B3D54991EB3BA5,ECHO #2,Echo,Crossden burn @ Greenford Farm,56.55409349771759,-2.7087453156770502,083100000db026ac0000,425.0,0.0,3.5,99.0,0
2023-01-10 22:27:44.170598+00:00,70B3D54991EB3BA5,ECHO #2,Echo,Crossden burn @ Greenford Farm,56.55409349771759,-2.7087453156770502,083000000de026ac0000,426.0,0.0,3.55,99.0,0
2023-01-10 22:43:29.567560+00:00,70B3D54991EB3BA5,ECHO #2,Echo,Crossden burn @ Greenford Farm,56.55409349771759,-2.7087453156770502,083400000dec26ac0000,422.0,0.0,3.56,99.0,0
2023-01-10 22:59:11.617733+00:00,70B3D54991EB3BA5,ECHO #2,Echo,Crossden burn @ Greenford Farm,56.55409349771759,-2.7087453156770502,083400000de026ac0000,422.0,0.0,3.55,99.0,0
2023-01-10 23:30:35.844964+00:00,70B3D54991EB3BA5,ECHO #2,Echo,Crossden burn @ Greenford Farm,56.55409349771759,-2.7087453156770502,083300000de426ac0000,423.0,0.0,3.56,99.0,0
2023-01-10 23:46:21.060559+00:00,70B3D54991EB3BA5,ECHO #2,Echo,Crossden burn @ Greenford Farm,56.55409349771759,-2.7087453156770502,083e00000db426ac0000,412.0,0.0,3.51,99.0,0
2023-01-11 00:02:05.368453+00:00,70B3D54991EB3BA5,ECHO #2,Echo,Crossden burn @ Greenford Farm,56.55409349771759,-2.7087453156770502,083d00000dac26ac0000,413.0,0.0,3.5,99.0,0
2023-01-11 00:17:48.371061+00:00,70B3D54991EB3BA5,ECHO #2,Echo,Crossden burn @ Greenford Farm,56.55409349771759,-2.7087453156770502,083c00000de826ac0000,414.0,0.0,3.56,99.0,0
2023-01-11 00:33:31.052817+00:00,70B3D54991EB3BA5,ECHO #2,Echo,Crossden burn @ Greenford Farm,56.55409349771759,-2.7087453156770502,083800000de426ac0000,418.0,0.0,3.56,99.0,0
2023-01-11 00:49:12.997301+00:00,70B3D54991EB3BA5,ECHO #2,Echo,Crossden burn @ Greenford Farm,56.55409349771759,-2.7087453156770502,083a00000de826ac0000,416.0,0.0,3.56,99.0,0
2023-01-11 01:04:57.934812+00:00,70B3D54991EB3BA5,ECHO #2,Echo,Crossden burn @ Greenford Farm,56.55409349771759,-2.7087453156770502,084300000de026ac0000,407.0,0.0,3.55,99.0,0
2023-01-11 01:20:41.509963+00:00,70B3D54991EB3BA5,ECHO #2,Echo,Crossden burn @ Greenford Farm,56.55409349771759,-2.7087453156770502,084200000dac26ac0000,408.0,0.0,3.5,99.0,0
2023-01-11 01:36:24.064670+00:00,70B3D54991EB3BA5,ECHO #2,Echo,Crossden burn @ Greenford Farm,56.55409349771759,-2.7087453156770502,084000000dc826ac0000,410.0,0.0,3.53,99.0,0
2023-01-11 01:52:06.243487+00:00,70B3D54991EB3BA5,ECHO #2,Echo,Crossden burn @ Greenford Farm,56.55409349771759,-2.7087453156770502,084100000db026ac0000,409.0,0.0,3.5,99.0,0
2023-01-11 02:07:48.467501+00:00,70B3D54991EB3BA5,ECHO #2,Echo,Crossden burn @ Greenford Farm,56.55409349771759,-2.7087453156770502,084300000db426ac0000,407.0,0.0,3.51,99.0,0
2023-01-11 02:23:30.675789+00:00,70B3D54991EB3BA5,ECHO #2,Echo,Crossden burn @ Greenford Farm,56.55409349771759,-2.7087453156770502,084200000dd826ac0000,408.0,0.0,3.54,99.0,0
2023-01-11 02:39:12.404379+00:00,70B3D54991EB3BA5,ECHO #2,Echo,Crossden burn @ Greenford Farm,56.55409349771759,-2.7087453156770502,084500000db026ac0000,405.0,0.0,3.5,99.0,0
2023-01-11 02:54:55.114188+00:00,70B3D54991EB3BA5,ECHO #2,Echo,Crossden burn @ Greenford Farm,56.55409349771759,-2.7087453156770502,084700000db026ac0000,403.0,0.0,3.5,99.0,0
2023-01-11 03:10:37.137426+00:00,70B3D54991EB3BA5,ECHO #2,Echo,Crossden burn @ Greenford Farm,56.55409349771759,-2.7087453156770502,084700000de026ac0000,403.0,0.0,3.55,99.0,0
2023-01-11 03:26:20.320147+00:00,70B3D54991EB3BA5,ECHO #2,Echo,Crossden burn @ Greenford Farm,56.55409349771759,-2.7087453156770502,084900000de426ac0000,401.0,0.0,3.56,99.0,0
2023-01-11 03:42:04.375306+00:00,70B3D54991EB3BA5,ECHO #2,Echo,Crossden burn @ Greenford Farm,56.55409349771759,-2.7087453156770502,084600000de026ac0000,404.0,0.0,3.55,99.0,0
2023-01-11 03:57:46.365637+00:00,70B3D54991EB3BA5,ECHO #2,Echo,Crossden burn @ Greenford Farm,56.55409349771759,-2.7087453156770502,084600000dcc26ac0000,404.0,0.0,3.53,99.0,0
2023-01-11 04:13:28.951690+00:00,70B3D54991EB3BA5,ECHO #2,Echo,Crossden burn @ Greenford Farm,56.55409349771759,-2.7087453156770502,084500000dc826ac0000,405.0,0.0,3.53,99.0,0
2023-01-11 04:29:13.890758+00:00,70B3D54991EB3BA5,ECHO #2,Echo,Crossden burn @ Greenford Farm,56.55409349771759,-2.7087453156770502,084800000db026ac0000,402.0,0.0,3.5,99.0,0
2023-01-11 04:44:57.583862+00:00,70B3D54991EB3BA5,ECHO #2,Echo,Crossden burn @ Greenford Farm,56.55409349771759,-2.7087453156770502,084700000ddc26ac0000,403.0,0.0,3.55,99.0,0
2023-01-11 05:00:40.809710+00:00,70B3D54991EB3BA5,ECHO #2,Echo,Crossden burn @ Greenford Farm,56.55409349771759,-2.7087453156770502,084800000dcc26ac0000,402.0,0.0,3.53,99.0,0
2023-01-11 05:16:23.044457+00:00,70B3D54991EB3BA5,ECHO #2,Echo,Crossden burn @ Greenford Farm,56.55409349771759,-2.7087453156770502,084a00000ddc26ac0000,400.0,0.0,3.55,99.0,0
2023-01-11 05:32:04.712191+00:00,70B3D54991EB3BA5,ECHO #2,Echo,Crossden burn @ Greenford Farm,56.55409349771759,-2.7087453156770502,084900000de826ac0000,401.0,0.0,3.56,99.0,0
2023-01-11 06:03:29.222847+00:00,70B3D54991EB3BA5,ECHO #2,Echo,Crossden burn @ Greenford Farm,56.55409349771759,-2.7087453156770502,084c00000dd426ac0000,398.0,0.0,3.54,99.0,0
2023-01-11 06:19:11.186622+00:00,70B3D54991EB3BA5,ECHO #2,Echo,Crossden burn @ Greenford Farm,56.55409349771759,-2.7087453156770502,084f00000dcc26ac0000,395.0,0.0,3.53,99.0,0
2023-01-11 06:34:54.281612+00:00,70B3D54991EB3BA5,ECHO #2,Echo,Crossden burn @ Greenford Farm,56.55409349771759,-2.7087453156770502,085200000db426ac0000,392.0,0.0,3.51,99.0,0
2023-01-11 06:50:36.359653+00:00,70B3D54991EB3BA5,ECHO #2,Echo,Crossden burn @ Greenford Farm,56.55409349771759,-2.7087453156770502,085000000dd426ac0000,394.0,0.0,3.54,99.0,0
2023-01-11 07:06:18.273938+00:00,70B3D54991EB3BA5,ECHO #2,Echo,Crossden burn @ Greenford Farm,56.55409349771759,-2.7087453156770502,084d00000dd426ac0000,397.0,0.0,3.54,99.0,0
2023-01-11 07:22:01.076486+00:00,70B3D54991EB3BA5,ECHO #2,Echo,Crossden burn @ Greenford Farm,56.55409349771759,-2.7087453156770502,084d00000dc426ac0000,397.0,0.0,3.52,99.0,0
2023-01-11 07:37:43.036586+00:00,70B3D54991EB3BA5,ECHO #2,Echo,Crossden burn @ Greenford Farm,56.55409349771759,-2.7087453156770502,084f00000de026ac0000,395.0,0.0,3.55,99.0,0
2023-01-11 07:53:25.008917+00:00,70B3D54991EB3BA5,ECHO #2,Echo,Crossden burn @ Greenford Farm,56.55409349771759,-2.7087453156770502,084e00000db026ac0000,396.0,0.0,3.5,99.0,0
2023-01-11 08:09:06.789827+00:00,70B3D54991EB3BA5,ECHO #2,Echo,Crossden burn @ Greenford Farm,56.55409349771759,-2.7087453156770502,084d00000db026ac0000,397.0,0.0,3.5,99.0,0
2023-01-11 08:24:52.268409+00:00,70B3D54991EB3BA5,ECHO #2,Echo,Crossden burn @ Greenford Farm,56.55409349771759,-2.7087453156770502,085200000dcc26ac0000,392.0,0.0,3.53,99.0,0
2023-01-11 08:40:34.828367+00:00,70B3D54991EB3BA5,ECHO #2,Echo,Crossden burn @ Greenford Farm,56.55409349771759,-2.7087453156770502,085100000dc826ac0000,393.0,0.0,3.53,99.0,0
2023-01-11 08:56:16.941224+00:00,70B3D54991EB3BA5,ECHO #2,Echo,Crossden burn @ Greenford Farm,56.55409349771759,-2.7087453156770502,085100000dcc26ac0000,393.0,0.0,3.53,99.0,0
2023-01-11 09:12:00.204975+00:00,70B3D54991EB3BA5,ECHO #2,Echo,Crossden burn @ Greenford Farm,56.55409349771759,-2.7087453156770502,085000000dc826ac0000,394.0,0.0,3.53,99.0,0
2023-01-11 09:27:44.491874+00:00,70B3D54991EB3BA5,ECHO #2,Echo,Crossden burn @ Greenford Farm,56.55409349771759,-2.7087453156770502,085200000db026ac0000,392.0,0.0,3.5,99.0,0
2023-01-11 09:43:27.626897+00:00,70B3D54991EB3BA5,ECHO #2,Echo,Crossden burn @ Greenford Farm,56.55409349771759,-2.7087453156770502,085600000dd426ac0000,388.0,0.0,3.54,99.0,0
2023-01-11 10:14:51.129249+00:00,70B3D54991EB3BA5,ECHO #2,Echo,Crossden burn @ Greenford Farm,56.55409349771759,-2.7087453156770502,085400000d9026ac0000,390.0,0.0,3.47,99.0,0
2023-01-11 10:30:35.153114+00:00,70B3D54991EB3BA5,ECHO #2,Echo,Crossden burn @ Greenford Farm,56.55409349771759,-2.7087453156770502,085500000de026ac0000,389.0,0.0,3.55,99.0,0
2023-01-11 10:46:22.195891+00:00,70B3D54991EB3BA5,ECHO #2,Echo,Crossden burn @ Greenford Farm,56.55409349771759,-2.7087453156770502,085900000da426ac0000,385.0,0.0,3.49,99.0,0
2023-01-11 11:02:03.803382+00:00,70B3D54991EB3BA5,ECHO #2,Echo,Crossden burn @ Greenford Farm,56.55409349771759,-2.7087453156770502,085b00000dac26ac0000,383.0,0.0,3.5,99.0,0
2023-01-11 11:17:51.916295+00:00,70B3D54991EB3BA5,ECHO #2,Echo,Crossden burn @ Greenford Farm,56.55409349771759,-2.7087453156770502,086000000de026ac0000,378.0,0.0,3.55,99.0,0
2023-01-11 11:33:34.452542+00:00,70B3D54991EB3BA5,ECHO #2,Echo,Crossden burn @ Greenford Farm,56.55409349771759,-2.7087453156770502,086000000df826ac0000,378.0,0.0,3.58,99.0,0
2023-01-11 11:49:11.221183+00:00,70B3D54991EB3BA5,ECHO #2,Echo,Crossden burn @ Greenford Farm,56.55409349771759,-2.7087453156770502,085c00000d9026ac0000,382.0,0.0,3.47,99.0,0
2023-01-11 12:04:55.656958+00:00,70B3D54991EB3BA5,ECHO #2,Echo,Crossden burn @ Greenford Farm,56.55409349771759,-2.7087453156770502,085d00000db426ac0000,381.0,0.0,3.51,99.0,0
2023-01-11 12:20:39.730101+00:00,70B3D54991EB3BA5,ECHO #2,Echo,Crossden burn @ Greenford Farm,56.55409349771759,-2.7087453156770502,085e00000dec26ac0000,380.0,0.0,3.56,99.0,0
2023-01-11 12:36:22.621960+00:00,70B3D54991EB3BA5,ECHO #2,Echo,Crossden burn @ Greenford Farm,56.55409349771759,-2.7087453156770502,086000000dd826ac0000,378.0,0.0,3.54,99.0,0
2023-01-11 12:52:04.302117+00:00,70B3D54991EB3BA5,ECHO #2,Echo,Crossden burn @ Greenford Farm,56.55409349771759,-2.7087453156770502,085e00000d8826ac0000,380.0,0.0,3.46,99.0,0
2023-01-11 13:07:44.048282+00:00,70B3D54991EB3BA5,ECHO #2,Echo,Crossden burn @ Greenford Farm,56.55409349771759,-2.7087453156770502,085f00000d7c26ac0000,379.0,0.0,3.45,99.0,0
2023-01-11 13:23:27.872394+00:00,70B3D54991EB3BA5,ECHO #2,Echo,Crossden burn @ Greenford Farm,56.55409349771759,-2.7087453156770502,085d00000da426ac0000,381.0,0.0,3.49,99.0,0
2023-01-11 13:39:10.511301+00:00,70B3D54991EB3BA5,ECHO #2,Echo,Crossden burn @ Greenford Farm,56.55409349771759,-2.7087453156770502,085e00000ddc26ac0000,380.0,0.0,3.55,99.0,0
2023-01-11 13:54:52.047262+00:00,70B3D54991EB3BA5,ECHO #2,Echo,Crossden burn @ Greenford Farm,56.55409349771759,-2.7087453156770502,085c00000d8826ac0000,382.0,0.0,3.46,99.0,0
2023-01-11 14:10:33.086402+00:00,70B3D54991EB3BA5,ECHO #2,Echo,Crossden burn @ Greenford Farm,56.55409349771759,-2.7087453156770502,085c00000d9426ac0000,382.0,0.0,3.48,99.0,0
2023-01-11 14:26:14.728269+00:00,70B3D54991EB3BA5,ECHO #2,Echo,Crossden burn @ Greenford Farm,56.55409349771759,-2.7087453156770502,085f00000de026ac0000,379.0,0.0,3.55,99.0,0
2023-01-11 14:41:56.226990+00:00,70B3D54991EB3BA5,ECHO #2,Echo,Crossden burn @ Greenford Farm,56.55409349771759,-2.7087453156770502,085b00000db426ac0000,383.0,0.0,3.51,99.0,0
2023-01-11 14:57:38.580227+00:00,70B3D54991EB3BA5,ECHO #2,Echo,Crossden burn @ Greenford Farm,56.55409349771759,-2.7087453156770502,085c00000d7826ac0000,382.0,0.0,3.45,99.0,0
2023-01-11 15:13:20.245816+00:00,70B3D54991EB3BA5,ECHO #2,Echo,Crossden burn @ Greenford Farm,56.55409349771759,-2.7087453156770502,085e00000d6826ac0000,380.0,0.0,3.43,99.0,0
2023-01-11 15:29:02.448991+00:00,70B3D54991EB3BA5,ECHO #2,Echo,Crossden burn @ Greenford Farm,56.55409349771759,-2.7087453156770502,085d00000d7826ac0000,381.0,0.0,3.45,99.0,0
2023-01-11 15:44:44.175104+00:00,70B3D54991EB3BA5,ECHO #2,Echo,Crossden burn @ Greenford Farm,56.55409349771759,-2.7087453156770502,085e00000d6c26ac0000,380.0,0.0,3.44,99.0,0
2023-01-11 16:00:25.764691+00:00,70B3D54991EB3BA5,ECHO #2,Echo,Crossden burn @ Greenford Farm,56.55409349771759,-2.7087453156770502,085d00000d8026ac0000,381.0,0.0,3.46,99.0,0
2023-01-11 16:16:07.673978+00:00,70B3D54991EB3BA5,ECHO #2,Echo,Crossden burn @ Greenford Farm,56.55409349771759,-2.7087453156770502,085a00000d7426ac0000,384.0,0.0,3.44,99.0,0
2023-01-11 16:31:49.789218+00:00,70B3D54991EB3BA5,ECHO #2,Echo,Crossden burn @ Greenford Farm,56.55409349771759,-2.7087453156770502,085e00000d6026ac0000,380.0,0.0,3.42,99.0,0
2023-01-11 17:03:14.947585+00:00,70B3D54991EB3BA5,ECHO #2,Echo,Crossden burn @ Greenford Farm,56.55409349771759,-2.7087453156770502,085c00000dc026ac0000,382.0,0.0,3.52,99.0,0
2023-01-11 17:18:59.451354+00:00,70B3D54991EB3BA5,ECHO #2,Echo,Crossden burn @ Greenford Farm,56.55409349771759,-2.7087453156770502,085f00000db426ac0000,379.0,0.0,3.51,99.0,0
2023-01-11 17:34:41.522982+00:00,70B3D54991EB3BA5,ECHO #2,Echo,Crossden burn @ Greenford Farm,56.55409349771759,-2.7087453156770502,085f00000dcc26ac0000,379.0,0.0,3.53,99.0,0
2023-01-11 17:50:23.640305+00:00,70B3D54991EB3BA5,ECHO #2,Echo,Crossden burn @ Greenford Farm,56.55409349771759,-2.7087453156770502,085d00000d6026ac0000,381.0,0.0,3.42,99.0,0
2023-01-11 18:06:05.490612+00:00,70B3D54991EB3BA5,ECHO #2,Echo,Crossden burn @ Greenford Farm,56.55409349771759,-2.7087453156770502,086000000db426ac0000,378.0,0.0,3.51,99.0,0
2023-01-11 18:21:50.748293+00:00,70B3D54991EB3BA5,ECHO #2,Echo,Crossden burn @ Greenford Farm,56.55409349771759,-2.7087453156770502,085e00000db426ac0000,380.0,0.0,3.51,99.0,0
2023-01-11 18:37:33.547309+00:00,70B3D54991EB3BA5,ECHO #2,Echo,Crossden burn @ Greenford Farm,56.55409349771759,-2.7087453156770502,085e00000d8826ac0000,380.0,0.0,3.46,99.0,0
2023-01-11 18:53:15.882680+00:00,70B3D54991EB3BA5,ECHO #2,Echo,Crossden burn @ Greenford Farm,56.55409349771759,-2.7087453156770502,086100000db426ac0000,377.0,0.0,3.51,99.0,0
2023-01-11 19:08:58.551074+00:00,70B3D54991EB3BA5,ECHO #2,Echo,Crossden burn @ Greenford Farm,56.55409349771759,-2.7087453156770502,086000000d6c26ac0000,378.0,0.0,3.44,99.0,0
2023-01-11 19:24:41.030223+00:00,70B3D54991EB3BA5,ECHO #2,Echo,Crossden burn @ Greenford Farm,56.55409349771759,-2.7087453156770502,086100000d8c26ac0000,377.0,0.0,3.47,99.0,0
2023-01-11 19:40:22.828623+00:00,70B3D54991EB3BA5,ECHO #2,Echo,Crossden burn @ Greenford Farm,56.55409349771759,-2.7087453156770502,086000000d7426ac0000,378.0,0.0,3.44,99.0,0
2023-01-11 19:56:04.751255+00:00,70B3D54991EB3BA5,ECHO #2,Echo,Crossden burn @ Greenford Farm,56.55409349771759,-2.7087453156770502,086100000dc426ac0000,377.0,0.0,3.52,99.0,0
2023-01-11 20:11:46.886559+00:00,70B3D54991EB3BA5,ECHO #2,Echo,Crossden burn @ Greenford Farm,56.55409349771759,-2.7087453156770502,086000000da426ac0000,378.0,0.0,3.49,99.0,0
2023-01-11 20:27:29.475147+00:00,70B3D54991EB3BA5,ECHO #2,Echo,Crossden burn @ Greenford Farm,56.55409349771759,-2.7087453156770502,086100000d9026ac0000,377.0,0.0,3.47,99.0,0
2023-01-11 20:43:11.591988+00:00,70B3D54991EB3BA5,ECHO #2,Echo,Crossden burn @ Greenford Farm,56.55409349771759,-2.7087453156770502,086300000d7826ac0000,375.0,0.0,3.45,99.0,0
2023-01-11 20:58:54.025789+00:00,70B3D54991EB3BA5,ECHO #2,Echo,Crossden burn @ Greenford Farm,56.55409349771759,-2.7087453156770502,086100000dcc26ac0000,377.0,0.0,3.53,99.0,0
2023-01-11 21:14:35.781576+00:00,70B3D54991EB3BA5,ECHO #2,Echo,Crossden burn @ Greenford Farm,56.55409349771759,-2.7087453156770502,086100000dc826ac0000,377.0,0.0,3.53,99.0,0
2023-01-11 21:30:18.630950+00:00,70B3D54991EB3BA5,ECHO #2,Echo,Crossden burn @ Greenford Farm,56.55409349771759,-2.7087453156770502,085e00000de426ac0000,380.0,0.0,3.56,99.0,0
2023-01-11 21:46:01.563449+00:00,70B3D54991EB3BA5,ECHO #2,Echo,Crossden burn @ Greenford Farm,56.55409349771759,-2.7087453156770502,085a00000de826ac0000,384.0,0.0,3.56,99.0,0
2023-01-11 22:01:47.417725+00:00,70B3D54991EB3BA5,ECHO #2,Echo,Crossden burn @ Greenford Farm,56.55409349771759,-2.7087453156770502,086000000dac26ac0000,378.0,0.0,3.5,99.0,0
2023-01-11 22:17:29.959903+00:00,70B3D54991EB3BA5,ECHO #2,Echo,Crossden burn @ Greenford Farm,56.55409349771759,-2.7087453156770502,086000000dd026ac0000,378.0,0.0,3.54,99.0,0
2023-01-11 22:33:12.431646+00:00,70B3D54991EB3BA5,ECHO #2,Echo,Crossden burn @ Greenford Farm,56.55409349771759,-2.7087453156770502,086100000dc026ac0000,377.0,0.0,3.52,99.0,0
2023-01-11 22:48:56.764714+00:00,70B3D54991EB3BA5,ECHO #2,Echo,Crossden burn @ Greenford Farm,56.55409349771759,-2.7087453156770502,086000000da826ac0000,378.0,0.0,3.5,99.0,0
2023-01-11 23:04:39.082264+00:00,70B3D54991EB3BA5,ECHO #2,Echo,Crossden burn @ Greenford Farm,56.55409349771759,-2.7087453156770502,086100000dd826ac0000,377.0,0.0,3.54,99.0,0
2023-01-11 23:20:25.364895+00:00,70B3D54991EB3BA5,ECHO #2,Echo,Crossden burn @ Greenford Farm,56.55409349771759,-2.7087453156770502,085c00000d8c26ac0000,382.0,0.0,3.47,99.0,0
2023-01-11 23:36:10.060821+00:00,70B3D54991EB3BA5,ECHO #2,Echo,Crossden burn @ Greenford Farm,56.55409349771759,-2.7087453156770502,085b00000dc426ac0000,383.0,0.0,3.52,99.0,0
2023-01-11 23:51:52.229087+00:00,70B3D54991EB3BA5,ECHO #2,Echo,Crossden burn @ Greenford Farm,56.55409349771759,-2.7087453156770502,085d00000dc826ac0000,381.0,0.0,3.53,99.0,0
2023-01-12 00:07:34.682280+00:00,70B3D54991EB3BA5,ECHO #2,Echo,Crossden burn @ Greenford Farm,56.55409349771759,-2.7087453156770502,085d00000d9c26ac0000,381.0,0.0,3.48,99.0,0
2023-01-12 00:23:16.661076+00:00,70B3D54991EB3BA5,ECHO #2,Echo,Crossden burn @ Greenford Farm,56.55409349771759,-2.7087453156770502,085d00000de026ac0000,381.0,0.0,3.55,99.0,0
2023-01-12 00:38:58.630124+00:00,70B3D54991EB3BA5,ECHO #2,Echo,Crossden burn @ Greenford Farm,56.55409349771759,-2.7087453156770502,086100000d9026ac0000,377.0,0.0,3.47,99.0,0
2023-01-12 00:54:43.010691+00:00,70B3D54991EB3BA5,ECHO #2,Echo,Crossden burn @ Greenford Farm,56.55409349771759,-2.7087453156770502,086000000da026ac0000,378.0,0.0,3.49,99.0,0
2023-01-12 01:10:25.100844+00:00,70B3D54991EB3BA5,ECHO #2,Echo,Crossden burn @ Greenford Farm,56.55409349771759,-2.7087453156770502,086400000dc826ac0000,374.0,0.0,3.53,99.0,0
2023-01-12 01:26:09.503268+00:00,70B3D54991EB3BA5,ECHO #2,Echo,Crossden burn @ Greenford Farm,56.55409349771759,-2.7087453156770502,086000000dd826ac0000,378.0,0.0,3.54,99.0,0
2023-01-12 01:41:52.005941+00:00,70B3D54991EB3BA5,ECHO #2,Echo,Crossden burn @ Greenford Farm,56.55409349771759,-2.7087453156770502,085d00000d9c26ac0000,381.0,0.0,3.48,99.0,0
2023-01-12 01:57:35.082323+00:00,70B3D54991EB3BA5,ECHO #2,Echo,Crossden burn @ Greenford Farm,56.55409349771759,-2.7087453156770502,085c00000ddc26ac0000,382.0,0.0,3.55,99.0,0
2023-01-12 02:13:20.765266+00:00,70B3D54991EB3BA5,ECHO #2,Echo,Crossden burn @ Greenford Farm,56.55409349771759,-2.7087453156770502,086100000d9426ac0000,377.0,0.0,3.48,99.0,0
2023-01-12 02:29:02.573841+00:00,70B3D54991EB3BA5,ECHO #2,Echo,Crossden burn @ Greenford Farm,56.55409349771759,-2.7087453156770502,086300000de826ac0000,375.0,0.0,3.56,99.0,0
2023-01-12 02:44:44.655430+00:00,70B3D54991EB3BA5,ECHO #2,Echo,Crossden burn @ Greenford Farm,56.55409349771759,-2.7087453156770502,086000000de026ac0000,378.0,0.0,3.55,99.0,0
2023-01-12 03:16:08.749817+00:00,70B3D54991EB3BA5,ECHO #2,Echo,Crossden burn @ Greenford Farm,56.55409349771759,-2.7087453156770502,086300000da426ac0000,375.0,0.0,3.49,99.0,0
2023-01-12 03:31:50.934169+00:00,70B3D54991EB3BA5,ECHO #2,Echo,Crossden burn @ Greenford Farm,56.55409349771759,-2.7087453156770502,086100000dcc26ac0000,377.0,0.0,3.53,99.0,0
2023-01-12 03:47:32.688489+00:00,70B3D54991EB3BA5,ECHO #2,Echo,Crossden burn @ Greenford Farm,56.55409349771759,-2.7087453156770502,086100000d9c26ac0000,377.0,0.0,3.48,99.0,0
2023-01-12 04:03:15.256536+00:00,70B3D54991EB3BA5,ECHO #2,Echo,Crossden burn @ Greenford Farm,56.55409349771759,-2.7087453156770502,086300000dd426ac0000,375.0,0.0,3.54,99.0,0
2023-01-12 04:18:57.382556+00:00,70B3D54991EB3BA5,ECHO #2,Echo,Crossden burn @ Greenford Farm,56.55409349771759,-2.7087453156770502,086100000dc426ac0000,377.0,0.0,3.52,99.0,0
2023-01-12 04:34:40.216612+00:00,70B3D54991EB3BA5,ECHO #2,Echo,Crossden burn @ Greenford Farm,56.55409349771759,-2.7087453156770502,086300000ddc26ac0000,375.0,0.0,3.55,99.0,0
2023-01-12 04:50:22.181897+00:00,70B3D54991EB3BA5,ECHO #2,Echo,Crossden burn @ Greenford Farm,56.55409349771759,-2.7087453156770502,086400000d9c26ac0000,374.0,0.0,3.48,99.0,0
2023-01-12 05:06:03.619719+00:00,70B3D54991EB3BA5,ECHO #2,Echo,Crossden burn @ Greenford Farm,56.55409349771759,-2.7087453156770502,086200000d9c26ac0000,376.0,0.0,3.48,99.0,0
2023-01-12 05:21:45.594183+00:00,70B3D54991EB3BA5,ECHO #2,Echo,Crossden burn @ Greenford Farm,56.55409349771759,-2.7087453156770502,086000000da026ac0000,378.0,0.0,3.49,99.0,0
2023-01-12 05:37:28.465560+00:00,70B3D54991EB3BA5,ECHO #2,Echo,Crossden burn @ Greenford Farm,56.55409349771759,-2.7087453156770502,086100000dc826ac0000,377.0,0.0,3.53,99.0,0
2023-01-12 05:53:10.437797+00:00,70B3D54991EB3BA5,ECHO #2,Echo,Crossden burn @ Greenford Farm,56.55409349771759,-2.7087453156770502,086400000da026ac0000,374.0,0.0,3.49,99.0,0
2023-01-12 06:08:52.568571+00:00,70B3D54991EB3BA5,ECHO #2,Echo,Crossden burn @ Greenford Farm,56.55409349771759,-2.7087453156770502,086400000db426ac0000,374.0,0.0,3.51,99.0,0
2023-01-12 06:24:34.696359+00:00,70B3D54991EB3BA5,ECHO #2,Echo,Crossden burn @ Greenford Farm,56.55409349771759,-2.7087453156770502,086700000dcc26ac0000,371.0,0.0,3.53,99.0,0
2023-01-12 06:40:20.108905+00:00,70B3D54991EB3BA5,ECHO #2,Echo,Crossden burn @ Greenford Farm,56.55409349771759,-2.7087453156770502,086100000d9026ac0000,377.0,0.0,3.47,99.0,0
2023-01-12 07:11:45.303187+00:00,70B3D54991EB3BA5,ECHO #2,Echo,Crossden burn @ Greenford Farm,56.55409349771759,-2.7087453156770502,086800000d9026ac0000,370.0,0.0,3.47,99.0,0
2023-01-12 07:27:27.294772+00:00,70B3D54991EB3BA5,ECHO #2,Echo,Crossden burn @ Greenford Farm,56.55409349771759,-2.7087453156770502,086800000da826ac0000,370.0,0.0,3.5,99.0,0
2023-01-12 07:43:10.402195+00:00,70B3D54991EB3BA5,ECHO #2,Echo,Crossden burn @ Greenford Farm,56.55409349771759,-2.7087453156770502,086600000d9c26ac0000,372.0,0.0,3.48,99.0,0
2023-01-12 07:58:53.016084+00:00,70B3D54991EB3BA5,ECHO #2,Echo,Crossden burn @ Greenford Farm,56.55409349771759,-2.7087453156770502,086600000da026ac0000,372.0,0.0,3.49,99.0,0
2023-01-12 08:30:20.684030+00:00,70B3D54991EB3BA5,ECHO #2,Echo,Crossden burn @ Greenford Farm,56.55409349771759,-2.7087453156770502,086900000dcc26ac0000,369.0,0.0,3.53,99.0,0
2023-01-12 08:46:03.446095+00:00,70B3D54991EB3BA5,ECHO #2,Echo,Crossden burn @ Greenford Farm,56.55409349771759,-2.7087453156770502,086600000dac26ac0000,372.0,0.0,3.5,99.0,0
2023-01-12 09:01:46.610835+00:00,70B3D54991EB3BA5,ECHO #2,Echo,Crossden burn @ Greenford Farm,56.55409349771759,-2.7087453156770502,086900000dd826ac0000,369.0,0.0,3.54,99.0,0
2023-01-12 09:17:29.197816+00:00,70B3D54991EB3BA5,ECHO #2,Echo,Crossden burn @ Greenford Farm,56.55409349771759,-2.7087453156770502,086500000db426ac0000,373.0,0.0,3.51,99.0,0
2023-01-12 09:33:12.023292+00:00,70B3D54991EB3BA5,ECHO #2,Echo,Crossden burn @ Greenford Farm,56.55409349771759,-2.7087453156770502,086700000dcc26ac0000,371.0,0.0,3.53,99.0,0
2023-01-12 09:48:58.815752+00:00,70B3D54991EB3BA5,ECHO #2,Echo,Crossden burn @ Greenford Farm,56.55409349771759,-2.7087453156770502,086900000de426ac0000,369.0,0.0,3.56,99.0,0
2023-01-12 10:04:43.719677+00:00,70B3D54991EB3BA5,ECHO #2,Echo,Crossden burn @ Greenford Farm,56.55409349771759,-2.7087453156770502,086600000dd826ac0000,372.0,0.0,3.54,99.0,0
2023-01-12 10:20:26.239766+00:00,70B3D54991EB3BA5,ECHO #2,Echo,Crossden burn @ Greenford Farm,56.55409349771759,-2.7087453156770502,086a00000ddc26ac0000,368.0,0.0,3.55,99.0,0
2023-01-12 10:36:09.676304+00:00,70B3D54991EB3BA5,ECHO #2,Echo,Crossden burn @ Greenford Farm,56.55409349771759,-2.7087453156770502,086700000da026ac0000,371.0,0.0,3.49,99.0,0
2023-01-12 10:51:51.762286+00:00,70B3D54991EB3BA5,ECHO #2,Echo,Crossden burn @ Greenford Farm,56.55409349771759,-2.7087453156770502,086500000de026ac0000,373.0,0.0,3.55,99.0,0
2023-01-12 11:07:34.498336+00:00,70B3D54991EB3BA5,ECHO #2,Echo,Crossden burn @ Greenford Farm,56.55409349771759,-2.7087453156770502,086600000dc426ac0000,372.0,0.0,3.52,99.0,0
2023-01-12 11:23:18.531651+00:00,70B3D54991EB3BA5,ECHO #2,Echo,Crossden burn @ Greenford Farm,56.55409349771759,-2.7087453156770502,086500000dd426ac0000,373.0,0.0,3.54,99.0,0
2023-01-12 11:39:01.062201+00:00,70B3D54991EB3BA5,ECHO #2,Echo,Crossden burn @ Greenford Farm,56.55409349771759,-2.7087453156770502,086600000dcc26ac0000,372.0,0.0,3.53,99.0,0
2023-01-12 11:54:42.299097+00:00,70B3D54991EB3BA5,ECHO #2,Echo,Crossden burn @ Greenford Farm,56.55409349771759,-2.7087453156770502,086400000dd426ac0000,374.0,0.0,3.54,99.0,0
2023-01-12 12:10:24.762327+00:00,70B3D54991EB3BA5,ECHO #2,Echo,Crossden burn @ Greenford Farm,56.55409349771759,-2.7087453156770502,086600000db026ac0000,372.0,0.0,3.5,99.0,0
2023-01-12 12:26:09.234694+00:00,70B3D54991EB3BA5,ECHO #2,Echo,Crossden burn @ Greenford Farm,56.55409349771759,-2.7087453156770502,086200000db026ac0000,376.0,0.0,3.5,99.0,0
2023-01-12 12:41:52.180220+00:00,70B3D54991EB3BA5,ECHO #2,Echo,Crossden burn @ Greenford Farm,56.55409349771759,-2.7087453156770502,086100000dd826ac0000,377.0,0.0,3.54,99.0,0
2023-01-12 12:57:36.224933+00:00,70B3D54991EB3BA5,ECHO #2,Echo,Crossden burn @ Greenford Farm,56.55409349771759,-2.7087453156770502,085e00000dc426ac0000,380.0,0.0,3.52,99.0,0
2023-01-12 13:13:24.364604+00:00,70B3D54991EB3BA5,ECHO #2,Echo,Crossden burn @ Greenford Farm,56.55409349771759,-2.7087453156770502,086400000db026ac0000,374.0,0.0,3.5,99.0,0
2023-01-12 13:29:07.610030+00:00,70B3D54991EB3BA5,ECHO #2,Echo,Crossden burn @ Greenford Farm,56.55409349771759,-2.7087453156770502,085c00000db026ac0000,382.0,0.0,3.5,99.0,0
2023-01-12 13:44:50.000036+00:00,70B3D54991EB3BA5,ECHO #2,Echo,Crossden burn @ Greenford Farm,56.55409349771759,-2.7087453156770502,085f00000dd426ac0000,379.0,0.0,3.54,99.0,0
2023-01-12 14:00:32.002162+00:00,70B3D54991EB3BA5,ECHO #2,Echo,Crossden burn @ Greenford Farm,56.55409349771759,-2.7087453156770502,085b00000da826ac0000,383.0,0.0,3.5,99.0,0
2023-01-12 14:16:14.371795+00:00,70B3D54991EB3BA5,ECHO #2,Echo,Crossden burn @ Greenford Farm,56.55409349771759,-2.7087453156770502,085b00000df426ac0000,383.0,0.0,3.57,99.0,0
2023-01-12 14:31:57.439914+00:00,70B3D54991EB3BA5,ECHO #2,Echo,Crossden burn @ Greenford Farm,56.55409349771759,-2.7087453156770502,085f00000dd026ac0000,379.0,0.0,3.54,99.0,0
2023-01-12 14:47:40.403349+00:00,70B3D54991EB3BA5,ECHO #2,Echo,Crossden burn @ Greenford Farm,56.55409349771759,-2.7087453156770502,085c00000ddc26ac0000,382.0,0.0,3.55,99.0,0
2023-01-12 15:03:23.211085+00:00,70B3D54991EB3BA5,ECHO #2,Echo,Crossden burn @ Greenford Farm,56.55409349771759,-2.7087453156770502,085a00000db026ac0000,384.0,0.0,3.5,99.0,0
2023-01-12 15:19:05.290945+00:00,70B3D54991EB3BA5,ECHO #2,Echo,Crossden burn @ Greenford Farm,56.55409349771759,-2.7087453156770502,085c00000dcc26ac0000,382.0,0.0,3.53,99.0,0
2023-01-12 15:34:47.327029+00:00,70B3D54991EB3BA5,ECHO #2,Echo,Crossden burn @ Greenford Farm,56.55409349771759,-2.7087453156770502,085e00000dcc26ac0000,380.0,0.0,3.53,99.0,0
2023-01-12 15:50:29.871196+00:00,70B3D54991EB3BA5,ECHO #2,Echo,Crossden burn @ Greenford Farm,56.55409349771759,-2.7087453156770502,085a00000de426ac0000,384.0,0.0,3.56,99.0,0
2023-01-12 16:06:12.006309+00:00,70B3D54991EB3BA5,ECHO #2,Echo,Crossden burn @ Greenford Farm,56.55409349771759,-2.7087453156770502,085a00000dd826ac0000,384.0,0.0,3.54,99.0,0
2023-01-12 16:21:54.846610+00:00,70B3D54991EB3BA5,ECHO #2,Echo,Crossden burn @ Greenford Farm,56.55409349771759,-2.7087453156770502,085700000de026ac0000,387.0,0.0,3.55,99.0,0
2023-01-12 16:37:36.624067+00:00,70B3D54991EB3BA5,ECHO #2,Echo,Crossden burn @ Greenford Farm,56.55409349771759,-2.7087453156770502,085b00000de026ac0000,383.0,0.0,3.55,99.0,0
2023-01-12 16:53:19.043188+00:00,70B3D54991EB3BA5,ECHO #2,Echo,Crossden burn @ Greenford Farm,56.55409349771759,-2.7087453156770502,085c00000da426ac0000,382.0,0.0,3.49,99.0,0
2023-01-12 17:09:01.651807+00:00,70B3D54991EB3BA5,ECHO #2,Echo,Crossden burn @ Greenford Farm,56.55409349771759,-2.7087453156770502,085d00000da826ac0000,381.0,0.0,3.5,99.0,0
2023-01-12 17:40:26.727465+00:00,70B3D54991EB3BA5,ECHO #2,Echo,Crossden burn @ Greenford Farm,56.55409349771759,-2.7087453156770502,085b00000de026ac0000,383.0,0.0,3.55,99.0,0
2023-01-12 17:56:08.753593+00:00,70B3D54991EB3BA5,ECHO #2,Echo,Crossden burn @ Greenford Farm,56.55409349771759,-2.7087453156770502,085e00000da426ac0000,380.0,0.0,3.49,99.0,0
2023-01-12 18:11:51.304766+00:00,70B3D54991EB3BA5,ECHO #2,Echo,Crossden burn @ Greenford Farm,56.55409349771759,-2.7087453156770502,085e00000da426ac0000,380.0,0.0,3.49,99.0,0
2023-01-12 18:27:33.425940+00:00,70B3D54991EB3BA5,ECHO #2,Echo,Crossden burn @ Greenford Farm,56.55409349771759,-2.7087453156770502,085d00000dc426ac0000,381.0,0.0,3.52,99.0,0
2023-01-12 18:43:15.306390+00:00,70B3D54991EB3BA5,ECHO #2,Echo,Crossden burn @ Greenford Farm,56.55409349771759,-2.7087453156770502,085b00000dc426ac0000,383.0,0.0,3.52,99.0,0
2023-01-12 18:58:57.777021+00:00,70B3D54991EB3BA5,ECHO #2,Echo,Crossden burn @ Greenford Farm,56.55409349771759,-2.7087453156770502,085b00000dd826ac0000,383.0,0.0,3.54,99.0,0
2023-01-12 19:14:43.200061+00:00,70B3D54991EB3BA5,ECHO #2,Echo,Crossden burn @ Greenford Farm,56.55409349771759,-2.7087453156770502,085e00000de826ac0000,380.0,0.0,3.56,99.0,0
2023-01-12 19:30:26.091793+00:00,70B3D54991EB3BA5,ECHO #2,Echo,Crossden burn @ Greenford Farm,56.55409349771759,-2.7087453156770502,085b00000db426ac0000,383.0,0.0,3.51,99.0,0
2023-01-12 20:01:51.754386+00:00,70B3D54991EB3BA5,ECHO #2,Echo,Crossden burn @ Greenford Farm,56.55409349771759,-2.7087453156770502,085b00000dc426ac0000,383.0,0.0,3.52,99.0,0
2023-01-12 20:17:34.542918+00:00,70B3D54991EB3BA5,ECHO #2,Echo,Crossden burn @ Greenford Farm,56.55409349771759,-2.7087453156770502,085a00000de826ac0000,384.0,0.0,3.56,99.0,0
2023-01-12 20:33:17.177630+00:00,70B3D54991EB3BA5,ECHO #2,Echo,Crossden burn @ Greenford Farm,56.55409349771759,-2.7087453156770502,085c00000dd426ac0000,382.0,0.0,3.54,99.0,0
2023-01-12 20:49:00.035137+00:00,70B3D54991EB3BA5,ECHO #2,Echo,Crossden burn @ Greenford Farm,56.55409349771759,-2.7087453156770502,085c00000db026ac0000,382.0,0.0,3.5,99.0,0
2023-01-12 21:04:43.095139+00:00,70B3D54991EB3BA5,ECHO #2,Echo,Crossden burn @ Greenford Farm,56.55409349771759,-2.7087453156770502,085a00000dcc26ac0000,384.0,0.0,3.53,99.0,0
2023-01-12 21:20:25.112374+00:00,70B3D54991EB3BA5,ECHO #2,Echo,Crossden burn @ Greenford Farm,56.55409349771759,-2.7087453156770502,085c00000de426ac0000,382.0,0.0,3.56,99.0,0
2023-01-12 21:36:08.026357+00:00,70B3D54991EB3BA5,ECHO #2,Echo,Crossden burn @ Greenford Farm,56.55409349771759,-2.7087453156770502,085a00000dac26ac0000,384.0,0.0,3.5,99.0,0
2023-01-12 21:51:49.530100+00:00,70B3D54991EB3BA5,ECHO #2,Echo,Crossden burn @ Greenford Farm,56.55409349771759,-2.7087453156770502,085b00000dc426ac0000,383.0,0.0,3.52,99.0,0
2023-01-12 22:23:14.154171+00:00,70B3D54991EB3BA5,ECHO #2,Echo,Crossden burn @ Greenford Farm,56.55409349771759,-2.7087453156770502,085d00000dd026ac0000,381.0,0.0,3.54,99.0,0
2023-01-12 22:38:56.592631+00:00,70B3D54991EB3BA5,ECHO #2,Echo,Crossden burn @ Greenford Farm,56.55409349771759,-2.7087453156770502,085c00000db426ac0000,382.0,0.0,3.51,99.0,0
2023-01-12 22:54:38.566879+00:00,70B3D54991EB3BA5,ECHO #2,Echo,Crossden burn @ Greenford Farm,56.55409349771759,-2.7087453156770502,085f00000db026ac0000,379.0,0.0,3.5,99.0,0
2023-01-12 23:10:21.740256+00:00,70B3D54991EB3BA5,ECHO #2,Echo,Crossden burn @ Greenford Farm,56.55409349771759,-2.7087453156770502,085e00000da826ac0000,380.0,0.0,3.5,99.0,0
2023-01-12 23:26:04.293216+00:00,70B3D54991EB3BA5,ECHO #2,Echo,Crossden burn @ Greenford Farm,56.55409349771759,-2.7087453156770502,085a00000ddc26ac0000,384.0,0.0,3.55,99.0,0
2023-01-12 23:41:46.911942+00:00,70B3D54991EB3BA5,ECHO #2,Echo,Crossden burn @ Greenford Farm,56.55409349771759,-2.7087453156770502,085e00000ddc26ac0000,380.0,0.0,3.55,99.0,0
2023-01-12 23:57:29.885820+00:00,70B3D54991EB3BA5,ECHO #2,Echo,Crossden burn @ Greenford Farm,56.55409349771759,-2.7087453156770502,085a00000de826ac0000,384.0,0.0,3.56,99.0,0
2023-01-13 00:13:15.090620+00:00,70B3D54991EB3BA5,ECHO #2,Echo,Crossden burn @ Greenford Farm,56.55409349771759,-2.7087453156770502,085e00000dc826ac0000,380.0,0.0,3.53,99.0,0
2023-01-13 00:28:57.269932+00:00,70B3D54991EB3BA5,ECHO #2,Echo,Crossden burn @ Greenford Farm,56.55409349771759,-2.7087453156770502,085d00000dc426ac0000,381.0,0.0,3.52,99.0,0
2023-01-13 00:44:39.763123+00:00,70B3D54991EB3BA5,ECHO #2,Echo,Crossden burn @ Greenford Farm,56.55409349771759,-2.7087453156770502,085d00000dcc26ac0000,381.0,0.0,3.53,99.0,0
2023-01-13 01:00:21.730384+00:00,70B3D54991EB3BA5,ECHO #2,Echo,Crossden burn @ Greenford Farm,56.55409349771759,-2.7087453156770502,085d00000de826ac0000,381.0,0.0,3.56,99.0,0
2023-01-13 01:16:04.314027+00:00,70B3D54991EB3BA5,ECHO #2,Echo,Crossden burn @ Greenford Farm,56.55409349771759,-2.7087453156770502,085f00000db026ac0000,379.0,0.0,3.5,99.0,0
2023-01-13 01:31:47.263472+00:00,70B3D54991EB3BA5,ECHO #2,Echo,Crossden burn @ Greenford Farm,56.55409349771759,-2.7087453156770502,085c00000dd826ac0000,382.0,0.0,3.54,99.0,0
2023-01-13 01:47:29.319795+00:00,70B3D54991EB3BA5,ECHO #2,Echo,Crossden burn @ Greenford Farm,56.55409349771759,-2.7087453156770502,085a00000db026ac0000,384.0,0.0,3.5,99.0,0
2023-01-13 02:03:14.603588+00:00,70B3D54991EB3BA5,ECHO #2,Echo,Crossden burn @ Greenford Farm,56.55409349771759,-2.7087453156770502,085e00000dd826ac0000,380.0,0.0,3.54,99.0,0
2023-01-13 02:18:56.925670+00:00,70B3D54991EB3BA5,ECHO #2,Echo,Crossden burn @ Greenford Farm,56.55409349771759,-2.7087453156770502,085c00000db026ac0000,382.0,0.0,3.5,99.0,0
2023-01-13 02:34:39.121629+00:00,70B3D54991EB3BA5,ECHO #2,Echo,Crossden burn @ Greenford Farm,56.55409349771759,-2.7087453156770502,086000000dd026ac0000,378.0,0.0,3.54,99.0,0
2023-01-13 02:50:21.860729+00:00,70B3D54991EB3BA5,ECHO #2,Echo,Crossden burn @ Greenford Farm,56.55409349771759,-2.7087453156770502,085d00000dd026ac0000,381.0,0.0,3.54,99.0,0
2023-01-13 03:06:04.610754+00:00,70B3D54991EB3BA5,ECHO #2,Echo,Crossden burn @ Greenford Farm,56.55409349771759,-2.7087453156770502,085b00000dd026ac0000,383.0,0.0,3.54,99.0,0
2023-01-13 03:21:46.868615+00:00,70B3D54991EB3BA5,ECHO #2,Echo,Crossden burn @ Greenford Farm,56.55409349771759,-2.7087453156770502,085f00000db026ac0000,379.0,0.0,3.5,99.0,0
2023-01-13 03:37:29.436354+00:00,70B3D54991EB3BA5,ECHO #2,Echo,Crossden burn @ Greenford Farm,56.55409349771759,-2.7087453156770502,085f00000dc426ac0000,379.0,0.0,3.52,99.0,0
2023-01-13 03:53:14.243371+00:00,70B3D54991EB3BA5,ECHO #2,Echo,Crossden burn @ Greenford Farm,56.55409349771759,-2.7087453156770502,085f00000dd426ac0000,379.0,0.0,3.54,99.0,0
2023-01-13 04:08:56.751729+00:00,70B3D54991EB3BA5,ECHO #2,Echo,Crossden burn @ Greenford Farm,56.55409349771759,-2.7087453156770502,085e00000dd026ac0000,380.0,0.0,3.54,99.0,0
2023-01-13 04:24:40.838195+00:00,70B3D54991EB3BA5,ECHO #2,Echo,Crossden burn @ Greenford Farm,56.55409349771759,-2.7087453156770502,085f00000de026ac0000,379.0,0.0,3.55,99.0,0
2023-01-13 04:40:24.823023+00:00,70B3D54991EB3BA5,ECHO #2,Echo,Crossden burn @ Greenford Farm,56.55409349771759,-2.7087453156770502,085f00000db426ac0000,379.0,0.0,3.51,99.0,0
2023-01-13 04:56:08.129645+00:00,70B3D54991EB3BA5,ECHO #2,Echo,Crossden burn @ Greenford Farm,56.55409349771759,-2.7087453156770502,086200000de826ac0000,376.0,0.0,3.56,99.0,0
2023-01-13 05:11:50.309300+00:00,70B3D54991EB3BA5,ECHO #2,Echo,Crossden burn @ Greenford Farm,56.55409349771759,-2.7087453156770502,086500000dcc26ac0000,373.0,0.0,3.53,99.0,0
2023-01-13 05:27:32.176429+00:00,70B3D54991EB3BA5,ECHO #2,Echo,Crossden burn @ Greenford Farm,56.55409349771759,-2.7087453156770502,086400000ddc26ac0000,374.0,0.0,3.55,99.0,0
2023-01-13 05:43:14.156111+00:00,70B3D54991EB3BA5,ECHO #2,Echo,Crossden burn @ Greenford Farm,56.55409349771759,-2.7087453156770502,086200000de026ac0000,376.0,0.0,3.55,99.0,0
2023-01-13 05:58:57.882484+00:00,70B3D54991EB3BA5,ECHO #2,Echo,Crossden burn @ Greenford Farm,56.55409349771759,-2.7087453156770502,086000000de026ac0000,378.0,0.0,3.55,99.0,0
2023-01-13 06:14:40.421173+00:00,70B3D54991EB3BA5,ECHO #2,Echo,Crossden burn @ Greenford Farm,56.55409349771759,-2.7087453156770502,086400000ddc26ac0000,374.0,0.0,3.55,99.0,0
2023-01-13 06:30:23.349498+00:00,70B3D54991EB3BA5,ECHO #2,Echo,Crossden burn @ Greenford Farm,56.55409349771759,-2.7087453156770502,086100000de426ac0000,377.0,0.0,3.56,99.0,0
2023-01-13 06:46:06.019251+00:00,70B3D54991EB3BA5,ECHO #2,Echo,Crossden burn @ Greenford Farm,56.55409349771759,-2.7087453156770502,086500000db026ac0000,373.0,0.0,3.5,99.0,0
2023-01-13 07:17:31.449662+00:00,70B3D54991EB3BA5,ECHO #2,Echo,Crossden burn @ Greenford Farm,56.55409349771759,-2.7087453156770502,086600000dc426ac0000,372.0,0.0,3.52,99.0,0
2023-01-13 07:33:14.045898+00:00,70B3D54991EB3BA5,ECHO #2,Echo,Crossden burn @ Greenford Farm,56.55409349771759,-2.7087453156770502,086400000dd826ac0000,374.0,0.0,3.54,99.0,0
2023-01-13 07:48:56.861330+00:00,70B3D54991EB3BA5,ECHO #2,Echo,Crossden burn @ Greenford Farm,56.55409349771759,-2.7087453156770502,086500000db426ac0000,373.0,0.0,3.51,99.0,0
2023-01-13 08:04:41.601815+00:00,70B3D54991EB3BA5,ECHO #2,Echo,Crossden burn @ Greenford Farm,56.55409349771759,-2.7087453156770502,086800000db426ac0000,370.0,0.0,3.51,99.0,0
2023-01-13 08:20:24.509146+00:00,70B3D54991EB3BA5,ECHO #2,Echo,Crossden burn @ Greenford Farm,56.55409349771759,-2.7087453156770502,086800000dc826ac0000,370.0,0.0,3.53,99.0,0
2023-01-13 08:36:07.303435+00:00,70B3D54991EB3BA5,ECHO #2,Echo,Crossden burn @ Greenford Farm,56.55409349771759,-2.7087453156770502,086900000dc426ac0000,369.0,0.0,3.52,99.0,0
2023-01-13 08:51:49.868843+00:00,70B3D54991EB3BA5,ECHO #2,Echo,Crossden burn @ Greenford Farm,56.55409349771759,-2.7087453156770502,086900000dc826ac0000,369.0,0.0,3.53,99.0,0
2023-01-13 09:07:31.951632+00:00,70B3D54991EB3BA5,ECHO #2,Echo,Crossden burn @ Greenford Farm,56.55409349771759,-2.7087453156770502,086900000de426ac0000,369.0,0.0,3.56,99.0,0
2023-01-13 09:23:14.342828+00:00,70B3D54991EB3BA5,ECHO #2,Echo,Crossden burn @ Greenford Farm,56.55409349771759,-2.7087453156770502,086800000db426ac0000,370.0,0.0,3.51,99.0,0
2023-01-13 09:38:57.169680+00:00,70B3D54991EB3BA5,ECHO #2,Echo,Crossden burn @ Greenford Farm,56.55409349771759,-2.7087453156770502,086b00000dd826ac0000,367.0,0.0,3.54,99.0,0
2023-01-13 09:54:39.710851+00:00,70B3D54991EB3BA5,ECHO #2,Echo,Crossden burn @ Greenford Farm,56.55409349771759,-2.7087453156770502,086a00000de426ac0000,368.0,0.0,3.56,99.0,0
2023-01-13 10:10:22.008726+00:00,70B3D54991EB3BA5,ECHO #2,Echo,Crossden burn @ Greenford Farm,56.55409349771759,-2.7087453156770502,086a00000dd826ac0000,368.0,0.0,3.54,99.0,0
2023-01-13 10:26:04.593065+00:00,70B3D54991EB3BA5,ECHO #2,Echo,Crossden burn @ Greenford Farm,56.55409349771759,-2.7087453156770502,086a00000de026ac0000,368.0,0.0,3.55,99.0,0
2023-01-13 10:41:47.539367+00:00,70B3D54991EB3BA5,ECHO #2,Echo,Crossden burn @ Greenford Farm,56.55409349771759,-2.7087453156770502,086a00000de426ac0000,368.0,0.0,3.56,99.0,0
2023-01-13 10:57:30.698638+00:00,70B3D54991EB3BA5,ECHO #2,Echo,Crossden burn @ Greenford Farm,56.55409349771759,-2.7087453156770502,086800000de426ac0000,370.0,0.0,3.56,99.0,0
2023-01-13 11:13:13.508089+00:00,70B3D54991EB3BA5,ECHO #2,Echo,Crossden burn @ Greenford Farm,56.55409349771759,-2.7087453156770502,086a00000db026ac0000,368.0,0.0,3.5,99.0,0
2023-01-13 11:29:04.140268+00:00,70B3D54991EB3BA5,ECHO #2,Echo,Crossden burn @ Greenford Farm,56.55409349771759,-2.7087453156770502,086c00000dcc26ac0000,366.0,0.0,3.53,99.0,0
2023-01-13 11:44:48.684024+00:00,70B3D54991EB3BA5,ECHO #2,Echo,Crossden burn @ Greenford Farm,56.55409349771759,-2.7087453156770502,086f00000da826ac0000,363.0,0.0,3.5,99.0,0
2023-01-13 12:00:30.329506+00:00,70B3D54991EB3BA5,ECHO #2,Echo,Crossden burn @ Greenford Farm,56.55409349771759,-2.7087453156770502,087000000dd426ac0000,362.0,0.0,3.54,99.0,0
2023-01-13 12:16:11.233481+00:00,70B3D54991EB3BA5,ECHO #2,Echo,Crossden burn @ Greenford Farm,56.55409349771759,-2.7087453156770502,086f00000dd426ac0000,363.0,0.0,3.54,99.0,0
2023-01-13 12:31:54.411273+00:00,70B3D54991EB3BA5,ECHO #2,Echo,Crossden burn @ Greenford Farm,56.55409349771759,-2.7087453156770502,086f00000de426ac0000,363.0,0.0,3.56,99.0,0
2023-01-13 12:47:37.215908+00:00,70B3D54991EB3BA5,ECHO #2,Echo,Crossden burn @ Greenford Farm,56.55409349771759,-2.7087453156770502,086f00000d9c26ac0000,363.0,0.0,3.48,99.0,0
2023-01-13 13:03:22.523265+00:00,70B3D54991EB3BA5,ECHO #2,Echo,Crossden burn @ Greenford Farm,56.55409349771759,-2.7087453156770502,087200000de826ac0000,360.0,0.0,3.56,99.0,0
2023-01-13 13:19:03.485482+00:00,70B3D54991EB3BA5,ECHO #2,Echo,Crossden burn @ Greenford Farm,56.55409349771759,-2.7087453156770502,087500000db426ac0000,357.0,0.0,3.51,99.0,0
2023-01-13 13:34:45.595914+00:00,70B3D54991EB3BA5,ECHO #2,Echo,Crossden burn @ Greenford Farm,56.55409349771759,-2.7087453156770502,087200000db426ac0000,360.0,0.0,3.51,99.0,0
2023-01-13 13:50:27.833783+00:00,70B3D54991EB3BA5,ECHO #2,Echo,Crossden burn @ Greenford Farm,56.55409349771759,-2.7087453156770502,087000000d9c26ac0000,362.0,0.0,3.48,99.0,0
2023-01-13 14:06:10.152719+00:00,70B3D54991EB3BA5,ECHO #2,Echo,Crossden burn @ Greenford Farm,56.55409349771759,-2.7087453156770502,087200000d8026ac0000,360.0,0.0,3.46,99.0,0
2023-01-13 14:21:53.132318+00:00,70B3D54991EB3BA5,ECHO #2,Echo,Crossden burn @ Greenford Farm,56.55409349771759,-2.7087453156770502,087100000dd826ac0000,361.0,0.0,3.54,99.0,0
2023-01-13 14:37:35.206534+00:00,70B3D54991EB3BA5,ECHO #2,Echo,Crossden burn @ Greenford Farm,56.55409349771759,-2.7087453156770502,087100000ddc26ac0000,361.0,0.0,3.55,99.0,0
2023-01-13 14:53:17.250039+00:00,70B3D54991EB3BA5,ECHO #2,Echo,Crossden burn @ Greenford Farm,56.55409349771759,-2.7087453156770502,086e00000d9426ac0000,364.0,0.0,3.48,99.0,0
2023-01-13 15:09:01.452002+00:00,70B3D54991EB3BA5,ECHO #2,Echo,Crossden burn @ Greenford Farm,56.55409349771759,-2.7087453156770502,087100000d7c26ac0000,361.0,0.0,3.45,99.0,0
2023-01-13 15:24:43.534269+00:00,70B3D54991EB3BA5,ECHO #2,Echo,Crossden burn @ Greenford Farm,56.55409349771759,-2.7087453156770502,087300000da426ac0000,359.0,0.0,3.49,99.0,0
2023-01-13 15:40:26.753668+00:00,70B3D54991EB3BA5,ECHO #2,Echo,Crossden burn @ Greenford Farm,56.55409349771759,-2.7087453156770502,087100000dd426ac0000,361.0,0.0,3.54,99.0,0
2023-01-13 15:56:08.504980+00:00,70B3D54991EB3BA5,ECHO #2,Echo,Crossden burn @ Greenford Farm,56.55409349771759,-2.7087453156770502,087400000d8826ac0000,358.0,0.0,3.46,99.0,0
2023-01-13 16:11:49.809007+00:00,70B3D54991EB3BA5,ECHO #2,Echo,Crossden burn @ Greenford Farm,56.55409349771759,-2.7087453156770502,087100000d8826ac0000,361.0,0.0,3.46,99.0,0
2023-01-13 16:27:32.571890+00:00,70B3D54991EB3BA5,ECHO #2,Echo,Crossden burn @ Greenford Farm,56.55409349771759,-2.7087453156770502,086d00000dcc26ac0000,365.0,0.0,3.53,99.0,0
2023-01-13 16:43:15.138916+00:00,70B3D54991EB3BA5,ECHO #2,Echo,Crossden burn @ Greenford Farm,56.55409349771759,-2.7087453156770502,086e00000d8026ac0000,364.0,0.0,3.46,99.0,0
2023-01-13 17:14:43.288740+00:00,70B3D54991EB3BA5,ECHO #2,Echo,Crossden burn @ Greenford Farm,56.55409349771759,-2.7087453156770502,087200000dd826ac0000,360.0,0.0,3.54,99.0,0
2023-01-13 17:30:25.294352+00:00,70B3D54991EB3BA5,ECHO #2,Echo,Crossden burn @ Greenford Farm,56.55409349771759,-2.7087453156770502,087300000dcc26ac0000,359.0,0.0,3.53,99.0,0
2023-01-13 17:46:07.144082+00:00,70B3D54991EB3BA5,ECHO #2,Echo,Crossden burn @ Greenford Farm,56.55409349771759,-2.7087453156770502,087200000db026ac0000,360.0,0.0,3.5,99.0,0
2023-01-13 18:01:49.055790+00:00,70B3D54991EB3BA5,ECHO #2,Echo,Crossden burn @ Greenford Farm,56.55409349771759,-2.7087453156770502,087600000dd826ac0000,356.0,0.0,3.54,99.0,0
2023-01-13 18:17:30.305639+00:00,70B3D54991EB3BA5,ECHO #2,Echo,Crossden burn @ Greenford Farm,56.55409349771759,-2.7087453156770502,087200000dcc26ac0000,360.0,0.0,3.53,99.0,0
2023-01-13 18:33:12.986412+00:00,70B3D54991EB3BA5,ECHO #2,Echo,Crossden burn @ Greenford Farm,56.55409349771759,-2.7087453156770502,087000000dcc26ac0000,362.0,0.0,3.53,99.0,0
2023-01-13 18:48:56.048816+00:00,70B3D54991EB3BA5,ECHO #2,Echo,Crossden burn @ Greenford Farm,56.55409349771759,-2.7087453156770502,086e00000dc826ac0000,364.0,0.0,3.53,99.0,0
2023-01-13 19:04:39.302836+00:00,70B3D54991EB3BA5,ECHO #2,Echo,Crossden burn @ Greenford Farm,56.55409349771759,-2.7087453156770502,087100000dc426ac0000,361.0,0.0,3.52,99.0,0
2023-01-13 19:20:21.918434+00:00,70B3D54991EB3BA5,ECHO #2,Echo,Crossden burn @ Greenford Farm,56.55409349771759,-2.7087453156770502,087300000dcc26ac0000,359.0,0.0,3.53,99.0,0
2023-01-13 20:07:30.816569+00:00,70B3D54991EB3BA5,ECHO #2,Echo,Crossden burn @ Greenford Farm,56.55409349771759,-2.7087453156770502,087200000d9c26ac0000,360.0,0.0,3.48,99.0,0
2023-01-13 20:23:12.837205+00:00,70B3D54991EB3BA5,ECHO #2,Echo,Crossden burn @ Greenford Farm,56.55409349771759,-2.7087453156770502,087200000d8826ac0000,360.0,0.0,3.46,99.0,0
2023-01-13 20:38:56.149446+00:00,70B3D54991EB3BA5,ECHO #2,Echo,Crossden burn @ Greenford Farm,56.55409349771759,-2.7087453156770502,087400000da026ac0000,358.0,0.0,3.49,99.0,0
2023-01-13 20:54:38.282735+00:00,70B3D54991EB3BA5,ECHO #2,Echo,Crossden burn @ Greenford Farm,56.55409349771759,-2.7087453156770502,087200000dcc26ac0000,360.0,0.0,3.53,99.0,0
2023-01-13 21:10:20.447132+00:00,70B3D54991EB3BA5,ECHO #2,Echo,Crossden burn @ Greenford Farm,56.55409349771759,-2.7087453156770502,087400000d8c26ac0000,358.0,0.0,3.47,99.0,0
2023-01-13 21:26:02.820869+00:00,70B3D54991EB3BA5,ECHO #2,Echo,Crossden burn @ Greenford Farm,56.55409349771759,-2.7087453156770502,087500000d9026ac0000,357.0,0.0,3.47,99.0,0
2023-01-13 21:41:44.858788+00:00,70B3D54991EB3BA5,ECHO #2,Echo,Crossden burn @ Greenford Farm,56.55409349771759,-2.7087453156770502,087100000dac26ac0000,361.0,0.0,3.5,99.0,0
2023-01-13 21:57:27.193942+00:00,70B3D54991EB3BA5,ECHO #2,Echo,Crossden burn @ Greenford Farm,56.55409349771759,-2.7087453156770502,087400000da426ac0000,358.0,0.0,3.49,99.0,0
2023-01-13 22:13:09.237684+00:00,70B3D54991EB3BA5,ECHO #2,Echo,Crossden burn @ Greenford Farm,56.55409349771759,-2.7087453156770502,087300000d9026ac0000,359.0,0.0,3.47,99.0,0
2023-01-13 22:28:51.552811+00:00,70B3D54991EB3BA5,ECHO #2,Echo,Crossden burn @ Greenford Farm,56.55409349771759,-2.7087453156770502,087400000dcc26ac0000,358.0,0.0,3.53,99.0,0
2023-01-13 22:44:34.726657+00:00,70B3D54991EB3BA5,ECHO #2,Echo,Crossden burn @ Greenford Farm,56.55409349771759,-2.7087453156770502,087200000dc826ac0000,360.0,0.0,3.53,99.0,0
2023-01-13 23:00:18.231903+00:00,70B3D54991EB3BA5,ECHO #2,Echo,Crossden burn @ Greenford Farm,56.55409349771759,-2.7087453156770502,087000000dcc26ac0000,362.0,0.0,3.53,99.0,0
2023-01-13 23:16:01.112118+00:00,70B3D54991EB3BA5,ECHO #2,Echo,Crossden burn @ Greenford Farm,56.55409349771759,-2.7087453156770502,087400000dd426ac0000,358.0,0.0,3.54,99.0,0
2023-01-13 23:31:43.150632+00:00,70B3D54991EB3BA5,ECHO #2,Echo,Crossden burn @ Greenford Farm,56.55409349771759,-2.7087453156770502,087100000dcc26ac0000,361.0,0.0,3.53,99.0,0
2023-01-13 23:47:26.099357+00:00,70B3D54991EB3BA5,ECHO #2,Echo,Crossden burn @ Greenford Farm,56.55409349771759,-2.7087453156770502,087400000db026ac0000,358.0,0.0,3.5,99.0,0
2023-01-14 00:03:08.047239+00:00,70B3D54991EB3BA5,ECHO #2,Echo,Crossden burn @ Greenford Farm,56.55409349771759,-2.7087453156770502,087600000d9c26ac0000,356.0,0.0,3.48,99.0,0
2023-01-14 00:18:53.970744+00:00,70B3D54991EB3BA5,ECHO #2,Echo,Crossden burn @ Greenford Farm,56.55409349771759,-2.7087453156770502,087000000db426ac0000,362.0,0.0,3.51,99.0,0
2023-01-14 00:34:36.731503+00:00,70B3D54991EB3BA5,ECHO #2,Echo,Crossden burn @ Greenford Farm,56.55409349771759,-2.7087453156770502,087400000dcc26ac0000,358.0,0.0,3.53,99.0,0
2023-01-14 00:50:19.585116+00:00,70B3D54991EB3BA5,ECHO #2,Echo,Crossden burn @ Greenford Farm,56.55409349771759,-2.7087453156770502,087700000dc826ac0000,355.0,0.0,3.53,99.0,0
2023-01-14 01:06:02.452326+00:00,70B3D54991EB3BA5,ECHO #2,Echo,Crossden burn @ Greenford Farm,56.55409349771759,-2.7087453156770502,087500000da026ac0000,357.0,0.0,3.49,99.0,0
2023-01-14 01:21:45.541256+00:00,70B3D54991EB3BA5,ECHO #2,Echo,Crossden burn @ Greenford Farm,56.55409349771759,-2.7087453156770502,087200000dc826ac0000,360.0,0.0,3.53,99.0,0
2023-01-14 01:37:27.895118+00:00,70B3D54991EB3BA5,ECHO #2,Echo,Crossden burn @ Greenford Farm,56.55409349771759,-2.7087453156770502,087300000dcc26ac0000,359.0,0.0,3.53,99.0,0
2023-01-14 01:53:10.882542+00:00,70B3D54991EB3BA5,ECHO #2,Echo,Crossden burn @ Greenford Farm,56.55409349771759,-2.7087453156770502,087100000da426ac0000,361.0,0.0,3.49,99.0,0
2023-01-14 02:08:54.407201+00:00,70B3D54991EB3BA5,ECHO #2,Echo,Crossden burn @ Greenford Farm,56.55409349771759,-2.7087453156770502,087100000dcc26ac0000,361.0,0.0,3.53,99.0,0
2023-01-14 02:24:38.424962+00:00,70B3D54991EB3BA5,ECHO #2,Echo,Crossden burn @ Greenford Farm,56.55409349771759,-2.7087453156770502,086d00000db426ac0000,365.0,0.0,3.51,99.0,0
2023-01-14 02:40:21.985143+00:00,70B3D54991EB3BA5,ECHO #2,Echo,Crossden burn @ Greenford Farm,56.55409349771759,-2.7087453156770502,087000000de026ac0000,362.0,0.0,3.55,99.0,0
2023-01-14 02:56:05.009418+00:00,70B3D54991EB3BA5,ECHO #2,Echo,Crossden burn @ Greenford Farm,56.55409349771759,-2.7087453156770502,086d00000db026ac0000,365.0,0.0,3.5,99.0,0
2023-01-14 03:11:47.721865+00:00,70B3D54991EB3BA5,ECHO #2,Echo,Crossden burn @ Greenford Farm,56.55409349771759,-2.7087453156770502,087100000ddc26ac0000,361.0,0.0,3.55,99.0,0
2023-01-14 03:27:33.053673+00:00,70B3D54991EB3BA5,ECHO #2,Echo,Crossden burn @ Greenford Farm,56.55409349771759,-2.7087453156770502,086600000de026ac0000,372.0,0.0,3.55,99.0,0
2023-01-14 03:43:19.080014+00:00,70B3D54991EB3BA5,ECHO #2,Echo,Crossden burn @ Greenford Farm,56.55409349771759,-2.7087453156770502,086100000ddc26ac0000,377.0,0.0,3.55,99.0,0
2023-01-14 03:59:04.562119+00:00,70B3D54991EB3BA5,ECHO #2,Echo,Crossden burn @ Greenford Farm,56.55409349771759,-2.7087453156770502,085600000da826ac0000,388.0,0.0,3.5,99.0,0
2023-01-14 04:14:50.555515+00:00,70B3D54991EB3BA5,ECHO #2,Echo,Crossden burn @ Greenford Farm,56.55409349771759,-2.7087453156770502,084e00000de026ac0000,396.0,0.0,3.55,99.0,0
2023-01-14 04:30:36.693091+00:00,70B3D54991EB3BA5,ECHO #2,Echo,Crossden burn @ Greenford Farm,56.55409349771759,-2.7087453156770502,084000000db426ac0000,410.0,0.0,3.51,99.0,0
2023-01-14 04:46:23.779162+00:00,70B3D54991EB3BA5,ECHO #2,Echo,Crossden burn @ Greenford Farm,56.55409349771759,-2.7087453156770502,082a00000dd426ac0000,432.0,0.0,3.54,99.0,0
2023-01-14 05:02:09.430679+00:00,70B3D54991EB3BA5,ECHO #2,Echo,Crossden burn @ Greenford Farm,56.55409349771759,-2.7087453156770502,081a00000dc426ac0000,448.0,0.0,3.52,99.0,0
2023-01-14 05:17:55.381891+00:00,70B3D54991EB3BA5,ECHO #2,Echo,Crossden burn @ Greenford Farm,56.55409349771759,-2.7087453156770502,080800000da426ac0000,466.0,0.0,3.49,99.0,0
2023-01-14 05:33:40.810433+00:00,70B3D54991EB3BA5,ECHO #2,Echo,Crossden burn @ Greenford Farm,56.55409349771759,-2.7087453156770502,07fa00000dcc26ac0000,480.0,0.0,3.53,99.0,0
2023-01-14 05:49:26.191400+00:00,70B3D54991EB3BA5,ECHO #2,Echo,Crossden burn @ Greenford Farm,56.55409349771759,-2.7087453156770502,07e300000de826ac0000,503.0,0.0,3.56,99.0,0
2023-01-14 06:05:08.756241+00:00,70B3D54991EB3BA5,ECHO #2,Echo,Crossden burn @ Greenford Farm,56.55409349771759,-2.7087453156770502,07e100000dd826ac0000,505.0,0.0,3.54,99.0,0
2023-01-14 06:20:55.474486+00:00,70B3D54991EB3BA5,ECHO #2,Echo,Crossden burn @ Greenford Farm,56.55409349771759,-2.7087453156770502,07d900000da026ac0000,513.0,0.0,3.49,99.0,0
2023-01-14 06:36:41.187707+00:00,70B3D54991EB3BA5,ECHO #2,Echo,Crossden burn @ Greenford Farm,56.55409349771759,-2.7087453156770502,07c500000dac26ac0000,533.0,0.0,3.5,99.0,0
2023-01-14 06:52:26.817470+00:00,70B3D54991EB3BA5,ECHO #2,Echo,Crossden burn @ Greenford Farm,56.55409349771759,-2.7087453156770502,07bf00000da426ac0000,539.0,0.0,3.49,99.0,0
2023-01-14 07:08:12.303288+00:00,70B3D54991EB3BA5,ECHO #2,Echo,Crossden burn @ Greenford Farm,56.55409349771759,-2.7087453156770502,07b300000dc026ac0000,551.0,0.0,3.52,99.0,0
2023-01-14 07:23:54.829740+00:00,70B3D54991EB3BA5,ECHO #2,Echo,Crossden burn @ Greenford Farm,56.55409349771759,-2.7087453156770502,07b200000de826ac0000,552.0,0.0,3.56,99.0,0
2023-01-14 07:39:41.016459+00:00,70B3D54991EB3BA5,ECHO #2,Echo,Crossden burn @ Greenford Farm,56.55409349771759,-2.7087453156770502,07a300000db426ac0000,567.0,0.0,3.51,99.0,0
2023-01-14 07:55:26.670440+00:00,70B3D54991EB3BA5,ECHO #2,Echo,Crossden burn @ Greenford Farm,56.55409349771759,-2.7087453156770502,079100000db426ac0000,585.0,0.0,3.51,99.0,0
2023-01-14 08:11:12.299267+00:00,70B3D54991EB3BA5,ECHO #2,Echo,Crossden burn @ Greenford Farm,56.55409349771759,-2.7087453156770502,078800000da826ac0000,594.0,0.0,3.5,99.0,0
2023-01-14 08:26:54.607587+00:00,70B3D54991EB3BA5,ECHO #2,Echo,Crossden burn @ Greenford Farm,56.55409349771759,-2.7087453156770502,078700000dd426ac0000,595.0,0.0,3.54,99.0,0
2023-01-14 08:42:40.302774+00:00,70B3D54991EB3BA5,ECHO #2,Echo,Crossden burn @ Greenford Farm,56.55409349771759,-2.7087453156770502,078000000da826ac0000,602.0,0.0,3.5,99.0,0
2023-01-14 08:58:25.767607+00:00,70B3D54991EB3BA5,ECHO #2,Echo,Crossden burn @ Greenford Farm,56.55409349771759,-2.7087453156770502,079300000da826ac0000,583.0,0.0,3.5,99.0,0
2023-01-14 09:14:11.488468+00:00,70B3D54991EB3BA5,ECHO #2,Echo,Crossden burn @ Greenford Farm,56.55409349771759,-2.7087453156770502,078b00000da826ac0000,591.0,0.0,3.5,99.0,0
2023-01-14 09:29:57.459384+00:00,70B3D54991EB3BA5,ECHO #2,Echo,Crossden burn @ Greenford Farm,56.55409349771759,-2.7087453156770502,079700000da826ac0000,579.0,0.0,3.5,99.0,0
2023-01-14 10:01:23.492394+00:00,70B3D54991EB3BA5,ECHO #2,Echo,Crossden burn @ Greenford Farm,56.55409349771759,-2.7087453156770502,079700000da426ac0000,579.0,0.0,3.49,99.0,0
2023-01-14 10:17:09.466764+00:00,70B3D54991EB3BA5,ECHO #2,Echo,Crossden burn @ Greenford Farm,56.55409349771759,-2.7087453156770502,07a400000dcc26ac0000,566.0,0.0,3.53,99.0,0
2023-01-14 10:32:58.664081+00:00,70B3D54991EB3BA5,ECHO #2,Echo,Crossden burn @ Greenford Farm,56.55409349771759,-2.7087453156770502,07ae00000dd826ac0000,556.0,0.0,3.54,99.0,0
2023-01-14 11:04:34.834467+00:00,70B3D54991EB3BA5,ECHO #2,Echo,Crossden burn @ Greenford Farm,56.55409349771759,-2.7087453156770502,07b800000db026ac0000,546.0,0.0,3.5,99.0,0
2023-01-14 11:20:14.986352+00:00,70B3D54991EB3BA5,ECHO #2,Echo,Crossden burn @ Greenford Farm,56.55409349771759,-2.7087453156770502,07bb00000da426ac0000,543.0,0.0,3.49,99.0,0
2023-01-14 11:36:02.944898+00:00,70B3D54991EB3BA5,ECHO #2,Echo,Crossden burn @ Greenford Farm,56.55409349771759,-2.7087453156770502,07c100000e0826ac0000,537.0,0.0,3.59,99.0,0
2023-01-14 11:51:45.048318+00:00,70B3D54991EB3BA5,ECHO #2,Echo,Crossden burn @ Greenford Farm,56.55409349771759,-2.7087453156770502,07c700000dc826ac0000,531.0,0.0,3.53,99.0,0
2023-01-14 12:07:32.153632+00:00,70B3D54991EB3BA5,ECHO #2,Echo,Crossden burn @ Greenford Farm,56.55409349771759,-2.7087453156770502,07d100000d9c26ac0000,521.0,0.0,3.48,99.0,0
2023-01-14 12:23:15.306450+00:00,70B3D54991EB3BA5,ECHO #2,Echo,Crossden burn @ Greenford Farm,56.55409349771759,-2.7087453156770502,07d300000dfc26ac0000,519.0,0.0,3.58,99.0,0
2023-01-14 12:38:57.689051+00:00,70B3D54991EB3BA5,ECHO #2,Echo,Crossden burn @ Greenford Farm,56.55409349771759,-2.7087453156770502,07d700000d8826ac0000,515.0,0.0,3.46,99.0,0
2023-01-14 12:54:42.858819+00:00,70B3D54991EB3BA5,ECHO #2,Echo,Crossden burn @ Greenford Farm,56.55409349771759,-2.7087453156770502,07d200000da426ac0000,520.0,0.0,3.49,99.0,0
2023-01-14 13:10:26.569238+00:00,70B3D54991EB3BA5,ECHO #2,Echo,Crossden burn @ Greenford Farm,56.55409349771759,-2.7087453156770502,07df00000de826ac0000,507.0,0.0,3.56,99.0,0
2023-01-14 13:26:10.641776+00:00,70B3D54991EB3BA5,ECHO #2,Echo,Crossden burn @ Greenford Farm,56.55409349771759,-2.7087453156770502,07df00000de826ac0000,507.0,0.0,3.56,99.0,0
2023-01-14 13:41:52.409932+00:00,70B3D54991EB3BA5,ECHO #2,Echo,Crossden burn @ Greenford Farm,56.55409349771759,-2.7087453156770502,07de00000de026ac0000,508.0,0.0,3.55,99.0,0
2023-01-14 13:57:37.174590+00:00,70B3D54991EB3BA5,ECHO #2,Echo,Crossden burn @ Greenford Farm,56.55409349771759,-2.7087453156770502,07e500000dc026ac0000,501.0,0.0,3.52,99.0,0
2023-01-14 14:13:19.159795+00:00,70B3D54991EB3BA5,ECHO #2,Echo,Crossden burn @ Greenford Farm,56.55409349771759,-2.7087453156770502,07e500000d8826ac0000,501.0,0.0,3.46,99.0,0
2023-01-14 14:29:00.342262+00:00,70B3D54991EB3BA5,ECHO #2,Echo,Crossden burn @ Greenford Farm,56.55409349771759,-2.7087453156770502,07e800000de426ac0000,498.0,0.0,3.56,99.0,0
2023-01-14 14:44:41.815967+00:00,70B3D54991EB3BA5,ECHO #2,Echo,Crossden burn @ Greenford Farm,56.55409349771759,-2.7087453156770502,07e900000d8026ac0000,497.0,0.0,3.46,99.0,0
2023-01-14 15:00:24.422140+00:00,70B3D54991EB3BA5,ECHO #2,Echo,Crossden burn @ Greenford Farm,56.55409349771759,-2.7087453156770502,07e700000d7426ac0000,499.0,0.0,3.44,99.0,0
2023-01-14 15:16:09.471905+00:00,70B3D54991EB3BA5,ECHO #2,Echo,Crossden burn @ Greenford Farm,56.55409349771759,-2.7087453156770502,07e900000dd826ac0000,497.0,0.0,3.54,99.0,0
2023-01-14 15:31:52.206338+00:00,70B3D54991EB3BA5,ECHO #2,Echo,Crossden burn @ Greenford Farm,56.55409349771759,-2.7087453156770502,07ec00000db026ac0000,494.0,0.0,3.5,99.0,0
2023-01-14 15:47:34.442095+00:00,70B3D54991EB3BA5,ECHO #2,Echo,Crossden burn @ Greenford Farm,56.55409349771759,-2.7087453156770502,07ef00000de026ac0000,491.0,0.0,3.55,99.0,0
2023-01-14 16:03:16.694874+00:00,70B3D54991EB3BA5,ECHO #2,Echo,Crossden burn @ Greenford Farm,56.55409349771759,-2.7087453156770502,07f200000d8026ac0000,488.0,0.0,3.46,99.0,0
2023-01-14 16:18:59.955139+00:00,70B3D54991EB3BA5,ECHO #2,Echo,Crossden burn @ Greenford Farm,56.55409349771759,-2.7087453156770502,07f600000dcc26ac0000,484.0,0.0,3.53,99.0,0
2023-01-14 16:34:41.694373+00:00,70B3D54991EB3BA5,ECHO #2,Echo,Crossden burn @ Greenford Farm,56.55409349771759,-2.7087453156770502,07f200000dcc26ac0000,488.0,0.0,3.53,99.0,0
2023-01-14 16:50:26.598229+00:00,70B3D54991EB3BA5,ECHO #2,Echo,Crossden burn @ Greenford Farm,56.55409349771759,-2.7087453156770502,07f500000df426ac0000,485.0,0.0,3.57,99.0,0
2023-01-14 17:06:12.823266+00:00,70B3D54991EB3BA5,ECHO #2,Echo,Crossden burn @ Greenford Farm,56.55409349771759,-2.7087453156770502,07fe00000dc826ac0000,476.0,0.0,3.53,99.0,0
2023-01-14 17:21:55.166229+00:00,70B3D54991EB3BA5,ECHO #2,Echo,Crossden burn @ Greenford Farm,56.55409349771759,-2.7087453156770502,080000000dc826ac0000,474.0,0.0,3.53,99.0,0
2023-01-14 17:53:21.369336+00:00,70B3D54991EB3BA5,ECHO #2,Echo,Crossden burn @ Greenford Farm,56.55409349771759,-2.7087453156770502,080000000da026ac0000,474.0,0.0,3.49,99.0,0
2023-01-14 18:09:05.957031+00:00,70B3D54991EB3BA5,ECHO #2,Echo,Crossden burn @ Greenford Farm,56.55409349771759,-2.7087453156770502,080000000db026ac0000,474.0,0.0,3.5,99.0,0
2023-01-14 18:24:48.387589+00:00,70B3D54991EB3BA5,ECHO #2,Echo,Crossden burn @ Greenford Farm,56.55409349771759,-2.7087453156770502,07fe00000d8426ac0000,476.0,0.0,3.46,99.0,0
2023-01-14 18:40:34.942886+00:00,70B3D54991EB3BA5,ECHO #2,Echo,Crossden burn @ Greenford Farm,56.55409349771759,-2.7087453156770502,080500000dc826ac0000,469.0,0.0,3.53,99.0,0
2023-01-14 18:56:17.387907+00:00,70B3D54991EB3BA5,ECHO #2,Echo,Crossden burn @ Greenford Farm,56.55409349771759,-2.7087453156770502,080500000d7826ac0000,469.0,0.0,3.45,99.0,0
2023-01-14 19:12:02.499862+00:00,70B3D54991EB3BA5,ECHO #2,Echo,Crossden burn @ Greenford Farm,56.55409349771759,-2.7087453156770502,080c00000dcc26ac0000,462.0,0.0,3.53,99.0,0
2023-01-14 19:27:45.157122+00:00,70B3D54991EB3BA5,ECHO #2,Echo,Crossden burn @ Greenford Farm,56.55409349771759,-2.7087453156770502,080a00000db026ac0000,464.0,0.0,3.5,99.0,0
2023-01-14 19:43:28.575747+00:00,70B3D54991EB3BA5,ECHO #2,Echo,Crossden burn @ Greenford Farm,56.55409349771759,-2.7087453156770502,080a00000db426ac0000,464.0,0.0,3.51,99.0,0
2023-01-14 19:59:11.650814+00:00,70B3D54991EB3BA5,ECHO #2,Echo,Crossden burn @ Greenford Farm,56.55409349771759,-2.7087453156770502,080e00000d6826ac0000,460.0,0.0,3.43,99.0,0
2023-01-14 20:14:54.226026+00:00,70B3D54991EB3BA5,ECHO #2,Echo,Crossden burn @ Greenford Farm,56.55409349771759,-2.7087453156770502,080e00000d7026ac0000,460.0,0.0,3.44,99.0,0
2023-01-14 20:30:36.956274+00:00,70B3D54991EB3BA5,ECHO #2,Echo,Crossden burn @ Greenford Farm,56.55409349771759,-2.7087453156770502,080f00000d8826ac0000,459.0,0.0,3.46,99.0,0
2023-01-14 20:46:19.637385+00:00,70B3D54991EB3BA5,ECHO #2,Echo,Crossden burn @ Greenford Farm,56.55409349771759,-2.7087453156770502,081200000d9026ac0000,456.0,0.0,3.47,99.0,0
2023-01-14 21:02:02.883298+00:00,70B3D54991EB3BA5,ECHO #2,Echo,Crossden burn @ Greenford Farm,56.55409349771759,-2.7087453156770502,081500000dcc26ac0000,453.0,0.0,3.53,99.0,0
2023-01-14 21:17:46.321199+00:00,70B3D54991EB3BA5,ECHO #2,Echo,Crossden burn @ Greenford Farm,56.55409349771759,-2.7087453156770502,081400000d6826ac0000,454.0,0.0,3.43,99.0,0
2023-01-14 21:33:29.048538+00:00,70B3D54991EB3BA5,ECHO #2,Echo,Crossden burn @ Greenford Farm,56.55409349771759,-2.7087453156770502,081200000dc426ac0000,456.0,0.0,3.52,99.0,0
2023-01-14 21:49:14.564885+00:00,70B3D54991EB3BA5,ECHO #2,Echo,Crossden burn @ Greenford Farm,56.55409349771759,-2.7087453156770502,081500000d7c26ac0000,453.0,0.0,3.45,99.0,0
2023-01-14 22:04:59.399713+00:00,70B3D54991EB3BA5,ECHO #2,Echo,Crossden burn @ Greenford Farm,56.55409349771759,-2.7087453156770502,081e00000dcc26ac0000,444.0,0.0,3.53,99.0,0
2023-01-14 22:20:41.651034+00:00,70B3D54991EB3BA5,ECHO #2,Echo,Crossden burn @ Greenford Farm,56.55409349771759,-2.7087453156770502,081e00000da026ac0000,444.0,0.0,3.49,99.0,0
2023-01-14 22:36:26.077864+00:00,70B3D54991EB3BA5,ECHO #2,Echo,Crossden burn @ Greenford Farm,56.55409349771759,-2.7087453156770502,082100000d6826ac0000,441.0,0.0,3.43,99.0,0
2023-01-14 22:52:08.761989+00:00,70B3D54991EB3BA5,ECHO #2,Echo,Crossden burn @ Greenford Farm,56.55409349771759,-2.7087453156770502,082300000d7c26ac0000,439.0,0.0,3.45,99.0,0
2023-01-14 23:07:52.169553+00:00,70B3D54991EB3BA5,ECHO #2,Echo,Crossden burn @ Greenford Farm,56.55409349771759,-2.7087453156770502,082000000dac26ac0000,442.0,0.0,3.5,99.0,0
2023-01-14 23:23:35.056920+00:00,70B3D54991EB3BA5,ECHO #2,Echo,Crossden burn @ Greenford Farm,56.55409349771759,-2.7087453156770502,082400000db426ac0000,438.0,0.0,3.51,99.0,0
2023-01-14 23:39:20.421911+00:00,70B3D54991EB3BA5,ECHO #2,Echo,Crossden burn @ Greenford Farm,56.55409349771759,-2.7087453156770502,082400000dc826ac0000,438.0,0.0,3.53,99.0,0
2023-01-14 23:55:03.381985+00:00,70B3D54991EB3BA5,ECHO #2,Echo,Crossden burn @ Greenford Farm,56.55409349771759,-2.7087453156770502,082400000dcc26ac0000,438.0,0.0,3.53,99.0,0
2023-01-15 00:10:46.243932+00:00,70B3D54991EB3BA5,ECHO #2,Echo,Crossden burn @ Greenford Farm,56.55409349771759,-2.7087453156770502,082500000d8026ac0000,437.0,0.0,3.46,99.0,0
2023-01-15 00:26:29.570059+00:00,70B3D54991EB3BA5,ECHO #2,Echo,Crossden burn @ Greenford Farm,56.55409349771759,-2.7087453156770502,082200000db426ac0000,440.0,0.0,3.51,99.0,0
2023-01-15 00:42:15.719714+00:00,70B3D54991EB3BA5,ECHO #2,Echo,Crossden burn @ Greenford Farm,56.55409349771759,-2.7087453156770502,082700000d8026ac0000,435.0,0.0,3.46,99.0,0
2023-01-15 00:57:58.354340+00:00,70B3D54991EB3BA5,ECHO #2,Echo,Crossden burn @ Greenford Farm,56.55409349771759,-2.7087453156770502,082b00000dcc26ac0000,431.0,0.0,3.53,99.0,0
2023-01-15 01:13:41.571619+00:00,70B3D54991EB3BA5,ECHO #2,Echo,Crossden burn @ Greenford Farm,56.55409349771759,-2.7087453156770502,082a00000de026ac0000,432.0,0.0,3.55,99.0,0
2023-01-15 01:29:24.849555+00:00,70B3D54991EB3BA5,ECHO #2,Echo,Crossden burn @ Greenford Farm,56.55409349771759,-2.7087453156770502,082d00000db426ac0000,429.0,0.0,3.51,99.0,0
2023-01-15 01:45:10.402894+00:00,70B3D54991EB3BA5,ECHO #2,Echo,Crossden burn @ Greenford Farm,56.55409349771759,-2.7087453156770502,082700000d8026ac0000,435.0,0.0,3.46,99.0,0
2023-01-15 02:00:55.960938+00:00,70B3D54991EB3BA5,ECHO #2,Echo,Crossden burn @ Greenford Farm,56.55409349771759,-2.7087453156770502,082f00000d8826ac0000,427.0,0.0,3.46,99.0,0
2023-01-15 02:16:39.051690+00:00,70B3D54991EB3BA5,ECHO #2,Echo,Crossden burn @ Greenford Farm,56.55409349771759,-2.7087453156770502,083300000dc826ac0000,423.0,0.0,3.53,99.0,0
2023-01-15 02:32:24.098296+00:00,70B3D54991EB3BA5,ECHO #2,Echo,Crossden burn @ Greenford Farm,56.55409349771759,-2.7087453156770502,083100000d9026ac0000,425.0,0.0,3.47,99.0,0
2023-01-15 02:48:06.717390+00:00,70B3D54991EB3BA5,ECHO #2,Echo,Crossden burn @ Greenford Farm,56.55409349771759,-2.7087453156770502,083300000ddc26ac0000,423.0,0.0,3.55,99.0,0
2023-01-15 03:03:50.189058+00:00,70B3D54991EB3BA5,ECHO #2,Echo,Crossden burn @ Greenford Farm,56.55409349771759,-2.7087453156770502,083400000d9026ac0000,422.0,0.0,3.47,99.0,0
2023-01-15 03:19:33.171752+00:00,70B3D54991EB3BA5,ECHO #2,Echo,Crossden burn @ Greenford Farm,56.55409349771759,-2.7087453156770502,083600000db026ac0000,420.0,0.0,3.5,99.0,0
2023-01-15 03:50:58.941009+00:00,70B3D54991EB3BA5,ECHO #2,Echo,Crossden burn @ Greenford Farm,56.55409349771759,-2.7087453156770502,083b00000dcc26ac0000,415.0,0.0,3.53,99.0,0
2023-01-15 04:22:24.047831+00:00,70B3D54991EB3BA5,ECHO #2,Echo,Crossden burn @ Greenford Farm,56.55409349771759,-2.7087453156770502,083b00000dec26ac0000,415.0,0.0,3.56,99.0,0
2023-01-15 04:53:49.876862+00:00,70B3D54991EB3BA5,ECHO #2,Echo,Crossden burn @ Greenford Farm,56.55409349771759,-2.7087453156770502,083d00000da026ac0000,413.0,0.0,3.49,99.0,0
2023-01-15 05:09:32.438373+00:00,70B3D54991EB3BA5,ECHO #2,Echo,Crossden burn @ Greenford Farm,56.55409349771759,-2.7087453156770502,083c00000da026ac0000,414.0,0.0,3.49,99.0,0
2023-01-15 05:25:15.462721+00:00,70B3D54991EB3BA5,ECHO #2,Echo,Crossden burn @ Greenford Farm,56.55409349771759,-2.7087453156770502,083e00000dc026ac0000,412.0,0.0,3.52,99.0,0
2023-01-15 05:41:00.477542+00:00,70B3D54991EB3BA5,ECHO #2,Echo,Crossden burn @ Greenford Farm,56.55409349771759,-2.7087453156770502,083d00000da026ac0000,413.0,0.0,3.49,99.0,0
2023-01-15 05:56:42.932177+00:00,70B3D54991EB3BA5,ECHO #2,Echo,Crossden burn @ Greenford Farm,56.55409349771759,-2.7087453156770502,083e00000dc826ac0000,412.0,0.0,3.53,99.0,0
2023-01-15 06:12:25.846785+00:00,70B3D54991EB3BA5,ECHO #2,Echo,Crossden burn @ Greenford Farm,56.55409349771759,-2.7087453156770502,083b00000de026ac0000,415.0,0.0,3.55,99.0,0
2023-01-15 06:28:11.916453+00:00,70B3D54991EB3BA5,ECHO #2,Echo,Crossden burn @ Greenford Farm,56.55409349771759,-2.7087453156770502,084000000da826ac0000,410.0,0.0,3.5,99.0,0
2023-01-15 06:43:54.389406+00:00,70B3D54991EB3BA5,ECHO #2,Echo,Crossden burn @ Greenford Farm,56.55409349771759,-2.7087453156770502,084000000db026ac0000,410.0,0.0,3.5,99.0,0
2023-01-15 06:59:36.073440+00:00,70B3D54991EB3BA5,ECHO #2,Echo,Crossden burn @ Greenford Farm,56.55409349771759,-2.7087453156770502,083e00000da026ac0000,412.0,0.0,3.49,99.0,0
2023-01-15 07:15:20.166524+00:00,70B3D54991EB3BA5,ECHO #2,Echo,Crossden burn @ Greenford Farm,56.55409349771759,-2.7087453156770502,083f00000dcc26ac0000,411.0,0.0,3.53,99.0,0
2023-01-15 07:31:05.611278+00:00,70B3D54991EB3BA5,ECHO #2,Echo,Crossden burn @ Greenford Farm,56.55409349771759,-2.7087453156770502,084400000da826ac0000,406.0,0.0,3.5,99.0,0
2023-01-15 07:46:50.603823+00:00,70B3D54991EB3BA5,ECHO #2,Echo,Crossden burn @ Greenford Farm,56.55409349771759,-2.7087453156770502,083f00000d9426ac0000,411.0,0.0,3.48,99.0,0
2023-01-15 08:02:33.581319+00:00,70B3D54991EB3BA5,ECHO #2,Echo,Crossden burn @ Greenford Farm,56.55409349771759,-2.7087453156770502,083e00000db426ac0000,412.0,0.0,3.51,99.0,0
2023-01-15 08:18:16.283307+00:00,70B3D54991EB3BA5,ECHO #2,Echo,Crossden burn @ Greenford Farm,56.55409349771759,-2.7087453156770502,084100000d9826ac0000,409.0,0.0,3.48,99.0,0
2023-01-15 08:33:59.378164+00:00,70B3D54991EB3BA5,ECHO #2,Echo,Crossden burn @ Greenford Farm,56.55409349771759,-2.7087453156770502,084300000da426ac0000,407.0,0.0,3.49,99.0,0
2023-01-15 08:49:43.000649+00:00,70B3D54991EB3BA5,ECHO #2,Echo,Crossden burn @ Greenford Farm,56.55409349771759,-2.7087453156770502,084600000db426ac0000,404.0,0.0,3.51,99.0,0
2023-01-15 09:21:11.113748+00:00,70B3D54991EB3BA5,ECHO #2,Echo,Crossden burn @ Greenford Farm,56.55409349771759,-2.7087453156770502,084b00000d7c26ac0000,399.0,0.0,3.45,99.0,0
2023-01-15 09:36:57.817827+00:00,70B3D54991EB3BA5,ECHO #2,Echo,Crossden burn @ Greenford Farm,56.55409349771759,-2.7087453156770502,084d00000d8c26ac0000,397.0,0.0,3.47,99.0,0
2023-01-15 09:52:42.363156+00:00,70B3D54991EB3BA5,ECHO #2,Echo,Crossden burn @ Greenford Farm,56.55409349771759,-2.7087453156770502,084c00000db426ac0000,398.0,0.0,3.51,99.0,0
2023-01-15 10:08:22.173705+00:00,70B3D54991EB3BA5,ECHO #2,Echo,Crossden burn @ Greenford Farm,56.55409349771759,-2.7087453156770502,084e00000d8c26ac0000,396.0,0.0,3.47,99.0,0
2023-01-15 10:24:08.792228+00:00,70B3D54991EB3BA5,ECHO #2,Echo,Crossden burn @ Greenford Farm,56.55409349771759,-2.7087453156770502,084e00000dd426ac0000,396.0,0.0,3.54,99.0,0
2023-01-15 10:39:55.252291+00:00,70B3D54991EB3BA5,ECHO #2,Echo,Crossden burn @ Greenford Farm,56.55409349771759,-2.7087453156770502,085100000db426ac0000,393.0,0.0,3.51,99.0,0
2023-01-15 10:55:39.390913+00:00,70B3D54991EB3BA5,ECHO #2,Echo,Crossden burn @ Greenford Farm,56.55409349771759,-2.7087453156770502,085400000dec26ac0000,390.0,0.0,3.56,99.0,0
2023-01-15 11:11:22.607483+00:00,70B3D54991EB3BA5,ECHO #2,Echo,Crossden burn @ Greenford Farm,56.55409349771759,-2.7087453156770502,085500000df426ac0000,389.0,0.0,3.57,99.0,0
2023-01-15 11:27:07.612869+00:00,70B3D54991EB3BA5,ECHO #2,Echo,Crossden burn @ Greenford Farm,56.55409349771759,-2.7087453156770502,084e00000dac26ac0000,396.0,0.0,3.5,99.0,0
2023-01-15 11:42:50.891199+00:00,70B3D54991EB3BA5,ECHO #2,Echo,Crossden burn @ Greenford Farm,56.55409349771759,-2.7087453156770502,085200000dd426ac0000,392.0,0.0,3.54,99.0,0
2023-01-15 11:58:33.694564+00:00,70B3D54991EB3BA5,ECHO #2,Echo,Crossden burn @ Greenford Farm,56.55409349771759,-2.7087453156770502,085200000da026ac0000,392.0,0.0,3.49,99.0,0
2023-01-15 12:14:16.810516+00:00,70B3D54991EB3BA5,ECHO #2,Echo,Crossden burn @ Greenford Farm,56.55409349771759,-2.7087453156770502,085200000da426ac0000,392.0,0.0,3.49,99.0,0
2023-01-15 12:29:59.236895+00:00,70B3D54991EB3BA5,ECHO #2,Echo,Crossden burn @ Greenford Farm,56.55409349771759,-2.7087453156770502,085500000dd426ac0000,389.0,0.0,3.54,99.0,0
2023-01-15 12:45:41.360925+00:00,70B3D54991EB3BA5,ECHO #2,Echo,Crossden burn @ Greenford Farm,56.55409349771759,-2.7087453156770502,085800000dfc26ac0000,386.0,0.0,3.58,99.0,0
2023-01-15 13:01:26.949913+00:00,70B3D54991EB3BA5,ECHO #2,Echo,Crossden burn @ Greenford Farm,56.55409349771759,-2.7087453156770502,085100000df426ac0000,393.0,0.0,3.57,99.0,0
2023-01-15 13:32:50.357482+00:00,70B3D54991EB3BA5,ECHO #2,Echo,Crossden burn @ Greenford Farm,56.55409349771759,-2.7087453156770502,085300000dec26ac0000,391.0,0.0,3.56,99.0,0
2023-01-15 13:48:32.101427+00:00,70B3D54991EB3BA5,ECHO #2,Echo,Crossden burn @ Greenford Farm,56.55409349771759,-2.7087453156770502,085000000dac26ac0000,394.0,0.0,3.5,99.0,0
2023-01-15 14:04:15.227032+00:00,70B3D54991EB3BA5,ECHO #2,Echo,Crossden burn @ Greenford Farm,56.55409349771759,-2.7087453156770502,085200000dcc26ac0000,392.0,0.0,3.53,99.0,0
2023-01-15 14:19:57.886985+00:00,70B3D54991EB3BA5,ECHO #2,Echo,Crossden burn @ Greenford Farm,56.55409349771759,-2.7087453156770502,085300000d9026ac0000,391.0,0.0,3.47,99.0,0
2023-01-15 14:35:40.198452+00:00,70B3D54991EB3BA5,ECHO #2,Echo,Crossden burn @ Greenford Farm,56.55409349771759,-2.7087453156770502,085200000da826ac0000,392.0,0.0,3.5,99.0,0
2023-01-15 14:51:22.847541+00:00,70B3D54991EB3BA5,ECHO #2,Echo,Crossden burn @ Greenford Farm,56.55409349771759,-2.7087453156770502,085000000dc426ac0000,394.0,0.0,3.52,99.0,0
2023-01-15 15:07:05.803501+00:00,70B3D54991EB3BA5,ECHO #2,Echo,Crossden burn @ Greenford Farm,56.55409349771759,-2.7087453156770502,084f00000dcc26ac0000,395.0,0.0,3.53,99.0,0
2023-01-15 15:22:48.662969+00:00,70B3D54991EB3BA5,ECHO #2,Echo,Crossden burn @ Greenford Farm,56.55409349771759,-2.7087453156770502,085300000df826ac0000,391.0,0.0,3.58,99.0,0
2023-01-15 15:38:29.499492+00:00,70B3D54991EB3BA5,ECHO #2,Echo,Crossden burn @ Greenford Farm,56.55409349771759,-2.7087453156770502,085600000dcc26ac0000,388.0,0.0,3.53,99.0,0
2023-01-15 15:54:13.856955+00:00,70B3D54991EB3BA5,ECHO #2,Echo,Crossden burn @ Greenford Farm,56.55409349771759,-2.7087453156770502,085700000df826ac0000,387.0,0.0,3.58,99.0,0
2023-01-15 16:09:56.171163+00:00,70B3D54991EB3BA5,ECHO #2,Echo,Crossden burn @ Greenford Farm,56.55409349771759,-2.7087453156770502,085700000dcc26ac0000,387.0,0.0,3.53,99.0,0
2023-01-15 16:25:43.099558+00:00,70B3D54991EB3BA5,ECHO #2,Echo,Crossden burn @ Greenford Farm,56.55409349771759,-2.7087453156770502,085000000d8426ac0000,394.0,0.0,3.46,99.0,0
2023-01-15 16:41:24.644327+00:00,70B3D54991EB3BA5,ECHO #2,Echo,Crossden burn @ Greenford Farm,56.55409349771759,-2.7087453156770502,085300000dc826ac0000,391.0,0.0,3.53,99.0,0
2023-01-15 16:57:07.475218+00:00,70B3D54991EB3BA5,ECHO #2,Echo,Crossden burn @ Greenford Farm,56.55409349771759,-2.7087453156770502,085200000d9826ac0000,392.0,0.0,3.48,99.0,0
2023-01-15 17:12:52.855436+00:00,70B3D54991EB3BA5,ECHO #2,Echo,Crossden burn @ Greenford Farm,56.55409349771759,-2.7087453156770502,085b00000dac26ac0000,383.0,0.0,3.5,99.0,0
2023-01-15 17:28:34.434745+00:00,70B3D54991EB3BA5,ECHO #2,Echo,Crossden burn @ Greenford Farm,56.55409349771759,-2.7087453156770502,085f00000da426ac0000,379.0,0.0,3.49,99.0,0
2023-01-15 17:44:19.333257+00:00,70B3D54991EB3BA5,ECHO #2,Echo,Crossden burn @ Greenford Farm,56.55409349771759,-2.7087453156770502,085600000db426ac0000,388.0,0.0,3.51,99.0,0
2023-01-15 18:00:01.782960+00:00,70B3D54991EB3BA5,ECHO #2,Echo,Crossden burn @ Greenford Farm,56.55409349771759,-2.7087453156770502,085900000dd826ac0000,385.0,0.0,3.54,99.0,0
2023-01-15 18:15:46.183542+00:00,70B3D54991EB3BA5,ECHO #2,Echo,Crossden burn @ Greenford Farm,56.55409349771759,-2.7087453156770502,085500000db426ac0000,389.0,0.0,3.51,99.0,0
2023-01-15 18:31:31.817047+00:00,70B3D54991EB3BA5,ECHO #2,Echo,Crossden burn @ Greenford Farm,56.55409349771759,-2.7087453156770502,085b00000dc426ac0000,383.0,0.0,3.52,99.0,0
2023-01-15 18:47:16.618458+00:00,70B3D54991EB3BA5,ECHO #2,Echo,Crossden burn @ Greenford Farm,56.55409349771759,-2.7087453156770502,085900000dc426ac0000,385.0,0.0,3.52,99.0,0
2023-01-15 19:02:59.276645+00:00,70B3D54991EB3BA5,ECHO #2,Echo,Crossden burn @ Greenford Farm,56.55409349771759,-2.7087453156770502,085800000da426ac0000,386.0,0.0,3.49,99.0,0
2023-01-15 19:18:41.941230+00:00,70B3D54991EB3BA5,ECHO #2,Echo,Crossden burn @ Greenford Farm,56.55409349771759,-2.7087453156770502,085400000da826ac0000,390.0,0.0,3.5,99.0,0
2023-01-15 19:34:25.392581+00:00,70B3D54991EB3BA5,ECHO #2,Echo,Crossden burn @ Greenford Farm,56.55409349771759,-2.7087453156770502,085400000dc026ac0000,390.0,0.0,3.52,99.0,0
2023-01-15 19:50:12.590785+00:00,70B3D54991EB3BA5,ECHO #2,Echo,Crossden burn @ Greenford Farm,56.55409349771759,-2.7087453156770502,085900000db026ac0000,385.0,0.0,3.5,99.0,0
2023-01-15 20:05:54.503906+00:00,70B3D54991EB3BA5,ECHO #2,Echo,Crossden burn @ Greenford Farm,56.55409349771759,-2.7087453156770502,085b00000db426ac0000,383.0,0.0,3.51,99.0,0
2023-01-15 20:21:37.414825+00:00,70B3D54991EB3BA5,ECHO #2,Echo,Crossden burn @ Greenford Farm,56.55409349771759,-2.7087453156770502,085e00000ddc26ac0000,380.0,0.0,3.55,99.0,0
2023-01-15 20:37:22.789323+00:00,70B3D54991EB3BA5,ECHO #2,Echo,Crossden burn @ Greenford Farm,56.55409349771759,-2.7087453156770502,085800000d9426ac0000,386.0,0.0,3.48,99.0,0
2023-01-15 20:53:09.409766+00:00,70B3D54991EB3BA5,ECHO #2,Echo,Crossden burn @ Greenford Farm,56.55409349771759,-2.7087453156770502,085f00000d9026ac0000,379.0,0.0,3.47,99.0,0
2023-01-15 21:08:51.422930+00:00,70B3D54991EB3BA5,ECHO #2,Echo,Crossden burn @ Greenford Farm,56.55409349771759,-2.7087453156770502,085f00000d9426ac0000,379.0,0.0,3.48,99.0,0
2023-01-15 21:24:34.184868+00:00,70B3D54991EB3BA5,ECHO #2,Echo,Crossden burn @ Greenford Farm,56.55409349771759,-2.7087453156770502,085d00000d8c26ac0000,381.0,0.0,3.47,99.0,0
2023-01-15 21:40:17.768068+00:00,70B3D54991EB3BA5,ECHO #2,Echo,Crossden burn @ Greenford Farm,56.55409349771759,-2.7087453156770502,085b00000da426ac0000,383.0,0.0,3.49,99.0,0
2023-01-15 22:11:49.154186+00:00,70B3D54991EB3BA5,ECHO #2,Echo,Crossden burn @ Greenford Farm,56.55409349771759,-2.7087453156770502,085a00000da826ac0000,384.0,0.0,3.5,99.0,0
2023-01-15 22:27:32.588844+00:00,70B3D54991EB3BA5,ECHO #2,Echo,Crossden burn @ Greenford Farm,56.55409349771759,-2.7087453156770502,085a00000dc426ac0000,384.0,0.0,3.52,99.0,0
2023-01-15 22:43:16.041345+00:00,70B3D54991EB3BA5,ECHO #2,Echo,Crossden burn @ Greenford Farm,56.55409349771759,-2.7087453156770502,085e00000db426ac0000,380.0,0.0,3.51,99.0,0
2023-01-15 22:58:58.614298+00:00,70B3D54991EB3BA5,ECHO #2,Echo,Crossden burn @ Greenford Farm,56.55409349771759,-2.7087453156770502,085d00000d9c26ac0000,381.0,0.0,3.48,99.0,0
2023-01-15 23:14:41.374641+00:00,70B3D54991EB3BA5,ECHO #2,Echo,Crossden burn @ Greenford Farm,56.55409349771759,-2.7087453156770502,085a00000db426ac0000,384.0,0.0,3.51,99.0,0
2023-01-15 23:30:24.518891+00:00,70B3D54991EB3BA5,ECHO #2,Echo,Crossden burn @ Greenford Farm,56.55409349771759,-2.7087453156770502,085b00000da826ac0000,383.0,0.0,3.5,99.0,0
2023-01-15 23:46:07.420477+00:00,70B3D54991EB3BA5,ECHO #2,Echo,Crossden burn @ Greenford Farm,56.55409349771759,-2.7087453156770502,085c00000d9026ac0000,382.0,0.0,3.47,99.0,0
2023-01-16 00:01:49.756891+00:00,70B3D54991EB3BA5,ECHO #2,Echo,Crossden burn @ Greenford Farm,56.55409349771759,-2.7087453156770502,085b00000dc426ac0000,383.0,0.0,3.52,99.0,0
2023-01-16 00:17:33.042533+00:00,70B3D54991EB3BA5,ECHO #2,Echo,Crossden burn @ Greenford Farm,56.55409349771759,-2.7087453156770502,085f00000d9426ac0000,379.0,0.0,3.48,99.0,0
2023-01-16 00:33:16.717318+00:00,70B3D54991EB3BA5,ECHO #2,Echo,Crossden burn @ Greenford Farm,56.55409349771759,-2.7087453156770502,085d00000dd426ac0000,381.0,0.0,3.54,99.0,0
2023-01-16 00:48:59.198316+00:00,70B3D54991EB3BA5,ECHO #2,Echo,Crossden burn @ Greenford Farm,56.55409349771759,-2.7087453156770502,086000000db426ac0000,378.0,0.0,3.51,99.0,0
2023-01-16 01:04:41.038664+00:00,70B3D54991EB3BA5,ECHO #2,Echo,Crossden burn @ Greenford Farm,56.55409349771759,-2.7087453156770502,085f00000d8c26ac0000,379.0,0.0,3.47,99.0,0
2023-01-16 01:20:24.576736+00:00,70B3D54991EB3BA5,ECHO #2,Echo,Crossden burn @ Greenford Farm,56.55409349771759,-2.7087453156770502,085f00000d9026ac0000,379.0,0.0,3.47,99.0,0
2023-01-16 01:36:07.087868+00:00,70B3D54991EB3BA5,ECHO #2,Echo,Crossden burn @ Greenford Farm,56.55409349771759,-2.7087453156770502,086100000db426ac0000,377.0,0.0,3.51,99.0,0
2023-01-16 01:51:50.370541+00:00,70B3D54991EB3BA5,ECHO #2,Echo,Crossden burn @ Greenford Farm,56.55409349771759,-2.7087453156770502,086100000dc826ac0000,377.0,0.0,3.53,99.0,0
2023-01-16 02:07:32.673639+00:00,70B3D54991EB3BA5,ECHO #2,Echo,Crossden burn @ Greenford Farm,56.55409349771759,-2.7087453156770502,086200000d8c26ac0000,376.0,0.0,3.47,99.0,0
2023-01-16 02:23:15.361178+00:00,70B3D54991EB3BA5,ECHO #2,Echo,Crossden burn @ Greenford Farm,56.55409349771759,-2.7087453156770502,086200000dcc26ac0000,376.0,0.0,3.53,99.0,0
2023-01-16 02:38:57.954302+00:00,70B3D54991EB3BA5,ECHO #2,Echo,Crossden burn @ Greenford Farm,56.55409349771759,-2.7087453156770502,086300000dd826ac0000,375.0,0.0,3.54,99.0,0
2023-01-16 02:54:40.723896+00:00,70B3D54991EB3BA5,ECHO #2,Echo,Crossden burn @ Greenford Farm,56.55409349771759,-2.7087453156770502,086400000db426ac0000,374.0,0.0,3.51,99.0,0
2023-01-16 03:10:22.945455+00:00,70B3D54991EB3BA5,ECHO #2,Echo,Crossden burn @ Greenford Farm,56.55409349771759,-2.7087453156770502,086400000da026ac0000,374.0,0.0,3.49,99.0,0
2023-01-16 03:26:05.356996+00:00,70B3D54991EB3BA5,ECHO #2,Echo,Crossden burn @ Greenford Farm,56.55409349771759,-2.7087453156770502,086200000dc826ac0000,376.0,0.0,3.53,99.0,0
2023-01-16 03:41:47.754837+00:00,70B3D54991EB3BA5,ECHO #2,Echo,Crossden burn @ Greenford Farm,56.55409349771759,-2.7087453156770502,086100000db426ac0000,377.0,0.0,3.51,99.0,0
2023-01-16 03:57:30.388686+00:00,70B3D54991EB3BA5,ECHO #2,Echo,Crossden burn @ Greenford Farm,56.55409349771759,-2.7087453156770502,086500000db026ac0000,373.0,0.0,3.5,99.0,0
2023-01-16 04:13:13.188036+00:00,70B3D54991EB3BA5,ECHO #2,Echo,Crossden burn @ Greenford Farm,56.55409349771759,-2.7087453156770502,086900000da426ac0000,369.0,0.0,3.49,99.0,0
2023-01-16 04:28:56.145665+00:00,70B3D54991EB3BA5,ECHO #2,Echo,Crossden burn @ Greenford Farm,56.55409349771759,-2.7087453156770502,086800000dd826ac0000,370.0,0.0,3.54,99.0,0
2023-01-16 04:44:38.710261+00:00,70B3D54991EB3BA5,ECHO #2,Echo,Crossden burn @ Greenford Farm,56.55409349771759,-2.7087453156770502,086500000de426ac0000,373.0,0.0,3.56,99.0,0
2023-01-16 05:00:21.256862+00:00,70B3D54991EB3BA5,ECHO #2,Echo,Crossden burn @ Greenford Farm,56.55409349771759,-2.7087453156770502,086500000d9826ac0000,373.0,0.0,3.48,99.0,0
2023-01-16 05:16:03.026825+00:00,70B3D54991EB3BA5,ECHO #2,Echo,Crossden burn @ Greenford Farm,56.55409349771759,-2.7087453156770502,086900000d9c26ac0000,369.0,0.0,3.48,99.0,0
2023-01-16 05:31:44.987595+00:00,70B3D54991EB3BA5,ECHO #2,Echo,Crossden burn @ Greenford Farm,56.55409349771759,-2.7087453156770502,086900000d9426ac0000,369.0,0.0,3.48,99.0,0
2023-01-16 06:03:09.222256+00:00,70B3D54991EB3BA5,ECHO #2,Echo,Crossden burn @ Greenford Farm,56.55409349771759,-2.7087453156770502,086700000da426ac0000,371.0,0.0,3.49,99.0,0
2023-01-16 06:18:51.034248+00:00,70B3D54991EB3BA5,ECHO #2,Echo,Crossden burn @ Greenford Farm,56.55409349771759,-2.7087453156770502,086b00000d9426ac0000,367.0,0.0,3.48,99.0,0
2023-01-16 06:34:33.428072+00:00,70B3D54991EB3BA5,ECHO #2,Echo,Crossden burn @ Greenford Farm,56.55409349771759,-2.7087453156770502,086900000d6026ac0000,369.0,0.0,3.42,99.0,0
2023-01-16 07:05:59.656580+00:00,70B3D54991EB3BA5,ECHO #2,Echo,Crossden burn @ Greenford Farm,56.55409349771759,-2.7087453156770502,086600000d7026ac0000,372.0,0.0,3.44,99.0,0
2023-01-16 07:21:41.975623+00:00,70B3D54991EB3BA5,ECHO #2,Echo,Crossden burn @ Greenford Farm,56.55409349771759,-2.7087453156770502,086800000d9026ac0000,370.0,0.0,3.47,99.0,0
2023-01-16 07:37:24.604217+00:00,70B3D54991EB3BA5,ECHO #2,Echo,Crossden burn @ Greenford Farm,56.55409349771759,-2.7087453156770502,086600000da426ac0000,372.0,0.0,3.49,99.0,0
2023-01-16 07:53:07.967802+00:00,70B3D54991EB3BA5,ECHO #2,Echo,Crossden burn @ Greenford Farm,56.55409349771759,-2.7087453156770502,086700000ddc26ac0000,371.0,0.0,3.55,99.0,0
2023-01-16 08:08:52.225832+00:00,70B3D54991EB3BA5,ECHO #2,Echo,Crossden burn @ Greenford Farm,56.55409349771759,-2.7087453156770502,086900000da426ac0000,369.0,0.0,3.49,99.0,0
2023-01-16 08:24:34.686692+00:00,70B3D54991EB3BA5,ECHO #2,Echo,Crossden burn @ Greenford Farm,56.55409349771759,-2.7087453156770502,086a00000da826ac0000,368.0,0.0,3.5,99.0,0
2023-01-16 08:40:17.368866+00:00,70B3D54991EB3BA5,ECHO #2,Echo,Crossden burn @ Greenford Farm,56.55409349771759,-2.7087453156770502,086900000dd426ac0000,369.0,0.0,3.54,99.0,0
2023-01-16 08:56:00.388935+00:00,70B3D54991EB3BA5,ECHO #2,Echo,Crossden burn @ Greenford Farm,56.55409349771759,-2.7087453156770502,086a00000da826ac0000,368.0,0.0,3.5,99.0,0
2023-01-16 09:11:44.402447+00:00,70B3D54991EB3BA5,ECHO #2,Echo,Crossden burn @ Greenford Farm,56.55409349771759,-2.7087453156770502,086800000dac26ac0000,370.0,0.0,3.5,99.0,0
2023-01-16 09:27:36.940088+00:00,70B3D54991EB3BA5,ECHO #2,Echo,Crossden burn @ Greenford Farm,56.55409349771759,-2.7087453156770502,087200000de026ac0000,360.0,0.0,3.55,99.0,0
2023-01-16 09:43:22.564160+00:00,70B3D54991EB3BA5,ECHO #2,Echo,Crossden burn @ Greenford Farm,56.55409349771759,-2.7087453156770502,087200000d9c26ac0000,360.0,0.0,3.48,99.0,0
2023-01-16 09:59:07.551833+00:00,70B3D54991EB3BA5,ECHO #2,Echo,Crossden burn @ Greenford Farm,56.55409349771759,-2.7087453156770502,087400000d8826ac0000,358.0,0.0,3.46,99.0,0
2023-01-16 10:14:51.569943+00:00,70B3D54991EB3BA5,ECHO #2,Echo,Crossden burn @ Greenford Farm,56.55409349771759,-2.7087453156770502,087700000d8826ac0000,355.0,0.0,3.46,99.0,0
2023-01-16 10:30:35.286460+00:00,70B3D54991EB3BA5,ECHO #2,Echo,Crossden burn @ Greenford Farm,56.55409349771759,-2.7087453156770502,087500000dcc26ac0000,357.0,0.0,3.53,99.0,0
2023-01-16 11:02:01.759990+00:00,70B3D54991EB3BA5,ECHO #2,Echo,Crossden burn @ Greenford Farm,56.55409349771759,-2.7087453156770502,087600000dd426ac0000,356.0,0.0,3.54,99.0,0
2023-01-16 11:17:44.276084+00:00,70B3D54991EB3BA5,ECHO #2,Echo,Crossden burn @ Greenford Farm,56.55409349771759,-2.7087453156770502,087800000d9c26ac0000,354.0,0.0,3.48,99.0,0
2023-01-16 11:33:26.952409+00:00,70B3D54991EB3BA5,ECHO #2,Echo,Crossden burn @ Greenford Farm,56.55409349771759,-2.7087453156770502,087700000da026ac0000,355.0,0.0,3.49,99.0,0
2023-01-16 11:49:10.118251+00:00,70B3D54991EB3BA5,ECHO #2,Echo,Crossden burn @ Greenford Farm,56.55409349771759,-2.7087453156770502,087a00000e0426ac0000,352.0,0.0,3.59,99.0,0
2023-01-16 12:04:52.515466+00:00,70B3D54991EB3BA5,ECHO #2,Echo,Crossden burn @ Greenford Farm,56.55409349771759,-2.7087453156770502,087800000df426ac0000,354.0,0.0,3.57,99.0,0
2023-01-16 12:20:34.532323+00:00,70B3D54991EB3BA5,ECHO #2,Echo,Crossden burn @ Greenford Farm,56.55409349771759,-2.7087453156770502,087900000de826ac0000,353.0,0.0,3.56,99.0,0
2023-01-16 12:52:00.944273+00:00,70B3D54991EB3BA5,ECHO #2,Echo,Crossden burn @ Greenford Farm,56.55409349771759,-2.7087453156770502,087700000de026ac0000,355.0,0.0,3.55,99.0,0
2023-01-16 13:07:42.945016+00:00,70B3D54991EB3BA5,ECHO #2,Echo,Crossden burn @ Greenford Farm,56.55409349771759,-2.7087453156770502,087800000de826ac0000,354.0,0.0,3.56,99.0,0
2023-01-16 13:23:24.915147+00:00,70B3D54991EB3BA5,ECHO #2,Echo,Crossden burn @ Greenford Farm,56.55409349771759,-2.7087453156770502,087900000de826ac0000,353.0,0.0,3.56,99.0,0
2023-01-16 13:39:06.864621+00:00,70B3D54991EB3BA5,ECHO #2,Echo,Crossden burn @ Greenford Farm,56.55409349771759,-2.7087453156770502,087900000ddc26ac0000,353.0,0.0,3.55,99.0,0
2023-01-16 13:54:48.861039+00:00,70B3D54991EB3BA5,ECHO #2,Echo,Crossden burn @ Greenford Farm,56.55409349771759,-2.7087453156770502,087800000d9826ac0000,354.0,0.0,3.48,99.0,0
2023-01-16 14:10:31.329511+00:00,70B3D54991EB3BA5,ECHO #2,Echo,Crossden burn @ Greenford Farm,56.55409349771759,-2.7087453156770502,087800000dcc26ac0000,354.0,0.0,3.53,99.0,0
2023-01-16 14:26:13.227382+00:00,70B3D54991EB3BA5,ECHO #2,Echo,Crossden burn @ Greenford Farm,56.55409349771759,-2.7087453156770502,087800000dd826ac0000,354.0,0.0,3.54,99.0,0
2023-01-16 14:41:54.876885+00:00,70B3D54991EB3BA5,ECHO #2,Echo,Crossden burn @ Greenford Farm,56.55409349771759,-2.7087453156770502,087500000d8c26ac0000,357.0,0.0,3.47,99.0,0
2023-01-16 14:57:37.826945+00:00,70B3D54991EB3BA5,ECHO #2,Echo,Crossden burn @ Greenford Farm,56.55409349771759,-2.7087453156770502,087600000d7026ac0000,356.0,0.0,3.44,99.0,0
2023-01-16 15:13:20.823437+00:00,70B3D54991EB3BA5,ECHO #2,Echo,Crossden burn @ Greenford Farm,56.55409349771759,-2.7087453156770502,087600000d7426ac0000,356.0,0.0,3.44,99.0,0
2023-01-16 15:29:02.324069+00:00,70B3D54991EB3BA5,ECHO #2,Echo,Crossden burn @ Greenford Farm,56.55409349771759,-2.7087453156770502,087500000d6826ac0000,357.0,0.0,3.43,99.0,0
2023-01-16 15:44:45.768565+00:00,70B3D54991EB3BA5,ECHO #2,Echo,Crossden burn @ Greenford Farm,56.55409349771759,-2.7087453156770502,087500000d6026ac0000,357.0,0.0,3.42,99.0,0
2023-01-16 16:00:28.205094+00:00,70B3D54991EB3BA5,ECHO #2,Echo,Crossden burn @ Greenford Farm,56.55409349771759,-2.7087453156770502,087400000dc826ac0000,358.0,0.0,3.53,99.0,0
2023-01-16 16:16:13.460768+00:00,70B3D54991EB3BA5,ECHO #2,Echo,Crossden burn @ Greenford Farm,56.55409349771759,-2.7087453156770502,087800000dcc26ac0000,354.0,0.0,3.53,99.0,0
2023-01-16 16:31:55.920602+00:00,70B3D54991EB3BA5,ECHO #2,Echo,Crossden burn @ Greenford Farm,56.55409349771759,-2.7087453156770502,087500000dc426ac0000,357.0,0.0,3.52,99.0,0
2023-01-16 16:47:38.631514+00:00,70B3D54991EB3BA5,ECHO #2,Echo,Crossden burn @ Greenford Farm,56.55409349771759,-2.7087453156770502,087300000dd026ac0000,359.0,0.0,3.54,99.0,0
2023-01-16 17:03:21.782095+00:00,70B3D54991EB3BA5,ECHO #2,Echo,Crossden burn @ Greenford Farm,56.55409349771759,-2.7087453156770502,087500000db026ac0000,357.0,0.0,3.5,99.0,0
2023-01-16 17:19:04.665230+00:00,70B3D54991EB3BA5,ECHO #2,Echo,Crossden burn @ Greenford Farm,56.55409349771759,-2.7087453156770502,087600000d7026ac0000,356.0,0.0,3.44,99.0,0
2023-01-16 17:34:47.153183+00:00,70B3D54991EB3BA5,ECHO #2,Echo,Crossden burn @ Greenford Farm,56.55409349771759,-2.7087453156770502,087700000d6826ac0000,355.0,0.0,3.43,99.0,0
2023-01-16 17:50:29.894459+00:00,70B3D54991EB3BA5,ECHO #2,Echo,Crossden burn @ Greenford Farm,56.55409349771759,-2.7087453156770502,087500000d6826ac0000,357.0,0.0,3.43,99.0,0
2023-01-16 18:06:12.042541+00:00,70B3D54991EB3BA5,ECHO #2,Echo,Crossden burn @ Greenford Farm,56.55409349771759,-2.7087453156770502,087600000dcc26ac0000,356.0,0.0,3.53,99.0,0
2023-01-16 18:21:54.441662+00:00,70B3D54991EB3BA5,ECHO #2,Echo,Crossden burn @ Greenford Farm,56.55409349771759,-2.7087453156770502,087800000da026ac0000,354.0,0.0,3.49,99.0,0
2023-01-16 18:37:39.268480+00:00,70B3D54991EB3BA5,ECHO #2,Echo,Crossden burn @ Greenford Farm,56.55409349771759,-2.7087453156770502,087c00000d6026ac0000,350.0,0.0,3.42,99.0,0
2023-01-16 18:53:21.830451+00:00,70B3D54991EB3BA5,ECHO #2,Echo,Crossden burn @ Greenford Farm,56.55409349771759,-2.7087453156770502,087f00000d7426ac0000,347.0,0.0,3.44,99.0,0
2023-01-16 19:09:06.559890+00:00,70B3D54991EB3BA5,ECHO #2,Echo,Crossden burn @ Greenford Farm,56.55409349771759,-2.7087453156770502,087800000d6026ac0000,354.0,0.0,3.42,99.0,0
2023-01-16 19:40:32.956154+00:00,70B3D54991EB3BA5,ECHO #2,Echo,Crossden burn @ Greenford Farm,56.55409349771759,-2.7087453156770502,087a00000d6826ac0000,352.0,0.0,3.43,99.0,0
2023-01-16 19:56:16.085581+00:00,70B3D54991EB3BA5,ECHO #2,Echo,Crossden burn @ Greenford Farm,56.55409349771759,-2.7087453156770502,087a00000d8c26ac0000,352.0,0.0,3.47,99.0,0
2023-01-16 20:11:58.600906+00:00,70B3D54991EB3BA5,ECHO #2,Echo,Crossden burn @ Greenford Farm,56.55409349771759,-2.7087453156770502,087a00000d8826ac0000,352.0,0.0,3.46,99.0,0
2023-01-16 20:27:40.828634+00:00,70B3D54991EB3BA5,ECHO #2,Echo,Crossden burn @ Greenford Farm,56.55409349771759,-2.7087453156770502,087e00000d5826ac0000,348.0,0.0,3.42,99.0,0
2023-01-16 20:43:24.067012+00:00,70B3D54991EB3BA5,ECHO #2,Echo,Crossden burn @ Greenford Farm,56.55409349771759,-2.7087453156770502,087d00000d9426ac0000,349.0,0.0,3.48,99.0,0
2023-01-16 20:59:06.711708+00:00,70B3D54991EB3BA5,ECHO #2,Echo,Crossden burn @ Greenford Farm,56.55409349771759,-2.7087453156770502,087a00000db426ac0000,352.0,0.0,3.51,99.0,0
2023-01-16 21:14:49.722021+00:00,70B3D54991EB3BA5,ECHO #2,Echo,Crossden burn @ Greenford Farm,56.55409349771759,-2.7087453156770502,087c00000dcc26ac0000,350.0,0.0,3.53,99.0,0
2023-01-16 21:30:32.100841+00:00,70B3D54991EB3BA5,ECHO #2,Echo,Crossden burn @ Greenford Farm,56.55409349771759,-2.7087453156770502,087f00000d8826ac0000,347.0,0.0,3.46,99.0,0
2023-01-16 21:46:15.519700+00:00,70B3D54991EB3BA5,ECHO #2,Echo,Crossden burn @ Greenford Farm,56.55409349771759,-2.7087453156770502,087c00000da826ac0000,350.0,0.0,3.5,99.0,0
2023-01-16 22:01:58.581235+00:00,70B3D54991EB3BA5,ECHO #2,Echo,Crossden burn @ Greenford Farm,56.55409349771759,-2.7087453156770502,087b00000db026ac0000,351.0,0.0,3.5,99.0,0
2023-01-16 22:17:41.194507+00:00,70B3D54991EB3BA5,ECHO #2,Echo,Crossden burn @ Greenford Farm,56.55409349771759,-2.7087453156770502,087c00000d9026ac0000,350.0,0.0,3.47,99.0,0
2023-01-16 22:33:24.463596+00:00,70B3D54991EB3BA5,ECHO #2,Echo,Crossden burn @ Greenford Farm,56.55409349771759,-2.7087453156770502,087d00000df026ac0000,349.0,0.0,3.57,99.0,0
2023-01-16 22:49:06.013225+00:00,70B3D54991EB3BA5,ECHO #2,Echo,Crossden burn @ Greenford Farm,56.55409349771759,-2.7087453156770502,087b00000d4426ac0000,351.0,0.0,3.4,99.0,0
2023-01-16 23:04:52.384228+00:00,70B3D54991EB3BA5,ECHO #2,Echo,Crossden burn @ Greenford Farm,56.55409349771759,-2.7087453156770502,087f00000de026ac0000,347.0,0.0,3.55,99.0,0
2023-01-16 23:20:34.126284+00:00,70B3D54991EB3BA5,ECHO #2,Echo,Crossden burn @ Greenford Farm,56.55409349771759,-2.7087453156770502,087b00000d5826ac0000,351.0,0.0,3.42,99.0,0
2023-01-16 23:36:18.633602+00:00,70B3D54991EB3BA5,ECHO #2,Echo,Crossden burn @ Greenford Farm,56.55409349771759,-2.7087453156770502,087d00000d8826ac0000,349.0,0.0,3.46,99.0,0
2023-01-16 23:52:00.600421+00:00,70B3D54991EB3BA5,ECHO #2,Echo,Crossden burn @ Greenford Farm,56.55409349771759,-2.7087453156770502,087e00000d5826ac0000,348.0,0.0,3.42,99.0,0
2023-01-17 00:07:44.385699+00:00,70B3D54991EB3BA5,ECHO #2,Echo,Crossden burn @ Greenford Farm,56.55409349771759,-2.7087453156770502,087d00000dcc26ac0000,349.0,0.0,3.53,99.0,0
2023-01-17 00:23:26.860199+00:00,70B3D54991EB3BA5,ECHO #2,Echo,Crossden burn @ Greenford Farm,56.55409349771759,-2.7087453156770502,087e00000df426ac0000,348.0,0.0,3.57,99.0,0
2023-01-17 00:39:08.395038+00:00,70B3D54991EB3BA5,ECHO #2,Echo,Crossden burn @ Greenford Farm,56.55409349771759,-2.7087453156770502,087d00000d7426ac0000,349.0,0.0,3.44,99.0,0
2023-01-17 00:54:52.305229+00:00,70B3D54991EB3BA5,ECHO #2,Echo,Crossden burn @ Greenford Farm,56.55409349771759,-2.7087453156770502,088000000db026ac0000,346.0,0.0,3.5,99.0,0
2023-01-17 01:10:34.193231+00:00,70B3D54991EB3BA5,ECHO #2,Echo,Crossden burn @ Greenford Farm,56.55409349771759,-2.7087453156770502,088100000d6026ac0000,345.0,0.0,3.42,99.0,0
2023-01-17 01:26:21.037312+00:00,70B3D54991EB3BA5,ECHO #2,Echo,Crossden burn @ Greenford Farm,56.55409349771759,-2.7087453156770502,087f00000d8026ac0000,347.0,0.0,3.46,99.0,0
2023-01-17 01:42:04.108524+00:00,70B3D54991EB3BA5,ECHO #2,Echo,Crossden burn @ Greenford Farm,56.55409349771759,-2.7087453156770502,087e00000dcc26ac0000,348.0,0.0,3.53,99.0,0
2023-01-17 01:57:47.129598+00:00,70B3D54991EB3BA5,ECHO #2,Echo,Crossden burn @ Greenford Farm,56.55409349771759,-2.7087453156770502,087f00000de426ac0000,347.0,0.0,3.56,99.0,0
2023-01-17 02:13:28.602915+00:00,70B3D54991EB3BA5,ECHO #2,Echo,Crossden burn @ Greenford Farm,56.55409349771759,-2.7087453156770502,088100000db026ac0000,345.0,0.0,3.5,99.0,0
2023-01-17 02:29:12.291757+00:00,70B3D54991EB3BA5,ECHO #2,Echo,Crossden burn @ Greenford Farm,56.55409349771759,-2.7087453156770502,087f00000dc426ac0000,347.0,0.0,3.52,99.0,0
2023-01-17 02:44:54.167006+00:00,70B3D54991EB3BA5,ECHO #2,Echo,Crossden burn @ Greenford Farm,56.55409349771759,-2.7087453156770502,088300000da426ac0000,343.0,0.0,3.49,99.0,0
2023-01-17 03:00:38.296419+00:00,70B3D54991EB3BA5,ECHO #2,Echo,Crossden burn @ Greenford Farm,56.55409349771759,-2.7087453156770502,088200000dc026ac0000,344.0,0.0,3.52,99.0,0
2023-01-17 03:16:20.183793+00:00,70B3D54991EB3BA5,ECHO #2,Echo,Crossden burn @ Greenford Farm,56.55409349771759,-2.7087453156770502,088400000dcc26ac0000,342.0,0.0,3.53,99.0,0
2023-01-17 03:32:05.666128+00:00,70B3D54991EB3BA5,ECHO #2,Echo,Crossden burn @ Greenford Farm,56.55409349771759,-2.7087453156770502,088200000dd026ac0000,344.0,0.0,3.54,99.0,0
2023-01-17 03:47:48.373575+00:00,70B3D54991EB3BA5,ECHO #2,Echo,Crossden burn @ Greenford Farm,56.55409349771759,-2.7087453156770502,088000000d8826ac0000,346.0,0.0,3.46,99.0,0
2023-01-17 04:03:32.525309+00:00,70B3D54991EB3BA5,ECHO #2,Echo,Crossden burn @ Greenford Farm,56.55409349771759,-2.7087453156770502,088100000de826ac0000,345.0,0.0,3.56,99.0,0
2023-01-17 04:34:58.441131+00:00,70B3D54991EB3BA5,ECHO #2,Echo,Crossden burn @ Greenford Farm,56.55409349771759,-2.7087453156770502,088000000dc426ac0000,346.0,0.0,3.52,99.0,0
2023-01-17 04:50:40.469128+00:00,70B3D54991EB3BA5,ECHO #2,Echo,Crossden burn @ Greenford Farm,56.55409349771759,-2.7087453156770502,088200000d5426ac0000,344.0,0.0,3.41,99.0,0
2023-01-17 05:06:24.041562+00:00,70B3D54991EB3BA5,ECHO #2,Echo,Crossden burn @ Greenford Farm,56.55409349771759,-2.7087453156770502,088500000d9826ac0000,341.0,0.0,3.48,99.0,0
2023-01-17 05:22:06.079151+00:00,70B3D54991EB3BA5,ECHO #2,Echo,Crossden burn @ Greenford Farm,56.55409349771759,-2.7087453156770502,088300000d6826ac0000,343.0,0.0,3.43,99.0,0
2023-01-17 05:37:49.400203+00:00,70B3D54991EB3BA5,ECHO #2,Echo,Crossden burn @ Greenford Farm,56.55409349771759,-2.7087453156770502,088400000d8026ac0000,342.0,0.0,3.46,99.0,0
2023-01-17 06:09:14.765986+00:00,70B3D54991EB3BA5,ECHO #2,Echo,Crossden burn @ Greenford Farm,56.55409349771759,-2.7087453156770502,088400000d6826ac0000,342.0,0.0,3.43,99.0,0
2023-01-17 06:24:59.024958+00:00,70B3D54991EB3BA5,ECHO #2,Echo,Crossden burn @ Greenford Farm,56.55409349771759,-2.7087453156770502,088400000d9c26ac0000,342.0,0.0,3.48,99.0,0
2023-01-17 06:40:40.776407+00:00,70B3D54991EB3BA5,ECHO #2,Echo,Crossden burn @ Greenford Farm,56.55409349771759,-2.7087453156770502,088200000da826ac0000,344.0,0.0,3.5,99.0,0
2023-01-17 06:56:23.245976+00:00,70B3D54991EB3BA5,ECHO #2,Echo,Crossden burn @ Greenford Farm,56.55409349771759,-2.7087453156770502,088400000d7426ac0000,342.0,0.0,3.44,99.0,0
2023-01-17 07:12:05.920363+00:00,70B3D54991EB3BA5,ECHO #2,Echo,Crossden burn @ Greenford Farm,56.55409349771759,-2.7087453156770502,088300000d6026ac0000,343.0,0.0,3.42,99.0,0
2023-01-17 07:27:48.600713+00:00,70B3D54991EB3BA5,ECHO #2,Echo,Crossden burn @ Greenford Farm,56.55409349771759,-2.7087453156770502,088200000dc826ac0000,344.0,0.0,3.53,99.0,0
2023-01-17 07:43:31.246743+00:00,70B3D54991EB3BA5,ECHO #2,Echo,Crossden burn @ Greenford Farm,56.55409349771759,-2.7087453156770502,088500000d5826ac0000,341.0,0.0,3.42,99.0,0
2023-01-17 07:59:16.383000+00:00,70B3D54991EB3BA5,ECHO #2,Echo,Crossden burn @ Greenford Farm,56.55409349771759,-2.7087453156770502,088700000dc826ac0000,339.0,0.0,3.53,99.0,0
2023-01-17 08:14:59.069000+00:00,70B3D54991EB3BA5,ECHO #2,Echo,Crossden burn @ Greenford Farm,56.55409349771759,-2.7087453156770502,088600000d8c26ac0000,340.0,0.0,3.47,99.0,0
2023-01-17 08:30:42.185106+00:00,70B3D54991EB3BA5,ECHO #2,Echo,Crossden burn @ Greenford Farm,56.55409349771759,-2.7087453156770502,088500000d9026ac0000,341.0,0.0,3.47,99.0,0
2023-01-17 08:46:25.318195+00:00,70B3D54991EB3BA5,ECHO #2,Echo,Crossden burn @ Greenford Farm,56.55409349771759,-2.7087453156770502,088400000d8026ac0000,342.0,0.0,3.46,99.0,0
2023-01-17 09:02:11.668191+00:00,70B3D54991EB3BA5,ECHO #2,Echo,Crossden burn @ Greenford Farm,56.55409349771759,-2.7087453156770502,088a00000dac26ac0000,336.0,0.0,3.5,99.0,0
2023-01-17 09:17:57.042682+00:00,70B3D54991EB3BA5,ECHO #2,Echo,Crossden burn @ Greenford Farm,56.55409349771759,-2.7087453156770502,088a00000dd426ac0000,336.0,0.0,3.54,99.0,0
2023-01-17 09:33:44.577419+00:00,70B3D54991EB3BA5,ECHO #2,Echo,Crossden burn @ Greenford Farm,56.55409349771759,-2.7087453156770502,088d00000de026ac0000,333.0,0.0,3.55,99.0,0
2023-01-17 09:49:29.371242+00:00,70B3D54991EB3BA5,ECHO #2,Echo,Crossden burn @ Greenford Farm,56.55409349771759,-2.7087453156770502,088d00000d9c26ac0000,333.0,0.0,3.48,99.0,0
2023-01-17 10:05:13.383041+00:00,70B3D54991EB3BA5,ECHO #2,Echo,Crossden burn @ Greenford Farm,56.55409349771759,-2.7087453156770502,088e00000da026ac0000,332.0,0.0,3.49,99.0,0
2023-01-17 10:20:56.971141+00:00,70B3D54991EB3BA5,ECHO #2,Echo,Crossden burn @ Greenford Farm,56.55409349771759,-2.7087453156770502,089000000df826ac0000,330.0,0.0,3.58,99.0,0
2023-01-17 10:36:40.686092+00:00,70B3D54991EB3BA5,ECHO #2,Echo,Crossden burn @ Greenford Farm,56.55409349771759,-2.7087453156770502,089000000da026ac0000,330.0,0.0,3.49,99.0,0
2023-01-17 10:52:24.180600+00:00,70B3D54991EB3BA5,ECHO #2,Echo,Crossden burn @ Greenford Farm,56.55409349771759,-2.7087453156770502,089100000dc826ac0000,329.0,0.0,3.53,99.0,0
2023-01-17 11:08:09.249486+00:00,70B3D54991EB3BA5,ECHO #2,Echo,Crossden burn @ Greenford Farm,56.55409349771759,-2.7087453156770502,089400000de026ac0000,326.0,0.0,3.55,99.0,0
2023-01-17 11:23:48.885260+00:00,70B3D54991EB3BA5,ECHO #2,Echo,Crossden burn @ Greenford Farm,56.55409349771759,-2.7087453156770502,089500000dc826ac0000,325.0,0.0,3.53,99.0,0
2023-01-17 11:39:30.333017+00:00,70B3D54991EB3BA5,ECHO #2,Echo,Crossden burn @ Greenford Farm,56.55409349771759,-2.7087453156770502,088c00000da426ac0000,334.0,0.0,3.49,99.0,0
2023-01-17 11:55:11.090593+00:00,70B3D54991EB3BA5,ECHO #2,Echo,Crossden burn @ Greenford Farm,56.55409349771759,-2.7087453156770502,088a00000d7426ac0000,336.0,0.0,3.44,99.0,0
2023-01-17 12:10:54.473884+00:00,70B3D54991EB3BA5,ECHO #2,Echo,Crossden burn @ Greenford Farm,56.55409349771759,-2.7087453156770502,088900000d9826ac0000,337.0,0.0,3.48,99.0,0
2023-01-17 12:26:39.424768+00:00,70B3D54991EB3BA5,ECHO #2,Echo,Crossden burn @ Greenford Farm,56.55409349771759,-2.7087453156770502,088d00000dec26ac0000,333.0,0.0,3.56,99.0,0
2023-01-17 12:42:21.071133+00:00,70B3D54991EB3BA5,ECHO #2,Echo,Crossden burn @ Greenford Farm,56.55409349771759,-2.7087453156770502,088a00000dc426ac0000,336.0,0.0,3.52,99.0,0
2023-01-17 12:58:04.678693+00:00,70B3D54991EB3BA5,ECHO #2,Echo,Crossden burn @ Greenford Farm,56.55409349771759,-2.7087453156770502,088b00000d7826ac0000,335.0,0.0,3.45,99.0,0
2023-01-17 13:13:46.825390+00:00,70B3D54991EB3BA5,ECHO #2,Echo,Crossden burn @ Greenford Farm,56.55409349771759,-2.7087453156770502,088800000db426ac0000,338.0,0.0,3.51,99.0,0
2023-01-17 13:29:30.577915+00:00,70B3D54991EB3BA5,ECHO #2,Echo,Crossden burn @ Greenford Farm,56.55409349771759,-2.7087453156770502,088c00000de026ac0000,334.0,0.0,3.55,99.0,0
2023-01-17 13:45:13.065131+00:00,70B3D54991EB3BA5,ECHO #2,Echo,Crossden burn @ Greenford Farm,56.55409349771759,-2.7087453156770502,088a00000d9426ac0000,336.0,0.0,3.48,99.0,0
2023-01-17 14:00:56.990930+00:00,70B3D54991EB3BA5,ECHO #2,Echo,Crossden burn @ Greenford Farm,56.55409349771759,-2.7087453156770502,088c00000ddc26ac0000,334.0,0.0,3.55,99.0,0
2023-01-17 14:16:38.984492+00:00,70B3D54991EB3BA5,ECHO #2,Echo,Crossden burn @ Greenford Farm,56.55409349771759,-2.7087453156770502,088b00000d7826ac0000,335.0,0.0,3.45,99.0,0
2023-01-17 14:32:21.711059+00:00,70B3D54991EB3BA5,ECHO #2,Echo,Crossden burn @ Greenford Farm,56.55409349771759,-2.7087453156770502,088b00000d7826ac0000,335.0,0.0,3.45,99.0,0
2023-01-17 14:48:05.147635+00:00,70B3D54991EB3BA5,ECHO #2,Echo,Crossden burn @ Greenford Farm,56.55409349771759,-2.7087453156770502,088c00000d9026ac0000,334.0,0.0,3.47,99.0,0
2023-01-17 15:03:47.537401+00:00,70B3D54991EB3BA5,ECHO #2,Echo,Crossden burn @ Greenford Farm,56.55409349771759,-2.7087453156770502,088d00000da026ac0000,333.0,0.0,3.49,99.0,0
2023-01-17 15:19:31.635018+00:00,70B3D54991EB3BA5,ECHO #2,Echo,Crossden burn @ Greenford Farm,56.55409349771759,-2.7087453156770502,088c00000db426ac0000,334.0,0.0,3.51,99.0,0
2023-01-17 15:35:13.512589+00:00,70B3D54991EB3BA5,ECHO #2,Echo,Crossden burn @ Greenford Farm,56.55409349771759,-2.7087453156770502,088f00000dcc26ac0000,331.0,0.0,3.53,99.0,0
2023-01-17 15:50:57.090034+00:00,70B3D54991EB3BA5,ECHO #2,Echo,Crossden burn @ Greenford Farm,56.55409349771759,-2.7087453156770502,088d00000d8026ac0000,333.0,0.0,3.46,99.0,0
2023-01-17 16:06:39.447432+00:00,70B3D54991EB3BA5,ECHO #2,Echo,Crossden burn @ Greenford Farm,56.55409349771759,-2.7087453156770502,088c00000da026ac0000,334.0,0.0,3.49,99.0,0
2023-01-17 16:22:21.584880+00:00,70B3D54991EB3BA5,ECHO #2,Echo,Crossden burn @ Greenford Farm,56.55409349771759,-2.7087453156770502,088c00000d6426ac0000,334.0,0.0,3.43,99.0,0
2023-01-17 16:38:03.998986+00:00,70B3D54991EB3BA5,ECHO #2,Echo,Crossden burn @ Greenford Farm,56.55409349771759,-2.7087453156770502,088d00000dc826ac0000,333.0,0.0,3.53,99.0,0
2023-01-17 16:53:47.664912+00:00,70B3D54991EB3BA5,ECHO #2,Echo,Crossden burn @ Greenford Farm,56.55409349771759,-2.7087453156770502,088a00000d6826ac0000,336.0,0.0,3.43,99.0,0
2023-01-17 17:09:30.855391+00:00,70B3D54991EB3BA5,ECHO #2,Echo,Crossden burn @ Greenford Farm,56.55409349771759,-2.7087453156770502,088d00000d7426ac0000,333.0,0.0,3.44,99.0,0
2023-01-17 17:25:13.565709+00:00,70B3D54991EB3BA5,ECHO #2,Echo,Crossden burn @ Greenford Farm,56.55409349771759,-2.7087453156770502,088e00000d6026ac0000,332.0,0.0,3.42,99.0,0
2023-01-17 17:40:54.984061+00:00,70B3D54991EB3BA5,ECHO #2,Echo,Crossden burn @ Greenford Farm,56.55409349771759,-2.7087453156770502,088f00000da026ac0000,331.0,0.0,3.49,99.0,0
2023-01-17 17:56:38.818626+00:00,70B3D54991EB3BA5,ECHO #2,Echo,Crossden burn @ Greenford Farm,56.55409349771759,-2.7087453156770502,088f00000d8826ac0000,331.0,0.0,3.46,99.0,0
2023-01-17 18:12:21.511444+00:00,70B3D54991EB3BA5,ECHO #2,Echo,Crossden burn @ Greenford Farm,56.55409349771759,-2.7087453156770502,088d00000d8c26ac0000,333.0,0.0,3.47,99.0,0
2023-01-17 18:28:04.112611+00:00,70B3D54991EB3BA5,ECHO #2,Echo,Crossden burn @ Greenford Farm,56.55409349771759,-2.7087453156770502,089000000da426ac0000,330.0,0.0,3.49,99.0,0
2023-01-17 18:43:47.131164+00:00,70B3D54991EB3BA5,ECHO #2,Echo,Crossden burn @ Greenford Farm,56.55409349771759,-2.7087453156770502,088f00000dd826ac0000,331.0,0.0,3.54,99.0,0
2023-01-17 18:59:29.216118+00:00,70B3D54991EB3BA5,ECHO #2,Echo,Crossden burn @ Greenford Farm,56.55409349771759,-2.7087453156770502,089000000db426ac0000,330.0,0.0,3.51,99.0,0
2023-01-17 19:15:11.987666+00:00,70B3D54991EB3BA5,ECHO #2,Echo,Crossden burn @ Greenford Farm,56.55409349771759,-2.7087453156770502,088e00000d6c26ac0000,332.0,0.0,3.44,99.0,0
2023-01-17 19:30:54.742074+00:00,70B3D54991EB3BA5,ECHO #2,Echo,Crossden burn @ Greenford Farm,56.55409349771759,-2.7087453156770502,088d00000d8826ac0000,333.0,0.0,3.46,99.0,0
2023-01-17 19:46:38.808809+00:00,70B3D54991EB3BA5,ECHO #2,Echo,Crossden burn @ Greenford Farm,56.55409349771759,-2.7087453156770502,088f00000dd426ac0000,331.0,0.0,3.54,99.0,0
2023-01-17 20:02:20.286632+00:00,70B3D54991EB3BA5,ECHO #2,Echo,Crossden burn @ Greenford Farm,56.55409349771759,-2.7087453156770502,089100000d7c26ac0000,329.0,0.0,3.45,99.0,0
2023-01-17 20:18:03.131217+00:00,70B3D54991EB3BA5,ECHO #2,Echo,Crossden burn @ Greenford Farm,56.55409349771759,-2.7087453156770502,089300000d8c26ac0000,327.0,0.0,3.47,99.0,0
2023-01-17 20:33:46.291850+00:00,70B3D54991EB3BA5,ECHO #2,Echo,Crossden burn @ Greenford Farm,56.55409349771759,-2.7087453156770502,088f00000d8826ac0000,331.0,0.0,3.46,99.0,0
2023-01-17 20:49:29.687868+00:00,70B3D54991EB3BA5,ECHO #2,Echo,Crossden burn @ Greenford Farm,56.55409349771759,-2.7087453156770502,089300000d6026ac0000,327.0,0.0,3.42,99.0,0
2023-01-17 21:05:12.422519+00:00,70B3D54991EB3BA5,ECHO #2,Echo,Crossden burn @ Greenford Farm,56.55409349771759,-2.7087453156770502,088f00000d9c26ac0000,331.0,0.0,3.48,99.0,0
2023-01-17 21:20:55.765782+00:00,70B3D54991EB3BA5,ECHO #2,Echo,Crossden burn @ Greenford Farm,56.55409349771759,-2.7087453156770502,088d00000dcc26ac0000,333.0,0.0,3.53,99.0,0
2023-01-17 21:36:40.720925+00:00,70B3D54991EB3BA5,ECHO #2,Echo,Crossden burn @ Greenford Farm,56.55409349771759,-2.7087453156770502,089100000dd026ac0000,329.0,0.0,3.54,99.0,0
2023-01-17 21:52:21.863539+00:00,70B3D54991EB3BA5,ECHO #2,Echo,Crossden burn @ Greenford Farm,56.55409349771759,-2.7087453156770502,088e00000d6026ac0000,332.0,0.0,3.42,99.0,0
2023-01-17 22:08:05.780780+00:00,70B3D54991EB3BA5,ECHO #2,Echo,Crossden burn @ Greenford Farm,56.55409349771759,-2.7087453156770502,089200000dcc26ac0000,328.0,0.0,3.53,99.0,0
2023-01-17 22:23:48.932717+00:00,70B3D54991EB3BA5,ECHO #2,Echo,Crossden burn @ Greenford Farm,56.55409349771759,-2.7087453156770502,088f00000dcc26ac0000,331.0,0.0,3.53,99.0,0
2023-01-17 22:39:32.557948+00:00,70B3D54991EB3BA5,ECHO #2,Echo,Crossden burn @ Greenford Farm,56.55409349771759,-2.7087453156770502,089000000db426ac0000,330.0,0.0,3.51,99.0,0
2023-01-17 22:55:15.872991+00:00,70B3D54991EB3BA5,ECHO #2,Echo,Crossden burn @ Greenford Farm,56.55409349771759,-2.7087453156770502,089200000dcc26ac0000,328.0,0.0,3.53,99.0,0
2023-01-17 23:10:59.143923+00:00,70B3D54991EB3BA5,ECHO #2,Echo,Crossden burn @ Greenford Farm,56.55409349771759,-2.7087453156770502,089000000d7c26ac0000,330.0,0.0,3.45,99.0,0
2023-01-17 23:26:42.571462+00:00,70B3D54991EB3BA5,ECHO #2,Echo,Crossden burn @ Greenford Farm,56.55409349771759,-2.7087453156770502,088f00000df426ac0000,331.0,0.0,3.57,99.0,0
2023-01-17 23:42:27.144325+00:00,70B3D54991EB3BA5,ECHO #2,Echo,Crossden burn @ Greenford Farm,56.55409349771759,-2.7087453156770502,089000000df026ac0000,330.0,0.0,3.57,99.0,0
2023-01-17 23:58:10.446768+00:00,70B3D54991EB3BA5,ECHO #2,Echo,Crossden burn @ Greenford Farm,56.55409349771759,-2.7087453156770502,089300000d8426ac0000,327.0,0.0,3.46,99.0,0
2023-01-18 00:13:53.167165+00:00,70B3D54991EB3BA5,ECHO #2,Echo,Crossden burn @ Greenford Farm,56.55409349771759,-2.7087453156770502,089300000d8826ac0000,327.0,0.0,3.46,99.0,0
2023-01-18 00:29:36.523687+00:00,70B3D54991EB3BA5,ECHO #2,Echo,Crossden burn @ Greenford Farm,56.55409349771759,-2.7087453156770502,089500000d6826ac0000,325.0,0.0,3.43,99.0,0
2023-01-18 00:45:19.458252+00:00,70B3D54991EB3BA5,ECHO #2,Echo,Crossden burn @ Greenford Farm,56.55409349771759,-2.7087453156770502,089200000dcc26ac0000,328.0,0.0,3.53,99.0,0
2023-01-18 01:01:02.972887+00:00,70B3D54991EB3BA5,ECHO #2,Echo,Crossden burn @ Greenford Farm,56.55409349771759,-2.7087453156770502,089500000dcc26ac0000,325.0,0.0,3.53,99.0,0
2023-01-18 01:16:45.965249+00:00,70B3D54991EB3BA5,ECHO #2,Echo,Crossden burn @ Greenford Farm,56.55409349771759,-2.7087453156770502,089200000dcc26ac0000,328.0,0.0,3.53,99.0,0
2023-01-18 01:32:28.591338+00:00,70B3D54991EB3BA5,ECHO #2,Echo,Crossden burn @ Greenford Farm,56.55409349771759,-2.7087453156770502,089400000d5826ac0000,326.0,0.0,3.42,99.0,0
2023-01-18 01:48:11.516801+00:00,70B3D54991EB3BA5,ECHO #2,Echo,Crossden burn @ Greenford Farm,56.55409349771759,-2.7087453156770502,089200000dac26ac0000,328.0,0.0,3.5,99.0,0
2023-01-18 02:03:54.332796+00:00,70B3D54991EB3BA5,ECHO #2,Echo,Crossden burn @ Greenford Farm,56.55409349771759,-2.7087453156770502,089100000d5c26ac0000,329.0,0.0,3.42,99.0,0
2023-01-18 02:19:38.033120+00:00,70B3D54991EB3BA5,ECHO #2,Echo,Crossden burn @ Greenford Farm,56.55409349771759,-2.7087453156770502,089400000dcc26ac0000,326.0,0.0,3.53,99.0,0
2023-01-18 02:35:20.986645+00:00,70B3D54991EB3BA5,ECHO #2,Echo,Crossden burn @ Greenford Farm,56.55409349771759,-2.7087453156770502,089800000d8026ac0000,322.0,0.0,3.46,99.0,0
2023-01-18 02:51:04.191107+00:00,70B3D54991EB3BA5,ECHO #2,Echo,Crossden burn @ Greenford Farm,56.55409349771759,-2.7087453156770502,089500000d9c26ac0000,325.0,0.0,3.48,99.0,0
2023-01-18 03:06:46.540206+00:00,70B3D54991EB3BA5,ECHO #2,Echo,Crossden burn @ Greenford Farm,56.55409349771759,-2.7087453156770502,089600000d6c26ac0000,324.0,0.0,3.44,99.0,0
2023-01-18 03:22:29.595754+00:00,70B3D54991EB3BA5,ECHO #2,Echo,Crossden burn @ Greenford Farm,56.55409349771759,-2.7087453156770502,089700000d6426ac0000,323.0,0.0,3.43,99.0,0
2023-01-18 03:38:12.743133+00:00,70B3D54991EB3BA5,ECHO #2,Echo,Crossden burn @ Greenford Farm,56.55409349771759,-2.7087453156770502,089400000d7426ac0000,326.0,0.0,3.44,99.0,0
2023-01-18 03:53:55.428395+00:00,70B3D54991EB3BA5,ECHO #2,Echo,Crossden burn @ Greenford Farm,56.55409349771759,-2.7087453156770502,089500000d6026ac0000,325.0,0.0,3.42,99.0,0
2023-01-18 04:09:37.144543+00:00,70B3D54991EB3BA5,ECHO #2,Echo,Crossden burn @ Greenford Farm,56.55409349771759,-2.7087453156770502,089300000db026ac0000,327.0,0.0,3.5,99.0,0
2023-01-18 04:25:20.021796+00:00,70B3D54991EB3BA5,ECHO #2,Echo,Crossden burn @ Greenford Farm,56.55409349771759,-2.7087453156770502,089700000d9c26ac0000,323.0,0.0,3.48,99.0,0
2023-01-18 04:41:02.959682+00:00,70B3D54991EB3BA5,ECHO #2,Echo,Crossden burn @ Greenford Farm,56.55409349771759,-2.7087453156770502,089900000dd426ac0000,321.0,0.0,3.54,99.0,0
2023-01-18 04:56:45.556851+00:00,70B3D54991EB3BA5,ECHO #2,Echo,Crossden burn @ Greenford Farm,56.55409349771759,-2.7087453156770502,089b00000d8026ac0000,319.0,0.0,3.46,99.0,0
2023-01-18 05:12:31.565891+00:00,70B3D54991EB3BA5,ECHO #2,Echo,Crossden burn @ Greenford Farm,56.55409349771759,-2.7087453156770502,089700000dc426ac0000,323.0,0.0,3.52,99.0,0
2023-01-18 05:28:13.457353+00:00,70B3D54991EB3BA5,ECHO #2,Echo,Crossden burn @ Greenford Farm,56.55409349771759,-2.7087453156770502,089800000d7c26ac0000,322.0,0.0,3.45,99.0,0
2023-01-18 05:43:58.001933+00:00,70B3D54991EB3BA5,ECHO #2,Echo,Crossden burn @ Greenford Farm,56.55409349771759,-2.7087453156770502,089800000d9c26ac0000,322.0,0.0,3.48,99.0,0
2023-01-18 05:59:39.957871+00:00,70B3D54991EB3BA5,ECHO #2,Echo,Crossden burn @ Greenford Farm,56.55409349771759,-2.7087453156770502,089c00000d7826ac0000,318.0,0.0,3.45,99.0,0
2023-01-18 06:15:22.683900+00:00,70B3D54991EB3BA5,ECHO #2,Echo,Crossden burn @ Greenford Farm,56.55409349771759,-2.7087453156770502,089800000da426ac0000,322.0,0.0,3.49,99.0,0
2023-01-18 06:31:06.496568+00:00,70B3D54991EB3BA5,ECHO #2,Echo,Crossden burn @ Greenford Farm,56.55409349771759,-2.7087453156770502,089a00000db426ac0000,320.0,0.0,3.51,99.0,0
2023-01-18 06:46:47.874816+00:00,70B3D54991EB3BA5,ECHO #2,Echo,Crossden burn @ Greenford Farm,56.55409349771759,-2.7087453156770502,089700000d8426ac0000,323.0,0.0,3.46,99.0,0
2023-01-18 07:02:32.062378+00:00,70B3D54991EB3BA5,ECHO #2,Echo,Crossden burn @ Greenford Farm,56.55409349771759,-2.7087453156770502,089600000da426ac0000,324.0,0.0,3.49,99.0,0
2023-01-18 07:18:17.692164+00:00,70B3D54991EB3BA5,ECHO #2,Echo,Crossden burn @ Greenford Farm,56.55409349771759,-2.7087453156770502,089700000dac26ac0000,323.0,0.0,3.5,99.0,0
2023-01-18 07:34:01.017135+00:00,70B3D54991EB3BA5,ECHO #2,Echo,Crossden burn @ Greenford Farm,56.55409349771759,-2.7087453156770502,089900000d9426ac0000,321.0,0.0,3.48,99.0,0
2023-01-18 07:49:43.781762+00:00,70B3D54991EB3BA5,ECHO #2,Echo,Crossden burn @ Greenford Farm,56.55409349771759,-2.7087453156770502,089d00000d8426ac0000,317.0,0.0,3.46,99.0,0
2023-01-18 08:05:26.840052+00:00,70B3D54991EB3BA5,ECHO #2,Echo,Crossden burn @ Greenford Farm,56.55409349771759,-2.7087453156770502,089a00000da426ac0000,320.0,0.0,3.49,99.0,0
2023-01-18 08:21:09.420843+00:00,70B3D54991EB3BA5,ECHO #2,Echo,Crossden burn @ Greenford Farm,56.55409349771759,-2.7087453156770502,089c00000d7826ac0000,318.0,0.0,3.45,99.0,0
2023-01-18 08:36:51.962587+00:00,70B3D54991EB3BA5,ECHO #2,Echo,Crossden burn @ Greenford Farm,56.55409349771759,-2.7087453156770502,089c00000d8826ac0000,318.0,0.0,3.46,99.0,0
2023-01-18 08:52:35.901375+00:00,70B3D54991EB3BA5,ECHO #2,Echo,Crossden burn @ Greenford Farm,56.55409349771759,-2.7087453156770502,089900000dd426ac0000,321.0,0.0,3.54,99.0,0
2023-01-18 09:08:17.605174+00:00,70B3D54991EB3BA5,ECHO #2,Echo,Crossden burn @ Greenford Farm,56.55409349771759,-2.7087453156770502,089800000d6426ac0000,322.0,0.0,3.43,99.0,0
2023-01-18 09:24:01.823183+00:00,70B3D54991EB3BA5,ECHO #2,Echo,Crossden burn @ Greenford Farm,56.55409349771759,-2.7087453156770502,089a00000da426ac0000,320.0,0.0,3.49,99.0,0
2023-01-18 09:39:44.719391+00:00,70B3D54991EB3BA5,ECHO #2,Echo,Crossden burn @ Greenford Farm,56.55409349771759,-2.7087453156770502,089d00000d6c26ac0000,317.0,0.0,3.44,99.0,0
2023-01-18 09:55:31.463515+00:00,70B3D54991EB3BA5,ECHO #2,Echo,Crossden burn @ Greenford Farm,56.55409349771759,-2.7087453156770502,089c00000d7c26ac0000,318.0,0.0,3.45,99.0,0
2023-01-18 10:11:18.344451+00:00,70B3D54991EB3BA5,ECHO #2,Echo,Crossden burn @ Greenford Farm,56.55409349771759,-2.7087453156770502,089f00000dd026ac0000,315.0,0.0,3.54,99.0,0
2023-01-18 10:27:01.796311+00:00,70B3D54991EB3BA5,ECHO #2,Echo,Crossden burn @ Greenford Farm,56.55409349771759,-2.7087453156770502,089e00000da826ac0000,316.0,0.0,3.5,99.0,0
2023-01-18 10:42:41.756069+00:00,70B3D54991EB3BA5,ECHO #2,Echo,Crossden burn @ Greenford Farm,56.55409349771759,-2.7087453156770502,089b00000d7c26ac0000,319.0,0.0,3.45,99.0,0
2023-01-18 10:58:24.007519+00:00,70B3D54991EB3BA5,ECHO #2,Echo,Crossden burn @ Greenford Farm,56.55409349771759,-2.7087453156770502,089a00000dd426ac0000,320.0,0.0,3.54,99.0,0
2023-01-18 11:14:06.653490+00:00,70B3D54991EB3BA5,ECHO #2,Echo,Crossden burn @ Greenford Farm,56.55409349771759,-2.7087453156770502,089c00000d8026ac0000,318.0,0.0,3.46,99.0,0
2023-01-18 11:29:48.627421+00:00,70B3D54991EB3BA5,ECHO #2,Echo,Crossden burn @ Greenford Farm,56.55409349771759,-2.7087453156770502,089c00000d7426ac0000,318.0,0.0,3.44,99.0,0
2023-01-18 11:45:30.024562+00:00,70B3D54991EB3BA5,ECHO #2,Echo,Crossden burn @ Greenford Farm,56.55409349771759,-2.7087453156770502,089e00000da826ac0000,316.0,0.0,3.5,99.0,0
2023-01-18 12:01:12.986472+00:00,70B3D54991EB3BA5,ECHO #2,Echo,Crossden burn @ Greenford Farm,56.55409349771759,-2.7087453156770502,089e00000dd826ac0000,316.0,0.0,3.54,99.0,0
2023-01-18 12:16:56.620102+00:00,70B3D54991EB3BA5,ECHO #2,Echo,Crossden burn @ Greenford Farm,56.55409349771759,-2.7087453156770502,089e00000d6826ac0000,316.0,0.0,3.43,99.0,0
2023-01-18 12:32:40.426968+00:00,70B3D54991EB3BA5,ECHO #2,Echo,Crossden burn @ Greenford Farm,56.55409349771759,-2.7087453156770502,089a00000d6c26ac0000,320.0,0.0,3.44,99.0,0
2023-01-18 12:48:25.477949+00:00,70B3D54991EB3BA5,ECHO #2,Echo,Crossden burn @ Greenford Farm,56.55409349771759,-2.7087453156770502,089c00000d7426ac0000,318.0,0.0,3.44,99.0,0
2023-01-18 13:04:10.647207+00:00,70B3D54991EB3BA5,ECHO #2,Echo,Crossden burn @ Greenford Farm,56.55409349771759,-2.7087453156770502,089b00000dcc26ac0000,319.0,0.0,3.53,99.0,0
2023-01-18 13:19:55.551548+00:00,70B3D54991EB3BA5,ECHO #2,Echo,Crossden burn @ Greenford Farm,56.55409349771759,-2.7087453156770502,089f00000d8826ac0000,315.0,0.0,3.46,99.0,0
2023-01-18 13:35:39.534442+00:00,70B3D54991EB3BA5,ECHO #2,Echo,Crossden burn @ Greenford Farm,56.55409349771759,-2.7087453156770502,089f00000de026ac0000,315.0,0.0,3.55,99.0,0
2023-01-18 13:51:22.353389+00:00,70B3D54991EB3BA5,ECHO #2,Echo,Crossden burn @ Greenford Farm,56.55409349771759,-2.7087453156770502,08a300000dd826ac0000,311.0,0.0,3.54,99.0,0
2023-01-18 14:07:04.294262+00:00,70B3D54991EB3BA5,ECHO #2,Echo,Crossden burn @ Greenford Farm,56.55409349771759,-2.7087453156770502,08a300000dac26ac0000,311.0,0.0,3.5,99.0,0
2023-01-18 14:22:45.931541+00:00,70B3D54991EB3BA5,ECHO #2,Echo,Crossden burn @ Greenford Farm,56.55409349771759,-2.7087453156770502,08a000000db026ac0000,314.0,0.0,3.5,99.0,0
2023-01-18 14:38:28.644668+00:00,70B3D54991EB3BA5,ECHO #2,Echo,Crossden burn @ Greenford Farm,56.55409349771759,-2.7087453156770502,08a100000db426ac0000,313.0,0.0,3.51,99.0,0
2023-01-18 14:54:11.212701+00:00,70B3D54991EB3BA5,ECHO #2,Echo,Crossden burn @ Greenford Farm,56.55409349771759,-2.7087453156770502,08a100000d7026ac0000,313.0,0.0,3.44,99.0,0
2023-01-18 15:25:36.426396+00:00,70B3D54991EB3BA5,ECHO #2,Echo,Crossden burn @ Greenford Farm,56.55409349771759,-2.7087453156770502,08a000000dcc26ac0000,314.0,0.0,3.53,99.0,0
2023-01-18 15:41:19.010181+00:00,70B3D54991EB3BA5,ECHO #2,Echo,Crossden burn @ Greenford Farm,56.55409349771759,-2.7087453156770502,089f00000d5c26ac0000,315.0,0.0,3.42,99.0,0
2023-01-18 15:57:01.963027+00:00,70B3D54991EB3BA5,ECHO #2,Echo,Crossden burn @ Greenford Farm,56.55409349771759,-2.7087453156770502,089e00000dac26ac0000,316.0,0.0,3.5,99.0,0
2023-01-18 16:12:44.616146+00:00,70B3D54991EB3BA5,ECHO #2,Echo,Crossden burn @ Greenford Farm,56.55409349771759,-2.7087453156770502,08a100000d7c26ac0000,313.0,0.0,3.45,99.0,0
2023-01-18 16:28:27.713723+00:00,70B3D54991EB3BA5,ECHO #2,Echo,Crossden burn @ Greenford Farm,56.55409349771759,-2.7087453156770502,089d00000d9c26ac0000,317.0,0.0,3.48,99.0,0
2023-01-18 16:44:10.742474+00:00,70B3D54991EB3BA5,ECHO #2,Echo,Crossden burn @ Greenford Farm,56.55409349771759,-2.7087453156770502,089c00000db426ac0000,318.0,0.0,3.51,99.0,0
2023-01-18 16:59:53.222053+00:00,70B3D54991EB3BA5,ECHO #2,Echo,Crossden burn @ Greenford Farm,56.55409349771759,-2.7087453156770502,089e00000da426ac0000,316.0,0.0,3.49,99.0,0
2023-01-18 17:15:37.045362+00:00,70B3D54991EB3BA5,ECHO #2,Echo,Crossden burn @ Greenford Farm,56.55409349771759,-2.7087453156770502,089f00000d6c26ac0000,315.0,0.0,3.44,99.0,0
2023-01-18 17:31:20.695333+00:00,70B3D54991EB3BA5,ECHO #2,Echo,Crossden burn @ Greenford Farm,56.55409349771759,-2.7087453156770502,089c00000d6c26ac0000,318.0,0.0,3.44,99.0,0
2023-01-18 18:02:49.287097+00:00,70B3D54991EB3BA5,ECHO #2,Echo,Crossden burn @ Greenford Farm,56.55409349771759,-2.7087453156770502,08a200000da426ac0000,312.0,0.0,3.49,99.0,0
2023-01-18 18:18:31.806889+00:00,70B3D54991EB3BA5,ECHO #2,Echo,Crossden burn @ Greenford Farm,56.55409349771759,-2.7087453156770502,089f00000dcc26ac0000,315.0,0.0,3.53,99.0,0
2023-01-18 18:34:14.681521+00:00,70B3D54991EB3BA5,ECHO #2,Echo,Crossden burn @ Greenford Farm,56.55409349771759,-2.7087453156770502,08a200000dc026ac0000,312.0,0.0,3.52,99.0,0
2023-01-18 18:49:57.661298+00:00,70B3D54991EB3BA5,ECHO #2,Echo,Crossden burn @ Greenford Farm,56.55409349771759,-2.7087453156770502,08a400000dcc26ac0000,310.0,0.0,3.53,99.0,0
2023-01-18 19:05:40.302270+00:00,70B3D54991EB3BA5,ECHO #2,Echo,Crossden burn @ Greenford Farm,56.55409349771759,-2.7087453156770502,08a300000dcc26ac0000,311.0,0.0,3.53,99.0,0
2023-01-18 19:21:23.953623+00:00,70B3D54991EB3BA5,ECHO #2,Echo,Crossden burn @ Greenford Farm,56.55409349771759,-2.7087453156770502,08a000000db026ac0000,314.0,0.0,3.5,99.0,0
2023-01-18 19:37:07.194326+00:00,70B3D54991EB3BA5,ECHO #2,Echo,Crossden burn @ Greenford Farm,56.55409349771759,-2.7087453156770502,08a100000dac26ac0000,313.0,0.0,3.5,99.0,0
2023-01-18 19:52:49.833370+00:00,70B3D54991EB3BA5,ECHO #2,Echo,Crossden burn @ Greenford Farm,56.55409349771759,-2.7087453156770502,08a000000d6026ac0000,314.0,0.0,3.42,99.0,0
2023-01-18 20:08:33.831093+00:00,70B3D54991EB3BA5,ECHO #2,Echo,Crossden burn @ Greenford Farm,56.55409349771759,-2.7087453156770502,08a300000db426ac0000,311.0,0.0,3.51,99.0,0
2023-01-18 20:24:16.758232+00:00,70B3D54991EB3BA5,ECHO #2,Echo,Crossden burn @ Greenford Farm,56.55409349771759,-2.7087453156770502,08a200000db026ac0000,312.0,0.0,3.5,99.0,0
2023-01-18 20:39:59.090356+00:00,70B3D54991EB3BA5,ECHO #2,Echo,Crossden burn @ Greenford Farm,56.55409349771759,-2.7087453156770502,08a300000db426ac0000,311.0,0.0,3.51,99.0,0
2023-01-18 20:55:41.094245+00:00,70B3D54991EB3BA5,ECHO #2,Echo,Crossden burn @ Greenford Farm,56.55409349771759,-2.7087453156770502,08a000000dc426ac0000,314.0,0.0,3.52,99.0,0
2023-01-18 21:11:23.710679+00:00,70B3D54991EB3BA5,ECHO #2,Echo,Crossden burn @ Greenford Farm,56.55409349771759,-2.7087453156770502,08a000000d6026ac0000,314.0,0.0,3.42,99.0,0
2023-01-18 21:27:08.901502+00:00,70B3D54991EB3BA5,ECHO #2,Echo,Crossden burn @ Greenford Farm,56.55409349771759,-2.7087453156770502,089c00000dcc26ac0000,318.0,0.0,3.53,99.0,0
2023-01-18 21:42:53.682582+00:00,70B3D54991EB3BA5,ECHO #2,Echo,Crossden burn @ Greenford Farm,56.55409349771759,-2.7087453156770502,089e00000d6026ac0000,316.0,0.0,3.42,99.0,0
2023-01-18 21:58:37.354289+00:00,70B3D54991EB3BA5,ECHO #2,Echo,Crossden burn @ Greenford Farm,56.55409349771759,-2.7087453156770502,08a100000d7426ac0000,313.0,0.0,3.44,99.0,0
2023-01-18 22:14:20.396497+00:00,70B3D54991EB3BA5,ECHO #2,Echo,Crossden burn @ Greenford Farm,56.55409349771759,-2.7087453156770502,089e00000db426ac0000,316.0,0.0,3.51,99.0,0
2023-01-18 22:30:03.476508+00:00,70B3D54991EB3BA5,ECHO #2,Echo,Crossden burn @ Greenford Farm,56.55409349771759,-2.7087453156770502,08a000000db026ac0000,314.0,0.0,3.5,99.0,0
2023-01-18 22:45:46.066792+00:00,70B3D54991EB3BA5,ECHO #2,Echo,Crossden burn @ Greenford Farm,56.55409349771759,-2.7087453156770502,08a100000d6026ac0000,313.0,0.0,3.42,99.0,0
2023-01-18 23:01:28.578732+00:00,70B3D54991EB3BA5,ECHO #2,Echo,Crossden burn @ Greenford Farm,56.55409349771759,-2.7087453156770502,089e00000d7c26ac0000,316.0,0.0,3.45,99.0,0
2023-01-18 23:17:12.438811+00:00,70B3D54991EB3BA5,ECHO #2,Echo,Crossden burn @ Greenford Farm,56.55409349771759,-2.7087453156770502,08a000000d7c26ac0000,314.0,0.0,3.45,99.0,0
2023-01-18 23:32:55.010867+00:00,70B3D54991EB3BA5,ECHO #2,Echo,Crossden burn @ Greenford Farm,56.55409349771759,-2.7087453156770502,08a000000d6826ac0000,314.0,0.0,3.43,99.0,0
2023-01-18 23:48:40.866352+00:00,70B3D54991EB3BA5,ECHO #2,Echo,Crossden burn @ Greenford Farm,56.55409349771759,-2.7087453156770502,089c00000dd426ac0000,318.0,0.0,3.54,99.0,0
2023-01-19 00:04:24.615617+00:00,70B3D54991EB3BA5,ECHO #2,Echo,Crossden burn @ Greenford Farm,56.55409349771759,-2.7087453156770502,089e00000da426ac0000,316.0,0.0,3.49,99.0,0
2023-01-19 00:20:08.288874+00:00,70B3D54991EB3BA5,ECHO #2,Echo,Crossden burn @ Greenford Farm,56.55409349771759,-2.7087453156770502,089e00000dc426ac0000,316.0,0.0,3.52,99.0,0
2023-01-19 00:35:51.933787+00:00,70B3D54991EB3BA5,ECHO #2,Echo,Crossden burn @ Greenford Farm,56.55409349771759,-2.7087453156770502,08a000000d9c26ac0000,314.0,0.0,3.48,99.0,0
2023-01-19 00:51:34.226067+00:00,70B3D54991EB3BA5,ECHO #2,Echo,Crossden burn @ Greenford Farm,56.55409349771759,-2.7087453156770502,08a100000d9026ac0000,313.0,0.0,3.47,99.0,0
2023-01-19 01:07:17.180550+00:00,70B3D54991EB3BA5,ECHO #2,Echo,Crossden burn @ Greenford Farm,56.55409349771759,-2.7087453156770502,08a400000da826ac0000,310.0,0.0,3.5,99.0,0
2023-01-19 01:22:59.566411+00:00,70B3D54991EB3BA5,ECHO #2,Echo,Crossden burn @ Greenford Farm,56.55409349771759,-2.7087453156770502,08a100000dc026ac0000,313.0,0.0,3.52,99.0,0
2023-01-19 01:38:42.512757+00:00,70B3D54991EB3BA5,ECHO #2,Echo,Crossden burn @ Greenford Farm,56.55409349771759,-2.7087453156770502,08a400000dc026ac0000,310.0,0.0,3.52,99.0,0
2023-01-19 01:54:28.500376+00:00,70B3D54991EB3BA5,ECHO #2,Echo,Crossden burn @ Greenford Farm,56.55409349771759,-2.7087453156770502,089900000d7c26ac0000,321.0,0.0,3.45,99.0,0
2023-01-19 02:10:13.006284+00:00,70B3D54991EB3BA5,ECHO #2,Echo,Crossden burn @ Greenford Farm,56.55409349771759,-2.7087453156770502,089d00000d8c26ac0000,317.0,0.0,3.47,99.0,0
2023-01-19 02:25:56.910703+00:00,70B3D54991EB3BA5,ECHO #2,Echo,Crossden burn @ Greenford Farm,56.55409349771759,-2.7087453156770502,08a100000d7c26ac0000,313.0,0.0,3.45,99.0,0
2023-01-19 02:41:40.126302+00:00,70B3D54991EB3BA5,ECHO #2,Echo,Crossden burn @ Greenford Farm,56.55409349771759,-2.7087453156770502,089e00000dc026ac0000,316.0,0.0,3.52,99.0,0
2023-01-19 02:57:24.900200+00:00,70B3D54991EB3BA5,ECHO #2,Echo,Crossden burn @ Greenford Farm,56.55409349771759,-2.7087453156770502,08a100000d9c26ac0000,313.0,0.0,3.48,99.0,0
2023-01-19 03:13:11.000707+00:00,70B3D54991EB3BA5,ECHO #2,Echo,Crossden burn @ Greenford Farm,56.55409349771759,-2.7087453156770502,089d00000db426ac0000,317.0,0.0,3.51,99.0,0
2023-01-19 03:28:52.891060+00:00,70B3D54991EB3BA5,ECHO #2,Echo,Crossden burn @ Greenford Farm,56.55409349771759,-2.7087453156770502,08a100000d5426ac0000,313.0,0.0,3.41,99.0,0
2023-01-19 03:44:36.620741+00:00,70B3D54991EB3BA5,ECHO #2,Echo,Crossden burn @ Greenford Farm,56.55409349771759,-2.7087453156770502,08a500000d6026ac0000,309.0,0.0,3.42,99.0,0
2023-01-19 04:00:21.419764+00:00,70B3D54991EB3BA5,ECHO #2,Echo,Crossden burn @ Greenford Farm,56.55409349771759,-2.7087453156770502,08a000000d8426ac0000,314.0,0.0,3.46,99.0,0
2023-01-19 04:16:05.275184+00:00,70B3D54991EB3BA5,ECHO #2,Echo,Crossden burn @ Greenford Farm,56.55409349771759,-2.7087453156770502,08a000000d7826ac0000,314.0,0.0,3.45,99.0,0
2023-01-19 04:31:47.975224+00:00,70B3D54991EB3BA5,ECHO #2,Echo,Crossden burn @ Greenford Farm,56.55409349771759,-2.7087453156770502,08a100000d9826ac0000,313.0,0.0,3.48,99.0,0
2023-01-19 04:47:30.405590+00:00,70B3D54991EB3BA5,ECHO #2,Echo,Crossden burn @ Greenford Farm,56.55409349771759,-2.7087453156770502,08a200000d6426ac0000,312.0,0.0,3.43,99.0,0
2023-01-19 05:03:14.864750+00:00,70B3D54991EB3BA5,ECHO #2,Echo,Crossden burn @ Greenford Farm,56.55409349771759,-2.7087453156770502,08a100000d5826ac0000,313.0,0.0,3.42,99.0,0
2023-01-19 05:18:57.994170+00:00,70B3D54991EB3BA5,ECHO #2,Echo,Crossden burn @ Greenford Farm,56.55409349771759,-2.7087453156770502,08a000000d9026ac0000,314.0,0.0,3.47,99.0,0
2023-01-19 05:34:41.689033+00:00,70B3D54991EB3BA5,ECHO #2,Echo,Crossden burn @ Greenford Farm,56.55409349771759,-2.7087453156770502,08a200000d5426ac0000,312.0,0.0,3.41,99.0,0
2023-01-19 05:50:24.498066+00:00,70B3D54991EB3BA5,ECHO #2,Echo,Crossden burn @ Greenford Farm,56.55409349771759,-2.7087453156770502,08a300000d8026ac0000,311.0,0.0,3.46,99.0,0
2023-01-19 06:06:10.859992+00:00,70B3D54991EB3BA5,ECHO #2,Echo,Crossden burn @ Greenford Farm,56.55409349771759,-2.7087453156770502,089800000d8426ac0000,322.0,0.0,3.46,99.0,0
2023-01-19 06:21:57.028662+00:00,70B3D54991EB3BA5,ECHO #2,Echo,Crossden burn @ Greenford Farm,56.55409349771759,-2.7087453156770502,08a100000da426ac0000,313.0,0.0,3.49,99.0,0
2023-01-19 06:37:39.588989+00:00,70B3D54991EB3BA5,ECHO #2,Echo,Crossden burn @ Greenford Farm,56.55409349771759,-2.7087453156770502,08a400000d5026ac0000,310.0,0.0,3.41,99.0,0
2023-01-19 06:53:23.171887+00:00,70B3D54991EB3BA5,ECHO #2,Echo,Crossden burn @ Greenford Farm,56.55409349771759,-2.7087453156770502,08a000000d6826ac0000,314.0,0.0,3.43,99.0,0
2023-01-19 07:09:06.450001+00:00,70B3D54991EB3BA5,ECHO #2,Echo,Crossden burn @ Greenford Farm,56.55409349771759,-2.7087453156770502,08a000000dc426ac0000,314.0,0.0,3.52,99.0,0
2023-01-19 07:24:50.109018+00:00,70B3D54991EB3BA5,ECHO #2,Echo,Crossden burn @ Greenford Farm,56.55409349771759,-2.7087453156770502,089c00000d5026ac0000,318.0,0.0,3.41,99.0,0
2023-01-19 07:40:33.736755+00:00,70B3D54991EB3BA5,ECHO #2,Echo,Crossden burn @ Greenford Farm,56.55409349771759,-2.7087453156770502,08a000000dac26ac0000,314.0,0.0,3.5,99.0,0
2023-01-19 07:56:17.418041+00:00,70B3D54991EB3BA5,ECHO #2,Echo,Crossden burn @ Greenford Farm,56.55409349771759,-2.7087453156770502,08a000000db426ac0000,314.0,0.0,3.51,99.0,0
2023-01-19 08:12:00.887509+00:00,70B3D54991EB3BA5,ECHO #2,Echo,Crossden burn @ Greenford Farm,56.55409349771759,-2.7087453156770502,089f00000db026ac0000,315.0,0.0,3.5,99.0,0
2023-01-19 08:27:44.522820+00:00,70B3D54991EB3BA5,ECHO #2,Echo,Crossden burn @ Greenford Farm,56.55409349771759,-2.7087453156770502,089e00000d4426ac0000,316.0,0.0,3.4,99.0,0
2023-01-19 08:43:28.319827+00:00,70B3D54991EB3BA5,ECHO #2,Echo,Crossden burn @ Greenford Farm,56.55409349771759,-2.7087453156770502,08a100000d9026ac0000,313.0,0.0,3.47,99.0,0
2023-01-19 08:59:12.704852+00:00,70B3D54991EB3BA5,ECHO #2,Echo,Crossden burn @ Greenford Farm,56.55409349771759,-2.7087453156770502,08a300000dc426ac0000,311.0,0.0,3.52,99.0,0
2023-01-19 09:14:58.266006+00:00,70B3D54991EB3BA5,ECHO #2,Echo,Crossden burn @ Greenford Farm,56.55409349771759,-2.7087453156770502,08a700000d9026ac0000,307.0,0.0,3.47,99.0,0
2023-01-19 09:30:39.282856+00:00,70B3D54991EB3BA5,ECHO #2,Echo,Crossden burn @ Greenford Farm,56.55409349771759,-2.7087453156770502,08a400000d6826ac0000,310.0,0.0,3.43,99.0,0
2023-01-19 09:46:22.690760+00:00,70B3D54991EB3BA5,ECHO #2,Echo,Crossden burn @ Greenford Farm,56.55409349771759,-2.7087453156770502,08a500000dc426ac0000,309.0,0.0,3.52,99.0,0
2023-01-19 10:02:06.150036+00:00,70B3D54991EB3BA5,ECHO #2,Echo,Crossden burn @ Greenford Farm,56.55409349771759,-2.7087453156770502,08a400000df426ac0000,310.0,0.0,3.57,99.0,0
2023-01-19 10:17:47.463337+00:00,70B3D54991EB3BA5,ECHO #2,Echo,Crossden burn @ Greenford Farm,56.55409349771759,-2.7087453156770502,08a200000d5426ac0000,312.0,0.0,3.41,99.0,0
2023-01-19 10:33:30.546455+00:00,70B3D54991EB3BA5,ECHO #2,Echo,Crossden burn @ Greenford Farm,56.55409349771759,-2.7087453156770502,08a300000d7c26ac0000,311.0,0.0,3.45,99.0,0
2023-01-19 10:49:14.753216+00:00,70B3D54991EB3BA5,ECHO #2,Echo,Crossden burn @ Greenford Farm,56.55409349771759,-2.7087453156770502,08a100000da426ac0000,313.0,0.0,3.49,99.0,0
2023-01-19 11:04:57.422236+00:00,70B3D54991EB3BA5,ECHO #2,Echo,Crossden burn @ Greenford Farm,56.55409349771759,-2.7087453156770502,08a200000d6026ac0000,312.0,0.0,3.42,99.0,0
2023-01-19 11:20:41.660206+00:00,70B3D54991EB3BA5,ECHO #2,Echo,Crossden burn @ Greenford Farm,56.55409349771759,-2.7087453156770502,08a100000df426ac0000,313.0,0.0,3.57,99.0,0
2023-01-19 11:36:24.886306+00:00,70B3D54991EB3BA5,ECHO #2,Echo,Crossden burn @ Greenford Farm,56.55409349771759,-2.7087453156770502,089f00000d9026ac0000,315.0,0.0,3.47,99.0,0
2023-01-19 12:07:52.216214+00:00,70B3D54991EB3BA5,ECHO #2,Echo,Crossden burn @ Greenford Farm,56.55409349771759,-2.7087453156770502,08a400000dc426ac0000,310.0,0.0,3.52,99.0,0
2023-01-19 12:23:35.838455+00:00,70B3D54991EB3BA5,ECHO #2,Echo,Crossden burn @ Greenford Farm,56.55409349771759,-2.7087453156770502,08a500000d7c26ac0000,309.0,0.0,3.45,99.0,0
2023-01-19 12:39:23.903589+00:00,70B3D54991EB3BA5,ECHO #2,Echo,Crossden burn @ Greenford Farm,56.55409349771759,-2.7087453156770502,08a400000d9426ac0000,310.0,0.0,3.48,99.0,0
2023-01-19 12:55:07.026233+00:00,70B3D54991EB3BA5,ECHO #2,Echo,Crossden burn @ Greenford Farm,56.55409349771759,-2.7087453156770502,08a700000d8026ac0000,307.0,0.0,3.46,99.0,0
2023-01-19 13:10:48.234274+00:00,70B3D54991EB3BA5,ECHO #2,Echo,Crossden burn @ Greenford Farm,56.55409349771759,-2.7087453156770502,08a400000dcc26ac0000,310.0,0.0,3.53,99.0,0
2023-01-19 13:26:30.495725+00:00,70B3D54991EB3BA5,ECHO #2,Echo,Crossden burn @ Greenford Farm,56.55409349771759,-2.7087453156770502,08a400000da426ac0000,310.0,0.0,3.49,99.0,0
2023-01-19 13:42:15.253041+00:00,70B3D54991EB3BA5,ECHO #2,Echo,Crossden burn @ Greenford Farm,56.55409349771759,-2.7087453156770502,08a500000de426ac0000,309.0,0.0,3.56,99.0,0
2023-01-19 13:57:58.339372+00:00,70B3D54991EB3BA5,ECHO #2,Echo,Crossden burn @ Greenford Farm,56.55409349771759,-2.7087453156770502,08a800000d8c26ac0000,306.0,0.0,3.47,99.0,0
2023-01-19 14:13:41.616218+00:00,70B3D54991EB3BA5,ECHO #2,Echo,Crossden burn @ Greenford Farm,56.55409349771759,-2.7087453156770502,08a400000dd426ac0000,310.0,0.0,3.54,99.0,0
2023-01-19 14:29:23.575576+00:00,70B3D54991EB3BA5,ECHO #2,Echo,Crossden burn @ Greenford Farm,56.55409349771759,-2.7087453156770502,08a400000dc026ac0000,310.0,0.0,3.52,99.0,0
2023-01-19 14:45:05.979857+00:00,70B3D54991EB3BA5,ECHO #2,Echo,Crossden burn @ Greenford Farm,56.55409349771759,-2.7087453156770502,08a600000dd026ac0000,308.0,0.0,3.54,99.0,0
2023-01-19 15:00:48.698596+00:00,70B3D54991EB3BA5,ECHO #2,Echo,Crossden burn @ Greenford Farm,56.55409349771759,-2.7087453156770502,08a700000dcc26ac0000,307.0,0.0,3.53,99.0,0
2023-01-19 15:16:32.060367+00:00,70B3D54991EB3BA5,ECHO #2,Echo,Crossden burn @ Greenford Farm,56.55409349771759,-2.7087453156770502,08a300000d7c26ac0000,311.0,0.0,3.45,99.0,0
2023-01-19 15:32:15.074104+00:00,70B3D54991EB3BA5,ECHO #2,Echo,Crossden burn @ Greenford Farm,56.55409349771759,-2.7087453156770502,08a300000dac26ac0000,311.0,0.0,3.5,99.0,0
2023-01-19 15:47:58.113473+00:00,70B3D54991EB3BA5,ECHO #2,Echo,Crossden burn @ Greenford Farm,56.55409349771759,-2.7087453156770502,08a400000d6826ac0000,310.0,0.0,3.43,99.0,0
2023-01-19 16:03:41.134843+00:00,70B3D54991EB3BA5,ECHO #2,Echo,Crossden burn @ Greenford Farm,56.55409349771759,-2.7087453156770502,08a200000dc426ac0000,312.0,0.0,3.52,99.0,0
2023-01-19 16:19:24.282907+00:00,70B3D54991EB3BA5,ECHO #2,Echo,Crossden burn @ Greenford Farm,56.55409349771759,-2.7087453156770502,08a400000d7826ac0000,310.0,0.0,3.45,99.0,0
2023-01-19 16:35:06.693638+00:00,70B3D54991EB3BA5,ECHO #2,Echo,Crossden burn @ Greenford Farm,56.55409349771759,-2.7087453156770502,08a200000dd426ac0000,312.0,0.0,3.54,99.0,0
2023-01-19 16:50:49.609872+00:00,70B3D54991EB3BA5,ECHO #2,Echo,Crossden burn @ Greenford Farm,56.55409349771759,-2.7087453156770502,08a400000dd826ac0000,310.0,0.0,3.54,99.0,0
2023-01-19 17:06:32.670680+00:00,70B3D54991EB3BA5,ECHO #2,Echo,Crossden burn @ Greenford Farm,56.55409349771759,-2.7087453156770502,08a500000d6026ac0000,309.0,0.0,3.42,99.0,0
2023-01-19 17:22:15.407197+00:00,70B3D54991EB3BA5,ECHO #2,Echo,Crossden burn @ Greenford Farm,56.55409349771759,-2.7087453156770502,08a200000dc426ac0000,312.0,0.0,3.52,99.0,0
2023-01-19 17:53:43.183447+00:00,70B3D54991EB3BA5,ECHO #2,Echo,Crossden burn @ Greenford Farm,56.55409349771759,-2.7087453156770502,08a500000d9426ac0000,309.0,0.0,3.48,99.0,0
2023-01-19 18:09:25.482683+00:00,70B3D54991EB3BA5,ECHO #2,Echo,Crossden burn @ Greenford Farm,56.55409349771759,-2.7087453156770502,08a600000dc426ac0000,308.0,0.0,3.52,99.0,0
2023-01-19 18:25:09.313687+00:00,70B3D54991EB3BA5,ECHO #2,Echo,Crossden burn @ Greenford Farm,56.55409349771759,-2.7087453156770502,08a700000d7426ac0000,307.0,0.0,3.44,99.0,0
2023-01-19 18:40:52.246739+00:00,70B3D54991EB3BA5,ECHO #2,Echo,Crossden burn @ Greenford Farm,56.55409349771759,-2.7087453156770502,08a700000db426ac0000,307.0,0.0,3.51,99.0,0
2023-01-19 18:56:37.195907+00:00,70B3D54991EB3BA5,ECHO #2,Echo,Crossden burn @ Greenford Farm,56.55409349771759,-2.7087453156770502,08ac00000da826ac0000,302.0,0.0,3.5,99.0,0
2023-01-19 19:12:23.954020+00:00,70B3D54991EB3BA5,ECHO #2,Echo,Crossden burn @ Greenford Farm,56.55409349771759,-2.7087453156770502,08a700000db426ac0000,307.0,0.0,3.51,99.0,0
2023-01-19 19:28:06.687767+00:00,70B3D54991EB3BA5,ECHO #2,Echo,Crossden burn @ Greenford Farm,56.55409349771759,-2.7087453156770502,08a900000d7426ac0000,305.0,0.0,3.44,99.0,0
2023-01-19 19:43:53.127794+00:00,70B3D54991EB3BA5,ECHO #2,Echo,Crossden burn @ Greenford Farm,56.55409349771759,-2.7087453156770502,08ae00000d8c26ac0000,300.0,0.0,3.47,99.0,0
2023-01-19 19:59:37.394856+00:00,70B3D54991EB3BA5,ECHO #2,Echo,Crossden burn @ Greenford Farm,56.55409349771759,-2.7087453156770502,08aa00000db426ac0000,304.0,0.0,3.51,99.0,0
2023-01-19 20:15:21.930927+00:00,70B3D54991EB3BA5,ECHO #2,Echo,Crossden burn @ Greenford Farm,56.55409349771759,-2.7087453156770502,08a400000d8426ac0000,310.0,0.0,3.46,99.0,0
2023-01-19 20:31:06.180885+00:00,70B3D54991EB3BA5,ECHO #2,Echo,Crossden burn @ Greenford Farm,56.55409349771759,-2.7087453156770502,08a300000dcc26ac0000,311.0,0.0,3.53,99.0,0
2023-01-19 20:46:49.796416+00:00,70B3D54991EB3BA5,ECHO #2,Echo,Crossden burn @ Greenford Farm,56.55409349771759,-2.7087453156770502,08a500000dcc26ac0000,309.0,0.0,3.53,99.0,0
2023-01-19 21:02:32.615664+00:00,70B3D54991EB3BA5,ECHO #2,Echo,Crossden burn @ Greenford Farm,56.55409349771759,-2.7087453156770502,08a400000d5c26ac0000,310.0,0.0,3.42,99.0,0
2023-01-19 21:18:17.485235+00:00,70B3D54991EB3BA5,ECHO #2,Echo,Crossden burn @ Greenford Farm,56.55409349771759,-2.7087453156770502,08a700000de426ac0000,307.0,0.0,3.56,99.0,0
2023-01-19 21:33:59.602798+00:00,70B3D54991EB3BA5,ECHO #2,Echo,Crossden burn @ Greenford Farm,56.55409349771759,-2.7087453156770502,08a900000dd026ac0000,305.0,0.0,3.54,99.0,0
2023-01-19 21:49:44.690086+00:00,70B3D54991EB3BA5,ECHO #2,Echo,Crossden burn @ Greenford Farm,56.55409349771759,-2.7087453156770502,08a500000dc826ac0000,309.0,0.0,3.53,99.0,0
2023-01-19 22:05:27.952921+00:00,70B3D54991EB3BA5,ECHO #2,Echo,Crossden burn @ Greenford Farm,56.55409349771759,-2.7087453156770502,08a300000ddc26ac0000,311.0,0.0,3.55,99.0,0
2023-01-19 22:21:14.568360+00:00,70B3D54991EB3BA5,ECHO #2,Echo,Crossden burn @ Greenford Farm,56.55409349771759,-2.7087453156770502,08ad00000d6826ac0000,301.0,0.0,3.43,99.0,0
2023-01-19 22:52:47.911218+00:00,70B3D54991EB3BA5,ECHO #2,Echo,Crossden burn @ Greenford Farm,56.55409349771759,-2.7087453156770502,08a700000dd026ac0000,307.0,0.0,3.54,99.0,0
2023-01-19 23:08:33.562157+00:00,70B3D54991EB3BA5,ECHO #2,Echo,Crossden burn @ Greenford Farm,56.55409349771759,-2.7087453156770502,08a900000da826ac0000,305.0,0.0,3.5,99.0,0
2023-01-19 23:24:16.802725+00:00,70B3D54991EB3BA5,ECHO #2,Echo,Crossden burn @ Greenford Farm,56.55409349771759,-2.7087453156770502,08a800000da826ac0000,306.0,0.0,3.5,99.0,0
2023-01-19 23:40:00.177008+00:00,70B3D54991EB3BA5,ECHO #2,Echo,Crossden burn @ Greenford Farm,56.55409349771759,-2.7087453156770502,08a800000d6026ac0000,306.0,0.0,3.42,99.0,0
2023-01-19 23:55:43.574048+00:00,70B3D54991EB3BA5,ECHO #2,Echo,Crossden burn @ Greenford Farm,56.55409349771759,-2.7087453156770502,08ab00000db426ac0000,303.0,0.0,3.51,99.0,0
2023-01-20 00:11:26.743358+00:00,70B3D54991EB3BA5,ECHO #2,Echo,Crossden burn @ Greenford Farm,56.55409349771759,-2.7087453156770502,08ac00000dc426ac0000,302.0,0.0,3.52,99.0,0
2023-01-20 00:27:09.994394+00:00,70B3D54991EB3BA5,ECHO #2,Echo,Crossden burn @ Greenford Farm,56.55409349771759,-2.7087453156770502,08ad00000db426ac0000,301.0,0.0,3.51,99.0,0
2023-01-20 00:42:52.936803+00:00,70B3D54991EB3BA5,ECHO #2,Echo,Crossden burn @ Greenford Farm,56.55409349771759,-2.7087453156770502,08aa00000d9426ac0000,304.0,0.0,3.48,99.0,0
2023-01-20 00:58:36.388084+00:00,70B3D54991EB3BA5,ECHO #2,Echo,Crossden burn @ Greenford Farm,56.55409349771759,-2.7087453156770502,08ab00000db426ac0000,303.0,0.0,3.51,99.0,0
2023-01-20 01:14:19.206951+00:00,70B3D54991EB3BA5,ECHO #2,Echo,Crossden burn @ Greenford Farm,56.55409349771759,-2.7087453156770502,08ac00000ddc26ac0000,302.0,0.0,3.55,99.0,0
2023-01-20 01:30:02.178921+00:00,70B3D54991EB3BA5,ECHO #2,Echo,Crossden burn @ Greenford Farm,56.55409349771759,-2.7087453156770502,08ae00000d9426ac0000,300.0,0.0,3.48,99.0,0
2023-01-20 01:45:45.143030+00:00,70B3D54991EB3BA5,ECHO #2,Echo,Crossden burn @ Greenford Farm,56.55409349771759,-2.7087453156770502,08ab00000da426ac0000,303.0,0.0,3.49,99.0,0
2023-01-20 02:01:27.892366+00:00,70B3D54991EB3BA5,ECHO #2,Echo,Crossden burn @ Greenford Farm,56.55409349771759,-2.7087453156770502,08ab00000d9426ac0000,303.0,0.0,3.48,99.0,0
2023-01-20 02:17:11.335845+00:00,70B3D54991EB3BA5,ECHO #2,Echo,Crossden burn @ Greenford Farm,56.55409349771759,-2.7087453156770502,08ab00000de026ac0000,303.0,0.0,3.55,99.0,0
2023-01-20 02:32:54.326133+00:00,70B3D54991EB3BA5,ECHO #2,Echo,Crossden burn @ Greenford Farm,56.55409349771759,-2.7087453156770502,08a900000dc826ac0000,305.0,0.0,3.53,99.0,0
2023-01-20 02:48:37.089999+00:00,70B3D54991EB3BA5,ECHO #2,Echo,Crossden burn @ Greenford Farm,56.55409349771759,-2.7087453156770502,08aa00000d9c26ac0000,304.0,0.0,3.48,99.0,0
2023-01-20 03:04:19.415261+00:00,70B3D54991EB3BA5,ECHO #2,Echo,Crossden burn @ Greenford Farm,56.55409349771759,-2.7087453156770502,08aa00000db026ac0000,304.0,0.0,3.5,99.0,0
2023-01-20 03:20:02.630917+00:00,70B3D54991EB3BA5,ECHO #2,Echo,Crossden burn @ Greenford Farm,56.55409349771759,-2.7087453156770502,08a700000dc826ac0000,307.0,0.0,3.53,99.0,0
2023-01-20 03:35:48.251177+00:00,70B3D54991EB3BA5,ECHO #2,Echo,Crossden burn @ Greenford Farm,56.55409349771759,-2.7087453156770502,08aa00000dc426ac0000,304.0,0.0,3.52,99.0,0
2023-01-20 03:51:31.417154+00:00,70B3D54991EB3BA5,ECHO #2,Echo,Crossden burn @ Greenford Farm,56.55409349771759,-2.7087453156770502,08ad00000dd026ac0000,301.0,0.0,3.54,99.0,0
2023-01-20 04:07:15.027509+00:00,70B3D54991EB3BA5,ECHO #2,Echo,Crossden burn @ Greenford Farm,56.55409349771759,-2.7087453156770502,08b100000da026ac0000,297.0,0.0,3.49,99.0,0
2023-01-20 04:22:57.650409+00:00,70B3D54991EB3BA5,ECHO #2,Echo,Crossden burn @ Greenford Farm,56.55409349771759,-2.7087453156770502,08ae00000da026ac0000,300.0,0.0,3.49,99.0,0
2023-01-20 04:38:43.341241+00:00,70B3D54991EB3BA5,ECHO #2,Echo,Crossden burn @ Greenford Farm,56.55409349771759,-2.7087453156770502,08af00000da426ac0000,299.0,0.0,3.49,99.0,0
2023-01-20 04:54:26.820231+00:00,70B3D54991EB3BA5,ECHO #2,Echo,Crossden burn @ Greenford Farm,56.55409349771759,-2.7087453156770502,08b300000d8826ac0000,295.0,0.0,3.46,99.0,0
2023-01-20 05:10:13.319113+00:00,70B3D54991EB3BA5,ECHO #2,Echo,Crossden burn @ Greenford Farm,56.55409349771759,-2.7087453156770502,08ab00000db026ac0000,303.0,0.0,3.5,99.0,0
2023-01-20 05:25:56.660658+00:00,70B3D54991EB3BA5,ECHO #2,Echo,Crossden burn @ Greenford Farm,56.55409349771759,-2.7087453156770502,08ad00000df026ac0000,301.0,0.0,3.57,99.0,0
2023-01-20 05:41:39.567357+00:00,70B3D54991EB3BA5,ECHO #2,Echo,Crossden burn @ Greenford Farm,56.55409349771759,-2.7087453156770502,08aa00000db026ac0000,304.0,0.0,3.5,99.0,0
2023-01-20 05:57:25.819268+00:00,70B3D54991EB3BA5,ECHO #2,Echo,Crossden burn @ Greenford Farm,56.55409349771759,-2.7087453156770502,08b300000d9026ac0000,295.0,0.0,3.47,99.0,0
2023-01-20 06:13:10.864109+00:00,70B3D54991EB3BA5,ECHO #2,Echo,Crossden burn @ Greenford Farm,56.55409349771759,-2.7087453156770502,08a400000dc826ac0000,310.0,0.0,3.53,99.0,0
2023-01-20 06:28:55.210931+00:00,70B3D54991EB3BA5,ECHO #2,Echo,Crossden burn @ Greenford Farm,56.55409349771759,-2.7087453156770502,08a800000d9026ac0000,306.0,0.0,3.47,99.0,0
2023-01-20 06:44:42.383140+00:00,70B3D54991EB3BA5,ECHO #2,Echo,Crossden burn @ Greenford Farm,56.55409349771759,-2.7087453156770502,08b000000dd426ac0000,298.0,0.0,3.54,99.0,0
2023-01-20 07:00:25.189834+00:00,70B3D54991EB3BA5,ECHO #2,Echo,Crossden burn @ Greenford Farm,56.55409349771759,-2.7087453156770502,08ad00000db426ac0000,301.0,0.0,3.51,99.0,0
2023-01-20 07:16:09.872208+00:00,70B3D54991EB3BA5,ECHO #2,Echo,Crossden burn @ Greenford Farm,56.55409349771759,-2.7087453156770502,08b000000ddc26ac0000,298.0,0.0,3.55,99.0,0
2023-01-20 07:47:37.075169+00:00,70B3D54991EB3BA5,ECHO #2,Echo,Crossden burn @ Greenford Farm,56.55409349771759,-2.7087453156770502,08b100000db026ac0000,297.0,0.0,3.5,99.0,0
2023-01-20 08:03:22.656130+00:00,70B3D54991EB3BA5,ECHO #2,Echo,Crossden burn @ Greenford Farm,56.55409349771759,-2.7087453156770502,08ad00000de426ac0000,301.0,0.0,3.56,99.0,0
2023-01-20 08:19:06.479149+00:00,70B3D54991EB3BA5,ECHO #2,Echo,Crossden burn @ Greenford Farm,56.55409349771759,-2.7087453156770502,08b100000da826ac0000,297.0,0.0,3.5,99.0,0
2023-01-20 08:34:48.480413+00:00,70B3D54991EB3BA5,ECHO #2,Echo,Crossden burn @ Greenford Farm,56.55409349771759,-2.7087453156770502,08ae00000da426ac0000,300.0,0.0,3.49,99.0,0
2023-01-20 08:50:32.023238+00:00,70B3D54991EB3BA5,ECHO #2,Echo,Crossden burn @ Greenford Farm,56.55409349771759,-2.7087453156770502,08b100000da426ac0000,297.0,0.0,3.49,99.0,0
2023-01-20 09:06:17.348371+00:00,70B3D54991EB3BA5,ECHO #2,Echo,Crossden burn @ Greenford Farm,56.55409349771759,-2.7087453156770502,08b500000dd026ac0000,293.0,0.0,3.54,99.0,0
2023-01-20 09:22:03.663037+00:00,70B3D54991EB3BA5,ECHO #2,Echo,Crossden burn @ Greenford Farm,56.55409349771759,-2.7087453156770502,08b600000df426ac0000,292.0,0.0,3.57,99.0,0
2023-01-20 09:37:50.352165+00:00,70B3D54991EB3BA5,ECHO #2,Echo,Crossden burn @ Greenford Farm,56.55409349771759,-2.7087453156770502,08b900000d8c26ac0000,289.0,0.0,3.47,99.0,0
2023-01-20 09:53:35.265691+00:00,70B3D54991EB3BA5,ECHO #2,Echo,Crossden burn @ Greenford Farm,56.55409349771759,-2.7087453156770502,08ba00000db426ac0000,288.0,0.0,3.51,99.0,0
2023-01-20 10:09:20.454482+00:00,70B3D54991EB3BA5,ECHO #2,Echo,Crossden burn @ Greenford Farm,56.55409349771759,-2.7087453156770502,08ba00000de026ac0000,288.0,0.0,3.55,99.0,0
2023-01-20 10:25:04.991673+00:00,70B3D54991EB3BA5,ECHO #2,Echo,Crossden burn @ Greenford Farm,56.55409349771759,-2.7087453156770502,08be00000e0026ac0000,284.0,0.0,3.58,99.0,0
2023-01-20 10:40:48.302942+00:00,70B3D54991EB3BA5,ECHO #2,Echo,Crossden burn @ Greenford Farm,56.55409349771759,-2.7087453156770502,08be00000db426ac0000,284.0,0.0,3.51,99.0,0
2023-01-20 10:56:30.801587+00:00,70B3D54991EB3BA5,ECHO #2,Echo,Crossden burn @ Greenford Farm,56.55409349771759,-2.7087453156770502,08bb00000e2026ac0000,287.0,0.0,3.62,99.0,0
2023-01-20 11:12:13.949702+00:00,70B3D54991EB3BA5,ECHO #2,Echo,Crossden burn @ Greenford Farm,56.55409349771759,-2.7087453156770502,08bb00000dd826ac0000,287.0,0.0,3.54,99.0,0
2023-01-20 11:27:57.129829+00:00,70B3D54991EB3BA5,ECHO #2,Echo,Crossden burn @ Greenford Farm,56.55409349771759,-2.7087453156770502,08bd00000db426ac0000,285.0,0.0,3.51,99.0,0
2023-01-20 11:43:39.610494+00:00,70B3D54991EB3BA5,ECHO #2,Echo,Crossden burn @ Greenford Farm,56.55409349771759,-2.7087453156770502,08bd00000de826ac0000,285.0,0.0,3.56,99.0,0
2023-01-20 11:59:23.009195+00:00,70B3D54991EB3BA5,ECHO #2,Echo,Crossden burn @ Greenford Farm,56.55409349771759,-2.7087453156770502,08bb00000df026ac0000,287.0,0.0,3.57,99.0,0
2023-01-20 12:15:04.858121+00:00,70B3D54991EB3BA5,ECHO #2,Echo,Crossden burn @ Greenford Farm,56.55409349771759,-2.7087453156770502,08ba00000dec26ac0000,288.0,0.0,3.56,99.0,0
2023-01-20 12:30:47.210218+00:00,70B3D54991EB3BA5,ECHO #2,Echo,Crossden burn @ Greenford Farm,56.55409349771759,-2.7087453156770502,08bb00000de826ac0000,287.0,0.0,3.56,99.0,0
2023-01-20 12:46:29.524401+00:00,70B3D54991EB3BA5,ECHO #2,Echo,Crossden burn @ Greenford Farm,56.55409349771759,-2.7087453156770502,08ba00000e0826ac0000,288.0,0.0,3.59,99.0,0
2023-01-20 13:02:12.383559+00:00,70B3D54991EB3BA5,ECHO #2,Echo,Crossden burn @ Greenford Farm,56.55409349771759,-2.7087453156770502,08bb00000dd826ac0000,287.0,0.0,3.54,99.0,0
2023-01-20 13:17:54.774098+00:00,70B3D54991EB3BA5,ECHO #2,Echo,Crossden burn @ Greenford Farm,56.55409349771759,-2.7087453156770502,08b900000dac26ac0000,289.0,0.0,3.5,99.0,0
2023-01-20 13:33:36.885065+00:00,70B3D54991EB3BA5,ECHO #2,Echo,Crossden burn @ Greenford Farm,56.55409349771759,-2.7087453156770502,08b600000de026ac0000,292.0,0.0,3.55,99.0,0
2023-01-20 13:49:19.698417+00:00,70B3D54991EB3BA5,ECHO #2,Echo,Crossden burn @ Greenford Farm,56.55409349771759,-2.7087453156770502,08b800000dec26ac0000,290.0,0.0,3.56,99.0,0
2023-01-20 14:05:02.046386+00:00,70B3D54991EB3BA5,ECHO #2,Echo,Crossden burn @ Greenford Farm,56.55409349771759,-2.7087453156770502,08b800000d8026ac0000,290.0,0.0,3.46,99.0,0
2023-01-20 14:20:44.745230+00:00,70B3D54991EB3BA5,ECHO #2,Echo,Crossden burn @ Greenford Farm,56.55409349771759,-2.7087453156770502,08b500000d8c26ac0000,293.0,0.0,3.47,99.0,0
2023-01-20 14:36:26.865490+00:00,70B3D54991EB3BA5,ECHO #2,Echo,Crossden burn @ Greenford Farm,56.55409349771759,-2.7087453156770502,08b400000db426ac0000,294.0,0.0,3.51,99.0,0
2023-01-20 14:52:10.059203+00:00,70B3D54991EB3BA5,ECHO #2,Echo,Crossden burn @ Greenford Farm,56.55409349771759,-2.7087453156770502,08b500000dec26ac0000,293.0,0.0,3.56,99.0,0
2023-01-20 15:07:56.059493+00:00,70B3D54991EB3BA5,ECHO #2,Echo,Crossden burn @ Greenford Farm,56.55409349771759,-2.7087453156770502,08ba00000d8826ac0000,288.0,0.0,3.46,99.0,0
2023-01-20 15:23:38.457759+00:00,70B3D54991EB3BA5,ECHO #2,Echo,Crossden burn @ Greenford Farm,56.55409349771759,-2.7087453156770502,08ba00000de026ac0000,288.0,0.0,3.55,99.0,0
2023-01-20 15:39:20.630932+00:00,70B3D54991EB3BA5,ECHO #2,Echo,Crossden burn @ Greenford Farm,56.55409349771759,-2.7087453156770502,08ba00000de426ac0000,288.0,0.0,3.56,99.0,0
2023-01-20 15:55:02.881124+00:00,70B3D54991EB3BA5,ECHO #2,Echo,Crossden burn @ Greenford Farm,56.55409349771759,-2.7087453156770502,08bb00000d8c26ac0000,287.0,0.0,3.47,99.0,0
2023-01-20 16:10:44.595402+00:00,70B3D54991EB3BA5,ECHO #2,Echo,Crossden burn @ Greenford Farm,56.55409349771759,-2.7087453156770502,08b700000de426ac0000,291.0,0.0,3.56,99.0,0
2023-01-20 16:26:26.765852+00:00,70B3D54991EB3BA5,ECHO #2,Echo,Crossden burn @ Greenford Farm,56.55409349771759,-2.7087453156770502,08b900000dd026ac0000,289.0,0.0,3.54,99.0,0
2023-01-20 16:42:08.831973+00:00,70B3D54991EB3BA5,ECHO #2,Echo,Crossden burn @ Greenford Farm,56.55409349771759,-2.7087453156770502,08bc00000da026ac0000,286.0,0.0,3.49,99.0,0
2023-01-20 16:57:54.857035+00:00,70B3D54991EB3BA5,ECHO #2,Echo,Crossden burn @ Greenford Farm,56.55409349771759,-2.7087453156770502,08b600000db026ac0000,292.0,0.0,3.5,99.0,0
2023-01-20 17:13:37.499171+00:00,70B3D54991EB3BA5,ECHO #2,Echo,Crossden burn @ Greenford Farm,56.55409349771759,-2.7087453156770502,08b800000dc826ac0000,290.0,0.0,3.53,99.0,0
2023-01-20 17:29:23.295239+00:00,70B3D54991EB3BA5,ECHO #2,Echo,Crossden burn @ Greenford Farm,56.55409349771759,-2.7087453156770502,08b200000d9c26ac0000,296.0,0.0,3.48,99.0,0
2023-01-20 17:45:07.674247+00:00,70B3D54991EB3BA5,ECHO #2,Echo,Crossden burn @ Greenford Farm,56.55409349771759,-2.7087453156770502,08b600000d6426ac0000,292.0,0.0,3.43,99.0,0
2023-01-20 18:00:50.396188+00:00,70B3D54991EB3BA5,ECHO #2,Echo,Crossden burn @ Greenford Farm,56.55409349771759,-2.7087453156770502,08b800000d6426ac0000,290.0,0.0,3.43,99.0,0
2023-01-20 18:16:33.550764+00:00,70B3D54991EB3BA5,ECHO #2,Echo,Crossden burn @ Greenford Farm,56.55409349771759,-2.7087453156770502,08b600000d7426ac0000,292.0,0.0,3.44,99.0,0
2023-01-20 18:32:16.571540+00:00,70B3D54991EB3BA5,ECHO #2,Echo,Crossden burn @ Greenford Farm,56.55409349771759,-2.7087453156770502,08b800000d6c26ac0000,290.0,0.0,3.44,99.0,0
2023-01-20 18:47:59.739451+00:00,70B3D54991EB3BA5,ECHO #2,Echo,Crossden burn @ Greenford Farm,56.55409349771759,-2.7087453156770502,08b500000d7826ac0000,293.0,0.0,3.45,99.0,0
2023-01-20 19:03:42.549519+00:00,70B3D54991EB3BA5,ECHO #2,Echo,Crossden burn @ Greenford Farm,56.55409349771759,-2.7087453156770502,08b100000dd026ac0000,297.0,0.0,3.54,99.0,0
2023-01-20 19:19:27.653892+00:00,70B3D54991EB3BA5,ECHO #2,Echo,Crossden burn @ Greenford Farm,56.55409349771759,-2.7087453156770502,08b300000d6026ac0000,295.0,0.0,3.42,99.0,0
2023-01-20 19:35:11.465854+00:00,70B3D54991EB3BA5,ECHO #2,Echo,Crossden burn @ Greenford Farm,56.55409349771759,-2.7087453156770502,08b700000d5826ac0000,291.0,0.0,3.42,99.0,0
2023-01-20 19:50:55.233636+00:00,70B3D54991EB3BA5,ECHO #2,Echo,Crossden burn @ Greenford Farm,56.55409349771759,-2.7087453156770502,08b300000dc426ac0000,295.0,0.0,3.52,99.0,0
2023-01-20 20:06:38.993379+00:00,70B3D54991EB3BA5,ECHO #2,Echo,Crossden burn @ Greenford Farm,56.55409349771759,-2.7087453156770502,08b500000d7c26ac0000,293.0,0.0,3.45,99.0,0
2023-01-20 20:22:22.032449+00:00,70B3D54991EB3BA5,ECHO #2,Echo,Crossden burn @ Greenford Farm,56.55409349771759,-2.7087453156770502,08b300000d6826ac0000,295.0,0.0,3.43,99.0,0
2023-01-20 20:38:04.930114+00:00,70B3D54991EB3BA5,ECHO #2,Echo,Crossden burn @ Greenford Farm,56.55409349771759,-2.7087453156770502,08b400000dc826ac0000,294.0,0.0,3.53,99.0,0
2023-01-20 20:53:47.259689+00:00,70B3D54991EB3BA5,ECHO #2,Echo,Crossden burn @ Greenford Farm,56.55409349771759,-2.7087453156770502,08b600000d8026ac0000,292.0,0.0,3.46,99.0,0
2023-01-20 21:09:30.349053+00:00,70B3D54991EB3BA5,ECHO #2,Echo,Crossden burn @ Greenford Farm,56.55409349771759,-2.7087453156770502,08b500000db426ac0000,293.0,0.0,3.51,99.0,0
2023-01-20 21:25:13.249518+00:00,70B3D54991EB3BA5,ECHO #2,Echo,Crossden burn @ Greenford Farm,56.55409349771759,-2.7087453156770502,08b700000d7c26ac0000,291.0,0.0,3.45,99.0,0
2023-01-20 21:40:56.219771+00:00,70B3D54991EB3BA5,ECHO #2,Echo,Crossden burn @ Greenford Farm,56.55409349771759,-2.7087453156770502,08b600000d6026ac0000,292.0,0.0,3.42,99.0,0
2023-01-20 21:56:39.355344+00:00,70B3D54991EB3BA5,ECHO #2,Echo,Crossden burn @ Greenford Farm,56.55409349771759,-2.7087453156770502,08b500000dcc26ac0000,293.0,0.0,3.53,99.0,0
2023-01-20 22:12:22.134983+00:00,70B3D54991EB3BA5,ECHO #2,Echo,Crossden burn @ Greenford Farm,56.55409349771759,-2.7087453156770502,08b100000d8c26ac0000,297.0,0.0,3.47,99.0,0
2023-01-20 22:28:05.143314+00:00,70B3D54991EB3BA5,ECHO #2,Echo,Crossden burn @ Greenford Farm,56.55409349771759,-2.7087453156770502,08b500000dcc26ac0000,293.0,0.0,3.53,99.0,0
2023-01-20 22:43:49.266197+00:00,70B3D54991EB3BA5,ECHO #2,Echo,Crossden burn @ Greenford Farm,56.55409349771759,-2.7087453156770502,08b200000d9026ac0000,296.0,0.0,3.47,99.0,0
2023-01-20 22:59:32.967997+00:00,70B3D54991EB3BA5,ECHO #2,Echo,Crossden burn @ Greenford Farm,56.55409349771759,-2.7087453156770502,08b500000d7426ac0000,293.0,0.0,3.44,99.0,0
2023-01-20 23:15:16.816295+00:00,70B3D54991EB3BA5,ECHO #2,Echo,Crossden burn @ Greenford Farm,56.55409349771759,-2.7087453156770502,08b200000d6026ac0000,296.0,0.0,3.42,99.0,0
2023-01-20 23:31:00.475699+00:00,70B3D54991EB3BA5,ECHO #2,Echo,Crossden burn @ Greenford Farm,56.55409349771759,-2.7087453156770502,08b200000da426ac0000,296.0,0.0,3.49,99.0,0
2023-01-20 23:46:43.610773+00:00,70B3D54991EB3BA5,ECHO #2,Echo,Crossden burn @ Greenford Farm,56.55409349771759,-2.7087453156770502,08b500000da826ac0000,293.0,0.0,3.5,99.0,0
2023-01-21 00:02:29.741542+00:00,70B3D54991EB3BA5,ECHO #2,Echo,Crossden burn @ Greenford Farm,56.55409349771759,-2.7087453156770502,08ae00000dcc26ac0000,300.0,0.0,3.53,99.0,0
2023-01-21 00:18:13.560562+00:00,70B3D54991EB3BA5,ECHO #2,Echo,Crossden burn @ Greenford Farm,56.55409349771759,-2.7087453156770502,08b100000dcc26ac0000,297.0,0.0,3.53,99.0,0
2023-01-21 00:33:57.706558+00:00,70B3D54991EB3BA5,ECHO #2,Echo,Crossden burn @ Greenford Farm,56.55409349771759,-2.7087453156770502,08b100000d6826ac0000,297.0,0.0,3.43,99.0,0
2023-01-21 00:49:44.636844+00:00,70B3D54991EB3BA5,ECHO #2,Echo,Crossden burn @ Greenford Farm,56.55409349771759,-2.7087453156770502,08b600000d9c26ac0000,292.0,0.0,3.48,99.0,0
2023-01-21 01:05:27.637884+00:00,70B3D54991EB3BA5,ECHO #2,Echo,Crossden burn @ Greenford Farm,56.55409349771759,-2.7087453156770502,08b500000dcc26ac0000,293.0,0.0,3.53,99.0,0
2023-01-21 01:21:11.065292+00:00,70B3D54991EB3BA5,ECHO #2,Echo,Crossden burn @ Greenford Farm,56.55409349771759,-2.7087453156770502,08b400000da026ac0000,294.0,0.0,3.49,99.0,0
2023-01-21 01:52:38.022853+00:00,70B3D54991EB3BA5,ECHO #2,Echo,Crossden burn @ Greenford Farm,56.55409349771759,-2.7087453156770502,08b100000d6026ac0000,297.0,0.0,3.42,99.0,0
2023-01-21 02:08:21.277943+00:00,70B3D54991EB3BA5,ECHO #2,Echo,Crossden burn @ Greenford Farm,56.55409349771759,-2.7087453156770502,08b300000d5826ac0000,295.0,0.0,3.42,99.0,0
2023-01-21 02:24:04.964853+00:00,70B3D54991EB3BA5,ECHO #2,Echo,Crossden burn @ Greenford Farm,56.55409349771759,-2.7087453156770502,08b700000d8026ac0000,291.0,0.0,3.46,99.0,0
2023-01-21 02:39:47.883034+00:00,70B3D54991EB3BA5,ECHO #2,Echo,Crossden burn @ Greenford Farm,56.55409349771759,-2.7087453156770502,08b600000dd426ac0000,292.0,0.0,3.54,99.0,0
2023-01-21 02:55:30.557181+00:00,70B3D54991EB3BA5,ECHO #2,Echo,Crossden burn @ Greenford Farm,56.55409349771759,-2.7087453156770502,08b900000d6426ac0000,289.0,0.0,3.43,99.0,0
2023-01-21 03:11:13.076809+00:00,70B3D54991EB3BA5,ECHO #2,Echo,Crossden burn @ Greenford Farm,56.55409349771759,-2.7087453156770502,08b800000db026ac0000,290.0,0.0,3.5,99.0,0
2023-01-21 03:42:39.527049+00:00,70B3D54991EB3BA5,ECHO #2,Echo,Crossden burn @ Greenford Farm,56.55409349771759,-2.7087453156770502,08b700000da426ac0000,291.0,0.0,3.49,99.0,0
2023-01-21 04:14:05.655341+00:00,70B3D54991EB3BA5,ECHO #2,Echo,Crossden burn @ Greenford Farm,56.55409349771759,-2.7087453156770502,08b600000d8426ac0000,292.0,0.0,3.46,99.0,0
2023-01-21 04:29:48.782697+00:00,70B3D54991EB3BA5,ECHO #2,Echo,Crossden burn @ Greenford Farm,56.55409349771759,-2.7087453156770502,08ba00000dcc26ac0000,288.0,0.0,3.53,99.0,0
2023-01-21 04:45:31.602724+00:00,70B3D54991EB3BA5,ECHO #2,Echo,Crossden burn @ Greenford Farm,56.55409349771759,-2.7087453156770502,08b800000d5826ac0000,290.0,0.0,3.42,99.0,0
2023-01-21 05:01:13.984264+00:00,70B3D54991EB3BA5,ECHO #2,Echo,Crossden burn @ Greenford Farm,56.55409349771759,-2.7087453156770502,08b700000da826ac0000,291.0,0.0,3.5,99.0,0
2023-01-21 05:16:57.726924+00:00,70B3D54991EB3BA5,ECHO #2,Echo,Crossden burn @ Greenford Farm,56.55409349771759,-2.7087453156770502,08b600000d9026ac0000,292.0,0.0,3.47,99.0,0
2023-01-21 05:32:41.925018+00:00,70B3D54991EB3BA5,ECHO #2,Echo,Crossden burn @ Greenford Farm,56.55409349771759,-2.7087453156770502,08b400000d7c26ac0000,294.0,0.0,3.45,99.0,0
2023-01-21 05:48:25.370699+00:00,70B3D54991EB3BA5,ECHO #2,Echo,Crossden burn @ Greenford Farm,56.55409349771759,-2.7087453156770502,08b400000d7426ac0000,294.0,0.0,3.44,99.0,0
2023-01-21 06:04:10.553978+00:00,70B3D54991EB3BA5,ECHO #2,Echo,Crossden burn @ Greenford Farm,56.55409349771759,-2.7087453156770502,08b700000db026ac0000,291.0,0.0,3.5,99.0,0
2023-01-21 06:19:53.854388+00:00,70B3D54991EB3BA5,ECHO #2,Echo,Crossden burn @ Greenford Farm,56.55409349771759,-2.7087453156770502,08b500000dd026ac0000,293.0,0.0,3.54,99.0,0
2023-01-21 06:35:36.815363+00:00,70B3D54991EB3BA5,ECHO #2,Echo,Crossden burn @ Greenford Farm,56.55409349771759,-2.7087453156770502,08b100000d5826ac0000,297.0,0.0,3.42,99.0,0
2023-01-21 06:51:20.813274+00:00,70B3D54991EB3BA5,ECHO #2,Echo,Crossden burn @ Greenford Farm,56.55409349771759,-2.7087453156770502,08b300000d5c26ac0000,295.0,0.0,3.42,99.0,0
2023-01-21 07:07:04.927364+00:00,70B3D54991EB3BA5,ECHO #2,Echo,Crossden burn @ Greenford Farm,56.55409349771759,-2.7087453156770502,08b500000da426ac0000,293.0,0.0,3.49,99.0,0
2023-01-21 07:22:49.150394+00:00,70B3D54991EB3BA5,ECHO #2,Echo,Crossden burn @ Greenford Farm,56.55409349771759,-2.7087453156770502,08b200000dcc26ac0000,296.0,0.0,3.53,99.0,0
2023-01-21 07:38:32.073431+00:00,70B3D54991EB3BA5,ECHO #2,Echo,Crossden burn @ Greenford Farm,56.55409349771759,-2.7087453156770502,08b300000db426ac0000,295.0,0.0,3.51,99.0,0
2023-01-21 07:54:15.562558+00:00,70B3D54991EB3BA5,ECHO #2,Echo,Crossden burn @ Greenford Farm,56.55409349771759,-2.7087453156770502,08b100000d6426ac0000,297.0,0.0,3.43,99.0,0
2023-01-21 08:09:59.773483+00:00,70B3D54991EB3BA5,ECHO #2,Echo,Crossden burn @ Greenford Farm,56.55409349771759,-2.7087453156770502,08b000000dc426ac0000,298.0,0.0,3.52,99.0,0
2023-01-21 08:25:45.680412+00:00,70B3D54991EB3BA5,ECHO #2,Echo,Crossden burn @ Greenford Farm,56.55409349771759,-2.7087453156770502,08b300000db426ac0000,295.0,0.0,3.51,99.0,0
2023-01-21 08:41:29.094058+00:00,70B3D54991EB3BA5,ECHO #2,Echo,Crossden burn @ Greenford Farm,56.55409349771759,-2.7087453156770502,08b300000de026ac0000,295.0,0.0,3.55,99.0,0
2023-01-21 08:57:14.245402+00:00,70B3D54991EB3BA5,ECHO #2,Echo,Crossden burn @ Greenford Farm,56.55409349771759,-2.7087453156770502,08b200000dd426ac0000,296.0,0.0,3.54,99.0,0
2023-01-21 09:12:57.844938+00:00,70B3D54991EB3BA5,ECHO #2,Echo,Crossden burn @ Greenford Farm,56.55409349771759,-2.7087453156770502,08b200000db426ac0000,296.0,0.0,3.51,99.0,0
2023-01-21 09:28:41.198579+00:00,70B3D54991EB3BA5,ECHO #2,Echo,Crossden burn @ Greenford Farm,56.55409349771759,-2.7087453156770502,08b100000ddc26ac0000,297.0,0.0,3.55,99.0,0
2023-01-21 09:44:24.398455+00:00,70B3D54991EB3BA5,ECHO #2,Echo,Crossden burn @ Greenford Farm,56.55409349771759,-2.7087453156770502,08b200000d7c26ac0000,296.0,0.0,3.45,99.0,0
2023-01-21 10:00:08.185489+00:00,70B3D54991EB3BA5,ECHO #2,Echo,Crossden burn @ Greenford Farm,56.55409349771759,-2.7087453156770502,08b500000dcc26ac0000,293.0,0.0,3.53,99.0,0
2023-01-21 10:15:51.789991+00:00,70B3D54991EB3BA5,ECHO #2,Echo,Crossden burn @ Greenford Farm,56.55409349771759,-2.7087453156770502,08b600000d9c26ac0000,292.0,0.0,3.48,99.0,0
2023-01-21 10:31:36.446818+00:00,70B3D54991EB3BA5,ECHO #2,Echo,Crossden burn @ Greenford Farm,56.55409349771759,-2.7087453156770502,08b700000dcc26ac0000,291.0,0.0,3.53,99.0,0
2023-01-21 10:47:23.740952+00:00,70B3D54991EB3BA5,ECHO #2,Echo,Crossden burn @ Greenford Farm,56.55409349771759,-2.7087453156770502,08b900000d8826ac0000,289.0,0.0,3.46,99.0,0
2023-01-21 11:03:09.650847+00:00,70B3D54991EB3BA5,ECHO #2,Echo,Crossden burn @ Greenford Farm,56.55409349771759,-2.7087453156770502,08bb00000d8026ac0000,287.0,0.0,3.46,99.0,0
2023-01-21 11:18:53.905878+00:00,70B3D54991EB3BA5,ECHO #2,Echo,Crossden burn @ Greenford Farm,56.55409349771759,-2.7087453156770502,08be00000d9426ac0000,284.0,0.0,3.48,99.0,0
2023-01-21 11:34:45.007930+00:00,70B3D54991EB3BA5,ECHO #2,Echo,Crossden burn @ Greenford Farm,56.55409349771759,-2.7087453156770502,08c300000df026ac0000,279.0,0.0,3.57,99.0,0
2023-01-21 11:50:28.589218+00:00,70B3D54991EB3BA5,ECHO #2,Echo,Crossden burn @ Greenford Farm,56.55409349771759,-2.7087453156770502,08c200000e0426ac0000,280.0,0.0,3.59,99.0,0
2023-01-21 12:06:08.592858+00:00,70B3D54991EB3BA5,ECHO #2,Echo,Crossden burn @ Greenford Farm,56.55409349771759,-2.7087453156770502,08c200000e0426ac0000,280.0,0.0,3.59,99.0,0
2023-01-21 12:21:52.061890+00:00,70B3D54991EB3BA5,ECHO #2,Echo,Crossden burn @ Greenford Farm,56.55409349771759,-2.7087453156770502,08bc00000db426ac0000,286.0,0.0,3.51,99.0,0
2023-01-21 12:37:34.171458+00:00,70B3D54991EB3BA5,ECHO #2,Echo,Crossden burn @ Greenford Farm,56.55409349771759,-2.7087453156770502,08bd00000db426ac0000,285.0,0.0,3.51,99.0,0
2023-01-21 12:53:20.192368+00:00,70B3D54991EB3BA5,ECHO #2,Echo,Crossden burn @ Greenford Farm,56.55409349771759,-2.7087453156770502,08b800000d7826ac0000,290.0,0.0,3.45,99.0,0
2023-01-21 13:09:03.555060+00:00,70B3D54991EB3BA5,ECHO #2,Echo,Crossden burn @ Greenford Farm,56.55409349771759,-2.7087453156770502,08b800000d8026ac0000,290.0,0.0,3.46,99.0,0
2023-01-21 13:24:46.259917+00:00,70B3D54991EB3BA5,ECHO #2,Echo,Crossden burn @ Greenford Farm,56.55409349771759,-2.7087453156770502,08b900000ddc26ac0000,289.0,0.0,3.55,99.0,0
2023-01-21 13:40:29.567357+00:00,70B3D54991EB3BA5,ECHO #2,Echo,Crossden burn @ Greenford Farm,56.55409349771759,-2.7087453156770502,08b900000de026ac0000,289.0,0.0,3.55,99.0,0
2023-01-21 13:56:12.504901+00:00,70B3D54991EB3BA5,ECHO #2,Echo,Crossden burn @ Greenford Farm,56.55409349771759,-2.7087453156770502,08b700000d7426ac0000,291.0,0.0,3.44,99.0,0
2023-01-21 14:11:56.091476+00:00,70B3D54991EB3BA5,ECHO #2,Echo,Crossden burn @ Greenford Farm,56.55409349771759,-2.7087453156770502,08ba00000dc026ac0000,288.0,0.0,3.52,99.0,0
2023-01-21 14:27:39.385204+00:00,70B3D54991EB3BA5,ECHO #2,Echo,Crossden burn @ Greenford Farm,56.55409349771759,-2.7087453156770502,08b800000d8026ac0000,290.0,0.0,3.46,99.0,0
2023-01-21 14:43:22.307441+00:00,70B3D54991EB3BA5,ECHO #2,Echo,Crossden burn @ Greenford Farm,56.55409349771759,-2.7087453156770502,08b800000de426ac0000,290.0,0.0,3.56,99.0,0
2023-01-21 14:59:04.956183+00:00,70B3D54991EB3BA5,ECHO #2,Echo,Crossden burn @ Greenford Farm,56.55409349771759,-2.7087453156770502,08b600000d7426ac0000,292.0,0.0,3.44,99.0,0
2023-01-21 15:14:47.927893+00:00,70B3D54991EB3BA5,ECHO #2,Echo,Crossden burn @ Greenford Farm,56.55409349771759,-2.7087453156770502,08b800000dd026ac0000,290.0,0.0,3.54,99.0,0
2023-01-21 15:30:30.638638+00:00,70B3D54991EB3BA5,ECHO #2,Echo,Crossden burn @ Greenford Farm,56.55409349771759,-2.7087453156770502,08b700000da426ac0000,291.0,0.0,3.49,99.0,0
2023-01-21 15:46:13.982827+00:00,70B3D54991EB3BA5,ECHO #2,Echo,Crossden burn @ Greenford Farm,56.55409349771759,-2.7087453156770502,08b500000d7826ac0000,293.0,0.0,3.45,99.0,0
2023-01-21 16:01:56.472696+00:00,70B3D54991EB3BA5,ECHO #2,Echo,Crossden burn @ Greenford Farm,56.55409349771759,-2.7087453156770502,08b600000d8026ac0000,292.0,0.0,3.46,99.0,0
2023-01-21 16:17:39.400980+00:00,70B3D54991EB3BA5,ECHO #2,Echo,Crossden burn @ Greenford Farm,56.55409349771759,-2.7087453156770502,08b600000dcc26ac0000,292.0,0.0,3.53,99.0,0
2023-01-21 16:33:22.606315+00:00,70B3D54991EB3BA5,ECHO #2,Echo,Crossden burn @ Greenford Farm,56.55409349771759,-2.7087453156770502,08b400000dd426ac0000,294.0,0.0,3.54,99.0,0
2023-01-21 16:49:05.821768+00:00,70B3D54991EB3BA5,ECHO #2,Echo,Crossden burn @ Greenford Farm,56.55409349771759,-2.7087453156770502,08b400000d7426ac0000,294.0,0.0,3.44,99.0,0
2023-01-21 17:04:49.161325+00:00,70B3D54991EB3BA5,ECHO #2,Echo,Crossden burn @ Greenford Farm,56.55409349771759,-2.7087453156770502,08b600000d8c26ac0000,292.0,0.0,3.47,99.0,0
2023-01-21 17:20:32.914465+00:00,70B3D54991EB3BA5,ECHO #2,Echo,Crossden burn @ Greenford Farm,56.55409349771759,-2.7087453156770502,08b600000d8c26ac0000,292.0,0.0,3.47,99.0,0
2023-01-21 17:36:16.256266+00:00,70B3D54991EB3BA5,ECHO #2,Echo,Crossden burn @ Greenford Farm,56.55409349771759,-2.7087453156770502,08b500000dc826ac0000,293.0,0.0,3.53,99.0,0
2023-01-21 17:51:59.330859+00:00,70B3D54991EB3BA5,ECHO #2,Echo,Crossden burn @ Greenford Farm,56.55409349771759,-2.7087453156770502,08b800000db426ac0000,290.0,0.0,3.51,99.0,0
2023-01-21 18:07:42.455054+00:00,70B3D54991EB3BA5,ECHO #2,Echo,Crossden burn @ Greenford Farm,56.55409349771759,-2.7087453156770502,08b600000dd026ac0000,292.0,0.0,3.54,99.0,0
2023-01-21 18:23:25.272680+00:00,70B3D54991EB3BA5,ECHO #2,Echo,Crossden burn @ Greenford Farm,56.55409349771759,-2.7087453156770502,08b800000d7426ac0000,290.0,0.0,3.44,99.0,0
2023-01-21 18:39:07.873434+00:00,70B3D54991EB3BA5,ECHO #2,Echo,Crossden burn @ Greenford Farm,56.55409349771759,-2.7087453156770502,08b500000d7026ac0000,293.0,0.0,3.44,99.0,0
2023-01-21 18:54:51.271918+00:00,70B3D54991EB3BA5,ECHO #2,Echo,Crossden burn @ Greenford Farm,56.55409349771759,-2.7087453156770502,08b700000d7026ac0000,291.0,0.0,3.44,99.0,0
2023-01-21 19:10:34.425365+00:00,70B3D54991EB3BA5,ECHO #2,Echo,Crossden burn @ Greenford Farm,56.55409349771759,-2.7087453156770502,08b600000d6826ac0000,292.0,0.0,3.43,99.0,0
2023-01-21 19:26:17.694707+00:00,70B3D54991EB3BA5,ECHO #2,Echo,Crossden burn @ Greenford Farm,56.55409349771759,-2.7087453156770502,08b900000de026ac0000,289.0,0.0,3.55,99.0,0
2023-01-21 19:42:02.774975+00:00,70B3D54991EB3BA5,ECHO #2,Echo,Crossden burn @ Greenford Farm,56.55409349771759,-2.7087453156770502,08b600000dd826ac0000,292.0,0.0,3.54,99.0,0
2023-01-21 19:57:46.371503+00:00,70B3D54991EB3BA5,ECHO #2,Echo,Crossden burn @ Greenford Farm,56.55409349771759,-2.7087453156770502,08b500000d7826ac0000,293.0,0.0,3.45,99.0,0
2023-01-21 20:13:30.824002+00:00,70B3D54991EB3BA5,ECHO #2,Echo,Crossden burn @ Greenford Farm,56.55409349771759,-2.7087453156770502,08b800000d9026ac0000,290.0,0.0,3.47,99.0,0
2023-01-21 20:29:14.218145+00:00,70B3D54991EB3BA5,ECHO #2,Echo,Crossden burn @ Greenford Farm,56.55409349771759,-2.7087453156770502,08b600000dd826ac0000,292.0,0.0,3.54,99.0,0
2023-01-21 20:44:57.723321+00:00,70B3D54991EB3BA5,ECHO #2,Echo,Crossden burn @ Greenford Farm,56.55409349771759,-2.7087453156770502,08b700000d7426ac0000,291.0,0.0,3.44,99.0,0
2023-01-21 21:00:41.009347+00:00,70B3D54991EB3BA5,ECHO #2,Echo,Crossden burn @ Greenford Farm,56.55409349771759,-2.7087453156770502,08b700000db426ac0000,291.0,0.0,3.51,99.0,0
2023-01-21 21:16:24.004115+00:00,70B3D54991EB3BA5,ECHO #2,Echo,Crossden burn @ Greenford Farm,56.55409349771759,-2.7087453156770502,08b500000d9426ac0000,293.0,0.0,3.48,99.0,0
2023-01-21 21:32:08.064398+00:00,70B3D54991EB3BA5,ECHO #2,Echo,Crossden burn @ Greenford Farm,56.55409349771759,-2.7087453156770502,08b700000da826ac0000,291.0,0.0,3.5,99.0,0
2023-01-21 21:47:50.938022+00:00,70B3D54991EB3BA5,ECHO #2,Echo,Crossden burn @ Greenford Farm,56.55409349771759,-2.7087453156770502,08b600000d9c26ac0000,292.0,0.0,3.48,99.0,0
2023-01-21 22:03:34.544107+00:00,70B3D54991EB3BA5,ECHO #2,Echo,Crossden burn @ Greenford Farm,56.55409349771759,-2.7087453156770502,08b700000dcc26ac0000,291.0,0.0,3.53,99.0,0
2023-01-21 22:19:17.861499+00:00,70B3D54991EB3BA5,ECHO #2,Echo,Crossden burn @ Greenford Farm,56.55409349771759,-2.7087453156770502,08b700000d8426ac0000,291.0,0.0,3.46,99.0,0
2023-01-21 22:35:01.100074+00:00,70B3D54991EB3BA5,ECHO #2,Echo,Crossden burn @ Greenford Farm,56.55409349771759,-2.7087453156770502,08b400000d9c26ac0000,294.0,0.0,3.48,99.0,0
2023-01-21 22:50:46.622983+00:00,70B3D54991EB3BA5,ECHO #2,Echo,Crossden burn @ Greenford Farm,56.55409349771759,-2.7087453156770502,08b800000d7826ac0000,290.0,0.0,3.45,99.0,0
2023-01-21 23:06:32.928026+00:00,70B3D54991EB3BA5,ECHO #2,Echo,Crossden burn @ Greenford Farm,56.55409349771759,-2.7087453156770502,08b300000dc026ac0000,295.0,0.0,3.52,99.0,0
2023-01-21 23:38:00.167759+00:00,70B3D54991EB3BA5,ECHO #2,Echo,Crossden burn @ Greenford Farm,56.55409349771759,-2.7087453156770502,08b400000d8826ac0000,294.0,0.0,3.46,99.0,0
2023-01-21 23:53:43.537167+00:00,70B3D54991EB3BA5,ECHO #2,Echo,Crossden burn @ Greenford Farm,56.55409349771759,-2.7087453156770502,08b600000db026ac0000,292.0,0.0,3.5,99.0,0
2023-01-22 00:09:27.143559+00:00,70B3D54991EB3BA5,ECHO #2,Echo,Crossden burn @ Greenford Farm,56.55409349771759,-2.7087453156770502,08b700000d6426ac0000,291.0,0.0,3.43,99.0,0
2023-01-22 00:25:11.571214+00:00,70B3D54991EB3BA5,ECHO #2,Echo,Crossden burn @ Greenford Farm,56.55409349771759,-2.7087453156770502,08b400000d6c26ac0000,294.0,0.0,3.44,99.0,0
2023-01-22 00:40:54.935490+00:00,70B3D54991EB3BA5,ECHO #2,Echo,Crossden burn @ Greenford Farm,56.55409349771759,-2.7087453156770502,08b700000da026ac0000,291.0,0.0,3.49,99.0,0
2023-01-22 00:56:37.698866+00:00,70B3D54991EB3BA5,ECHO #2,Echo,Crossden burn @ Greenford Farm,56.55409349771759,-2.7087453156770502,08b600000dd026ac0000,292.0,0.0,3.54,99.0,0
2023-01-22 01:12:20.875161+00:00,70B3D54991EB3BA5,ECHO #2,Echo,Crossden burn @ Greenford Farm,56.55409349771759,-2.7087453156770502,08b200000dd826ac0000,296.0,0.0,3.54,99.0,0
2023-01-22 01:28:04.581821+00:00,70B3D54991EB3BA5,ECHO #2,Echo,Crossden burn @ Greenford Farm,56.55409349771759,-2.7087453156770502,08b500000dc826ac0000,293.0,0.0,3.53,99.0,0
2023-01-22 01:43:47.971815+00:00,70B3D54991EB3BA5,ECHO #2,Echo,Crossden burn @ Greenford Farm,56.55409349771759,-2.7087453156770502,08b600000d7c26ac0000,292.0,0.0,3.45,99.0,0
2023-01-22 01:59:31.068393+00:00,70B3D54991EB3BA5,ECHO #2,Echo,Crossden burn @ Greenford Farm,56.55409349771759,-2.7087453156770502,08b300000d7026ac0000,295.0,0.0,3.44,99.0,0
2023-01-22 02:15:14.510973+00:00,70B3D54991EB3BA5,ECHO #2,Echo,Crossden burn @ Greenford Farm,56.55409349771759,-2.7087453156770502,08b500000d8c26ac0000,293.0,0.0,3.47,99.0,0
2023-01-22 02:30:57.600137+00:00,70B3D54991EB3BA5,ECHO #2,Echo,Crossden burn @ Greenford Farm,56.55409349771759,-2.7087453156770502,08b600000da426ac0000,292.0,0.0,3.49,99.0,0
2023-01-22 02:46:41.722659+00:00,70B3D54991EB3BA5,ECHO #2,Echo,Crossden burn @ Greenford Farm,56.55409349771759,-2.7087453156770502,08b300000dcc26ac0000,295.0,0.0,3.53,99.0,0
2023-01-22 03:02:24.857711+00:00,70B3D54991EB3BA5,ECHO #2,Echo,Crossden burn @ Greenford Farm,56.55409349771759,-2.7087453156770502,08b300000db426ac0000,295.0,0.0,3.51,99.0,0
2023-01-22 03:18:08.208556+00:00,70B3D54991EB3BA5,ECHO #2,Echo,Crossden burn @ Greenford Farm,56.55409349771759,-2.7087453156770502,08b600000db426ac0000,292.0,0.0,3.51,99.0,0
2023-01-22 03:33:51.693739+00:00,70B3D54991EB3BA5,ECHO #2,Echo,Crossden burn @ Greenford Farm,56.55409349771759,-2.7087453156770502,08b200000da026ac0000,296.0,0.0,3.49,99.0,0
2023-01-22 03:49:34.856726+00:00,70B3D54991EB3BA5,ECHO #2,Echo,Crossden burn @ Greenford Farm,56.55409349771759,-2.7087453156770502,08b200000db026ac0000,296.0,0.0,3.5,99.0,0
2023-01-22 04:05:18.807715+00:00,70B3D54991EB3BA5,ECHO #2,Echo,Crossden burn @ Greenford Farm,56.55409349771759,-2.7087453156770502,08b200000d8c26ac0000,296.0,0.0,3.47,99.0,0
2023-01-22 04:21:03.980202+00:00,70B3D54991EB3BA5,ECHO #2,Echo,Crossden burn @ Greenford Farm,56.55409349771759,-2.7087453156770502,08b600000db026ac0000,292.0,0.0,3.5,99.0,0
2023-01-22 04:36:47.695427+00:00,70B3D54991EB3BA5,ECHO #2,Echo,Crossden burn @ Greenford Farm,56.55409349771759,-2.7087453156770502,08b300000d7426ac0000,295.0,0.0,3.44,99.0,0
2023-01-22 04:52:30.997754+00:00,70B3D54991EB3BA5,ECHO #2,Echo,Crossden burn @ Greenford Farm,56.55409349771759,-2.7087453156770502,08b300000dcc26ac0000,295.0,0.0,3.53,99.0,0
2023-01-22 05:08:14.983050+00:00,70B3D54991EB3BA5,ECHO #2,Echo,Crossden burn @ Greenford Farm,56.55409349771759,-2.7087453156770502,08b600000dcc26ac0000,292.0,0.0,3.53,99.0,0
2023-01-22 05:23:58.236327+00:00,70B3D54991EB3BA5,ECHO #2,Echo,Crossden burn @ Greenford Farm,56.55409349771759,-2.7087453156770502,08b300000d8826ac0000,295.0,0.0,3.46,99.0,0
2023-01-22 05:39:41.809064+00:00,70B3D54991EB3BA5,ECHO #2,Echo,Crossden burn @ Greenford Farm,56.55409349771759,-2.7087453156770502,08b700000d8826ac0000,291.0,0.0,3.46,99.0,0
2023-01-22 05:55:25.360125+00:00,70B3D54991EB3BA5,ECHO #2,Echo,Crossden burn @ Greenford Farm,56.55409349771759,-2.7087453156770502,08b500000de426ac0000,293.0,0.0,3.56,99.0,0
2023-01-22 06:11:07.588862+00:00,70B3D54991EB3BA5,ECHO #2,Echo,Crossden burn @ Greenford Farm,56.55409349771759,-2.7087453156770502,08b300000dc426ac0000,295.0,0.0,3.52,99.0,0
2023-01-22 06:26:50.704613+00:00,70B3D54991EB3BA5,ECHO #2,Echo,Crossden burn @ Greenford Farm,56.55409349771759,-2.7087453156770502,08b400000d6826ac0000,294.0,0.0,3.43,99.0,0
2023-01-22 06:42:34.104908+00:00,70B3D54991EB3BA5,ECHO #2,Echo,Crossden burn @ Greenford Farm,56.55409349771759,-2.7087453156770502,08b200000d7c26ac0000,296.0,0.0,3.45,99.0,0
2023-01-22 06:58:17.090642+00:00,70B3D54991EB3BA5,ECHO #2,Echo,Crossden burn @ Greenford Farm,56.55409349771759,-2.7087453156770502,08b500000dd026ac0000,293.0,0.0,3.54,99.0,0
2023-01-22 07:14:00.323855+00:00,70B3D54991EB3BA5,ECHO #2,Echo,Crossden burn @ Greenford Farm,56.55409349771759,-2.7087453156770502,08b400000db026ac0000,294.0,0.0,3.5,99.0,0
2023-01-22 07:29:44.284487+00:00,70B3D54991EB3BA5,ECHO #2,Echo,Crossden burn @ Greenford Farm,56.55409349771759,-2.7087453156770502,08b400000dcc26ac0000,294.0,0.0,3.53,99.0,0
2023-01-22 07:45:28.288384+00:00,70B3D54991EB3BA5,ECHO #2,Echo,Crossden burn @ Greenford Farm,56.55409349771759,-2.7087453156770502,08b300000d9426ac0000,295.0,0.0,3.48,99.0,0
2023-01-22 08:01:11.823707+00:00,70B3D54991EB3BA5,ECHO #2,Echo,Crossden burn @ Greenford Farm,56.55409349771759,-2.7087453156770502,08b100000db026ac0000,297.0,0.0,3.5,99.0,0
2023-01-22 08:16:55.240370+00:00,70B3D54991EB3BA5,ECHO #2,Echo,Crossden burn @ Greenford Farm,56.55409349771759,-2.7087453156770502,08b400000d8c26ac0000,294.0,0.0,3.47,99.0,0
2023-01-22 08:32:38.441476+00:00,70B3D54991EB3BA5,ECHO #2,Echo,Crossden burn @ Greenford Farm,56.55409349771759,-2.7087453156770502,08b500000d7426ac0000,293.0,0.0,3.44,99.0,0
2023-01-22 08:48:21.670242+00:00,70B3D54991EB3BA5,ECHO #2,Echo,Crossden burn @ Greenford Farm,56.55409349771759,-2.7087453156770502,08b500000dc826ac0000,293.0,0.0,3.53,99.0,0
2023-01-22 09:04:04.883329+00:00,70B3D54991EB3BA5,ECHO #2,Echo,Crossden burn @ Greenford Farm,56.55409349771759,-2.7087453156770502,08b500000dd026ac0000,293.0,0.0,3.54,99.0,0
2023-01-22 09:19:48.236602+00:00,70B3D54991EB3BA5,ECHO #2,Echo,Crossden burn @ Greenford Farm,56.55409349771759,-2.7087453156770502,08b400000dd426ac0000,294.0,0.0,3.54,99.0,0
2023-01-22 09:35:31.513184+00:00,70B3D54991EB3BA5,ECHO #2,Echo,Crossden burn @ Greenford Farm,56.55409349771759,-2.7087453156770502,08b400000d8826ac0000,294.0,0.0,3.46,99.0,0
2023-01-22 09:51:14.784781+00:00,70B3D54991EB3BA5,ECHO #2,Echo,Crossden burn @ Greenford Farm,56.55409349771759,-2.7087453156770502,08b800000db026ac0000,290.0,0.0,3.5,99.0,0
2023-01-22 10:06:58.352239+00:00,70B3D54991EB3BA5,ECHO #2,Echo,Crossden burn @ Greenford Farm,56.55409349771759,-2.7087453156770502,08b500000dcc26ac0000,293.0,0.0,3.53,99.0,0
2023-01-22 10:22:42.116253+00:00,70B3D54991EB3BA5,ECHO #2,Echo,Crossden burn @ Greenford Farm,56.55409349771759,-2.7087453156770502,08b500000da826ac0000,293.0,0.0,3.5,99.0,0
2023-01-22 10:38:25.943698+00:00,70B3D54991EB3BA5,ECHO #2,Echo,Crossden burn @ Greenford Farm,56.55409349771759,-2.7087453156770502,08b700000d7c26ac0000,291.0,0.0,3.45,99.0,0
2023-01-22 10:54:09.819197+00:00,70B3D54991EB3BA5,ECHO #2,Echo,Crossden burn @ Greenford Farm,56.55409349771759,-2.7087453156770502,08b500000d7426ac0000,293.0,0.0,3.44,99.0,0
2023-01-22 11:09:53.370433+00:00,70B3D54991EB3BA5,ECHO #2,Echo,Crossden burn @ Greenford Farm,56.55409349771759,-2.7087453156770502,08b700000d8026ac0000,291.0,0.0,3.46,99.0,0
2023-01-22 11:25:37.137131+00:00,70B3D54991EB3BA5,ECHO #2,Echo,Crossden burn @ Greenford Farm,56.55409349771759,-2.7087453156770502,08b500000d9c26ac0000,293.0,0.0,3.48,99.0,0
2023-01-22 11:41:20.836831+00:00,70B3D54991EB3BA5,ECHO #2,Echo,Crossden burn @ Greenford Farm,56.55409349771759,-2.7087453156770502,08b300000dc426ac0000,295.0,0.0,3.52,99.0,0
2023-01-22 11:57:07.540769+00:00,70B3D54991EB3BA5,ECHO #2,Echo,Crossden burn @ Greenford Farm,56.55409349771759,-2.7087453156770502,08b600000de026ac0000,292.0,0.0,3.55,99.0,0
2023-01-22 12:12:51.951753+00:00,70B3D54991EB3BA5,ECHO #2,Echo,Crossden burn @ Greenford Farm,56.55409349771759,-2.7087453156770502,08b300000d8026ac0000,295.0,0.0,3.46,99.0,0
2023-01-22 12:28:36.197461+00:00,70B3D54991EB3BA5,ECHO #2,Echo,Crossden burn @ Greenford Farm,56.55409349771759,-2.7087453156770502,08b500000d8026ac0000,293.0,0.0,3.46,99.0,0
2023-01-22 12:44:19.977955+00:00,70B3D54991EB3BA5,ECHO #2,Echo,Crossden burn @ Greenford Farm,56.55409349771759,-2.7087453156770502,08b700000d9026ac0000,291.0,0.0,3.47,99.0,0
2023-01-22 13:00:03.782602+00:00,70B3D54991EB3BA5,ECHO #2,Echo,Crossden burn @ Greenford Farm,56.55409349771759,-2.7087453156770502,08b400000dec26ac0000,294.0,0.0,3.56,99.0,0
2023-01-22 13:15:47.140444+00:00,70B3D54991EB3BA5,ECHO #2,Echo,Crossden burn @ Greenford Farm,56.55409349771759,-2.7087453156770502,08b700000df826ac0000,291.0,0.0,3.58,99.0,0
2023-01-22 13:31:29.485077+00:00,70B3D54991EB3BA5,ECHO #2,Echo,Crossden burn @ Greenford Farm,56.55409349771759,-2.7087453156770502,08b500000ddc26ac0000,293.0,0.0,3.55,99.0,0
2023-01-22 13:47:13.844080+00:00,70B3D54991EB3BA5,ECHO #2,Echo,Crossden burn @ Greenford Farm,56.55409349771759,-2.7087453156770502,08b400000dc826ac0000,294.0,0.0,3.53,99.0,0
2023-01-22 14:02:57.311593+00:00,70B3D54991EB3BA5,ECHO #2,Echo,Crossden burn @ Greenford Farm,56.55409349771759,-2.7087453156770502,08b800000d8826ac0000,290.0,0.0,3.46,99.0,0
2023-01-22 14:18:40.537171+00:00,70B3D54991EB3BA5,ECHO #2,Echo,Crossden burn @ Greenford Farm,56.55409349771759,-2.7087453156770502,08b500000dcc26ac0000,293.0,0.0,3.53,99.0,0
2023-01-22 14:34:25.930390+00:00,70B3D54991EB3BA5,ECHO #2,Echo,Crossden burn @ Greenford Farm,56.55409349771759,-2.7087453156770502,08b500000dd826ac0000,293.0,0.0,3.54,99.0,0
2023-01-22 14:50:08.681897+00:00,70B3D54991EB3BA5,ECHO #2,Echo,Crossden burn @ Greenford Farm,56.55409349771759,-2.7087453156770502,08b400000d9c26ac0000,294.0,0.0,3.48,99.0,0
2023-01-22 15:05:52.029571+00:00,70B3D54991EB3BA5,ECHO #2,Echo,Crossden burn @ Greenford Farm,56.55409349771759,-2.7087453156770502,08b600000dd426ac0000,292.0,0.0,3.54,99.0,0
2023-01-22 15:21:35.390783+00:00,70B3D54991EB3BA5,ECHO #2,Echo,Crossden burn @ Greenford Farm,56.55409349771759,-2.7087453156770502,08b600000db426ac0000,292.0,0.0,3.51,99.0,0
2023-01-22 15:37:18.465300+00:00,70B3D54991EB3BA5,ECHO #2,Echo,Crossden burn @ Greenford Farm,56.55409349771759,-2.7087453156770502,08b700000de026ac0000,291.0,0.0,3.55,99.0,0
2023-01-22 15:53:01.878966+00:00,70B3D54991EB3BA5,ECHO #2,Echo,Crossden burn @ Greenford Farm,56.55409349771759,-2.7087453156770502,08b600000d7c26ac0000,292.0,0.0,3.45,99.0,0
2023-01-22 16:08:44.835346+00:00,70B3D54991EB3BA5,ECHO #2,Echo,Crossden burn @ Greenford Farm,56.55409349771759,-2.7087453156770502,08b700000db426ac0000,291.0,0.0,3.51,99.0,0
2023-01-22 16:24:28.213367+00:00,70B3D54991EB3BA5,ECHO #2,Echo,Crossden burn @ Greenford Farm,56.55409349771759,-2.7087453156770502,08b800000dd826ac0000,290.0,0.0,3.54,99.0,0
2023-01-22 16:40:11.282182+00:00,70B3D54991EB3BA5,ECHO #2,Echo,Crossden burn @ Greenford Farm,56.55409349771759,-2.7087453156770502,08b900000d7426ac0000,289.0,0.0,3.44,99.0,0
2023-01-22 16:55:56.802120+00:00,70B3D54991EB3BA5,ECHO #2,Echo,Crossden burn @ Greenford Farm,56.55409349771759,-2.7087453156770502,08b500000de426ac0000,293.0,0.0,3.56,99.0,0
2023-01-22 17:11:41.118574+00:00,70B3D54991EB3BA5,ECHO #2,Echo,Crossden burn @ Greenford Farm,56.55409349771759,-2.7087453156770502,08b600000d7826ac0000,292.0,0.0,3.45,99.0,0
2023-01-22 17:27:25.148821+00:00,70B3D54991EB3BA5,ECHO #2,Echo,Crossden burn @ Greenford Farm,56.55409349771759,-2.7087453156770502,08b700000db426ac0000,291.0,0.0,3.51,99.0,0
2023-01-22 17:43:09.045698+00:00,70B3D54991EB3BA5,ECHO #2,Echo,Crossden burn @ Greenford Farm,56.55409349771759,-2.7087453156770502,08b500000d8826ac0000,293.0,0.0,3.46,99.0,0
2023-01-22 17:58:52.705550+00:00,70B3D54991EB3BA5,ECHO #2,Echo,Crossden burn @ Greenford Farm,56.55409349771759,-2.7087453156770502,08b900000d9c26ac0000,289.0,0.0,3.48,99.0,0
2023-01-22 18:14:36.161015+00:00,70B3D54991EB3BA5,ECHO #2,Echo,Crossden burn @ Greenford Farm,56.55409349771759,-2.7087453156770502,08b900000da826ac0000,289.0,0.0,3.5,99.0,0
2023-01-22 18:30:19.744782+00:00,70B3D54991EB3BA5,ECHO #2,Echo,Crossden burn @ Greenford Farm,56.55409349771759,-2.7087453156770502,08ba00000d9c26ac0000,288.0,0.0,3.48,99.0,0
2023-01-22 18:46:06.329369+00:00,70B3D54991EB3BA5,ECHO #2,Echo,Crossden burn @ Greenford Farm,56.55409349771759,-2.7087453156770502,08b300000da826ac0000,295.0,0.0,3.5,99.0,0
2023-01-22 19:01:50.509302+00:00,70B3D54991EB3BA5,ECHO #2,Echo,Crossden burn @ Greenford Farm,56.55409349771759,-2.7087453156770502,08b500000dd826ac0000,293.0,0.0,3.54,99.0,0
2023-01-22 19:17:33.652088+00:00,70B3D54991EB3BA5,ECHO #2,Echo,Crossden burn @ Greenford Farm,56.55409349771759,-2.7087453156770502,08b700000d8426ac0000,291.0,0.0,3.46,99.0,0
2023-01-22 19:33:19.851857+00:00,70B3D54991EB3BA5,ECHO #2,Echo,Crossden burn @ Greenford Farm,56.55409349771759,-2.7087453156770502,08b900000d7026ac0000,289.0,0.0,3.44,99.0,0
2023-01-22 19:49:02.477522+00:00,70B3D54991EB3BA5,ECHO #2,Echo,Crossden burn @ Greenford Farm,56.55409349771759,-2.7087453156770502,08b600000d7826ac0000,292.0,0.0,3.45,99.0,0
2023-01-22 20:04:46.415076+00:00,70B3D54991EB3BA5,ECHO #2,Echo,Crossden burn @ Greenford Farm,56.55409349771759,-2.7087453156770502,08b700000db426ac0000,291.0,0.0,3.51,99.0,0
2023-01-22 20:20:29.565686+00:00,70B3D54991EB3BA5,ECHO #2,Echo,Crossden burn @ Greenford Farm,56.55409349771759,-2.7087453156770502,08b600000d8826ac0000,292.0,0.0,3.46,99.0,0
2023-01-22 20:36:13.014605+00:00,70B3D54991EB3BA5,ECHO #2,Echo,Crossden burn @ Greenford Farm,56.55409349771759,-2.7087453156770502,08b600000d7426ac0000,292.0,0.0,3.44,99.0,0
2023-01-22 20:51:56.166304+00:00,70B3D54991EB3BA5,ECHO #2,Echo,Crossden burn @ Greenford Farm,56.55409349771759,-2.7087453156770502,08b600000d9426ac0000,292.0,0.0,3.48,99.0,0
2023-01-22 21:07:39.268126+00:00,70B3D54991EB3BA5,ECHO #2,Echo,Crossden burn @ Greenford Farm,56.55409349771759,-2.7087453156770502,08b800000d7426ac0000,290.0,0.0,3.44,99.0,0
2023-01-22 21:23:22.024444+00:00,70B3D54991EB3BA5,ECHO #2,Echo,Crossden burn @ Greenford Farm,56.55409349771759,-2.7087453156770502,08b500000d6c26ac0000,293.0,0.0,3.44,99.0,0
2023-01-22 21:39:04.565662+00:00,70B3D54991EB3BA5,ECHO #2,Echo,Crossden burn @ Greenford Farm,56.55409349771759,-2.7087453156770502,08b800000da826ac0000,290.0,0.0,3.5,99.0,0
2023-01-22 21:54:50.780728+00:00,70B3D54991EB3BA5,ECHO #2,Echo,Crossden burn @ Greenford Farm,56.55409349771759,-2.7087453156770502,08b300000ddc26ac0000,295.0,0.0,3.55,99.0,0
2023-01-22 22:10:34.823156+00:00,70B3D54991EB3BA5,ECHO #2,Echo,Crossden burn @ Greenford Farm,56.55409349771759,-2.7087453156770502,08b400000da826ac0000,294.0,0.0,3.5,99.0,0
2023-01-22 22:26:19.113394+00:00,70B3D54991EB3BA5,ECHO #2,Echo,Crossden burn @ Greenford Farm,56.55409349771759,-2.7087453156770502,08b400000d6826ac0000,294.0,0.0,3.43,99.0,0
2023-01-22 22:42:04.543159+00:00,70B3D54991EB3BA5,ECHO #2,Echo,Crossden burn @ Greenford Farm,56.55409349771759,-2.7087453156770502,08b400000d8826ac0000,294.0,0.0,3.46,99.0,0
2023-01-22 22:57:48.395733+00:00,70B3D54991EB3BA5,ECHO #2,Echo,Crossden burn @ Greenford Farm,56.55409349771759,-2.7087453156770502,08b400000db026ac0000,294.0,0.0,3.5,99.0,0
2023-01-22 23:13:31.944593+00:00,70B3D54991EB3BA5,ECHO #2,Echo,Crossden burn @ Greenford Farm,56.55409349771759,-2.7087453156770502,08b400000ddc26ac0000,294.0,0.0,3.55,99.0,0
2023-01-22 23:29:16.339074+00:00,70B3D54991EB3BA5,ECHO #2,Echo,Crossden burn @ Greenford Farm,56.55409349771759,-2.7087453156770502,08b700000d7426ac0000,291.0,0.0,3.44,99.0,0
2023-01-22 23:44:59.666085+00:00,70B3D54991EB3BA5,ECHO #2,Echo,Crossden burn @ Greenford Farm,56.55409349771759,-2.7087453156770502,08b600000dd826ac0000,292.0,0.0,3.54,99.0,0
2023-01-23 00:00:42.800839+00:00,70B3D54991EB3BA5,ECHO #2,Echo,Crossden burn @ Greenford Farm,56.55409349771759,-2.7087453156770502,08b700000db426ac0000,291.0,0.0,3.51,99.0,0
2023-01-23 00:16:26.204957+00:00,70B3D54991EB3BA5,ECHO #2,Echo,Crossden burn @ Greenford Farm,56.55409349771759,-2.7087453156770502,08b300000df426ac0000,295.0,0.0,3.57,99.0,0
2023-01-23 00:32:10.236626+00:00,70B3D54991EB3BA5,ECHO #2,Echo,Crossden burn @ Greenford Farm,56.55409349771759,-2.7087453156770502,08b500000d8826ac0000,293.0,0.0,3.46,99.0,0
2023-01-23 00:47:53.745527+00:00,70B3D54991EB3BA5,ECHO #2,Echo,Crossden burn @ Greenford Farm,56.55409349771759,-2.7087453156770502,08b500000d9426ac0000,293.0,0.0,3.48,99.0,0
2023-01-23 01:03:37.694119+00:00,70B3D54991EB3BA5,ECHO #2,Echo,Crossden burn @ Greenford Farm,56.55409349771759,-2.7087453156770502,08b300000d7826ac0000,295.0,0.0,3.45,99.0,0
2023-01-23 01:19:21.110956+00:00,70B3D54991EB3BA5,ECHO #2,Echo,Crossden burn @ Greenford Farm,56.55409349771759,-2.7087453156770502,08b400000d8026ac0000,294.0,0.0,3.46,99.0,0
2023-01-23 01:35:05.261198+00:00,70B3D54991EB3BA5,ECHO #2,Echo,Crossden burn @ Greenford Farm,56.55409349771759,-2.7087453156770502,08b500000dcc26ac0000,293.0,0.0,3.53,99.0,0
2023-01-23 01:50:48.426561+00:00,70B3D54991EB3BA5,ECHO #2,Echo,Crossden burn @ Greenford Farm,56.55409349771759,-2.7087453156770502,08b600000dcc26ac0000,292.0,0.0,3.53,99.0,0
2023-01-23 02:06:32.104744+00:00,70B3D54991EB3BA5,ECHO #2,Echo,Crossden burn @ Greenford Farm,56.55409349771759,-2.7087453156770502,08ba00000d7426ac0000,288.0,0.0,3.44,99.0,0
2023-01-23 02:22:18.141721+00:00,70B3D54991EB3BA5,ECHO #2,Echo,Crossden burn @ Greenford Farm,56.55409349771759,-2.7087453156770502,08b600000d8426ac0000,292.0,0.0,3.46,99.0,0
2023-01-23 02:38:01.702075+00:00,70B3D54991EB3BA5,ECHO #2,Echo,Crossden burn @ Greenford Farm,56.55409349771759,-2.7087453156770502,08b300000dac26ac0000,295.0,0.0,3.5,99.0,0
2023-01-23 02:53:45.155196+00:00,70B3D54991EB3BA5,ECHO #2,Echo,Crossden burn @ Greenford Farm,56.55409349771759,-2.7087453156770502,08b700000db426ac0000,291.0,0.0,3.51,99.0,0
2023-01-23 03:09:28.809779+00:00,70B3D54991EB3BA5,ECHO #2,Echo,Crossden burn @ Greenford Farm,56.55409349771759,-2.7087453156770502,08b500000dc026ac0000,293.0,0.0,3.52,99.0,0
2023-01-23 03:40:55.980678+00:00,70B3D54991EB3BA5,ECHO #2,Echo,Crossden burn @ Greenford Farm,56.55409349771759,-2.7087453156770502,08b400000d8826ac0000,294.0,0.0,3.46,99.0,0
2023-01-23 03:56:39.661592+00:00,70B3D54991EB3BA5,ECHO #2,Echo,Crossden burn @ Greenford Farm,56.55409349771759,-2.7087453156770502,08b500000db426ac0000,293.0,0.0,3.51,99.0,0
2023-01-23 04:12:22.980912+00:00,70B3D54991EB3BA5,ECHO #2,Echo,Crossden burn @ Greenford Farm,56.55409349771759,-2.7087453156770502,08b600000d7826ac0000,292.0,0.0,3.45,99.0,0
2023-01-23 04:28:06.411967+00:00,70B3D54991EB3BA5,ECHO #2,Echo,Crossden burn @ Greenford Farm,56.55409349771759,-2.7087453156770502,08b300000d8826ac0000,295.0,0.0,3.46,99.0,0
2023-01-23 04:43:50.036413+00:00,70B3D54991EB3BA5,ECHO #2,Echo,Crossden burn @ Greenford Farm,56.55409349771759,-2.7087453156770502,08b300000db026ac0000,295.0,0.0,3.5,99.0,0
2023-01-23 04:59:33.844134+00:00,70B3D54991EB3BA5,ECHO #2,Echo,Crossden burn @ Greenford Farm,56.55409349771759,-2.7087453156770502,08b100000dcc26ac0000,297.0,0.0,3.53,99.0,0
2023-01-23 05:15:16.738309+00:00,70B3D54991EB3BA5,ECHO #2,Echo,Crossden burn @ Greenford Farm,56.55409349771759,-2.7087453156770502,08b400000dc826ac0000,294.0,0.0,3.53,99.0,0
2023-01-23 05:31:00.816533+00:00,70B3D54991EB3BA5,ECHO #2,Echo,Crossden burn @ Greenford Farm,56.55409349771759,-2.7087453156770502,08b300000da026ac0000,295.0,0.0,3.49,99.0,0
2023-01-23 05:46:45.045400+00:00,70B3D54991EB3BA5,ECHO #2,Echo,Crossden burn @ Greenford Farm,56.55409349771759,-2.7087453156770502,08b300000d9826ac0000,295.0,0.0,3.48,99.0,0
2023-01-23 06:02:28.587124+00:00,70B3D54991EB3BA5,ECHO #2,Echo,Crossden burn @ Greenford Farm,56.55409349771759,-2.7087453156770502,08b200000da426ac0000,296.0,0.0,3.49,99.0,0
2023-01-23 06:18:12.229216+00:00,70B3D54991EB3BA5,ECHO #2,Echo,Crossden burn @ Greenford Farm,56.55409349771759,-2.7087453156770502,08b300000d7426ac0000,295.0,0.0,3.44,99.0,0
2023-01-23 06:33:55.050948+00:00,70B3D54991EB3BA5,ECHO #2,Echo,Crossden burn @ Greenford Farm,56.55409349771759,-2.7087453156770502,08b600000db426ac0000,292.0,0.0,3.51,99.0,0
2023-01-23 06:49:38.439053+00:00,70B3D54991EB3BA5,ECHO #2,Echo,Crossden burn @ Greenford Farm,56.55409349771759,-2.7087453156770502,08b200000d8026ac0000,296.0,0.0,3.46,99.0,0
2023-01-23 07:05:22.167137+00:00,70B3D54991EB3BA5,ECHO #2,Echo,Crossden burn @ Greenford Farm,56.55409349771759,-2.7087453156770502,08b500000da826ac0000,293.0,0.0,3.5,99.0,0
2023-01-23 07:21:05.899539+00:00,70B3D54991EB3BA5,ECHO #2,Echo,Crossden burn @ Greenford Farm,56.55409349771759,-2.7087453156770502,08b300000db026ac0000,295.0,0.0,3.5,99.0,0
2023-01-23 07:52:33.560470+00:00,70B3D54991EB3BA5,ECHO #2,Echo,Crossden burn @ Greenford Farm,56.55409349771759,-2.7087453156770502,08b300000ddc26ac0000,295.0,0.0,3.55,99.0,0
2023-01-23 08:08:16.964382+00:00,70B3D54991EB3BA5,ECHO #2,Echo,Crossden burn @ Greenford Farm,56.55409349771759,-2.7087453156770502,08b300000db426ac0000,295.0,0.0,3.51,99.0,0
2023-01-23 08:24:00.091004+00:00,70B3D54991EB3BA5,ECHO #2,Echo,Crossden burn @ Greenford Farm,56.55409349771759,-2.7087453156770502,08b200000de826ac0000,296.0,0.0,3.56,99.0,0
2023-01-23 08:39:43.637640+00:00,70B3D54991EB3BA5,ECHO #2,Echo,Crossden burn @ Greenford Farm,56.55409349771759,-2.7087453156770502,08b300000de826ac0000,295.0,0.0,3.56,99.0,0
2023-01-23 08:55:27.474094+00:00,70B3D54991EB3BA5,ECHO #2,Echo,Crossden burn @ Greenford Farm,56.55409349771759,-2.7087453156770502,08b100000db026ac0000,297.0,0.0,3.5,99.0,0
2023-01-23 09:11:11.108010+00:00,70B3D54991EB3BA5,ECHO #2,Echo,Crossden burn @ Greenford Farm,56.55409349771759,-2.7087453156770502,08b200000de026ac0000,296.0,0.0,3.55,99.0,0
2023-01-23 09:26:55.059539+00:00,70B3D54991EB3BA5,ECHO #2,Echo,Crossden burn @ Greenford Farm,56.55409349771759,-2.7087453156770502,08b300000dcc26ac0000,295.0,0.0,3.53,99.0,0
2023-01-23 09:42:38.871929+00:00,70B3D54991EB3BA5,ECHO #2,Echo,Crossden burn @ Greenford Farm,56.55409349771759,-2.7087453156770502,08b300000da026ac0000,295.0,0.0,3.49,99.0,0
2023-01-23 09:58:22.498348+00:00,70B3D54991EB3BA5,ECHO #2,Echo,Crossden burn @ Greenford Farm,56.55409349771759,-2.7087453156770502,08b500000ddc26ac0000,293.0,0.0,3.55,99.0,0
2023-01-23 10:14:05.956822+00:00,70B3D54991EB3BA5,ECHO #2,Echo,Crossden burn @ Greenford Farm,56.55409349771759,-2.7087453156770502,08b600000dd826ac0000,292.0,0.0,3.54,99.0,0
2023-01-23 10:29:49.920984+00:00,70B3D54991EB3BA5,ECHO #2,Echo,Crossden burn @ Greenford Farm,56.55409349771759,-2.7087453156770502,08b200000ddc26ac0000,296.0,0.0,3.55,99.0,0
2023-01-23 10:45:33.976614+00:00,70B3D54991EB3BA5,ECHO #2,Echo,Crossden burn @ Greenford Farm,56.55409349771759,-2.7087453156770502,08b100000d8826ac0000,297.0,0.0,3.46,99.0,0
2023-01-23 11:01:17.792401+00:00,70B3D54991EB3BA5,ECHO #2,Echo,Crossden burn @ Greenford Farm,56.55409349771759,-2.7087453156770502,08b300000d8c26ac0000,295.0,0.0,3.47,99.0,0
2023-01-23 11:17:01.481652+00:00,70B3D54991EB3BA5,ECHO #2,Echo,Crossden burn @ Greenford Farm,56.55409349771759,-2.7087453156770502,08b100000da426ac0000,297.0,0.0,3.49,99.0,0
2023-01-23 11:32:44.933729+00:00,70B3D54991EB3BA5,ECHO #2,Echo,Crossden burn @ Greenford Farm,56.55409349771759,-2.7087453156770502,08b100000d8c26ac0000,297.0,0.0,3.47,99.0,0
2023-01-23 11:48:29.172958+00:00,70B3D54991EB3BA5,ECHO #2,Echo,Crossden burn @ Greenford Farm,56.55409349771759,-2.7087453156770502,08ae00000de826ac0000,300.0,0.0,3.56,99.0,0
2023-01-23 12:04:15.656445+00:00,70B3D54991EB3BA5,ECHO #2,Echo,Crossden burn @ Greenford Farm,56.55409349771759,-2.7087453156770502,08b400000dcc26ac0000,294.0,0.0,3.53,99.0,0
2023-01-23 12:19:59.643139+00:00,70B3D54991EB3BA5,ECHO #2,Echo,Crossden burn @ Greenford Farm,56.55409349771759,-2.7087453156770502,08b000000de826ac0000,298.0,0.0,3.56,99.0,0
2023-01-23 12:35:43.860958+00:00,70B3D54991EB3BA5,ECHO #2,Echo,Crossden burn @ Greenford Farm,56.55409349771759,-2.7087453156770502,08b100000d9026ac0000,297.0,0.0,3.47,99.0,0
2023-01-23 12:51:27.982119+00:00,70B3D54991EB3BA5,ECHO #2,Echo,Crossden burn @ Greenford Farm,56.55409349771759,-2.7087453156770502,08b000000d9026ac0000,298.0,0.0,3.47,99.0,0
2023-01-23 13:07:11.791545+00:00,70B3D54991EB3BA5,ECHO #2,Echo,Crossden burn @ Greenford Farm,56.55409349771759,-2.7087453156770502,08af00000dc426ac0000,299.0,0.0,3.52,99.0,0
2023-01-23 13:22:55.233469+00:00,70B3D54991EB3BA5,ECHO #2,Echo,Crossden burn @ Greenford Farm,56.55409349771759,-2.7087453156770502,08b100000df426ac0000,297.0,0.0,3.57,99.0,0
2023-01-23 13:38:39.637245+00:00,70B3D54991EB3BA5,ECHO #2,Echo,Crossden burn @ Greenford Farm,56.55409349771759,-2.7087453156770502,08af00000d9c26ac0000,299.0,0.0,3.48,99.0,0
2023-01-23 13:54:23.397299+00:00,70B3D54991EB3BA5,ECHO #2,Echo,Crossden burn @ Greenford Farm,56.55409349771759,-2.7087453156770502,08b000000e0426ac0000,298.0,0.0,3.59,99.0,0
2023-01-23 14:10:07.044131+00:00,70B3D54991EB3BA5,ECHO #2,Echo,Crossden burn @ Greenford Farm,56.55409349771759,-2.7087453156770502,08ae00000df026ac0000,300.0,0.0,3.57,99.0,0
2023-01-23 14:25:53.283531+00:00,70B3D54991EB3BA5,ECHO #2,Echo,Crossden burn @ Greenford Farm,56.55409349771759,-2.7087453156770502,08b200000d8826ac0000,296.0,0.0,3.46,99.0,0
2023-01-23 14:41:36.960873+00:00,70B3D54991EB3BA5,ECHO #2,Echo,Crossden burn @ Greenford Farm,56.55409349771759,-2.7087453156770502,08b000000dc426ac0000,298.0,0.0,3.52,99.0,0
2023-01-23 14:57:20.264968+00:00,70B3D54991EB3BA5,ECHO #2,Echo,Crossden burn @ Greenford Farm,56.55409349771759,-2.7087453156770502,08b000000dd826ac0000,298.0,0.0,3.54,99.0,0
2023-01-23 15:13:03.966762+00:00,70B3D54991EB3BA5,ECHO #2,Echo,Crossden burn @ Greenford Farm,56.55409349771759,-2.7087453156770502,08b000000dcc26ac0000,298.0,0.0,3.53,99.0,0
2023-01-23 15:28:47.722460+00:00,70B3D54991EB3BA5,ECHO #2,Echo,Crossden burn @ Greenford Farm,56.55409349771759,-2.7087453156770502,08ad00000de826ac0000,301.0,0.0,3.56,99.0,0
2023-01-23 15:44:30.989764+00:00,70B3D54991EB3BA5,ECHO #2,Echo,Crossden burn @ Greenford Farm,56.55409349771759,-2.7087453156770502,08ad00000d7826ac0000,301.0,0.0,3.45,99.0,0
2023-01-23 16:00:14.762459+00:00,70B3D54991EB3BA5,ECHO #2,Echo,Crossden burn @ Greenford Farm,56.55409349771759,-2.7087453156770502,08aa00000d8026ac0000,304.0,0.0,3.46,99.0,0
2023-01-23 16:15:58.115140+00:00,70B3D54991EB3BA5,ECHO #2,Echo,Crossden burn @ Greenford Farm,56.55409349771759,-2.7087453156770502,08ae00000d9026ac0000,300.0,0.0,3.47,99.0,0
2023-01-23 16:31:41.731998+00:00,70B3D54991EB3BA5,ECHO #2,Echo,Crossden burn @ Greenford Farm,56.55409349771759,-2.7087453156770502,08ac00000d7826ac0000,302.0,0.0,3.45,99.0,0
2023-01-23 16:47:25.878540+00:00,70B3D54991EB3BA5,ECHO #2,Echo,Crossden burn @ Greenford Farm,56.55409349771759,-2.7087453156770502,08ad00000db026ac0000,301.0,0.0,3.5,99.0,0
2023-01-23 17:03:09.406055+00:00,70B3D54991EB3BA5,ECHO #2,Echo,Crossden burn @ Greenford Farm,56.55409349771759,-2.7087453156770502,08aa00000dac26ac0000,304.0,0.0,3.5,99.0,0
2023-01-23 17:18:52.772013+00:00,70B3D54991EB3BA5,ECHO #2,Echo,Crossden burn @ Greenford Farm,56.55409349771759,-2.7087453156770502,08ac00000df026ac0000,302.0,0.0,3.57,99.0,0
2023-01-23 17:34:36.064508+00:00,70B3D54991EB3BA5,ECHO #2,Echo,Crossden burn @ Greenford Farm,56.55409349771759,-2.7087453156770502,08ac00000db426ac0000,302.0,0.0,3.51,99.0,0
2023-01-23 17:50:19.318759+00:00,70B3D54991EB3BA5,ECHO #2,Echo,Crossden burn @ Greenford Farm,56.55409349771759,-2.7087453156770502,08a900000da826ac0000,305.0,0.0,3.5,99.0,0
2023-01-23 18:06:05.011032+00:00,70B3D54991EB3BA5,ECHO #2,Echo,Crossden burn @ Greenford Farm,56.55409349771759,-2.7087453156770502,08a900000d9c26ac0000,305.0,0.0,3.48,99.0,0
2023-01-23 18:21:48.615606+00:00,70B3D54991EB3BA5,ECHO #2,Echo,Crossden burn @ Greenford Farm,56.55409349771759,-2.7087453156770502,08a800000d9826ac0000,306.0,0.0,3.48,99.0,0
2023-01-23 18:37:32.291375+00:00,70B3D54991EB3BA5,ECHO #2,Echo,Crossden burn @ Greenford Farm,56.55409349771759,-2.7087453156770502,08a900000d9c26ac0000,305.0,0.0,3.48,99.0,0
2023-01-23 18:53:15.808924+00:00,70B3D54991EB3BA5,ECHO #2,Echo,Crossden burn @ Greenford Farm,56.55409349771759,-2.7087453156770502,08a900000dd826ac0000,305.0,0.0,3.54,99.0,0
2023-01-23 19:08:59.828282+00:00,70B3D54991EB3BA5,ECHO #2,Echo,Crossden burn @ Greenford Farm,56.55409349771759,-2.7087453156770502,08a900000dcc26ac0000,305.0,0.0,3.53,99.0,0
2023-01-23 19:24:43.335615+00:00,70B3D54991EB3BA5,ECHO #2,Echo,Crossden burn @ Greenford Farm,56.55409349771759,-2.7087453156770502,08a900000dcc26ac0000,305.0,0.0,3.53,99.0,0
2023-01-23 19:40:26.721221+00:00,70B3D54991EB3BA5,ECHO #2,Echo,Crossden burn @ Greenford Farm,56.55409349771759,-2.7087453156770502,08a800000dcc26ac0000,306.0,0.0,3.53,99.0,0
2023-01-23 19:56:10.125671+00:00,70B3D54991EB3BA5,ECHO #2,Echo,Crossden burn @ Greenford Farm,56.55409349771759,-2.7087453156770502,08aa00000d6c26ac0000,304.0,0.0,3.44,99.0,0
2023-01-23 20:11:53.786875+00:00,70B3D54991EB3BA5,ECHO #2,Echo,Crossden burn @ Greenford Farm,56.55409349771759,-2.7087453156770502,08a700000dd426ac0000,307.0,0.0,3.54,99.0,0
2023-01-23 20:27:37.619738+00:00,70B3D54991EB3BA5,ECHO #2,Echo,Crossden burn @ Greenford Farm,56.55409349771759,-2.7087453156770502,08a800000e0426ac0000,306.0,0.0,3.59,99.0,0
2023-01-23 20:43:21.226012+00:00,70B3D54991EB3BA5,ECHO #2,Echo,Crossden burn @ Greenford Farm,56.55409349771759,-2.7087453156770502,08ab00000dcc26ac0000,303.0,0.0,3.53,99.0,0
2023-01-23 20:59:04.632306+00:00,70B3D54991EB3BA5,ECHO #2,Echo,Crossden burn @ Greenford Farm,56.55409349771759,-2.7087453156770502,08a900000dc426ac0000,305.0,0.0,3.52,99.0,0
2023-01-23 21:14:48.239994+00:00,70B3D54991EB3BA5,ECHO #2,Echo,Crossden burn @ Greenford Farm,56.55409349771759,-2.7087453156770502,08a700000db426ac0000,307.0,0.0,3.51,99.0,0
2023-01-23 21:30:31.782637+00:00,70B3D54991EB3BA5,ECHO #2,Echo,Crossden burn @ Greenford Farm,56.55409349771759,-2.7087453156770502,08a800000dec26ac0000,306.0,0.0,3.56,99.0,0
2023-01-23 21:46:15.845048+00:00,70B3D54991EB3BA5,ECHO #2,Echo,Crossden burn @ Greenford Farm,56.55409349771759,-2.7087453156770502,08a700000dc826ac0000,307.0,0.0,3.53,99.0,0
2023-01-23 22:01:59.456538+00:00,70B3D54991EB3BA5,ECHO #2,Echo,Crossden burn @ Greenford Farm,56.55409349771759,-2.7087453156770502,08a700000de026ac0000,307.0,0.0,3.55,99.0,0
2023-01-23 22:17:43.038936+00:00,70B3D54991EB3BA5,ECHO #2,Echo,Crossden burn @ Greenford Farm,56.55409349771759,-2.7087453156770502,08a800000e0826ac0000,306.0,0.0,3.59,99.0,0
2023-01-23 22:33:26.160064+00:00,70B3D54991EB3BA5,ECHO #2,Echo,Crossden burn @ Greenford Farm,56.55409349771759,-2.7087453156770502,08a900000df426ac0000,305.0,0.0,3.57,99.0,0
2023-01-23 22:49:09.868871+00:00,70B3D54991EB3BA5,ECHO #2,Echo,Crossden burn @ Greenford Farm,56.55409349771759,-2.7087453156770502,08a800000dcc26ac0000,306.0,0.0,3.53,99.0,0
2023-01-23 23:04:54.043446+00:00,70B3D54991EB3BA5,ECHO #2,Echo,Crossden burn @ Greenford Farm,56.55409349771759,-2.7087453156770502,08ab00000dd026ac0000,303.0,0.0,3.54,99.0,0
2023-01-23 23:20:37.029385+00:00,70B3D54991EB3BA5,ECHO #2,Echo,Crossden burn @ Greenford Farm,56.55409349771759,-2.7087453156770502,08a900000d8026ac0000,305.0,0.0,3.46,99.0,0
2023-01-23 23:36:20.158540+00:00,70B3D54991EB3BA5,ECHO #2,Echo,Crossden burn @ Greenford Farm,56.55409349771759,-2.7087453156770502,08a500000d7426ac0000,309.0,0.0,3.44,99.0,0
2023-01-23 23:52:03.908581+00:00,70B3D54991EB3BA5,ECHO #2,Echo,Crossden burn @ Greenford Farm,56.55409349771759,-2.7087453156770502,08a400000d8826ac0000,310.0,0.0,3.46,99.0,0
2023-01-24 00:07:48.299881+00:00,70B3D54991EB3BA5,ECHO #2,Echo,Crossden burn @ Greenford Farm,56.55409349771759,-2.7087453156770502,08a800000dc426ac0000,306.0,0.0,3.52,99.0,0
2023-01-24 00:23:32.012942+00:00,70B3D54991EB3BA5,ECHO #2,Echo,Crossden burn @ Greenford Farm,56.55409349771759,-2.7087453156770502,08aa00000da026ac0000,304.0,0.0,3.49,99.0,0
2023-01-24 00:54:58.980992+00:00,70B3D54991EB3BA5,ECHO #2,Echo,Crossden burn @ Greenford Farm,56.55409349771759,-2.7087453156770502,08ab00000d8826ac0000,303.0,0.0,3.46,99.0,0
2023-01-24 01:10:42.763976+00:00,70B3D54991EB3BA5,ECHO #2,Echo,Crossden burn @ Greenford Farm,56.55409349771759,-2.7087453156770502,08a700000da026ac0000,307.0,0.0,3.49,99.0,0
2023-01-24 01:26:26.229302+00:00,70B3D54991EB3BA5,ECHO #2,Echo,Crossden burn @ Greenford Farm,56.55409349771759,-2.7087453156770502,08a400000dd426ac0000,310.0,0.0,3.54,99.0,0
2023-01-24 01:42:10.269218+00:00,70B3D54991EB3BA5,ECHO #2,Echo,Crossden burn @ Greenford Farm,56.55409349771759,-2.7087453156770502,08a400000dc826ac0000,310.0,0.0,3.53,99.0,0
2023-01-24 01:57:54.040388+00:00,70B3D54991EB3BA5,ECHO #2,Echo,Crossden burn @ Greenford Farm,56.55409349771759,-2.7087453156770502,08a800000db426ac0000,306.0,0.0,3.51,99.0,0
2023-01-24 02:13:37.592993+00:00,70B3D54991EB3BA5,ECHO #2,Echo,Crossden burn @ Greenford Farm,56.55409349771759,-2.7087453156770502,08a400000df426ac0000,310.0,0.0,3.57,99.0,0
2023-01-24 02:29:21.466040+00:00,70B3D54991EB3BA5,ECHO #2,Echo,Crossden burn @ Greenford Farm,56.55409349771759,-2.7087453156770502,08a500000d8026ac0000,309.0,0.0,3.46,99.0,0
2023-01-24 02:45:05.126879+00:00,70B3D54991EB3BA5,ECHO #2,Echo,Crossden burn @ Greenford Farm,56.55409349771759,-2.7087453156770502,08a300000de426ac0000,311.0,0.0,3.56,99.0,0
2023-01-24 03:00:48.257886+00:00,70B3D54991EB3BA5,ECHO #2,Echo,Crossden burn @ Greenford Farm,56.55409349771759,-2.7087453156770502,08a300000ddc26ac0000,311.0,0.0,3.55,99.0,0
2023-01-24 03:16:31.282783+00:00,70B3D54991EB3BA5,ECHO #2,Echo,Crossden burn @ Greenford Farm,56.55409349771759,-2.7087453156770502,08a400000d7826ac0000,310.0,0.0,3.45,99.0,0
2023-01-24 03:32:15.276726+00:00,70B3D54991EB3BA5,ECHO #2,Echo,Crossden burn @ Greenford Farm,56.55409349771759,-2.7087453156770502,08a500000d7426ac0000,309.0,0.0,3.44,99.0,0
2023-01-24 03:47:59.460775+00:00,70B3D54991EB3BA5,ECHO #2,Echo,Crossden burn @ Greenford Farm,56.55409349771759,-2.7087453156770502,08a500000dd826ac0000,309.0,0.0,3.54,99.0,0
2023-01-24 04:03:43.129947+00:00,70B3D54991EB3BA5,ECHO #2,Echo,Crossden burn @ Greenford Farm,56.55409349771759,-2.7087453156770502,08a400000dcc26ac0000,310.0,0.0,3.53,99.0,0
2023-01-24 04:19:26.978526+00:00,70B3D54991EB3BA5,ECHO #2,Echo,Crossden burn @ Greenford Farm,56.55409349771759,-2.7087453156770502,08a600000d9426ac0000,308.0,0.0,3.48,99.0,0
2023-01-24 04:35:10.442706+00:00,70B3D54991EB3BA5,ECHO #2,Echo,Crossden burn @ Greenford Farm,56.55409349771759,-2.7087453156770502,08a200000dc426ac0000,312.0,0.0,3.52,99.0,0
2023-01-24 04:50:54.198907+00:00,70B3D54991EB3BA5,ECHO #2,Echo,Crossden burn @ Greenford Farm,56.55409349771759,-2.7087453156770502,08a500000dd026ac0000,309.0,0.0,3.54,99.0,0
2023-01-24 05:06:38.206649+00:00,70B3D54991EB3BA5,ECHO #2,Echo,Crossden burn @ Greenford Farm,56.55409349771759,-2.7087453156770502,08a600000d8c26ac0000,308.0,0.0,3.47,99.0,0
2023-01-24 05:22:22.592646+00:00,70B3D54991EB3BA5,ECHO #2,Echo,Crossden burn @ Greenford Farm,56.55409349771759,-2.7087453156770502,08a400000dd826ac0000,310.0,0.0,3.54,99.0,0
2023-01-24 05:38:05.682478+00:00,70B3D54991EB3BA5,ECHO #2,Echo,Crossden burn @ Greenford Farm,56.55409349771759,-2.7087453156770502,08a300000da026ac0000,311.0,0.0,3.49,99.0,0
2023-01-24 05:53:49.685536+00:00,70B3D54991EB3BA5,ECHO #2,Echo,Crossden burn @ Greenford Farm,56.55409349771759,-2.7087453156770502,08a700000de026ac0000,307.0,0.0,3.55,99.0,0
2023-01-24 06:09:33.588961+00:00,70B3D54991EB3BA5,ECHO #2,Echo,Crossden burn @ Greenford Farm,56.55409349771759,-2.7087453156770502,08a400000df426ac0000,310.0,0.0,3.57,99.0,0
2023-01-24 06:25:17.722101+00:00,70B3D54991EB3BA5,ECHO #2,Echo,Crossden burn @ Greenford Farm,56.55409349771759,-2.7087453156770502,08a100000d9426ac0000,313.0,0.0,3.48,99.0,0
2023-01-24 06:41:01.099720+00:00,70B3D54991EB3BA5,ECHO #2,Echo,Crossden burn @ Greenford Farm,56.55409349771759,-2.7087453156770502,08a500000de426ac0000,309.0,0.0,3.56,99.0,0
2023-01-24 06:56:44.394899+00:00,70B3D54991EB3BA5,ECHO #2,Echo,Crossden burn @ Greenford Farm,56.55409349771759,-2.7087453156770502,08a600000ddc26ac0000,308.0,0.0,3.55,99.0,0
2023-01-24 07:12:29.914542+00:00,70B3D54991EB3BA5,ECHO #2,Echo,Crossden burn @ Greenford Farm,56.55409349771759,-2.7087453156770502,08a300000dd826ac0000,311.0,0.0,3.54,99.0,0
2023-01-24 07:28:13.480842+00:00,70B3D54991EB3BA5,ECHO #2,Echo,Crossden burn @ Greenford Farm,56.55409349771759,-2.7087453156770502,08a400000dd426ac0000,310.0,0.0,3.54,99.0,0
2023-01-24 07:43:57.148513+00:00,70B3D54991EB3BA5,ECHO #2,Echo,Crossden burn @ Greenford Farm,56.55409349771759,-2.7087453156770502,08a500000dd826ac0000,309.0,0.0,3.54,99.0,0
2023-01-24 07:59:40.267542+00:00,70B3D54991EB3BA5,ECHO #2,Echo,Crossden burn @ Greenford Farm,56.55409349771759,-2.7087453156770502,08a300000d7c26ac0000,311.0,0.0,3.45,99.0,0
2023-01-24 08:15:23.575210+00:00,70B3D54991EB3BA5,ECHO #2,Echo,Crossden burn @ Greenford Farm,56.55409349771759,-2.7087453156770502,08a200000dc426ac0000,312.0,0.0,3.52,99.0,0
2023-01-24 08:31:07.400523+00:00,70B3D54991EB3BA5,ECHO #2,Echo,Crossden burn @ Greenford Farm,56.55409349771759,-2.7087453156770502,08a100000dd026ac0000,313.0,0.0,3.54,99.0,0
2023-01-24 08:46:51.582404+00:00,70B3D54991EB3BA5,ECHO #2,Echo,Crossden burn @ Greenford Farm,56.55409349771759,-2.7087453156770502,08a100000d7426ac0000,313.0,0.0,3.44,99.0,0
2023-01-24 09:02:35.714972+00:00,70B3D54991EB3BA5,ECHO #2,Echo,Crossden burn @ Greenford Farm,56.55409349771759,-2.7087453156770502,08a300000da826ac0000,311.0,0.0,3.5,99.0,0
2023-01-24 09:18:20.060809+00:00,70B3D54991EB3BA5,ECHO #2,Echo,Crossden burn @ Greenford Farm,56.55409349771759,-2.7087453156770502,08a300000d8426ac0000,311.0,0.0,3.46,99.0,0
2023-01-24 09:34:03.753285+00:00,70B3D54991EB3BA5,ECHO #2,Echo,Crossden burn @ Greenford Farm,56.55409349771759,-2.7087453156770502,08a600000dec26ac0000,308.0,0.0,3.56,99.0,0
2023-01-24 09:49:48.310986+00:00,70B3D54991EB3BA5,ECHO #2,Echo,Crossden burn @ Greenford Farm,56.55409349771759,-2.7087453156770502,08a300000d7c26ac0000,311.0,0.0,3.45,99.0,0
2023-01-24 10:05:32.966150+00:00,70B3D54991EB3BA5,ECHO #2,Echo,Crossden burn @ Greenford Farm,56.55409349771759,-2.7087453156770502,08a500000d9426ac0000,309.0,0.0,3.48,99.0,0
2023-01-24 10:21:16.703060+00:00,70B3D54991EB3BA5,ECHO #2,Echo,Crossden burn @ Greenford Farm,56.55409349771759,-2.7087453156770502,08a400000dac26ac0000,310.0,0.0,3.5,99.0,0
2023-01-24 10:37:00.326402+00:00,70B3D54991EB3BA5,ECHO #2,Echo,Crossden burn @ Greenford Farm,56.55409349771759,-2.7087453156770502,08a300000d8c26ac0000,311.0,0.0,3.47,99.0,0
2023-01-24 10:52:45.223772+00:00,70B3D54991EB3BA5,ECHO #2,Echo,Crossden burn @ Greenford Farm,56.55409349771759,-2.7087453156770502,08a300000dec26ac0000,311.0,0.0,3.56,99.0,0
2023-01-24 11:08:29.151644+00:00,70B3D54991EB3BA5,ECHO #2,Echo,Crossden burn @ Greenford Farm,56.55409349771759,-2.7087453156770502,08a400000dc426ac0000,310.0,0.0,3.52,99.0,0
2023-01-24 11:24:13.047713+00:00,70B3D54991EB3BA5,ECHO #2,Echo,Crossden burn @ Greenford Farm,56.55409349771759,-2.7087453156770502,08a100000db026ac0000,313.0,0.0,3.5,99.0,0
2023-01-24 11:39:57.102167+00:00,70B3D54991EB3BA5,ECHO #2,Echo,Crossden burn @ Greenford Farm,56.55409349771759,-2.7087453156770502,08a300000db426ac0000,311.0,0.0,3.51,99.0,0
2023-01-24 11:55:42.531986+00:00,70B3D54991EB3BA5,ECHO #2,Echo,Crossden burn @ Greenford Farm,56.55409349771759,-2.7087453156770502,08a200000da026ac0000,312.0,0.0,3.49,99.0,0
2023-01-24 12:11:27.023497+00:00,70B3D54991EB3BA5,ECHO #2,Echo,Crossden burn @ Greenford Farm,56.55409349771759,-2.7087453156770502,08a400000dd826ac0000,310.0,0.0,3.54,99.0,0
2023-01-24 12:27:10.482174+00:00,70B3D54991EB3BA5,ECHO #2,Echo,Crossden burn @ Greenford Farm,56.55409349771759,-2.7087453156770502,08a300000db426ac0000,311.0,0.0,3.51,99.0,0
2023-01-24 12:42:55.723223+00:00,70B3D54991EB3BA5,ECHO #2,Echo,Crossden burn @ Greenford Farm,56.55409349771759,-2.7087453156770502,08a300000d9c26ac0000,311.0,0.0,3.48,99.0,0
2023-01-24 12:58:37.611549+00:00,70B3D54991EB3BA5,ECHO #2,Echo,Crossden burn @ Greenford Farm,56.55409349771759,-2.7087453156770502,08a300000dcc26ac0000,311.0,0.0,3.53,99.0,0
2023-01-24 13:14:20.984324+00:00,70B3D54991EB3BA5,ECHO #2,Echo,Crossden burn @ Greenford Farm,56.55409349771759,-2.7087453156770502,08a300000df026ac0000,311.0,0.0,3.57,99.0,0
2023-01-24 13:30:04.264940+00:00,70B3D54991EB3BA5,ECHO #2,Echo,Crossden burn @ Greenford Farm,56.55409349771759,-2.7087453156770502,08a200000dcc26ac0000,312.0,0.0,3.53,99.0,0
2023-01-24 13:45:48.034369+00:00,70B3D54991EB3BA5,ECHO #2,Echo,Crossden burn @ Greenford Farm,56.55409349771759,-2.7087453156770502,08a100000e0826ac0000,313.0,0.0,3.59,99.0,0
2023-01-24 14:01:31.518088+00:00,70B3D54991EB3BA5,ECHO #2,Echo,Crossden burn @ Greenford Farm,56.55409349771759,-2.7087453156770502,08a300000dfc26ac0000,311.0,0.0,3.58,99.0,0
2023-01-24 14:17:14.610166+00:00,70B3D54991EB3BA5,ECHO #2,Echo,Crossden burn @ Greenford Farm,56.55409349771759,-2.7087453156770502,08a100000df426ac0000,313.0,0.0,3.57,99.0,0
2023-01-24 14:48:42.606684+00:00,70B3D54991EB3BA5,ECHO #2,Echo,Crossden burn @ Greenford Farm,56.55409349771759,-2.7087453156770502,08a000000dfc26ac0000,314.0,0.0,3.58,99.0,0
2023-01-24 15:04:26.655812+00:00,70B3D54991EB3BA5,ECHO #2,Echo,Crossden burn @ Greenford Farm,56.55409349771759,-2.7087453156770502,08a200000de426ac0000,312.0,0.0,3.56,99.0,0
2023-01-24 15:20:09.197883+00:00,70B3D54991EB3BA5,ECHO #2,Echo,Crossden burn @ Greenford Farm,56.55409349771759,-2.7087453156770502,08a100000d7c26ac0000,313.0,0.0,3.45,99.0,0
2023-01-24 15:35:53.535277+00:00,70B3D54991EB3BA5,ECHO #2,Echo,Crossden burn @ Greenford Farm,56.55409349771759,-2.7087453156770502,08a000000dec26ac0000,314.0,0.0,3.56,99.0,0
2023-01-24 15:51:36.828701+00:00,70B3D54991EB3BA5,ECHO #2,Echo,Crossden burn @ Greenford Farm,56.55409349771759,-2.7087453156770502,08a200000dc826ac0000,312.0,0.0,3.53,99.0,0
2023-01-24 16:07:19.928701+00:00,70B3D54991EB3BA5,ECHO #2,Echo,Crossden burn @ Greenford Farm,56.55409349771759,-2.7087453156770502,089f00000df426ac0000,315.0,0.0,3.57,99.0,0
2023-01-24 16:23:03.594014+00:00,70B3D54991EB3BA5,ECHO #2,Echo,Crossden burn @ Greenford Farm,56.55409349771759,-2.7087453156770502,08a200000de826ac0000,312.0,0.0,3.56,99.0,0
2023-01-24 16:38:46.847392+00:00,70B3D54991EB3BA5,ECHO #2,Echo,Crossden burn @ Greenford Farm,56.55409349771759,-2.7087453156770502,08a000000db426ac0000,314.0,0.0,3.51,99.0,0
2023-01-24 16:54:30.742049+00:00,70B3D54991EB3BA5,ECHO #2,Echo,Crossden burn @ Greenford Farm,56.55409349771759,-2.7087453156770502,08a200000df026ac0000,312.0,0.0,3.57,99.0,0
2023-01-24 17:10:14.654508+00:00,70B3D54991EB3BA5,ECHO #2,Echo,Crossden burn @ Greenford Farm,56.55409349771759,-2.7087453156770502,089f00000dcc26ac0000,315.0,0.0,3.53,99.0,0
2023-01-24 17:25:58.094327+00:00,70B3D54991EB3BA5,ECHO #2,Echo,Crossden burn @ Greenford Farm,56.55409349771759,-2.7087453156770502,08a000000dcc26ac0000,314.0,0.0,3.53,99.0,0
2023-01-24 17:41:42.132659+00:00,70B3D54991EB3BA5,ECHO #2,Echo,Crossden burn @ Greenford Farm,56.55409349771759,-2.7087453156770502,08a100000dfc26ac0000,313.0,0.0,3.58,99.0,0
2023-01-24 17:57:26.233155+00:00,70B3D54991EB3BA5,ECHO #2,Echo,Crossden burn @ Greenford Farm,56.55409349771759,-2.7087453156770502,08a200000da426ac0000,312.0,0.0,3.49,99.0,0
2023-01-24 18:13:10.223293+00:00,70B3D54991EB3BA5,ECHO #2,Echo,Crossden burn @ Greenford Farm,56.55409349771759,-2.7087453156770502,08a000000dd426ac0000,314.0,0.0,3.54,99.0,0
2023-01-24 18:28:53.898761+00:00,70B3D54991EB3BA5,ECHO #2,Echo,Crossden burn @ Greenford Farm,56.55409349771759,-2.7087453156770502,089f00000dd826ac0000,315.0,0.0,3.54,99.0,0
2023-01-24 18:44:37.498011+00:00,70B3D54991EB3BA5,ECHO #2,Echo,Crossden burn @ Greenford Farm,56.55409349771759,-2.7087453156770502,08a100000dd026ac0000,313.0,0.0,3.54,99.0,0
2023-01-24 19:00:21.826222+00:00,70B3D54991EB3BA5,ECHO #2,Echo,Crossden burn @ Greenford Farm,56.55409349771759,-2.7087453156770502,08a000000dd826ac0000,314.0,0.0,3.54,99.0,0
2023-01-24 19:16:06.368959+00:00,70B3D54991EB3BA5,ECHO #2,Echo,Crossden burn @ Greenford Farm,56.55409349771759,-2.7087453156770502,08a000000da426ac0000,314.0,0.0,3.49,99.0,0
2023-01-24 19:31:50.104704+00:00,70B3D54991EB3BA5,ECHO #2,Echo,Crossden burn @ Greenford Farm,56.55409349771759,-2.7087453156770502,08a000000d7c26ac0000,314.0,0.0,3.45,99.0,0
2023-01-24 19:47:33.594158+00:00,70B3D54991EB3BA5,ECHO #2,Echo,Crossden burn @ Greenford Farm,56.55409349771759,-2.7087453156770502,08a100000d7426ac0000,313.0,0.0,3.44,99.0,0
2023-01-24 20:03:17.381909+00:00,70B3D54991EB3BA5,ECHO #2,Echo,Crossden burn @ Greenford Farm,56.55409349771759,-2.7087453156770502,089d00000d8026ac0000,317.0,0.0,3.46,99.0,0
2023-01-24 20:19:01.379064+00:00,70B3D54991EB3BA5,ECHO #2,Echo,Crossden burn @ Greenford Farm,56.55409349771759,-2.7087453156770502,08a100000dd826ac0000,313.0,0.0,3.54,99.0,0
2023-01-24 20:34:45.050735+00:00,70B3D54991EB3BA5,ECHO #2,Echo,Crossden burn @ Greenford Farm,56.55409349771759,-2.7087453156770502,089d00000dd426ac0000,317.0,0.0,3.54,99.0,0
2023-01-24 20:50:29.289616+00:00,70B3D54991EB3BA5,ECHO #2,Echo,Crossden burn @ Greenford Farm,56.55409349771759,-2.7087453156770502,08a000000d7c26ac0000,314.0,0.0,3.45,99.0,0
2023-01-24 21:06:12.718102+00:00,70B3D54991EB3BA5,ECHO #2,Echo,Crossden burn @ Greenford Farm,56.55409349771759,-2.7087453156770502,089f00000dd026ac0000,315.0,0.0,3.54,99.0,0
2023-01-24 21:21:56.633360+00:00,70B3D54991EB3BA5,ECHO #2,Echo,Crossden burn @ Greenford Farm,56.55409349771759,-2.7087453156770502,089f00000da826ac0000,315.0,0.0,3.5,99.0,0
2023-01-24 21:37:40.407156+00:00,70B3D54991EB3BA5,ECHO #2,Echo,Crossden burn @ Greenford Farm,56.55409349771759,-2.7087453156770502,08a000000dd026ac0000,314.0,0.0,3.54,99.0,0
2023-01-24 21:53:24.564051+00:00,70B3D54991EB3BA5,ECHO #2,Echo,Crossden burn @ Greenford Farm,56.55409349771759,-2.7087453156770502,08a000000d9826ac0000,314.0,0.0,3.48,99.0,0
2023-01-24 22:09:08.042596+00:00,70B3D54991EB3BA5,ECHO #2,Echo,Crossden burn @ Greenford Farm,56.55409349771759,-2.7087453156770502,08a200000dd426ac0000,312.0,0.0,3.54,99.0,0
2023-01-24 22:24:51.924306+00:00,70B3D54991EB3BA5,ECHO #2,Echo,Crossden burn @ Greenford Farm,56.55409349771759,-2.7087453156770502,089e00000df026ac0000,316.0,0.0,3.57,99.0,0
2023-01-24 22:40:35.923333+00:00,70B3D54991EB3BA5,ECHO #2,Echo,Crossden burn @ Greenford Farm,56.55409349771759,-2.7087453156770502,089d00000db426ac0000,317.0,0.0,3.51,99.0,0
2023-01-24 22:56:19.820937+00:00,70B3D54991EB3BA5,ECHO #2,Echo,Crossden burn @ Greenford Farm,56.55409349771759,-2.7087453156770502,089d00000dd426ac0000,317.0,0.0,3.54,99.0,0
2023-01-24 23:12:03.747711+00:00,70B3D54991EB3BA5,ECHO #2,Echo,Crossden burn @ Greenford Farm,56.55409349771759,-2.7087453156770502,089f00000da026ac0000,315.0,0.0,3.49,99.0,0
2023-01-24 23:27:47.325492+00:00,70B3D54991EB3BA5,ECHO #2,Echo,Crossden burn @ Greenford Farm,56.55409349771759,-2.7087453156770502,08a000000d7826ac0000,314.0,0.0,3.45,99.0,0
2023-01-24 23:43:31.352780+00:00,70B3D54991EB3BA5,ECHO #2,Echo,Crossden burn @ Greenford Farm,56.55409349771759,-2.7087453156770502,089f00000dcc26ac0000,315.0,0.0,3.53,99.0,0
2023-01-24 23:59:15.406290+00:00,70B3D54991EB3BA5,ECHO #2,Echo,Crossden burn @ Greenford Farm,56.55409349771759,-2.7087453156770502,089e00000dcc26ac0000,316.0,0.0,3.53,99.0,0
2023-01-25 00:14:58.554500+00:00,70B3D54991EB3BA5,ECHO #2,Echo,Crossden burn @ Greenford Farm,56.55409349771759,-2.7087453156770502,089f00000df826ac0000,315.0,0.0,3.58,99.0,0
2023-01-25 00:30:42.743548+00:00,70B3D54991EB3BA5,ECHO #2,Echo,Crossden burn @ Greenford Farm,56.55409349771759,-2.7087453156770502,08a100000dd026ac0000,313.0,0.0,3.54,99.0,0
2023-01-25 00:46:26.128761+00:00,70B3D54991EB3BA5,ECHO #2,Echo,Crossden burn @ Greenford Farm,56.55409349771759,-2.7087453156770502,08a100000d9426ac0000,313.0,0.0,3.48,99.0,0
2023-01-25 01:02:10.082655+00:00,70B3D54991EB3BA5,ECHO #2,Echo,Crossden burn @ Greenford Farm,56.55409349771759,-2.7087453156770502,089d00000d7c26ac0000,317.0,0.0,3.45,99.0,0
2023-01-25 01:17:54.304010+00:00,70B3D54991EB3BA5,ECHO #2,Echo,Crossden burn @ Greenford Farm,56.55409349771759,-2.7087453156770502,089f00000d8426ac0000,315.0,0.0,3.46,99.0,0
2023-01-25 01:33:38.931131+00:00,70B3D54991EB3BA5,ECHO #2,Echo,Crossden burn @ Greenford Farm,56.55409349771759,-2.7087453156770502,089e00000dcc26ac0000,316.0,0.0,3.53,99.0,0
2023-01-25 01:49:22.851753+00:00,70B3D54991EB3BA5,ECHO #2,Echo,Crossden burn @ Greenford Farm,56.55409349771759,-2.7087453156770502,089d00000ddc26ac0000,317.0,0.0,3.55,99.0,0
2023-01-25 02:05:07.216148+00:00,70B3D54991EB3BA5,ECHO #2,Echo,Crossden burn @ Greenford Farm,56.55409349771759,-2.7087453156770502,089e00000df426ac0000,316.0,0.0,3.57,99.0,0
2023-01-25 02:20:50.915714+00:00,70B3D54991EB3BA5,ECHO #2,Echo,Crossden burn @ Greenford Farm,56.55409349771759,-2.7087453156770502,089e00000db426ac0000,316.0,0.0,3.51,99.0,0
2023-01-25 02:36:35.480064+00:00,70B3D54991EB3BA5,ECHO #2,Echo,Crossden burn @ Greenford Farm,56.55409349771759,-2.7087453156770502,089f00000d8826ac0000,315.0,0.0,3.46,99.0,0
2023-01-25 02:52:19.272483+00:00,70B3D54991EB3BA5,ECHO #2,Echo,Crossden burn @ Greenford Farm,56.55409349771759,-2.7087453156770502,08a000000d9c26ac0000,314.0,0.0,3.48,99.0,0
2023-01-25 03:08:03.011882+00:00,70B3D54991EB3BA5,ECHO #2,Echo,Crossden burn @ Greenford Farm,56.55409349771759,-2.7087453156770502,089c00000d8826ac0000,318.0,0.0,3.46,99.0,0
2023-01-25 03:23:49.792228+00:00,70B3D54991EB3BA5,ECHO #2,Echo,Crossden burn @ Greenford Farm,56.55409349771759,-2.7087453156770502,08a200000d8c26ac0000,312.0,0.0,3.47,99.0,0
2023-01-25 03:39:35.160824+00:00,70B3D54991EB3BA5,ECHO #2,Echo,Crossden burn @ Greenford Farm,56.55409349771759,-2.7087453156770502,089f00000e0426ac0000,315.0,0.0,3.59,99.0,0
2023-01-25 03:55:19.255711+00:00,70B3D54991EB3BA5,ECHO #2,Echo,Crossden burn @ Greenford Farm,56.55409349771759,-2.7087453156770502,089e00000d9826ac0000,316.0,0.0,3.48,99.0,0
2023-01-25 04:11:03.018313+00:00,70B3D54991EB3BA5,ECHO #2,Echo,Crossden burn @ Greenford Farm,56.55409349771759,-2.7087453156770502,089c00000da426ac0000,318.0,0.0,3.49,99.0,0
2023-01-25 04:26:46.530427+00:00,70B3D54991EB3BA5,ECHO #2,Echo,Crossden burn @ Greenford Farm,56.55409349771759,-2.7087453156770502,089d00000df826ac0000,317.0,0.0,3.58,99.0,0
2023-01-25 04:42:30.862689+00:00,70B3D54991EB3BA5,ECHO #2,Echo,Crossden burn @ Greenford Farm,56.55409349771759,-2.7087453156770502,089d00000dd426ac0000,317.0,0.0,3.54,99.0,0
2023-01-25 04:58:14.545049+00:00,70B3D54991EB3BA5,ECHO #2,Echo,Crossden burn @ Greenford Farm,56.55409349771759,-2.7087453156770502,089e00000db426ac0000,316.0,0.0,3.51,99.0,0
2023-01-25 05:13:58.555254+00:00,70B3D54991EB3BA5,ECHO #2,Echo,Crossden burn @ Greenford Farm,56.55409349771759,-2.7087453156770502,089f00000da426ac0000,315.0,0.0,3.49,99.0,0
2023-01-25 05:45:25.951565+00:00,70B3D54991EB3BA5,ECHO #2,Echo,Crossden burn @ Greenford Farm,56.55409349771759,-2.7087453156770502,089e00000dd426ac0000,316.0,0.0,3.54,99.0,0
2023-01-25 06:01:09.915543+00:00,70B3D54991EB3BA5,ECHO #2,Echo,Crossden burn @ Greenford Farm,56.55409349771759,-2.7087453156770502,089e00000de026ac0000,316.0,0.0,3.55,99.0,0
2023-01-25 06:16:53.720504+00:00,70B3D54991EB3BA5,ECHO #2,Echo,Crossden burn @ Greenford Farm,56.55409349771759,-2.7087453156770502,089f00000dcc26ac0000,315.0,0.0,3.53,99.0,0
2023-01-25 06:32:37.445848+00:00,70B3D54991EB3BA5,ECHO #2,Echo,Crossden burn @ Greenford Farm,56.55409349771759,-2.7087453156770502,08a000000dec26ac0000,314.0,0.0,3.56,99.0,0
2023-01-25 06:48:21.517732+00:00,70B3D54991EB3BA5,ECHO #2,Echo,Crossden burn @ Greenford Farm,56.55409349771759,-2.7087453156770502,089d00000e0426ac0000,317.0,0.0,3.59,99.0,0
2023-01-25 07:04:07.050424+00:00,70B3D54991EB3BA5,ECHO #2,Echo,Crossden burn @ Greenford Farm,56.55409349771759,-2.7087453156770502,08a100000da426ac0000,313.0,0.0,3.49,99.0,0
2023-01-25 07:19:50.424943+00:00,70B3D54991EB3BA5,ECHO #2,Echo,Crossden burn @ Greenford Farm,56.55409349771759,-2.7087453156770502,089d00000dc426ac0000,317.0,0.0,3.52,99.0,0
2023-01-25 07:35:33.708483+00:00,70B3D54991EB3BA5,ECHO #2,Echo,Crossden burn @ Greenford Farm,56.55409349771759,-2.7087453156770502,089d00000da426ac0000,317.0,0.0,3.49,99.0,0
2023-01-25 07:51:17.724622+00:00,70B3D54991EB3BA5,ECHO #2,Echo,Crossden burn @ Greenford Farm,56.55409349771759,-2.7087453156770502,089d00000da826ac0000,317.0,0.0,3.5,99.0,0
2023-01-25 08:07:00.653267+00:00,70B3D54991EB3BA5,ECHO #2,Echo,Crossden burn @ Greenford Farm,56.55409349771759,-2.7087453156770502,089e00000dd426ac0000,316.0,0.0,3.54,99.0,0
2023-01-25 08:22:44.197737+00:00,70B3D54991EB3BA5,ECHO #2,Echo,Crossden burn @ Greenford Farm,56.55409349771759,-2.7087453156770502,089d00000ddc26ac0000,317.0,0.0,3.55,99.0,0
2023-01-25 08:38:28.725633+00:00,70B3D54991EB3BA5,ECHO #2,Echo,Crossden burn @ Greenford Farm,56.55409349771759,-2.7087453156770502,08a000000da426ac0000,314.0,0.0,3.49,99.0,0
2023-01-25 08:54:13.214375+00:00,70B3D54991EB3BA5,ECHO #2,Echo,Crossden burn @ Greenford Farm,56.55409349771759,-2.7087453156770502,089f00000dcc26ac0000,315.0,0.0,3.53,99.0,0
2023-01-25 09:09:56.876609+00:00,70B3D54991EB3BA5,ECHO #2,Echo,Crossden burn @ Greenford Farm,56.55409349771759,-2.7087453156770502,08a000000dac26ac0000,314.0,0.0,3.5,99.0,0
2023-01-25 09:25:41.193996+00:00,70B3D54991EB3BA5,ECHO #2,Echo,Crossden burn @ Greenford Farm,56.55409349771759,-2.7087453156770502,089c00000dd426ac0000,318.0,0.0,3.54,99.0,0
2023-01-25 09:41:26.816920+00:00,70B3D54991EB3BA5,ECHO #2,Echo,Crossden burn @ Greenford Farm,56.55409349771759,-2.7087453156770502,08a000000dcc26ac0000,314.0,0.0,3.53,99.0,0
2023-01-25 09:57:10.113930+00:00,70B3D54991EB3BA5,ECHO #2,Echo,Crossden burn @ Greenford Farm,56.55409349771759,-2.7087453156770502,08a000000de426ac0000,314.0,0.0,3.56,99.0,0
2023-01-25 10:12:53.752302+00:00,70B3D54991EB3BA5,ECHO #2,Echo,Crossden burn @ Greenford Farm,56.55409349771759,-2.7087453156770502,08a000000dc826ac0000,314.0,0.0,3.53,99.0,0
2023-01-25 10:28:37.817470+00:00,70B3D54991EB3BA5,ECHO #2,Echo,Crossden burn @ Greenford Farm,56.55409349771759,-2.7087453156770502,08a000000de826ac0000,314.0,0.0,3.56,99.0,0
2023-01-25 10:44:22.210625+00:00,70B3D54991EB3BA5,ECHO #2,Echo,Crossden burn @ Greenford Farm,56.55409349771759,-2.7087453156770502,089f00000ddc26ac0000,315.0,0.0,3.55,99.0,0
2023-01-25 11:15:56.805948+00:00,70B3D54991EB3BA5,ECHO #2,Echo,Crossden burn @ Greenford Farm,56.55409349771759,-2.7087453156770502,08a300000de826ac0000,311.0,0.0,3.56,99.0,0
2023-01-25 11:31:42.521017+00:00,70B3D54991EB3BA5,ECHO #2,Echo,Crossden burn @ Greenford Farm,56.55409349771759,-2.7087453156770502,08a600000e0c26ac0000,308.0,0.0,3.6,99.0,0
2023-01-25 11:47:26.627269+00:00,70B3D54991EB3BA5,ECHO #2,Echo,Crossden burn @ Greenford Farm,56.55409349771759,-2.7087453156770502,08a900000e0026ac0000,305.0,0.0,3.58,99.0,0
2023-01-25 12:03:10.209479+00:00,70B3D54991EB3BA5,ECHO #2,Echo,Crossden burn @ Greenford Farm,56.55409349771759,-2.7087453156770502,08a900000db426ac0000,305.0,0.0,3.51,99.0,0
2023-01-25 12:18:53.314628+00:00,70B3D54991EB3BA5,ECHO #2,Echo,Crossden burn @ Greenford Farm,56.55409349771759,-2.7087453156770502,08aa00000da026ac0000,304.0,0.0,3.49,99.0,0
2023-01-25 12:34:37.370051+00:00,70B3D54991EB3BA5,ECHO #2,Echo,Crossden burn @ Greenford Farm,56.55409349771759,-2.7087453156770502,08a600000dc826ac0000,308.0,0.0,3.53,99.0,0
2023-01-25 12:50:20.968253+00:00,70B3D54991EB3BA5,ECHO #2,Echo,Crossden burn @ Greenford Farm,56.55409349771759,-2.7087453156770502,08a900000e3026ac0000,305.0,0.0,3.63,99.0,0
2023-01-25 13:21:47.069823+00:00,70B3D54991EB3BA5,ECHO #2,Echo,Crossden burn @ Greenford Farm,56.55409349771759,-2.7087453156770502,08a600000da426ac0000,308.0,0.0,3.49,99.0,0
2023-01-25 13:37:30.284235+00:00,70B3D54991EB3BA5,ECHO #2,Echo,Crossden burn @ Greenford Farm,56.55409349771759,-2.7087453156770502,08a900000da426ac0000,305.0,0.0,3.49,99.0,0
2023-01-25 13:53:13.316718+00:00,70B3D54991EB3BA5,ECHO #2,Echo,Crossden burn @ Greenford Farm,56.55409349771759,-2.7087453156770502,08a900000da426ac0000,305.0,0.0,3.49,99.0,0
2023-01-25 14:08:56.584390+00:00,70B3D54991EB3BA5,ECHO #2,Echo,Crossden burn @ Greenford Farm,56.55409349771759,-2.7087453156770502,08a800000dd026ac0000,306.0,0.0,3.54,99.0,0
2023-01-25 14:24:39.403974+00:00,70B3D54991EB3BA5,ECHO #2,Echo,Crossden burn @ Greenford Farm,56.55409349771759,-2.7087453156770502,08a800000d8826ac0000,306.0,0.0,3.46,99.0,0
2023-01-25 14:40:25.271692+00:00,70B3D54991EB3BA5,ECHO #2,Echo,Crossden burn @ Greenford Farm,56.55409349771759,-2.7087453156770502,08a300000dd426ac0000,311.0,0.0,3.54,99.0,0
2023-01-25 14:56:08.685524+00:00,70B3D54991EB3BA5,ECHO #2,Echo,Crossden burn @ Greenford Farm,56.55409349771759,-2.7087453156770502,08a500000d8826ac0000,309.0,0.0,3.46,99.0,0
2023-01-25 15:11:52.222047+00:00,70B3D54991EB3BA5,ECHO #2,Echo,Crossden burn @ Greenford Farm,56.55409349771759,-2.7087453156770502,08a500000da426ac0000,309.0,0.0,3.49,99.0,0
2023-01-25 15:27:35.265407+00:00,70B3D54991EB3BA5,ECHO #2,Echo,Crossden burn @ Greenford Farm,56.55409349771759,-2.7087453156770502,08a500000d8c26ac0000,309.0,0.0,3.47,99.0,0
2023-01-25 15:43:18.534131+00:00,70B3D54991EB3BA5,ECHO #2,Echo,Crossden burn @ Greenford Farm,56.55409349771759,-2.7087453156770502,08a200000dcc26ac0000,312.0,0.0,3.53,99.0,0
2023-01-25 15:59:01.805096+00:00,70B3D54991EB3BA5,ECHO #2,Echo,Crossden burn @ Greenford Farm,56.55409349771759,-2.7087453156770502,08a300000ddc26ac0000,311.0,0.0,3.55,99.0,0
2023-01-25 16:14:45.289352+00:00,70B3D54991EB3BA5,ECHO #2,Echo,Crossden burn @ Greenford Farm,56.55409349771759,-2.7087453156770502,08a200000d9426ac0000,312.0,0.0,3.48,99.0,0
2023-01-25 16:30:29.461931+00:00,70B3D54991EB3BA5,ECHO #2,Echo,Crossden burn @ Greenford Farm,56.55409349771759,-2.7087453156770502,08a600000db426ac0000,308.0,0.0,3.51,99.0,0
2023-01-25 16:46:13.188768+00:00,70B3D54991EB3BA5,ECHO #2,Echo,Crossden burn @ Greenford Farm,56.55409349771759,-2.7087453156770502,08a600000de026ac0000,308.0,0.0,3.55,99.0,0
2023-01-25 17:01:55.647165+00:00,70B3D54991EB3BA5,ECHO #2,Echo,Crossden burn @ Greenford Farm,56.55409349771759,-2.7087453156770502,08a300000d8026ac0000,311.0,0.0,3.46,99.0,0
2023-01-25 17:17:40.694567+00:00,70B3D54991EB3BA5,ECHO #2,Echo,Crossden burn @ Greenford Farm,56.55409349771759,-2.7087453156770502,08a100000d8826ac0000,313.0,0.0,3.46,99.0,0
2023-01-25 17:33:24.445760+00:00,70B3D54991EB3BA5,ECHO #2,Echo,Crossden burn @ Greenford Farm,56.55409349771759,-2.7087453156770502,08a200000de826ac0000,312.0,0.0,3.56,99.0,0
2023-01-25 17:49:08.903068+00:00,70B3D54991EB3BA5,ECHO #2,Echo,Crossden burn @ Greenford Farm,56.55409349771759,-2.7087453156770502,08a300000de426ac0000,311.0,0.0,3.56,99.0,0
2023-01-25 18:20:35.683646+00:00,70B3D54991EB3BA5,ECHO #2,Echo,Crossden burn @ Greenford Farm,56.55409349771759,-2.7087453156770502,08a000000dcc26ac0000,314.0,0.0,3.53,99.0,0
2023-01-25 18:36:19.868822+00:00,70B3D54991EB3BA5,ECHO #2,Echo,Crossden burn @ Greenford Farm,56.55409349771759,-2.7087453156770502,08a200000d6c26ac0000,312.0,0.0,3.44,99.0,0
2023-01-25 18:52:06.219845+00:00,70B3D54991EB3BA5,ECHO #2,Echo,Crossden burn @ Greenford Farm,56.55409349771759,-2.7087453156770502,08ac00000dc826ac0000,302.0,0.0,3.53,99.0,0
2023-01-25 19:07:48.966004+00:00,70B3D54991EB3BA5,ECHO #2,Echo,Crossden burn @ Greenford Farm,56.55409349771759,-2.7087453156770502,08aa00000db426ac0000,304.0,0.0,3.51,99.0,0
2023-01-25 19:23:32.184119+00:00,70B3D54991EB3BA5,ECHO #2,Echo,Crossden burn @ Greenford Farm,56.55409349771759,-2.7087453156770502,08ad00000d6c26ac0000,301.0,0.0,3.44,99.0,0
2023-01-25 19:39:17.616434+00:00,70B3D54991EB3BA5,ECHO #2,Echo,Crossden burn @ Greenford Farm,56.55409349771759,-2.7087453156770502,08aa00000d9026ac0000,304.0,0.0,3.47,99.0,0
2023-01-25 20:10:46.136004+00:00,70B3D54991EB3BA5,ECHO #2,Echo,Crossden burn @ Greenford Farm,56.55409349771759,-2.7087453156770502,08a100000de026ac0000,313.0,0.0,3.55,99.0,0
2023-01-25 20:26:33.995341+00:00,70B3D54991EB3BA5,ECHO #2,Echo,Crossden burn @ Greenford Farm,56.55409349771759,-2.7087453156770502,08a200000dcc26ac0000,312.0,0.0,3.53,99.0,0
2023-01-25 20:42:20.863132+00:00,70B3D54991EB3BA5,ECHO #2,Echo,Crossden burn @ Greenford Farm,56.55409349771759,-2.7087453156770502,08a700000da026ac0000,307.0,0.0,3.49,99.0,0
2023-01-25 20:58:04.562292+00:00,70B3D54991EB3BA5,ECHO #2,Echo,Crossden burn @ Greenford Farm,56.55409349771759,-2.7087453156770502,08aa00000dc426ac0000,304.0,0.0,3.52,99.0,0
2023-01-25 21:29:32.833788+00:00,70B3D54991EB3BA5,ECHO #2,Echo,Crossden burn @ Greenford Farm,56.55409349771759,-2.7087453156770502,08a400000da426ac0000,310.0,0.0,3.49,99.0,0
2023-01-25 21:45:21.760138+00:00,70B3D54991EB3BA5,ECHO #2,Echo,Crossden burn @ Greenford Farm,56.55409349771759,-2.7087453156770502,089f00000d9026ac0000,315.0,0.0,3.47,99.0,0
2023-01-25 22:01:07.035363+00:00,70B3D54991EB3BA5,ECHO #2,Echo,Crossden burn @ Greenford Farm,56.55409349771759,-2.7087453156770502,08a000000d9c26ac0000,314.0,0.0,3.48,99.0,0
2023-01-25 22:16:55.739363+00:00,70B3D54991EB3BA5,ECHO #2,Echo,Crossden burn @ Greenford Farm,56.55409349771759,-2.7087453156770502,08a700000dd026ac0000,307.0,0.0,3.54,99.0,0
2023-01-25 22:32:40.104402+00:00,70B3D54991EB3BA5,ECHO #2,Echo,Crossden burn @ Greenford Farm,56.55409349771759,-2.7087453156770502,08a500000d9026ac0000,309.0,0.0,3.47,99.0,0
2023-01-25 22:48:26.154797+00:00,70B3D54991EB3BA5,ECHO #2,Echo,Crossden burn @ Greenford Farm,56.55409349771759,-2.7087453156770502,08a700000d8826ac0000,307.0,0.0,3.46,99.0,0
2023-01-25 23:04:10.251428+00:00,70B3D54991EB3BA5,ECHO #2,Echo,Crossden burn @ Greenford Farm,56.55409349771759,-2.7087453156770502,08a800000d7c26ac0000,306.0,0.0,3.45,99.0,0
2023-01-25 23:19:53.764804+00:00,70B3D54991EB3BA5,ECHO #2,Echo,Crossden burn @ Greenford Farm,56.55409349771759,-2.7087453156770502,08a700000d7426ac0000,307.0,0.0,3.44,99.0,0
2023-01-25 23:35:37.724418+00:00,70B3D54991EB3BA5,ECHO #2,Echo,Crossden burn @ Greenford Farm,56.55409349771759,-2.7087453156770502,08a900000dcc26ac0000,305.0,0.0,3.53,99.0,0
2023-01-25 23:51:21.445643+00:00,70B3D54991EB3BA5,ECHO #2,Echo,Crossden burn @ Greenford Farm,56.55409349771759,-2.7087453156770502,08a600000d6c26ac0000,308.0,0.0,3.44,99.0,0
2023-01-26 00:07:05.254237+00:00,70B3D54991EB3BA5,ECHO #2,Echo,Crossden burn @ Greenford Farm,56.55409349771759,-2.7087453156770502,08a700000d7026ac0000,307.0,0.0,3.44,99.0,0
2023-01-26 00:22:49.254105+00:00,70B3D54991EB3BA5,ECHO #2,Echo,Crossden burn @ Greenford Farm,56.55409349771759,-2.7087453156770502,08a600000d7026ac0000,308.0,0.0,3.44,99.0,0
2023-01-26 00:38:33.302578+00:00,70B3D54991EB3BA5,ECHO #2,Echo,Crossden burn @ Greenford Farm,56.55409349771759,-2.7087453156770502,08a600000dc426ac0000,308.0,0.0,3.52,99.0,0
2023-01-26 00:54:17.183622+00:00,70B3D54991EB3BA5,ECHO #2,Echo,Crossden burn @ Greenford Farm,56.55409349771759,-2.7087453156770502,08a900000db426ac0000,305.0,0.0,3.51,99.0,0
2023-01-26 01:10:01.031140+00:00,70B3D54991EB3BA5,ECHO #2,Echo,Crossden burn @ Greenford Farm,56.55409349771759,-2.7087453156770502,08a800000dc826ac0000,306.0,0.0,3.53,99.0,0
2023-01-26 01:25:44.851906+00:00,70B3D54991EB3BA5,ECHO #2,Echo,Crossden burn @ Greenford Farm,56.55409349771759,-2.7087453156770502,08a500000d7826ac0000,309.0,0.0,3.45,99.0,0
2023-01-26 01:41:32.561495+00:00,70B3D54991EB3BA5,ECHO #2,Echo,Crossden burn @ Greenford Farm,56.55409349771759,-2.7087453156770502,08ab00000dcc26ac0000,303.0,0.0,3.53,99.0,0
2023-01-26 01:57:16.006235+00:00,70B3D54991EB3BA5,ECHO #2,Echo,Crossden burn @ Greenford Farm,56.55409349771759,-2.7087453156770502,08a700000d9026ac0000,307.0,0.0,3.47,99.0,0
2023-01-26 02:12:59.356929+00:00,70B3D54991EB3BA5,ECHO #2,Echo,Crossden burn @ Greenford Farm,56.55409349771759,-2.7087453156770502,08a700000d7426ac0000,307.0,0.0,3.44,99.0,0
2023-01-26 02:28:42.795235+00:00,70B3D54991EB3BA5,ECHO #2,Echo,Crossden burn @ Greenford Farm,56.55409349771759,-2.7087453156770502,08a800000dcc26ac0000,306.0,0.0,3.53,99.0,0
2023-01-26 02:44:26.950343+00:00,70B3D54991EB3BA5,ECHO #2,Echo,Crossden burn @ Greenford Farm,56.55409349771759,-2.7087453156770502,08a900000de426ac0000,305.0,0.0,3.56,99.0,0
2023-01-26 03:00:11.371198+00:00,70B3D54991EB3BA5,ECHO #2,Echo,Crossden burn @ Greenford Farm,56.55409349771759,-2.7087453156770502,08a800000db026ac0000,306.0,0.0,3.5,99.0,0
2023-01-26 03:15:55.174450+00:00,70B3D54991EB3BA5,ECHO #2,Echo,Crossden burn @ Greenford Farm,56.55409349771759,-2.7087453156770502,08a900000d7c26ac0000,305.0,0.0,3.45,99.0,0
2023-01-26 03:31:39.314929+00:00,70B3D54991EB3BA5,ECHO #2,Echo,Crossden burn @ Greenford Farm,56.55409349771759,-2.7087453156770502,08ab00000dd026ac0000,303.0,0.0,3.54,99.0,0
2023-01-26 03:47:23.953478+00:00,70B3D54991EB3BA5,ECHO #2,Echo,Crossden burn @ Greenford Farm,56.55409349771759,-2.7087453156770502,08a900000ddc26ac0000,305.0,0.0,3.55,99.0,0
2023-01-26 04:03:07.867070+00:00,70B3D54991EB3BA5,ECHO #2,Echo,Crossden burn @ Greenford Farm,56.55409349771759,-2.7087453156770502,08ac00000dd426ac0000,302.0,0.0,3.54,99.0,0
2023-01-26 04:18:54.315988+00:00,70B3D54991EB3BA5,ECHO #2,Echo,Crossden burn @ Greenford Farm,56.55409349771759,-2.7087453156770502,08a600000d9c26ac0000,308.0,0.0,3.48,99.0,0
2023-01-26 04:34:41.783376+00:00,70B3D54991EB3BA5,ECHO #2,Echo,Crossden burn @ Greenford Farm,56.55409349771759,-2.7087453156770502,08ae00000d7826ac0000,300.0,0.0,3.45,99.0,0
2023-01-26 04:50:24.853235+00:00,70B3D54991EB3BA5,ECHO #2,Echo,Crossden burn @ Greenford Farm,56.55409349771759,-2.7087453156770502,08aa00000d7c26ac0000,304.0,0.0,3.45,99.0,0
2023-01-26 05:06:07.988280+00:00,70B3D54991EB3BA5,ECHO #2,Echo,Crossden burn @ Greenford Farm,56.55409349771759,-2.7087453156770502,08ad00000d8c26ac0000,301.0,0.0,3.47,99.0,0
2023-01-26 05:21:52.461616+00:00,70B3D54991EB3BA5,ECHO #2,Echo,Crossden burn @ Greenford Farm,56.55409349771759,-2.7087453156770502,08a900000d7426ac0000,305.0,0.0,3.44,99.0,0
2023-01-26 05:37:36.436877+00:00,70B3D54991EB3BA5,ECHO #2,Echo,Crossden burn @ Greenford Farm,56.55409349771759,-2.7087453156770502,08aa00000dd826ac0000,304.0,0.0,3.54,99.0,0
2023-01-26 05:53:20.184263+00:00,70B3D54991EB3BA5,ECHO #2,Echo,Crossden burn @ Greenford Farm,56.55409349771759,-2.7087453156770502,08a800000dcc26ac0000,306.0,0.0,3.53,99.0,0
2023-01-26 06:09:06.926567+00:00,70B3D54991EB3BA5,ECHO #2,Echo,Crossden burn @ Greenford Farm,56.55409349771759,-2.7087453156770502,08a200000d7c26ac0000,312.0,0.0,3.45,99.0,0
2023-01-26 06:24:56.042630+00:00,70B3D54991EB3BA5,ECHO #2,Echo,Crossden burn @ Greenford Farm,56.55409349771759,-2.7087453156770502,08a700000d9026ac0000,307.0,0.0,3.47,99.0,0
2023-01-26 06:40:41.141086+00:00,70B3D54991EB3BA5,ECHO #2,Echo,Crossden burn @ Greenford Farm,56.55409349771759,-2.7087453156770502,08a900000de026ac0000,305.0,0.0,3.55,99.0,0
2023-01-26 06:56:24.097325+00:00,70B3D54991EB3BA5,ECHO #2,Echo,Crossden burn @ Greenford Farm,56.55409349771759,-2.7087453156770502,08ad00000da026ac0000,301.0,0.0,3.49,99.0,0
2023-01-26 07:12:07.358943+00:00,70B3D54991EB3BA5,ECHO #2,Echo,Crossden burn @ Greenford Farm,56.55409349771759,-2.7087453156770502,08ab00000dc426ac0000,303.0,0.0,3.52,99.0,0
2023-01-26 07:27:51.174145+00:00,70B3D54991EB3BA5,ECHO #2,Echo,Crossden burn @ Greenford Farm,56.55409349771759,-2.7087453156770502,08ae00000d9026ac0000,300.0,0.0,3.47,99.0,0
2023-01-26 07:43:34.976819+00:00,70B3D54991EB3BA5,ECHO #2,Echo,Crossden burn @ Greenford Farm,56.55409349771759,-2.7087453156770502,08aa00000db026ac0000,304.0,0.0,3.5,99.0,0
2023-01-26 07:59:18.568217+00:00,70B3D54991EB3BA5,ECHO #2,Echo,Crossden burn @ Greenford Farm,56.55409349771759,-2.7087453156770502,08ab00000da426ac0000,303.0,0.0,3.49,99.0,0
2023-01-26 08:15:03.067523+00:00,70B3D54991EB3BA5,ECHO #2,Echo,Crossden burn @ Greenford Farm,56.55409349771759,-2.7087453156770502,08ae00000dcc26ac0000,300.0,0.0,3.53,99.0,0
2023-01-26 08:30:46.722261+00:00,70B3D54991EB3BA5,ECHO #2,Echo,Crossden burn @ Greenford Farm,56.55409349771759,-2.7087453156770502,08ab00000d9c26ac0000,303.0,0.0,3.48,99.0,0
2023-01-26 08:46:35.811895+00:00,70B3D54991EB3BA5,ECHO #2,Echo,Crossden burn @ Greenford Farm,56.55409349771759,-2.7087453156770502,08b200000d8026ac0000,296.0,0.0,3.46,99.0,0
2023-01-26 09:02:24.223117+00:00,70B3D54991EB3BA5,ECHO #2,Echo,Crossden burn @ Greenford Farm,56.55409349771759,-2.7087453156770502,08af00000d7c26ac0000,299.0,0.0,3.45,99.0,0
2023-01-26 09:18:11.080931+00:00,70B3D54991EB3BA5,ECHO #2,Echo,Crossden burn @ Greenford Farm,56.55409349771759,-2.7087453156770502,08b200000dd426ac0000,296.0,0.0,3.54,99.0,0
2023-01-26 09:33:55.373932+00:00,70B3D54991EB3BA5,ECHO #2,Echo,Crossden burn @ Greenford Farm,56.55409349771759,-2.7087453156770502,08b300000d9426ac0000,295.0,0.0,3.48,99.0,0
2023-01-26 09:49:39.378178+00:00,70B3D54991EB3BA5,ECHO #2,Echo,Crossden burn @ Greenford Farm,56.55409349771759,-2.7087453156770502,08b700000db026ac0000,291.0,0.0,3.5,99.0,0
2023-01-26 10:05:28.163983+00:00,70B3D54991EB3BA5,ECHO #2,Echo,Crossden burn @ Greenford Farm,56.55409349771759,-2.7087453156770502,08b300000df426ac0000,295.0,0.0,3.57,99.0,0
2023-01-26 10:21:13.998126+00:00,70B3D54991EB3BA5,ECHO #2,Echo,Crossden burn @ Greenford Farm,56.55409349771759,-2.7087453156770502,08b200000da426ac0000,296.0,0.0,3.49,99.0,0
2023-01-26 10:36:58.539454+00:00,70B3D54991EB3BA5,ECHO #2,Echo,Crossden burn @ Greenford Farm,56.55409349771759,-2.7087453156770502,08b400000e0826ac0000,294.0,0.0,3.59,99.0,0
2023-01-26 10:52:43.203412+00:00,70B3D54991EB3BA5,ECHO #2,Echo,Crossden burn @ Greenford Farm,56.55409349771759,-2.7087453156770502,08b300000e0c26ac0000,295.0,0.0,3.6,99.0,0
2023-01-26 11:08:27.864128+00:00,70B3D54991EB3BA5,ECHO #2,Echo,Crossden burn @ Greenford Farm,56.55409349771759,-2.7087453156770502,08b300000e1026ac0000,295.0,0.0,3.6,99.0,0
2023-01-26 11:24:11.749810+00:00,70B3D54991EB3BA5,ECHO #2,Echo,Crossden burn @ Greenford Farm,56.55409349771759,-2.7087453156770502,08b200000df426ac0000,296.0,0.0,3.57,99.0,0
2023-01-26 11:39:55.932419+00:00,70B3D54991EB3BA5,ECHO #2,Echo,Crossden burn @ Greenford Farm,56.55409349771759,-2.7087453156770502,08b600000dfc26ac0000,292.0,0.0,3.58,99.0,0
2023-01-26 11:55:39.812417+00:00,70B3D54991EB3BA5,ECHO #2,Echo,Crossden burn @ Greenford Farm,56.55409349771759,-2.7087453156770502,08b900000dfc26ac0000,289.0,0.0,3.58,99.0,0
2023-01-26 12:11:22.264930+00:00,70B3D54991EB3BA5,ECHO #2,Echo,Crossden burn @ Greenford Farm,56.55409349771759,-2.7087453156770502,08b400000df026ac0000,294.0,0.0,3.57,99.0,0
2023-01-26 12:42:52.859024+00:00,70B3D54991EB3BA5,ECHO #2,Echo,Crossden burn @ Greenford Farm,56.55409349771759,-2.7087453156770502,08ac00000d9426ac0000,302.0,0.0,3.48,99.0,0
2023-01-26 12:58:38.438248+00:00,70B3D54991EB3BA5,ECHO #2,Echo,Crossden burn @ Greenford Farm,56.55409349771759,-2.7087453156770502,08ae00000df426ac0000,300.0,0.0,3.57,99.0,0
2023-01-26 13:14:21.543815+00:00,70B3D54991EB3BA5,ECHO #2,Echo,Crossden burn @ Greenford Farm,56.55409349771759,-2.7087453156770502,08b200000d9426ac0000,296.0,0.0,3.48,99.0,0
2023-01-26 13:30:04.131922+00:00,70B3D54991EB3BA5,ECHO #2,Echo,Crossden burn @ Greenford Farm,56.55409349771759,-2.7087453156770502,08ae00000db026ac0000,300.0,0.0,3.5,99.0,0
2023-01-26 13:45:47.041139+00:00,70B3D54991EB3BA5,ECHO #2,Echo,Crossden burn @ Greenford Farm,56.55409349771759,-2.7087453156770502,08b100000ddc26ac0000,297.0,0.0,3.55,99.0,0
2023-01-26 14:01:30.219129+00:00,70B3D54991EB3BA5,ECHO #2,Echo,Crossden burn @ Greenford Farm,56.55409349771759,-2.7087453156770502,08ae00000e0026ac0000,300.0,0.0,3.58,99.0,0
2023-01-26 14:17:13.327194+00:00,70B3D54991EB3BA5,ECHO #2,Echo,Crossden burn @ Greenford Farm,56.55409349771759,-2.7087453156770502,08b200000d9c26ac0000,296.0,0.0,3.48,99.0,0
2023-01-26 14:32:59.088691+00:00,70B3D54991EB3BA5,ECHO #2,Echo,Crossden burn @ Greenford Farm,56.55409349771759,-2.7087453156770502,08ae00000dd826ac0000,300.0,0.0,3.54,99.0,0
2023-01-26 14:48:43.057531+00:00,70B3D54991EB3BA5,ECHO #2,Echo,Crossden burn @ Greenford Farm,56.55409349771759,-2.7087453156770502,08ab00000de826ac0000,303.0,0.0,3.56,99.0,0
2023-01-26 15:04:27.238309+00:00,70B3D54991EB3BA5,ECHO #2,Echo,Crossden burn @ Greenford Farm,56.55409349771759,-2.7087453156770502,08ae00000dc426ac0000,300.0,0.0,3.52,99.0,0
2023-01-26 15:51:38.265912+00:00,70B3D54991EB3BA5,ECHO #2,Echo,Crossden burn @ Greenford Farm,56.55409349771759,-2.7087453156770502,08ad00000d9c26ac0000,301.0,0.0,3.48,99.0,0
2023-01-26 16:07:22.762108+00:00,70B3D54991EB3BA5,ECHO #2,Echo,Crossden burn @ Greenford Farm,56.55409349771759,-2.7087453156770502,08ad00000ddc26ac0000,301.0,0.0,3.55,99.0,0
2023-01-26 16:23:06.376487+00:00,70B3D54991EB3BA5,ECHO #2,Echo,Crossden burn @ Greenford Farm,56.55409349771759,-2.7087453156770502,08ae00000e0426ac0000,300.0,0.0,3.59,99.0,0
2023-01-26 16:38:50.011618+00:00,70B3D54991EB3BA5,ECHO #2,Echo,Crossden burn @ Greenford Farm,56.55409349771759,-2.7087453156770502,08ad00000d9426ac0000,301.0,0.0,3.48,99.0,0
2023-01-26 16:54:36.427648+00:00,70B3D54991EB3BA5,ECHO #2,Echo,Crossden burn @ Greenford Farm,56.55409349771759,-2.7087453156770502,08b400000db426ac0000,294.0,0.0,3.51,99.0,0
2023-01-26 17:10:18.939027+00:00,70B3D54991EB3BA5,ECHO #2,Echo,Crossden burn @ Greenford Farm,56.55409349771759,-2.7087453156770502,08b600000db426ac0000,292.0,0.0,3.51,99.0,0
2023-01-26 17:41:46.437357+00:00,70B3D54991EB3BA5,ECHO #2,Echo,Crossden burn @ Greenford Farm,56.55409349771759,-2.7087453156770502,08ac00000dcc26ac0000,302.0,0.0,3.53,99.0,0
2023-01-26 17:57:29.720460+00:00,70B3D54991EB3BA5,ECHO #2,Echo,Crossden burn @ Greenford Farm,56.55409349771759,-2.7087453156770502,08ad00000dcc26ac0000,301.0,0.0,3.53,99.0,0
2023-01-26 18:13:13.425548+00:00,70B3D54991EB3BA5,ECHO #2,Echo,Crossden burn @ Greenford Farm,56.55409349771759,-2.7087453156770502,08ae00000da026ac0000,300.0,0.0,3.49,99.0,0
2023-01-26 18:28:57.910395+00:00,70B3D54991EB3BA5,ECHO #2,Echo,Crossden burn @ Greenford Farm,56.55409349771759,-2.7087453156770502,08aa00000da426ac0000,304.0,0.0,3.49,99.0,0
2023-01-26 18:44:42.160211+00:00,70B3D54991EB3BA5,ECHO #2,Echo,Crossden burn @ Greenford Farm,56.55409349771759,-2.7087453156770502,08ad00000dd026ac0000,301.0,0.0,3.54,99.0,0
2023-01-26 19:00:26.252515+00:00,70B3D54991EB3BA5,ECHO #2,Echo,Crossden burn @ Greenford Farm,56.55409349771759,-2.7087453156770502,08ae00000db426ac0000,300.0,0.0,3.51,99.0,0
2023-01-26 19:16:11.340576+00:00,70B3D54991EB3BA5,ECHO #2,Echo,Crossden burn @ Greenford Farm,56.55409349771759,-2.7087453156770502,08ae00000d6c26ac0000,300.0,0.0,3.44,99.0,0
2023-01-26 19:31:54.938296+00:00,70B3D54991EB3BA5,ECHO #2,Echo,Crossden burn @ Greenford Farm,56.55409349771759,-2.7087453156770502,08ad00000de026ac0000,301.0,0.0,3.55,99.0,0
2023-01-26 19:47:37.780851+00:00,70B3D54991EB3BA5,ECHO #2,Echo,Crossden burn @ Greenford Farm,56.55409349771759,-2.7087453156770502,08af00000da026ac0000,299.0,0.0,3.49,99.0,0
2023-01-26 20:03:21.638012+00:00,70B3D54991EB3BA5,ECHO #2,Echo,Crossden burn @ Greenford Farm,56.55409349771759,-2.7087453156770502,08ae00000da026ac0000,300.0,0.0,3.49,99.0,0
2023-01-26 20:19:05.112797+00:00,70B3D54991EB3BA5,ECHO #2,Echo,Crossden burn @ Greenford Farm,56.55409349771759,-2.7087453156770502,08b100000d9826ac0000,297.0,0.0,3.48,99.0,0
2023-01-26 20:34:48.666335+00:00,70B3D54991EB3BA5,ECHO #2,Echo,Crossden burn @ Greenford Farm,56.55409349771759,-2.7087453156770502,08b200000d9426ac0000,296.0,0.0,3.48,99.0,0
2023-01-26 20:50:32.100567+00:00,70B3D54991EB3BA5,ECHO #2,Echo,Crossden burn @ Greenford Farm,56.55409349771759,-2.7087453156770502,08b100000d9c26ac0000,297.0,0.0,3.48,99.0,0
2023-01-26 21:06:15.541179+00:00,70B3D54991EB3BA5,ECHO #2,Echo,Crossden burn @ Greenford Farm,56.55409349771759,-2.7087453156770502,08af00000dc426ac0000,299.0,0.0,3.52,99.0,0
2023-01-26 21:21:59.133027+00:00,70B3D54991EB3BA5,ECHO #2,Echo,Crossden burn @ Greenford Farm,56.55409349771759,-2.7087453156770502,08ac00000dd026ac0000,302.0,0.0,3.54,99.0,0
2023-01-26 21:53:29.636178+00:00,70B3D54991EB3BA5,ECHO #2,Echo,Crossden burn @ Greenford Farm,56.55409349771759,-2.7087453156770502,08ae00000da826ac0000,300.0,0.0,3.5,99.0,0
2023-01-26 22:09:13.825462+00:00,70B3D54991EB3BA5,ECHO #2,Echo,Crossden burn @ Greenford Farm,56.55409349771759,-2.7087453156770502,08ad00000db426ac0000,301.0,0.0,3.51,99.0,0
2023-01-26 22:24:57.468453+00:00,70B3D54991EB3BA5,ECHO #2,Echo,Crossden burn @ Greenford Farm,56.55409349771759,-2.7087453156770502,08ad00000dac26ac0000,301.0,0.0,3.5,99.0,0
2023-01-26 22:40:41.346254+00:00,70B3D54991EB3BA5,ECHO #2,Echo,Crossden burn @ Greenford Farm,56.55409349771759,-2.7087453156770502,08b000000d8c26ac0000,298.0,0.0,3.47,99.0,0
2023-01-26 22:56:27.880774+00:00,70B3D54991EB3BA5,ECHO #2,Echo,Crossden burn @ Greenford Farm,56.55409349771759,-2.7087453156770502,08b700000dcc26ac0000,291.0,0.0,3.53,99.0,0
2023-01-26 23:12:13.328843+00:00,70B3D54991EB3BA5,ECHO #2,Echo,Crossden burn @ Greenford Farm,56.55409349771759,-2.7087453156770502,08b400000db426ac0000,294.0,0.0,3.51,99.0,0
2023-01-26 23:27:57.795588+00:00,70B3D54991EB3BA5,ECHO #2,Echo,Crossden burn @ Greenford Farm,56.55409349771759,-2.7087453156770502,08b300000d8826ac0000,295.0,0.0,3.46,99.0,0
2023-01-26 23:43:42.023289+00:00,70B3D54991EB3BA5,ECHO #2,Echo,Crossden burn @ Greenford Farm,56.55409349771759,-2.7087453156770502,08b200000d8826ac0000,296.0,0.0,3.46,99.0,0
2023-01-26 23:59:25.808200+00:00,70B3D54991EB3BA5,ECHO #2,Echo,Crossden burn @ Greenford Farm,56.55409349771759,-2.7087453156770502,08b500000d8c26ac0000,293.0,0.0,3.47,99.0,0
2023-01-27 00:15:09.538771+00:00,70B3D54991EB3BA5,ECHO #2,Echo,Crossden burn @ Greenford Farm,56.55409349771759,-2.7087453156770502,08b100000dc426ac0000,297.0,0.0,3.52,99.0,0
2023-01-27 00:30:55.417832+00:00,70B3D54991EB3BA5,ECHO #2,Echo,Crossden burn @ Greenford Farm,56.55409349771759,-2.7087453156770502,08ae00000dc826ac0000,300.0,0.0,3.53,99.0,0
2023-01-27 00:46:40.335970+00:00,70B3D54991EB3BA5,ECHO #2,Echo,Crossden burn @ Greenford Farm,56.55409349771759,-2.7087453156770502,08ac00000da026ac0000,302.0,0.0,3.49,99.0,0
2023-01-27 01:02:24.444202+00:00,70B3D54991EB3BA5,ECHO #2,Echo,Crossden burn @ Greenford Farm,56.55409349771759,-2.7087453156770502,08af00000da826ac0000,299.0,0.0,3.5,99.0,0
2023-01-27 01:18:08.423078+00:00,70B3D54991EB3BA5,ECHO #2,Echo,Crossden burn @ Greenford Farm,56.55409349771759,-2.7087453156770502,08af00000d8c26ac0000,299.0,0.0,3.47,99.0,0
2023-01-27 01:33:52.883207+00:00,70B3D54991EB3BA5,ECHO #2,Echo,Crossden burn @ Greenford Farm,56.55409349771759,-2.7087453156770502,08b000000d9026ac0000,298.0,0.0,3.47,99.0,0
2023-01-27 02:05:21.552264+00:00,70B3D54991EB3BA5,ECHO #2,Echo,Crossden burn @ Greenford Farm,56.55409349771759,-2.7087453156770502,08af00000da426ac0000,299.0,0.0,3.49,99.0,0
2023-01-27 02:21:05.139601+00:00,70B3D54991EB3BA5,ECHO #2,Echo,Crossden burn @ Greenford Farm,56.55409349771759,-2.7087453156770502,08ae00000da826ac0000,300.0,0.0,3.5,99.0,0
2023-01-27 02:36:49.030541+00:00,70B3D54991EB3BA5,ECHO #2,Echo,Crossden burn @ Greenford Farm,56.55409349771759,-2.7087453156770502,08ae00000da826ac0000,300.0,0.0,3.5,99.0,0
2023-01-27 02:52:33.126280+00:00,70B3D54991EB3BA5,ECHO #2,Echo,Crossden burn @ Greenford Farm,56.55409349771759,-2.7087453156770502,08ae00000db426ac0000,300.0,0.0,3.51,99.0,0
2023-01-27 03:08:16.802470+00:00,70B3D54991EB3BA5,ECHO #2,Echo,Crossden burn @ Greenford Farm,56.55409349771759,-2.7087453156770502,08af00000d9426ac0000,299.0,0.0,3.48,99.0,0
2023-01-27 03:24:00.340048+00:00,70B3D54991EB3BA5,ECHO #2,Echo,Crossden burn @ Greenford Farm,56.55409349771759,-2.7087453156770502,08b100000d9426ac0000,297.0,0.0,3.48,99.0,0
2023-01-27 03:39:47.053158+00:00,70B3D54991EB3BA5,ECHO #2,Echo,Crossden burn @ Greenford Farm,56.55409349771759,-2.7087453156770502,08ac00000d9426ac0000,302.0,0.0,3.48,99.0,0
2023-01-27 03:55:31.106046+00:00,70B3D54991EB3BA5,ECHO #2,Echo,Crossden burn @ Greenford Farm,56.55409349771759,-2.7087453156770502,08ab00000d9c26ac0000,303.0,0.0,3.48,99.0,0
2023-01-27 04:11:17.989886+00:00,70B3D54991EB3BA5,ECHO #2,Echo,Crossden burn @ Greenford Farm,56.55409349771759,-2.7087453156770502,08b600000da426ac0000,292.0,0.0,3.49,99.0,0
2023-01-27 04:27:04.080824+00:00,70B3D54991EB3BA5,ECHO #2,Echo,Crossden burn @ Greenford Farm,56.55409349771759,-2.7087453156770502,08ad00000da026ac0000,301.0,0.0,3.49,99.0,0
2023-01-27 04:42:50.953408+00:00,70B3D54991EB3BA5,ECHO #2,Echo,Crossden burn @ Greenford Farm,56.55409349771759,-2.7087453156770502,08a600000dac26ac0000,308.0,0.0,3.5,99.0,0
2023-01-27 04:58:39.274725+00:00,70B3D54991EB3BA5,ECHO #2,Echo,Crossden burn @ Greenford Farm,56.55409349771759,-2.7087453156770502,08ae00000dd026ac0000,300.0,0.0,3.54,99.0,0
2023-01-27 05:14:22.985379+00:00,70B3D54991EB3BA5,ECHO #2,Echo,Crossden burn @ Greenford Farm,56.55409349771759,-2.7087453156770502,08ae00000db026ac0000,300.0,0.0,3.5,99.0,0
2023-01-27 05:30:06.944356+00:00,70B3D54991EB3BA5,ECHO #2,Echo,Crossden burn @ Greenford Farm,56.55409349771759,-2.7087453156770502,08ad00000dc426ac0000,301.0,0.0,3.52,99.0,0
2023-01-27 05:45:50.984220+00:00,70B3D54991EB3BA5,ECHO #2,Echo,Crossden burn @ Greenford Farm,56.55409349771759,-2.7087453156770502,08ac00000dcc26ac0000,302.0,0.0,3.53,99.0,0
2023-01-27 06:01:34.987229+00:00,70B3D54991EB3BA5,ECHO #2,Echo,Crossden burn @ Greenford Farm,56.55409349771759,-2.7087453156770502,08ae00000d9426ac0000,300.0,0.0,3.48,99.0,0
2023-01-27 06:17:18.510663+00:00,70B3D54991EB3BA5,ECHO #2,Echo,Crossden burn @ Greenford Farm,56.55409349771759,-2.7087453156770502,08ad00000dd826ac0000,301.0,0.0,3.54,99.0,0
2023-01-27 06:33:02.549096+00:00,70B3D54991EB3BA5,ECHO #2,Echo,Crossden burn @ Greenford Farm,56.55409349771759,-2.7087453156770502,08a900000d9c26ac0000,305.0,0.0,3.48,99.0,0
2023-01-27 06:48:48.743295+00:00,70B3D54991EB3BA5,ECHO #2,Echo,Crossden burn @ Greenford Farm,56.55409349771759,-2.7087453156770502,08ad00000dac26ac0000,301.0,0.0,3.5,99.0,0
2023-01-27 07:04:32.314763+00:00,70B3D54991EB3BA5,ECHO #2,Echo,Crossden burn @ Greenford Farm,56.55409349771759,-2.7087453156770502,08ad00000d8c26ac0000,301.0,0.0,3.47,99.0,0
2023-01-27 07:20:16.093082+00:00,70B3D54991EB3BA5,ECHO #2,Echo,Crossden burn @ Greenford Farm,56.55409349771759,-2.7087453156770502,08a900000d9026ac0000,305.0,0.0,3.47,99.0,0
2023-01-27 07:35:59.999795+00:00,70B3D54991EB3BA5,ECHO #2,Echo,Crossden burn @ Greenford Farm,56.55409349771759,-2.7087453156770502,08ad00000d8c26ac0000,301.0,0.0,3.47,99.0,0
2023-01-27 07:51:43.911700+00:00,70B3D54991EB3BA5,ECHO #2,Echo,Crossden burn @ Greenford Farm,56.55409349771759,-2.7087453156770502,08ac00000db026ac0000,302.0,0.0,3.5,99.0,0
2023-01-27 08:07:27.958048+00:00,70B3D54991EB3BA5,ECHO #2,Echo,Crossden burn @ Greenford Farm,56.55409349771759,-2.7087453156770502,08ab00000da426ac0000,303.0,0.0,3.49,99.0,0
2023-01-27 08:54:43.222280+00:00,70B3D54991EB3BA5,ECHO #2,Echo,Crossden burn @ Greenford Farm,56.55409349771759,-2.7087453156770502,08ad00000db026ac0000,301.0,0.0,3.5,99.0,0
2023-01-27 09:10:28.571331+00:00,70B3D54991EB3BA5,ECHO #2,Echo,Crossden burn @ Greenford Farm,56.55409349771759,-2.7087453156770502,08b100000dcc26ac0000,297.0,0.0,3.53,99.0,0
2023-01-27 09:26:11.631227+00:00,70B3D54991EB3BA5,ECHO #2,Echo,Crossden burn @ Greenford Farm,56.55409349771759,-2.7087453156770502,08b000000dd026ac0000,298.0,0.0,3.54,99.0,0
2023-01-27 09:41:55.889623+00:00,70B3D54991EB3BA5,ECHO #2,Echo,Crossden burn @ Greenford Farm,56.55409349771759,-2.7087453156770502,08b000000d6426ac0000,298.0,0.0,3.43,99.0,0
2023-01-27 09:57:44.833516+00:00,70B3D54991EB3BA5,ECHO #2,Echo,Crossden burn @ Greenford Farm,56.55409349771759,-2.7087453156770502,08b500000da026ac0000,293.0,0.0,3.49,99.0,0
2023-01-27 10:13:36.582704+00:00,70B3D54991EB3BA5,ECHO #2,Echo,Crossden burn @ Greenford Farm,56.55409349771759,-2.7087453156770502,08bd00000dac26ac0000,285.0,0.0,3.5,99.0,0
2023-01-27 10:29:27.105511+00:00,70B3D54991EB3BA5,ECHO #2,Echo,Crossden burn @ Greenford Farm,56.55409349771759,-2.7087453156770502,08c100000e0826ac0000,281.0,0.0,3.59,99.0,0
2023-01-27 10:45:11.633685+00:00,70B3D54991EB3BA5,ECHO #2,Echo,Crossden burn @ Greenford Farm,56.55409349771759,-2.7087453156770502,08c100000df026ac0000,281.0,0.0,3.57,99.0,0
2023-01-27 11:01:00.719252+00:00,70B3D54991EB3BA5,ECHO #2,Echo,Crossden burn @ Greenford Farm,56.55409349771759,-2.7087453156770502,08c800000e0826ac0000,274.0,0.0,3.59,99.0,0
2023-01-27 11:16:41.211963+00:00,70B3D54991EB3BA5,ECHO #2,Echo,Crossden burn @ Greenford Farm,56.55409349771759,-2.7087453156770502,08be00000db026ac0000,284.0,0.0,3.5,99.0,0
2023-01-27 11:32:23.648527+00:00,70B3D54991EB3BA5,ECHO #2,Echo,Crossden burn @ Greenford Farm,56.55409349771759,-2.7087453156770502,08ba00000d8026ac0000,288.0,0.0,3.46,99.0,0
2023-01-27 11:48:06.321619+00:00,70B3D54991EB3BA5,ECHO #2,Echo,Crossden burn @ Greenford Farm,56.55409349771759,-2.7087453156770502,08b700000dd026ac0000,291.0,0.0,3.54,99.0,0
2023-01-27 12:03:48.753992+00:00,70B3D54991EB3BA5,ECHO #2,Echo,Crossden burn @ Greenford Farm,56.55409349771759,-2.7087453156770502,08b400000d9426ac0000,294.0,0.0,3.48,99.0,0
2023-01-27 12:35:15.931008+00:00,70B3D54991EB3BA5,ECHO #2,Echo,Crossden burn @ Greenford Farm,56.55409349771759,-2.7087453156770502,08b300000da426ac0000,295.0,0.0,3.49,99.0,0
2023-01-27 12:51:00.305646+00:00,70B3D54991EB3BA5,ECHO #2,Echo,Crossden burn @ Greenford Farm,56.55409349771759,-2.7087453156770502,08b000000de826ac0000,298.0,0.0,3.56,99.0,0
2023-01-27 13:06:47.932574+00:00,70B3D54991EB3BA5,ECHO #2,Echo,Crossden burn @ Greenford Farm,56.55409349771759,-2.7087453156770502,08b500000db026ac0000,293.0,0.0,3.5,99.0,0
2023-01-27 13:22:31.874122+00:00,70B3D54991EB3BA5,ECHO #2,Echo,Crossden burn @ Greenford Farm,56.55409349771759,-2.7087453156770502,08b400000ddc26ac0000,294.0,0.0,3.55,99.0,0
2023-01-27 13:38:15.421383+00:00,70B3D54991EB3BA5,ECHO #2,Echo,Crossden burn @ Greenford Farm,56.55409349771759,-2.7087453156770502,08b000000db426ac0000,298.0,0.0,3.51,99.0,0
2023-01-27 13:54:00.148737+00:00,70B3D54991EB3BA5,ECHO #2,Echo,Crossden burn @ Greenford Farm,56.55409349771759,-2.7087453156770502,08af00000ddc26ac0000,299.0,0.0,3.55,99.0,0
2023-01-27 14:09:44.539590+00:00,70B3D54991EB3BA5,ECHO #2,Echo,Crossden burn @ Greenford Farm,56.55409349771759,-2.7087453156770502,08af00000dd826ac0000,299.0,0.0,3.54,99.0,0
2023-01-27 14:25:28.036384+00:00,70B3D54991EB3BA5,ECHO #2,Echo,Crossden burn @ Greenford Farm,56.55409349771759,-2.7087453156770502,08b200000dec26ac0000,296.0,0.0,3.56,99.0,0
2023-01-27 14:41:12.697309+00:00,70B3D54991EB3BA5,ECHO #2,Echo,Crossden burn @ Greenford Farm,56.55409349771759,-2.7087453156770502,08af00000d7826ac0000,299.0,0.0,3.45,99.0,0
2023-01-27 14:56:56.495739+00:00,70B3D54991EB3BA5,ECHO #2,Echo,Crossden burn @ Greenford Farm,56.55409349771759,-2.7087453156770502,08ad00000d9026ac0000,301.0,0.0,3.47,99.0,0
2023-01-27 15:12:40.190453+00:00,70B3D54991EB3BA5,ECHO #2,Echo,Crossden burn @ Greenford Farm,56.55409349771759,-2.7087453156770502,08b000000d7c26ac0000,298.0,0.0,3.45,99.0,0
2023-01-27 15:28:25.356954+00:00,70B3D54991EB3BA5,ECHO #2,Echo,Crossden burn @ Greenford Farm,56.55409349771759,-2.7087453156770502,08ae00000d7826ac0000,300.0,0.0,3.45,99.0,0
2023-01-27 15:44:09.321099+00:00,70B3D54991EB3BA5,ECHO #2,Echo,Crossden burn @ Greenford Farm,56.55409349771759,-2.7087453156770502,08ab00000dac26ac0000,303.0,0.0,3.5,99.0,0
2023-01-27 15:59:52.901790+00:00,70B3D54991EB3BA5,ECHO #2,Echo,Crossden burn @ Greenford Farm,56.55409349771759,-2.7087453156770502,08ae00000dd426ac0000,300.0,0.0,3.54,99.0,0
2023-01-27 16:15:37.058637+00:00,70B3D54991EB3BA5,ECHO #2,Echo,Crossden burn @ Greenford Farm,56.55409349771759,-2.7087453156770502,08af00000de426ac0000,299.0,0.0,3.56,99.0,0
2023-01-27 16:31:22.974496+00:00,70B3D54991EB3BA5,ECHO #2,Echo,Crossden burn @ Greenford Farm,56.55409349771759,-2.7087453156770502,08b100000dcc26ac0000,297.0,0.0,3.53,99.0,0
2023-01-27 16:47:04.179642+00:00,70B3D54991EB3BA5,ECHO #2,Echo,Crossden burn @ Greenford Farm,56.55409349771759,-2.7087453156770502,08b100000dcc26ac0000,297.0,0.0,3.53,99.0,0
2023-01-27 17:02:47.521459+00:00,70B3D54991EB3BA5,ECHO #2,Echo,Crossden burn @ Greenford Farm,56.55409349771759,-2.7087453156770502,08ad00000dcc26ac0000,301.0,0.0,3.53,99.0,0
2023-01-27 17:18:30.542632+00:00,70B3D54991EB3BA5,ECHO #2,Echo,Crossden burn @ Greenford Farm,56.55409349771759,-2.7087453156770502,08ac00000dcc26ac0000,302.0,0.0,3.53,99.0,0
2023-01-27 17:34:14.447750+00:00,70B3D54991EB3BA5,ECHO #2,Echo,Crossden burn @ Greenford Farm,56.55409349771759,-2.7087453156770502,08ac00000db426ac0000,302.0,0.0,3.51,99.0,0
2023-01-27 17:49:58.507427+00:00,70B3D54991EB3BA5,ECHO #2,Echo,Crossden burn @ Greenford Farm,56.55409349771759,-2.7087453156770502,08ab00000d9c26ac0000,303.0,0.0,3.48,99.0,0
2023-01-27 18:05:42.866131+00:00,70B3D54991EB3BA5,ECHO #2,Echo,Crossden burn @ Greenford Farm,56.55409349771759,-2.7087453156770502,08a900000d9826ac0000,305.0,0.0,3.48,99.0,0
2023-01-27 18:21:27.266963+00:00,70B3D54991EB3BA5,ECHO #2,Echo,Crossden burn @ Greenford Farm,56.55409349771759,-2.7087453156770502,08ab00000dd826ac0000,303.0,0.0,3.54,99.0,0
2023-01-27 18:37:11.154542+00:00,70B3D54991EB3BA5,ECHO #2,Echo,Crossden burn @ Greenford Farm,56.55409349771759,-2.7087453156770502,08ad00000dcc26ac0000,301.0,0.0,3.53,99.0,0
2023-01-27 18:52:55.284230+00:00,70B3D54991EB3BA5,ECHO #2,Echo,Crossden burn @ Greenford Farm,56.55409349771759,-2.7087453156770502,08ae00000de026ac0000,300.0,0.0,3.55,99.0,0
2023-01-27 19:08:39.037573+00:00,70B3D54991EB3BA5,ECHO #2,Echo,Crossden burn @ Greenford Farm,56.55409349771759,-2.7087453156770502,08ae00000db026ac0000,300.0,0.0,3.5,99.0,0
2023-01-27 19:24:22.721003+00:00,70B3D54991EB3BA5,ECHO #2,Echo,Crossden burn @ Greenford Farm,56.55409349771759,-2.7087453156770502,08ad00000dc426ac0000,301.0,0.0,3.52,99.0,0
2023-01-27 19:40:07.238756+00:00,70B3D54991EB3BA5,ECHO #2,Echo,Crossden burn @ Greenford Farm,56.55409349771759,-2.7087453156770502,08af00000dd026ac0000,299.0,0.0,3.54,99.0,0
2023-01-27 19:55:51.016023+00:00,70B3D54991EB3BA5,ECHO #2,Echo,Crossden burn @ Greenford Farm,56.55409349771759,-2.7087453156770502,08ac00000dc426ac0000,302.0,0.0,3.52,99.0,0
2023-01-27 20:11:36.158963+00:00,70B3D54991EB3BA5,ECHO #2,Echo,Crossden burn @ Greenford Farm,56.55409349771759,-2.7087453156770502,08ad00000da026ac0000,301.0,0.0,3.49,99.0,0
2023-01-27 20:27:20.697818+00:00,70B3D54991EB3BA5,ECHO #2,Echo,Crossden burn @ Greenford Farm,56.55409349771759,-2.7087453156770502,08ad00000da426ac0000,301.0,0.0,3.49,99.0,0
2023-01-27 20:43:05.823028+00:00,70B3D54991EB3BA5,ECHO #2,Echo,Crossden burn @ Greenford Farm,56.55409349771759,-2.7087453156770502,08ae00000da826ac0000,300.0,0.0,3.5,99.0,0
2023-01-27 20:58:50.288550+00:00,70B3D54991EB3BA5,ECHO #2,Echo,Crossden burn @ Greenford Farm,56.55409349771759,-2.7087453156770502,08ab00000dcc26ac0000,303.0,0.0,3.53,99.0,0
2023-01-27 21:14:36.127662+00:00,70B3D54991EB3BA5,ECHO #2,Echo,Crossden burn @ Greenford Farm,56.55409349771759,-2.7087453156770502,08ae00000dd426ac0000,300.0,0.0,3.54,99.0,0
2023-01-27 21:30:19.868162+00:00,70B3D54991EB3BA5,ECHO #2,Echo,Crossden burn @ Greenford Farm,56.55409349771759,-2.7087453156770502,08ad00000d7826ac0000,301.0,0.0,3.45,99.0,0
2023-01-27 21:46:03.777936+00:00,70B3D54991EB3BA5,ECHO #2,Echo,Crossden burn @ Greenford Farm,56.55409349771759,-2.7087453156770502,08b000000da026ac0000,298.0,0.0,3.49,99.0,0
2023-01-27 22:01:48.035144+00:00,70B3D54991EB3BA5,ECHO #2,Echo,Crossden burn @ Greenford Farm,56.55409349771759,-2.7087453156770502,08b100000de026ac0000,297.0,0.0,3.55,99.0,0
2023-01-27 22:33:15.505026+00:00,70B3D54991EB3BA5,ECHO #2,Echo,Crossden burn @ Greenford Farm,56.55409349771759,-2.7087453156770502,08af00000dec26ac0000,299.0,0.0,3.56,99.0,0
2023-01-27 22:49:01.070996+00:00,70B3D54991EB3BA5,ECHO #2,Echo,Crossden burn @ Greenford Farm,56.55409349771759,-2.7087453156770502,08ad00000d9026ac0000,301.0,0.0,3.47,99.0,0
2023-01-27 23:04:45.912169+00:00,70B3D54991EB3BA5,ECHO #2,Echo,Crossden burn @ Greenford Farm,56.55409349771759,-2.7087453156770502,08ae00000da826ac0000,300.0,0.0,3.5,99.0,0
2023-01-27 23:20:30.192173+00:00,70B3D54991EB3BA5,ECHO #2,Echo,Crossden burn @ Greenford Farm,56.55409349771759,-2.7087453156770502,08af00000d7826ac0000,299.0,0.0,3.45,99.0,0
2023-01-27 23:36:14.631487+00:00,70B3D54991EB3BA5,ECHO #2,Echo,Crossden burn @ Greenford Farm,56.55409349771759,-2.7087453156770502,08af00000d7826ac0000,299.0,0.0,3.45,99.0,0
2023-01-27 23:51:58.297269+00:00,70B3D54991EB3BA5,ECHO #2,Echo,Crossden burn @ Greenford Farm,56.55409349771759,-2.7087453156770502,08ad00000db026ac0000,301.0,0.0,3.5,99.0,0
2023-01-28 00:07:41.417055+00:00,70B3D54991EB3BA5,ECHO #2,Echo,Crossden burn @ Greenford Farm,56.55409349771759,-2.7087453156770502,08af00000de426ac0000,299.0,0.0,3.56,99.0,0
2023-01-28 00:23:25.470944+00:00,70B3D54991EB3BA5,ECHO #2,Echo,Crossden burn @ Greenford Farm,56.55409349771759,-2.7087453156770502,08ad00000d8c26ac0000,301.0,0.0,3.47,99.0,0
2023-01-28 00:39:10.447338+00:00,70B3D54991EB3BA5,ECHO #2,Echo,Crossden burn @ Greenford Farm,56.55409349771759,-2.7087453156770502,08ae00000ddc26ac0000,300.0,0.0,3.55,99.0,0
2023-01-28 00:54:54.679289+00:00,70B3D54991EB3BA5,ECHO #2,Echo,Crossden burn @ Greenford Farm,56.55409349771759,-2.7087453156770502,08af00000db026ac0000,299.0,0.0,3.5,99.0,0
2023-01-28 01:10:38.530686+00:00,70B3D54991EB3BA5,ECHO #2,Echo,Crossden burn @ Greenford Farm,56.55409349771759,-2.7087453156770502,08b000000de026ac0000,298.0,0.0,3.55,99.0,0
2023-01-28 01:26:22.772639+00:00,70B3D54991EB3BA5,ECHO #2,Echo,Crossden burn @ Greenford Farm,56.55409349771759,-2.7087453156770502,08ad00000db426ac0000,301.0,0.0,3.51,99.0,0
2023-01-28 01:42:06.950048+00:00,70B3D54991EB3BA5,ECHO #2,Echo,Crossden burn @ Greenford Farm,56.55409349771759,-2.7087453156770502,08ac00000da426ac0000,302.0,0.0,3.49,99.0,0
2023-01-28 01:57:53.915249+00:00,70B3D54991EB3BA5,ECHO #2,Echo,Crossden burn @ Greenford Farm,56.55409349771759,-2.7087453156770502,08b400000dc426ac0000,294.0,0.0,3.52,99.0,0
2023-01-28 02:13:40.441162+00:00,70B3D54991EB3BA5,ECHO #2,Echo,Crossden burn @ Greenford Farm,56.55409349771759,-2.7087453156770502,08ab00000d7426ac0000,303.0,0.0,3.44,99.0,0
2023-01-28 02:29:28.451657+00:00,70B3D54991EB3BA5,ECHO #2,Echo,Crossden burn @ Greenford Farm,56.55409349771759,-2.7087453156770502,08b000000d8826ac0000,298.0,0.0,3.46,99.0,0
2023-01-28 02:45:12.748659+00:00,70B3D54991EB3BA5,ECHO #2,Echo,Crossden burn @ Greenford Farm,56.55409349771759,-2.7087453156770502,08af00000d7c26ac0000,299.0,0.0,3.45,99.0,0
2023-01-28 03:00:59.212094+00:00,70B3D54991EB3BA5,ECHO #2,Echo,Crossden burn @ Greenford Farm,56.55409349771759,-2.7087453156770502,08b000000ddc26ac0000,298.0,0.0,3.55,99.0,0
2023-01-28 03:16:42.586663+00:00,70B3D54991EB3BA5,ECHO #2,Echo,Crossden burn @ Greenford Farm,56.55409349771759,-2.7087453156770502,08b200000de026ac0000,296.0,0.0,3.55,99.0,0
2023-01-28 03:32:25.737809+00:00,70B3D54991EB3BA5,ECHO #2,Echo,Crossden burn @ Greenford Farm,56.55409349771759,-2.7087453156770502,08ae00000d8c26ac0000,300.0,0.0,3.47,99.0,0
2023-01-28 03:48:10.335111+00:00,70B3D54991EB3BA5,ECHO #2,Echo,Crossden burn @ Greenford Farm,56.55409349771759,-2.7087453156770502,08b000000db026ac0000,298.0,0.0,3.5,99.0,0
2023-01-28 04:03:54.580886+00:00,70B3D54991EB3BA5,ECHO #2,Echo,Crossden burn @ Greenford Farm,56.55409349771759,-2.7087453156770502,08b400000d9826ac0000,294.0,0.0,3.48,99.0,0
2023-01-28 04:19:38.170891+00:00,70B3D54991EB3BA5,ECHO #2,Echo,Crossden burn @ Greenford Farm,56.55409349771759,-2.7087453156770502,08b400000d7426ac0000,294.0,0.0,3.44,99.0,0
2023-01-28 04:35:21.114342+00:00,70B3D54991EB3BA5,ECHO #2,Echo,Crossden burn @ Greenford Farm,56.55409349771759,-2.7087453156770502,08b600000db426ac0000,292.0,0.0,3.51,99.0,0
2023-01-28 04:51:04.844111+00:00,70B3D54991EB3BA5,ECHO #2,Echo,Crossden burn @ Greenford Farm,56.55409349771759,-2.7087453156770502,08b200000de426ac0000,296.0,0.0,3.56,99.0,0
2023-01-28 05:06:49.045029+00:00,70B3D54991EB3BA5,ECHO #2,Echo,Crossden burn @ Greenford Farm,56.55409349771759,-2.7087453156770502,08b100000dd026ac0000,297.0,0.0,3.54,99.0,0
2023-01-28 05:22:33.291067+00:00,70B3D54991EB3BA5,ECHO #2,Echo,Crossden burn @ Greenford Farm,56.55409349771759,-2.7087453156770502,08b400000dcc26ac0000,294.0,0.0,3.53,99.0,0
2023-01-28 05:38:18.326748+00:00,70B3D54991EB3BA5,ECHO #2,Echo,Crossden burn @ Greenford Farm,56.55409349771759,-2.7087453156770502,08b000000db426ac0000,298.0,0.0,3.51,99.0,0
2023-01-28 05:54:03.931961+00:00,70B3D54991EB3BA5,ECHO #2,Echo,Crossden burn @ Greenford Farm,56.55409349771759,-2.7087453156770502,08b400000dc826ac0000,294.0,0.0,3.53,99.0,0
2023-01-28 06:09:48.112536+00:00,70B3D54991EB3BA5,ECHO #2,Echo,Crossden burn @ Greenford Farm,56.55409349771759,-2.7087453156770502,08b300000dac26ac0000,295.0,0.0,3.5,99.0,0
2023-01-28 06:25:34.890081+00:00,70B3D54991EB3BA5,ECHO #2,Echo,Crossden burn @ Greenford Farm,56.55409349771759,-2.7087453156770502,08b000000de826ac0000,298.0,0.0,3.56,99.0,0
2023-01-28 06:41:19.134339+00:00,70B3D54991EB3BA5,ECHO #2,Echo,Crossden burn @ Greenford Farm,56.55409349771759,-2.7087453156770502,08b200000d9c26ac0000,296.0,0.0,3.48,99.0,0
2023-01-28 06:57:03.087185+00:00,70B3D54991EB3BA5,ECHO #2,Echo,Crossden burn @ Greenford Farm,56.55409349771759,-2.7087453156770502,08af00000d9026ac0000,299.0,0.0,3.47,99.0,0
2023-01-28 07:12:47.534711+00:00,70B3D54991EB3BA5,ECHO #2,Echo,Crossden burn @ Greenford Farm,56.55409349771759,-2.7087453156770502,08b100000dc426ac0000,297.0,0.0,3.52,99.0,0
2023-01-28 07:28:31.550443+00:00,70B3D54991EB3BA5,ECHO #2,Echo,Crossden burn @ Greenford Farm,56.55409349771759,-2.7087453156770502,08b300000dd426ac0000,295.0,0.0,3.54,99.0,0
2023-01-28 07:44:15.835531+00:00,70B3D54991EB3BA5,ECHO #2,Echo,Crossden burn @ Greenford Farm,56.55409349771759,-2.7087453156770502,08b200000db426ac0000,296.0,0.0,3.51,99.0,0
2023-01-28 08:00:00.176133+00:00,70B3D54991EB3BA5,ECHO #2,Echo,Crossden burn @ Greenford Farm,56.55409349771759,-2.7087453156770502,08b100000db026ac0000,297.0,0.0,3.5,99.0,0
2023-01-28 08:15:43.650371+00:00,70B3D54991EB3BA5,ECHO #2,Echo,Crossden burn @ Greenford Farm,56.55409349771759,-2.7087453156770502,08b000000dcc26ac0000,298.0,0.0,3.53,99.0,0
2023-01-28 08:31:29.743343+00:00,70B3D54991EB3BA5,ECHO #2,Echo,Crossden burn @ Greenford Farm,56.55409349771759,-2.7087453156770502,08b300000de426ac0000,295.0,0.0,3.56,99.0,0
2023-01-28 09:02:58.127434+00:00,70B3D54991EB3BA5,ECHO #2,Echo,Crossden burn @ Greenford Farm,56.55409349771759,-2.7087453156770502,08b500000da426ac0000,293.0,0.0,3.49,99.0,0
2023-01-28 09:18:43.464968+00:00,70B3D54991EB3BA5,ECHO #2,Echo,Crossden burn @ Greenford Farm,56.55409349771759,-2.7087453156770502,08b200000dd026ac0000,296.0,0.0,3.54,99.0,0
2023-01-28 09:34:29.532134+00:00,70B3D54991EB3BA5,ECHO #2,Echo,Crossden burn @ Greenford Farm,56.55409349771759,-2.7087453156770502,08b200000d9026ac0000,296.0,0.0,3.47,99.0,0
2023-01-28 10:21:45.724847+00:00,70B3D54991EB3BA5,ECHO #2,Echo,Crossden burn @ Greenford Farm,56.55409349771759,-2.7087453156770502,08b600000df026ac0000,292.0,0.0,3.57,99.0,0
2023-01-28 10:37:29.859746+00:00,70B3D54991EB3BA5,ECHO #2,Echo,Crossden burn @ Greenford Farm,56.55409349771759,-2.7087453156770502,08b300000d7826ac0000,295.0,0.0,3.45,99.0,0
2023-01-28 10:53:14.842762+00:00,70B3D54991EB3BA5,ECHO #2,Echo,Crossden burn @ Greenford Farm,56.55409349771759,-2.7087453156770502,08b200000e0826ac0000,296.0,0.0,3.59,99.0,0
2023-01-28 11:09:00.532035+00:00,70B3D54991EB3BA5,ECHO #2,Echo,Crossden burn @ Greenford Farm,56.55409349771759,-2.7087453156770502,08b600000dcc26ac0000,292.0,0.0,3.53,99.0,0
2023-01-28 11:24:46.327563+00:00,70B3D54991EB3BA5,ECHO #2,Echo,Crossden burn @ Greenford Farm,56.55409349771759,-2.7087453156770502,08b700000d8c26ac0000,291.0,0.0,3.47,99.0,0
2023-01-28 11:40:32.678649+00:00,70B3D54991EB3BA5,ECHO #2,Echo,Crossden burn @ Greenford Farm,56.55409349771759,-2.7087453156770502,08b800000d9c26ac0000,290.0,0.0,3.48,99.0,0
2023-01-28 11:56:24.221663+00:00,70B3D54991EB3BA5,ECHO #2,Echo,Crossden burn @ Greenford Farm,56.55409349771759,-2.7087453156770502,08bd00000d9426ac0000,285.0,0.0,3.48,99.0,0
2023-01-28 12:12:12.960628+00:00,70B3D54991EB3BA5,ECHO #2,Echo,Crossden burn @ Greenford Farm,56.55409349771759,-2.7087453156770502,08c300000dc426ac0000,279.0,0.0,3.52,99.0,0
2023-01-28 12:27:57.338676+00:00,70B3D54991EB3BA5,ECHO #2,Echo,Crossden burn @ Greenford Farm,56.55409349771759,-2.7087453156770502,08c500000e0426ac0000,277.0,0.0,3.59,99.0,0
2023-01-28 12:59:26.541601+00:00,70B3D54991EB3BA5,ECHO #2,Echo,Crossden burn @ Greenford Farm,56.55409349771759,-2.7087453156770502,08c500000e0c26ac0000,277.0,0.0,3.6,99.0,0
2023-01-28 13:15:09.598332+00:00,70B3D54991EB3BA5,ECHO #2,Echo,Crossden burn @ Greenford Farm,56.55409349771759,-2.7087453156770502,08c300000dfc26ac0000,279.0,0.0,3.58,99.0,0
2023-01-28 13:30:55.138747+00:00,70B3D54991EB3BA5,ECHO #2,Echo,Crossden burn @ Greenford Farm,56.55409349771759,-2.7087453156770502,08bf00000e0426ac0000,283.0,0.0,3.59,99.0,0
2023-01-28 13:46:39.285970+00:00,70B3D54991EB3BA5,ECHO #2,Echo,Crossden burn @ Greenford Farm,56.55409349771759,-2.7087453156770502,08c200000e0426ac0000,280.0,0.0,3.59,99.0,0
2023-01-28 14:02:23.165691+00:00,70B3D54991EB3BA5,ECHO #2,Echo,Crossden burn @ Greenford Farm,56.55409349771759,-2.7087453156770502,08be00000dd826ac0000,284.0,0.0,3.54,99.0,0
2023-01-28 14:18:06.619983+00:00,70B3D54991EB3BA5,ECHO #2,Echo,Crossden burn @ Greenford Farm,56.55409349771759,-2.7087453156770502,08bd00000dc826ac0000,285.0,0.0,3.53,99.0,0
2023-01-28 14:33:52.780476+00:00,70B3D54991EB3BA5,ECHO #2,Echo,Crossden burn @ Greenford Farm,56.55409349771759,-2.7087453156770502,08bb00000df826ac0000,287.0,0.0,3.58,99.0,0
2023-01-28 14:49:39.374512+00:00,70B3D54991EB3BA5,ECHO #2,Echo,Crossden burn @ Greenford Farm,56.55409349771759,-2.7087453156770502,08b300000dd826ac0000,295.0,0.0,3.54,99.0,0
2023-01-28 15:05:22.932220+00:00,70B3D54991EB3BA5,ECHO #2,Echo,Crossden burn @ Greenford Farm,56.55409349771759,-2.7087453156770502,08b500000d8826ac0000,293.0,0.0,3.46,99.0,0
2023-01-28 15:21:06.560067+00:00,70B3D54991EB3BA5,ECHO #2,Echo,Crossden burn @ Greenford Farm,56.55409349771759,-2.7087453156770502,08b600000df426ac0000,292.0,0.0,3.57,99.0,0
2023-01-28 15:36:50.433436+00:00,70B3D54991EB3BA5,ECHO #2,Echo,Crossden burn @ Greenford Farm,56.55409349771759,-2.7087453156770502,08b400000df026ac0000,294.0,0.0,3.57,99.0,0
2023-01-28 15:52:34.002311+00:00,70B3D54991EB3BA5,ECHO #2,Echo,Crossden burn @ Greenford Farm,56.55409349771759,-2.7087453156770502,08b800000d8826ac0000,290.0,0.0,3.46,99.0,0
2023-01-28 16:08:16.745245+00:00,70B3D54991EB3BA5,ECHO #2,Echo,Crossden burn @ Greenford Farm,56.55409349771759,-2.7087453156770502,08b500000dc426ac0000,293.0,0.0,3.52,99.0,0
2023-01-28 16:23:59.970102+00:00,70B3D54991EB3BA5,ECHO #2,Echo,Crossden burn @ Greenford Farm,56.55409349771759,-2.7087453156770502,08b400000de826ac0000,294.0,0.0,3.56,99.0,0
2023-01-28 16:39:42.938750+00:00,70B3D54991EB3BA5,ECHO #2,Echo,Crossden burn @ Greenford Farm,56.55409349771759,-2.7087453156770502,08b300000d7426ac0000,295.0,0.0,3.44,99.0,0
2023-01-28 16:55:26.511472+00:00,70B3D54991EB3BA5,ECHO #2,Echo,Crossden burn @ Greenford Farm,56.55409349771759,-2.7087453156770502,08b500000d7426ac0000,293.0,0.0,3.44,99.0,0
2023-01-28 17:11:09.977843+00:00,70B3D54991EB3BA5,ECHO #2,Echo,Crossden burn @ Greenford Farm,56.55409349771759,-2.7087453156770502,08b600000d6c26ac0000,292.0,0.0,3.44,99.0,0
2023-01-28 17:26:52.395567+00:00,70B3D54991EB3BA5,ECHO #2,Echo,Crossden burn @ Greenford Farm,56.55409349771759,-2.7087453156770502,08b600000da026ac0000,292.0,0.0,3.49,99.0,0
2023-01-28 17:42:36.236402+00:00,70B3D54991EB3BA5,ECHO #2,Echo,Crossden burn @ Greenford Farm,56.55409349771759,-2.7087453156770502,08b300000d8026ac0000,295.0,0.0,3.46,99.0,0
2023-01-28 17:58:22.485930+00:00,70B3D54991EB3BA5,ECHO #2,Echo,Crossden burn @ Greenford Farm,56.55409349771759,-2.7087453156770502,08b600000dd426ac0000,292.0,0.0,3.54,99.0,0
2023-01-28 18:14:06.018973+00:00,70B3D54991EB3BA5,ECHO #2,Echo,Crossden burn @ Greenford Farm,56.55409349771759,-2.7087453156770502,08b700000d8026ac0000,291.0,0.0,3.46,99.0,0
2023-01-28 18:29:49.611666+00:00,70B3D54991EB3BA5,ECHO #2,Echo,Crossden burn @ Greenford Farm,56.55409349771759,-2.7087453156770502,08ba00000da026ac0000,288.0,0.0,3.49,99.0,0
2023-01-28 18:45:33.020020+00:00,70B3D54991EB3BA5,ECHO #2,Echo,Crossden burn @ Greenford Farm,56.55409349771759,-2.7087453156770502,08b600000d8026ac0000,292.0,0.0,3.46,99.0,0
2023-01-28 19:01:19.709524+00:00,70B3D54991EB3BA5,ECHO #2,Echo,Crossden burn @ Greenford Farm,56.55409349771759,-2.7087453156770502,08ac00000d7426ac0000,302.0,0.0,3.44,99.0,0
2023-01-28 19:17:07.048266+00:00,70B3D54991EB3BA5,ECHO #2,Echo,Crossden burn @ Greenford Farm,56.55409349771759,-2.7087453156770502,08b600000db026ac0000,292.0,0.0,3.5,99.0,0
2023-01-28 19:32:53.135125+00:00,70B3D54991EB3BA5,ECHO #2,Echo,Crossden burn @ Greenford Farm,56.55409349771759,-2.7087453156770502,08af00000dcc26ac0000,299.0,0.0,3.53,99.0,0
2023-01-28 19:48:39.420775+00:00,70B3D54991EB3BA5,ECHO #2,Echo,Crossden burn @ Greenford Farm,56.55409349771759,-2.7087453156770502,08b100000da426ac0000,297.0,0.0,3.49,99.0,0
2023-01-28 20:04:23.381707+00:00,70B3D54991EB3BA5,ECHO #2,Echo,Crossden burn @ Greenford Farm,56.55409349771759,-2.7087453156770502,08b300000d9c26ac0000,295.0,0.0,3.48,99.0,0
2023-01-28 20:20:07.788853+00:00,70B3D54991EB3BA5,ECHO #2,Echo,Crossden burn @ Greenford Farm,56.55409349771759,-2.7087453156770502,08b200000de026ac0000,296.0,0.0,3.55,99.0,0
2023-01-28 20:35:54.874760+00:00,70B3D54991EB3BA5,ECHO #2,Echo,Crossden burn @ Greenford Farm,56.55409349771759,-2.7087453156770502,08b000000d9026ac0000,298.0,0.0,3.47,99.0,0
2023-01-28 20:51:38.442067+00:00,70B3D54991EB3BA5,ECHO #2,Echo,Crossden burn @ Greenford Farm,56.55409349771759,-2.7087453156770502,08b200000db426ac0000,296.0,0.0,3.51,99.0,0
2023-01-28 21:07:22.389444+00:00,70B3D54991EB3BA5,ECHO #2,Echo,Crossden burn @ Greenford Farm,56.55409349771759,-2.7087453156770502,08b200000d7426ac0000,296.0,0.0,3.44,99.0,0
2023-01-28 21:23:08.519993+00:00,70B3D54991EB3BA5,ECHO #2,Echo,Crossden burn @ Greenford Farm,56.55409349771759,-2.7087453156770502,08b000000da426ac0000,298.0,0.0,3.49,99.0,0
2023-01-28 21:38:52.558913+00:00,70B3D54991EB3BA5,ECHO #2,Echo,Crossden burn @ Greenford Farm,56.55409349771759,-2.7087453156770502,08b000000d8c26ac0000,298.0,0.0,3.47,99.0,0
2023-01-28 21:54:36.496772+00:00,70B3D54991EB3BA5,ECHO #2,Echo,Crossden burn @ Greenford Farm,56.55409349771759,-2.7087453156770502,08b000000dc826ac0000,298.0,0.0,3.53,99.0,0
2023-01-28 22:10:20.450089+00:00,70B3D54991EB3BA5,ECHO #2,Echo,Crossden burn @ Greenford Farm,56.55409349771759,-2.7087453156770502,08b300000d7426ac0000,295.0,0.0,3.44,99.0,0
2023-01-28 22:26:04.107272+00:00,70B3D54991EB3BA5,ECHO #2,Echo,Crossden burn @ Greenford Farm,56.55409349771759,-2.7087453156770502,08b300000dec26ac0000,295.0,0.0,3.56,99.0,0
2023-01-28 22:41:49.108232+00:00,70B3D54991EB3BA5,ECHO #2,Echo,Crossden burn @ Greenford Farm,56.55409349771759,-2.7087453156770502,08b000000dd426ac0000,298.0,0.0,3.54,99.0,0
2023-01-28 22:57:32.287513+00:00,70B3D54991EB3BA5,ECHO #2,Echo,Crossden burn @ Greenford Farm,56.55409349771759,-2.7087453156770502,08b200000da026ac0000,296.0,0.0,3.49,99.0,0
2023-01-28 23:13:17.154201+00:00,70B3D54991EB3BA5,ECHO #2,Echo,Crossden burn @ Greenford Farm,56.55409349771759,-2.7087453156770502,08af00000da426ac0000,299.0,0.0,3.49,99.0,0
2023-01-28 23:29:01.309610+00:00,70B3D54991EB3BA5,ECHO #2,Echo,Crossden burn @ Greenford Farm,56.55409349771759,-2.7087453156770502,08b000000dcc26ac0000,298.0,0.0,3.53,99.0,0
2023-01-28 23:44:46.318688+00:00,70B3D54991EB3BA5,ECHO #2,Echo,Crossden burn @ Greenford Farm,56.55409349771759,-2.7087453156770502,08b200000d9826ac0000,296.0,0.0,3.48,99.0,0
2023-01-29 00:00:30.065633+00:00,70B3D54991EB3BA5,ECHO #2,Echo,Crossden burn @ Greenford Farm,56.55409349771759,-2.7087453156770502,08ae00000dec26ac0000,300.0,0.0,3.56,99.0,0
2023-01-29 00:16:14.430506+00:00,70B3D54991EB3BA5,ECHO #2,Echo,Crossden burn @ Greenford Farm,56.55409349771759,-2.7087453156770502,08ae00000dc026ac0000,300.0,0.0,3.52,99.0,0
2023-01-29 00:31:59.026309+00:00,70B3D54991EB3BA5,ECHO #2,Echo,Crossden burn @ Greenford Farm,56.55409349771759,-2.7087453156770502,08af00000dec26ac0000,299.0,0.0,3.56,99.0,0
2023-01-29 00:47:43.850584+00:00,70B3D54991EB3BA5,ECHO #2,Echo,Crossden burn @ Greenford Farm,56.55409349771759,-2.7087453156770502,08af00000dec26ac0000,299.0,0.0,3.56,99.0,0
2023-01-29 01:03:27.950740+00:00,70B3D54991EB3BA5,ECHO #2,Echo,Crossden burn @ Greenford Farm,56.55409349771759,-2.7087453156770502,08b000000d9026ac0000,298.0,0.0,3.47,99.0,0
2023-01-29 01:19:12.022878+00:00,70B3D54991EB3BA5,ECHO #2,Echo,Crossden burn @ Greenford Farm,56.55409349771759,-2.7087453156770502,08b200000d8826ac0000,296.0,0.0,3.46,99.0,0
2023-01-29 01:34:56.553835+00:00,70B3D54991EB3BA5,ECHO #2,Echo,Crossden burn @ Greenford Farm,56.55409349771759,-2.7087453156770502,08b200000d6026ac0000,296.0,0.0,3.42,99.0,0
2023-01-29 01:50:43.201407+00:00,70B3D54991EB3BA5,ECHO #2,Echo,Crossden burn @ Greenford Farm,56.55409349771759,-2.7087453156770502,08b300000db426ac0000,295.0,0.0,3.51,99.0,0
2023-01-29 02:06:28.118322+00:00,70B3D54991EB3BA5,ECHO #2,Echo,Crossden burn @ Greenford Farm,56.55409349771759,-2.7087453156770502,08b000000dcc26ac0000,298.0,0.0,3.53,99.0,0
2023-01-29 02:22:12.758625+00:00,70B3D54991EB3BA5,ECHO #2,Echo,Crossden burn @ Greenford Farm,56.55409349771759,-2.7087453156770502,08b300000dd826ac0000,295.0,0.0,3.54,99.0,0
2023-01-29 02:37:56.935206+00:00,70B3D54991EB3BA5,ECHO #2,Echo,Crossden burn @ Greenford Farm,56.55409349771759,-2.7087453156770502,08af00000da426ac0000,299.0,0.0,3.49,99.0,0
2023-01-29 02:53:40.956936+00:00,70B3D54991EB3BA5,ECHO #2,Echo,Crossden burn @ Greenford Farm,56.55409349771759,-2.7087453156770502,08af00000de426ac0000,299.0,0.0,3.56,99.0,0
2023-01-29 03:09:25.783526+00:00,70B3D54991EB3BA5,ECHO #2,Echo,Crossden burn @ Greenford Farm,56.55409349771759,-2.7087453156770502,08b000000db426ac0000,298.0,0.0,3.51,99.0,0
2023-01-29 03:40:54.462580+00:00,70B3D54991EB3BA5,ECHO #2,Echo,Crossden burn @ Greenford Farm,56.55409349771759,-2.7087453156770502,08b100000df426ac0000,297.0,0.0,3.57,99.0,0
2023-01-29 03:56:37.845420+00:00,70B3D54991EB3BA5,ECHO #2,Echo,Crossden burn @ Greenford Farm,56.55409349771759,-2.7087453156770502,08b000000de026ac0000,298.0,0.0,3.55,99.0,0
2023-01-29 04:12:23.054807+00:00,70B3D54991EB3BA5,ECHO #2,Echo,Crossden burn @ Greenford Farm,56.55409349771759,-2.7087453156770502,08b000000de426ac0000,298.0,0.0,3.56,99.0,0
2023-01-29 04:28:06.270709+00:00,70B3D54991EB3BA5,ECHO #2,Echo,Crossden burn @ Greenford Farm,56.55409349771759,-2.7087453156770502,08ae00000da826ac0000,300.0,0.0,3.5,99.0,0
2023-01-29 04:43:50.604028+00:00,70B3D54991EB3BA5,ECHO #2,Echo,Crossden burn @ Greenford Farm,56.55409349771759,-2.7087453156770502,08b100000da426ac0000,297.0,0.0,3.49,99.0,0
2023-01-29 04:59:36.205159+00:00,70B3D54991EB3BA5,ECHO #2,Echo,Crossden burn @ Greenford Farm,56.55409349771759,-2.7087453156770502,08b000000da426ac0000,298.0,0.0,3.49,99.0,0
2023-01-29 05:15:22.417080+00:00,70B3D54991EB3BA5,ECHO #2,Echo,Crossden burn @ Greenford Farm,56.55409349771759,-2.7087453156770502,08b000000d8826ac0000,298.0,0.0,3.46,99.0,0
2023-01-29 05:31:06.879666+00:00,70B3D54991EB3BA5,ECHO #2,Echo,Crossden burn @ Greenford Farm,56.55409349771759,-2.7087453156770502,08b400000de426ac0000,294.0,0.0,3.56,99.0,0
2023-01-29 05:46:53.909963+00:00,70B3D54991EB3BA5,ECHO #2,Echo,Crossden burn @ Greenford Farm,56.55409349771759,-2.7087453156770502,08ae00000dd026ac0000,300.0,0.0,3.54,99.0,0
2023-01-29 06:02:38.572073+00:00,70B3D54991EB3BA5,ECHO #2,Echo,Crossden burn @ Greenford Farm,56.55409349771759,-2.7087453156770502,08b100000dcc26ac0000,297.0,0.0,3.53,99.0,0
2023-01-29 06:18:22.919908+00:00,70B3D54991EB3BA5,ECHO #2,Echo,Crossden burn @ Greenford Farm,56.55409349771759,-2.7087453156770502,08b000000dcc26ac0000,298.0,0.0,3.53,99.0,0
2023-01-29 06:34:07.512151+00:00,70B3D54991EB3BA5,ECHO #2,Echo,Crossden burn @ Greenford Farm,56.55409349771759,-2.7087453156770502,08b300000dc426ac0000,295.0,0.0,3.52,99.0,0
2023-01-29 06:49:51.925428+00:00,70B3D54991EB3BA5,ECHO #2,Echo,Crossden burn @ Greenford Farm,56.55409349771759,-2.7087453156770502,08af00000dd026ac0000,299.0,0.0,3.54,99.0,0
2023-01-29 07:05:36.502844+00:00,70B3D54991EB3BA5,ECHO #2,Echo,Crossden burn @ Greenford Farm,56.55409349771759,-2.7087453156770502,08ae00000dcc26ac0000,300.0,0.0,3.53,99.0,0
2023-01-29 07:21:19.455199+00:00,70B3D54991EB3BA5,ECHO #2,Echo,Crossden burn @ Greenford Farm,56.55409349771759,-2.7087453156770502,08b200000dac26ac0000,296.0,0.0,3.5,99.0,0
2023-01-29 07:37:05.126386+00:00,70B3D54991EB3BA5,ECHO #2,Echo,Crossden burn @ Greenford Farm,56.55409349771759,-2.7087453156770502,08b100000da426ac0000,297.0,0.0,3.49,99.0,0
2023-01-29 07:52:49.760346+00:00,70B3D54991EB3BA5,ECHO #2,Echo,Crossden burn @ Greenford Farm,56.55409349771759,-2.7087453156770502,08ae00000d6c26ac0000,300.0,0.0,3.44,99.0,0
2023-01-29 08:08:34.415915+00:00,70B3D54991EB3BA5,ECHO #2,Echo,Crossden burn @ Greenford Farm,56.55409349771759,-2.7087453156770502,08ae00000d9c26ac0000,300.0,0.0,3.48,99.0,0
2023-01-29 08:24:18.507608+00:00,70B3D54991EB3BA5,ECHO #2,Echo,Crossden burn @ Greenford Farm,56.55409349771759,-2.7087453156770502,08ad00000d8026ac0000,301.0,0.0,3.46,99.0,0
2023-01-29 08:40:03.067340+00:00,70B3D54991EB3BA5,ECHO #2,Echo,Crossden burn @ Greenford Farm,56.55409349771759,-2.7087453156770502,08ae00000d7c26ac0000,300.0,0.0,3.45,99.0,0
2023-01-29 08:55:47.550489+00:00,70B3D54991EB3BA5,ECHO #2,Echo,Crossden burn @ Greenford Farm,56.55409349771759,-2.7087453156770502,08af00000d7826ac0000,299.0,0.0,3.45,99.0,0
2023-01-29 09:11:32.191905+00:00,70B3D54991EB3BA5,ECHO #2,Echo,Crossden burn @ Greenford Farm,56.55409349771759,-2.7087453156770502,08ad00000d9026ac0000,301.0,0.0,3.47,99.0,0
2023-01-29 09:27:16.571559+00:00,70B3D54991EB3BA5,ECHO #2,Echo,Crossden burn @ Greenford Farm,56.55409349771759,-2.7087453156770502,08ae00000db426ac0000,300.0,0.0,3.51,99.0,0
2023-01-29 09:43:00.992199+00:00,70B3D54991EB3BA5,ECHO #2,Echo,Crossden burn @ Greenford Farm,56.55409349771759,-2.7087453156770502,08af00000dd426ac0000,299.0,0.0,3.54,99.0,0
2023-01-29 09:58:45.415437+00:00,70B3D54991EB3BA5,ECHO #2,Echo,Crossden burn @ Greenford Farm,56.55409349771759,-2.7087453156770502,08af00000dcc26ac0000,299.0,0.0,3.53,99.0,0
2023-01-29 10:14:29.789761+00:00,70B3D54991EB3BA5,ECHO #2,Echo,Crossden burn @ Greenford Farm,56.55409349771759,-2.7087453156770502,08ae00000dfc26ac0000,300.0,0.0,3.58,99.0,0
2023-01-29 10:30:14.336752+00:00,70B3D54991EB3BA5,ECHO #2,Echo,Crossden burn @ Greenford Farm,56.55409349771759,-2.7087453156770502,08b100000d8026ac0000,297.0,0.0,3.46,99.0,0
2023-01-29 10:45:59.095590+00:00,70B3D54991EB3BA5,ECHO #2,Echo,Crossden burn @ Greenford Farm,56.55409349771759,-2.7087453156770502,08af00000db026ac0000,299.0,0.0,3.5,99.0,0
2023-01-29 11:01:43.609344+00:00,70B3D54991EB3BA5,ECHO #2,Echo,Crossden burn @ Greenford Farm,56.55409349771759,-2.7087453156770502,08ae00000d8826ac0000,300.0,0.0,3.46,99.0,0
2023-01-29 11:33:15.174618+00:00,70B3D54991EB3BA5,ECHO #2,Echo,Crossden burn @ Greenford Farm,56.55409349771759,-2.7087453156770502,08b100000d9426ac0000,297.0,0.0,3.48,99.0,0
2023-01-29 11:49:01.444748+00:00,70B3D54991EB3BA5,ECHO #2,Echo,Crossden burn @ Greenford Farm,56.55409349771759,-2.7087453156770502,08b000000dc026ac0000,298.0,0.0,3.52,99.0,0
2023-01-29 12:04:47.454619+00:00,70B3D54991EB3BA5,ECHO #2,Echo,Crossden burn @ Greenford Farm,56.55409349771759,-2.7087453156770502,08af00000df026ac0000,299.0,0.0,3.57,99.0,0
2023-01-29 12:20:33.522975+00:00,70B3D54991EB3BA5,ECHO #2,Echo,Crossden burn @ Greenford Farm,56.55409349771759,-2.7087453156770502,08b100000e0426ac0000,297.0,0.0,3.59,99.0,0
2023-01-29 12:36:18.817250+00:00,70B3D54991EB3BA5,ECHO #2,Echo,Crossden burn @ Greenford Farm,56.55409349771759,-2.7087453156770502,08b500000e0c26ac0000,293.0,0.0,3.6,99.0,0
2023-01-29 12:52:01.529247+00:00,70B3D54991EB3BA5,ECHO #2,Echo,Crossden burn @ Greenford Farm,56.55409349771759,-2.7087453156770502,08b300000da026ac0000,295.0,0.0,3.49,99.0,0
2023-01-29 13:07:46.198321+00:00,70B3D54991EB3BA5,ECHO #2,Echo,Crossden burn @ Greenford Farm,56.55409349771759,-2.7087453156770502,08b400000d9826ac0000,294.0,0.0,3.48,99.0,0
2023-01-29 13:23:29.876126+00:00,70B3D54991EB3BA5,ECHO #2,Echo,Crossden burn @ Greenford Farm,56.55409349771759,-2.7087453156770502,08b600000da826ac0000,292.0,0.0,3.5,99.0,0
2023-01-29 13:54:55.087443+00:00,70B3D54991EB3BA5,ECHO #2,Echo,Crossden burn @ Greenford Farm,56.55409349771759,-2.7087453156770502,08b100000ddc26ac0000,297.0,0.0,3.55,99.0,0
2023-01-29 14:10:38.371498+00:00,70B3D54991EB3BA5,ECHO #2,Echo,Crossden burn @ Greenford Farm,56.55409349771759,-2.7087453156770502,08af00000de026ac0000,299.0,0.0,3.55,99.0,0
2023-01-29 14:26:22.689521+00:00,70B3D54991EB3BA5,ECHO #2,Echo,Crossden burn @ Greenford Farm,56.55409349771759,-2.7087453156770502,08ad00000ddc26ac0000,301.0,0.0,3.55,99.0,0
2023-01-29 14:42:07.041354+00:00,70B3D54991EB3BA5,ECHO #2,Echo,Crossden burn @ Greenford Farm,56.55409349771759,-2.7087453156770502,08ad00000de826ac0000,301.0,0.0,3.56,99.0,0
2023-01-29 14:57:51.744285+00:00,70B3D54991EB3BA5,ECHO #2,Echo,Crossden burn @ Greenford Farm,56.55409349771759,-2.7087453156770502,08b000000dc026ac0000,298.0,0.0,3.52,99.0,0
2023-01-29 15:13:35.968231+00:00,70B3D54991EB3BA5,ECHO #2,Echo,Crossden burn @ Greenford Farm,56.55409349771759,-2.7087453156770502,08b000000d8c26ac0000,298.0,0.0,3.47,99.0,0
2023-01-29 15:45:03.918876+00:00,70B3D54991EB3BA5,ECHO #2,Echo,Crossden burn @ Greenford Farm,56.55409349771759,-2.7087453156770502,08ac00000df026ac0000,302.0,0.0,3.57,99.0,0
2023-01-29 16:00:47.720099+00:00,70B3D54991EB3BA5,ECHO #2,Echo,Crossden burn @ Greenford Farm,56.55409349771759,-2.7087453156770502,08ab00000dd826ac0000,303.0,0.0,3.54,99.0,0
2023-01-29 16:16:31.882682+00:00,70B3D54991EB3BA5,ECHO #2,Echo,Crossden burn @ Greenford Farm,56.55409349771759,-2.7087453156770502,08ac00000dc026ac0000,302.0,0.0,3.52,99.0,0
2023-01-29 16:32:16.643105+00:00,70B3D54991EB3BA5,ECHO #2,Echo,Crossden burn @ Greenford Farm,56.55409349771759,-2.7087453156770502,08ae00000d8826ac0000,300.0,0.0,3.46,99.0,0
2023-01-29 16:48:00.534503+00:00,70B3D54991EB3BA5,ECHO #2,Echo,Crossden burn @ Greenford Farm,56.55409349771759,-2.7087453156770502,08ac00000de426ac0000,302.0,0.0,3.56,99.0,0
2023-01-29 17:03:44.753133+00:00,70B3D54991EB3BA5,ECHO #2,Echo,Crossden burn @ Greenford Farm,56.55409349771759,-2.7087453156770502,08af00000dc426ac0000,299.0,0.0,3.52,99.0,0
2023-01-29 17:19:28.728803+00:00,70B3D54991EB3BA5,ECHO #2,Echo,Crossden burn @ Greenford Farm,56.55409349771759,-2.7087453156770502,08ad00000d8426ac0000,301.0,0.0,3.46,99.0,0
2023-01-29 17:35:12.423760+00:00,70B3D54991EB3BA5,ECHO #2,Echo,Crossden burn @ Greenford Farm,56.55409349771759,-2.7087453156770502,08ae00000da426ac0000,300.0,0.0,3.49,99.0,0
2023-01-29 17:50:56.126582+00:00,70B3D54991EB3BA5,ECHO #2,Echo,Crossden burn @ Greenford Farm,56.55409349771759,-2.7087453156770502,08af00000ddc26ac0000,299.0,0.0,3.55,99.0,0
2023-01-29 18:06:40.252091+00:00,70B3D54991EB3BA5,ECHO #2,Echo,Crossden burn @ Greenford Farm,56.55409349771759,-2.7087453156770502,08af00000d8c26ac0000,299.0,0.0,3.47,99.0,0
2023-01-29 18:22:23.169219+00:00,70B3D54991EB3BA5,ECHO #2,Echo,Crossden burn @ Greenford Farm,56.55409349771759,-2.7087453156770502,08ae00000dd826ac0000,300.0,0.0,3.54,99.0,0
2023-01-29 18:38:06.981824+00:00,70B3D54991EB3BA5,ECHO #2,Echo,Crossden burn @ Greenford Farm,56.55409349771759,-2.7087453156770502,08b000000da026ac0000,298.0,0.0,3.49,99.0,0
2023-01-29 18:53:50.605649+00:00,70B3D54991EB3BA5,ECHO #2,Echo,Crossden burn @ Greenford Farm,56.55409349771759,-2.7087453156770502,08b200000d9c26ac0000,296.0,0.0,3.48,99.0,0
2023-01-29 19:09:33.719785+00:00,70B3D54991EB3BA5,ECHO #2,Echo,Crossden burn @ Greenford Farm,56.55409349771759,-2.7087453156770502,08b300000ddc26ac0000,295.0,0.0,3.55,99.0,0
2023-01-29 19:25:19.612573+00:00,70B3D54991EB3BA5,ECHO #2,Echo,Crossden burn @ Greenford Farm,56.55409349771759,-2.7087453156770502,08b000000da426ac0000,298.0,0.0,3.49,99.0,0
2023-01-29 19:41:04.153326+00:00,70B3D54991EB3BA5,ECHO #2,Echo,Crossden burn @ Greenford Farm,56.55409349771759,-2.7087453156770502,08ae00000dcc26ac0000,300.0,0.0,3.53,99.0,0
2023-01-29 19:56:47.784772+00:00,70B3D54991EB3BA5,ECHO #2,Echo,Crossden burn @ Greenford Farm,56.55409349771759,-2.7087453156770502,08b100000d9c26ac0000,297.0,0.0,3.48,99.0,0
2023-01-29 20:12:31.913274+00:00,70B3D54991EB3BA5,ECHO #2,Echo,Crossden burn @ Greenford Farm,56.55409349771759,-2.7087453156770502,08af00000d7c26ac0000,299.0,0.0,3.45,99.0,0
2023-01-29 20:28:16.113374+00:00,70B3D54991EB3BA5,ECHO #2,Echo,Crossden burn @ Greenford Farm,56.55409349771759,-2.7087453156770502,08b100000d7826ac0000,297.0,0.0,3.45,99.0,0
2023-01-29 20:44:00.248358+00:00,70B3D54991EB3BA5,ECHO #2,Echo,Crossden burn @ Greenford Farm,56.55409349771759,-2.7087453156770502,08b300000dc826ac0000,295.0,0.0,3.53,99.0,0
2023-01-29 20:59:44.436067+00:00,70B3D54991EB3BA5,ECHO #2,Echo,Crossden burn @ Greenford Farm,56.55409349771759,-2.7087453156770502,08b200000db426ac0000,296.0,0.0,3.51,99.0,0
2023-01-29 21:15:26.872564+00:00,70B3D54991EB3BA5,ECHO #2,Echo,Crossden burn @ Greenford Farm,56.55409349771759,-2.7087453156770502,08b500000df426ac0000,293.0,0.0,3.57,99.0,0
2023-01-29 21:31:11.467463+00:00,70B3D54991EB3BA5,ECHO #2,Echo,Crossden burn @ Greenford Farm,56.55409349771759,-2.7087453156770502,08b200000db026ac0000,296.0,0.0,3.5,99.0,0
2023-01-29 21:46:55.346310+00:00,70B3D54991EB3BA5,ECHO #2,Echo,Crossden burn @ Greenford Farm,56.55409349771759,-2.7087453156770502,08b200000dcc26ac0000,296.0,0.0,3.53,99.0,0
2023-01-29 22:02:39.761645+00:00,70B3D54991EB3BA5,ECHO #2,Echo,Crossden burn @ Greenford Farm,56.55409349771759,-2.7087453156770502,08b200000dc826ac0000,296.0,0.0,3.53,99.0,0
2023-01-29 22:18:24.187618+00:00,70B3D54991EB3BA5,ECHO #2,Echo,Crossden burn @ Greenford Farm,56.55409349771759,-2.7087453156770502,08b400000d9026ac0000,294.0,0.0,3.47,99.0,0
2023-01-29 22:34:07.934220+00:00,70B3D54991EB3BA5,ECHO #2,Echo,Crossden burn @ Greenford Farm,56.55409349771759,-2.7087453156770502,08b300000da026ac0000,295.0,0.0,3.49,99.0,0
2023-01-29 22:49:51.780929+00:00,70B3D54991EB3BA5,ECHO #2,Echo,Crossden burn @ Greenford Farm,56.55409349771759,-2.7087453156770502,08b500000df826ac0000,293.0,0.0,3.58,99.0,0
2023-01-29 23:05:36.313699+00:00,70B3D54991EB3BA5,ECHO #2,Echo,Crossden burn @ Greenford Farm,56.55409349771759,-2.7087453156770502,08b700000dc426ac0000,291.0,0.0,3.52,99.0,0
2023-01-29 23:21:20.260662+00:00,70B3D54991EB3BA5,ECHO #2,Echo,Crossden burn @ Greenford Farm,56.55409349771759,-2.7087453156770502,08b400000d9c26ac0000,294.0,0.0,3.48,99.0,0
2023-01-29 23:52:48.068282+00:00,70B3D54991EB3BA5,ECHO #2,Echo,Crossden burn @ Greenford Farm,56.55409349771759,-2.7087453156770502,08b500000dd826ac0000,293.0,0.0,3.54,99.0,0
2023-01-30 00:08:32.182269+00:00,70B3D54991EB3BA5,ECHO #2,Echo,Crossden burn @ Greenford Farm,56.55409349771759,-2.7087453156770502,08b500000da426ac0000,293.0,0.0,3.49,99.0,0
2023-01-30 00:24:16.314411+00:00,70B3D54991EB3BA5,ECHO #2,Echo,Crossden burn @ Greenford Farm,56.55409349771759,-2.7087453156770502,08b600000de026ac0000,292.0,0.0,3.55,99.0,0
2023-01-30 00:40:00.250878+00:00,70B3D54991EB3BA5,ECHO #2,Echo,Crossden burn @ Greenford Farm,56.55409349771759,-2.7087453156770502,08b300000dc826ac0000,295.0,0.0,3.53,99.0,0
2023-01-30 00:55:44.196678+00:00,70B3D54991EB3BA5,ECHO #2,Echo,Crossden burn @ Greenford Farm,56.55409349771759,-2.7087453156770502,08b300000dc426ac0000,295.0,0.0,3.52,99.0,0
2023-01-30 01:11:29.367762+00:00,70B3D54991EB3BA5,ECHO #2,Echo,Crossden burn @ Greenford Farm,56.55409349771759,-2.7087453156770502,08b600000df426ac0000,292.0,0.0,3.57,99.0,0
2023-01-30 01:58:42.488947+00:00,70B3D54991EB3BA5,ECHO #2,Echo,Crossden burn @ Greenford Farm,56.55409349771759,-2.7087453156770502,08b400000da426ac0000,294.0,0.0,3.49,99.0,0
2023-01-30 02:14:27.620140+00:00,70B3D54991EB3BA5,ECHO #2,Echo,Crossden burn @ Greenford Farm,56.55409349771759,-2.7087453156770502,08b400000df826ac0000,294.0,0.0,3.58,99.0,0
2023-01-30 02:30:12.205644+00:00,70B3D54991EB3BA5,ECHO #2,Echo,Crossden burn @ Greenford Farm,56.55409349771759,-2.7087453156770502,08b600000de026ac0000,292.0,0.0,3.55,99.0,0
2023-01-30 02:45:56.304501+00:00,70B3D54991EB3BA5,ECHO #2,Echo,Crossden burn @ Greenford Farm,56.55409349771759,-2.7087453156770502,08b500000de826ac0000,293.0,0.0,3.56,99.0,0
2023-01-30 03:01:41.687468+00:00,70B3D54991EB3BA5,ECHO #2,Echo,Crossden burn @ Greenford Farm,56.55409349771759,-2.7087453156770502,08b100000d9c26ac0000,297.0,0.0,3.48,99.0,0
2023-01-30 03:17:25.973907+00:00,70B3D54991EB3BA5,ECHO #2,Echo,Crossden burn @ Greenford Farm,56.55409349771759,-2.7087453156770502,08b300000db426ac0000,295.0,0.0,3.51,99.0,0
2023-01-30 03:33:11.910981+00:00,70B3D54991EB3BA5,ECHO #2,Echo,Crossden burn @ Greenford Farm,56.55409349771759,-2.7087453156770502,08b500000d7026ac0000,293.0,0.0,3.44,99.0,0
2023-01-30 03:48:56.234616+00:00,70B3D54991EB3BA5,ECHO #2,Echo,Crossden burn @ Greenford Farm,56.55409349771759,-2.7087453156770502,08b900000d7026ac0000,289.0,0.0,3.44,99.0,0
2023-01-30 04:04:40.642260+00:00,70B3D54991EB3BA5,ECHO #2,Echo,Crossden burn @ Greenford Farm,56.55409349771759,-2.7087453156770502,08b600000d8426ac0000,292.0,0.0,3.46,99.0,0
2023-01-30 04:20:24.317042+00:00,70B3D54991EB3BA5,ECHO #2,Echo,Crossden burn @ Greenford Farm,56.55409349771759,-2.7087453156770502,08b400000df426ac0000,294.0,0.0,3.57,99.0,0
2023-01-30 04:36:08.322912+00:00,70B3D54991EB3BA5,ECHO #2,Echo,Crossden burn @ Greenford Farm,56.55409349771759,-2.7087453156770502,08b500000dc426ac0000,293.0,0.0,3.52,99.0,0
2023-01-30 04:51:52.360730+00:00,70B3D54991EB3BA5,ECHO #2,Echo,Crossden burn @ Greenford Farm,56.55409349771759,-2.7087453156770502,08b600000dcc26ac0000,292.0,0.0,3.53,99.0,0
2023-01-30 05:07:36.729461+00:00,70B3D54991EB3BA5,ECHO #2,Echo,Crossden burn @ Greenford Farm,56.55409349771759,-2.7087453156770502,08b600000db426ac0000,292.0,0.0,3.51,99.0,0
2023-01-30 05:39:04.274352+00:00,70B3D54991EB3BA5,ECHO #2,Echo,Crossden burn @ Greenford Farm,56.55409349771759,-2.7087453156770502,08b700000dc426ac0000,291.0,0.0,3.52,99.0,0
2023-01-30 05:54:48.680750+00:00,70B3D54991EB3BA5,ECHO #2,Echo,Crossden burn @ Greenford Farm,56.55409349771759,-2.7087453156770502,08b600000dfc26ac0000,292.0,0.0,3.58,99.0,0
2023-01-30 06:10:32.993656+00:00,70B3D54991EB3BA5,ECHO #2,Echo,Crossden burn @ Greenford Farm,56.55409349771759,-2.7087453156770502,08b600000dcc26ac0000,292.0,0.0,3.53,99.0,0
2023-01-30 06:26:18.047968+00:00,70B3D54991EB3BA5,ECHO #2,Echo,Crossden burn @ Greenford Farm,56.55409349771759,-2.7087453156770502,08b600000dcc26ac0000,292.0,0.0,3.53,99.0,0
2023-01-30 06:57:46.935627+00:00,70B3D54991EB3BA5,ECHO #2,Echo,Crossden burn @ Greenford Farm,56.55409349771759,-2.7087453156770502,08b600000d9026ac0000,292.0,0.0,3.47,99.0,0
2023-01-30 07:29:15.483992+00:00,70B3D54991EB3BA5,ECHO #2,Echo,Crossden burn @ Greenford Farm,56.55409349771759,-2.7087453156770502,08b700000dec26ac0000,291.0,0.0,3.56,99.0,0
2023-01-30 07:44:59.210904+00:00,70B3D54991EB3BA5,ECHO #2,Echo,Crossden burn @ Greenford Farm,56.55409349771759,-2.7087453156770502,08b900000dd826ac0000,289.0,0.0,3.54,99.0,0
2023-01-30 08:00:43.079673+00:00,70B3D54991EB3BA5,ECHO #2,Echo,Crossden burn @ Greenford Farm,56.55409349771759,-2.7087453156770502,08b800000dd026ac0000,290.0,0.0,3.54,99.0,0
2023-01-30 08:16:26.706556+00:00,70B3D54991EB3BA5,ECHO #2,Echo,Crossden burn @ Greenford Farm,56.55409349771759,-2.7087453156770502,08b700000da826ac0000,291.0,0.0,3.5,99.0,0
2023-01-30 08:32:11.725167+00:00,70B3D54991EB3BA5,ECHO #2,Echo,Crossden burn @ Greenford Farm,56.55409349771759,-2.7087453156770502,08ba00000dcc26ac0000,288.0,0.0,3.53,99.0,0
2023-01-30 08:47:58.082123+00:00,70B3D54991EB3BA5,ECHO #2,Echo,Crossden burn @ Greenford Farm,56.55409349771759,-2.7087453156770502,08ba00000d8026ac0000,288.0,0.0,3.46,99.0,0
2023-01-30 09:03:45.784760+00:00,70B3D54991EB3BA5,ECHO #2,Echo,Crossden burn @ Greenford Farm,56.55409349771759,-2.7087453156770502,08bd00000d9026ac0000,285.0,0.0,3.47,99.0,0
2023-01-30 09:19:33.084181+00:00,70B3D54991EB3BA5,ECHO #2,Echo,Crossden burn @ Greenford Farm,56.55409349771759,-2.7087453156770502,08c100000d9026ac0000,281.0,0.0,3.47,99.0,0
2023-01-30 09:35:19.071464+00:00,70B3D54991EB3BA5,ECHO #2,Echo,Crossden burn @ Greenford Farm,56.55409349771759,-2.7087453156770502,08c100000dc826ac0000,281.0,0.0,3.53,99.0,0
2023-01-30 09:51:04.537032+00:00,70B3D54991EB3BA5,ECHO #2,Echo,Crossden burn @ Greenford Farm,56.55409349771759,-2.7087453156770502,08c100000dd826ac0000,281.0,0.0,3.54,99.0,0
2023-01-30 10:06:49.524401+00:00,70B3D54991EB3BA5,ECHO #2,Echo,Crossden burn @ Greenford Farm,56.55409349771759,-2.7087453156770502,08c200000e0826ac0000,280.0,0.0,3.59,99.0,0
2023-01-30 10:22:33.681865+00:00,70B3D54991EB3BA5,ECHO #2,Echo,Crossden burn @ Greenford Farm,56.55409349771759,-2.7087453156770502,08c400000da426ac0000,278.0,0.0,3.49,99.0,0
2023-01-30 10:38:19.141460+00:00,70B3D54991EB3BA5,ECHO #2,Echo,Crossden burn @ Greenford Farm,56.55409349771759,-2.7087453156770502,08c400000dd026ac0000,278.0,0.0,3.54,99.0,0
2023-01-30 10:54:04.238856+00:00,70B3D54991EB3BA5,ECHO #2,Echo,Crossden burn @ Greenford Farm,56.55409349771759,-2.7087453156770502,08c700000e4026ac0000,275.0,0.0,3.65,99.0,0
2023-01-30 11:09:47.924347+00:00,70B3D54991EB3BA5,ECHO #2,Echo,Crossden burn @ Greenford Farm,56.55409349771759,-2.7087453156770502,08c600000e0026ac0000,276.0,0.0,3.58,99.0,0
2023-01-30 11:25:31.597747+00:00,70B3D54991EB3BA5,ECHO #2,Echo,Crossden burn @ Greenford Farm,56.55409349771759,-2.7087453156770502,08c500000e3826ac0000,277.0,0.0,3.64,99.0,0
2023-01-30 11:41:16.395946+00:00,70B3D54991EB3BA5,ECHO #2,Echo,Crossden burn @ Greenford Farm,56.55409349771759,-2.7087453156770502,08c300000df426ac0000,279.0,0.0,3.57,99.0,0
2023-01-30 11:57:00.039522+00:00,70B3D54991EB3BA5,ECHO #2,Echo,Crossden burn @ Greenford Farm,56.55409349771759,-2.7087453156770502,08c500000e0026ac0000,277.0,0.0,3.58,99.0,0
2023-01-30 12:12:44.410757+00:00,70B3D54991EB3BA5,ECHO #2,Echo,Crossden burn @ Greenford Farm,56.55409349771759,-2.7087453156770502,08c600000e3826ac0000,276.0,0.0,3.64,99.0,0
2023-01-30 12:28:27.507444+00:00,70B3D54991EB3BA5,ECHO #2,Echo,Crossden burn @ Greenford Farm,56.55409349771759,-2.7087453156770502,08c500000e3026ac0000,277.0,0.0,3.63,99.0,0
2023-01-30 12:44:10.354510+00:00,70B3D54991EB3BA5,ECHO #2,Echo,Crossden burn @ Greenford Farm,56.55409349771759,-2.7087453156770502,08c200000e0426ac0000,280.0,0.0,3.59,99.0,0
2023-01-30 12:59:53.731635+00:00,70B3D54991EB3BA5,ECHO #2,Echo,Crossden burn @ Greenford Farm,56.55409349771759,-2.7087453156770502,08c300000e2026ac0000,279.0,0.0,3.62,99.0,0
2023-01-30 13:15:37.532289+00:00,70B3D54991EB3BA5,ECHO #2,Echo,Crossden burn @ Greenford Farm,56.55409349771759,-2.7087453156770502,08c200000dec26ac0000,280.0,0.0,3.56,99.0,0
2023-01-30 13:31:21.638186+00:00,70B3D54991EB3BA5,ECHO #2,Echo,Crossden burn @ Greenford Farm,56.55409349771759,-2.7087453156770502,08c000000dc826ac0000,282.0,0.0,3.53,99.0,0
2023-01-30 13:47:06.194658+00:00,70B3D54991EB3BA5,ECHO #2,Echo,Crossden burn @ Greenford Farm,56.55409349771759,-2.7087453156770502,08c200000df426ac0000,280.0,0.0,3.57,99.0,0
2023-01-30 14:02:49.080271+00:00,70B3D54991EB3BA5,ECHO #2,Echo,Crossden burn @ Greenford Farm,56.55409349771759,-2.7087453156770502,08c400000d9426ac0000,278.0,0.0,3.48,99.0,0
2023-01-30 14:34:16.168282+00:00,70B3D54991EB3BA5,ECHO #2,Echo,Crossden burn @ Greenford Farm,56.55409349771759,-2.7087453156770502,08c100000d8826ac0000,281.0,0.0,3.46,99.0,0
2023-01-30 14:49:59.617675+00:00,70B3D54991EB3BA5,ECHO #2,Echo,Crossden burn @ Greenford Farm,56.55409349771759,-2.7087453156770502,08be00000d8826ac0000,284.0,0.0,3.46,99.0,0
2023-01-30 15:05:43.474413+00:00,70B3D54991EB3BA5,ECHO #2,Echo,Crossden burn @ Greenford Farm,56.55409349771759,-2.7087453156770502,08bf00000df426ac0000,283.0,0.0,3.57,99.0,0
2023-01-30 15:21:27.609283+00:00,70B3D54991EB3BA5,ECHO #2,Echo,Crossden burn @ Greenford Farm,56.55409349771759,-2.7087453156770502,08bf00000df026ac0000,283.0,0.0,3.57,99.0,0
2023-01-30 15:37:11.413192+00:00,70B3D54991EB3BA5,ECHO #2,Echo,Crossden burn @ Greenford Farm,56.55409349771759,-2.7087453156770502,08bd00000dec26ac0000,285.0,0.0,3.56,99.0,0
2023-01-30 15:52:54.668354+00:00,70B3D54991EB3BA5,ECHO #2,Echo,Crossden burn @ Greenford Farm,56.55409349771759,-2.7087453156770502,08bf00000d8c26ac0000,283.0,0.0,3.47,99.0,0
2023-01-30 16:08:38.992230+00:00,70B3D54991EB3BA5,ECHO #2,Echo,Crossden burn @ Greenford Farm,56.55409349771759,-2.7087453156770502,08bb00000dc826ac0000,287.0,0.0,3.53,99.0,0
2023-01-30 16:24:22.696465+00:00,70B3D54991EB3BA5,ECHO #2,Echo,Crossden burn @ Greenford Farm,56.55409349771759,-2.7087453156770502,08bc00000dcc26ac0000,286.0,0.0,3.53,99.0,0
2023-01-30 16:40:06.443132+00:00,70B3D54991EB3BA5,ECHO #2,Echo,Crossden burn @ Greenford Farm,56.55409349771759,-2.7087453156770502,08bc00000dc426ac0000,286.0,0.0,3.52,99.0,0
2023-01-30 16:55:50.882658+00:00,70B3D54991EB3BA5,ECHO #2,Echo,Crossden burn @ Greenford Farm,56.55409349771759,-2.7087453156770502,08bb00000de426ac0000,287.0,0.0,3.56,99.0,0
2023-01-30 17:11:35.053109+00:00,70B3D54991EB3BA5,ECHO #2,Echo,Crossden burn @ Greenford Farm,56.55409349771759,-2.7087453156770502,08ba00000dc426ac0000,288.0,0.0,3.52,99.0,0
2023-01-30 17:27:18.922461+00:00,70B3D54991EB3BA5,ECHO #2,Echo,Crossden burn @ Greenford Farm,56.55409349771759,-2.7087453156770502,08bc00000da026ac0000,286.0,0.0,3.49,99.0,0
2023-01-30 17:43:02.898587+00:00,70B3D54991EB3BA5,ECHO #2,Echo,Crossden burn @ Greenford Farm,56.55409349771759,-2.7087453156770502,08bc00000de026ac0000,286.0,0.0,3.55,99.0,0
2023-01-30 17:58:46.943513+00:00,70B3D54991EB3BA5,ECHO #2,Echo,Crossden burn @ Greenford Farm,56.55409349771759,-2.7087453156770502,08bc00000da426ac0000,286.0,0.0,3.49,99.0,0
2023-01-30 18:14:30.972213+00:00,70B3D54991EB3BA5,ECHO #2,Echo,Crossden burn @ Greenford Farm,56.55409349771759,-2.7087453156770502,08bd00000db426ac0000,285.0,0.0,3.51,99.0,0
2023-01-30 18:30:15.097381+00:00,70B3D54991EB3BA5,ECHO #2,Echo,Crossden burn @ Greenford Farm,56.55409349771759,-2.7087453156770502,08bb00000db426ac0000,287.0,0.0,3.51,99.0,0
2023-01-30 18:45:59.087023+00:00,70B3D54991EB3BA5,ECHO #2,Echo,Crossden burn @ Greenford Farm,56.55409349771759,-2.7087453156770502,08bb00000da426ac0000,287.0,0.0,3.49,99.0,0
2023-01-30 19:01:43.134603+00:00,70B3D54991EB3BA5,ECHO #2,Echo,Crossden burn @ Greenford Farm,56.55409349771759,-2.7087453156770502,08bc00000d7826ac0000,286.0,0.0,3.45,99.0,0
2023-01-30 19:17:27.391166+00:00,70B3D54991EB3BA5,ECHO #2,Echo,Crossden burn @ Greenford Farm,56.55409349771759,-2.7087453156770502,08bb00000db026ac0000,287.0,0.0,3.5,99.0,0
2023-01-30 19:48:55.325714+00:00,70B3D54991EB3BA5,ECHO #2,Echo,Crossden burn @ Greenford Farm,56.55409349771759,-2.7087453156770502,08bf00000d7426ac0000,283.0,0.0,3.44,99.0,0
2023-01-30 20:04:42.499364+00:00,70B3D54991EB3BA5,ECHO #2,Echo,Crossden burn @ Greenford Farm,56.55409349771759,-2.7087453156770502,08bb00000dcc26ac0000,287.0,0.0,3.53,99.0,0
2023-01-30 20:20:27.177414+00:00,70B3D54991EB3BA5,ECHO #2,Echo,Crossden burn @ Greenford Farm,56.55409349771759,-2.7087453156770502,08b800000dd426ac0000,290.0,0.0,3.54,99.0,0
2023-01-30 20:36:11.799149+00:00,70B3D54991EB3BA5,ECHO #2,Echo,Crossden burn @ Greenford Farm,56.55409349771759,-2.7087453156770502,08bb00000d8026ac0000,287.0,0.0,3.46,99.0,0
2023-01-30 20:51:56.377838+00:00,70B3D54991EB3BA5,ECHO #2,Echo,Crossden burn @ Greenford Farm,56.55409349771759,-2.7087453156770502,08b900000dec26ac0000,289.0,0.0,3.56,99.0,0
2023-01-30 21:07:40.403418+00:00,70B3D54991EB3BA5,ECHO #2,Echo,Crossden burn @ Greenford Farm,56.55409349771759,-2.7087453156770502,08ba00000d9826ac0000,288.0,0.0,3.48,99.0,0
2023-01-30 21:23:25.275236+00:00,70B3D54991EB3BA5,ECHO #2,Echo,Crossden burn @ Greenford Farm,56.55409349771759,-2.7087453156770502,08ba00000de026ac0000,288.0,0.0,3.55,99.0,0
2023-01-30 21:39:08.935979+00:00,70B3D54991EB3BA5,ECHO #2,Echo,Crossden burn @ Greenford Farm,56.55409349771759,-2.7087453156770502,08ba00000dcc26ac0000,288.0,0.0,3.53,99.0,0
2023-01-30 21:54:53.329589+00:00,70B3D54991EB3BA5,ECHO #2,Echo,Crossden burn @ Greenford Farm,56.55409349771759,-2.7087453156770502,08b800000d9c26ac0000,290.0,0.0,3.48,99.0,0
2023-01-30 22:10:37.561746+00:00,70B3D54991EB3BA5,ECHO #2,Echo,Crossden burn @ Greenford Farm,56.55409349771759,-2.7087453156770502,08b800000de826ac0000,290.0,0.0,3.56,99.0,0
2023-01-30 22:26:22.201507+00:00,70B3D54991EB3BA5,ECHO #2,Echo,Crossden burn @ Greenford Farm,56.55409349771759,-2.7087453156770502,08b900000de026ac0000,289.0,0.0,3.55,99.0,0
2023-01-30 22:42:06.564377+00:00,70B3D54991EB3BA5,ECHO #2,Echo,Crossden burn @ Greenford Farm,56.55409349771759,-2.7087453156770502,08b800000d7826ac0000,290.0,0.0,3.45,99.0,0
2023-01-30 22:57:50.869594+00:00,70B3D54991EB3BA5,ECHO #2,Echo,Crossden burn @ Greenford Farm,56.55409349771759,-2.7087453156770502,08b800000d7c26ac0000,290.0,0.0,3.45,99.0,0
2023-01-30 23:13:34.814615+00:00,70B3D54991EB3BA5,ECHO #2,Echo,Crossden burn @ Greenford Farm,56.55409349771759,-2.7087453156770502,08b500000d9026ac0000,293.0,0.0,3.47,99.0,0
2023-01-30 23:29:19.891940+00:00,70B3D54991EB3BA5,ECHO #2,Echo,Crossden burn @ Greenford Farm,56.55409349771759,-2.7087453156770502,08b700000dac26ac0000,291.0,0.0,3.5,99.0,0
2023-01-30 23:45:05.233427+00:00,70B3D54991EB3BA5,ECHO #2,Echo,Crossden burn @ Greenford Farm,56.55409349771759,-2.7087453156770502,08b600000db426ac0000,292.0,0.0,3.51,99.0,0
2023-01-31 00:00:49.768116+00:00,70B3D54991EB3BA5,ECHO #2,Echo,Crossden burn @ Greenford Farm,56.55409349771759,-2.7087453156770502,08b700000da426ac0000,291.0,0.0,3.49,99.0,0
2023-01-31 00:16:34.354061+00:00,70B3D54991EB3BA5,ECHO #2,Echo,Crossden burn @ Greenford Farm,56.55409349771759,-2.7087453156770502,08b500000d8c26ac0000,293.0,0.0,3.47,99.0,0
2023-01-31 00:32:19.282563+00:00,70B3D54991EB3BA5,ECHO #2,Echo,Crossden burn @ Greenford Farm,56.55409349771759,-2.7087453156770502,08b500000db026ac0000,293.0,0.0,3.5,99.0,0
2023-01-31 00:48:03.861832+00:00,70B3D54991EB3BA5,ECHO #2,Echo,Crossden burn @ Greenford Farm,56.55409349771759,-2.7087453156770502,08b600000ddc26ac0000,292.0,0.0,3.55,99.0,0
2023-01-31 01:03:47.677630+00:00,70B3D54991EB3BA5,ECHO #2,Echo,Crossden burn @ Greenford Farm,56.55409349771759,-2.7087453156770502,08b700000d8826ac0000,291.0,0.0,3.46,99.0,0
2023-01-31 01:19:31.424651+00:00,70B3D54991EB3BA5,ECHO #2,Echo,Crossden burn @ Greenford Farm,56.55409349771759,-2.7087453156770502,08b500000df026ac0000,293.0,0.0,3.57,99.0,0
2023-01-31 01:35:16.125421+00:00,70B3D54991EB3BA5,ECHO #2,Echo,Crossden burn @ Greenford Farm,56.55409349771759,-2.7087453156770502,08b500000db426ac0000,293.0,0.0,3.51,99.0,0
2023-01-31 01:51:00.487327+00:00,70B3D54991EB3BA5,ECHO #2,Echo,Crossden burn @ Greenford Farm,56.55409349771759,-2.7087453156770502,08b800000d9026ac0000,290.0,0.0,3.47,99.0,0
2023-01-31 02:06:44.734152+00:00,70B3D54991EB3BA5,ECHO #2,Echo,Crossden burn @ Greenford Farm,56.55409349771759,-2.7087453156770502,08b500000d7c26ac0000,293.0,0.0,3.45,99.0,0
2023-01-31 02:22:28.703156+00:00,70B3D54991EB3BA5,ECHO #2,Echo,Crossden burn @ Greenford Farm,56.55409349771759,-2.7087453156770502,08b500000da826ac0000,293.0,0.0,3.5,99.0,0
2023-01-31 02:38:13.207049+00:00,70B3D54991EB3BA5,ECHO #2,Echo,Crossden burn @ Greenford Farm,56.55409349771759,-2.7087453156770502,08b600000dd826ac0000,292.0,0.0,3.54,99.0,0
2023-01-31 02:53:57.443526+00:00,70B3D54991EB3BA5,ECHO #2,Echo,Crossden burn @ Greenford Farm,56.55409349771759,-2.7087453156770502,08b600000da826ac0000,292.0,0.0,3.5,99.0,0
2023-01-31 03:25:26.840377+00:00,70B3D54991EB3BA5,ECHO #2,Echo,Crossden burn @ Greenford Farm,56.55409349771759,-2.7087453156770502,08b400000d8426ac0000,294.0,0.0,3.46,99.0,0
2023-01-31 03:41:11.509929+00:00,70B3D54991EB3BA5,ECHO #2,Echo,Crossden burn @ Greenford Farm,56.55409349771759,-2.7087453156770502,08b700000dd426ac0000,291.0,0.0,3.54,99.0,0
2023-01-31 03:56:54.465598+00:00,70B3D54991EB3BA5,ECHO #2,Echo,Crossden burn @ Greenford Farm,56.55409349771759,-2.7087453156770502,08b800000dd426ac0000,290.0,0.0,3.54,99.0,0
2023-01-31 04:12:39.529037+00:00,70B3D54991EB3BA5,ECHO #2,Echo,Crossden burn @ Greenford Farm,56.55409349771759,-2.7087453156770502,08b700000d9c26ac0000,291.0,0.0,3.48,99.0,0
2023-01-31 04:28:23.927775+00:00,70B3D54991EB3BA5,ECHO #2,Echo,Crossden burn @ Greenford Farm,56.55409349771759,-2.7087453156770502,08b600000dd426ac0000,292.0,0.0,3.54,99.0,0
2023-01-31 04:44:07.670860+00:00,70B3D54991EB3BA5,ECHO #2,Echo,Crossden burn @ Greenford Farm,56.55409349771759,-2.7087453156770502,08b600000dc426ac0000,292.0,0.0,3.52,99.0,0
2023-01-31 04:59:51.914044+00:00,70B3D54991EB3BA5,ECHO #2,Echo,Crossden burn @ Greenford Farm,56.55409349771759,-2.7087453156770502,08b800000d8026ac0000,290.0,0.0,3.46,99.0,0
2023-01-31 05:15:35.401293+00:00,70B3D54991EB3BA5,ECHO #2,Echo,Crossden burn @ Greenford Farm,56.55409349771759,-2.7087453156770502,08b900000d8c26ac0000,289.0,0.0,3.47,99.0,0
2023-01-31 05:31:19.590756+00:00,70B3D54991EB3BA5,ECHO #2,Echo,Crossden burn @ Greenford Farm,56.55409349771759,-2.7087453156770502,08b600000d7c26ac0000,292.0,0.0,3.45,99.0,0
2023-01-31 05:47:03.869939+00:00,70B3D54991EB3BA5,ECHO #2,Echo,Crossden burn @ Greenford Farm,56.55409349771759,-2.7087453156770502,08b900000d8026ac0000,289.0,0.0,3.46,99.0,0
2023-01-31 06:02:47.994543+00:00,70B3D54991EB3BA5,ECHO #2,Echo,Crossden burn @ Greenford Farm,56.55409349771759,-2.7087453156770502,08b800000d7026ac0000,290.0,0.0,3.44,99.0,0
2023-01-31 06:18:31.874109+00:00,70B3D54991EB3BA5,ECHO #2,Echo,Crossden burn @ Greenford Farm,56.55409349771759,-2.7087453156770502,08b800000db026ac0000,290.0,0.0,3.5,99.0,0
2023-01-31 06:34:16.030850+00:00,70B3D54991EB3BA5,ECHO #2,Echo,Crossden burn @ Greenford Farm,56.55409349771759,-2.7087453156770502,08b700000dac26ac0000,291.0,0.0,3.5,99.0,0
2023-01-31 06:50:00.090206+00:00,70B3D54991EB3BA5,ECHO #2,Echo,Crossden burn @ Greenford Farm,56.55409349771759,-2.7087453156770502,08b900000da826ac0000,289.0,0.0,3.5,99.0,0
2023-01-31 07:05:44.406501+00:00,70B3D54991EB3BA5,ECHO #2,Echo,Crossden burn @ Greenford Farm,56.55409349771759,-2.7087453156770502,08b900000db026ac0000,289.0,0.0,3.5,99.0,0
2023-01-31 07:21:28.562441+00:00,70B3D54991EB3BA5,ECHO #2,Echo,Crossden burn @ Greenford Farm,56.55409349771759,-2.7087453156770502,08b900000d7c26ac0000,289.0,0.0,3.45,99.0,0
2023-01-31 07:37:12.936363+00:00,70B3D54991EB3BA5,ECHO #2,Echo,Crossden burn @ Greenford Farm,56.55409349771759,-2.7087453156770502,08b800000db426ac0000,290.0,0.0,3.51,99.0,0
2023-01-31 07:52:57.174720+00:00,70B3D54991EB3BA5,ECHO #2,Echo,Crossden burn @ Greenford Farm,56.55409349771759,-2.7087453156770502,08b800000ddc26ac0000,290.0,0.0,3.55,99.0,0
2023-01-31 08:08:42.032289+00:00,70B3D54991EB3BA5,ECHO #2,Echo,Crossden burn @ Greenford Farm,56.55409349771759,-2.7087453156770502,08ba00000de026ac0000,288.0,0.0,3.55,99.0,0
2023-01-31 08:24:26.841396+00:00,70B3D54991EB3BA5,ECHO #2,Echo,Crossden burn @ Greenford Farm,56.55409349771759,-2.7087453156770502,08b800000d7826ac0000,290.0,0.0,3.45,99.0,0
2023-01-31 08:40:11.206764+00:00,70B3D54991EB3BA5,ECHO #2,Echo,Crossden burn @ Greenford Farm,56.55409349771759,-2.7087453156770502,08bc00000dec26ac0000,286.0,0.0,3.56,99.0,0
2023-01-31 08:55:54.246911+00:00,70B3D54991EB3BA5,ECHO #2,Echo,Crossden burn @ Greenford Farm,56.55409349771759,-2.7087453156770502,08bd00000dc426ac0000,285.0,0.0,3.52,99.0,0
2023-01-31 09:11:41.668096+00:00,70B3D54991EB3BA5,ECHO #2,Echo,Crossden burn @ Greenford Farm,56.55409349771759,-2.7087453156770502,08c000000dec26ac0000,282.0,0.0,3.56,99.0,0
2023-01-31 09:27:28.491202+00:00,70B3D54991EB3BA5,ECHO #2,Echo,Crossden burn @ Greenford Farm,56.55409349771759,-2.7087453156770502,08bd00000dc426ac0000,285.0,0.0,3.52,99.0,0
2023-01-31 09:43:12.125641+00:00,70B3D54991EB3BA5,ECHO #2,Echo,Crossden burn @ Greenford Farm,56.55409349771759,-2.7087453156770502,08bd00000df426ac0000,285.0,0.0,3.57,99.0,0
2023-01-31 09:59:01.252543+00:00,70B3D54991EB3BA5,ECHO #2,Echo,Crossden burn @ Greenford Farm,56.55409349771759,-2.7087453156770502,08bf00000da026ac0000,283.0,0.0,3.49,99.0,0
2023-01-31 10:14:47.086461+00:00,70B3D54991EB3BA5,ECHO #2,Echo,Crossden burn @ Greenford Farm,56.55409349771759,-2.7087453156770502,08bf00000e0426ac0000,283.0,0.0,3.59,99.0,0
2023-01-31 10:30:28.263005+00:00,70B3D54991EB3BA5,ECHO #2,Echo,Crossden burn @ Greenford Farm,56.55409349771759,-2.7087453156770502,08be00000dd026ac0000,284.0,0.0,3.54,99.0,0
2023-01-31 10:46:11.560190+00:00,70B3D54991EB3BA5,ECHO #2,Echo,Crossden burn @ Greenford Farm,56.55409349771759,-2.7087453156770502,08ba00000da026ac0000,288.0,0.0,3.49,99.0,0
2023-01-31 11:01:54.801572+00:00,70B3D54991EB3BA5,ECHO #2,Echo,Crossden burn @ Greenford Farm,56.55409349771759,-2.7087453156770502,08bd00000d8826ac0000,285.0,0.0,3.46,99.0,0
2023-01-31 11:17:45.705474+00:00,70B3D54991EB3BA5,ECHO #2,Echo,Crossden burn @ Greenford Farm,56.55409349771759,-2.7087453156770502,08be00000da426ac0000,284.0,0.0,3.49,99.0,0
2023-01-31 11:33:30.163653+00:00,70B3D54991EB3BA5,ECHO #2,Echo,Crossden burn @ Greenford Farm,56.55409349771759,-2.7087453156770502,08c000000e0026ac0000,282.0,0.0,3.58,99.0,0
2023-01-31 12:36:25.207924+00:00,70B3D54991EB3BA5,ECHO #2,Echo,Crossden burn @ Greenford Farm,56.55409349771759,-2.7087453156770502,08bf00000de026ac0000,283.0,0.0,3.55,99.0,0
2023-01-31 12:52:09.779309+00:00,70B3D54991EB3BA5,ECHO #2,Echo,Crossden burn @ Greenford Farm,56.55409349771759,-2.7087453156770502,08bf00000db026ac0000,283.0,0.0,3.5,99.0,0
2023-01-31 13:07:55.034870+00:00,70B3D54991EB3BA5,ECHO #2,Echo,Crossden burn @ Greenford Farm,56.55409349771759,-2.7087453156770502,08c100000dec26ac0000,281.0,0.0,3.56,99.0,0
2023-01-31 13:39:23.256641+00:00,70B3D54991EB3BA5,ECHO #2,Echo,Crossden burn @ Greenford Farm,56.55409349771759,-2.7087453156770502,08c200000da426ac0000,280.0,0.0,3.49,99.0,0
2023-01-31 13:55:07.160097+00:00,70B3D54991EB3BA5,ECHO #2,Echo,Crossden burn @ Greenford Farm,56.55409349771759,-2.7087453156770502,08c200000dfc26ac0000,280.0,0.0,3.58,99.0,0
2023-01-31 14:10:50.913821+00:00,70B3D54991EB3BA5,ECHO #2,Echo,Crossden burn @ Greenford Farm,56.55409349771759,-2.7087453156770502,08c100000db026ac0000,281.0,0.0,3.5,99.0,0
2023-01-31 14:26:34.962056+00:00,70B3D54991EB3BA5,ECHO #2,Echo,Crossden burn @ Greenford Farm,56.55409349771759,-2.7087453156770502,08c000000df026ac0000,282.0,0.0,3.57,99.0,0
2023-01-31 14:42:18.719453+00:00,70B3D54991EB3BA5,ECHO #2,Echo,Crossden burn @ Greenford Farm,56.55409349771759,-2.7087453156770502,08bd00000d8c26ac0000,285.0,0.0,3.47,99.0,0
2023-01-31 14:58:02.961223+00:00,70B3D54991EB3BA5,ECHO #2,Echo,Crossden burn @ Greenford Farm,56.55409349771759,-2.7087453156770502,08be00000de826ac0000,284.0,0.0,3.56,99.0,0
2023-01-31 15:29:30.848145+00:00,70B3D54991EB3BA5,ECHO #2,Echo,Crossden burn @ Greenford Farm,56.55409349771759,-2.7087453156770502,08bd00000d9c26ac0000,285.0,0.0,3.48,99.0,0
2023-01-31 15:45:15.172804+00:00,70B3D54991EB3BA5,ECHO #2,Echo,Crossden burn @ Greenford Farm,56.55409349771759,-2.7087453156770502,08bf00000db026ac0000,283.0,0.0,3.5,99.0,0
2023-01-31 16:00:59.398041+00:00,70B3D54991EB3BA5,ECHO #2,Echo,Crossden burn @ Greenford Farm,56.55409349771759,-2.7087453156770502,08bd00000dec26ac0000,285.0,0.0,3.56,99.0,0
2023-01-31 16:16:43.274768+00:00,70B3D54991EB3BA5,ECHO #2,Echo,Crossden burn @ Greenford Farm,56.55409349771759,-2.7087453156770502,08be00000d7826ac0000,284.0,0.0,3.45,99.0,0
2023-01-31 16:32:27.077261+00:00,70B3D54991EB3BA5,ECHO #2,Echo,Crossden burn @ Greenford Farm,56.55409349771759,-2.7087453156770502,08be00000de026ac0000,284.0,0.0,3.55,99.0,0
2023-01-31 16:48:10.907400+00:00,70B3D54991EB3BA5,ECHO #2,Echo,Crossden burn @ Greenford Farm,56.55409349771759,-2.7087453156770502,08be00000dc426ac0000,284.0,0.0,3.52,99.0,0
2023-01-31 17:03:55.365776+00:00,70B3D54991EB3BA5,ECHO #2,Echo,Crossden burn @ Greenford Farm,56.55409349771759,-2.7087453156770502,08bd00000d8c26ac0000,285.0,0.0,3.47,99.0,0
2023-01-31 17:19:39.534759+00:00,70B3D54991EB3BA5,ECHO #2,Echo,Crossden burn @ Greenford Farm,56.55409349771759,-2.7087453156770502,08bc00000d6826ac0000,286.0,0.0,3.43,99.0,0
2023-01-31 17:35:23.528246+00:00,70B3D54991EB3BA5,ECHO #2,Echo,Crossden burn @ Greenford Farm,56.55409349771759,-2.7087453156770502,08ba00000d6826ac0000,288.0,0.0,3.43,99.0,0
2023-01-31 17:51:07.296604+00:00,70B3D54991EB3BA5,ECHO #2,Echo,Crossden burn @ Greenford Farm,56.55409349771759,-2.7087453156770502,08bc00000d7426ac0000,286.0,0.0,3.44,99.0,0
2023-01-31 18:22:36.092487+00:00,70B3D54991EB3BA5,ECHO #2,Echo,Crossden burn @ Greenford Farm,56.55409349771759,-2.7087453156770502,08bb00000d9c26ac0000,287.0,0.0,3.48,99.0,0
2023-01-31 18:38:21.249492+00:00,70B3D54991EB3BA5,ECHO #2,Echo,Crossden burn @ Greenford Farm,56.55409349771759,-2.7087453156770502,08ba00000d9426ac0000,288.0,0.0,3.48,99.0,0
2023-01-31 18:54:05.340717+00:00,70B3D54991EB3BA5,ECHO #2,Echo,Crossden burn @ Greenford Farm,56.55409349771759,-2.7087453156770502,08b900000dd426ac0000,289.0,0.0,3.54,99.0,0
2023-01-31 19:09:51.667809+00:00,70B3D54991EB3BA5,ECHO #2,Echo,Crossden burn @ Greenford Farm,56.55409349771759,-2.7087453156770502,08ba00000dc426ac0000,288.0,0.0,3.52,99.0,0
2023-01-31 19:25:36.343205+00:00,70B3D54991EB3BA5,ECHO #2,Echo,Crossden burn @ Greenford Farm,56.55409349771759,-2.7087453156770502,08be00000d9026ac0000,284.0,0.0,3.47,99.0,0
2023-01-31 19:41:20.194662+00:00,70B3D54991EB3BA5,ECHO #2,Echo,Crossden burn @ Greenford Farm,56.55409349771759,-2.7087453156770502,08bc00000db426ac0000,286.0,0.0,3.51,99.0,0
2023-01-31 19:57:05.065164+00:00,70B3D54991EB3BA5,ECHO #2,Echo,Crossden burn @ Greenford Farm,56.55409349771759,-2.7087453156770502,08bb00000dd426ac0000,287.0,0.0,3.54,99.0,0
2023-01-31 20:12:49.948514+00:00,70B3D54991EB3BA5,ECHO #2,Echo,Crossden burn @ Greenford Farm,56.55409349771759,-2.7087453156770502,08ba00000d7426ac0000,288.0,0.0,3.44,99.0,0
2023-01-31 20:28:35.077753+00:00,70B3D54991EB3BA5,ECHO #2,Echo,Crossden burn @ Greenford Farm,56.55409349771759,-2.7087453156770502,08bc00000dcc26ac0000,286.0,0.0,3.53,99.0,0
2023-01-31 20:44:19.261392+00:00,70B3D54991EB3BA5,ECHO #2,Echo,Crossden burn @ Greenford Farm,56.55409349771759,-2.7087453156770502,08bd00000d7426ac0000,285.0,0.0,3.44,99.0,0
2023-01-31 21:00:03.064066+00:00,70B3D54991EB3BA5,ECHO #2,Echo,Crossden burn @ Greenford Farm,56.55409349771759,-2.7087453156770502,08bd00000db026ac0000,285.0,0.0,3.5,99.0,0
2023-01-31 21:15:47.014405+00:00,70B3D54991EB3BA5,ECHO #2,Echo,Crossden burn @ Greenford Farm,56.55409349771759,-2.7087453156770502,08bb00000d7c26ac0000,287.0,0.0,3.45,99.0,0
2023-01-31 21:31:31.204016+00:00,70B3D54991EB3BA5,ECHO #2,Echo,Crossden burn @ Greenford Farm,56.55409349771759,-2.7087453156770502,08bc00000d8826ac0000,286.0,0.0,3.46,99.0,0
2023-01-31 21:47:15.227764+00:00,70B3D54991EB3BA5,ECHO #2,Echo,Crossden burn @ Greenford Farm,56.55409349771759,-2.7087453156770502,08ba00000da426ac0000,288.0,0.0,3.49,99.0,0
2023-01-31 22:02:59.257135+00:00,70B3D54991EB3BA5,ECHO #2,Echo,Crossden burn @ Greenford Farm,56.55409349771759,-2.7087453156770502,08bb00000d6826ac0000,287.0,0.0,3.43,99.0,0
2023-01-31 22:18:43.081111+00:00,70B3D54991EB3BA5,ECHO #2,Echo,Crossden burn @ Greenford Farm,56.55409349771759,-2.7087453156770502,08ba00000dc026ac0000,288.0,0.0,3.52,99.0,0
2023-01-31 22:34:27.259466+00:00,70B3D54991EB3BA5,ECHO #2,Echo,Crossden burn @ Greenford Farm,56.55409349771759,-2.7087453156770502,08ba00000d7c26ac0000,288.0,0.0,3.45,99.0,0
2023-01-31 22:50:12.273633+00:00,70B3D54991EB3BA5,ECHO #2,Echo,Crossden burn @ Greenford Farm,56.55409349771759,-2.7087453156770502,08b900000db026ac0000,289.0,0.0,3.5,99.0,0
2023-01-31 23:06:01.402943+00:00,70B3D54991EB3BA5,ECHO #2,Echo,Crossden burn @ Greenford Farm,56.55409349771759,-2.7087453156770502,08be00000da026ac0000,284.0,0.0,3.49,99.0,0
2023-01-31 23:21:44.828002+00:00,70B3D54991EB3BA5,ECHO #2,Echo,Crossden burn @ Greenford Farm,56.55409349771759,-2.7087453156770502,08bc00000d6826ac0000,286.0,0.0,3.43,99.0,0
2023-01-31 23:37:29.108793+00:00,70B3D54991EB3BA5,ECHO #2,Echo,Crossden burn @ Greenford Farm,56.55409349771759,-2.7087453156770502,08bc00000d9426ac0000,286.0,0.0,3.48,99.0,0
2023-01-31 23:53:13.340519+00:00,70B3D54991EB3BA5,ECHO #2,Echo,Crossden burn @ Greenford Farm,56.55409349771759,-2.7087453156770502,08bc00000d9026ac0000,286.0,0.0,3.47,99.0,0
2023-02-01 00:08:57.603272+00:00,70B3D54991EB3BA5,ECHO #2,Echo,Crossden burn @ Greenford Farm,56.55409349771759,-2.7087453156770502,08bc00000db026ac0000,286.0,0.0,3.5,99.0,0
2023-02-01 00:24:42.472883+00:00,70B3D54991EB3BA5,ECHO #2,Echo,Crossden burn @ Greenford Farm,56.55409349771759,-2.7087453156770502,08bb00000d9026ac0000,287.0,0.0,3.47,99.0,0
2023-02-01 00:40:27.097349+00:00,70B3D54991EB3BA5,ECHO #2,Echo,Crossden burn @ Greenford Farm,56.55409349771759,-2.7087453156770502,08be00000db026ac0000,284.0,0.0,3.5,99.0,0
2023-02-01 00:56:11.137732+00:00,70B3D54991EB3BA5,ECHO #2,Echo,Crossden burn @ Greenford Farm,56.55409349771759,-2.7087453156770502,08be00000ddc26ac0000,284.0,0.0,3.55,99.0,0
2023-02-01 01:11:55.119969+00:00,70B3D54991EB3BA5,ECHO #2,Echo,Crossden burn @ Greenford Farm,56.55409349771759,-2.7087453156770502,08bc00000da026ac0000,286.0,0.0,3.49,99.0,0
2023-02-01 01:27:39.894439+00:00,70B3D54991EB3BA5,ECHO #2,Echo,Crossden burn @ Greenford Farm,56.55409349771759,-2.7087453156770502,08ba00000d6826ac0000,288.0,0.0,3.43,99.0,0
2023-02-01 01:43:26.332169+00:00,70B3D54991EB3BA5,ECHO #2,Echo,Crossden burn @ Greenford Farm,56.55409349771759,-2.7087453156770502,08bd00000db026ac0000,285.0,0.0,3.5,99.0,0
2023-02-01 01:59:11.023771+00:00,70B3D54991EB3BA5,ECHO #2,Echo,Crossden burn @ Greenford Farm,56.55409349771759,-2.7087453156770502,08ba00000d8426ac0000,288.0,0.0,3.46,99.0,0
2023-02-01 02:14:55.919772+00:00,70B3D54991EB3BA5,ECHO #2,Echo,Crossden burn @ Greenford Farm,56.55409349771759,-2.7087453156770502,08bc00000d7426ac0000,286.0,0.0,3.44,99.0,0
2023-02-01 02:30:40.456016+00:00,70B3D54991EB3BA5,ECHO #2,Echo,Crossden burn @ Greenford Farm,56.55409349771759,-2.7087453156770502,08ba00000d7c26ac0000,288.0,0.0,3.45,99.0,0
2023-02-01 02:46:25.354332+00:00,70B3D54991EB3BA5,ECHO #2,Echo,Crossden burn @ Greenford Farm,56.55409349771759,-2.7087453156770502,08bb00000db426ac0000,287.0,0.0,3.51,99.0,0
2023-02-01 03:02:10.041526+00:00,70B3D54991EB3BA5,ECHO #2,Echo,Crossden burn @ Greenford Farm,56.55409349771759,-2.7087453156770502,08bf00000dd426ac0000,283.0,0.0,3.54,99.0,0
2023-02-01 03:17:57.329399+00:00,70B3D54991EB3BA5,ECHO #2,Echo,Crossden burn @ Greenford Farm,56.55409349771759,-2.7087453156770502,08b800000dc826ac0000,290.0,0.0,3.53,99.0,0
2023-02-01 03:33:42.063928+00:00,70B3D54991EB3BA5,ECHO #2,Echo,Crossden burn @ Greenford Farm,56.55409349771759,-2.7087453156770502,08b700000d7426ac0000,291.0,0.0,3.44,99.0,0
2023-02-01 03:49:25.754864+00:00,70B3D54991EB3BA5,ECHO #2,Echo,Crossden burn @ Greenford Farm,56.55409349771759,-2.7087453156770502,08b900000ddc26ac0000,289.0,0.0,3.55,99.0,0
2023-02-01 04:05:13.067839+00:00,70B3D54991EB3BA5,ECHO #2,Echo,Crossden burn @ Greenford Farm,56.55409349771759,-2.7087453156770502,08b200000d7826ac0000,296.0,0.0,3.45,99.0,0
2023-02-01 04:20:56.034564+00:00,70B3D54991EB3BA5,ECHO #2,Echo,Crossden burn @ Greenford Farm,56.55409349771759,-2.7087453156770502,08b000000db026ac0000,298.0,0.0,3.5,99.0,0
2023-02-01 04:36:39.870672+00:00,70B3D54991EB3BA5,ECHO #2,Echo,Crossden burn @ Greenford Farm,56.55409349771759,-2.7087453156770502,08ac00000d8826ac0000,302.0,0.0,3.46,99.0,0
2023-02-01 05:08:13.392315+00:00,70B3D54991EB3BA5,ECHO #2,Echo,Crossden burn @ Greenford Farm,56.55409349771759,-2.7087453156770502,089d00000d7c26ac0000,317.0,0.0,3.45,99.0,0
2023-02-01 05:23:57.917668+00:00,70B3D54991EB3BA5,ECHO #2,Echo,Crossden burn @ Greenford Farm,56.55409349771759,-2.7087453156770502,089b00000d7426ac0000,319.0,0.0,3.44,99.0,0
2023-02-01 05:39:42.774537+00:00,70B3D54991EB3BA5,ECHO #2,Echo,Crossden burn @ Greenford Farm,56.55409349771759,-2.7087453156770502,089a00000d8c26ac0000,320.0,0.0,3.47,99.0,0
2023-02-01 05:55:27.574718+00:00,70B3D54991EB3BA5,ECHO #2,Echo,Crossden burn @ Greenford Farm,56.55409349771759,-2.7087453156770502,089d00000d7426ac0000,317.0,0.0,3.44,99.0,0
2023-02-01 06:11:11.806368+00:00,70B3D54991EB3BA5,ECHO #2,Echo,Crossden burn @ Greenford Farm,56.55409349771759,-2.7087453156770502,089a00000d6426ac0000,320.0,0.0,3.43,99.0,0
2023-02-01 06:26:59.452374+00:00,70B3D54991EB3BA5,ECHO #2,Echo,Crossden burn @ Greenford Farm,56.55409349771759,-2.7087453156770502,089f00000d7c26ac0000,315.0,0.0,3.45,99.0,0
2023-02-01 06:42:43.645386+00:00,70B3D54991EB3BA5,ECHO #2,Echo,Crossden burn @ Greenford Farm,56.55409349771759,-2.7087453156770502,089e00000d7c26ac0000,316.0,0.0,3.45,99.0,0
2023-02-01 06:58:27.853655+00:00,70B3D54991EB3BA5,ECHO #2,Echo,Crossden burn @ Greenford Farm,56.55409349771759,-2.7087453156770502,08a100000d7826ac0000,313.0,0.0,3.45,99.0,0
2023-02-01 07:14:12.147740+00:00,70B3D54991EB3BA5,ECHO #2,Echo,Crossden burn @ Greenford Farm,56.55409349771759,-2.7087453156770502,08a100000d7426ac0000,313.0,0.0,3.44,99.0,0
2023-02-01 07:29:56.893179+00:00,70B3D54991EB3BA5,ECHO #2,Echo,Crossden burn @ Greenford Farm,56.55409349771759,-2.7087453156770502,08a500000d7426ac0000,309.0,0.0,3.44,99.0,0
2023-02-01 07:45:43.820314+00:00,70B3D54991EB3BA5,ECHO #2,Echo,Crossden burn @ Greenford Farm,56.55409349771759,-2.7087453156770502,08a700000d8c26ac0000,307.0,0.0,3.47,99.0,0
2023-02-01 08:01:28.248021+00:00,70B3D54991EB3BA5,ECHO #2,Echo,Crossden burn @ Greenford Farm,56.55409349771759,-2.7087453156770502,08a600000d6826ac0000,308.0,0.0,3.43,99.0,0
2023-02-01 08:17:12.896877+00:00,70B3D54991EB3BA5,ECHO #2,Echo,Crossden burn @ Greenford Farm,56.55409349771759,-2.7087453156770502,08a800000d7c26ac0000,306.0,0.0,3.45,99.0,0
2023-02-01 08:32:58.517544+00:00,70B3D54991EB3BA5,ECHO #2,Echo,Crossden burn @ Greenford Farm,56.55409349771759,-2.7087453156770502,08a900000dcc26ac0000,305.0,0.0,3.53,99.0,0
2023-02-01 08:48:47.330263+00:00,70B3D54991EB3BA5,ECHO #2,Echo,Crossden burn @ Greenford Farm,56.55409349771759,-2.7087453156770502,08a900000db026ac0000,305.0,0.0,3.5,99.0,0
2023-02-01 09:04:37.103260+00:00,70B3D54991EB3BA5,ECHO #2,Echo,Crossden burn @ Greenford Farm,56.55409349771759,-2.7087453156770502,08ae00000da026ac0000,300.0,0.0,3.49,99.0,0
2023-02-01 09:20:24.967998+00:00,70B3D54991EB3BA5,ECHO #2,Echo,Crossden burn @ Greenford Farm,56.55409349771759,-2.7087453156770502,08ae00000da026ac0000,300.0,0.0,3.49,99.0,0
2023-02-01 09:36:11.195485+00:00,70B3D54991EB3BA5,ECHO #2,Echo,Crossden burn @ Greenford Farm,56.55409349771759,-2.7087453156770502,08b000000db426ac0000,298.0,0.0,3.51,99.0,0
2023-02-01 09:51:56.258779+00:00,70B3D54991EB3BA5,ECHO #2,Echo,Crossden burn @ Greenford Farm,56.55409349771759,-2.7087453156770502,08b300000de026ac0000,295.0,0.0,3.55,99.0,0
2023-02-01 10:07:42.001052+00:00,70B3D54991EB3BA5,ECHO #2,Echo,Crossden burn @ Greenford Farm,56.55409349771759,-2.7087453156770502,08b000000de826ac0000,298.0,0.0,3.56,99.0,0
2023-02-01 10:23:27.020761+00:00,70B3D54991EB3BA5,ECHO #2,Echo,Crossden burn @ Greenford Farm,56.55409349771759,-2.7087453156770502,08b100000dc426ac0000,297.0,0.0,3.52,99.0,0
2023-02-01 10:39:11.433814+00:00,70B3D54991EB3BA5,ECHO #2,Echo,Crossden burn @ Greenford Farm,56.55409349771759,-2.7087453156770502,08b300000da826ac0000,295.0,0.0,3.5,99.0,0
2023-02-01 10:54:55.952779+00:00,70B3D54991EB3BA5,ECHO #2,Echo,Crossden burn @ Greenford Farm,56.55409349771759,-2.7087453156770502,08b200000dd426ac0000,296.0,0.0,3.54,99.0,0
2023-02-01 11:10:40.299385+00:00,70B3D54991EB3BA5,ECHO #2,Echo,Crossden burn @ Greenford Farm,56.55409349771759,-2.7087453156770502,08b100000e1426ac0000,297.0,0.0,3.6,99.0,0
2023-02-01 11:26:24.717159+00:00,70B3D54991EB3BA5,ECHO #2,Echo,Crossden burn @ Greenford Farm,56.55409349771759,-2.7087453156770502,08b000000e2826ac0000,298.0,0.0,3.62,99.0,0
2023-02-01 11:42:09.150530+00:00,70B3D54991EB3BA5,ECHO #2,Echo,Crossden burn @ Greenford Farm,56.55409349771759,-2.7087453156770502,08af00000e2826ac0000,299.0,0.0,3.62,99.0,0
2023-02-01 11:57:53.523546+00:00,70B3D54991EB3BA5,ECHO #2,Echo,Crossden burn @ Greenford Farm,56.55409349771759,-2.7087453156770502,08b200000e1426ac0000,296.0,0.0,3.6,99.0,0
2023-02-01 12:13:37.684507+00:00,70B3D54991EB3BA5,ECHO #2,Echo,Crossden burn @ Greenford Farm,56.55409349771759,-2.7087453156770502,08b100000e0826ac0000,297.0,0.0,3.59,99.0,0
2023-02-01 13:32:16.803651+00:00,70B3D54991EB3BA5,ECHO #2,Echo,Crossden burn @ Greenford Farm,56.55409349771759,-2.7087453156770502,08ae00000dd826ac0000,300.0,0.0,3.54,99.0,0
2023-02-01 13:48:00.635296+00:00,70B3D54991EB3BA5,ECHO #2,Echo,Crossden burn @ Greenford Farm,56.55409349771759,-2.7087453156770502,08af00000da426ac0000,299.0,0.0,3.49,99.0,0
2023-02-01 14:03:45.646397+00:00,70B3D54991EB3BA5,ECHO #2,Echo,Crossden burn @ Greenford Farm,56.55409349771759,-2.7087453156770502,08b000000d9c26ac0000,298.0,0.0,3.48,99.0,0
2023-02-01 14:19:29.934022+00:00,70B3D54991EB3BA5,ECHO #2,Echo,Crossden burn @ Greenford Farm,56.55409349771759,-2.7087453156770502,08af00000dac26ac0000,299.0,0.0,3.5,99.0,0
2023-02-01 14:35:13.855991+00:00,70B3D54991EB3BA5,ECHO #2,Echo,Crossden burn @ Greenford Farm,56.55409349771759,-2.7087453156770502,08ae00000da426ac0000,300.0,0.0,3.49,99.0,0
2023-02-01 14:50:57.861102+00:00,70B3D54991EB3BA5,ECHO #2,Echo,Crossden burn @ Greenford Farm,56.55409349771759,-2.7087453156770502,08ac00000dfc26ac0000,302.0,0.0,3.58,99.0,0
2023-02-01 15:06:41.816848+00:00,70B3D54991EB3BA5,ECHO #2,Echo,Crossden burn @ Greenford Farm,56.55409349771759,-2.7087453156770502,08ac00000d9426ac0000,302.0,0.0,3.48,99.0,0
2023-02-01 15:22:26.457499+00:00,70B3D54991EB3BA5,ECHO #2,Echo,Crossden burn @ Greenford Farm,56.55409349771759,-2.7087453156770502,08ad00000ddc26ac0000,301.0,0.0,3.55,99.0,0
2023-02-01 15:38:11.049288+00:00,70B3D54991EB3BA5,ECHO #2,Echo,Crossden burn @ Greenford Farm,56.55409349771759,-2.7087453156770502,08ac00000e0c26ac0000,302.0,0.0,3.6,99.0,0
2023-02-01 15:53:55.311277+00:00,70B3D54991EB3BA5,ECHO #2,Echo,Crossden burn @ Greenford Farm,56.55409349771759,-2.7087453156770502,08b000000e0c26ac0000,298.0,0.0,3.6,99.0,0
2023-02-01 16:09:39.157995+00:00,70B3D54991EB3BA5,ECHO #2,Echo,Crossden burn @ Greenford Farm,56.55409349771759,-2.7087453156770502,08ac00000da826ac0000,302.0,0.0,3.5,99.0,0
2023-02-01 16:25:22.830048+00:00,70B3D54991EB3BA5,ECHO #2,Echo,Crossden burn @ Greenford Farm,56.55409349771759,-2.7087453156770502,08ae00000da026ac0000,300.0,0.0,3.49,99.0,0
2023-02-01 16:41:09.398983+00:00,70B3D54991EB3BA5,ECHO #2,Echo,Crossden burn @ Greenford Farm,56.55409349771759,-2.7087453156770502,08b000000dcc26ac0000,298.0,0.0,3.53,99.0,0
2023-02-01 16:56:53.224909+00:00,70B3D54991EB3BA5,ECHO #2,Echo,Crossden burn @ Greenford Farm,56.55409349771759,-2.7087453156770502,08b100000d8826ac0000,297.0,0.0,3.46,99.0,0
2023-02-01 17:12:36.824368+00:00,70B3D54991EB3BA5,ECHO #2,Echo,Crossden burn @ Greenford Farm,56.55409349771759,-2.7087453156770502,08af00000d9026ac0000,299.0,0.0,3.47,99.0,0
2023-02-01 17:28:24.947430+00:00,70B3D54991EB3BA5,ECHO #2,Echo,Crossden burn @ Greenford Farm,56.55409349771759,-2.7087453156770502,08a800000dd826ac0000,306.0,0.0,3.54,99.0,0
2023-02-01 17:44:10.822607+00:00,70B3D54991EB3BA5,ECHO #2,Echo,Crossden burn @ Greenford Farm,56.55409349771759,-2.7087453156770502,08ab00000db026ac0000,303.0,0.0,3.5,99.0,0
2023-02-01 17:59:56.288660+00:00,70B3D54991EB3BA5,ECHO #2,Echo,Crossden burn @ Greenford Farm,56.55409349771759,-2.7087453156770502,08ac00000d7c26ac0000,302.0,0.0,3.45,99.0,0
2023-02-01 18:15:43.271898+00:00,70B3D54991EB3BA5,ECHO #2,Echo,Crossden burn @ Greenford Farm,56.55409349771759,-2.7087453156770502,08ad00000e1026ac0000,301.0,0.0,3.6,99.0,0
2023-02-01 18:31:27.906111+00:00,70B3D54991EB3BA5,ECHO #2,Echo,Crossden burn @ Greenford Farm,56.55409349771759,-2.7087453156770502,08ae00000d7026ac0000,300.0,0.0,3.44,99.0,0
2023-02-01 18:47:12.188651+00:00,70B3D54991EB3BA5,ECHO #2,Echo,Crossden burn @ Greenford Farm,56.55409349771759,-2.7087453156770502,08b100000da026ac0000,297.0,0.0,3.49,99.0,0
2023-02-01 19:02:56.714636+00:00,70B3D54991EB3BA5,ECHO #2,Echo,Crossden burn @ Greenford Farm,56.55409349771759,-2.7087453156770502,08af00000dd026ac0000,299.0,0.0,3.54,99.0,0
2023-02-01 19:18:40.671893+00:00,70B3D54991EB3BA5,ECHO #2,Echo,Crossden burn @ Greenford Farm,56.55409349771759,-2.7087453156770502,08af00000dcc26ac0000,299.0,0.0,3.53,99.0,0
2023-02-01 19:34:25.281512+00:00,70B3D54991EB3BA5,ECHO #2,Echo,Crossden burn @ Greenford Farm,56.55409349771759,-2.7087453156770502,08b000000d9826ac0000,298.0,0.0,3.48,99.0,0
2023-02-01 20:05:53.997490+00:00,70B3D54991EB3BA5,ECHO #2,Echo,Crossden burn @ Greenford Farm,56.55409349771759,-2.7087453156770502,08af00000dc826ac0000,299.0,0.0,3.53,99.0,0
2023-02-01 20:21:38.770284+00:00,70B3D54991EB3BA5,ECHO #2,Echo,Crossden burn @ Greenford Farm,56.55409349771759,-2.7087453156770502,08af00000de026ac0000,299.0,0.0,3.55,99.0,0
2023-02-01 20:37:22.485905+00:00,70B3D54991EB3BA5,ECHO #2,Echo,Crossden burn @ Greenford Farm,56.55409349771759,-2.7087453156770502,08b000000db426ac0000,298.0,0.0,3.51,99.0,0
2023-02-01 20:53:07.075935+00:00,70B3D54991EB3BA5,ECHO #2,Echo,Crossden burn @ Greenford Farm,56.55409349771759,-2.7087453156770502,08b000000d7c26ac0000,298.0,0.0,3.45,99.0,0
2023-02-01 21:08:51.900368+00:00,70B3D54991EB3BA5,ECHO #2,Echo,Crossden burn @ Greenford Farm,56.55409349771759,-2.7087453156770502,08ad00000dec26ac0000,301.0,0.0,3.56,99.0,0
2023-02-01 21:24:36.326387+00:00,70B3D54991EB3BA5,ECHO #2,Echo,Crossden burn @ Greenford Farm,56.55409349771759,-2.7087453156770502,08ae00000db426ac0000,300.0,0.0,3.51,99.0,0
2023-02-01 21:40:23.219956+00:00,70B3D54991EB3BA5,ECHO #2,Echo,Crossden burn @ Greenford Farm,56.55409349771759,-2.7087453156770502,08ab00000d8426ac0000,303.0,0.0,3.46,99.0,0
2023-02-01 21:56:09.619652+00:00,70B3D54991EB3BA5,ECHO #2,Echo,Crossden burn @ Greenford Farm,56.55409349771759,-2.7087453156770502,08ab00000dc426ac0000,303.0,0.0,3.52,99.0,0
2023-02-01 22:11:54.469159+00:00,70B3D54991EB3BA5,ECHO #2,Echo,Crossden burn @ Greenford Farm,56.55409349771759,-2.7087453156770502,08ac00000d8026ac0000,302.0,0.0,3.46,99.0,0
2023-02-01 22:27:39.407401+00:00,70B3D54991EB3BA5,ECHO #2,Echo,Crossden burn @ Greenford Farm,56.55409349771759,-2.7087453156770502,08ae00000db426ac0000,300.0,0.0,3.51,99.0,0
2023-02-01 22:43:23.855745+00:00,70B3D54991EB3BA5,ECHO #2,Echo,Crossden burn @ Greenford Farm,56.55409349771759,-2.7087453156770502,08ab00000ddc26ac0000,303.0,0.0,3.55,99.0,0
2023-02-01 22:59:08.715362+00:00,70B3D54991EB3BA5,ECHO #2,Echo,Crossden burn @ Greenford Farm,56.55409349771759,-2.7087453156770502,08ab00000dc826ac0000,303.0,0.0,3.53,99.0,0
2023-02-01 23:14:54.354237+00:00,70B3D54991EB3BA5,ECHO #2,Echo,Crossden burn @ Greenford Farm,56.55409349771759,-2.7087453156770502,08aa00000da426ac0000,304.0,0.0,3.49,99.0,0
2023-02-01 23:30:39.185266+00:00,70B3D54991EB3BA5,ECHO #2,Echo,Crossden burn @ Greenford Farm,56.55409349771759,-2.7087453156770502,08aa00000dec26ac0000,304.0,0.0,3.56,99.0,0
2023-02-01 23:46:23.604100+00:00,70B3D54991EB3BA5,ECHO #2,Echo,Crossden burn @ Greenford Farm,56.55409349771759,-2.7087453156770502,08a800000da426ac0000,306.0,0.0,3.49,99.0,0
2023-02-02 00:02:08.334034+00:00,70B3D54991EB3BA5,ECHO #2,Echo,Crossden burn @ Greenford Farm,56.55409349771759,-2.7087453156770502,08a900000d7c26ac0000,305.0,0.0,3.45,99.0,0
2023-02-02 00:17:53.103952+00:00,70B3D54991EB3BA5,ECHO #2,Echo,Crossden burn @ Greenford Farm,56.55409349771759,-2.7087453156770502,08ab00000dc426ac0000,303.0,0.0,3.52,99.0,0
2023-02-02 00:33:38.622010+00:00,70B3D54991EB3BA5,ECHO #2,Echo,Crossden burn @ Greenford Farm,56.55409349771759,-2.7087453156770502,08a700000da426ac0000,307.0,0.0,3.49,99.0,0
2023-02-02 00:49:23.060305+00:00,70B3D54991EB3BA5,ECHO #2,Echo,Crossden burn @ Greenford Farm,56.55409349771759,-2.7087453156770502,08a400000de026ac0000,310.0,0.0,3.55,99.0,0
2023-02-02 01:05:07.613702+00:00,70B3D54991EB3BA5,ECHO #2,Echo,Crossden burn @ Greenford Farm,56.55409349771759,-2.7087453156770502,08a500000d7826ac0000,309.0,0.0,3.45,99.0,0
2023-02-02 01:20:52.528120+00:00,70B3D54991EB3BA5,ECHO #2,Echo,Crossden burn @ Greenford Farm,56.55409349771759,-2.7087453156770502,08a500000df026ac0000,309.0,0.0,3.57,99.0,0
2023-02-02 01:36:37.339872+00:00,70B3D54991EB3BA5,ECHO #2,Echo,Crossden burn @ Greenford Farm,56.55409349771759,-2.7087453156770502,08a500000de426ac0000,309.0,0.0,3.56,99.0,0
2023-02-02 01:52:21.814953+00:00,70B3D54991EB3BA5,ECHO #2,Echo,Crossden burn @ Greenford Farm,56.55409349771759,-2.7087453156770502,08a200000dd826ac0000,312.0,0.0,3.54,99.0,0
2023-02-02 02:08:06.195069+00:00,70B3D54991EB3BA5,ECHO #2,Echo,Crossden burn @ Greenford Farm,56.55409349771759,-2.7087453156770502,08a000000de026ac0000,314.0,0.0,3.55,99.0,0
2023-02-02 02:23:50.731158+00:00,70B3D54991EB3BA5,ECHO #2,Echo,Crossden burn @ Greenford Farm,56.55409349771759,-2.7087453156770502,089e00000d7c26ac0000,316.0,0.0,3.45,99.0,0
2023-02-02 02:39:35.190104+00:00,70B3D54991EB3BA5,ECHO #2,Echo,Crossden burn @ Greenford Farm,56.55409349771759,-2.7087453156770502,089d00000dac26ac0000,317.0,0.0,3.5,99.0,0
2023-02-02 02:55:22.589669+00:00,70B3D54991EB3BA5,ECHO #2,Echo,Crossden burn @ Greenford Farm,56.55409349771759,-2.7087453156770502,08a000000da026ac0000,314.0,0.0,3.49,99.0,0
2023-02-02 03:11:09.364631+00:00,70B3D54991EB3BA5,ECHO #2,Echo,Crossden burn @ Greenford Farm,56.55409349771759,-2.7087453156770502,089c00000da426ac0000,318.0,0.0,3.49,99.0,0
2023-02-02 03:26:53.884756+00:00,70B3D54991EB3BA5,ECHO #2,Echo,Crossden burn @ Greenford Farm,56.55409349771759,-2.7087453156770502,089c00000dd826ac0000,318.0,0.0,3.54,99.0,0
2023-02-02 03:42:38.638475+00:00,70B3D54991EB3BA5,ECHO #2,Echo,Crossden burn @ Greenford Farm,56.55409349771759,-2.7087453156770502,089c00000d7826ac0000,318.0,0.0,3.45,99.0,0
2023-02-02 03:58:23.107012+00:00,70B3D54991EB3BA5,ECHO #2,Echo,Crossden burn @ Greenford Farm,56.55409349771759,-2.7087453156770502,089c00000d8026ac0000,318.0,0.0,3.46,99.0,0
2023-02-02 04:14:07.826433+00:00,70B3D54991EB3BA5,ECHO #2,Echo,Crossden burn @ Greenford Farm,56.55409349771759,-2.7087453156770502,089e00000d8026ac0000,316.0,0.0,3.46,99.0,0
2023-02-02 04:29:52.109116+00:00,70B3D54991EB3BA5,ECHO #2,Echo,Crossden burn @ Greenford Farm,56.55409349771759,-2.7087453156770502,089e00000d9c26ac0000,316.0,0.0,3.48,99.0,0
2023-02-02 04:45:36.477161+00:00,70B3D54991EB3BA5,ECHO #2,Echo,Crossden burn @ Greenford Farm,56.55409349771759,-2.7087453156770502,089c00000da426ac0000,318.0,0.0,3.49,99.0,0
2023-02-02 05:01:21.360605+00:00,70B3D54991EB3BA5,ECHO #2,Echo,Crossden burn @ Greenford Farm,56.55409349771759,-2.7087453156770502,089b00000d8826ac0000,319.0,0.0,3.46,99.0,0
2023-02-02 05:17:05.789976+00:00,70B3D54991EB3BA5,ECHO #2,Echo,Crossden burn @ Greenford Farm,56.55409349771759,-2.7087453156770502,089c00000dc426ac0000,318.0,0.0,3.52,99.0,0
2023-02-02 05:32:50.321443+00:00,70B3D54991EB3BA5,ECHO #2,Echo,Crossden burn @ Greenford Farm,56.55409349771759,-2.7087453156770502,089a00000d9426ac0000,320.0,0.0,3.48,99.0,0
2023-02-02 05:48:35.001439+00:00,70B3D54991EB3BA5,ECHO #2,Echo,Crossden burn @ Greenford Farm,56.55409349771759,-2.7087453156770502,089800000de026ac0000,322.0,0.0,3.55,99.0,0
2023-02-02 06:04:19.573711+00:00,70B3D54991EB3BA5,ECHO #2,Echo,Crossden burn @ Greenford Farm,56.55409349771759,-2.7087453156770502,089a00000dd826ac0000,320.0,0.0,3.54,99.0,0
2023-02-02 06:20:04.269404+00:00,70B3D54991EB3BA5,ECHO #2,Echo,Crossden burn @ Greenford Farm,56.55409349771759,-2.7087453156770502,089900000d9026ac0000,321.0,0.0,3.47,99.0,0
2023-02-02 06:35:48.716332+00:00,70B3D54991EB3BA5,ECHO #2,Echo,Crossden burn @ Greenford Farm,56.55409349771759,-2.7087453156770502,089600000db426ac0000,324.0,0.0,3.51,99.0,0
2023-02-02 06:51:33.429613+00:00,70B3D54991EB3BA5,ECHO #2,Echo,Crossden burn @ Greenford Farm,56.55409349771759,-2.7087453156770502,089500000d9c26ac0000,325.0,0.0,3.48,99.0,0
2023-02-02 07:07:17.888070+00:00,70B3D54991EB3BA5,ECHO #2,Echo,Crossden burn @ Greenford Farm,56.55409349771759,-2.7087453156770502,089200000d7c26ac0000,328.0,0.0,3.45,99.0,0
2023-02-02 07:23:03.245847+00:00,70B3D54991EB3BA5,ECHO #2,Echo,Crossden burn @ Greenford Farm,56.55409349771759,-2.7087453156770502,089300000d8026ac0000,327.0,0.0,3.46,99.0,0
2023-02-02 07:38:48.712091+00:00,70B3D54991EB3BA5,ECHO #2,Echo,Crossden burn @ Greenford Farm,56.55409349771759,-2.7087453156770502,089300000dd826ac0000,327.0,0.0,3.54,99.0,0
2023-02-02 07:54:33.240306+00:00,70B3D54991EB3BA5,ECHO #2,Echo,Crossden burn @ Greenford Farm,56.55409349771759,-2.7087453156770502,089300000db026ac0000,327.0,0.0,3.5,99.0,0
2023-02-02 08:10:17.483239+00:00,70B3D54991EB3BA5,ECHO #2,Echo,Crossden burn @ Greenford Farm,56.55409349771759,-2.7087453156770502,089300000d8826ac0000,327.0,0.0,3.46,99.0,0
2023-02-02 08:26:01.972746+00:00,70B3D54991EB3BA5,ECHO #2,Echo,Crossden burn @ Greenford Farm,56.55409349771759,-2.7087453156770502,089400000d7c26ac0000,326.0,0.0,3.45,99.0,0
2023-02-02 08:41:46.199370+00:00,70B3D54991EB3BA5,ECHO #2,Echo,Crossden burn @ Greenford Farm,56.55409349771759,-2.7087453156770502,089700000db426ac0000,323.0,0.0,3.51,99.0,0
2023-02-02 08:57:33.812577+00:00,70B3D54991EB3BA5,ECHO #2,Echo,Crossden burn @ Greenford Farm,56.55409349771759,-2.7087453156770502,089000000d9c26ac0000,330.0,0.0,3.48,99.0,0
2023-02-02 09:13:19.160424+00:00,70B3D54991EB3BA5,ECHO #2,Echo,Crossden burn @ Greenford Farm,56.55409349771759,-2.7087453156770502,089300000d7826ac0000,327.0,0.0,3.45,99.0,0
2023-02-02 09:29:04.808866+00:00,70B3D54991EB3BA5,ECHO #2,Echo,Crossden burn @ Greenford Farm,56.55409349771759,-2.7087453156770502,088f00000e0826ac0000,331.0,0.0,3.59,99.0,0
2023-02-02 09:44:50.777572+00:00,70B3D54991EB3BA5,ECHO #2,Echo,Crossden burn @ Greenford Farm,56.55409349771759,-2.7087453156770502,089300000d9826ac0000,327.0,0.0,3.48,99.0,0
2023-02-02 10:00:36.159237+00:00,70B3D54991EB3BA5,ECHO #2,Echo,Crossden burn @ Greenford Farm,56.55409349771759,-2.7087453156770502,089400000dec26ac0000,326.0,0.0,3.56,99.0,0
2023-02-02 10:16:23.142741+00:00,70B3D54991EB3BA5,ECHO #2,Echo,Crossden burn @ Greenford Farm,56.55409349771759,-2.7087453156770502,089100000dd426ac0000,329.0,0.0,3.54,99.0,0
2023-02-02 10:32:08.216709+00:00,70B3D54991EB3BA5,ECHO #2,Echo,Crossden burn @ Greenford Farm,56.55409349771759,-2.7087453156770502,088f00000da426ac0000,331.0,0.0,3.49,99.0,0
2023-02-02 10:47:55.972556+00:00,70B3D54991EB3BA5,ECHO #2,Echo,Crossden burn @ Greenford Farm,56.55409349771759,-2.7087453156770502,089300000da826ac0000,327.0,0.0,3.5,99.0,0
2023-02-02 11:03:45.575057+00:00,70B3D54991EB3BA5,ECHO #2,Echo,Crossden burn @ Greenford Farm,56.55409349771759,-2.7087453156770502,089400000dc826ac0000,326.0,0.0,3.53,99.0,0
2023-02-02 11:19:34.983805+00:00,70B3D54991EB3BA5,ECHO #2,Echo,Crossden burn @ Greenford Farm,56.55409349771759,-2.7087453156770502,089800000e3c26ac0000,322.0,0.0,3.64,99.0,0
2023-02-02 11:35:20.811693+00:00,70B3D54991EB3BA5,ECHO #2,Echo,Crossden burn @ Greenford Farm,56.55409349771759,-2.7087453156770502,089c00000e0426ac0000,318.0,0.0,3.59,99.0,0
2023-02-02 11:51:05.061194+00:00,70B3D54991EB3BA5,ECHO #2,Echo,Crossden burn @ Greenford Farm,56.55409349771759,-2.7087453156770502,089c00000e2426ac0000,318.0,0.0,3.62,99.0,0
2023-02-02 12:06:49.199434+00:00,70B3D54991EB3BA5,ECHO #2,Echo,Crossden burn @ Greenford Farm,56.55409349771759,-2.7087453156770502,089b00000e2426ac0000,319.0,0.0,3.62,99.0,0
2023-02-02 12:22:33.258559+00:00,70B3D54991EB3BA5,ECHO #2,Echo,Crossden burn @ Greenford Farm,56.55409349771759,-2.7087453156770502,089900000e1c26ac0000,321.0,0.0,3.61,99.0,0
2023-02-02 12:38:17.057096+00:00,70B3D54991EB3BA5,ECHO #2,Echo,Crossden burn @ Greenford Farm,56.55409349771759,-2.7087453156770502,089900000e0c26ac0000,321.0,0.0,3.6,99.0,0
2023-02-02 12:54:00.539704+00:00,70B3D54991EB3BA5,ECHO #2,Echo,Crossden burn @ Greenford Farm,56.55409349771759,-2.7087453156770502,089900000e3c26ac0000,321.0,0.0,3.64,99.0,0
2023-02-02 13:09:44.115686+00:00,70B3D54991EB3BA5,ECHO #2,Echo,Crossden burn @ Greenford Farm,56.55409349771759,-2.7087453156770502,089600000e0426ac0000,324.0,0.0,3.59,99.0,0
2023-02-02 13:25:26.818491+00:00,70B3D54991EB3BA5,ECHO #2,Echo,Crossden burn @ Greenford Farm,56.55409349771759,-2.7087453156770502,089900000dec26ac0000,321.0,0.0,3.56,99.0,0
2023-02-02 13:41:11.089171+00:00,70B3D54991EB3BA5,ECHO #2,Echo,Crossden burn @ Greenford Farm,56.55409349771759,-2.7087453156770502,089500000e1426ac0000,325.0,0.0,3.6,99.0,0
2023-02-02 13:56:55.571306+00:00,70B3D54991EB3BA5,ECHO #2,Echo,Crossden burn @ Greenford Farm,56.55409349771759,-2.7087453156770502,089200000df826ac0000,328.0,0.0,3.58,99.0,0
2023-02-02 14:12:41.033719+00:00,70B3D54991EB3BA5,ECHO #2,Echo,Crossden burn @ Greenford Farm,56.55409349771759,-2.7087453156770502,089200000e0026ac0000,328.0,0.0,3.58,99.0,0
2023-02-02 14:28:24.046978+00:00,70B3D54991EB3BA5,ECHO #2,Echo,Crossden burn @ Greenford Farm,56.55409349771759,-2.7087453156770502,089500000db426ac0000,325.0,0.0,3.51,99.0,0
2023-02-02 14:44:09.671385+00:00,70B3D54991EB3BA5,ECHO #2,Echo,Crossden burn @ Greenford Farm,56.55409349771759,-2.7087453156770502,089200000dfc26ac0000,328.0,0.0,3.58,99.0,0
2023-02-02 14:59:55.037497+00:00,70B3D54991EB3BA5,ECHO #2,Echo,Crossden burn @ Greenford Farm,56.55409349771759,-2.7087453156770502,089500000e1826ac0000,325.0,0.0,3.61,99.0,0
2023-02-02 15:15:39.910861+00:00,70B3D54991EB3BA5,ECHO #2,Echo,Crossden burn @ Greenford Farm,56.55409349771759,-2.7087453156770502,089600000da426ac0000,324.0,0.0,3.49,99.0,0
2023-02-02 15:31:25.940684+00:00,70B3D54991EB3BA5,ECHO #2,Echo,Crossden burn @ Greenford Farm,56.55409349771759,-2.7087453156770502,089300000df826ac0000,327.0,0.0,3.58,99.0,0
2023-02-02 15:47:10.139257+00:00,70B3D54991EB3BA5,ECHO #2,Echo,Crossden burn @ Greenford Farm,56.55409349771759,-2.7087453156770502,089100000df426ac0000,329.0,0.0,3.57,99.0,0
2023-02-02 16:02:57.075187+00:00,70B3D54991EB3BA5,ECHO #2,Echo,Crossden burn @ Greenford Farm,56.55409349771759,-2.7087453156770502,089100000da426ac0000,329.0,0.0,3.49,99.0,0
2023-02-02 16:18:41.517526+00:00,70B3D54991EB3BA5,ECHO #2,Echo,Crossden burn @ Greenford Farm,56.55409349771759,-2.7087453156770502,089300000e0426ac0000,327.0,0.0,3.59,99.0,0
2023-02-02 16:34:25.294533+00:00,70B3D54991EB3BA5,ECHO #2,Echo,Crossden burn @ Greenford Farm,56.55409349771759,-2.7087453156770502,089500000d8826ac0000,325.0,0.0,3.46,99.0,0
2023-02-02 16:50:10.192155+00:00,70B3D54991EB3BA5,ECHO #2,Echo,Crossden burn @ Greenford Farm,56.55409349771759,-2.7087453156770502,089400000df426ac0000,326.0,0.0,3.57,99.0,0
2023-02-02 17:05:54.886025+00:00,70B3D54991EB3BA5,ECHO #2,Echo,Crossden burn @ Greenford Farm,56.55409349771759,-2.7087453156770502,089200000dc826ac0000,328.0,0.0,3.53,99.0,0
2023-02-02 17:21:39.739433+00:00,70B3D54991EB3BA5,ECHO #2,Echo,Crossden burn @ Greenford Farm,56.55409349771759,-2.7087453156770502,089600000d9c26ac0000,324.0,0.0,3.48,99.0,0
2023-02-02 17:37:24.371219+00:00,70B3D54991EB3BA5,ECHO #2,Echo,Crossden burn @ Greenford Farm,56.55409349771759,-2.7087453156770502,089200000de826ac0000,328.0,0.0,3.56,99.0,0
2023-02-02 17:53:09.552671+00:00,70B3D54991EB3BA5,ECHO #2,Echo,Crossden burn @ Greenford Farm,56.55409349771759,-2.7087453156770502,089300000d9826ac0000,327.0,0.0,3.48,99.0,0
2023-02-02 18:08:53.939865+00:00,70B3D54991EB3BA5,ECHO #2,Echo,Crossden burn @ Greenford Farm,56.55409349771759,-2.7087453156770502,089300000dd426ac0000,327.0,0.0,3.54,99.0,0
2023-02-02 18:24:40.573460+00:00,70B3D54991EB3BA5,ECHO #2,Echo,Crossden burn @ Greenford Farm,56.55409349771759,-2.7087453156770502,089300000dd826ac0000,327.0,0.0,3.54,99.0,0
2023-02-02 18:40:25.343626+00:00,70B3D54991EB3BA5,ECHO #2,Echo,Crossden burn @ Greenford Farm,56.55409349771759,-2.7087453156770502,089700000d8826ac0000,323.0,0.0,3.46,99.0,0
2023-02-02 18:56:10.019254+00:00,70B3D54991EB3BA5,ECHO #2,Echo,Crossden burn @ Greenford Farm,56.55409349771759,-2.7087453156770502,089400000da026ac0000,326.0,0.0,3.49,99.0,0
2023-02-02 19:11:54.791855+00:00,70B3D54991EB3BA5,ECHO #2,Echo,Crossden burn @ Greenford Farm,56.55409349771759,-2.7087453156770502,089200000da826ac0000,328.0,0.0,3.5,99.0,0
2023-02-02 19:27:39.413587+00:00,70B3D54991EB3BA5,ECHO #2,Echo,Crossden burn @ Greenford Farm,56.55409349771759,-2.7087453156770502,089400000e1426ac0000,326.0,0.0,3.6,99.0,0
2023-02-02 19:43:24.325670+00:00,70B3D54991EB3BA5,ECHO #2,Echo,Crossden burn @ Greenford Farm,56.55409349771759,-2.7087453156770502,089700000d8c26ac0000,323.0,0.0,3.47,99.0,0
2023-02-02 19:59:09.647539+00:00,70B3D54991EB3BA5,ECHO #2,Echo,Crossden burn @ Greenford Farm,56.55409349771759,-2.7087453156770502,089500000d8426ac0000,325.0,0.0,3.46,99.0,0
2023-02-02 20:30:39.184095+00:00,70B3D54991EB3BA5,ECHO #2,Echo,Crossden burn @ Greenford Farm,56.55409349771759,-2.7087453156770502,089600000da426ac0000,324.0,0.0,3.49,99.0,0
2023-02-02 20:46:24.762236+00:00,70B3D54991EB3BA5,ECHO #2,Echo,Crossden burn @ Greenford Farm,56.55409349771759,-2.7087453156770502,089300000dd426ac0000,327.0,0.0,3.54,99.0,0
2023-02-02 21:02:12.848041+00:00,70B3D54991EB3BA5,ECHO #2,Echo,Crossden burn @ Greenford Farm,56.55409349771759,-2.7087453156770502,089800000dcc26ac0000,322.0,0.0,3.53,99.0,0
2023-02-02 21:17:57.819736+00:00,70B3D54991EB3BA5,ECHO #2,Echo,Crossden burn @ Greenford Farm,56.55409349771759,-2.7087453156770502,089700000dcc26ac0000,323.0,0.0,3.53,99.0,0
2023-02-02 21:33:42.193006+00:00,70B3D54991EB3BA5,ECHO #2,Echo,Crossden burn @ Greenford Farm,56.55409349771759,-2.7087453156770502,089500000df426ac0000,325.0,0.0,3.57,99.0,0
2023-02-02 21:49:26.930335+00:00,70B3D54991EB3BA5,ECHO #2,Echo,Crossden burn @ Greenford Farm,56.55409349771759,-2.7087453156770502,089500000d9426ac0000,325.0,0.0,3.48,99.0,0
2023-02-02 22:05:11.699660+00:00,70B3D54991EB3BA5,ECHO #2,Echo,Crossden burn @ Greenford Farm,56.55409349771759,-2.7087453156770502,089500000df826ac0000,325.0,0.0,3.58,99.0,0
2023-02-02 22:20:56.701863+00:00,70B3D54991EB3BA5,ECHO #2,Echo,Crossden burn @ Greenford Farm,56.55409349771759,-2.7087453156770502,089100000dc826ac0000,329.0,0.0,3.53,99.0,0
2023-02-02 22:36:41.334639+00:00,70B3D54991EB3BA5,ECHO #2,Echo,Crossden burn @ Greenford Farm,56.55409349771759,-2.7087453156770502,089500000db426ac0000,325.0,0.0,3.51,99.0,0
2023-02-02 22:52:26.324022+00:00,70B3D54991EB3BA5,ECHO #2,Echo,Crossden burn @ Greenford Farm,56.55409349771759,-2.7087453156770502,089400000de426ac0000,326.0,0.0,3.56,99.0,0
2023-02-02 23:08:11.134737+00:00,70B3D54991EB3BA5,ECHO #2,Echo,Crossden burn @ Greenford Farm,56.55409349771759,-2.7087453156770502,089600000dd826ac0000,324.0,0.0,3.54,99.0,0
2023-02-02 23:23:57.129465+00:00,70B3D54991EB3BA5,ECHO #2,Echo,Crossden burn @ Greenford Farm,56.55409349771759,-2.7087453156770502,089400000dc426ac0000,326.0,0.0,3.52,99.0,0
2023-02-02 23:39:42.710932+00:00,70B3D54991EB3BA5,ECHO #2,Echo,Crossden burn @ Greenford Farm,56.55409349771759,-2.7087453156770502,089800000df426ac0000,322.0,0.0,3.57,99.0,0
2023-02-02 23:55:29.757665+00:00,70B3D54991EB3BA5,ECHO #2,Echo,Crossden burn @ Greenford Farm,56.55409349771759,-2.7087453156770502,089700000df026ac0000,323.0,0.0,3.57,99.0,0
2023-02-03 00:11:14.436606+00:00,70B3D54991EB3BA5,ECHO #2,Echo,Crossden burn @ Greenford Farm,56.55409349771759,-2.7087453156770502,089900000e0426ac0000,321.0,0.0,3.59,99.0,0
2023-02-03 00:26:58.389225+00:00,70B3D54991EB3BA5,ECHO #2,Echo,Crossden burn @ Greenford Farm,56.55409349771759,-2.7087453156770502,089a00000dfc26ac0000,320.0,0.0,3.58,99.0,0
2023-02-03 00:42:42.547741+00:00,70B3D54991EB3BA5,ECHO #2,Echo,Crossden burn @ Greenford Farm,56.55409349771759,-2.7087453156770502,089a00000de426ac0000,320.0,0.0,3.56,99.0,0
2023-02-03 00:58:26.783115+00:00,70B3D54991EB3BA5,ECHO #2,Echo,Crossden burn @ Greenford Farm,56.55409349771759,-2.7087453156770502,089800000db426ac0000,322.0,0.0,3.51,99.0,0
2023-02-03 01:14:10.978256+00:00,70B3D54991EB3BA5,ECHO #2,Echo,Crossden burn @ Greenford Farm,56.55409349771759,-2.7087453156770502,089b00000d9426ac0000,319.0,0.0,3.48,99.0,0
2023-02-03 01:29:55.272949+00:00,70B3D54991EB3BA5,ECHO #2,Echo,Crossden burn @ Greenford Farm,56.55409349771759,-2.7087453156770502,089e00000db026ac0000,316.0,0.0,3.5,99.0,0
2023-02-03 01:45:39.448596+00:00,70B3D54991EB3BA5,ECHO #2,Echo,Crossden burn @ Greenford Farm,56.55409349771759,-2.7087453156770502,08a000000dc426ac0000,314.0,0.0,3.52,99.0,0
2023-02-03 02:01:24.149211+00:00,70B3D54991EB3BA5,ECHO #2,Echo,Crossden burn @ Greenford Farm,56.55409349771759,-2.7087453156770502,089e00000df426ac0000,316.0,0.0,3.57,99.0,0
2023-02-03 02:17:09.318874+00:00,70B3D54991EB3BA5,ECHO #2,Echo,Crossden burn @ Greenford Farm,56.55409349771759,-2.7087453156770502,089d00000df426ac0000,317.0,0.0,3.57,99.0,0
2023-02-03 02:32:53.976297+00:00,70B3D54991EB3BA5,ECHO #2,Echo,Crossden burn @ Greenford Farm,56.55409349771759,-2.7087453156770502,089b00000dd826ac0000,319.0,0.0,3.54,99.0,0
2023-02-03 02:48:38.923745+00:00,70B3D54991EB3BA5,ECHO #2,Echo,Crossden burn @ Greenford Farm,56.55409349771759,-2.7087453156770502,089c00000db026ac0000,318.0,0.0,3.5,99.0,0
2023-02-03 03:04:23.699252+00:00,70B3D54991EB3BA5,ECHO #2,Echo,Crossden burn @ Greenford Farm,56.55409349771759,-2.7087453156770502,089f00000dec26ac0000,315.0,0.0,3.56,99.0,0
2023-02-03 03:20:07.829244+00:00,70B3D54991EB3BA5,ECHO #2,Echo,Crossden burn @ Greenford Farm,56.55409349771759,-2.7087453156770502,089d00000dcc26ac0000,317.0,0.0,3.53,99.0,0
2023-02-03 03:35:52.283366+00:00,70B3D54991EB3BA5,ECHO #2,Echo,Crossden burn @ Greenford Farm,56.55409349771759,-2.7087453156770502,089c00000dcc26ac0000,318.0,0.0,3.53,99.0,0
2023-02-03 03:51:36.803989+00:00,70B3D54991EB3BA5,ECHO #2,Echo,Crossden burn @ Greenford Farm,56.55409349771759,-2.7087453156770502,089d00000da026ac0000,317.0,0.0,3.49,99.0,0
2023-02-03 04:07:21.294652+00:00,70B3D54991EB3BA5,ECHO #2,Echo,Crossden burn @ Greenford Farm,56.55409349771759,-2.7087453156770502,089f00000da026ac0000,315.0,0.0,3.49,99.0,0
2023-02-03 04:23:06.593144+00:00,70B3D54991EB3BA5,ECHO #2,Echo,Crossden burn @ Greenford Farm,56.55409349771759,-2.7087453156770502,089f00000de826ac0000,315.0,0.0,3.56,99.0,0
2023-02-03 04:38:51.736935+00:00,70B3D54991EB3BA5,ECHO #2,Echo,Crossden burn @ Greenford Farm,56.55409349771759,-2.7087453156770502,089e00000d7c26ac0000,316.0,0.0,3.45,99.0,0
2023-02-03 04:54:36.212043+00:00,70B3D54991EB3BA5,ECHO #2,Echo,Crossden burn @ Greenford Farm,56.55409349771759,-2.7087453156770502,089e00000dec26ac0000,316.0,0.0,3.56,99.0,0
2023-02-03 05:10:20.959150+00:00,70B3D54991EB3BA5,ECHO #2,Echo,Crossden burn @ Greenford Farm,56.55409349771759,-2.7087453156770502,089c00000d8426ac0000,318.0,0.0,3.46,99.0,0
2023-02-03 05:26:05.335497+00:00,70B3D54991EB3BA5,ECHO #2,Echo,Crossden burn @ Greenford Farm,56.55409349771759,-2.7087453156770502,08a000000dcc26ac0000,314.0,0.0,3.53,99.0,0
2023-02-03 05:41:50.231339+00:00,70B3D54991EB3BA5,ECHO #2,Echo,Crossden burn @ Greenford Farm,56.55409349771759,-2.7087453156770502,089f00000d7c26ac0000,315.0,0.0,3.45,99.0,0
2023-02-03 06:13:18.687648+00:00,70B3D54991EB3BA5,ECHO #2,Echo,Crossden burn @ Greenford Farm,56.55409349771759,-2.7087453156770502,08a000000dcc26ac0000,314.0,0.0,3.53,99.0,0
2023-02-03 06:29:03.233081+00:00,70B3D54991EB3BA5,ECHO #2,Echo,Crossden burn @ Greenford Farm,56.55409349771759,-2.7087453156770502,08a100000dc426ac0000,313.0,0.0,3.52,99.0,0
2023-02-03 06:44:49.698583+00:00,70B3D54991EB3BA5,ECHO #2,Echo,Crossden burn @ Greenford Farm,56.55409349771759,-2.7087453156770502,089e00000db426ac0000,316.0,0.0,3.51,99.0,0
2023-02-03 07:00:34.890837+00:00,70B3D54991EB3BA5,ECHO #2,Echo,Crossden burn @ Greenford Farm,56.55409349771759,-2.7087453156770502,08a000000d9026ac0000,314.0,0.0,3.47,99.0,0
2023-02-03 07:16:19.425848+00:00,70B3D54991EB3BA5,ECHO #2,Echo,Crossden burn @ Greenford Farm,56.55409349771759,-2.7087453156770502,08a100000dec26ac0000,313.0,0.0,3.56,99.0,0
2023-02-03 07:32:04.846074+00:00,70B3D54991EB3BA5,ECHO #2,Echo,Crossden burn @ Greenford Farm,56.55409349771759,-2.7087453156770502,08a000000de026ac0000,314.0,0.0,3.55,99.0,0
2023-02-03 07:47:49.824907+00:00,70B3D54991EB3BA5,ECHO #2,Echo,Crossden burn @ Greenford Farm,56.55409349771759,-2.7087453156770502,089f00000da426ac0000,315.0,0.0,3.49,99.0,0
2023-02-03 08:03:34.185452+00:00,70B3D54991EB3BA5,ECHO #2,Echo,Crossden burn @ Greenford Farm,56.55409349771759,-2.7087453156770502,08a000000da026ac0000,314.0,0.0,3.49,99.0,0
2023-02-03 08:19:18.716836+00:00,70B3D54991EB3BA5,ECHO #2,Echo,Crossden burn @ Greenford Farm,56.55409349771759,-2.7087453156770502,089f00000db026ac0000,315.0,0.0,3.5,99.0,0
2023-02-03 08:35:04.343670+00:00,70B3D54991EB3BA5,ECHO #2,Echo,Crossden burn @ Greenford Farm,56.55409349771759,-2.7087453156770502,089d00000db426ac0000,317.0,0.0,3.51,99.0,0
2023-02-03 08:50:49.163491+00:00,70B3D54991EB3BA5,ECHO #2,Echo,Crossden burn @ Greenford Farm,56.55409349771759,-2.7087453156770502,089f00000da426ac0000,315.0,0.0,3.49,99.0,0
2023-02-03 09:06:33.864383+00:00,70B3D54991EB3BA5,ECHO #2,Echo,Crossden burn @ Greenford Farm,56.55409349771759,-2.7087453156770502,08a300000ddc26ac0000,311.0,0.0,3.55,99.0,0
2023-02-03 09:22:18.879878+00:00,70B3D54991EB3BA5,ECHO #2,Echo,Crossden burn @ Greenford Farm,56.55409349771759,-2.7087453156770502,08a100000d8c26ac0000,313.0,0.0,3.47,99.0,0
2023-02-03 09:38:03.937045+00:00,70B3D54991EB3BA5,ECHO #2,Echo,Crossden burn @ Greenford Farm,56.55409349771759,-2.7087453156770502,08a200000dd826ac0000,312.0,0.0,3.54,99.0,0
2023-02-03 09:53:49.007664+00:00,70B3D54991EB3BA5,ECHO #2,Echo,Crossden burn @ Greenford Farm,56.55409349771759,-2.7087453156770502,08a100000de826ac0000,313.0,0.0,3.56,99.0,0
2023-02-03 10:09:34.011833+00:00,70B3D54991EB3BA5,ECHO #2,Echo,Crossden burn @ Greenford Farm,56.55409349771759,-2.7087453156770502,08a400000dac26ac0000,310.0,0.0,3.5,99.0,0
2023-02-03 10:25:19.008032+00:00,70B3D54991EB3BA5,ECHO #2,Echo,Crossden burn @ Greenford Farm,56.55409349771759,-2.7087453156770502,08a100000d8826ac0000,313.0,0.0,3.46,99.0,0
2023-02-03 10:41:04.467290+00:00,70B3D54991EB3BA5,ECHO #2,Echo,Crossden burn @ Greenford Farm,56.55409349771759,-2.7087453156770502,08a400000e0426ac0000,310.0,0.0,3.59,99.0,0
2023-02-03 10:56:48.314769+00:00,70B3D54991EB3BA5,ECHO #2,Echo,Crossden burn @ Greenford Farm,56.55409349771759,-2.7087453156770502,08a300000d8826ac0000,311.0,0.0,3.46,99.0,0
2023-02-03 11:12:34.300826+00:00,70B3D54991EB3BA5,ECHO #2,Echo,Crossden burn @ Greenford Farm,56.55409349771759,-2.7087453156770502,08a600000dc826ac0000,308.0,0.0,3.53,99.0,0
2023-02-03 11:44:04.785420+00:00,70B3D54991EB3BA5,ECHO #2,Echo,Crossden burn @ Greenford Farm,56.55409349771759,-2.7087453156770502,08a500000dd826ac0000,309.0,0.0,3.54,99.0,0
2023-02-03 11:59:49.158912+00:00,70B3D54991EB3BA5,ECHO #2,Echo,Crossden burn @ Greenford Farm,56.55409349771759,-2.7087453156770502,08a300000ddc26ac0000,311.0,0.0,3.55,99.0,0
2023-02-03 12:15:35.048400+00:00,70B3D54991EB3BA5,ECHO #2,Echo,Crossden burn @ Greenford Farm,56.55409349771759,-2.7087453156770502,08a600000db426ac0000,308.0,0.0,3.51,99.0,0
2023-02-03 12:31:19.925351+00:00,70B3D54991EB3BA5,ECHO #2,Echo,Crossden burn @ Greenford Farm,56.55409349771759,-2.7087453156770502,08a400000e0026ac0000,310.0,0.0,3.58,99.0,0
2023-02-03 12:47:05.047687+00:00,70B3D54991EB3BA5,ECHO #2,Echo,Crossden burn @ Greenford Farm,56.55409349771759,-2.7087453156770502,08a400000d9c26ac0000,310.0,0.0,3.48,99.0,0
2023-02-03 13:02:50.492312+00:00,70B3D54991EB3BA5,ECHO #2,Echo,Crossden burn @ Greenford Farm,56.55409349771759,-2.7087453156770502,08a500000ddc26ac0000,309.0,0.0,3.55,99.0,0
2023-02-03 13:18:35.304029+00:00,70B3D54991EB3BA5,ECHO #2,Echo,Crossden burn @ Greenford Farm,56.55409349771759,-2.7087453156770502,08a600000dfc26ac0000,308.0,0.0,3.58,99.0,0
2023-02-03 13:34:20.678059+00:00,70B3D54991EB3BA5,ECHO #2,Echo,Crossden burn @ Greenford Farm,56.55409349771759,-2.7087453156770502,08a600000df826ac0000,308.0,0.0,3.58,99.0,0
2023-02-03 13:50:10.095464+00:00,70B3D54991EB3BA5,ECHO #2,Echo,Crossden burn @ Greenford Farm,56.55409349771759,-2.7087453156770502,08ad00000dfc26ac0000,301.0,0.0,3.58,99.0,0
2023-02-03 14:05:54.561931+00:00,70B3D54991EB3BA5,ECHO #2,Echo,Crossden burn @ Greenford Farm,56.55409349771759,-2.7087453156770502,08ab00000de426ac0000,303.0,0.0,3.56,99.0,0
2023-02-03 14:21:39.935412+00:00,70B3D54991EB3BA5,ECHO #2,Echo,Crossden burn @ Greenford Farm,56.55409349771759,-2.7087453156770502,08aa00000d9426ac0000,304.0,0.0,3.48,99.0,0
2023-02-03 14:37:24.426465+00:00,70B3D54991EB3BA5,ECHO #2,Echo,Crossden burn @ Greenford Farm,56.55409349771759,-2.7087453156770502,08ab00000da826ac0000,303.0,0.0,3.5,99.0,0
2023-02-03 14:53:09.790274+00:00,70B3D54991EB3BA5,ECHO #2,Echo,Crossden burn @ Greenford Farm,56.55409349771759,-2.7087453156770502,08ab00000de426ac0000,303.0,0.0,3.56,99.0,0
2023-02-03 15:08:53.958705+00:00,70B3D54991EB3BA5,ECHO #2,Echo,Crossden burn @ Greenford Farm,56.55409349771759,-2.7087453156770502,08ac00000db026ac0000,302.0,0.0,3.5,99.0,0
2023-02-03 15:24:40.426347+00:00,70B3D54991EB3BA5,ECHO #2,Echo,Crossden burn @ Greenford Farm,56.55409349771759,-2.7087453156770502,08aa00000d8c26ac0000,304.0,0.0,3.47,99.0,0
2023-02-03 15:40:24.942249+00:00,70B3D54991EB3BA5,ECHO #2,Echo,Crossden burn @ Greenford Farm,56.55409349771759,-2.7087453156770502,08aa00000dec26ac0000,304.0,0.0,3.56,99.0,0
2023-02-03 15:56:09.213651+00:00,70B3D54991EB3BA5,ECHO #2,Echo,Crossden burn @ Greenford Farm,56.55409349771759,-2.7087453156770502,08ab00000ddc26ac0000,303.0,0.0,3.55,99.0,0
2023-02-03 16:11:53.418333+00:00,70B3D54991EB3BA5,ECHO #2,Echo,Crossden burn @ Greenford Farm,56.55409349771759,-2.7087453156770502,08a700000d9826ac0000,307.0,0.0,3.48,99.0,0
2023-02-03 16:27:37.930387+00:00,70B3D54991EB3BA5,ECHO #2,Echo,Crossden burn @ Greenford Farm,56.55409349771759,-2.7087453156770502,08a900000d8426ac0000,305.0,0.0,3.46,99.0,0
2023-02-03 16:43:25.267258+00:00,70B3D54991EB3BA5,ECHO #2,Echo,Crossden burn @ Greenford Farm,56.55409349771759,-2.7087453156770502,08a300000dc426ac0000,311.0,0.0,3.52,99.0,0
2023-02-03 16:59:13.165656+00:00,70B3D54991EB3BA5,ECHO #2,Echo,Crossden burn @ Greenford Farm,56.55409349771759,-2.7087453156770502,08aa00000dcc26ac0000,304.0,0.0,3.53,99.0,0
2023-02-03 17:14:56.977528+00:00,70B3D54991EB3BA5,ECHO #2,Echo,Crossden burn @ Greenford Farm,56.55409349771759,-2.7087453156770502,08aa00000dec26ac0000,304.0,0.0,3.56,99.0,0
2023-02-03 17:30:40.609839+00:00,70B3D54991EB3BA5,ECHO #2,Echo,Crossden burn @ Greenford Farm,56.55409349771759,-2.7087453156770502,08a800000d7c26ac0000,306.0,0.0,3.45,99.0,0
2023-02-03 17:46:25.092102+00:00,70B3D54991EB3BA5,ECHO #2,Echo,Crossden burn @ Greenford Farm,56.55409349771759,-2.7087453156770502,08a400000de826ac0000,310.0,0.0,3.56,99.0,0
2023-02-03 18:02:10.276038+00:00,70B3D54991EB3BA5,ECHO #2,Echo,Crossden burn @ Greenford Farm,56.55409349771759,-2.7087453156770502,08a300000d8026ac0000,311.0,0.0,3.46,99.0,0
2023-02-03 18:17:57.588311+00:00,70B3D54991EB3BA5,ECHO #2,Echo,Crossden burn @ Greenford Farm,56.55409349771759,-2.7087453156770502,08b000000d9026ac0000,298.0,0.0,3.47,99.0,0
2023-02-03 18:33:44.589727+00:00,70B3D54991EB3BA5,ECHO #2,Echo,Crossden burn @ Greenford Farm,56.55409349771759,-2.7087453156770502,08a800000de026ac0000,306.0,0.0,3.55,99.0,0
2023-02-03 18:49:31.604348+00:00,70B3D54991EB3BA5,ECHO #2,Echo,Crossden burn @ Greenford Farm,56.55409349771759,-2.7087453156770502,08ae00000dcc26ac0000,300.0,0.0,3.53,99.0,0
2023-02-03 19:05:19.615326+00:00,70B3D54991EB3BA5,ECHO #2,Echo,Crossden burn @ Greenford Farm,56.55409349771759,-2.7087453156770502,08a800000da426ac0000,306.0,0.0,3.49,99.0,0
2023-02-03 19:21:07.159339+00:00,70B3D54991EB3BA5,ECHO #2,Echo,Crossden burn @ Greenford Farm,56.55409349771759,-2.7087453156770502,08ad00000da426ac0000,301.0,0.0,3.49,99.0,0
2023-02-03 19:36:53.401655+00:00,70B3D54991EB3BA5,ECHO #2,Echo,Crossden burn @ Greenford Farm,56.55409349771759,-2.7087453156770502,08a900000de826ac0000,305.0,0.0,3.56,99.0,0
2023-02-03 19:52:38.086031+00:00,70B3D54991EB3BA5,ECHO #2,Echo,Crossden burn @ Greenford Farm,56.55409349771759,-2.7087453156770502,08a900000dac26ac0000,305.0,0.0,3.5,99.0,0
2023-02-03 20:08:22.766496+00:00,70B3D54991EB3BA5,ECHO #2,Echo,Crossden burn @ Greenford Farm,56.55409349771759,-2.7087453156770502,08a800000d8426ac0000,306.0,0.0,3.46,99.0,0
2023-02-03 20:24:06.727524+00:00,70B3D54991EB3BA5,ECHO #2,Echo,Crossden burn @ Greenford Farm,56.55409349771759,-2.7087453156770502,08a700000d7026ac0000,307.0,0.0,3.44,99.0,0
2023-02-03 20:39:51.341971+00:00,70B3D54991EB3BA5,ECHO #2,Echo,Crossden burn @ Greenford Farm,56.55409349771759,-2.7087453156770502,08ab00000de826ac0000,303.0,0.0,3.56,99.0,0
2023-02-03 20:55:38.860591+00:00,70B3D54991EB3BA5,ECHO #2,Echo,Crossden burn @ Greenford Farm,56.55409349771759,-2.7087453156770502,08a300000d9026ac0000,311.0,0.0,3.47,99.0,0
2023-02-03 21:11:25.000525+00:00,70B3D54991EB3BA5,ECHO #2,Echo,Crossden burn @ Greenford Farm,56.55409349771759,-2.7087453156770502,08a300000de826ac0000,311.0,0.0,3.56,99.0,0
2023-02-03 21:27:10.528054+00:00,70B3D54991EB3BA5,ECHO #2,Echo,Crossden burn @ Greenford Farm,56.55409349771759,-2.7087453156770502,08a700000dec26ac0000,307.0,0.0,3.56,99.0,0
2023-02-03 21:42:55.793356+00:00,70B3D54991EB3BA5,ECHO #2,Echo,Crossden burn @ Greenford Farm,56.55409349771759,-2.7087453156770502,08a500000dd826ac0000,309.0,0.0,3.54,99.0,0
2023-02-03 21:58:44.284145+00:00,70B3D54991EB3BA5,ECHO #2,Echo,Crossden burn @ Greenford Farm,56.55409349771759,-2.7087453156770502,089d00000d9c26ac0000,317.0,0.0,3.48,99.0,0
2023-02-03 22:14:32.551410+00:00,70B3D54991EB3BA5,ECHO #2,Echo,Crossden burn @ Greenford Farm,56.55409349771759,-2.7087453156770502,08a500000d9c26ac0000,309.0,0.0,3.48,99.0,0
2023-02-03 22:30:19.561274+00:00,70B3D54991EB3BA5,ECHO #2,Echo,Crossden burn @ Greenford Farm,56.55409349771759,-2.7087453156770502,08a100000d9826ac0000,313.0,0.0,3.48,99.0,0
2023-02-03 22:46:04.836741+00:00,70B3D54991EB3BA5,ECHO #2,Echo,Crossden burn @ Greenford Farm,56.55409349771759,-2.7087453156770502,08a400000de026ac0000,310.0,0.0,3.55,99.0,0
2023-02-03 23:01:51.241651+00:00,70B3D54991EB3BA5,ECHO #2,Echo,Crossden burn @ Greenford Farm,56.55409349771759,-2.7087453156770502,08a400000d7c26ac0000,310.0,0.0,3.45,99.0,0
2023-02-03 23:17:36.245322+00:00,70B3D54991EB3BA5,ECHO #2,Echo,Crossden burn @ Greenford Farm,56.55409349771759,-2.7087453156770502,08a400000d9826ac0000,310.0,0.0,3.48,99.0,0
2023-02-03 23:33:21.075663+00:00,70B3D54991EB3BA5,ECHO #2,Echo,Crossden burn @ Greenford Farm,56.55409349771759,-2.7087453156770502,08a300000dc426ac0000,311.0,0.0,3.52,99.0,0
2023-02-03 23:49:06.763696+00:00,70B3D54991EB3BA5,ECHO #2,Echo,Crossden burn @ Greenford Farm,56.55409349771759,-2.7087453156770502,08a600000df026ac0000,308.0,0.0,3.57,99.0,0
2023-02-04 00:04:51.563140+00:00,70B3D54991EB3BA5,ECHO #2,Echo,Crossden burn @ Greenford Farm,56.55409349771759,-2.7087453156770502,08a500000df426ac0000,309.0,0.0,3.57,99.0,0
2023-02-04 00:20:36.479823+00:00,70B3D54991EB3BA5,ECHO #2,Echo,Crossden burn @ Greenford Farm,56.55409349771759,-2.7087453156770502,08a900000dc426ac0000,305.0,0.0,3.52,99.0,0
2023-02-04 00:36:21.176972+00:00,70B3D54991EB3BA5,ECHO #2,Echo,Crossden burn @ Greenford Farm,56.55409349771759,-2.7087453156770502,08a500000da426ac0000,309.0,0.0,3.49,99.0,0
2023-02-04 00:52:05.843609+00:00,70B3D54991EB3BA5,ECHO #2,Echo,Crossden burn @ Greenford Farm,56.55409349771759,-2.7087453156770502,08a400000db426ac0000,310.0,0.0,3.51,99.0,0
2023-02-04 01:07:51.465709+00:00,70B3D54991EB3BA5,ECHO #2,Echo,Crossden burn @ Greenford Farm,56.55409349771759,-2.7087453156770502,08a500000da826ac0000,309.0,0.0,3.5,99.0,0
2023-02-04 01:39:21.873019+00:00,70B3D54991EB3BA5,ECHO #2,Echo,Crossden burn @ Greenford Farm,56.55409349771759,-2.7087453156770502,08a400000de026ac0000,310.0,0.0,3.55,99.0,0
2023-02-04 01:55:06.639662+00:00,70B3D54991EB3BA5,ECHO #2,Echo,Crossden burn @ Greenford Farm,56.55409349771759,-2.7087453156770502,08a800000de826ac0000,306.0,0.0,3.56,99.0,0
2023-02-04 02:10:51.963519+00:00,70B3D54991EB3BA5,ECHO #2,Echo,Crossden burn @ Greenford Farm,56.55409349771759,-2.7087453156770502,08a600000df426ac0000,308.0,0.0,3.57,99.0,0
2023-02-04 02:26:36.452849+00:00,70B3D54991EB3BA5,ECHO #2,Echo,Crossden burn @ Greenford Farm,56.55409349771759,-2.7087453156770502,08a300000dcc26ac0000,311.0,0.0,3.53,99.0,0
2023-02-04 02:42:23.589890+00:00,70B3D54991EB3BA5,ECHO #2,Echo,Crossden burn @ Greenford Farm,56.55409349771759,-2.7087453156770502,08a600000d8c26ac0000,308.0,0.0,3.47,99.0,0
2023-02-04 02:58:08.436468+00:00,70B3D54991EB3BA5,ECHO #2,Echo,Crossden burn @ Greenford Farm,56.55409349771759,-2.7087453156770502,08a800000da426ac0000,306.0,0.0,3.49,99.0,0
2023-02-04 03:13:52.887172+00:00,70B3D54991EB3BA5,ECHO #2,Echo,Crossden burn @ Greenford Farm,56.55409349771759,-2.7087453156770502,08a400000de426ac0000,310.0,0.0,3.56,99.0,0
2023-02-04 03:29:37.671974+00:00,70B3D54991EB3BA5,ECHO #2,Echo,Crossden burn @ Greenford Farm,56.55409349771759,-2.7087453156770502,08a700000dcc26ac0000,307.0,0.0,3.53,99.0,0
2023-02-04 03:45:22.895288+00:00,70B3D54991EB3BA5,ECHO #2,Echo,Crossden burn @ Greenford Farm,56.55409349771759,-2.7087453156770502,08a600000dd826ac0000,308.0,0.0,3.54,99.0,0
2023-02-04 04:01:07.777998+00:00,70B3D54991EB3BA5,ECHO #2,Echo,Crossden burn @ Greenford Farm,56.55409349771759,-2.7087453156770502,08a700000d7c26ac0000,307.0,0.0,3.45,99.0,0
2023-02-04 04:16:52.413676+00:00,70B3D54991EB3BA5,ECHO #2,Echo,Crossden burn @ Greenford Farm,56.55409349771759,-2.7087453156770502,08a700000d8026ac0000,307.0,0.0,3.46,99.0,0
2023-02-04 04:32:37.617720+00:00,70B3D54991EB3BA5,ECHO #2,Echo,Crossden burn @ Greenford Farm,56.55409349771759,-2.7087453156770502,08a700000dcc26ac0000,307.0,0.0,3.53,99.0,0
2023-02-04 04:48:23.322241+00:00,70B3D54991EB3BA5,ECHO #2,Echo,Crossden burn @ Greenford Farm,56.55409349771759,-2.7087453156770502,08a600000dd426ac0000,308.0,0.0,3.54,99.0,0
2023-02-04 05:04:08.244349+00:00,70B3D54991EB3BA5,ECHO #2,Echo,Crossden burn @ Greenford Farm,56.55409349771759,-2.7087453156770502,08a900000db426ac0000,305.0,0.0,3.51,99.0,0
2023-02-04 05:19:52.761625+00:00,70B3D54991EB3BA5,ECHO #2,Echo,Crossden burn @ Greenford Farm,56.55409349771759,-2.7087453156770502,08a900000d7c26ac0000,305.0,0.0,3.45,99.0,0
2023-02-04 05:35:37.663973+00:00,70B3D54991EB3BA5,ECHO #2,Echo,Crossden burn @ Greenford Farm,56.55409349771759,-2.7087453156770502,08a800000dc026ac0000,306.0,0.0,3.52,99.0,0
2023-02-04 05:51:22.234501+00:00,70B3D54991EB3BA5,ECHO #2,Echo,Crossden burn @ Greenford Farm,56.55409349771759,-2.7087453156770502,08a600000e0c26ac0000,308.0,0.0,3.6,99.0,0
2023-02-04 06:07:06.704428+00:00,70B3D54991EB3BA5,ECHO #2,Echo,Crossden burn @ Greenford Farm,56.55409349771759,-2.7087453156770502,08a400000d9c26ac0000,310.0,0.0,3.48,99.0,0
2023-02-04 06:22:51.615020+00:00,70B3D54991EB3BA5,ECHO #2,Echo,Crossden burn @ Greenford Farm,56.55409349771759,-2.7087453156770502,08a700000de826ac0000,307.0,0.0,3.56,99.0,0
2023-02-04 06:38:36.575963+00:00,70B3D54991EB3BA5,ECHO #2,Echo,Crossden burn @ Greenford Farm,56.55409349771759,-2.7087453156770502,08a800000dc826ac0000,306.0,0.0,3.53,99.0,0
2023-02-04 06:54:21.305784+00:00,70B3D54991EB3BA5,ECHO #2,Echo,Crossden burn @ Greenford Farm,56.55409349771759,-2.7087453156770502,08a700000dcc26ac0000,307.0,0.0,3.53,99.0,0
2023-02-04 07:10:06.214961+00:00,70B3D54991EB3BA5,ECHO #2,Echo,Crossden burn @ Greenford Farm,56.55409349771759,-2.7087453156770502,08a800000dcc26ac0000,306.0,0.0,3.53,99.0,0
2023-02-04 07:25:50.772923+00:00,70B3D54991EB3BA5,ECHO #2,Echo,Crossden burn @ Greenford Farm,56.55409349771759,-2.7087453156770502,08aa00000d9c26ac0000,304.0,0.0,3.48,99.0,0
2023-02-04 07:41:35.607025+00:00,70B3D54991EB3BA5,ECHO #2,Echo,Crossden burn @ Greenford Farm,56.55409349771759,-2.7087453156770502,08a800000df426ac0000,306.0,0.0,3.57,99.0,0
2023-02-04 07:57:20.358165+00:00,70B3D54991EB3BA5,ECHO #2,Echo,Crossden burn @ Greenford Farm,56.55409349771759,-2.7087453156770502,08a700000d9c26ac0000,307.0,0.0,3.48,99.0,0
2023-02-04 08:28:50.060837+00:00,70B3D54991EB3BA5,ECHO #2,Echo,Crossden burn @ Greenford Farm,56.55409349771759,-2.7087453156770502,08a700000d9026ac0000,307.0,0.0,3.47,99.0,0
2023-02-04 08:44:34.750981+00:00,70B3D54991EB3BA5,ECHO #2,Echo,Crossden burn @ Greenford Farm,56.55409349771759,-2.7087453156770502,08a800000dd826ac0000,306.0,0.0,3.54,99.0,0
2023-02-04 09:00:19.100462+00:00,70B3D54991EB3BA5,ECHO #2,Echo,Crossden burn @ Greenford Farm,56.55409349771759,-2.7087453156770502,08a600000df026ac0000,308.0,0.0,3.57,99.0,0
2023-02-04 09:16:03.824776+00:00,70B3D54991EB3BA5,ECHO #2,Echo,Crossden burn @ Greenford Farm,56.55409349771759,-2.7087453156770502,08a800000d8026ac0000,306.0,0.0,3.46,99.0,0
2023-02-04 09:31:48.705345+00:00,70B3D54991EB3BA5,ECHO #2,Echo,Crossden burn @ Greenford Farm,56.55409349771759,-2.7087453156770502,08a700000db026ac0000,307.0,0.0,3.5,99.0,0
2023-02-04 09:47:33.323969+00:00,70B3D54991EB3BA5,ECHO #2,Echo,Crossden burn @ Greenford Farm,56.55409349771759,-2.7087453156770502,08a900000dd826ac0000,305.0,0.0,3.54,99.0,0
2023-02-04 10:03:18.549564+00:00,70B3D54991EB3BA5,ECHO #2,Echo,Crossden burn @ Greenford Farm,56.55409349771759,-2.7087453156770502,08ab00000d8c26ac0000,303.0,0.0,3.47,99.0,0
2023-02-04 10:19:03.920408+00:00,70B3D54991EB3BA5,ECHO #2,Echo,Crossden burn @ Greenford Farm,56.55409349771759,-2.7087453156770502,08aa00000dc026ac0000,304.0,0.0,3.52,99.0,0
2023-02-04 10:50:34.336452+00:00,70B3D54991EB3BA5,ECHO #2,Echo,Crossden burn @ Greenford Farm,56.55409349771759,-2.7087453156770502,08a800000d9026ac0000,306.0,0.0,3.47,99.0,0
2023-02-04 11:06:19.720504+00:00,70B3D54991EB3BA5,ECHO #2,Echo,Crossden burn @ Greenford Farm,56.55409349771759,-2.7087453156770502,08ac00000e0826ac0000,302.0,0.0,3.59,99.0,0
2023-02-04 11:22:05.105699+00:00,70B3D54991EB3BA5,ECHO #2,Echo,Crossden burn @ Greenford Farm,56.55409349771759,-2.7087453156770502,08ab00000da426ac0000,303.0,0.0,3.49,99.0,0
2023-02-04 11:37:49.799910+00:00,70B3D54991EB3BA5,ECHO #2,Echo,Crossden burn @ Greenford Farm,56.55409349771759,-2.7087453156770502,08a900000dec26ac0000,305.0,0.0,3.56,99.0,0
2023-02-04 11:53:34.852591+00:00,70B3D54991EB3BA5,ECHO #2,Echo,Crossden burn @ Greenford Farm,56.55409349771759,-2.7087453156770502,08aa00000d8c26ac0000,304.0,0.0,3.47,99.0,0
2023-02-04 12:09:20.124763+00:00,70B3D54991EB3BA5,ECHO #2,Echo,Crossden burn @ Greenford Farm,56.55409349771759,-2.7087453156770502,08ab00000dc826ac0000,303.0,0.0,3.53,99.0,0
2023-02-04 12:25:05.610202+00:00,70B3D54991EB3BA5,ECHO #2,Echo,Crossden burn @ Greenford Farm,56.55409349771759,-2.7087453156770502,08ac00000db426ac0000,302.0,0.0,3.51,99.0,0
2023-02-04 12:40:50.321253+00:00,70B3D54991EB3BA5,ECHO #2,Echo,Crossden burn @ Greenford Farm,56.55409349771759,-2.7087453156770502,08ac00000dc026ac0000,302.0,0.0,3.52,99.0,0
2023-02-04 12:56:35.200862+00:00,70B3D54991EB3BA5,ECHO #2,Echo,Crossden burn @ Greenford Farm,56.55409349771759,-2.7087453156770502,08ad00000da826ac0000,301.0,0.0,3.5,99.0,0
2023-02-04 13:12:19.459650+00:00,70B3D54991EB3BA5,ECHO #2,Echo,Crossden burn @ Greenford Farm,56.55409349771759,-2.7087453156770502,08ab00000d9026ac0000,303.0,0.0,3.47,99.0,0
2023-02-04 13:28:04.090321+00:00,70B3D54991EB3BA5,ECHO #2,Echo,Crossden burn @ Greenford Farm,56.55409349771759,-2.7087453156770502,08ac00000d8426ac0000,302.0,0.0,3.46,99.0,0
2023-02-04 13:43:48.922610+00:00,70B3D54991EB3BA5,ECHO #2,Echo,Crossden burn @ Greenford Farm,56.55409349771759,-2.7087453156770502,08ad00000dc826ac0000,301.0,0.0,3.53,99.0,0
2023-02-04 13:59:33.869410+00:00,70B3D54991EB3BA5,ECHO #2,Echo,Crossden burn @ Greenford Farm,56.55409349771759,-2.7087453156770502,08ab00000d9426ac0000,303.0,0.0,3.48,99.0,0
2023-02-04 14:15:18.021129+00:00,70B3D54991EB3BA5,ECHO #2,Echo,Crossden burn @ Greenford Farm,56.55409349771759,-2.7087453156770502,08a900000dcc26ac0000,305.0,0.0,3.53,99.0,0
2023-02-04 14:46:48.340086+00:00,70B3D54991EB3BA5,ECHO #2,Echo,Crossden burn @ Greenford Farm,56.55409349771759,-2.7087453156770502,08aa00000e1826ac0000,304.0,0.0,3.61,99.0,0
2023-02-04 15:02:32.278584+00:00,70B3D54991EB3BA5,ECHO #2,Echo,Crossden burn @ Greenford Farm,56.55409349771759,-2.7087453156770502,08ac00000de426ac0000,302.0,0.0,3.56,99.0,0
2023-02-04 15:18:18.135092+00:00,70B3D54991EB3BA5,ECHO #2,Echo,Crossden burn @ Greenford Farm,56.55409349771759,-2.7087453156770502,08ab00000dec26ac0000,303.0,0.0,3.56,99.0,0
2023-02-04 15:34:02.733340+00:00,70B3D54991EB3BA5,ECHO #2,Echo,Crossden burn @ Greenford Farm,56.55409349771759,-2.7087453156770502,08a900000ddc26ac0000,305.0,0.0,3.55,99.0,0
2023-02-04 15:49:47.873113+00:00,70B3D54991EB3BA5,ECHO #2,Echo,Crossden burn @ Greenford Farm,56.55409349771759,-2.7087453156770502,08ac00000dfc26ac0000,302.0,0.0,3.58,99.0,0
2023-02-04 16:05:32.164434+00:00,70B3D54991EB3BA5,ECHO #2,Echo,Crossden burn @ Greenford Farm,56.55409349771759,-2.7087453156770502,08aa00000db426ac0000,304.0,0.0,3.51,99.0,0
2023-02-04 16:21:17.251619+00:00,70B3D54991EB3BA5,ECHO #2,Echo,Crossden burn @ Greenford Farm,56.55409349771759,-2.7087453156770502,08a800000de826ac0000,306.0,0.0,3.56,99.0,0
2023-02-04 16:37:01.493694+00:00,70B3D54991EB3BA5,ECHO #2,Echo,Crossden burn @ Greenford Farm,56.55409349771759,-2.7087453156770502,08a900000d9826ac0000,305.0,0.0,3.48,99.0,0
2023-02-04 16:52:45.794488+00:00,70B3D54991EB3BA5,ECHO #2,Echo,Crossden burn @ Greenford Farm,56.55409349771759,-2.7087453156770502,08a900000e0c26ac0000,305.0,0.0,3.6,99.0,0
2023-02-04 17:08:33.097594+00:00,70B3D54991EB3BA5,ECHO #2,Echo,Crossden burn @ Greenford Farm,56.55409349771759,-2.7087453156770502,08ac00000de826ac0000,302.0,0.0,3.56,99.0,0
2023-02-04 17:24:17.771526+00:00,70B3D54991EB3BA5,ECHO #2,Echo,Crossden burn @ Greenford Farm,56.55409349771759,-2.7087453156770502,08a900000dd026ac0000,305.0,0.0,3.54,99.0,0
2023-02-04 17:40:02.281755+00:00,70B3D54991EB3BA5,ECHO #2,Echo,Crossden burn @ Greenford Farm,56.55409349771759,-2.7087453156770502,08aa00000da026ac0000,304.0,0.0,3.49,99.0,0
2023-02-04 17:55:46.577946+00:00,70B3D54991EB3BA5,ECHO #2,Echo,Crossden burn @ Greenford Farm,56.55409349771759,-2.7087453156770502,08ab00000da026ac0000,303.0,0.0,3.49,99.0,0
2023-02-04 18:11:31.697410+00:00,70B3D54991EB3BA5,ECHO #2,Echo,Crossden burn @ Greenford Farm,56.55409349771759,-2.7087453156770502,08af00000dd426ac0000,299.0,0.0,3.54,99.0,0
2023-02-04 18:27:16.749294+00:00,70B3D54991EB3BA5,ECHO #2,Echo,Crossden burn @ Greenford Farm,56.55409349771759,-2.7087453156770502,08ac00000de026ac0000,302.0,0.0,3.55,99.0,0
2023-02-04 18:43:01.876550+00:00,70B3D54991EB3BA5,ECHO #2,Echo,Crossden burn @ Greenford Farm,56.55409349771759,-2.7087453156770502,08ad00000da426ac0000,301.0,0.0,3.49,99.0,0
2023-02-04 18:58:47.637924+00:00,70B3D54991EB3BA5,ECHO #2,Echo,Crossden burn @ Greenford Farm,56.55409349771759,-2.7087453156770502,08ab00000db426ac0000,303.0,0.0,3.51,99.0,0
2023-02-04 19:14:32.118840+00:00,70B3D54991EB3BA5,ECHO #2,Echo,Crossden burn @ Greenford Farm,56.55409349771759,-2.7087453156770502,08ac00000d7826ac0000,302.0,0.0,3.45,99.0,0
2023-02-04 19:30:16.439576+00:00,70B3D54991EB3BA5,ECHO #2,Echo,Crossden burn @ Greenford Farm,56.55409349771759,-2.7087453156770502,08af00000dec26ac0000,299.0,0.0,3.56,99.0,0
2023-02-04 19:46:00.993518+00:00,70B3D54991EB3BA5,ECHO #2,Echo,Crossden burn @ Greenford Farm,56.55409349771759,-2.7087453156770502,08ae00000d9826ac0000,300.0,0.0,3.48,99.0,0
2023-02-04 20:01:45.508532+00:00,70B3D54991EB3BA5,ECHO #2,Echo,Crossden burn @ Greenford Farm,56.55409349771759,-2.7087453156770502,08ac00000db426ac0000,302.0,0.0,3.51,99.0,0
2023-02-04 20:17:29.894584+00:00,70B3D54991EB3BA5,ECHO #2,Echo,Crossden burn @ Greenford Farm,56.55409349771759,-2.7087453156770502,08af00000de026ac0000,299.0,0.0,3.55,99.0,0
2023-02-04 20:48:59.312804+00:00,70B3D54991EB3BA5,ECHO #2,Echo,Crossden burn @ Greenford Farm,56.55409349771759,-2.7087453156770502,08ae00000dc826ac0000,300.0,0.0,3.53,99.0,0
2023-02-04 21:04:43.790255+00:00,70B3D54991EB3BA5,ECHO #2,Echo,Crossden burn @ Greenford Farm,56.55409349771759,-2.7087453156770502,08af00000da426ac0000,299.0,0.0,3.49,99.0,0
2023-02-04 21:20:27.574286+00:00,70B3D54991EB3BA5,ECHO #2,Echo,Crossden burn @ Greenford Farm,56.55409349771759,-2.7087453156770502,08ae00000dc826ac0000,300.0,0.0,3.53,99.0,0
2023-02-04 21:36:12.856072+00:00,70B3D54991EB3BA5,ECHO #2,Echo,Crossden burn @ Greenford Farm,56.55409349771759,-2.7087453156770502,08b000000dd826ac0000,298.0,0.0,3.54,99.0,0
2023-02-04 21:51:57.657331+00:00,70B3D54991EB3BA5,ECHO #2,Echo,Crossden burn @ Greenford Farm,56.55409349771759,-2.7087453156770502,08ae00000ddc26ac0000,300.0,0.0,3.55,99.0,0
2023-02-04 22:07:43.533671+00:00,70B3D54991EB3BA5,ECHO #2,Echo,Crossden burn @ Greenford Farm,56.55409349771759,-2.7087453156770502,08ad00000dd026ac0000,301.0,0.0,3.54,99.0,0
2023-02-04 22:23:26.967928+00:00,70B3D54991EB3BA5,ECHO #2,Echo,Crossden burn @ Greenford Farm,56.55409349771759,-2.7087453156770502,08b100000dcc26ac0000,297.0,0.0,3.53,99.0,0
2023-02-04 22:39:11.679849+00:00,70B3D54991EB3BA5,ECHO #2,Echo,Crossden burn @ Greenford Farm,56.55409349771759,-2.7087453156770502,08b200000dd826ac0000,296.0,0.0,3.54,99.0,0
2023-02-04 22:54:55.479447+00:00,70B3D54991EB3BA5,ECHO #2,Echo,Crossden burn @ Greenford Farm,56.55409349771759,-2.7087453156770502,08b300000d6426ac0000,295.0,0.0,3.43,99.0,0
2023-02-04 23:10:43.871986+00:00,70B3D54991EB3BA5,ECHO #2,Echo,Crossden burn @ Greenford Farm,56.55409349771759,-2.7087453156770502,08ae00000dd826ac0000,300.0,0.0,3.54,99.0,0
2023-02-04 23:26:29.290522+00:00,70B3D54991EB3BA5,ECHO #2,Echo,Crossden burn @ Greenford Farm,56.55409349771759,-2.7087453156770502,08ad00000de426ac0000,301.0,0.0,3.56,99.0,0
2023-02-04 23:42:17.670714+00:00,70B3D54991EB3BA5,ECHO #2,Echo,Crossden burn @ Greenford Farm,56.55409349771759,-2.7087453156770502,08b500000d7c26ac0000,293.0,0.0,3.45,99.0,0
2023-02-04 23:58:01.705207+00:00,70B3D54991EB3BA5,ECHO #2,Echo,Crossden burn @ Greenford Farm,56.55409349771759,-2.7087453156770502,08b300000df426ac0000,295.0,0.0,3.57,99.0,0
2023-02-05 00:13:46.635273+00:00,70B3D54991EB3BA5,ECHO #2,Echo,Crossden burn @ Greenford Farm,56.55409349771759,-2.7087453156770502,08b000000ddc26ac0000,298.0,0.0,3.55,99.0,0
2023-02-05 00:29:31.894371+00:00,70B3D54991EB3BA5,ECHO #2,Echo,Crossden burn @ Greenford Farm,56.55409349771759,-2.7087453156770502,08b200000dc826ac0000,296.0,0.0,3.53,99.0,0
2023-02-05 01:01:01.699406+00:00,70B3D54991EB3BA5,ECHO #2,Echo,Crossden burn @ Greenford Farm,56.55409349771759,-2.7087453156770502,08b100000dcc26ac0000,297.0,0.0,3.53,99.0,0
2023-02-05 01:16:47.117976+00:00,70B3D54991EB3BA5,ECHO #2,Echo,Crossden burn @ Greenford Farm,56.55409349771759,-2.7087453156770502,08ad00000d9426ac0000,301.0,0.0,3.48,99.0,0
2023-02-05 01:32:35.618715+00:00,70B3D54991EB3BA5,ECHO #2,Echo,Crossden burn @ Greenford Farm,56.55409349771759,-2.7087453156770502,08b200000dc426ac0000,296.0,0.0,3.52,99.0,0
2023-02-05 01:48:19.636250+00:00,70B3D54991EB3BA5,ECHO #2,Echo,Crossden burn @ Greenford Farm,56.55409349771759,-2.7087453156770502,08b300000dd026ac0000,295.0,0.0,3.54,99.0,0
2023-02-05 02:04:04.201165+00:00,70B3D54991EB3BA5,ECHO #2,Echo,Crossden burn @ Greenford Farm,56.55409349771759,-2.7087453156770502,08b000000da426ac0000,298.0,0.0,3.49,99.0,0
2023-02-05 02:19:49.099655+00:00,70B3D54991EB3BA5,ECHO #2,Echo,Crossden burn @ Greenford Farm,56.55409349771759,-2.7087453156770502,08b300000dd426ac0000,295.0,0.0,3.54,99.0,0
2023-02-05 02:35:34.163438+00:00,70B3D54991EB3BA5,ECHO #2,Echo,Crossden burn @ Greenford Farm,56.55409349771759,-2.7087453156770502,08af00000db426ac0000,299.0,0.0,3.51,99.0,0
2023-02-05 02:51:18.952180+00:00,70B3D54991EB3BA5,ECHO #2,Echo,Crossden burn @ Greenford Farm,56.55409349771759,-2.7087453156770502,08b300000ddc26ac0000,295.0,0.0,3.55,99.0,0
2023-02-05 03:07:04.337523+00:00,70B3D54991EB3BA5,ECHO #2,Echo,Crossden burn @ Greenford Farm,56.55409349771759,-2.7087453156770502,08af00000d5826ac0000,299.0,0.0,3.42,99.0,0
2023-02-05 03:22:52.365175+00:00,70B3D54991EB3BA5,ECHO #2,Echo,Crossden burn @ Greenford Farm,56.55409349771759,-2.7087453156770502,08b700000df426ac0000,291.0,0.0,3.57,99.0,0
2023-02-05 03:38:35.942387+00:00,70B3D54991EB3BA5,ECHO #2,Echo,Crossden burn @ Greenford Farm,56.55409349771759,-2.7087453156770502,08b300000dd426ac0000,295.0,0.0,3.54,99.0,0
2023-02-05 03:54:21.263342+00:00,70B3D54991EB3BA5,ECHO #2,Echo,Crossden burn @ Greenford Farm,56.55409349771759,-2.7087453156770502,08b000000d9026ac0000,298.0,0.0,3.47,99.0,0
2023-02-05 04:10:09.397799+00:00,70B3D54991EB3BA5,ECHO #2,Echo,Crossden burn @ Greenford Farm,56.55409349771759,-2.7087453156770502,08b900000dcc26ac0000,289.0,0.0,3.53,99.0,0
2023-02-05 04:25:54.657298+00:00,70B3D54991EB3BA5,ECHO #2,Echo,Crossden burn @ Greenford Farm,56.55409349771759,-2.7087453156770502,08bb00000db426ac0000,287.0,0.0,3.51,99.0,0
2023-02-05 04:41:42.249649+00:00,70B3D54991EB3BA5,ECHO #2,Echo,Crossden burn @ Greenford Farm,56.55409349771759,-2.7087453156770502,08b500000dd426ac0000,293.0,0.0,3.54,99.0,0
2023-02-05 04:57:25.844443+00:00,70B3D54991EB3BA5,ECHO #2,Echo,Crossden burn @ Greenford Farm,56.55409349771759,-2.7087453156770502,08b400000de026ac0000,294.0,0.0,3.55,99.0,0
2023-02-05 05:13:11.477907+00:00,70B3D54991EB3BA5,ECHO #2,Echo,Crossden burn @ Greenford Farm,56.55409349771759,-2.7087453156770502,08b600000d9c26ac0000,292.0,0.0,3.48,99.0,0
2023-02-05 05:28:56.976670+00:00,70B3D54991EB3BA5,ECHO #2,Echo,Crossden burn @ Greenford Farm,56.55409349771759,-2.7087453156770502,08b500000dd826ac0000,293.0,0.0,3.54,99.0,0
2023-02-05 05:44:42.122588+00:00,70B3D54991EB3BA5,ECHO #2,Echo,Crossden burn @ Greenford Farm,56.55409349771759,-2.7087453156770502,08b700000df426ac0000,291.0,0.0,3.57,99.0,0
2023-02-05 06:16:10.818081+00:00,70B3D54991EB3BA5,ECHO #2,Echo,Crossden burn @ Greenford Farm,56.55409349771759,-2.7087453156770502,08b800000dc026ac0000,290.0,0.0,3.52,99.0,0
2023-02-05 06:31:56.236393+00:00,70B3D54991EB3BA5,ECHO #2,Echo,Crossden burn @ Greenford Farm,56.55409349771759,-2.7087453156770502,08b700000d9c26ac0000,291.0,0.0,3.48,99.0,0
2023-02-05 06:47:41.302939+00:00,70B3D54991EB3BA5,ECHO #2,Echo,Crossden burn @ Greenford Farm,56.55409349771759,-2.7087453156770502,08b400000dd026ac0000,294.0,0.0,3.54,99.0,0
2023-02-05 07:03:26.844392+00:00,70B3D54991EB3BA5,ECHO #2,Echo,Crossden burn @ Greenford Farm,56.55409349771759,-2.7087453156770502,08b400000dd026ac0000,294.0,0.0,3.54,99.0,0
2023-02-05 07:19:11.586104+00:00,70B3D54991EB3BA5,ECHO #2,Echo,Crossden burn @ Greenford Farm,56.55409349771759,-2.7087453156770502,08b800000dec26ac0000,290.0,0.0,3.56,99.0,0
2023-02-05 07:34:56.782503+00:00,70B3D54991EB3BA5,ECHO #2,Echo,Crossden burn @ Greenford Farm,56.55409349771759,-2.7087453156770502,08b700000dc426ac0000,291.0,0.0,3.52,99.0,0
2023-02-05 07:50:43.486824+00:00,70B3D54991EB3BA5,ECHO #2,Echo,Crossden burn @ Greenford Farm,56.55409349771759,-2.7087453156770502,08b300000de826ac0000,295.0,0.0,3.56,99.0,0
2023-02-05 08:06:29.454530+00:00,70B3D54991EB3BA5,ECHO #2,Echo,Crossden burn @ Greenford Farm,56.55409349771759,-2.7087453156770502,08b400000d9426ac0000,294.0,0.0,3.48,99.0,0
2023-02-05 08:38:00.909417+00:00,70B3D54991EB3BA5,ECHO #2,Echo,Crossden burn @ Greenford Farm,56.55409349771759,-2.7087453156770502,08b700000dc826ac0000,291.0,0.0,3.53,99.0,0
2023-02-05 08:53:48.033366+00:00,70B3D54991EB3BA5,ECHO #2,Echo,Crossden burn @ Greenford Farm,56.55409349771759,-2.7087453156770502,08b900000d7026ac0000,289.0,0.0,3.44,99.0,0
2023-02-05 09:09:32.048530+00:00,70B3D54991EB3BA5,ECHO #2,Echo,Crossden burn @ Greenford Farm,56.55409349771759,-2.7087453156770502,08b900000d9426ac0000,289.0,0.0,3.48,99.0,0
2023-02-05 09:25:17.824748+00:00,70B3D54991EB3BA5,ECHO #2,Echo,Crossden burn @ Greenford Farm,56.55409349771759,-2.7087453156770502,08b700000e0026ac0000,291.0,0.0,3.58,99.0,0
2023-02-05 09:41:03.535212+00:00,70B3D54991EB3BA5,ECHO #2,Echo,Crossden burn @ Greenford Farm,56.55409349771759,-2.7087453156770502,08b300000dd426ac0000,295.0,0.0,3.54,99.0,0
2023-02-05 09:56:52.302208+00:00,70B3D54991EB3BA5,ECHO #2,Echo,Crossden burn @ Greenford Farm,56.55409349771759,-2.7087453156770502,08b800000dd426ac0000,290.0,0.0,3.54,99.0,0
2023-02-05 10:12:40.392046+00:00,70B3D54991EB3BA5,ECHO #2,Echo,Crossden burn @ Greenford Farm,56.55409349771759,-2.7087453156770502,08b800000d9826ac0000,290.0,0.0,3.48,99.0,0
2023-02-05 10:28:25.764350+00:00,70B3D54991EB3BA5,ECHO #2,Echo,Crossden burn @ Greenford Farm,56.55409349771759,-2.7087453156770502,08b700000d7826ac0000,291.0,0.0,3.45,99.0,0
2023-02-05 10:44:11.030289+00:00,70B3D54991EB3BA5,ECHO #2,Echo,Crossden burn @ Greenford Farm,56.55409349771759,-2.7087453156770502,08b800000df826ac0000,290.0,0.0,3.58,99.0,0
2023-02-05 10:59:54.592913+00:00,70B3D54991EB3BA5,ECHO #2,Echo,Crossden burn @ Greenford Farm,56.55409349771759,-2.7087453156770502,08b500000d7c26ac0000,293.0,0.0,3.45,99.0,0
2023-02-05 11:15:40.000020+00:00,70B3D54991EB3BA5,ECHO #2,Echo,Crossden burn @ Greenford Farm,56.55409349771759,-2.7087453156770502,08b600000da826ac0000,292.0,0.0,3.5,99.0,0
2023-02-05 11:31:24.391408+00:00,70B3D54991EB3BA5,ECHO #2,Echo,Crossden burn @ Greenford Farm,56.55409349771759,-2.7087453156770502,08b900000d8826ac0000,289.0,0.0,3.46,99.0,0
2023-02-05 11:47:10.930934+00:00,70B3D54991EB3BA5,ECHO #2,Echo,Crossden burn @ Greenford Farm,56.55409349771759,-2.7087453156770502,08b800000ddc26ac0000,290.0,0.0,3.55,99.0,0
2023-02-05 12:02:55.984405+00:00,70B3D54991EB3BA5,ECHO #2,Echo,Crossden burn @ Greenford Farm,56.55409349771759,-2.7087453156770502,08ba00000dc426ac0000,288.0,0.0,3.52,99.0,0
2023-02-05 12:18:43.449861+00:00,70B3D54991EB3BA5,ECHO #2,Echo,Crossden burn @ Greenford Farm,56.55409349771759,-2.7087453156770502,08b800000da026ac0000,290.0,0.0,3.49,99.0,0
2023-02-05 12:34:27.114085+00:00,70B3D54991EB3BA5,ECHO #2,Echo,Crossden burn @ Greenford Farm,56.55409349771759,-2.7087453156770502,08b900000de026ac0000,289.0,0.0,3.55,99.0,0
2023-02-05 12:50:10.581882+00:00,70B3D54991EB3BA5,ECHO #2,Echo,Crossden burn @ Greenford Farm,56.55409349771759,-2.7087453156770502,08b800000da826ac0000,290.0,0.0,3.5,99.0,0
2023-02-05 13:05:56.550620+00:00,70B3D54991EB3BA5,ECHO #2,Echo,Crossden burn @ Greenford Farm,56.55409349771759,-2.7087453156770502,08ba00000dd426ac0000,288.0,0.0,3.54,99.0,0
2023-02-05 13:21:40.657162+00:00,70B3D54991EB3BA5,ECHO #2,Echo,Crossden burn @ Greenford Farm,56.55409349771759,-2.7087453156770502,08b900000dc826ac0000,289.0,0.0,3.53,99.0,0
2023-02-05 13:37:25.703878+00:00,70B3D54991EB3BA5,ECHO #2,Echo,Crossden burn @ Greenford Farm,56.55409349771759,-2.7087453156770502,08ba00000de826ac0000,288.0,0.0,3.56,99.0,0
2023-02-05 13:53:10.014076+00:00,70B3D54991EB3BA5,ECHO #2,Echo,Crossden burn @ Greenford Farm,56.55409349771759,-2.7087453156770502,08b600000dd026ac0000,292.0,0.0,3.54,99.0,0
2023-02-05 14:08:55.041071+00:00,70B3D54991EB3BA5,ECHO #2,Echo,Crossden burn @ Greenford Farm,56.55409349771759,-2.7087453156770502,08b700000de826ac0000,291.0,0.0,3.56,99.0,0
2023-02-05 14:24:40.305351+00:00,70B3D54991EB3BA5,ECHO #2,Echo,Crossden burn @ Greenford Farm,56.55409349771759,-2.7087453156770502,08b800000d7c26ac0000,290.0,0.0,3.45,99.0,0
2023-02-05 14:40:25.024459+00:00,70B3D54991EB3BA5,ECHO #2,Echo,Crossden burn @ Greenford Farm,56.55409349771759,-2.7087453156770502,08b800000d8026ac0000,290.0,0.0,3.46,99.0,0
2023-02-05 14:56:11.636046+00:00,70B3D54991EB3BA5,ECHO #2,Echo,Crossden burn @ Greenford Farm,56.55409349771759,-2.7087453156770502,08b400000de426ac0000,294.0,0.0,3.56,99.0,0
2023-02-05 15:11:56.039325+00:00,70B3D54991EB3BA5,ECHO #2,Echo,Crossden burn @ Greenford Farm,56.55409349771759,-2.7087453156770502,08b400000d7c26ac0000,294.0,0.0,3.45,99.0,0
2023-02-05 15:27:40.838704+00:00,70B3D54991EB3BA5,ECHO #2,Echo,Crossden burn @ Greenford Farm,56.55409349771759,-2.7087453156770502,08b300000de426ac0000,295.0,0.0,3.56,99.0,0
2023-02-05 15:43:25.783486+00:00,70B3D54991EB3BA5,ECHO #2,Echo,Crossden burn @ Greenford Farm,56.55409349771759,-2.7087453156770502,08b300000d7c26ac0000,295.0,0.0,3.45,99.0,0
2023-02-05 16:14:54.950926+00:00,70B3D54991EB3BA5,ECHO #2,Echo,Crossden burn @ Greenford Farm,56.55409349771759,-2.7087453156770502,08b300000da426ac0000,295.0,0.0,3.49,99.0,0
2023-02-05 16:30:39.413004+00:00,70B3D54991EB3BA5,ECHO #2,Echo,Crossden burn @ Greenford Farm,56.55409349771759,-2.7087453156770502,08b100000dc826ac0000,297.0,0.0,3.53,99.0,0
2023-02-05 16:46:23.985565+00:00,70B3D54991EB3BA5,ECHO #2,Echo,Crossden burn @ Greenford Farm,56.55409349771759,-2.7087453156770502,08b100000d8026ac0000,297.0,0.0,3.46,99.0,0
2023-02-05 17:02:09.248776+00:00,70B3D54991EB3BA5,ECHO #2,Echo,Crossden burn @ Greenford Farm,56.55409349771759,-2.7087453156770502,08b300000dc826ac0000,295.0,0.0,3.53,99.0,0
2023-02-05 17:17:53.040537+00:00,70B3D54991EB3BA5,ECHO #2,Echo,Crossden burn @ Greenford Farm,56.55409349771759,-2.7087453156770502,08b300000da426ac0000,295.0,0.0,3.49,99.0,0
2023-02-05 17:49:24.531971+00:00,70B3D54991EB3BA5,ECHO #2,Echo,Crossden burn @ Greenford Farm,56.55409349771759,-2.7087453156770502,08b400000d6c26ac0000,294.0,0.0,3.44,99.0,0
2023-02-05 18:05:09.021994+00:00,70B3D54991EB3BA5,ECHO #2,Echo,Crossden burn @ Greenford Farm,56.55409349771759,-2.7087453156770502,08b800000d5c26ac0000,290.0,0.0,3.42,99.0,0
2023-02-05 18:20:53.203851+00:00,70B3D54991EB3BA5,ECHO #2,Echo,Crossden burn @ Greenford Farm,56.55409349771759,-2.7087453156770502,08b800000dac26ac0000,290.0,0.0,3.5,99.0,0
2023-02-05 18:36:41.526473+00:00,70B3D54991EB3BA5,ECHO #2,Echo,Crossden burn @ Greenford Farm,56.55409349771759,-2.7087453156770502,08b300000d9026ac0000,295.0,0.0,3.47,99.0,0
2023-02-05 18:52:26.725232+00:00,70B3D54991EB3BA5,ECHO #2,Echo,Crossden burn @ Greenford Farm,56.55409349771759,-2.7087453156770502,08b700000d8026ac0000,291.0,0.0,3.46,99.0,0
2023-02-05 19:08:11.044961+00:00,70B3D54991EB3BA5,ECHO #2,Echo,Crossden burn @ Greenford Farm,56.55409349771759,-2.7087453156770502,08b800000d6c26ac0000,290.0,0.0,3.44,99.0,0
2023-02-05 19:23:58.592547+00:00,70B3D54991EB3BA5,ECHO #2,Echo,Crossden burn @ Greenford Farm,56.55409349771759,-2.7087453156770502,08af00000db426ac0000,299.0,0.0,3.51,99.0,0
2023-02-05 19:39:44.237664+00:00,70B3D54991EB3BA5,ECHO #2,Echo,Crossden burn @ Greenford Farm,56.55409349771759,-2.7087453156770502,08b000000db026ac0000,298.0,0.0,3.5,99.0,0
2023-02-05 19:55:29.694574+00:00,70B3D54991EB3BA5,ECHO #2,Echo,Crossden burn @ Greenford Farm,56.55409349771759,-2.7087453156770502,08b000000db426ac0000,298.0,0.0,3.51,99.0,0
2023-02-05 20:11:14.468626+00:00,70B3D54991EB3BA5,ECHO #2,Echo,Crossden burn @ Greenford Farm,56.55409349771759,-2.7087453156770502,08b300000dc426ac0000,295.0,0.0,3.52,99.0,0
2023-02-05 20:26:59.690416+00:00,70B3D54991EB3BA5,ECHO #2,Echo,Crossden burn @ Greenford Farm,56.55409349771759,-2.7087453156770502,08b300000d6426ac0000,295.0,0.0,3.43,99.0,0
2023-02-05 20:42:44.847117+00:00,70B3D54991EB3BA5,ECHO #2,Echo,Crossden burn @ Greenford Farm,56.55409349771759,-2.7087453156770502,08b300000da426ac0000,295.0,0.0,3.49,99.0,0
2023-02-05 20:58:29.773307+00:00,70B3D54991EB3BA5,ECHO #2,Echo,Crossden burn @ Greenford Farm,56.55409349771759,-2.7087453156770502,08b200000db026ac0000,296.0,0.0,3.5,99.0,0
2023-02-05 21:14:14.981543+00:00,70B3D54991EB3BA5,ECHO #2,Echo,Crossden burn @ Greenford Farm,56.55409349771759,-2.7087453156770502,08b300000dc426ac0000,295.0,0.0,3.52,99.0,0
2023-02-05 21:30:00.292021+00:00,70B3D54991EB3BA5,ECHO #2,Echo,Crossden burn @ Greenford Farm,56.55409349771759,-2.7087453156770502,08b200000d8026ac0000,296.0,0.0,3.46,99.0,0
2023-02-05 21:45:46.212412+00:00,70B3D54991EB3BA5,ECHO #2,Echo,Crossden burn @ Greenford Farm,56.55409349771759,-2.7087453156770502,08b200000dc826ac0000,296.0,0.0,3.53,99.0,0
2023-02-05 22:01:31.706330+00:00,70B3D54991EB3BA5,ECHO #2,Echo,Crossden burn @ Greenford Farm,56.55409349771759,-2.7087453156770502,08b400000d8026ac0000,294.0,0.0,3.46,99.0,0
2023-02-05 22:17:17.023200+00:00,70B3D54991EB3BA5,ECHO #2,Echo,Crossden burn @ Greenford Farm,56.55409349771759,-2.7087453156770502,08b300000dd426ac0000,295.0,0.0,3.54,99.0,0
2023-02-05 22:33:01.842788+00:00,70B3D54991EB3BA5,ECHO #2,Echo,Crossden burn @ Greenford Farm,56.55409349771759,-2.7087453156770502,08b500000dd826ac0000,293.0,0.0,3.54,99.0,0
2023-02-05 22:48:46.547795+00:00,70B3D54991EB3BA5,ECHO #2,Echo,Crossden burn @ Greenford Farm,56.55409349771759,-2.7087453156770502,08b100000d8c26ac0000,297.0,0.0,3.47,99.0,0
2023-02-05 23:04:31.787148+00:00,70B3D54991EB3BA5,ECHO #2,Echo,Crossden burn @ Greenford Farm,56.55409349771759,-2.7087453156770502,08b200000d8026ac0000,296.0,0.0,3.46,99.0,0
2023-02-05 23:20:16.891734+00:00,70B3D54991EB3BA5,ECHO #2,Echo,Crossden burn @ Greenford Farm,56.55409349771759,-2.7087453156770502,08b100000d7c26ac0000,297.0,0.0,3.45,99.0,0
2023-02-05 23:36:01.889243+00:00,70B3D54991EB3BA5,ECHO #2,Echo,Crossden burn @ Greenford Farm,56.55409349771759,-2.7087453156770502,08b100000dc426ac0000,297.0,0.0,3.52,99.0,0
2023-02-05 23:51:46.347403+00:00,70B3D54991EB3BA5,ECHO #2,Echo,Crossden burn @ Greenford Farm,56.55409349771759,-2.7087453156770502,08b200000dd426ac0000,296.0,0.0,3.54,99.0,0
2023-02-06 00:07:30.995494+00:00,70B3D54991EB3BA5,ECHO #2,Echo,Crossden burn @ Greenford Farm,56.55409349771759,-2.7087453156770502,08b300000d6826ac0000,295.0,0.0,3.43,99.0,0
2023-02-06 00:23:15.921016+00:00,70B3D54991EB3BA5,ECHO #2,Echo,Crossden burn @ Greenford Farm,56.55409349771759,-2.7087453156770502,08b400000d9026ac0000,294.0,0.0,3.47,99.0,0
2023-02-06 00:39:00.160524+00:00,70B3D54991EB3BA5,ECHO #2,Echo,Crossden burn @ Greenford Farm,56.55409349771759,-2.7087453156770502,08b300000db026ac0000,295.0,0.0,3.5,99.0,0
2023-02-06 00:54:44.059243+00:00,70B3D54991EB3BA5,ECHO #2,Echo,Crossden burn @ Greenford Farm,56.55409349771759,-2.7087453156770502,08b100000dcc26ac0000,297.0,0.0,3.53,99.0,0
2023-02-06 01:10:28.976645+00:00,70B3D54991EB3BA5,ECHO #2,Echo,Crossden burn @ Greenford Farm,56.55409349771759,-2.7087453156770502,08af00000dd826ac0000,299.0,0.0,3.54,99.0,0
2023-02-06 01:26:14.704305+00:00,70B3D54991EB3BA5,ECHO #2,Echo,Crossden burn @ Greenford Farm,56.55409349771759,-2.7087453156770502,08af00000d7026ac0000,299.0,0.0,3.44,99.0,0
2023-02-06 01:42:00.204854+00:00,70B3D54991EB3BA5,ECHO #2,Echo,Crossden burn @ Greenford Farm,56.55409349771759,-2.7087453156770502,08b100000d8c26ac0000,297.0,0.0,3.47,99.0,0
2023-02-06 01:57:46.627475+00:00,70B3D54991EB3BA5,ECHO #2,Echo,Crossden burn @ Greenford Farm,56.55409349771759,-2.7087453156770502,08b000000de026ac0000,298.0,0.0,3.55,99.0,0
2023-02-06 02:13:32.462924+00:00,70B3D54991EB3BA5,ECHO #2,Echo,Crossden burn @ Greenford Farm,56.55409349771759,-2.7087453156770502,08b200000d7826ac0000,296.0,0.0,3.45,99.0,0
2023-02-06 02:29:17.719669+00:00,70B3D54991EB3BA5,ECHO #2,Echo,Crossden burn @ Greenford Farm,56.55409349771759,-2.7087453156770502,08b000000dec26ac0000,298.0,0.0,3.56,99.0,0
2023-02-06 02:45:02.612793+00:00,70B3D54991EB3BA5,ECHO #2,Echo,Crossden burn @ Greenford Farm,56.55409349771759,-2.7087453156770502,08b300000db026ac0000,295.0,0.0,3.5,99.0,0
2023-02-06 03:00:48.515871+00:00,70B3D54991EB3BA5,ECHO #2,Echo,Crossden burn @ Greenford Farm,56.55409349771759,-2.7087453156770502,08b200000d8426ac0000,296.0,0.0,3.46,99.0,0
2023-02-06 03:16:34.120527+00:00,70B3D54991EB3BA5,ECHO #2,Echo,Crossden burn @ Greenford Farm,56.55409349771759,-2.7087453156770502,08b300000d6c26ac0000,295.0,0.0,3.44,99.0,0
2023-02-06 03:32:18.473390+00:00,70B3D54991EB3BA5,ECHO #2,Echo,Crossden burn @ Greenford Farm,56.55409349771759,-2.7087453156770502,08b200000df026ac0000,296.0,0.0,3.57,99.0,0
2023-02-06 03:48:04.470959+00:00,70B3D54991EB3BA5,ECHO #2,Echo,Crossden burn @ Greenford Farm,56.55409349771759,-2.7087453156770502,08b400000dfc26ac0000,294.0,0.0,3.58,99.0,0
2023-02-06 04:03:48.474255+00:00,70B3D54991EB3BA5,ECHO #2,Echo,Crossden burn @ Greenford Farm,56.55409349771759,-2.7087453156770502,08b000000ddc26ac0000,298.0,0.0,3.55,99.0,0
2023-02-06 04:19:34.236435+00:00,70B3D54991EB3BA5,ECHO #2,Echo,Crossden burn @ Greenford Farm,56.55409349771759,-2.7087453156770502,08b400000dc426ac0000,294.0,0.0,3.52,99.0,0
2023-02-06 04:35:19.775516+00:00,70B3D54991EB3BA5,ECHO #2,Echo,Crossden burn @ Greenford Farm,56.55409349771759,-2.7087453156770502,08b500000db426ac0000,293.0,0.0,3.51,99.0,0
2023-02-06 04:51:05.264365+00:00,70B3D54991EB3BA5,ECHO #2,Echo,Crossden burn @ Greenford Farm,56.55409349771759,-2.7087453156770502,08b400000dd426ac0000,294.0,0.0,3.54,99.0,0
2023-02-06 05:06:49.537261+00:00,70B3D54991EB3BA5,ECHO #2,Echo,Crossden burn @ Greenford Farm,56.55409349771759,-2.7087453156770502,08b200000d7026ac0000,296.0,0.0,3.44,99.0,0
2023-02-06 05:22:35.213554+00:00,70B3D54991EB3BA5,ECHO #2,Echo,Crossden burn @ Greenford Farm,56.55409349771759,-2.7087453156770502,08b200000d7026ac0000,296.0,0.0,3.44,99.0,0
2023-02-06 05:38:20.418683+00:00,70B3D54991EB3BA5,ECHO #2,Echo,Crossden burn @ Greenford Farm,56.55409349771759,-2.7087453156770502,08b400000dcc26ac0000,294.0,0.0,3.53,99.0,0
2023-02-06 05:54:05.236102+00:00,70B3D54991EB3BA5,ECHO #2,Echo,Crossden burn @ Greenford Farm,56.55409349771759,-2.7087453156770502,08b300000dd426ac0000,295.0,0.0,3.54,99.0,0
2023-02-06 06:09:50.211706+00:00,70B3D54991EB3BA5,ECHO #2,Echo,Crossden burn @ Greenford Farm,56.55409349771759,-2.7087453156770502,08b300000dc426ac0000,295.0,0.0,3.52,99.0,0
2023-02-06 06:25:35.038238+00:00,70B3D54991EB3BA5,ECHO #2,Echo,Crossden burn @ Greenford Farm,56.55409349771759,-2.7087453156770502,08b600000d7426ac0000,292.0,0.0,3.44,99.0,0
2023-02-06 06:41:20.146481+00:00,70B3D54991EB3BA5,ECHO #2,Echo,Crossden burn @ Greenford Farm,56.55409349771759,-2.7087453156770502,08b300000d7c26ac0000,295.0,0.0,3.45,99.0,0
2023-02-06 06:57:04.973220+00:00,70B3D54991EB3BA5,ECHO #2,Echo,Crossden burn @ Greenford Farm,56.55409349771759,-2.7087453156770502,08b000000db026ac0000,298.0,0.0,3.5,99.0,0
2023-02-06 07:12:49.783599+00:00,70B3D54991EB3BA5,ECHO #2,Echo,Crossden burn @ Greenford Farm,56.55409349771759,-2.7087453156770502,08b400000dd826ac0000,294.0,0.0,3.54,99.0,0
2023-02-06 07:28:35.240447+00:00,70B3D54991EB3BA5,ECHO #2,Echo,Crossden burn @ Greenford Farm,56.55409349771759,-2.7087453156770502,08b500000d7c26ac0000,293.0,0.0,3.45,99.0,0
2023-02-06 07:44:19.682844+00:00,70B3D54991EB3BA5,ECHO #2,Echo,Crossden burn @ Greenford Farm,56.55409349771759,-2.7087453156770502,08b300000de026ac0000,295.0,0.0,3.55,99.0,0
2023-02-06 08:00:04.520164+00:00,70B3D54991EB3BA5,ECHO #2,Echo,Crossden burn @ Greenford Farm,56.55409349771759,-2.7087453156770502,08b400000db026ac0000,294.0,0.0,3.5,99.0,0
2023-02-06 08:15:49.756247+00:00,70B3D54991EB3BA5,ECHO #2,Echo,Crossden burn @ Greenford Farm,56.55409349771759,-2.7087453156770502,08b200000dc826ac0000,296.0,0.0,3.53,99.0,0
2023-02-06 08:31:36.444626+00:00,70B3D54991EB3BA5,ECHO #2,Echo,Crossden burn @ Greenford Farm,56.55409349771759,-2.7087453156770502,08b200000dac26ac0000,296.0,0.0,3.5,99.0,0
2023-02-06 08:47:28.816727+00:00,70B3D54991EB3BA5,ECHO #2,Echo,Crossden burn @ Greenford Farm,56.55409349771759,-2.7087453156770502,08b900000df426ac0000,289.0,0.0,3.57,99.0,0
2023-02-06 09:03:17.412581+00:00,70B3D54991EB3BA5,ECHO #2,Echo,Crossden burn @ Greenford Farm,56.55409349771759,-2.7087453156770502,08bb00000dec26ac0000,287.0,0.0,3.56,99.0,0
2023-02-06 09:19:03.184323+00:00,70B3D54991EB3BA5,ECHO #2,Echo,Crossden burn @ Greenford Farm,56.55409349771759,-2.7087453156770502,08bd00000de826ac0000,285.0,0.0,3.56,99.0,0
2023-02-06 09:34:47.697336+00:00,70B3D54991EB3BA5,ECHO #2,Echo,Crossden burn @ Greenford Farm,56.55409349771759,-2.7087453156770502,08ba00000de426ac0000,288.0,0.0,3.56,99.0,0
2023-02-06 09:50:33.588619+00:00,70B3D54991EB3BA5,ECHO #2,Echo,Crossden burn @ Greenford Farm,56.55409349771759,-2.7087453156770502,08bb00000e0426ac0000,287.0,0.0,3.59,99.0,0
2023-02-06 10:22:00.373576+00:00,70B3D54991EB3BA5,ECHO #2,Echo,Crossden burn @ Greenford Farm,56.55409349771759,-2.7087453156770502,08bf00000d8c26ac0000,283.0,0.0,3.47,99.0,0
2023-02-06 10:37:46.686127+00:00,70B3D54991EB3BA5,ECHO #2,Echo,Crossden burn @ Greenford Farm,56.55409349771759,-2.7087453156770502,08ba00000da426ac0000,288.0,0.0,3.49,99.0,0
2023-02-06 10:53:33.001319+00:00,70B3D54991EB3BA5,ECHO #2,Echo,Crossden burn @ Greenford Farm,56.55409349771759,-2.7087453156770502,08bb00000df026ac0000,287.0,0.0,3.57,99.0,0
2023-02-06 11:09:22.569989+00:00,70B3D54991EB3BA5,ECHO #2,Echo,Crossden burn @ Greenford Farm,56.55409349771759,-2.7087453156770502,08c100000d9c26ac0000,281.0,0.0,3.48,99.0,0
2023-02-06 11:25:06.139846+00:00,70B3D54991EB3BA5,ECHO #2,Echo,Crossden burn @ Greenford Farm,56.55409349771759,-2.7087453156770502,08b900000d9026ac0000,289.0,0.0,3.47,99.0,0
2023-02-06 11:40:49.912700+00:00,70B3D54991EB3BA5,ECHO #2,Echo,Crossden burn @ Greenford Farm,56.55409349771759,-2.7087453156770502,08b900000df026ac0000,289.0,0.0,3.57,99.0,0
2023-02-06 11:56:34.085581+00:00,70B3D54991EB3BA5,ECHO #2,Echo,Crossden burn @ Greenford Farm,56.55409349771759,-2.7087453156770502,08bb00000de826ac0000,287.0,0.0,3.56,99.0,0
2023-02-06 12:12:21.989113+00:00,70B3D54991EB3BA5,ECHO #2,Echo,Crossden burn @ Greenford Farm,56.55409349771759,-2.7087453156770502,08b600000de026ac0000,292.0,0.0,3.55,99.0,0
2023-02-06 12:28:06.778943+00:00,70B3D54991EB3BA5,ECHO #2,Echo,Crossden burn @ Greenford Farm,56.55409349771759,-2.7087453156770502,08b400000d9426ac0000,294.0,0.0,3.48,99.0,0
2023-02-06 12:43:52.449877+00:00,70B3D54991EB3BA5,ECHO #2,Echo,Crossden burn @ Greenford Farm,56.55409349771759,-2.7087453156770502,08b800000dd826ac0000,290.0,0.0,3.54,99.0,0
2023-02-06 12:59:36.843454+00:00,70B3D54991EB3BA5,ECHO #2,Echo,Crossden burn @ Greenford Farm,56.55409349771759,-2.7087453156770502,08b600000de826ac0000,292.0,0.0,3.56,99.0,0
2023-02-06 13:15:21.936224+00:00,70B3D54991EB3BA5,ECHO #2,Echo,Crossden burn @ Greenford Farm,56.55409349771759,-2.7087453156770502,08b300000d9826ac0000,295.0,0.0,3.48,99.0,0
2023-02-06 13:31:12.667315+00:00,70B3D54991EB3BA5,ECHO #2,Echo,Crossden burn @ Greenford Farm,56.55409349771759,-2.7087453156770502,08b900000d9c26ac0000,289.0,0.0,3.48,99.0,0
2023-02-06 13:46:58.318096+00:00,70B3D54991EB3BA5,ECHO #2,Echo,Crossden burn @ Greenford Farm,56.55409349771759,-2.7087453156770502,08bd00000de426ac0000,285.0,0.0,3.56,99.0,0
2023-02-06 14:02:45.592315+00:00,70B3D54991EB3BA5,ECHO #2,Echo,Crossden burn @ Greenford Farm,56.55409349771759,-2.7087453156770502,08b700000db426ac0000,291.0,0.0,3.51,99.0,0
2023-02-06 14:34:15.263438+00:00,70B3D54991EB3BA5,ECHO #2,Echo,Crossden burn @ Greenford Farm,56.55409349771759,-2.7087453156770502,08b800000d9426ac0000,290.0,0.0,3.48,99.0,0
2023-02-06 14:49:59.993449+00:00,70B3D54991EB3BA5,ECHO #2,Echo,Crossden burn @ Greenford Farm,56.55409349771759,-2.7087453156770502,08b800000df826ac0000,290.0,0.0,3.58,99.0,0
2023-02-06 15:05:46.541648+00:00,70B3D54991EB3BA5,ECHO #2,Echo,Crossden burn @ Greenford Farm,56.55409349771759,-2.7087453156770502,08b400000dec26ac0000,294.0,0.0,3.56,99.0,0
2023-02-06 15:21:32.008503+00:00,70B3D54991EB3BA5,ECHO #2,Echo,Crossden burn @ Greenford Farm,56.55409349771759,-2.7087453156770502,08b500000db426ac0000,293.0,0.0,3.51,99.0,0
2023-02-06 15:37:16.904056+00:00,70B3D54991EB3BA5,ECHO #2,Echo,Crossden burn @ Greenford Farm,56.55409349771759,-2.7087453156770502,08b400000da826ac0000,294.0,0.0,3.5,99.0,0
2023-02-06 15:53:01.741415+00:00,70B3D54991EB3BA5,ECHO #2,Echo,Crossden burn @ Greenford Farm,56.55409349771759,-2.7087453156770502,08b200000d9826ac0000,296.0,0.0,3.48,99.0,0
2023-02-06 16:08:46.244886+00:00,70B3D54991EB3BA5,ECHO #2,Echo,Crossden burn @ Greenford Farm,56.55409349771759,-2.7087453156770502,08b400000df026ac0000,294.0,0.0,3.57,99.0,0
2023-02-06 16:24:31.173502+00:00,70B3D54991EB3BA5,ECHO #2,Echo,Crossden burn @ Greenford Farm,56.55409349771759,-2.7087453156770502,08b300000de426ac0000,295.0,0.0,3.56,99.0,0
2023-02-06 16:40:15.884623+00:00,70B3D54991EB3BA5,ECHO #2,Echo,Crossden burn @ Greenford Farm,56.55409349771759,-2.7087453156770502,08b200000dc426ac0000,296.0,0.0,3.52,99.0,0
2023-02-06 16:56:00.645626+00:00,70B3D54991EB3BA5,ECHO #2,Echo,Crossden burn @ Greenford Farm,56.55409349771759,-2.7087453156770502,08b600000de026ac0000,292.0,0.0,3.55,99.0,0
2023-02-06 17:11:45.742355+00:00,70B3D54991EB3BA5,ECHO #2,Echo,Crossden burn @ Greenford Farm,56.55409349771759,-2.7087453156770502,08b400000de826ac0000,294.0,0.0,3.56,99.0,0
2023-02-06 17:27:30.764971+00:00,70B3D54991EB3BA5,ECHO #2,Echo,Crossden burn @ Greenford Farm,56.55409349771759,-2.7087453156770502,08b500000dcc26ac0000,293.0,0.0,3.53,99.0,0
2023-02-06 17:43:17.308802+00:00,70B3D54991EB3BA5,ECHO #2,Echo,Crossden burn @ Greenford Farm,56.55409349771759,-2.7087453156770502,08b500000de026ac0000,293.0,0.0,3.55,99.0,0
2023-02-06 17:59:02.056169+00:00,70B3D54991EB3BA5,ECHO #2,Echo,Crossden burn @ Greenford Farm,56.55409349771759,-2.7087453156770502,08b100000d9026ac0000,297.0,0.0,3.47,99.0,0
2023-02-06 18:14:46.744217+00:00,70B3D54991EB3BA5,ECHO #2,Echo,Crossden burn @ Greenford Farm,56.55409349771759,-2.7087453156770502,08b400000dec26ac0000,294.0,0.0,3.56,99.0,0
2023-02-06 18:46:16.486387+00:00,70B3D54991EB3BA5,ECHO #2,Echo,Crossden burn @ Greenford Farm,56.55409349771759,-2.7087453156770502,08b200000db026ac0000,296.0,0.0,3.5,99.0,0
2023-02-06 19:02:01.408437+00:00,70B3D54991EB3BA5,ECHO #2,Echo,Crossden burn @ Greenford Farm,56.55409349771759,-2.7087453156770502,08b300000dec26ac0000,295.0,0.0,3.56,99.0,0
2023-02-06 19:17:45.654073+00:00,70B3D54991EB3BA5,ECHO #2,Echo,Crossden burn @ Greenford Farm,56.55409349771759,-2.7087453156770502,08b400000dec26ac0000,294.0,0.0,3.56,99.0,0
2023-02-06 19:33:31.497526+00:00,70B3D54991EB3BA5,ECHO #2,Echo,Crossden burn @ Greenford Farm,56.55409349771759,-2.7087453156770502,08b300000d8026ac0000,295.0,0.0,3.46,99.0,0
2023-02-06 19:49:17.244590+00:00,70B3D54991EB3BA5,ECHO #2,Echo,Crossden burn @ Greenford Farm,56.55409349771759,-2.7087453156770502,08b300000df026ac0000,295.0,0.0,3.57,99.0,0
2023-02-06 20:05:02.484946+00:00,70B3D54991EB3BA5,ECHO #2,Echo,Crossden burn @ Greenford Farm,56.55409349771759,-2.7087453156770502,08b500000da826ac0000,293.0,0.0,3.5,99.0,0
2023-02-06 20:20:47.359609+00:00,70B3D54991EB3BA5,ECHO #2,Echo,Crossden burn @ Greenford Farm,56.55409349771759,-2.7087453156770502,08b200000d7826ac0000,296.0,0.0,3.45,99.0,0
2023-02-06 20:36:32.134970+00:00,70B3D54991EB3BA5,ECHO #2,Echo,Crossden burn @ Greenford Farm,56.55409349771759,-2.7087453156770502,08b300000df026ac0000,295.0,0.0,3.57,99.0,0
2023-02-06 20:52:17.435476+00:00,70B3D54991EB3BA5,ECHO #2,Echo,Crossden burn @ Greenford Farm,56.55409349771759,-2.7087453156770502,08b400000d7c26ac0000,294.0,0.0,3.45,99.0,0
2023-02-06 21:08:04.662526+00:00,70B3D54991EB3BA5,ECHO #2,Echo,Crossden burn @ Greenford Farm,56.55409349771759,-2.7087453156770502,08b300000dd426ac0000,295.0,0.0,3.54,99.0,0
2023-02-06 21:23:50.225749+00:00,70B3D54991EB3BA5,ECHO #2,Echo,Crossden burn @ Greenford Farm,56.55409349771759,-2.7087453156770502,08b500000dec26ac0000,293.0,0.0,3.56,99.0,0
2023-02-06 21:39:35.360330+00:00,70B3D54991EB3BA5,ECHO #2,Echo,Crossden burn @ Greenford Farm,56.55409349771759,-2.7087453156770502,08b200000de826ac0000,296.0,0.0,3.56,99.0,0
2023-02-06 21:55:20.595395+00:00,70B3D54991EB3BA5,ECHO #2,Echo,Crossden burn @ Greenford Farm,56.55409349771759,-2.7087453156770502,08b300000d8026ac0000,295.0,0.0,3.46,99.0,0
2023-02-06 22:11:05.397812+00:00,70B3D54991EB3BA5,ECHO #2,Echo,Crossden burn @ Greenford Farm,56.55409349771759,-2.7087453156770502,08b500000d8c26ac0000,293.0,0.0,3.47,99.0,0
2023-02-06 22:26:50.338259+00:00,70B3D54991EB3BA5,ECHO #2,Echo,Crossden burn @ Greenford Farm,56.55409349771759,-2.7087453156770502,08b400000d9426ac0000,294.0,0.0,3.48,99.0,0
2023-02-06 22:42:35.648419+00:00,70B3D54991EB3BA5,ECHO #2,Echo,Crossden burn @ Greenford Farm,56.55409349771759,-2.7087453156770502,08b700000db026ac0000,291.0,0.0,3.5,99.0,0
2023-02-06 22:58:20.390788+00:00,70B3D54991EB3BA5,ECHO #2,Echo,Crossden burn @ Greenford Farm,56.55409349771759,-2.7087453156770502,08b400000d8826ac0000,294.0,0.0,3.46,99.0,0
2023-02-06 23:14:05.309638+00:00,70B3D54991EB3BA5,ECHO #2,Echo,Crossden burn @ Greenford Farm,56.55409349771759,-2.7087453156770502,08b400000ddc26ac0000,294.0,0.0,3.55,99.0,0
2023-02-06 23:29:51.018637+00:00,70B3D54991EB3BA5,ECHO #2,Echo,Crossden burn @ Greenford Farm,56.55409349771759,-2.7087453156770502,08b500000d9c26ac0000,293.0,0.0,3.48,99.0,0
2023-02-06 23:45:36.555220+00:00,70B3D54991EB3BA5,ECHO #2,Echo,Crossden burn @ Greenford Farm,56.55409349771759,-2.7087453156770502,08b300000db426ac0000,295.0,0.0,3.51,99.0,0
2023-02-07 00:01:21.639162+00:00,70B3D54991EB3BA5,ECHO #2,Echo,Crossden burn @ Greenford Farm,56.55409349771759,-2.7087453156770502,08b700000ddc26ac0000,291.0,0.0,3.55,99.0,0
2023-02-07 00:17:06.537945+00:00,70B3D54991EB3BA5,ECHO #2,Echo,Crossden burn @ Greenford Farm,56.55409349771759,-2.7087453156770502,08b400000d7826ac0000,294.0,0.0,3.45,99.0,0
2023-02-07 00:32:52.099878+00:00,70B3D54991EB3BA5,ECHO #2,Echo,Crossden burn @ Greenford Farm,56.55409349771759,-2.7087453156770502,08b600000da026ac0000,292.0,0.0,3.49,99.0,0
2023-02-07 00:48:37.085853+00:00,70B3D54991EB3BA5,ECHO #2,Echo,Crossden burn @ Greenford Farm,56.55409349771759,-2.7087453156770502,08b500000dc426ac0000,293.0,0.0,3.52,99.0,0
2023-02-07 01:04:22.333591+00:00,70B3D54991EB3BA5,ECHO #2,Echo,Crossden burn @ Greenford Farm,56.55409349771759,-2.7087453156770502,08b500000dd026ac0000,293.0,0.0,3.54,99.0,0
2023-02-07 01:20:07.379196+00:00,70B3D54991EB3BA5,ECHO #2,Echo,Crossden burn @ Greenford Farm,56.55409349771759,-2.7087453156770502,08b700000d7826ac0000,291.0,0.0,3.45,99.0,0
2023-02-07 01:35:51.951782+00:00,70B3D54991EB3BA5,ECHO #2,Echo,Crossden burn @ Greenford Farm,56.55409349771759,-2.7087453156770502,08b900000dc026ac0000,289.0,0.0,3.52,99.0,0
2023-02-07 02:07:21.857571+00:00,70B3D54991EB3BA5,ECHO #2,Echo,Crossden burn @ Greenford Farm,56.55409349771759,-2.7087453156770502,08b700000e0026ac0000,291.0,0.0,3.58,99.0,0
2023-02-07 02:23:06.728091+00:00,70B3D54991EB3BA5,ECHO #2,Echo,Crossden burn @ Greenford Farm,56.55409349771759,-2.7087453156770502,08b600000dcc26ac0000,292.0,0.0,3.53,99.0,0
2023-02-07 02:38:52.504297+00:00,70B3D54991EB3BA5,ECHO #2,Echo,Crossden burn @ Greenford Farm,56.55409349771759,-2.7087453156770502,08b700000da826ac0000,291.0,0.0,3.5,99.0,0
2023-02-07 03:10:21.747115+00:00,70B3D54991EB3BA5,ECHO #2,Echo,Crossden burn @ Greenford Farm,56.55409349771759,-2.7087453156770502,08b400000da426ac0000,294.0,0.0,3.49,99.0,0
2023-02-07 03:26:06.433163+00:00,70B3D54991EB3BA5,ECHO #2,Echo,Crossden burn @ Greenford Farm,56.55409349771759,-2.7087453156770502,08b400000dd426ac0000,294.0,0.0,3.54,99.0,0
2023-02-07 03:41:52.354520+00:00,70B3D54991EB3BA5,ECHO #2,Echo,Crossden burn @ Greenford Farm,56.55409349771759,-2.7087453156770502,08b600000d7826ac0000,292.0,0.0,3.45,99.0,0
2023-02-07 03:57:38.189091+00:00,70B3D54991EB3BA5,ECHO #2,Echo,Crossden burn @ Greenford Farm,56.55409349771759,-2.7087453156770502,08b600000d7c26ac0000,292.0,0.0,3.45,99.0,0
2023-02-07 04:13:24.251996+00:00,70B3D54991EB3BA5,ECHO #2,Echo,Crossden burn @ Greenford Farm,56.55409349771759,-2.7087453156770502,08b600000d8c26ac0000,292.0,0.0,3.47,99.0,0
2023-02-07 04:29:10.001324+00:00,70B3D54991EB3BA5,ECHO #2,Echo,Crossden burn @ Greenford Farm,56.55409349771759,-2.7087453156770502,08b500000da026ac0000,293.0,0.0,3.49,99.0,0
2023-02-07 04:44:54.874471+00:00,70B3D54991EB3BA5,ECHO #2,Echo,Crossden burn @ Greenford Farm,56.55409349771759,-2.7087453156770502,08b600000d7826ac0000,292.0,0.0,3.45,99.0,0
2023-02-07 05:00:40.018677+00:00,70B3D54991EB3BA5,ECHO #2,Echo,Crossden burn @ Greenford Farm,56.55409349771759,-2.7087453156770502,08b900000dd426ac0000,289.0,0.0,3.54,99.0,0
2023-02-07 05:16:24.627291+00:00,70B3D54991EB3BA5,ECHO #2,Echo,Crossden burn @ Greenford Farm,56.55409349771759,-2.7087453156770502,08b800000e0026ac0000,290.0,0.0,3.58,99.0,0
2023-02-07 05:32:09.839870+00:00,70B3D54991EB3BA5,ECHO #2,Echo,Crossden burn @ Greenford Farm,56.55409349771759,-2.7087453156770502,08b700000dd826ac0000,291.0,0.0,3.54,99.0,0
2023-02-07 05:47:55.056316+00:00,70B3D54991EB3BA5,ECHO #2,Echo,Crossden burn @ Greenford Farm,56.55409349771759,-2.7087453156770502,08ba00000dc426ac0000,288.0,0.0,3.52,99.0,0
2023-02-07 06:03:40.387335+00:00,70B3D54991EB3BA5,ECHO #2,Echo,Crossden burn @ Greenford Farm,56.55409349771759,-2.7087453156770502,08b600000dcc26ac0000,292.0,0.0,3.53,99.0,0
2023-02-07 06:19:25.862147+00:00,70B3D54991EB3BA5,ECHO #2,Echo,Crossden burn @ Greenford Farm,56.55409349771759,-2.7087453156770502,08b900000ddc26ac0000,289.0,0.0,3.55,99.0,0
2023-02-07 06:35:11.436471+00:00,70B3D54991EB3BA5,ECHO #2,Echo,Crossden burn @ Greenford Farm,56.55409349771759,-2.7087453156770502,08b600000d9c26ac0000,292.0,0.0,3.48,99.0,0
2023-02-07 06:50:56.515302+00:00,70B3D54991EB3BA5,ECHO #2,Echo,Crossden burn @ Greenford Farm,56.55409349771759,-2.7087453156770502,08b800000d8826ac0000,290.0,0.0,3.46,99.0,0
2023-02-07 07:06:41.234264+00:00,70B3D54991EB3BA5,ECHO #2,Echo,Crossden burn @ Greenford Farm,56.55409349771759,-2.7087453156770502,08b500000d8c26ac0000,293.0,0.0,3.47,99.0,0
2023-02-07 07:22:26.306034+00:00,70B3D54991EB3BA5,ECHO #2,Echo,Crossden burn @ Greenford Farm,56.55409349771759,-2.7087453156770502,08b700000d7c26ac0000,291.0,0.0,3.45,99.0,0
2023-02-07 07:38:11.225770+00:00,70B3D54991EB3BA5,ECHO #2,Echo,Crossden burn @ Greenford Farm,56.55409349771759,-2.7087453156770502,08ba00000d8c26ac0000,288.0,0.0,3.47,99.0,0
2023-02-07 07:53:56.553378+00:00,70B3D54991EB3BA5,ECHO #2,Echo,Crossden burn @ Greenford Farm,56.55409349771759,-2.7087453156770502,08b700000d8c26ac0000,291.0,0.0,3.47,99.0,0
2023-02-07 08:09:42.284964+00:00,70B3D54991EB3BA5,ECHO #2,Echo,Crossden burn @ Greenford Farm,56.55409349771759,-2.7087453156770502,08b900000da426ac0000,289.0,0.0,3.49,99.0,0
2023-02-07 08:25:28.269465+00:00,70B3D54991EB3BA5,ECHO #2,Echo,Crossden burn @ Greenford Farm,56.55409349771759,-2.7087453156770502,08b700000de026ac0000,291.0,0.0,3.55,99.0,0
2023-02-07 08:41:13.804914+00:00,70B3D54991EB3BA5,ECHO #2,Echo,Crossden burn @ Greenford Farm,56.55409349771759,-2.7087453156770502,08b800000dcc26ac0000,290.0,0.0,3.53,99.0,0
2023-02-07 08:57:01.955429+00:00,70B3D54991EB3BA5,ECHO #2,Echo,Crossden burn @ Greenford Farm,56.55409349771759,-2.7087453156770502,08bb00000e1026ac0000,287.0,0.0,3.6,99.0,0
2023-02-07 09:12:49.037641+00:00,70B3D54991EB3BA5,ECHO #2,Echo,Crossden burn @ Greenford Farm,56.55409349771759,-2.7087453156770502,08bd00000d9826ac0000,285.0,0.0,3.48,99.0,0
2023-02-07 09:28:41.644753+00:00,70B3D54991EB3BA5,ECHO #2,Echo,Crossden burn @ Greenford Farm,56.55409349771759,-2.7087453156770502,08c300000db426ac0000,279.0,0.0,3.51,99.0,0
2023-02-07 09:44:24.630588+00:00,70B3D54991EB3BA5,ECHO #2,Echo,Crossden burn @ Greenford Farm,56.55409349771759,-2.7087453156770502,08c000000da426ac0000,282.0,0.0,3.49,99.0,0
2023-02-07 10:00:11.605769+00:00,70B3D54991EB3BA5,ECHO #2,Echo,Crossden burn @ Greenford Farm,56.55409349771759,-2.7087453156770502,08c100000e0826ac0000,281.0,0.0,3.59,99.0,0
2023-02-07 10:15:59.126992+00:00,70B3D54991EB3BA5,ECHO #2,Echo,Crossden burn @ Greenford Farm,56.55409349771759,-2.7087453156770502,08c200000e0026ac0000,280.0,0.0,3.58,99.0,0
2023-02-07 10:31:43.088873+00:00,70B3D54991EB3BA5,ECHO #2,Echo,Crossden burn @ Greenford Farm,56.55409349771759,-2.7087453156770502,08c500000e1426ac0000,277.0,0.0,3.6,99.0,0
2023-02-07 10:47:28.935960+00:00,70B3D54991EB3BA5,ECHO #2,Echo,Crossden burn @ Greenford Farm,56.55409349771759,-2.7087453156770502,08c100000df426ac0000,281.0,0.0,3.57,99.0,0
2023-02-07 11:03:14.094506+00:00,70B3D54991EB3BA5,ECHO #2,Echo,Crossden burn @ Greenford Farm,56.55409349771759,-2.7087453156770502,08c000000dec26ac0000,282.0,0.0,3.56,99.0,0
2023-02-07 11:34:45.781064+00:00,70B3D54991EB3BA5,ECHO #2,Echo,Crossden burn @ Greenford Farm,56.55409349771759,-2.7087453156770502,08be00000db026ac0000,284.0,0.0,3.5,99.0,0
2023-02-07 11:50:31.678988+00:00,70B3D54991EB3BA5,ECHO #2,Echo,Crossden burn @ Greenford Farm,56.55409349771759,-2.7087453156770502,08bd00000e1826ac0000,285.0,0.0,3.61,99.0,0
2023-02-07 12:06:18.252940+00:00,70B3D54991EB3BA5,ECHO #2,Echo,Crossden burn @ Greenford Farm,56.55409349771759,-2.7087453156770502,08be00000db026ac0000,284.0,0.0,3.5,99.0,0
2023-02-07 12:22:05.325993+00:00,70B3D54991EB3BA5,ECHO #2,Echo,Crossden burn @ Greenford Farm,56.55409349771759,-2.7087453156770502,08bf00000e0426ac0000,283.0,0.0,3.59,99.0,0
2023-02-07 12:37:48.522322+00:00,70B3D54991EB3BA5,ECHO #2,Echo,Crossden burn @ Greenford Farm,56.55409349771759,-2.7087453156770502,08c100000de026ac0000,281.0,0.0,3.55,99.0,0
2023-02-07 12:53:33.445745+00:00,70B3D54991EB3BA5,ECHO #2,Echo,Crossden burn @ Greenford Farm,56.55409349771759,-2.7087453156770502,08be00000dcc26ac0000,284.0,0.0,3.53,99.0,0
2023-02-07 13:09:17.515779+00:00,70B3D54991EB3BA5,ECHO #2,Echo,Crossden burn @ Greenford Farm,56.55409349771759,-2.7087453156770502,08bd00000ddc26ac0000,285.0,0.0,3.55,99.0,0
2023-02-07 13:25:01.280096+00:00,70B3D54991EB3BA5,ECHO #2,Echo,Crossden burn @ Greenford Farm,56.55409349771759,-2.7087453156770502,08be00000df426ac0000,284.0,0.0,3.57,99.0,0
2023-02-07 13:40:46.344193+00:00,70B3D54991EB3BA5,ECHO #2,Echo,Crossden burn @ Greenford Farm,56.55409349771759,-2.7087453156770502,08bf00000da426ac0000,283.0,0.0,3.49,99.0,0
2023-02-07 13:56:31.144212+00:00,70B3D54991EB3BA5,ECHO #2,Echo,Crossden burn @ Greenford Farm,56.55409349771759,-2.7087453156770502,08be00000da026ac0000,284.0,0.0,3.49,99.0,0
2023-02-07 14:12:15.994498+00:00,70B3D54991EB3BA5,ECHO #2,Echo,Crossden burn @ Greenford Farm,56.55409349771759,-2.7087453156770502,08bd00000df026ac0000,285.0,0.0,3.57,99.0,0
2023-02-07 14:28:01.728675+00:00,70B3D54991EB3BA5,ECHO #2,Echo,Crossden burn @ Greenford Farm,56.55409349771759,-2.7087453156770502,08bc00000d9026ac0000,286.0,0.0,3.47,99.0,0
2023-02-07 14:43:46.254624+00:00,70B3D54991EB3BA5,ECHO #2,Echo,Crossden burn @ Greenford Farm,56.55409349771759,-2.7087453156770502,08bd00000df026ac0000,285.0,0.0,3.57,99.0,0
2023-02-07 14:59:31.254679+00:00,70B3D54991EB3BA5,ECHO #2,Echo,Crossden burn @ Greenford Farm,56.55409349771759,-2.7087453156770502,08bc00000df426ac0000,286.0,0.0,3.57,99.0,0
2023-02-07 15:15:16.232748+00:00,70B3D54991EB3BA5,ECHO #2,Echo,Crossden burn @ Greenford Farm,56.55409349771759,-2.7087453156770502,08bc00000dcc26ac0000,286.0,0.0,3.53,99.0,0
2023-02-07 15:31:01.319631+00:00,70B3D54991EB3BA5,ECHO #2,Echo,Crossden burn @ Greenford Farm,56.55409349771759,-2.7087453156770502,08bb00000e0026ac0000,287.0,0.0,3.58,99.0,0
2023-02-07 15:46:46.044491+00:00,70B3D54991EB3BA5,ECHO #2,Echo,Crossden burn @ Greenford Farm,56.55409349771759,-2.7087453156770502,08bb00000d9026ac0000,287.0,0.0,3.47,99.0,0
2023-02-07 16:02:31.089895+00:00,70B3D54991EB3BA5,ECHO #2,Echo,Crossden burn @ Greenford Farm,56.55409349771759,-2.7087453156770502,08bc00000d8026ac0000,286.0,0.0,3.46,99.0,0
2023-02-07 16:18:15.760884+00:00,70B3D54991EB3BA5,ECHO #2,Echo,Crossden burn @ Greenford Farm,56.55409349771759,-2.7087453156770502,08be00000dec26ac0000,284.0,0.0,3.56,99.0,0
2023-02-07 16:33:59.914948+00:00,70B3D54991EB3BA5,ECHO #2,Echo,Crossden burn @ Greenford Farm,56.55409349771759,-2.7087453156770502,08bb00000da026ac0000,287.0,0.0,3.49,99.0,0
2023-02-07 16:49:44.812042+00:00,70B3D54991EB3BA5,ECHO #2,Echo,Crossden burn @ Greenford Farm,56.55409349771759,-2.7087453156770502,08bd00000d8826ac0000,285.0,0.0,3.46,99.0,0
2023-02-07 17:05:29.313913+00:00,70B3D54991EB3BA5,ECHO #2,Echo,Crossden burn @ Greenford Farm,56.55409349771759,-2.7087453156770502,08bb00000d8026ac0000,287.0,0.0,3.46,99.0,0
2023-02-07 17:21:14.589904+00:00,70B3D54991EB3BA5,ECHO #2,Echo,Crossden burn @ Greenford Farm,56.55409349771759,-2.7087453156770502,08ba00000dd426ac0000,288.0,0.0,3.54,99.0,0
2023-02-07 17:36:59.451150+00:00,70B3D54991EB3BA5,ECHO #2,Echo,Crossden burn @ Greenford Farm,56.55409349771759,-2.7087453156770502,08ba00000d8826ac0000,288.0,0.0,3.46,99.0,0
2023-02-07 17:52:43.758238+00:00,70B3D54991EB3BA5,ECHO #2,Echo,Crossden burn @ Greenford Farm,56.55409349771759,-2.7087453156770502,08b800000de026ac0000,290.0,0.0,3.55,99.0,0
2023-02-07 18:08:28.740371+00:00,70B3D54991EB3BA5,ECHO #2,Echo,Crossden burn @ Greenford Farm,56.55409349771759,-2.7087453156770502,08b800000da026ac0000,290.0,0.0,3.49,99.0,0
2023-02-07 18:24:14.032592+00:00,70B3D54991EB3BA5,ECHO #2,Echo,Crossden burn @ Greenford Farm,56.55409349771759,-2.7087453156770502,08ba00000d9c26ac0000,288.0,0.0,3.48,99.0,0
2023-02-07 18:39:59.067578+00:00,70B3D54991EB3BA5,ECHO #2,Echo,Crossden burn @ Greenford Farm,56.55409349771759,-2.7087453156770502,08b800000d9c26ac0000,290.0,0.0,3.48,99.0,0
2023-02-07 18:55:44.725322+00:00,70B3D54991EB3BA5,ECHO #2,Echo,Crossden burn @ Greenford Farm,56.55409349771759,-2.7087453156770502,08b900000dec26ac0000,289.0,0.0,3.56,99.0,0
2023-02-07 19:11:30.011658+00:00,70B3D54991EB3BA5,ECHO #2,Echo,Crossden burn @ Greenford Farm,56.55409349771759,-2.7087453156770502,08b700000d8426ac0000,291.0,0.0,3.46,99.0,0
2023-02-07 19:43:00.231202+00:00,70B3D54991EB3BA5,ECHO #2,Echo,Crossden burn @ Greenford Farm,56.55409349771759,-2.7087453156770502,08b900000d7c26ac0000,289.0,0.0,3.45,99.0,0
2023-02-07 19:58:45.001178+00:00,70B3D54991EB3BA5,ECHO #2,Echo,Crossden burn @ Greenford Farm,56.55409349771759,-2.7087453156770502,08b800000d7826ac0000,290.0,0.0,3.45,99.0,0
2023-02-07 20:14:30.182838+00:00,70B3D54991EB3BA5,ECHO #2,Echo,Crossden burn @ Greenford Farm,56.55409349771759,-2.7087453156770502,08b900000ddc26ac0000,289.0,0.0,3.55,99.0,0
2023-02-07 20:30:15.626153+00:00,70B3D54991EB3BA5,ECHO #2,Echo,Crossden burn @ Greenford Farm,56.55409349771759,-2.7087453156770502,08ba00000de026ac0000,288.0,0.0,3.55,99.0,0
2023-02-07 20:46:00.940303+00:00,70B3D54991EB3BA5,ECHO #2,Echo,Crossden burn @ Greenford Farm,56.55409349771759,-2.7087453156770502,08ba00000d8026ac0000,288.0,0.0,3.46,99.0,0
2023-02-07 21:01:46.666179+00:00,70B3D54991EB3BA5,ECHO #2,Echo,Crossden burn @ Greenford Farm,56.55409349771759,-2.7087453156770502,08bb00000d9c26ac0000,287.0,0.0,3.48,99.0,0
2023-02-07 21:17:31.018368+00:00,70B3D54991EB3BA5,ECHO #2,Echo,Crossden burn @ Greenford Farm,56.55409349771759,-2.7087453156770502,08bc00000d7826ac0000,286.0,0.0,3.45,99.0,0
2023-02-07 21:33:16.030113+00:00,70B3D54991EB3BA5,ECHO #2,Echo,Crossden burn @ Greenford Farm,56.55409349771759,-2.7087453156770502,08ba00000da426ac0000,288.0,0.0,3.49,99.0,0
2023-02-07 21:49:01.374923+00:00,70B3D54991EB3BA5,ECHO #2,Echo,Crossden burn @ Greenford Farm,56.55409349771759,-2.7087453156770502,08bb00000d7826ac0000,287.0,0.0,3.45,99.0,0
2023-02-07 22:04:46.877087+00:00,70B3D54991EB3BA5,ECHO #2,Echo,Crossden burn @ Greenford Farm,56.55409349771759,-2.7087453156770502,08b800000ddc26ac0000,290.0,0.0,3.55,99.0,0
2023-02-07 22:20:32.680087+00:00,70B3D54991EB3BA5,ECHO #2,Echo,Crossden burn @ Greenford Farm,56.55409349771759,-2.7087453156770502,08b800000dd426ac0000,290.0,0.0,3.54,99.0,0
2023-02-07 22:36:17.195942+00:00,70B3D54991EB3BA5,ECHO #2,Echo,Crossden burn @ Greenford Farm,56.55409349771759,-2.7087453156770502,08bb00000d7426ac0000,287.0,0.0,3.44,99.0,0
2023-02-07 23:07:50.466167+00:00,70B3D54991EB3BA5,ECHO #2,Echo,Crossden burn @ Greenford Farm,56.55409349771759,-2.7087453156770502,08ba00000dc826ac0000,288.0,0.0,3.53,99.0,0
2023-02-07 23:23:33.866855+00:00,70B3D54991EB3BA5,ECHO #2,Echo,Crossden burn @ Greenford Farm,56.55409349771759,-2.7087453156770502,08b800000d7026ac0000,290.0,0.0,3.44,99.0,0
2023-02-07 23:39:19.943085+00:00,70B3D54991EB3BA5,ECHO #2,Echo,Crossden burn @ Greenford Farm,56.55409349771759,-2.7087453156770502,08ba00000dd426ac0000,288.0,0.0,3.54,99.0,0
2023-02-07 23:55:04.058384+00:00,70B3D54991EB3BA5,ECHO #2,Echo,Crossden burn @ Greenford Farm,56.55409349771759,-2.7087453156770502,08b700000d7c26ac0000,291.0,0.0,3.45,99.0,0
2023-02-08 00:10:49.576766+00:00,70B3D54991EB3BA5,ECHO #2,Echo,Crossden burn @ Greenford Farm,56.55409349771759,-2.7087453156770502,08ba00000d6826ac0000,288.0,0.0,3.43,99.0,0
2023-02-08 00:26:35.144367+00:00,70B3D54991EB3BA5,ECHO #2,Echo,Crossden burn @ Greenford Farm,56.55409349771759,-2.7087453156770502,08be00000d6826ac0000,284.0,0.0,3.43,99.0,0
2023-02-08 00:42:19.528834+00:00,70B3D54991EB3BA5,ECHO #2,Echo,Crossden burn @ Greenford Farm,56.55409349771759,-2.7087453156770502,08bd00000db426ac0000,285.0,0.0,3.51,99.0,0
2023-02-08 00:58:04.095479+00:00,70B3D54991EB3BA5,ECHO #2,Echo,Crossden burn @ Greenford Farm,56.55409349771759,-2.7087453156770502,08bb00000d8026ac0000,287.0,0.0,3.46,99.0,0
2023-02-08 01:13:53.256454+00:00,70B3D54991EB3BA5,ECHO #2,Echo,Crossden burn @ Greenford Farm,56.55409349771759,-2.7087453156770502,08b400000d6826ac0000,294.0,0.0,3.43,99.0,0
2023-02-08 01:29:39.010318+00:00,70B3D54991EB3BA5,ECHO #2,Echo,Crossden burn @ Greenford Farm,56.55409349771759,-2.7087453156770502,08b300000dd026ac0000,295.0,0.0,3.54,99.0,0
2023-02-08 01:45:27.755930+00:00,70B3D54991EB3BA5,ECHO #2,Echo,Crossden burn @ Greenford Farm,56.55409349771759,-2.7087453156770502,08b800000da426ac0000,290.0,0.0,3.49,99.0,0
2023-02-08 02:01:13.009231+00:00,70B3D54991EB3BA5,ECHO #2,Echo,Crossden burn @ Greenford Farm,56.55409349771759,-2.7087453156770502,08ba00000dd826ac0000,288.0,0.0,3.54,99.0,0
2023-02-08 02:16:58.758422+00:00,70B3D54991EB3BA5,ECHO #2,Echo,Crossden burn @ Greenford Farm,56.55409349771759,-2.7087453156770502,08b800000dc426ac0000,290.0,0.0,3.52,99.0,0
2023-02-08 02:32:44.076560+00:00,70B3D54991EB3BA5,ECHO #2,Echo,Crossden burn @ Greenford Farm,56.55409349771759,-2.7087453156770502,08bb00000dd426ac0000,287.0,0.0,3.54,99.0,0
2023-02-08 02:48:31.568218+00:00,70B3D54991EB3BA5,ECHO #2,Echo,Crossden burn @ Greenford Farm,56.55409349771759,-2.7087453156770502,08b700000d7426ac0000,291.0,0.0,3.44,99.0,0
2023-02-08 03:04:16.949999+00:00,70B3D54991EB3BA5,ECHO #2,Echo,Crossden burn @ Greenford Farm,56.55409349771759,-2.7087453156770502,08b500000dc826ac0000,293.0,0.0,3.53,99.0,0
2023-02-08 03:20:02.405918+00:00,70B3D54991EB3BA5,ECHO #2,Echo,Crossden burn @ Greenford Farm,56.55409349771759,-2.7087453156770502,08b800000dd426ac0000,290.0,0.0,3.54,99.0,0
2023-02-08 03:35:47.286213+00:00,70B3D54991EB3BA5,ECHO #2,Echo,Crossden burn @ Greenford Farm,56.55409349771759,-2.7087453156770502,08b400000dc426ac0000,294.0,0.0,3.52,99.0,0
2023-02-08 03:51:33.355370+00:00,70B3D54991EB3BA5,ECHO #2,Echo,Crossden burn @ Greenford Farm,56.55409349771759,-2.7087453156770502,08b500000d8026ac0000,293.0,0.0,3.46,99.0,0
2023-02-08 04:07:18.957769+00:00,70B3D54991EB3BA5,ECHO #2,Echo,Crossden burn @ Greenford Farm,56.55409349771759,-2.7087453156770502,08b700000dac26ac0000,291.0,0.0,3.5,99.0,0
2023-02-08 04:23:04.308479+00:00,70B3D54991EB3BA5,ECHO #2,Echo,Crossden burn @ Greenford Farm,56.55409349771759,-2.7087453156770502,08b300000d8826ac0000,295.0,0.0,3.46,99.0,0
2023-02-08 04:38:50.201955+00:00,70B3D54991EB3BA5,ECHO #2,Echo,Crossden burn @ Greenford Farm,56.55409349771759,-2.7087453156770502,08b400000d9826ac0000,294.0,0.0,3.48,99.0,0
2023-02-08 04:54:35.829881+00:00,70B3D54991EB3BA5,ECHO #2,Echo,Crossden burn @ Greenford Farm,56.55409349771759,-2.7087453156770502,08b300000db426ac0000,295.0,0.0,3.51,99.0,0
2023-02-08 05:10:21.229434+00:00,70B3D54991EB3BA5,ECHO #2,Echo,Crossden burn @ Greenford Farm,56.55409349771759,-2.7087453156770502,08b500000ddc26ac0000,293.0,0.0,3.55,99.0,0
2023-02-08 05:26:07.182427+00:00,70B3D54991EB3BA5,ECHO #2,Echo,Crossden burn @ Greenford Farm,56.55409349771759,-2.7087453156770502,08b300000d8026ac0000,295.0,0.0,3.46,99.0,0
2023-02-08 05:41:52.311178+00:00,70B3D54991EB3BA5,ECHO #2,Echo,Crossden burn @ Greenford Farm,56.55409349771759,-2.7087453156770502,08b500000d6c26ac0000,293.0,0.0,3.44,99.0,0
2023-02-08 05:57:37.759410+00:00,70B3D54991EB3BA5,ECHO #2,Echo,Crossden burn @ Greenford Farm,56.55409349771759,-2.7087453156770502,08b700000da426ac0000,291.0,0.0,3.49,99.0,0
2023-02-08 06:13:23.659219+00:00,70B3D54991EB3BA5,ECHO #2,Echo,Crossden burn @ Greenford Farm,56.55409349771759,-2.7087453156770502,08b600000dd426ac0000,292.0,0.0,3.54,99.0,0
2023-02-08 06:29:09.707703+00:00,70B3D54991EB3BA5,ECHO #2,Echo,Crossden burn @ Greenford Farm,56.55409349771759,-2.7087453156770502,08b500000dd026ac0000,293.0,0.0,3.54,99.0,0
2023-02-08 07:16:25.380336+00:00,70B3D54991EB3BA5,ECHO #2,Echo,Crossden burn @ Greenford Farm,56.55409349771759,-2.7087453156770502,08b700000d8026ac0000,291.0,0.0,3.46,99.0,0
2023-02-08 07:32:10.715080+00:00,70B3D54991EB3BA5,ECHO #2,Echo,Crossden burn @ Greenford Farm,56.55409349771759,-2.7087453156770502,08b600000dac26ac0000,292.0,0.0,3.5,99.0,0
2023-02-08 07:47:56.611148+00:00,70B3D54991EB3BA5,ECHO #2,Echo,Crossden burn @ Greenford Farm,56.55409349771759,-2.7087453156770502,08b600000db026ac0000,292.0,0.0,3.5,99.0,0
2023-02-08 08:03:41.953673+00:00,70B3D54991EB3BA5,ECHO #2,Echo,Crossden burn @ Greenford Farm,56.55409349771759,-2.7087453156770502,08b500000db426ac0000,293.0,0.0,3.51,99.0,0
2023-02-08 08:19:27.536430+00:00,70B3D54991EB3BA5,ECHO #2,Echo,Crossden burn @ Greenford Farm,56.55409349771759,-2.7087453156770502,08b500000dd826ac0000,293.0,0.0,3.54,99.0,0
2023-02-08 08:35:13.329985+00:00,70B3D54991EB3BA5,ECHO #2,Echo,Crossden burn @ Greenford Farm,56.55409349771759,-2.7087453156770502,08b700000da426ac0000,291.0,0.0,3.49,99.0,0
2023-02-08 08:50:59.277348+00:00,70B3D54991EB3BA5,ECHO #2,Echo,Crossden burn @ Greenford Farm,56.55409349771759,-2.7087453156770502,08b600000d7826ac0000,292.0,0.0,3.45,99.0,0
2023-02-08 09:06:44.904680+00:00,70B3D54991EB3BA5,ECHO #2,Echo,Crossden burn @ Greenford Farm,56.55409349771759,-2.7087453156770502,08b400000da826ac0000,294.0,0.0,3.5,99.0,0
2023-02-08 09:22:30.588702+00:00,70B3D54991EB3BA5,ECHO #2,Echo,Crossden burn @ Greenford Farm,56.55409349771759,-2.7087453156770502,08b500000d7c26ac0000,293.0,0.0,3.45,99.0,0
2023-02-08 09:38:16.412532+00:00,70B3D54991EB3BA5,ECHO #2,Echo,Crossden burn @ Greenford Farm,56.55409349771759,-2.7087453156770502,08b700000da426ac0000,291.0,0.0,3.49,99.0,0
2023-02-08 09:54:01.744891+00:00,70B3D54991EB3BA5,ECHO #2,Echo,Crossden burn @ Greenford Farm,56.55409349771759,-2.7087453156770502,08b400000dec26ac0000,294.0,0.0,3.56,99.0,0
2023-02-08 10:09:47.409312+00:00,70B3D54991EB3BA5,ECHO #2,Echo,Crossden burn @ Greenford Farm,56.55409349771759,-2.7087453156770502,08b600000dd826ac0000,292.0,0.0,3.54,99.0,0
2023-02-08 10:25:31.712667+00:00,70B3D54991EB3BA5,ECHO #2,Echo,Crossden burn @ Greenford Farm,56.55409349771759,-2.7087453156770502,08b500000dfc26ac0000,293.0,0.0,3.58,99.0,0
2023-02-08 10:41:18.768112+00:00,70B3D54991EB3BA5,ECHO #2,Echo,Crossden burn @ Greenford Farm,56.55409349771759,-2.7087453156770502,08b700000dc826ac0000,291.0,0.0,3.53,99.0,0
2023-02-08 10:57:04.815925+00:00,70B3D54991EB3BA5,ECHO #2,Echo,Crossden burn @ Greenford Farm,56.55409349771759,-2.7087453156770502,08b800000d9826ac0000,290.0,0.0,3.48,99.0,0
2023-02-08 11:12:50.140356+00:00,70B3D54991EB3BA5,ECHO #2,Echo,Crossden burn @ Greenford Farm,56.55409349771759,-2.7087453156770502,08b600000d8c26ac0000,292.0,0.0,3.47,99.0,0
2023-02-08 11:28:35.629276+00:00,70B3D54991EB3BA5,ECHO #2,Echo,Crossden burn @ Greenford Farm,56.55409349771759,-2.7087453156770502,08b700000de026ac0000,291.0,0.0,3.55,99.0,0
2023-02-08 11:44:21.500989+00:00,70B3D54991EB3BA5,ECHO #2,Echo,Crossden burn @ Greenford Farm,56.55409349771759,-2.7087453156770502,08ba00000dfc26ac0000,288.0,0.0,3.58,99.0,0
2023-02-08 12:00:08.590685+00:00,70B3D54991EB3BA5,ECHO #2,Echo,Crossden burn @ Greenford Farm,56.55409349771759,-2.7087453156770502,08bd00000dd026ac0000,285.0,0.0,3.54,99.0,0
2023-02-08 12:15:56.183849+00:00,70B3D54991EB3BA5,ECHO #2,Echo,Crossden burn @ Greenford Farm,56.55409349771759,-2.7087453156770502,08bd00000da426ac0000,285.0,0.0,3.49,99.0,0
2023-02-08 12:31:40.547988+00:00,70B3D54991EB3BA5,ECHO #2,Echo,Crossden burn @ Greenford Farm,56.55409349771759,-2.7087453156770502,08b900000dd826ac0000,289.0,0.0,3.54,99.0,0
2023-02-08 13:03:11.677651+00:00,70B3D54991EB3BA5,ECHO #2,Echo,Crossden burn @ Greenford Farm,56.55409349771759,-2.7087453156770502,08b900000dd026ac0000,289.0,0.0,3.54,99.0,0
2023-02-08 13:18:56.392166+00:00,70B3D54991EB3BA5,ECHO #2,Echo,Crossden burn @ Greenford Farm,56.55409349771759,-2.7087453156770502,08b700000d9c26ac0000,291.0,0.0,3.48,99.0,0
2023-02-08 13:34:42.518736+00:00,70B3D54991EB3BA5,ECHO #2,Echo,Crossden burn @ Greenford Farm,56.55409349771759,-2.7087453156770502,08b700000db026ac0000,291.0,0.0,3.5,99.0,0
2023-02-08 13:50:27.324596+00:00,70B3D54991EB3BA5,ECHO #2,Echo,Crossden burn @ Greenford Farm,56.55409349771759,-2.7087453156770502,08b800000df026ac0000,290.0,0.0,3.57,99.0,0
2023-02-08 14:06:12.823530+00:00,70B3D54991EB3BA5,ECHO #2,Echo,Crossden burn @ Greenford Farm,56.55409349771759,-2.7087453156770502,08b600000df026ac0000,292.0,0.0,3.57,99.0,0
2023-02-08 14:21:58.947517+00:00,70B3D54991EB3BA5,ECHO #2,Echo,Crossden burn @ Greenford Farm,56.55409349771759,-2.7087453156770502,08b900000d8826ac0000,289.0,0.0,3.46,99.0,0
2023-02-08 14:37:43.966781+00:00,70B3D54991EB3BA5,ECHO #2,Echo,Crossden burn @ Greenford Farm,56.55409349771759,-2.7087453156770502,08b900000df026ac0000,289.0,0.0,3.57,99.0,0
2023-02-08 14:53:28.792913+00:00,70B3D54991EB3BA5,ECHO #2,Echo,Crossden burn @ Greenford Farm,56.55409349771759,-2.7087453156770502,08b900000df026ac0000,289.0,0.0,3.57,99.0,0
2023-02-08 15:09:13.679734+00:00,70B3D54991EB3BA5,ECHO #2,Echo,Crossden burn @ Greenford Farm,56.55409349771759,-2.7087453156770502,08ba00000df426ac0000,288.0,0.0,3.57,99.0,0
2023-02-08 15:25:00.838293+00:00,70B3D54991EB3BA5,ECHO #2,Echo,Crossden burn @ Greenford Farm,56.55409349771759,-2.7087453156770502,08b600000d8c26ac0000,292.0,0.0,3.47,99.0,0
2023-02-08 15:40:45.806231+00:00,70B3D54991EB3BA5,ECHO #2,Echo,Crossden burn @ Greenford Farm,56.55409349771759,-2.7087453156770502,08ba00000df026ac0000,288.0,0.0,3.57,99.0,0
2023-02-08 16:12:19.123259+00:00,70B3D54991EB3BA5,ECHO #2,Echo,Crossden burn @ Greenford Farm,56.55409349771759,-2.7087453156770502,08b600000d8c26ac0000,292.0,0.0,3.47,99.0,0
2023-02-08 16:28:04.032548+00:00,70B3D54991EB3BA5,ECHO #2,Echo,Crossden burn @ Greenford Farm,56.55409349771759,-2.7087453156770502,08b900000df426ac0000,289.0,0.0,3.57,99.0,0
2023-02-08 16:43:50.310739+00:00,70B3D54991EB3BA5,ECHO #2,Echo,Crossden burn @ Greenford Farm,56.55409349771759,-2.7087453156770502,08b600000d8c26ac0000,292.0,0.0,3.47,99.0,0
2023-02-08 16:59:35.704727+00:00,70B3D54991EB3BA5,ECHO #2,Echo,Crossden burn @ Greenford Farm,56.55409349771759,-2.7087453156770502,08b400000d9c26ac0000,294.0,0.0,3.48,99.0,0
2023-02-08 17:15:21.063605+00:00,70B3D54991EB3BA5,ECHO #2,Echo,Crossden burn @ Greenford Farm,56.55409349771759,-2.7087453156770502,08b500000ddc26ac0000,293.0,0.0,3.55,99.0,0
2023-02-08 17:31:05.926516+00:00,70B3D54991EB3BA5,ECHO #2,Echo,Crossden burn @ Greenford Farm,56.55409349771759,-2.7087453156770502,08b400000dec26ac0000,294.0,0.0,3.56,99.0,0
2023-02-08 17:46:51.391866+00:00,70B3D54991EB3BA5,ECHO #2,Echo,Crossden burn @ Greenford Farm,56.55409349771759,-2.7087453156770502,08b600000d8426ac0000,292.0,0.0,3.46,99.0,0
2023-02-08 18:02:36.614115+00:00,70B3D54991EB3BA5,ECHO #2,Echo,Crossden burn @ Greenford Farm,56.55409349771759,-2.7087453156770502,08b800000db026ac0000,290.0,0.0,3.5,99.0,0
2023-02-08 18:18:21.660721+00:00,70B3D54991EB3BA5,ECHO #2,Echo,Crossden burn @ Greenford Farm,56.55409349771759,-2.7087453156770502,08b400000d8826ac0000,294.0,0.0,3.46,99.0,0
2023-02-08 18:34:06.930171+00:00,70B3D54991EB3BA5,ECHO #2,Echo,Crossden burn @ Greenford Farm,56.55409349771759,-2.7087453156770502,08b400000dd826ac0000,294.0,0.0,3.54,99.0,0
2023-02-08 18:49:53.340405+00:00,70B3D54991EB3BA5,ECHO #2,Echo,Crossden burn @ Greenford Farm,56.55409349771759,-2.7087453156770502,08b500000d8026ac0000,293.0,0.0,3.46,99.0,0
2023-02-08 19:05:38.369423+00:00,70B3D54991EB3BA5,ECHO #2,Echo,Crossden burn @ Greenford Farm,56.55409349771759,-2.7087453156770502,08b700000da426ac0000,291.0,0.0,3.49,99.0,0
2023-02-08 19:21:23.829616+00:00,70B3D54991EB3BA5,ECHO #2,Echo,Crossden burn @ Greenford Farm,56.55409349771759,-2.7087453156770502,08b500000dcc26ac0000,293.0,0.0,3.53,99.0,0
2023-02-08 19:37:09.067105+00:00,70B3D54991EB3BA5,ECHO #2,Echo,Crossden burn @ Greenford Farm,56.55409349771759,-2.7087453156770502,08b600000de026ac0000,292.0,0.0,3.55,99.0,0
2023-02-08 19:52:53.490745+00:00,70B3D54991EB3BA5,ECHO #2,Echo,Crossden burn @ Greenford Farm,56.55409349771759,-2.7087453156770502,08b600000dc426ac0000,292.0,0.0,3.52,99.0,0
2023-02-08 20:08:39.018149+00:00,70B3D54991EB3BA5,ECHO #2,Echo,Crossden burn @ Greenford Farm,56.55409349771759,-2.7087453156770502,08b800000dd026ac0000,290.0,0.0,3.54,99.0,0
2023-02-08 20:24:24.550825+00:00,70B3D54991EB3BA5,ECHO #2,Echo,Crossden burn @ Greenford Farm,56.55409349771759,-2.7087453156770502,08b500000dd426ac0000,293.0,0.0,3.54,99.0,0
2023-02-08 20:40:09.178871+00:00,70B3D54991EB3BA5,ECHO #2,Echo,Crossden burn @ Greenford Farm,56.55409349771759,-2.7087453156770502,08b800000d8026ac0000,290.0,0.0,3.46,99.0,0
2023-02-08 20:55:55.115561+00:00,70B3D54991EB3BA5,ECHO #2,Echo,Crossden burn @ Greenford Farm,56.55409349771759,-2.7087453156770502,08b600000d9c26ac0000,292.0,0.0,3.48,99.0,0
2023-02-08 21:11:40.261172+00:00,70B3D54991EB3BA5,ECHO #2,Echo,Crossden burn @ Greenford Farm,56.55409349771759,-2.7087453156770502,08b700000dcc26ac0000,291.0,0.0,3.53,99.0,0
2023-02-08 21:27:25.386267+00:00,70B3D54991EB3BA5,ECHO #2,Echo,Crossden burn @ Greenford Farm,56.55409349771759,-2.7087453156770502,08b900000dd026ac0000,289.0,0.0,3.54,99.0,0
2023-02-08 21:43:10.520797+00:00,70B3D54991EB3BA5,ECHO #2,Echo,Crossden burn @ Greenford Farm,56.55409349771759,-2.7087453156770502,08b900000da026ac0000,289.0,0.0,3.49,99.0,0
2023-02-08 21:58:55.562382+00:00,70B3D54991EB3BA5,ECHO #2,Echo,Crossden burn @ Greenford Farm,56.55409349771759,-2.7087453156770502,08b700000ddc26ac0000,291.0,0.0,3.55,99.0,0
2023-02-08 22:14:40.591462+00:00,70B3D54991EB3BA5,ECHO #2,Echo,Crossden burn @ Greenford Farm,56.55409349771759,-2.7087453156770502,08b900000dac26ac0000,289.0,0.0,3.5,99.0,0
2023-02-08 22:30:26.215455+00:00,70B3D54991EB3BA5,ECHO #2,Echo,Crossden burn @ Greenford Farm,56.55409349771759,-2.7087453156770502,08b900000db426ac0000,289.0,0.0,3.51,99.0,0
2023-02-08 22:46:11.239444+00:00,70B3D54991EB3BA5,ECHO #2,Echo,Crossden burn @ Greenford Farm,56.55409349771759,-2.7087453156770502,08b700000d9c26ac0000,291.0,0.0,3.48,99.0,0
2023-02-08 23:01:56.720003+00:00,70B3D54991EB3BA5,ECHO #2,Echo,Crossden burn @ Greenford Farm,56.55409349771759,-2.7087453156770502,08b700000d6c26ac0000,291.0,0.0,3.44,99.0,0
2023-02-08 23:33:26.115655+00:00,70B3D54991EB3BA5,ECHO #2,Echo,Crossden burn @ Greenford Farm,56.55409349771759,-2.7087453156770502,08b800000db426ac0000,290.0,0.0,3.51,99.0,0
2023-02-08 23:49:10.909428+00:00,70B3D54991EB3BA5,ECHO #2,Echo,Crossden burn @ Greenford Farm,56.55409349771759,-2.7087453156770502,08b900000d9426ac0000,289.0,0.0,3.48,99.0,0
2023-02-09 00:20:40.586340+00:00,70B3D54991EB3BA5,ECHO #2,Echo,Crossden burn @ Greenford Farm,56.55409349771759,-2.7087453156770502,08ba00000d9c26ac0000,288.0,0.0,3.48,99.0,0
2023-02-09 00:36:25.770201+00:00,70B3D54991EB3BA5,ECHO #2,Echo,Crossden burn @ Greenford Farm,56.55409349771759,-2.7087453156770502,08bb00000d7826ac0000,287.0,0.0,3.45,99.0,0
2023-02-09 00:52:10.481651+00:00,70B3D54991EB3BA5,ECHO #2,Echo,Crossden burn @ Greenford Farm,56.55409349771759,-2.7087453156770502,08b800000d6026ac0000,290.0,0.0,3.42,99.0,0
2023-02-09 01:07:55.348038+00:00,70B3D54991EB3BA5,ECHO #2,Echo,Crossden burn @ Greenford Farm,56.55409349771759,-2.7087453156770502,08b700000dc826ac0000,291.0,0.0,3.53,99.0,0
2023-02-09 01:23:41.661680+00:00,70B3D54991EB3BA5,ECHO #2,Echo,Crossden burn @ Greenford Farm,56.55409349771759,-2.7087453156770502,08b600000d7c26ac0000,292.0,0.0,3.45,99.0,0
2023-02-09 01:39:27.216461+00:00,70B3D54991EB3BA5,ECHO #2,Echo,Crossden burn @ Greenford Farm,56.55409349771759,-2.7087453156770502,08b700000d6426ac0000,291.0,0.0,3.43,99.0,0
2023-02-09 01:55:12.688637+00:00,70B3D54991EB3BA5,ECHO #2,Echo,Crossden burn @ Greenford Farm,56.55409349771759,-2.7087453156770502,08b800000ddc26ac0000,290.0,0.0,3.55,99.0,0
2023-02-09 02:10:57.879336+00:00,70B3D54991EB3BA5,ECHO #2,Echo,Crossden burn @ Greenford Farm,56.55409349771759,-2.7087453156770502,08b900000de026ac0000,289.0,0.0,3.55,99.0,0
2023-02-09 02:26:43.461878+00:00,70B3D54991EB3BA5,ECHO #2,Echo,Crossden burn @ Greenford Farm,56.55409349771759,-2.7087453156770502,08b800000d6026ac0000,290.0,0.0,3.42,99.0,0
2023-02-09 02:42:28.891204+00:00,70B3D54991EB3BA5,ECHO #2,Echo,Crossden burn @ Greenford Farm,56.55409349771759,-2.7087453156770502,08ba00000db426ac0000,288.0,0.0,3.51,99.0,0
2023-02-09 02:58:13.672024+00:00,70B3D54991EB3BA5,ECHO #2,Echo,Crossden burn @ Greenford Farm,56.55409349771759,-2.7087453156770502,08ba00000db026ac0000,288.0,0.0,3.5,99.0,0
2023-02-09 03:13:58.918532+00:00,70B3D54991EB3BA5,ECHO #2,Echo,Crossden burn @ Greenford Farm,56.55409349771759,-2.7087453156770502,08b800000db026ac0000,290.0,0.0,3.5,99.0,0
2023-02-09 03:29:44.341612+00:00,70B3D54991EB3BA5,ECHO #2,Echo,Crossden burn @ Greenford Farm,56.55409349771759,-2.7087453156770502,08b800000ddc26ac0000,290.0,0.0,3.55,99.0,0
2023-02-09 03:45:29.486705+00:00,70B3D54991EB3BA5,ECHO #2,Echo,Crossden burn @ Greenford Farm,56.55409349771759,-2.7087453156770502,08b800000dc426ac0000,290.0,0.0,3.52,99.0,0
2023-02-09 04:01:14.302310+00:00,70B3D54991EB3BA5,ECHO #2,Echo,Crossden burn @ Greenford Farm,56.55409349771759,-2.7087453156770502,08b800000db426ac0000,290.0,0.0,3.51,99.0,0
2023-02-09 04:17:00.377074+00:00,70B3D54991EB3BA5,ECHO #2,Echo,Crossden burn @ Greenford Farm,56.55409349771759,-2.7087453156770502,08ba00000db426ac0000,288.0,0.0,3.51,99.0,0
2023-02-09 04:32:45.768854+00:00,70B3D54991EB3BA5,ECHO #2,Echo,Crossden burn @ Greenford Farm,56.55409349771759,-2.7087453156770502,08b900000df426ac0000,289.0,0.0,3.57,99.0,0
2023-02-09 04:48:31.023248+00:00,70B3D54991EB3BA5,ECHO #2,Echo,Crossden burn @ Greenford Farm,56.55409349771759,-2.7087453156770502,08bb00000dd026ac0000,287.0,0.0,3.54,99.0,0
2023-02-09 05:04:16.611393+00:00,70B3D54991EB3BA5,ECHO #2,Echo,Crossden burn @ Greenford Farm,56.55409349771759,-2.7087453156770502,08b700000d9426ac0000,291.0,0.0,3.48,99.0,0
2023-02-09 05:20:02.478763+00:00,70B3D54991EB3BA5,ECHO #2,Echo,Crossden burn @ Greenford Farm,56.55409349771759,-2.7087453156770502,08ba00000ddc26ac0000,288.0,0.0,3.55,99.0,0
2023-02-09 05:35:47.574725+00:00,70B3D54991EB3BA5,ECHO #2,Echo,Crossden burn @ Greenford Farm,56.55409349771759,-2.7087453156770502,08ba00000da426ac0000,288.0,0.0,3.49,99.0,0
2023-02-09 05:51:33.029064+00:00,70B3D54991EB3BA5,ECHO #2,Echo,Crossden burn @ Greenford Farm,56.55409349771759,-2.7087453156770502,08b900000dd826ac0000,289.0,0.0,3.54,99.0,0
2023-02-09 06:07:17.892130+00:00,70B3D54991EB3BA5,ECHO #2,Echo,Crossden burn @ Greenford Farm,56.55409349771759,-2.7087453156770502,08b900000dc826ac0000,289.0,0.0,3.53,99.0,0
2023-02-09 06:23:03.127596+00:00,70B3D54991EB3BA5,ECHO #2,Echo,Crossden burn @ Greenford Farm,56.55409349771759,-2.7087453156770502,08b800000dac26ac0000,290.0,0.0,3.5,99.0,0
2023-02-09 06:38:48.153534+00:00,70B3D54991EB3BA5,ECHO #2,Echo,Crossden burn @ Greenford Farm,56.55409349771759,-2.7087453156770502,08ba00000ddc26ac0000,288.0,0.0,3.55,99.0,0
2023-02-09 06:54:33.572001+00:00,70B3D54991EB3BA5,ECHO #2,Echo,Crossden burn @ Greenford Farm,56.55409349771759,-2.7087453156770502,08ba00000da026ac0000,288.0,0.0,3.49,99.0,0
2023-02-09 07:10:18.428024+00:00,70B3D54991EB3BA5,ECHO #2,Echo,Crossden burn @ Greenford Farm,56.55409349771759,-2.7087453156770502,08b900000df426ac0000,289.0,0.0,3.57,99.0,0
2023-02-09 07:26:03.991883+00:00,70B3D54991EB3BA5,ECHO #2,Echo,Crossden burn @ Greenford Farm,56.55409349771759,-2.7087453156770502,08ba00000ddc26ac0000,288.0,0.0,3.55,99.0,0
2023-02-09 07:41:49.699714+00:00,70B3D54991EB3BA5,ECHO #2,Echo,Crossden burn @ Greenford Farm,56.55409349771759,-2.7087453156770502,08ba00000dec26ac0000,288.0,0.0,3.56,99.0,0
2023-02-09 07:57:35.175234+00:00,70B3D54991EB3BA5,ECHO #2,Echo,Crossden burn @ Greenford Farm,56.55409349771759,-2.7087453156770502,08bb00000d9c26ac0000,287.0,0.0,3.48,99.0,0
2023-02-09 08:13:20.755706+00:00,70B3D54991EB3BA5,ECHO #2,Echo,Crossden burn @ Greenford Farm,56.55409349771759,-2.7087453156770502,08bd00000d9c26ac0000,285.0,0.0,3.48,99.0,0
2023-02-09 08:29:07.337418+00:00,70B3D54991EB3BA5,ECHO #2,Echo,Crossden burn @ Greenford Farm,56.55409349771759,-2.7087453156770502,08bd00000db026ac0000,285.0,0.0,3.5,99.0,0
2023-02-09 08:44:55.138714+00:00,70B3D54991EB3BA5,ECHO #2,Echo,Crossden burn @ Greenford Farm,56.55409349771759,-2.7087453156770502,08bf00000da026ac0000,283.0,0.0,3.49,99.0,0
2023-02-09 09:00:43.755226+00:00,70B3D54991EB3BA5,ECHO #2,Echo,Crossden burn @ Greenford Farm,56.55409349771759,-2.7087453156770502,08c200000d8026ac0000,280.0,0.0,3.46,99.0,0
2023-02-09 09:16:32.270972+00:00,70B3D54991EB3BA5,ECHO #2,Echo,Crossden burn @ Greenford Farm,56.55409349771759,-2.7087453156770502,08c300000de426ac0000,279.0,0.0,3.56,99.0,0
2023-02-09 09:32:18.589648+00:00,70B3D54991EB3BA5,ECHO #2,Echo,Crossden burn @ Greenford Farm,56.55409349771759,-2.7087453156770502,08c400000dd426ac0000,278.0,0.0,3.54,99.0,0
2023-02-09 09:48:02.856591+00:00,70B3D54991EB3BA5,ECHO #2,Echo,Crossden burn @ Greenford Farm,56.55409349771759,-2.7087453156770502,08c300000d9026ac0000,279.0,0.0,3.47,99.0,0
2023-02-09 10:03:50.330873+00:00,70B3D54991EB3BA5,ECHO #2,Echo,Crossden burn @ Greenford Farm,56.55409349771759,-2.7087453156770502,08c400000dec26ac0000,278.0,0.0,3.56,99.0,0
2023-02-09 10:19:38.493686+00:00,70B3D54991EB3BA5,ECHO #2,Echo,Crossden burn @ Greenford Farm,56.55409349771759,-2.7087453156770502,08c600000e0826ac0000,276.0,0.0,3.59,99.0,0
2023-02-09 10:35:23.243071+00:00,70B3D54991EB3BA5,ECHO #2,Echo,Crossden burn @ Greenford Farm,56.55409349771759,-2.7087453156770502,08c500000de426ac0000,277.0,0.0,3.56,99.0,0
2023-02-09 10:51:11.156818+00:00,70B3D54991EB3BA5,ECHO #2,Echo,Crossden burn @ Greenford Farm,56.55409349771759,-2.7087453156770502,08c600000da826ac0000,276.0,0.0,3.5,99.0,0
2023-02-09 11:06:56.625174+00:00,70B3D54991EB3BA5,ECHO #2,Echo,Crossden burn @ Greenford Farm,56.55409349771759,-2.7087453156770502,08c800000de826ac0000,274.0,0.0,3.56,99.0,0
2023-02-09 11:22:39.632318+00:00,70B3D54991EB3BA5,ECHO #2,Echo,Crossden burn @ Greenford Farm,56.55409349771759,-2.7087453156770502,08c400000e1426ac0000,278.0,0.0,3.6,99.0,0
2023-02-09 11:38:24.820145+00:00,70B3D54991EB3BA5,ECHO #2,Echo,Crossden burn @ Greenford Farm,56.55409349771759,-2.7087453156770502,08c200000dc426ac0000,280.0,0.0,3.52,99.0,0
2023-02-09 11:54:09.264141+00:00,70B3D54991EB3BA5,ECHO #2,Echo,Crossden burn @ Greenford Farm,56.55409349771759,-2.7087453156770502,08c200000de026ac0000,280.0,0.0,3.55,99.0,0
2023-02-09 12:09:54.505328+00:00,70B3D54991EB3BA5,ECHO #2,Echo,Crossden burn @ Greenford Farm,56.55409349771759,-2.7087453156770502,08c000000df426ac0000,282.0,0.0,3.57,99.0,0
2023-02-09 12:25:41.822853+00:00,70B3D54991EB3BA5,ECHO #2,Echo,Crossden burn @ Greenford Farm,56.55409349771759,-2.7087453156770502,08c200000da826ac0000,280.0,0.0,3.5,99.0,0
2023-02-09 12:41:27.715534+00:00,70B3D54991EB3BA5,ECHO #2,Echo,Crossden burn @ Greenford Farm,56.55409349771759,-2.7087453156770502,08c500000da426ac0000,277.0,0.0,3.49,99.0,0
2023-02-09 13:12:57.489842+00:00,70B3D54991EB3BA5,ECHO #2,Echo,Crossden burn @ Greenford Farm,56.55409349771759,-2.7087453156770502,08c500000dcc26ac0000,277.0,0.0,3.53,99.0,0
2023-02-09 13:28:42.414977+00:00,70B3D54991EB3BA5,ECHO #2,Echo,Crossden burn @ Greenford Farm,56.55409349771759,-2.7087453156770502,08c300000dc826ac0000,279.0,0.0,3.53,99.0,0
2023-02-09 13:44:27.912563+00:00,70B3D54991EB3BA5,ECHO #2,Echo,Crossden burn @ Greenford Farm,56.55409349771759,-2.7087453156770502,08c200000e0826ac0000,280.0,0.0,3.59,99.0,0
2023-02-09 14:00:12.497087+00:00,70B3D54991EB3BA5,ECHO #2,Echo,Crossden burn @ Greenford Farm,56.55409349771759,-2.7087453156770502,08c400000e3426ac0000,278.0,0.0,3.64,99.0,0
2023-02-09 14:15:57.503184+00:00,70B3D54991EB3BA5,ECHO #2,Echo,Crossden burn @ Greenford Farm,56.55409349771759,-2.7087453156770502,08c300000da426ac0000,279.0,0.0,3.49,99.0,0
2023-02-09 14:31:42.676924+00:00,70B3D54991EB3BA5,ECHO #2,Echo,Crossden burn @ Greenford Farm,56.55409349771759,-2.7087453156770502,08c200000da026ac0000,280.0,0.0,3.49,99.0,0
2023-02-09 14:47:28.063568+00:00,70B3D54991EB3BA5,ECHO #2,Echo,Crossden burn @ Greenford Farm,56.55409349771759,-2.7087453156770502,08c100000df426ac0000,281.0,0.0,3.57,99.0,0
2023-02-09 15:03:12.704347+00:00,70B3D54991EB3BA5,ECHO #2,Echo,Crossden burn @ Greenford Farm,56.55409349771759,-2.7087453156770502,08c300000e0426ac0000,279.0,0.0,3.59,99.0,0
2023-02-09 15:18:56.529873+00:00,70B3D54991EB3BA5,ECHO #2,Echo,Crossden burn @ Greenford Farm,56.55409349771759,-2.7087453156770502,08c200000dcc26ac0000,280.0,0.0,3.53,99.0,0
2023-02-09 15:34:40.976120+00:00,70B3D54991EB3BA5,ECHO #2,Echo,Crossden burn @ Greenford Farm,56.55409349771759,-2.7087453156770502,08c200000dec26ac0000,280.0,0.0,3.56,99.0,0
2023-02-09 15:50:25.743880+00:00,70B3D54991EB3BA5,ECHO #2,Echo,Crossden burn @ Greenford Farm,56.55409349771759,-2.7087453156770502,08c200000df426ac0000,280.0,0.0,3.57,99.0,0
2023-02-09 16:06:10.881826+00:00,70B3D54991EB3BA5,ECHO #2,Echo,Crossden burn @ Greenford Farm,56.55409349771759,-2.7087453156770502,08c100000dcc26ac0000,281.0,0.0,3.53,99.0,0
2023-02-09 16:21:55.820214+00:00,70B3D54991EB3BA5,ECHO #2,Echo,Crossden burn @ Greenford Farm,56.55409349771759,-2.7087453156770502,08c100000d8826ac0000,281.0,0.0,3.46,99.0,0
2023-02-09 16:37:41.394289+00:00,70B3D54991EB3BA5,ECHO #2,Echo,Crossden burn @ Greenford Farm,56.55409349771759,-2.7087453156770502,08c200000dc426ac0000,280.0,0.0,3.52,99.0,0
2023-02-09 16:53:25.880745+00:00,70B3D54991EB3BA5,ECHO #2,Echo,Crossden burn @ Greenford Farm,56.55409349771759,-2.7087453156770502,08c100000d8826ac0000,281.0,0.0,3.46,99.0,0
2023-02-09 17:09:10.652102+00:00,70B3D54991EB3BA5,ECHO #2,Echo,Crossden burn @ Greenford Farm,56.55409349771759,-2.7087453156770502,08c300000da826ac0000,279.0,0.0,3.5,99.0,0
2023-02-09 17:24:57.789392+00:00,70B3D54991EB3BA5,ECHO #2,Echo,Crossden burn @ Greenford Farm,56.55409349771759,-2.7087453156770502,08bf00000d7c26ac0000,283.0,0.0,3.45,99.0,0
2023-02-09 17:40:42.869303+00:00,70B3D54991EB3BA5,ECHO #2,Echo,Crossden burn @ Greenford Farm,56.55409349771759,-2.7087453156770502,08c200000d9426ac0000,280.0,0.0,3.48,99.0,0
2023-02-09 17:56:27.990712+00:00,70B3D54991EB3BA5,ECHO #2,Echo,Crossden burn @ Greenford Farm,56.55409349771759,-2.7087453156770502,08c300000db426ac0000,279.0,0.0,3.51,99.0,0
2023-02-09 18:12:13.342634+00:00,70B3D54991EB3BA5,ECHO #2,Echo,Crossden burn @ Greenford Farm,56.55409349771759,-2.7087453156770502,08c100000d7426ac0000,281.0,0.0,3.44,99.0,0
2023-02-09 18:27:58.441287+00:00,70B3D54991EB3BA5,ECHO #2,Echo,Crossden burn @ Greenford Farm,56.55409349771759,-2.7087453156770502,08c200000d9c26ac0000,280.0,0.0,3.48,99.0,0
2023-02-09 18:43:43.381087+00:00,70B3D54991EB3BA5,ECHO #2,Echo,Crossden burn @ Greenford Farm,56.55409349771759,-2.7087453156770502,08c100000d7c26ac0000,281.0,0.0,3.45,99.0,0
2023-02-09 18:59:28.631682+00:00,70B3D54991EB3BA5,ECHO #2,Echo,Crossden burn @ Greenford Farm,56.55409349771759,-2.7087453156770502,08c000000db426ac0000,282.0,0.0,3.51,99.0,0
2023-02-09 19:15:13.630331+00:00,70B3D54991EB3BA5,ECHO #2,Echo,Crossden burn @ Greenford Farm,56.55409349771759,-2.7087453156770502,08c200000d8026ac0000,280.0,0.0,3.46,99.0,0
2023-02-09 19:30:58.509920+00:00,70B3D54991EB3BA5,ECHO #2,Echo,Crossden burn @ Greenford Farm,56.55409349771759,-2.7087453156770502,08c000000db426ac0000,282.0,0.0,3.51,99.0,0
2023-02-09 19:46:43.576460+00:00,70B3D54991EB3BA5,ECHO #2,Echo,Crossden burn @ Greenford Farm,56.55409349771759,-2.7087453156770502,08c200000dac26ac0000,280.0,0.0,3.5,99.0,0
2023-02-09 20:02:28.647230+00:00,70B3D54991EB3BA5,ECHO #2,Echo,Crossden burn @ Greenford Farm,56.55409349771759,-2.7087453156770502,08c000000d8826ac0000,282.0,0.0,3.46,99.0,0
2023-02-09 20:18:14.426978+00:00,70B3D54991EB3BA5,ECHO #2,Echo,Crossden burn @ Greenford Farm,56.55409349771759,-2.7087453156770502,08c000000ddc26ac0000,282.0,0.0,3.55,99.0,0
2023-02-09 20:34:00.352131+00:00,70B3D54991EB3BA5,ECHO #2,Echo,Crossden burn @ Greenford Farm,56.55409349771759,-2.7087453156770502,08c000000d9826ac0000,282.0,0.0,3.48,99.0,0
2023-02-09 20:49:46.094838+00:00,70B3D54991EB3BA5,ECHO #2,Echo,Crossden burn @ Greenford Farm,56.55409349771759,-2.7087453156770502,08bf00000d7826ac0000,283.0,0.0,3.45,99.0,0
2023-02-09 21:05:31.838608+00:00,70B3D54991EB3BA5,ECHO #2,Echo,Crossden burn @ Greenford Farm,56.55409349771759,-2.7087453156770502,08c200000da426ac0000,280.0,0.0,3.49,99.0,0
2023-02-09 21:21:17.463684+00:00,70B3D54991EB3BA5,ECHO #2,Echo,Crossden burn @ Greenford Farm,56.55409349771759,-2.7087453156770502,08c200000ddc26ac0000,280.0,0.0,3.55,99.0,0
2023-02-09 21:37:02.774008+00:00,70B3D54991EB3BA5,ECHO #2,Echo,Crossden burn @ Greenford Farm,56.55409349771759,-2.7087453156770502,08c100000d8026ac0000,281.0,0.0,3.46,99.0,0
2023-02-09 21:52:48.081003+00:00,70B3D54991EB3BA5,ECHO #2,Echo,Crossden burn @ Greenford Farm,56.55409349771759,-2.7087453156770502,08c300000dd826ac0000,279.0,0.0,3.54,99.0,0
2023-02-09 22:08:33.762977+00:00,70B3D54991EB3BA5,ECHO #2,Echo,Crossden burn @ Greenford Farm,56.55409349771759,-2.7087453156770502,08c100000dcc26ac0000,281.0,0.0,3.53,99.0,0
2023-02-09 22:24:19.224145+00:00,70B3D54991EB3BA5,ECHO #2,Echo,Crossden burn @ Greenford Farm,56.55409349771759,-2.7087453156770502,08c000000de826ac0000,282.0,0.0,3.56,99.0,0
2023-02-09 22:40:04.824458+00:00,70B3D54991EB3BA5,ECHO #2,Echo,Crossden burn @ Greenford Farm,56.55409349771759,-2.7087453156770502,08c000000da426ac0000,282.0,0.0,3.49,99.0,0
2023-02-09 22:55:50.946330+00:00,70B3D54991EB3BA5,ECHO #2,Echo,Crossden burn @ Greenford Farm,56.55409349771759,-2.7087453156770502,08c100000d7826ac0000,281.0,0.0,3.45,99.0,0
2023-02-09 23:11:37.236722+00:00,70B3D54991EB3BA5,ECHO #2,Echo,Crossden burn @ Greenford Farm,56.55409349771759,-2.7087453156770502,08c000000d7c26ac0000,282.0,0.0,3.45,99.0,0
2023-02-09 23:27:22.893210+00:00,70B3D54991EB3BA5,ECHO #2,Echo,Crossden burn @ Greenford Farm,56.55409349771759,-2.7087453156770502,08c200000db426ac0000,280.0,0.0,3.51,99.0,0
2023-02-09 23:43:08.226811+00:00,70B3D54991EB3BA5,ECHO #2,Echo,Crossden burn @ Greenford Farm,56.55409349771759,-2.7087453156770502,08c100000d8826ac0000,281.0,0.0,3.46,99.0,0
2023-02-09 23:58:53.886717+00:00,70B3D54991EB3BA5,ECHO #2,Echo,Crossden burn @ Greenford Farm,56.55409349771759,-2.7087453156770502,08c200000de826ac0000,280.0,0.0,3.56,99.0,0
2023-02-10 00:14:39.491637+00:00,70B3D54991EB3BA5,ECHO #2,Echo,Crossden burn @ Greenford Farm,56.55409349771759,-2.7087453156770502,08c100000d8026ac0000,281.0,0.0,3.46,99.0,0
2023-02-10 00:30:24.977219+00:00,70B3D54991EB3BA5,ECHO #2,Echo,Crossden burn @ Greenford Farm,56.55409349771759,-2.7087453156770502,08c000000d8c26ac0000,282.0,0.0,3.47,99.0,0
2023-02-10 00:46:10.081690+00:00,70B3D54991EB3BA5,ECHO #2,Echo,Crossden burn @ Greenford Farm,56.55409349771759,-2.7087453156770502,08c200000df026ac0000,280.0,0.0,3.57,99.0,0
2023-02-10 01:01:55.709227+00:00,70B3D54991EB3BA5,ECHO #2,Echo,Crossden burn @ Greenford Farm,56.55409349771759,-2.7087453156770502,08c200000de426ac0000,280.0,0.0,3.56,99.0,0
2023-02-10 01:17:40.495630+00:00,70B3D54991EB3BA5,ECHO #2,Echo,Crossden burn @ Greenford Farm,56.55409349771759,-2.7087453156770502,08c100000de826ac0000,281.0,0.0,3.56,99.0,0
2023-02-10 01:33:26.347493+00:00,70B3D54991EB3BA5,ECHO #2,Echo,Crossden burn @ Greenford Farm,56.55409349771759,-2.7087453156770502,08c000000da426ac0000,282.0,0.0,3.49,99.0,0
2023-02-10 01:49:12.040308+00:00,70B3D54991EB3BA5,ECHO #2,Echo,Crossden burn @ Greenford Farm,56.55409349771759,-2.7087453156770502,08c100000ddc26ac0000,281.0,0.0,3.55,99.0,0
2023-02-10 02:04:57.234619+00:00,70B3D54991EB3BA5,ECHO #2,Echo,Crossden burn @ Greenford Farm,56.55409349771759,-2.7087453156770502,08c000000de826ac0000,282.0,0.0,3.56,99.0,0
2023-02-10 02:20:43.149244+00:00,70B3D54991EB3BA5,ECHO #2,Echo,Crossden burn @ Greenford Farm,56.55409349771759,-2.7087453156770502,08c000000d8426ac0000,282.0,0.0,3.46,99.0,0
2023-02-10 02:36:28.457392+00:00,70B3D54991EB3BA5,ECHO #2,Echo,Crossden burn @ Greenford Farm,56.55409349771759,-2.7087453156770502,08bf00000da026ac0000,283.0,0.0,3.49,99.0,0
2023-02-10 02:52:13.386180+00:00,70B3D54991EB3BA5,ECHO #2,Echo,Crossden burn @ Greenford Farm,56.55409349771759,-2.7087453156770502,08c000000de426ac0000,282.0,0.0,3.56,99.0,0
2023-02-10 03:07:58.410431+00:00,70B3D54991EB3BA5,ECHO #2,Echo,Crossden burn @ Greenford Farm,56.55409349771759,-2.7087453156770502,08c000000d7c26ac0000,282.0,0.0,3.45,99.0,0
2023-02-10 03:23:44.035786+00:00,70B3D54991EB3BA5,ECHO #2,Echo,Crossden burn @ Greenford Farm,56.55409349771759,-2.7087453156770502,08c200000d7826ac0000,280.0,0.0,3.45,99.0,0
2023-02-10 03:39:29.620833+00:00,70B3D54991EB3BA5,ECHO #2,Echo,Crossden burn @ Greenford Farm,56.55409349771759,-2.7087453156770502,08c100000da426ac0000,281.0,0.0,3.49,99.0,0
2023-02-10 03:55:15.558866+00:00,70B3D54991EB3BA5,ECHO #2,Echo,Crossden burn @ Greenford Farm,56.55409349771759,-2.7087453156770502,08c000000d7c26ac0000,282.0,0.0,3.45,99.0,0
2023-02-10 04:11:00.341431+00:00,70B3D54991EB3BA5,ECHO #2,Echo,Crossden burn @ Greenford Farm,56.55409349771759,-2.7087453156770502,08c100000db426ac0000,281.0,0.0,3.51,99.0,0
2023-02-10 04:26:46.342059+00:00,70B3D54991EB3BA5,ECHO #2,Echo,Crossden burn @ Greenford Farm,56.55409349771759,-2.7087453156770502,08c100000d7826ac0000,281.0,0.0,3.45,99.0,0
2023-02-10 04:42:32.226015+00:00,70B3D54991EB3BA5,ECHO #2,Echo,Crossden burn @ Greenford Farm,56.55409349771759,-2.7087453156770502,08bf00000d8c26ac0000,283.0,0.0,3.47,99.0,0
2023-02-10 04:58:17.763825+00:00,70B3D54991EB3BA5,ECHO #2,Echo,Crossden burn @ Greenford Farm,56.55409349771759,-2.7087453156770502,08bf00000da026ac0000,283.0,0.0,3.49,99.0,0
2023-02-10 05:14:03.346659+00:00,70B3D54991EB3BA5,ECHO #2,Echo,Crossden burn @ Greenford Farm,56.55409349771759,-2.7087453156770502,08c200000d7826ac0000,280.0,0.0,3.45,99.0,0
2023-02-10 05:29:48.456124+00:00,70B3D54991EB3BA5,ECHO #2,Echo,Crossden burn @ Greenford Farm,56.55409349771759,-2.7087453156770502,08c000000da826ac0000,282.0,0.0,3.5,99.0,0
2023-02-10 05:45:33.863633+00:00,70B3D54991EB3BA5,ECHO #2,Echo,Crossden burn @ Greenford Farm,56.55409349771759,-2.7087453156770502,08c000000d9826ac0000,282.0,0.0,3.48,99.0,0
2023-02-10 06:01:19.202379+00:00,70B3D54991EB3BA5,ECHO #2,Echo,Crossden burn @ Greenford Farm,56.55409349771759,-2.7087453156770502,08c100000dac26ac0000,281.0,0.0,3.5,99.0,0
2023-02-10 06:17:04.064915+00:00,70B3D54991EB3BA5,ECHO #2,Echo,Crossden burn @ Greenford Farm,56.55409349771759,-2.7087453156770502,08c100000dd026ac0000,281.0,0.0,3.54,99.0,0
2023-02-10 06:32:48.442720+00:00,70B3D54991EB3BA5,ECHO #2,Echo,Crossden burn @ Greenford Farm,56.55409349771759,-2.7087453156770502,08c000000dc426ac0000,282.0,0.0,3.52,99.0,0
2023-02-10 06:48:35.467322+00:00,70B3D54991EB3BA5,ECHO #2,Echo,Crossden burn @ Greenford Farm,56.55409349771759,-2.7087453156770502,08c000000da426ac0000,282.0,0.0,3.49,99.0,0
2023-02-10 07:04:20.799949+00:00,70B3D54991EB3BA5,ECHO #2,Echo,Crossden burn @ Greenford Farm,56.55409349771759,-2.7087453156770502,08c000000d8026ac0000,282.0,0.0,3.46,99.0,0
2023-02-10 07:20:06.335585+00:00,70B3D54991EB3BA5,ECHO #2,Echo,Crossden burn @ Greenford Farm,56.55409349771759,-2.7087453156770502,08bf00000d8c26ac0000,283.0,0.0,3.47,99.0,0
2023-02-10 07:35:51.802776+00:00,70B3D54991EB3BA5,ECHO #2,Echo,Crossden burn @ Greenford Farm,56.55409349771759,-2.7087453156770502,08bf00000d9c26ac0000,283.0,0.0,3.48,99.0,0
2023-02-10 07:51:37.272215+00:00,70B3D54991EB3BA5,ECHO #2,Echo,Crossden burn @ Greenford Farm,56.55409349771759,-2.7087453156770502,08c000000dcc26ac0000,282.0,0.0,3.53,99.0,0
2023-02-10 08:07:22.929836+00:00,70B3D54991EB3BA5,ECHO #2,Echo,Crossden burn @ Greenford Farm,56.55409349771759,-2.7087453156770502,08bf00000d9426ac0000,283.0,0.0,3.48,99.0,0
2023-02-10 08:23:08.149516+00:00,70B3D54991EB3BA5,ECHO #2,Echo,Crossden burn @ Greenford Farm,56.55409349771759,-2.7087453156770502,08be00000da426ac0000,284.0,0.0,3.49,99.0,0
2023-02-10 08:38:53.890423+00:00,70B3D54991EB3BA5,ECHO #2,Echo,Crossden burn @ Greenford Farm,56.55409349771759,-2.7087453156770502,08be00000da026ac0000,284.0,0.0,3.49,99.0,0
2023-02-10 08:54:39.375239+00:00,70B3D54991EB3BA5,ECHO #2,Echo,Crossden burn @ Greenford Farm,56.55409349771759,-2.7087453156770502,08be00000de026ac0000,284.0,0.0,3.55,99.0,0
2023-02-10 09:10:25.285690+00:00,70B3D54991EB3BA5,ECHO #2,Echo,Crossden burn @ Greenford Farm,56.55409349771759,-2.7087453156770502,08bf00000ddc26ac0000,283.0,0.0,3.55,99.0,0
2023-02-10 09:26:10.616823+00:00,70B3D54991EB3BA5,ECHO #2,Echo,Crossden burn @ Greenford Farm,56.55409349771759,-2.7087453156770502,08bd00000d7c26ac0000,285.0,0.0,3.45,99.0,0
2023-02-10 09:41:56.699467+00:00,70B3D54991EB3BA5,ECHO #2,Echo,Crossden burn @ Greenford Farm,56.55409349771759,-2.7087453156770502,08bd00000ddc26ac0000,285.0,0.0,3.55,99.0,0
2023-02-10 09:57:42.371332+00:00,70B3D54991EB3BA5,ECHO #2,Echo,Crossden burn @ Greenford Farm,56.55409349771759,-2.7087453156770502,08be00000db026ac0000,284.0,0.0,3.5,99.0,0
2023-02-10 10:13:27.559328+00:00,70B3D54991EB3BA5,ECHO #2,Echo,Crossden burn @ Greenford Farm,56.55409349771759,-2.7087453156770502,08be00000db426ac0000,284.0,0.0,3.51,99.0,0
2023-02-10 10:29:13.385199+00:00,70B3D54991EB3BA5,ECHO #2,Echo,Crossden burn @ Greenford Farm,56.55409349771759,-2.7087453156770502,08be00000dcc26ac0000,284.0,0.0,3.53,99.0,0
2023-02-10 10:44:59.322363+00:00,70B3D54991EB3BA5,ECHO #2,Echo,Crossden burn @ Greenford Farm,56.55409349771759,-2.7087453156770502,08be00000d8826ac0000,284.0,0.0,3.46,99.0,0
2023-02-10 11:00:45.640227+00:00,70B3D54991EB3BA5,ECHO #2,Echo,Crossden burn @ Greenford Farm,56.55409349771759,-2.7087453156770502,08bf00000da826ac0000,283.0,0.0,3.5,99.0,0
2023-02-10 11:16:31.544790+00:00,70B3D54991EB3BA5,ECHO #2,Echo,Crossden burn @ Greenford Farm,56.55409349771759,-2.7087453156770502,08bf00000ddc26ac0000,283.0,0.0,3.55,99.0,0
2023-02-10 11:32:15.655319+00:00,70B3D54991EB3BA5,ECHO #2,Echo,Crossden burn @ Greenford Farm,56.55409349771759,-2.7087453156770502,08c200000db426ac0000,280.0,0.0,3.51,99.0,0
2023-02-10 11:48:02.344661+00:00,70B3D54991EB3BA5,ECHO #2,Echo,Crossden burn @ Greenford Farm,56.55409349771759,-2.7087453156770502,08c000000db426ac0000,282.0,0.0,3.51,99.0,0
2023-02-10 12:03:48.746818+00:00,70B3D54991EB3BA5,ECHO #2,Echo,Crossden burn @ Greenford Farm,56.55409349771759,-2.7087453156770502,08bf00000db426ac0000,283.0,0.0,3.51,99.0,0
2023-02-10 12:19:34.396134+00:00,70B3D54991EB3BA5,ECHO #2,Echo,Crossden burn @ Greenford Farm,56.55409349771759,-2.7087453156770502,08be00000de026ac0000,284.0,0.0,3.55,99.0,0
2023-02-10 12:35:20.672555+00:00,70B3D54991EB3BA5,ECHO #2,Echo,Crossden burn @ Greenford Farm,56.55409349771759,-2.7087453156770502,08bd00000e0426ac0000,285.0,0.0,3.59,99.0,0
2023-02-10 12:51:06.713039+00:00,70B3D54991EB3BA5,ECHO #2,Echo,Crossden burn @ Greenford Farm,56.55409349771759,-2.7087453156770502,08be00000df426ac0000,284.0,0.0,3.57,99.0,0
2023-02-10 13:06:52.663722+00:00,70B3D54991EB3BA5,ECHO #2,Echo,Crossden burn @ Greenford Farm,56.55409349771759,-2.7087453156770502,08bf00000d9426ac0000,283.0,0.0,3.48,99.0,0
2023-02-10 13:22:38.906205+00:00,70B3D54991EB3BA5,ECHO #2,Echo,Crossden burn @ Greenford Farm,56.55409349771759,-2.7087453156770502,08c000000da826ac0000,282.0,0.0,3.5,99.0,0
2023-02-10 13:38:24.725729+00:00,70B3D54991EB3BA5,ECHO #2,Echo,Crossden burn @ Greenford Farm,56.55409349771759,-2.7087453156770502,08c000000e0426ac0000,282.0,0.0,3.59,99.0,0
2023-02-10 13:54:10.477410+00:00,70B3D54991EB3BA5,ECHO #2,Echo,Crossden burn @ Greenford Farm,56.55409349771759,-2.7087453156770502,08c100000df426ac0000,281.0,0.0,3.57,99.0,0
2023-02-10 14:09:56.295916+00:00,70B3D54991EB3BA5,ECHO #2,Echo,Crossden burn @ Greenford Farm,56.55409349771759,-2.7087453156770502,08c200000e3026ac0000,280.0,0.0,3.63,99.0,0
2023-02-10 14:41:25.984015+00:00,70B3D54991EB3BA5,ECHO #2,Echo,Crossden burn @ Greenford Farm,56.55409349771759,-2.7087453156770502,08c100000de826ac0000,281.0,0.0,3.56,99.0,0
2023-02-10 14:57:10.790555+00:00,70B3D54991EB3BA5,ECHO #2,Echo,Crossden burn @ Greenford Farm,56.55409349771759,-2.7087453156770502,08c000000db026ac0000,282.0,0.0,3.5,99.0,0
2023-02-10 15:12:56.523696+00:00,70B3D54991EB3BA5,ECHO #2,Echo,Crossden burn @ Greenford Farm,56.55409349771759,-2.7087453156770502,08c200000d9426ac0000,280.0,0.0,3.48,99.0,0
2023-02-10 15:28:41.705753+00:00,70B3D54991EB3BA5,ECHO #2,Echo,Crossden burn @ Greenford Farm,56.55409349771759,-2.7087453156770502,08c000000dfc26ac0000,282.0,0.0,3.58,99.0,0
2023-02-10 15:44:27.906376+00:00,70B3D54991EB3BA5,ECHO #2,Echo,Crossden burn @ Greenford Farm,56.55409349771759,-2.7087453156770502,08c000000dd826ac0000,282.0,0.0,3.54,99.0,0
2023-02-10 16:00:13.673837+00:00,70B3D54991EB3BA5,ECHO #2,Echo,Crossden burn @ Greenford Farm,56.55409349771759,-2.7087453156770502,08c100000df826ac0000,281.0,0.0,3.58,99.0,0
2023-02-10 16:15:58.378359+00:00,70B3D54991EB3BA5,ECHO #2,Echo,Crossden burn @ Greenford Farm,56.55409349771759,-2.7087453156770502,08c000000df026ac0000,282.0,0.0,3.57,99.0,0
2023-02-10 16:31:43.353629+00:00,70B3D54991EB3BA5,ECHO #2,Echo,Crossden burn @ Greenford Farm,56.55409349771759,-2.7087453156770502,08c100000dec26ac0000,281.0,0.0,3.56,99.0,0
2023-02-10 16:47:27.954232+00:00,70B3D54991EB3BA5,ECHO #2,Echo,Crossden burn @ Greenford Farm,56.55409349771759,-2.7087453156770502,08c300000d8826ac0000,279.0,0.0,3.46,99.0,0
2023-02-10 17:03:12.684941+00:00,70B3D54991EB3BA5,ECHO #2,Echo,Crossden burn @ Greenford Farm,56.55409349771759,-2.7087453156770502,08c000000d9c26ac0000,282.0,0.0,3.48,99.0,0
2023-02-10 17:18:57.956225+00:00,70B3D54991EB3BA5,ECHO #2,Echo,Crossden burn @ Greenford Farm,56.55409349771759,-2.7087453156770502,08bf00000de826ac0000,283.0,0.0,3.56,99.0,0
2023-02-10 17:34:42.710114+00:00,70B3D54991EB3BA5,ECHO #2,Echo,Crossden burn @ Greenford Farm,56.55409349771759,-2.7087453156770502,08c000000df026ac0000,282.0,0.0,3.57,99.0,0
2023-02-10 17:50:28.092349+00:00,70B3D54991EB3BA5,ECHO #2,Echo,Crossden burn @ Greenford Farm,56.55409349771759,-2.7087453156770502,08c000000e0826ac0000,282.0,0.0,3.59,99.0,0
2023-02-10 18:06:13.468499+00:00,70B3D54991EB3BA5,ECHO #2,Echo,Crossden burn @ Greenford Farm,56.55409349771759,-2.7087453156770502,08c000000d8826ac0000,282.0,0.0,3.46,99.0,0
2023-02-10 18:21:59.054536+00:00,70B3D54991EB3BA5,ECHO #2,Echo,Crossden burn @ Greenford Farm,56.55409349771759,-2.7087453156770502,08bf00000de026ac0000,283.0,0.0,3.55,99.0,0
2023-02-10 18:37:45.480626+00:00,70B3D54991EB3BA5,ECHO #2,Echo,Crossden burn @ Greenford Farm,56.55409349771759,-2.7087453156770502,08c100000db026ac0000,281.0,0.0,3.5,99.0,0
2023-02-10 18:53:31.100030+00:00,70B3D54991EB3BA5,ECHO #2,Echo,Crossden burn @ Greenford Farm,56.55409349771759,-2.7087453156770502,08bf00000d7c26ac0000,283.0,0.0,3.45,99.0,0
2023-02-10 19:09:16.260679+00:00,70B3D54991EB3BA5,ECHO #2,Echo,Crossden burn @ Greenford Farm,56.55409349771759,-2.7087453156770502,08c100000dc426ac0000,281.0,0.0,3.52,99.0,0
2023-02-10 19:25:01.588385+00:00,70B3D54991EB3BA5,ECHO #2,Echo,Crossden burn @ Greenford Farm,56.55409349771759,-2.7087453156770502,08c200000df026ac0000,280.0,0.0,3.57,99.0,0
2023-02-10 19:40:47.183238+00:00,70B3D54991EB3BA5,ECHO #2,Echo,Crossden burn @ Greenford Farm,56.55409349771759,-2.7087453156770502,08bf00000d9426ac0000,283.0,0.0,3.48,99.0,0
2023-02-10 19:56:32.607218+00:00,70B3D54991EB3BA5,ECHO #2,Echo,Crossden burn @ Greenford Farm,56.55409349771759,-2.7087453156770502,08bf00000d8826ac0000,283.0,0.0,3.46,99.0,0
2023-02-10 20:12:17.571226+00:00,70B3D54991EB3BA5,ECHO #2,Echo,Crossden burn @ Greenford Farm,56.55409349771759,-2.7087453156770502,08bd00000dcc26ac0000,285.0,0.0,3.53,99.0,0
2023-02-10 20:28:02.829131+00:00,70B3D54991EB3BA5,ECHO #2,Echo,Crossden burn @ Greenford Farm,56.55409349771759,-2.7087453156770502,08c000000de826ac0000,282.0,0.0,3.56,99.0,0
2023-02-10 20:43:48.107671+00:00,70B3D54991EB3BA5,ECHO #2,Echo,Crossden burn @ Greenford Farm,56.55409349771759,-2.7087453156770502,08c000000d8826ac0000,282.0,0.0,3.46,99.0,0
2023-02-10 20:59:33.928617+00:00,70B3D54991EB3BA5,ECHO #2,Echo,Crossden burn @ Greenford Farm,56.55409349771759,-2.7087453156770502,08c100000d8026ac0000,281.0,0.0,3.46,99.0,0
2023-02-10 21:15:19.400264+00:00,70B3D54991EB3BA5,ECHO #2,Echo,Crossden burn @ Greenford Farm,56.55409349771759,-2.7087453156770502,08c100000dec26ac0000,281.0,0.0,3.56,99.0,0
2023-02-10 21:31:04.985963+00:00,70B3D54991EB3BA5,ECHO #2,Echo,Crossden burn @ Greenford Farm,56.55409349771759,-2.7087453156770502,08c000000dc026ac0000,282.0,0.0,3.52,99.0,0
2023-02-10 21:46:50.328074+00:00,70B3D54991EB3BA5,ECHO #2,Echo,Crossden burn @ Greenford Farm,56.55409349771759,-2.7087453156770502,08c000000db026ac0000,282.0,0.0,3.5,99.0,0
2023-02-10 22:02:35.619779+00:00,70B3D54991EB3BA5,ECHO #2,Echo,Crossden burn @ Greenford Farm,56.55409349771759,-2.7087453156770502,08c100000dc826ac0000,281.0,0.0,3.53,99.0,0
2023-02-10 22:18:20.969736+00:00,70B3D54991EB3BA5,ECHO #2,Echo,Crossden burn @ Greenford Farm,56.55409349771759,-2.7087453156770502,08c000000d7c26ac0000,282.0,0.0,3.45,99.0,0
2023-02-10 22:34:06.415189+00:00,70B3D54991EB3BA5,ECHO #2,Echo,Crossden burn @ Greenford Farm,56.55409349771759,-2.7087453156770502,08c200000db026ac0000,280.0,0.0,3.5,99.0,0
2023-02-10 22:49:52.072489+00:00,70B3D54991EB3BA5,ECHO #2,Echo,Crossden burn @ Greenford Farm,56.55409349771759,-2.7087453156770502,08c000000d9426ac0000,282.0,0.0,3.48,99.0,0
2023-02-10 23:05:37.886683+00:00,70B3D54991EB3BA5,ECHO #2,Echo,Crossden burn @ Greenford Farm,56.55409349771759,-2.7087453156770502,08c100000ddc26ac0000,281.0,0.0,3.55,99.0,0
2023-02-10 23:21:23.963972+00:00,70B3D54991EB3BA5,ECHO #2,Echo,Crossden burn @ Greenford Farm,56.55409349771759,-2.7087453156770502,08c200000df426ac0000,280.0,0.0,3.57,99.0,0
2023-02-10 23:37:09.978865+00:00,70B3D54991EB3BA5,ECHO #2,Echo,Crossden burn @ Greenford Farm,56.55409349771759,-2.7087453156770502,08c100000dec26ac0000,281.0,0.0,3.56,99.0,0
2023-02-10 23:52:55.402220+00:00,70B3D54991EB3BA5,ECHO #2,Echo,Crossden burn @ Greenford Farm,56.55409349771759,-2.7087453156770502,08c300000dcc26ac0000,279.0,0.0,3.53,99.0,0
2023-02-11 00:08:40.958107+00:00,70B3D54991EB3BA5,ECHO #2,Echo,Crossden burn @ Greenford Farm,56.55409349771759,-2.7087453156770502,08c100000db426ac0000,281.0,0.0,3.51,99.0,0
2023-02-11 00:24:26.705035+00:00,70B3D54991EB3BA5,ECHO #2,Echo,Crossden burn @ Greenford Farm,56.55409349771759,-2.7087453156770502,08c200000da426ac0000,280.0,0.0,3.49,99.0,0
2023-02-11 00:40:12.152337+00:00,70B3D54991EB3BA5,ECHO #2,Echo,Crossden burn @ Greenford Farm,56.55409349771759,-2.7087453156770502,08c200000dcc26ac0000,280.0,0.0,3.53,99.0,0
2023-02-11 00:55:57.732635+00:00,70B3D54991EB3BA5,ECHO #2,Echo,Crossden burn @ Greenford Farm,56.55409349771759,-2.7087453156770502,08c300000df026ac0000,279.0,0.0,3.57,99.0,0
2023-02-11 01:11:43.402032+00:00,70B3D54991EB3BA5,ECHO #2,Echo,Crossden burn @ Greenford Farm,56.55409349771759,-2.7087453156770502,08c200000d8026ac0000,280.0,0.0,3.46,99.0,0
2023-02-11 01:27:29.354810+00:00,70B3D54991EB3BA5,ECHO #2,Echo,Crossden burn @ Greenford Farm,56.55409349771759,-2.7087453156770502,08c300000d8826ac0000,279.0,0.0,3.46,99.0,0
2023-02-11 01:43:15.389325+00:00,70B3D54991EB3BA5,ECHO #2,Echo,Crossden burn @ Greenford Farm,56.55409349771759,-2.7087453156770502,08c300000dec26ac0000,279.0,0.0,3.56,99.0,0
2023-02-11 01:59:00.814618+00:00,70B3D54991EB3BA5,ECHO #2,Echo,Crossden burn @ Greenford Farm,56.55409349771759,-2.7087453156770502,08c200000de826ac0000,280.0,0.0,3.56,99.0,0
2023-02-11 02:14:46.350463+00:00,70B3D54991EB3BA5,ECHO #2,Echo,Crossden burn @ Greenford Farm,56.55409349771759,-2.7087453156770502,08c300000dcc26ac0000,279.0,0.0,3.53,99.0,0
2023-02-11 02:30:31.371165+00:00,70B3D54991EB3BA5,ECHO #2,Echo,Crossden burn @ Greenford Farm,56.55409349771759,-2.7087453156770502,08c200000d9826ac0000,280.0,0.0,3.48,99.0,0
2023-02-11 02:46:16.925879+00:00,70B3D54991EB3BA5,ECHO #2,Echo,Crossden burn @ Greenford Farm,56.55409349771759,-2.7087453156770502,08c200000dcc26ac0000,280.0,0.0,3.53,99.0,0
2023-02-11 03:02:02.359574+00:00,70B3D54991EB3BA5,ECHO #2,Echo,Crossden burn @ Greenford Farm,56.55409349771759,-2.7087453156770502,08c400000da426ac0000,278.0,0.0,3.49,99.0,0
2023-02-11 03:17:48.018851+00:00,70B3D54991EB3BA5,ECHO #2,Echo,Crossden burn @ Greenford Farm,56.55409349771759,-2.7087453156770502,08c200000dc426ac0000,280.0,0.0,3.52,99.0,0
2023-02-11 03:33:34.444974+00:00,70B3D54991EB3BA5,ECHO #2,Echo,Crossden burn @ Greenford Farm,56.55409349771759,-2.7087453156770502,08c300000dcc26ac0000,279.0,0.0,3.53,99.0,0
2023-02-11 03:49:20.165241+00:00,70B3D54991EB3BA5,ECHO #2,Echo,Crossden burn @ Greenford Farm,56.55409349771759,-2.7087453156770502,08c400000ddc26ac0000,278.0,0.0,3.55,99.0,0
2023-02-11 04:05:05.124839+00:00,70B3D54991EB3BA5,ECHO #2,Echo,Crossden burn @ Greenford Farm,56.55409349771759,-2.7087453156770502,08c400000d9c26ac0000,278.0,0.0,3.48,99.0,0
2023-02-11 04:20:50.956994+00:00,70B3D54991EB3BA5,ECHO #2,Echo,Crossden burn @ Greenford Farm,56.55409349771759,-2.7087453156770502,08c400000da026ac0000,278.0,0.0,3.49,99.0,0
2023-02-11 04:36:36.535150+00:00,70B3D54991EB3BA5,ECHO #2,Echo,Crossden burn @ Greenford Farm,56.55409349771759,-2.7087453156770502,08c200000d9426ac0000,280.0,0.0,3.48,99.0,0
2023-02-11 04:52:22.181743+00:00,70B3D54991EB3BA5,ECHO #2,Echo,Crossden burn @ Greenford Farm,56.55409349771759,-2.7087453156770502,08c200000dcc26ac0000,280.0,0.0,3.53,99.0,0
2023-02-11 05:08:06.359131+00:00,70B3D54991EB3BA5,ECHO #2,Echo,Crossden burn @ Greenford Farm,56.55409349771759,-2.7087453156770502,08c200000dcc26ac0000,280.0,0.0,3.53,99.0,0
2023-02-11 05:23:52.678902+00:00,70B3D54991EB3BA5,ECHO #2,Echo,Crossden burn @ Greenford Farm,56.55409349771759,-2.7087453156770502,08c300000de026ac0000,279.0,0.0,3.55,99.0,0
2023-02-11 05:39:37.929066+00:00,70B3D54991EB3BA5,ECHO #2,Echo,Crossden burn @ Greenford Farm,56.55409349771759,-2.7087453156770502,08c400000df026ac0000,278.0,0.0,3.57,99.0,0
2023-02-11 05:55:23.350857+00:00,70B3D54991EB3BA5,ECHO #2,Echo,Crossden burn @ Greenford Farm,56.55409349771759,-2.7087453156770502,08c400000de826ac0000,278.0,0.0,3.56,99.0,0
2023-02-11 06:11:08.414139+00:00,70B3D54991EB3BA5,ECHO #2,Echo,Crossden burn @ Greenford Farm,56.55409349771759,-2.7087453156770502,08c300000db026ac0000,279.0,0.0,3.5,99.0,0
2023-02-11 06:26:54.206953+00:00,70B3D54991EB3BA5,ECHO #2,Echo,Crossden burn @ Greenford Farm,56.55409349771759,-2.7087453156770502,08c300000dd826ac0000,279.0,0.0,3.54,99.0,0
2023-02-11 06:42:39.658025+00:00,70B3D54991EB3BA5,ECHO #2,Echo,Crossden burn @ Greenford Farm,56.55409349771759,-2.7087453156770502,08c300000db026ac0000,279.0,0.0,3.5,99.0,0
2023-02-11 06:58:24.883686+00:00,70B3D54991EB3BA5,ECHO #2,Echo,Crossden burn @ Greenford Farm,56.55409349771759,-2.7087453156770502,08c300000dec26ac0000,279.0,0.0,3.56,99.0,0
2023-02-11 07:14:10.351158+00:00,70B3D54991EB3BA5,ECHO #2,Echo,Crossden burn @ Greenford Farm,56.55409349771759,-2.7087453156770502,08c400000df026ac0000,278.0,0.0,3.57,99.0,0
2023-02-11 07:29:55.857836+00:00,70B3D54991EB3BA5,ECHO #2,Echo,Crossden burn @ Greenford Farm,56.55409349771759,-2.7087453156770502,08c400000d7426ac0000,278.0,0.0,3.44,99.0,0
2023-02-11 07:45:41.928555+00:00,70B3D54991EB3BA5,ECHO #2,Echo,Crossden burn @ Greenford Farm,56.55409349771759,-2.7087453156770502,08c500000e0426ac0000,277.0,0.0,3.59,99.0,0
2023-02-11 08:01:27.235543+00:00,70B3D54991EB3BA5,ECHO #2,Echo,Crossden burn @ Greenford Farm,56.55409349771759,-2.7087453156770502,08c300000dec26ac0000,279.0,0.0,3.56,99.0,0
2023-02-11 08:17:12.792476+00:00,70B3D54991EB3BA5,ECHO #2,Echo,Crossden burn @ Greenford Farm,56.55409349771759,-2.7087453156770502,08c600000d7826ac0000,276.0,0.0,3.45,99.0,0
2023-02-11 08:32:58.058344+00:00,70B3D54991EB3BA5,ECHO #2,Echo,Crossden burn @ Greenford Farm,56.55409349771759,-2.7087453156770502,08c400000d7c26ac0000,278.0,0.0,3.45,99.0,0
2023-02-11 09:04:32.340421+00:00,70B3D54991EB3BA5,ECHO #2,Echo,Crossden burn @ Greenford Farm,56.55409349771759,-2.7087453156770502,08c700000df826ac0000,275.0,0.0,3.58,99.0,0
2023-02-11 09:20:18.967180+00:00,70B3D54991EB3BA5,ECHO #2,Echo,Crossden burn @ Greenford Farm,56.55409349771759,-2.7087453156770502,08c800000de426ac0000,274.0,0.0,3.56,99.0,0
2023-02-11 09:36:06.240602+00:00,70B3D54991EB3BA5,ECHO #2,Echo,Crossden burn @ Greenford Farm,56.55409349771759,-2.7087453156770502,08cb00000de026ac0000,271.0,0.0,3.55,99.0,0
2023-02-11 10:07:42.955913+00:00,70B3D54991EB3BA5,ECHO #2,Echo,Crossden burn @ Greenford Farm,56.55409349771759,-2.7087453156770502,08cf00000e1026ac0000,267.0,0.0,3.6,99.0,0
2023-02-11 10:23:30.797843+00:00,70B3D54991EB3BA5,ECHO #2,Echo,Crossden burn @ Greenford Farm,56.55409349771759,-2.7087453156770502,08d100000e1c26ac0000,265.0,0.0,3.61,99.0,0
2023-02-11 10:39:17.619451+00:00,70B3D54991EB3BA5,ECHO #2,Echo,Crossden burn @ Greenford Farm,56.55409349771759,-2.7087453156770502,08d300000e0026ac0000,263.0,0.0,3.58,99.0,0
2023-02-11 10:55:03.589540+00:00,70B3D54991EB3BA5,ECHO #2,Echo,Crossden burn @ Greenford Farm,56.55409349771759,-2.7087453156770502,08d500000dd026ac0000,261.0,0.0,3.54,99.0,0
2023-02-11 11:10:50.718914+00:00,70B3D54991EB3BA5,ECHO #2,Echo,Crossden burn @ Greenford Farm,56.55409349771759,-2.7087453156770502,08d900000e2026ac0000,257.0,0.0,3.62,99.0,0
2023-02-11 11:26:35.102363+00:00,70B3D54991EB3BA5,ECHO #2,Echo,Crossden burn @ Greenford Farm,56.55409349771759,-2.7087453156770502,08d500000e3026ac0000,261.0,0.0,3.63,99.0,0
2023-02-11 11:42:21.823841+00:00,70B3D54991EB3BA5,ECHO #2,Echo,Crossden burn @ Greenford Farm,56.55409349771759,-2.7087453156770502,08d600000e1426ac0000,260.0,0.0,3.6,99.0,0
2023-02-11 11:58:07.042428+00:00,70B3D54991EB3BA5,ECHO #2,Echo,Crossden burn @ Greenford Farm,56.55409349771759,-2.7087453156770502,08cf00000e2026ac0000,267.0,0.0,3.62,99.0,0
2023-02-11 12:13:54.386350+00:00,70B3D54991EB3BA5,ECHO #2,Echo,Crossden burn @ Greenford Farm,56.55409349771759,-2.7087453156770502,08d100000e0026ac0000,265.0,0.0,3.58,99.0,0
2023-02-11 12:29:37.785409+00:00,70B3D54991EB3BA5,ECHO #2,Echo,Crossden burn @ Greenford Farm,56.55409349771759,-2.7087453156770502,08cf00000e0026ac0000,267.0,0.0,3.58,99.0,0
2023-02-11 12:45:22.429153+00:00,70B3D54991EB3BA5,ECHO #2,Echo,Crossden burn @ Greenford Farm,56.55409349771759,-2.7087453156770502,08cb00000e0426ac0000,271.0,0.0,3.59,99.0,0
2023-02-11 13:01:11.124172+00:00,70B3D54991EB3BA5,ECHO #2,Echo,Crossden burn @ Greenford Farm,56.55409349771759,-2.7087453156770502,08ce00000e3c26ac0000,268.0,0.0,3.64,99.0,0
2023-02-11 13:16:56.107161+00:00,70B3D54991EB3BA5,ECHO #2,Echo,Crossden burn @ Greenford Farm,56.55409349771759,-2.7087453156770502,08ce00000e1026ac0000,268.0,0.0,3.6,99.0,0
2023-02-11 13:32:42.296363+00:00,70B3D54991EB3BA5,ECHO #2,Echo,Crossden burn @ Greenford Farm,56.55409349771759,-2.7087453156770502,08ce00000e0c26ac0000,268.0,0.0,3.6,99.0,0
2023-02-11 13:48:26.840239+00:00,70B3D54991EB3BA5,ECHO #2,Echo,Crossden burn @ Greenford Farm,56.55409349771759,-2.7087453156770502,08d000000da426ac0000,266.0,0.0,3.49,99.0,0
2023-02-11 14:04:12.024611+00:00,70B3D54991EB3BA5,ECHO #2,Echo,Crossden burn @ Greenford Farm,56.55409349771759,-2.7087453156770502,08cd00000dc426ac0000,269.0,0.0,3.52,99.0,0
2023-02-11 14:19:56.421045+00:00,70B3D54991EB3BA5,ECHO #2,Echo,Crossden burn @ Greenford Farm,56.55409349771759,-2.7087453156770502,08cd00000e0826ac0000,269.0,0.0,3.59,99.0,0
2023-02-11 14:35:40.451751+00:00,70B3D54991EB3BA5,ECHO #2,Echo,Crossden burn @ Greenford Farm,56.55409349771759,-2.7087453156770502,08c900000dd426ac0000,273.0,0.0,3.54,99.0,0
2023-02-11 14:51:26.158528+00:00,70B3D54991EB3BA5,ECHO #2,Echo,Crossden burn @ Greenford Farm,56.55409349771759,-2.7087453156770502,08ca00000de026ac0000,272.0,0.0,3.55,99.0,0
2023-02-11 15:07:11.606387+00:00,70B3D54991EB3BA5,ECHO #2,Echo,Crossden burn @ Greenford Farm,56.55409349771759,-2.7087453156770502,08c800000dcc26ac0000,274.0,0.0,3.53,99.0,0
2023-02-11 15:22:56.556740+00:00,70B3D54991EB3BA5,ECHO #2,Echo,Crossden burn @ Greenford Farm,56.55409349771759,-2.7087453156770502,08ca00000df426ac0000,272.0,0.0,3.57,99.0,0
2023-02-11 15:38:41.523184+00:00,70B3D54991EB3BA5,ECHO #2,Echo,Crossden burn @ Greenford Farm,56.55409349771759,-2.7087453156770502,08cb00000dc426ac0000,271.0,0.0,3.52,99.0,0
2023-02-11 15:54:26.134291+00:00,70B3D54991EB3BA5,ECHO #2,Echo,Crossden burn @ Greenford Farm,56.55409349771759,-2.7087453156770502,08ca00000da426ac0000,272.0,0.0,3.49,99.0,0
2023-02-11 16:10:11.510255+00:00,70B3D54991EB3BA5,ECHO #2,Echo,Crossden burn @ Greenford Farm,56.55409349771759,-2.7087453156770502,08c800000e0c26ac0000,274.0,0.0,3.6,99.0,0
2023-02-11 16:25:56.927941+00:00,70B3D54991EB3BA5,ECHO #2,Echo,Crossden burn @ Greenford Farm,56.55409349771759,-2.7087453156770502,08c800000dd426ac0000,274.0,0.0,3.54,99.0,0
2023-02-11 16:41:41.923673+00:00,70B3D54991EB3BA5,ECHO #2,Echo,Crossden burn @ Greenford Farm,56.55409349771759,-2.7087453156770502,08c800000dc426ac0000,274.0,0.0,3.52,99.0,0
2023-02-11 16:57:27.151403+00:00,70B3D54991EB3BA5,ECHO #2,Echo,Crossden burn @ Greenford Farm,56.55409349771759,-2.7087453156770502,08c700000df426ac0000,275.0,0.0,3.57,99.0,0
2023-02-11 17:13:12.195396+00:00,70B3D54991EB3BA5,ECHO #2,Echo,Crossden burn @ Greenford Farm,56.55409349771759,-2.7087453156770502,08c600000da026ac0000,276.0,0.0,3.49,99.0,0
2023-02-11 17:28:57.133622+00:00,70B3D54991EB3BA5,ECHO #2,Echo,Crossden burn @ Greenford Farm,56.55409349771759,-2.7087453156770502,08c600000de826ac0000,276.0,0.0,3.56,99.0,0
2023-02-11 17:44:42.660670+00:00,70B3D54991EB3BA5,ECHO #2,Echo,Crossden burn @ Greenford Farm,56.55409349771759,-2.7087453156770502,08c700000de826ac0000,275.0,0.0,3.56,99.0,0
2023-02-11 18:00:28.780087+00:00,70B3D54991EB3BA5,ECHO #2,Echo,Crossden burn @ Greenford Farm,56.55409349771759,-2.7087453156770502,08c600000d8826ac0000,276.0,0.0,3.46,99.0,0
2023-02-11 18:16:14.103100+00:00,70B3D54991EB3BA5,ECHO #2,Echo,Crossden burn @ Greenford Farm,56.55409349771759,-2.7087453156770502,08c700000d9026ac0000,275.0,0.0,3.47,99.0,0
2023-02-11 18:31:59.360987+00:00,70B3D54991EB3BA5,ECHO #2,Echo,Crossden burn @ Greenford Farm,56.55409349771759,-2.7087453156770502,08c700000dcc26ac0000,275.0,0.0,3.53,99.0,0
2023-02-11 18:47:44.782036+00:00,70B3D54991EB3BA5,ECHO #2,Echo,Crossden burn @ Greenford Farm,56.55409349771759,-2.7087453156770502,08c600000db026ac0000,276.0,0.0,3.5,99.0,0
2023-02-11 19:03:30.636109+00:00,70B3D54991EB3BA5,ECHO #2,Echo,Crossden burn @ Greenford Farm,56.55409349771759,-2.7087453156770502,08c600000db426ac0000,276.0,0.0,3.51,99.0,0
2023-02-11 19:19:16.948558+00:00,70B3D54991EB3BA5,ECHO #2,Echo,Crossden burn @ Greenford Farm,56.55409349771759,-2.7087453156770502,08c600000d8426ac0000,276.0,0.0,3.46,99.0,0
2023-02-11 19:35:02.608604+00:00,70B3D54991EB3BA5,ECHO #2,Echo,Crossden burn @ Greenford Farm,56.55409349771759,-2.7087453156770502,08c600000dec26ac0000,276.0,0.0,3.56,99.0,0
2023-02-11 19:50:47.957976+00:00,70B3D54991EB3BA5,ECHO #2,Echo,Crossden burn @ Greenford Farm,56.55409349771759,-2.7087453156770502,08c600000de826ac0000,276.0,0.0,3.56,99.0,0
2023-02-11 20:06:33.774452+00:00,70B3D54991EB3BA5,ECHO #2,Echo,Crossden burn @ Greenford Farm,56.55409349771759,-2.7087453156770502,08c600000da026ac0000,276.0,0.0,3.49,99.0,0
2023-02-11 20:22:19.716865+00:00,70B3D54991EB3BA5,ECHO #2,Echo,Crossden burn @ Greenford Farm,56.55409349771759,-2.7087453156770502,08c700000dcc26ac0000,275.0,0.0,3.53,99.0,0
2023-02-11 20:38:05.599751+00:00,70B3D54991EB3BA5,ECHO #2,Echo,Crossden burn @ Greenford Farm,56.55409349771759,-2.7087453156770502,08c700000dac26ac0000,275.0,0.0,3.5,99.0,0
2023-02-11 20:53:50.982648+00:00,70B3D54991EB3BA5,ECHO #2,Echo,Crossden burn @ Greenford Farm,56.55409349771759,-2.7087453156770502,08c600000d9026ac0000,276.0,0.0,3.47,99.0,0
2023-02-11 21:09:36.994008+00:00,70B3D54991EB3BA5,ECHO #2,Echo,Crossden burn @ Greenford Farm,56.55409349771759,-2.7087453156770502,08c600000da026ac0000,276.0,0.0,3.49,99.0,0
2023-02-11 21:25:22.112116+00:00,70B3D54991EB3BA5,ECHO #2,Echo,Crossden burn @ Greenford Farm,56.55409349771759,-2.7087453156770502,08c700000dd426ac0000,275.0,0.0,3.54,99.0,0
2023-02-11 21:41:07.875569+00:00,70B3D54991EB3BA5,ECHO #2,Echo,Crossden burn @ Greenford Farm,56.55409349771759,-2.7087453156770502,08c600000d8826ac0000,276.0,0.0,3.46,99.0,0
2023-02-11 21:56:53.621378+00:00,70B3D54991EB3BA5,ECHO #2,Echo,Crossden burn @ Greenford Farm,56.55409349771759,-2.7087453156770502,08c700000da026ac0000,275.0,0.0,3.49,99.0,0
2023-02-11 22:12:40.024671+00:00,70B3D54991EB3BA5,ECHO #2,Echo,Crossden burn @ Greenford Farm,56.55409349771759,-2.7087453156770502,08c700000db426ac0000,275.0,0.0,3.51,99.0,0
2023-02-11 22:28:26.655479+00:00,70B3D54991EB3BA5,ECHO #2,Echo,Crossden burn @ Greenford Farm,56.55409349771759,-2.7087453156770502,08c800000d8c26ac0000,274.0,0.0,3.47,99.0,0
2023-02-11 22:44:11.581803+00:00,70B3D54991EB3BA5,ECHO #2,Echo,Crossden burn @ Greenford Farm,56.55409349771759,-2.7087453156770502,08c700000dec26ac0000,275.0,0.0,3.56,99.0,0
2023-02-11 22:59:57.992465+00:00,70B3D54991EB3BA5,ECHO #2,Echo,Crossden burn @ Greenford Farm,56.55409349771759,-2.7087453156770502,08c600000d8426ac0000,276.0,0.0,3.46,99.0,0
2023-02-11 23:15:43.712836+00:00,70B3D54991EB3BA5,ECHO #2,Echo,Crossden burn @ Greenford Farm,56.55409349771759,-2.7087453156770502,08c600000de426ac0000,276.0,0.0,3.56,99.0,0
2023-02-11 23:31:29.301551+00:00,70B3D54991EB3BA5,ECHO #2,Echo,Crossden burn @ Greenford Farm,56.55409349771759,-2.7087453156770502,08c700000dac26ac0000,275.0,0.0,3.5,99.0,0
2023-02-11 23:47:14.829473+00:00,70B3D54991EB3BA5,ECHO #2,Echo,Crossden burn @ Greenford Farm,56.55409349771759,-2.7087453156770502,08c800000ddc26ac0000,274.0,0.0,3.55,99.0,0
2023-02-12 00:03:00.846930+00:00,70B3D54991EB3BA5,ECHO #2,Echo,Crossden burn @ Greenford Farm,56.55409349771759,-2.7087453156770502,08c800000d7c26ac0000,274.0,0.0,3.45,99.0,0
2023-02-12 00:34:31.980091+00:00,70B3D54991EB3BA5,ECHO #2,Echo,Crossden burn @ Greenford Farm,56.55409349771759,-2.7087453156770502,08c600000de026ac0000,276.0,0.0,3.55,99.0,0
2023-02-12 00:50:18.043091+00:00,70B3D54991EB3BA5,ECHO #2,Echo,Crossden burn @ Greenford Farm,56.55409349771759,-2.7087453156770502,08c700000d9426ac0000,275.0,0.0,3.48,99.0,0
2023-02-12 01:06:03.415679+00:00,70B3D54991EB3BA5,ECHO #2,Echo,Crossden burn @ Greenford Farm,56.55409349771759,-2.7087453156770502,08c700000d8826ac0000,275.0,0.0,3.46,99.0,0
2023-02-12 01:37:34.187952+00:00,70B3D54991EB3BA5,ECHO #2,Echo,Crossden burn @ Greenford Farm,56.55409349771759,-2.7087453156770502,08c600000de026ac0000,276.0,0.0,3.55,99.0,0
2023-02-12 01:53:19.483792+00:00,70B3D54991EB3BA5,ECHO #2,Echo,Crossden burn @ Greenford Farm,56.55409349771759,-2.7087453156770502,08c600000d9c26ac0000,276.0,0.0,3.48,99.0,0
2023-02-12 02:09:05.565638+00:00,70B3D54991EB3BA5,ECHO #2,Echo,Crossden burn @ Greenford Farm,56.55409349771759,-2.7087453156770502,08c600000dd026ac0000,276.0,0.0,3.54,99.0,0
2023-02-12 02:24:50.743062+00:00,70B3D54991EB3BA5,ECHO #2,Echo,Crossden burn @ Greenford Farm,56.55409349771759,-2.7087453156770502,08c700000dc426ac0000,275.0,0.0,3.52,99.0,0
2023-02-12 02:40:36.987884+00:00,70B3D54991EB3BA5,ECHO #2,Echo,Crossden burn @ Greenford Farm,56.55409349771759,-2.7087453156770502,08c800000dd026ac0000,274.0,0.0,3.54,99.0,0
2023-02-12 02:56:21.864628+00:00,70B3D54991EB3BA5,ECHO #2,Echo,Crossden burn @ Greenford Farm,56.55409349771759,-2.7087453156770502,08c700000da426ac0000,275.0,0.0,3.49,99.0,0
2023-02-12 03:12:08.284039+00:00,70B3D54991EB3BA5,ECHO #2,Echo,Crossden burn @ Greenford Farm,56.55409349771759,-2.7087453156770502,08c900000d9026ac0000,273.0,0.0,3.47,99.0,0
2023-02-12 03:27:53.760152+00:00,70B3D54991EB3BA5,ECHO #2,Echo,Crossden burn @ Greenford Farm,56.55409349771759,-2.7087453156770502,08c700000dec26ac0000,275.0,0.0,3.56,99.0,0
2023-02-12 03:43:39.265251+00:00,70B3D54991EB3BA5,ECHO #2,Echo,Crossden burn @ Greenford Farm,56.55409349771759,-2.7087453156770502,08c600000dd026ac0000,276.0,0.0,3.54,99.0,0
2023-02-12 03:59:24.579441+00:00,70B3D54991EB3BA5,ECHO #2,Echo,Crossden burn @ Greenford Farm,56.55409349771759,-2.7087453156770502,08c600000db426ac0000,276.0,0.0,3.51,99.0,0
2023-02-12 04:15:10.336271+00:00,70B3D54991EB3BA5,ECHO #2,Echo,Crossden burn @ Greenford Farm,56.55409349771759,-2.7087453156770502,08c700000de826ac0000,275.0,0.0,3.56,99.0,0
2023-02-12 04:30:55.668824+00:00,70B3D54991EB3BA5,ECHO #2,Echo,Crossden burn @ Greenford Farm,56.55409349771759,-2.7087453156770502,08c700000de826ac0000,275.0,0.0,3.56,99.0,0
2023-02-12 04:46:41.502372+00:00,70B3D54991EB3BA5,ECHO #2,Echo,Crossden burn @ Greenford Farm,56.55409349771759,-2.7087453156770502,08c800000d7c26ac0000,274.0,0.0,3.45,99.0,0
2023-02-12 05:02:26.982215+00:00,70B3D54991EB3BA5,ECHO #2,Echo,Crossden burn @ Greenford Farm,56.55409349771759,-2.7087453156770502,08c800000df026ac0000,274.0,0.0,3.57,99.0,0
2023-02-12 05:18:12.258079+00:00,70B3D54991EB3BA5,ECHO #2,Echo,Crossden burn @ Greenford Farm,56.55409349771759,-2.7087453156770502,08c600000d7c26ac0000,276.0,0.0,3.45,99.0,0
2023-02-12 05:33:58.422276+00:00,70B3D54991EB3BA5,ECHO #2,Echo,Crossden burn @ Greenford Farm,56.55409349771759,-2.7087453156770502,08c800000d7826ac0000,274.0,0.0,3.45,99.0,0
2023-02-12 05:49:43.406011+00:00,70B3D54991EB3BA5,ECHO #2,Echo,Crossden burn @ Greenford Farm,56.55409349771759,-2.7087453156770502,08c600000dac26ac0000,276.0,0.0,3.5,99.0,0
2023-02-12 06:05:29.780240+00:00,70B3D54991EB3BA5,ECHO #2,Echo,Crossden burn @ Greenford Farm,56.55409349771759,-2.7087453156770502,08c600000da026ac0000,276.0,0.0,3.49,99.0,0
2023-02-12 06:21:15.903112+00:00,70B3D54991EB3BA5,ECHO #2,Echo,Crossden burn @ Greenford Farm,56.55409349771759,-2.7087453156770502,08c700000d8426ac0000,275.0,0.0,3.46,99.0,0
2023-02-12 06:52:47.417677+00:00,70B3D54991EB3BA5,ECHO #2,Echo,Crossden burn @ Greenford Farm,56.55409349771759,-2.7087453156770502,08c800000dac26ac0000,274.0,0.0,3.5,99.0,0
2023-02-12 07:08:33.036960+00:00,70B3D54991EB3BA5,ECHO #2,Echo,Crossden burn @ Greenford Farm,56.55409349771759,-2.7087453156770502,08c800000da426ac0000,274.0,0.0,3.49,99.0,0
2023-02-12 07:24:18.874066+00:00,70B3D54991EB3BA5,ECHO #2,Echo,Crossden burn @ Greenford Farm,56.55409349771759,-2.7087453156770502,08c700000db026ac0000,275.0,0.0,3.5,99.0,0
2023-02-12 07:40:04.508848+00:00,70B3D54991EB3BA5,ECHO #2,Echo,Crossden burn @ Greenford Farm,56.55409349771759,-2.7087453156770502,08c800000d8c26ac0000,274.0,0.0,3.47,99.0,0
2023-02-12 07:55:49.979097+00:00,70B3D54991EB3BA5,ECHO #2,Echo,Crossden burn @ Greenford Farm,56.55409349771759,-2.7087453156770502,08c800000db426ac0000,274.0,0.0,3.51,99.0,0
2023-02-12 08:11:35.423596+00:00,70B3D54991EB3BA5,ECHO #2,Echo,Crossden burn @ Greenford Farm,56.55409349771759,-2.7087453156770502,08c700000d9826ac0000,275.0,0.0,3.48,99.0,0
2023-02-12 08:27:22.059401+00:00,70B3D54991EB3BA5,ECHO #2,Echo,Crossden burn @ Greenford Farm,56.55409349771759,-2.7087453156770502,08c700000dd826ac0000,275.0,0.0,3.54,99.0,0
2023-02-12 08:43:07.808740+00:00,70B3D54991EB3BA5,ECHO #2,Echo,Crossden burn @ Greenford Farm,56.55409349771759,-2.7087453156770502,08c800000de426ac0000,274.0,0.0,3.56,99.0,0
2023-02-12 08:58:53.458681+00:00,70B3D54991EB3BA5,ECHO #2,Echo,Crossden burn @ Greenford Farm,56.55409349771759,-2.7087453156770502,08c600000de426ac0000,276.0,0.0,3.56,99.0,0
2023-02-12 09:14:39.725542+00:00,70B3D54991EB3BA5,ECHO #2,Echo,Crossden burn @ Greenford Farm,56.55409349771759,-2.7087453156770502,08c700000df026ac0000,275.0,0.0,3.57,99.0,0
2023-02-12 09:30:25.377576+00:00,70B3D54991EB3BA5,ECHO #2,Echo,Crossden burn @ Greenford Farm,56.55409349771759,-2.7087453156770502,08c700000db026ac0000,275.0,0.0,3.5,99.0,0
2023-02-12 09:46:11.428665+00:00,70B3D54991EB3BA5,ECHO #2,Echo,Crossden burn @ Greenford Farm,56.55409349771759,-2.7087453156770502,08c700000d8026ac0000,275.0,0.0,3.46,99.0,0
2023-02-12 10:01:57.368759+00:00,70B3D54991EB3BA5,ECHO #2,Echo,Crossden burn @ Greenford Farm,56.55409349771759,-2.7087453156770502,08c800000d7c26ac0000,274.0,0.0,3.45,99.0,0
2023-02-12 10:17:43.577255+00:00,70B3D54991EB3BA5,ECHO #2,Echo,Crossden burn @ Greenford Farm,56.55409349771759,-2.7087453156770502,08c900000dac26ac0000,273.0,0.0,3.5,99.0,0
2023-02-12 10:33:30.068902+00:00,70B3D54991EB3BA5,ECHO #2,Echo,Crossden burn @ Greenford Farm,56.55409349771759,-2.7087453156770502,08c800000dcc26ac0000,274.0,0.0,3.53,99.0,0
2023-02-12 10:49:15.936248+00:00,70B3D54991EB3BA5,ECHO #2,Echo,Crossden burn @ Greenford Farm,56.55409349771759,-2.7087453156770502,08c800000dec26ac0000,274.0,0.0,3.56,99.0,0
2023-02-12 11:05:02.062628+00:00,70B3D54991EB3BA5,ECHO #2,Echo,Crossden burn @ Greenford Farm,56.55409349771759,-2.7087453156770502,08c900000d8026ac0000,273.0,0.0,3.46,99.0,0
2023-02-12 11:20:48.026947+00:00,70B3D54991EB3BA5,ECHO #2,Echo,Crossden burn @ Greenford Farm,56.55409349771759,-2.7087453156770502,08c800000dac26ac0000,274.0,0.0,3.5,99.0,0
2023-02-12 11:52:19.961052+00:00,70B3D54991EB3BA5,ECHO #2,Echo,Crossden burn @ Greenford Farm,56.55409349771759,-2.7087453156770502,08c900000da026ac0000,273.0,0.0,3.49,99.0,0
2023-02-12 12:08:07.028528+00:00,70B3D54991EB3BA5,ECHO #2,Echo,Crossden burn @ Greenford Farm,56.55409349771759,-2.7087453156770502,08cb00000d8c26ac0000,271.0,0.0,3.47,99.0,0
2023-02-12 12:39:40.165021+00:00,70B3D54991EB3BA5,ECHO #2,Echo,Crossden burn @ Greenford Farm,56.55409349771759,-2.7087453156770502,08cc00000da026ac0000,270.0,0.0,3.49,99.0,0
2023-02-12 12:55:25.464760+00:00,70B3D54991EB3BA5,ECHO #2,Echo,Crossden burn @ Greenford Farm,56.55409349771759,-2.7087453156770502,08cc00000d9426ac0000,270.0,0.0,3.48,99.0,0
2023-02-12 13:11:10.872628+00:00,70B3D54991EB3BA5,ECHO #2,Echo,Crossden burn @ Greenford Farm,56.55409349771759,-2.7087453156770502,08cc00000df426ac0000,270.0,0.0,3.57,99.0,0
2023-02-12 13:26:56.337051+00:00,70B3D54991EB3BA5,ECHO #2,Echo,Crossden burn @ Greenford Farm,56.55409349771759,-2.7087453156770502,08cb00000dd026ac0000,271.0,0.0,3.54,99.0,0
2023-02-12 13:42:41.831447+00:00,70B3D54991EB3BA5,ECHO #2,Echo,Crossden burn @ Greenford Farm,56.55409349771759,-2.7087453156770502,08ca00000d9026ac0000,272.0,0.0,3.47,99.0,0
2023-02-12 13:58:27.099888+00:00,70B3D54991EB3BA5,ECHO #2,Echo,Crossden burn @ Greenford Farm,56.55409349771759,-2.7087453156770502,08cb00000d9426ac0000,271.0,0.0,3.48,99.0,0
2023-02-12 14:14:12.411368+00:00,70B3D54991EB3BA5,ECHO #2,Echo,Crossden burn @ Greenford Farm,56.55409349771759,-2.7087453156770502,08ca00000d8826ac0000,272.0,0.0,3.46,99.0,0
2023-02-12 14:29:58.164297+00:00,70B3D54991EB3BA5,ECHO #2,Echo,Crossden burn @ Greenford Farm,56.55409349771759,-2.7087453156770502,08ca00000db426ac0000,272.0,0.0,3.51,99.0,0
2023-02-12 14:45:43.162809+00:00,70B3D54991EB3BA5,ECHO #2,Echo,Crossden burn @ Greenford Farm,56.55409349771759,-2.7087453156770502,08c900000dc826ac0000,273.0,0.0,3.53,99.0,0
2023-02-12 15:01:29.111934+00:00,70B3D54991EB3BA5,ECHO #2,Echo,Crossden burn @ Greenford Farm,56.55409349771759,-2.7087453156770502,08ca00000e0026ac0000,272.0,0.0,3.58,99.0,0
2023-02-12 15:17:14.992624+00:00,70B3D54991EB3BA5,ECHO #2,Echo,Crossden burn @ Greenford Farm,56.55409349771759,-2.7087453156770502,08c800000ddc26ac0000,274.0,0.0,3.55,99.0,0
2023-02-12 15:33:01.222141+00:00,70B3D54991EB3BA5,ECHO #2,Echo,Crossden burn @ Greenford Farm,56.55409349771759,-2.7087453156770502,08c900000da026ac0000,273.0,0.0,3.49,99.0,0
2023-02-12 15:48:46.969479+00:00,70B3D54991EB3BA5,ECHO #2,Echo,Crossden burn @ Greenford Farm,56.55409349771759,-2.7087453156770502,08c800000db026ac0000,274.0,0.0,3.5,99.0,0
2023-02-12 16:20:18.507684+00:00,70B3D54991EB3BA5,ECHO #2,Echo,Crossden burn @ Greenford Farm,56.55409349771759,-2.7087453156770502,08c800000dd026ac0000,274.0,0.0,3.54,99.0,0
2023-02-12 16:36:03.726750+00:00,70B3D54991EB3BA5,ECHO #2,Echo,Crossden burn @ Greenford Farm,56.55409349771759,-2.7087453156770502,08c700000d9c26ac0000,275.0,0.0,3.48,99.0,0
2023-02-12 16:51:49.247740+00:00,70B3D54991EB3BA5,ECHO #2,Echo,Crossden burn @ Greenford Farm,56.55409349771759,-2.7087453156770502,08c600000ddc26ac0000,276.0,0.0,3.55,99.0,0
2023-02-12 17:07:35.309054+00:00,70B3D54991EB3BA5,ECHO #2,Echo,Crossden burn @ Greenford Farm,56.55409349771759,-2.7087453156770502,08c700000dc426ac0000,275.0,0.0,3.52,99.0,0
2023-02-12 17:23:20.941918+00:00,70B3D54991EB3BA5,ECHO #2,Echo,Crossden burn @ Greenford Farm,56.55409349771759,-2.7087453156770502,08c800000dc426ac0000,274.0,0.0,3.52,99.0,0
2023-02-12 17:39:06.038171+00:00,70B3D54991EB3BA5,ECHO #2,Echo,Crossden burn @ Greenford Farm,56.55409349771759,-2.7087453156770502,08c700000d9426ac0000,275.0,0.0,3.48,99.0,0
2023-02-12 17:54:52.102284+00:00,70B3D54991EB3BA5,ECHO #2,Echo,Crossden burn @ Greenford Farm,56.55409349771759,-2.7087453156770502,08c600000de826ac0000,276.0,0.0,3.56,99.0,0
2023-02-12 18:10:37.712606+00:00,70B3D54991EB3BA5,ECHO #2,Echo,Crossden burn @ Greenford Farm,56.55409349771759,-2.7087453156770502,08c600000df426ac0000,276.0,0.0,3.57,99.0,0
2023-02-12 18:26:22.421428+00:00,70B3D54991EB3BA5,ECHO #2,Echo,Crossden burn @ Greenford Farm,56.55409349771759,-2.7087453156770502,08c700000dc426ac0000,275.0,0.0,3.52,99.0,0
2023-02-12 18:42:09.575538+00:00,70B3D54991EB3BA5,ECHO #2,Echo,Crossden burn @ Greenford Farm,56.55409349771759,-2.7087453156770502,08c700000d8026ac0000,275.0,0.0,3.46,99.0,0
2023-02-12 18:57:55.116313+00:00,70B3D54991EB3BA5,ECHO #2,Echo,Crossden burn @ Greenford Farm,56.55409349771759,-2.7087453156770502,08c600000d8c26ac0000,276.0,0.0,3.47,99.0,0
2023-02-12 19:13:40.789433+00:00,70B3D54991EB3BA5,ECHO #2,Echo,Crossden burn @ Greenford Farm,56.55409349771759,-2.7087453156770502,08c900000db026ac0000,273.0,0.0,3.5,99.0,0
2023-02-12 19:29:25.676326+00:00,70B3D54991EB3BA5,ECHO #2,Echo,Crossden burn @ Greenford Farm,56.55409349771759,-2.7087453156770502,08c600000d8026ac0000,276.0,0.0,3.46,99.0,0
2023-02-12 19:45:12.344265+00:00,70B3D54991EB3BA5,ECHO #2,Echo,Crossden burn @ Greenford Farm,56.55409349771759,-2.7087453156770502,08c500000dd826ac0000,277.0,0.0,3.54,99.0,0
2023-02-12 20:00:57.990177+00:00,70B3D54991EB3BA5,ECHO #2,Echo,Crossden burn @ Greenford Farm,56.55409349771759,-2.7087453156770502,08c600000de026ac0000,276.0,0.0,3.55,99.0,0
2023-02-12 20:16:43.538617+00:00,70B3D54991EB3BA5,ECHO #2,Echo,Crossden burn @ Greenford Farm,56.55409349771759,-2.7087453156770502,08c800000d8426ac0000,274.0,0.0,3.46,99.0,0
2023-02-12 20:32:29.555041+00:00,70B3D54991EB3BA5,ECHO #2,Echo,Crossden burn @ Greenford Farm,56.55409349771759,-2.7087453156770502,08c700000d8826ac0000,275.0,0.0,3.46,99.0,0
2023-02-12 21:04:00.978111+00:00,70B3D54991EB3BA5,ECHO #2,Echo,Crossden burn @ Greenford Farm,56.55409349771759,-2.7087453156770502,08c600000dc026ac0000,276.0,0.0,3.52,99.0,0
2023-02-12 21:19:45.919911+00:00,70B3D54991EB3BA5,ECHO #2,Echo,Crossden burn @ Greenford Farm,56.55409349771759,-2.7087453156770502,08c700000dd026ac0000,275.0,0.0,3.54,99.0,0
2023-02-12 21:35:32.840173+00:00,70B3D54991EB3BA5,ECHO #2,Echo,Crossden burn @ Greenford Farm,56.55409349771759,-2.7087453156770502,08c800000d8026ac0000,274.0,0.0,3.46,99.0,0
2023-02-12 21:51:18.686164+00:00,70B3D54991EB3BA5,ECHO #2,Echo,Crossden burn @ Greenford Farm,56.55409349771759,-2.7087453156770502,08c800000df426ac0000,274.0,0.0,3.57,99.0,0
2023-02-12 22:07:04.854918+00:00,70B3D54991EB3BA5,ECHO #2,Echo,Crossden burn @ Greenford Farm,56.55409349771759,-2.7087453156770502,08c700000de026ac0000,275.0,0.0,3.55,99.0,0
2023-02-12 22:22:50.044504+00:00,70B3D54991EB3BA5,ECHO #2,Echo,Crossden burn @ Greenford Farm,56.55409349771759,-2.7087453156770502,08c800000de826ac0000,274.0,0.0,3.56,99.0,0
2023-02-12 22:38:35.503507+00:00,70B3D54991EB3BA5,ECHO #2,Echo,Crossden burn @ Greenford Farm,56.55409349771759,-2.7087453156770502,08c700000d8026ac0000,275.0,0.0,3.46,99.0,0
2023-02-12 22:54:20.778991+00:00,70B3D54991EB3BA5,ECHO #2,Echo,Crossden burn @ Greenford Farm,56.55409349771759,-2.7087453156770502,08c900000d7c26ac0000,273.0,0.0,3.45,99.0,0
2023-02-12 23:10:05.985379+00:00,70B3D54991EB3BA5,ECHO #2,Echo,Crossden burn @ Greenford Farm,56.55409349771759,-2.7087453156770502,08c800000dd026ac0000,274.0,0.0,3.54,99.0,0
2023-02-12 23:25:50.802560+00:00,70B3D54991EB3BA5,ECHO #2,Echo,Crossden burn @ Greenford Farm,56.55409349771759,-2.7087453156770502,08c600000d9c26ac0000,276.0,0.0,3.48,99.0,0
2023-02-12 23:41:36.438635+00:00,70B3D54991EB3BA5,ECHO #2,Echo,Crossden burn @ Greenford Farm,56.55409349771759,-2.7087453156770502,08c600000d9826ac0000,276.0,0.0,3.48,99.0,0
2023-02-12 23:57:21.563314+00:00,70B3D54991EB3BA5,ECHO #2,Echo,Crossden burn @ Greenford Farm,56.55409349771759,-2.7087453156770502,08c500000de826ac0000,277.0,0.0,3.56,99.0,0
2023-02-13 00:13:07.770816+00:00,70B3D54991EB3BA5,ECHO #2,Echo,Crossden burn @ Greenford Farm,56.55409349771759,-2.7087453156770502,08c700000d9826ac0000,275.0,0.0,3.48,99.0,0
2023-02-13 00:28:53.375063+00:00,70B3D54991EB3BA5,ECHO #2,Echo,Crossden burn @ Greenford Farm,56.55409349771759,-2.7087453156770502,08c500000d7c26ac0000,277.0,0.0,3.45,99.0,0
2023-02-13 00:44:39.819879+00:00,70B3D54991EB3BA5,ECHO #2,Echo,Crossden burn @ Greenford Farm,56.55409349771759,-2.7087453156770502,08c700000da426ac0000,275.0,0.0,3.49,99.0,0
2023-02-13 01:00:25.583543+00:00,70B3D54991EB3BA5,ECHO #2,Echo,Crossden burn @ Greenford Farm,56.55409349771759,-2.7087453156770502,08c700000dd826ac0000,275.0,0.0,3.54,99.0,0
2023-02-13 01:31:56.705754+00:00,70B3D54991EB3BA5,ECHO #2,Echo,Crossden burn @ Greenford Farm,56.55409349771759,-2.7087453156770502,08c700000df826ac0000,275.0,0.0,3.58,99.0,0
2023-02-13 01:47:41.795067+00:00,70B3D54991EB3BA5,ECHO #2,Echo,Crossden burn @ Greenford Farm,56.55409349771759,-2.7087453156770502,08c600000dd426ac0000,276.0,0.0,3.54,99.0,0
2023-02-13 02:03:28.350104+00:00,70B3D54991EB3BA5,ECHO #2,Echo,Crossden burn @ Greenford Farm,56.55409349771759,-2.7087453156770502,08c700000dd426ac0000,275.0,0.0,3.54,99.0,0
2023-02-13 02:19:13.017078+00:00,70B3D54991EB3BA5,ECHO #2,Echo,Crossden burn @ Greenford Farm,56.55409349771759,-2.7087453156770502,08c700000de026ac0000,275.0,0.0,3.55,99.0,0
2023-02-13 02:34:59.685902+00:00,70B3D54991EB3BA5,ECHO #2,Echo,Crossden burn @ Greenford Farm,56.55409349771759,-2.7087453156770502,08c600000dac26ac0000,276.0,0.0,3.5,99.0,0
2023-02-13 02:50:44.898053+00:00,70B3D54991EB3BA5,ECHO #2,Echo,Crossden burn @ Greenford Farm,56.55409349771759,-2.7087453156770502,08c700000dd026ac0000,275.0,0.0,3.54,99.0,0
2023-02-13 03:06:31.242140+00:00,70B3D54991EB3BA5,ECHO #2,Echo,Crossden burn @ Greenford Farm,56.55409349771759,-2.7087453156770502,08c600000dac26ac0000,276.0,0.0,3.5,99.0,0
2023-02-13 03:22:16.954255+00:00,70B3D54991EB3BA5,ECHO #2,Echo,Crossden burn @ Greenford Farm,56.55409349771759,-2.7087453156770502,08c700000da426ac0000,275.0,0.0,3.49,99.0,0
2023-02-13 03:38:02.598806+00:00,70B3D54991EB3BA5,ECHO #2,Echo,Crossden burn @ Greenford Farm,56.55409349771759,-2.7087453156770502,08c900000de026ac0000,273.0,0.0,3.55,99.0,0
2023-02-13 03:53:47.540044+00:00,70B3D54991EB3BA5,ECHO #2,Echo,Crossden burn @ Greenford Farm,56.55409349771759,-2.7087453156770502,08cb00000e0426ac0000,271.0,0.0,3.59,99.0,0
2023-02-13 04:09:32.580356+00:00,70B3D54991EB3BA5,ECHO #2,Echo,Crossden burn @ Greenford Farm,56.55409349771759,-2.7087453156770502,08c900000dd026ac0000,273.0,0.0,3.54,99.0,0
2023-02-13 04:25:17.143005+00:00,70B3D54991EB3BA5,ECHO #2,Echo,Crossden burn @ Greenford Farm,56.55409349771759,-2.7087453156770502,08c900000df426ac0000,273.0,0.0,3.57,99.0,0
2023-02-13 04:41:02.587193+00:00,70B3D54991EB3BA5,ECHO #2,Echo,Crossden burn @ Greenford Farm,56.55409349771759,-2.7087453156770502,08cc00000d8026ac0000,270.0,0.0,3.46,99.0,0
2023-02-13 04:56:47.983339+00:00,70B3D54991EB3BA5,ECHO #2,Echo,Crossden burn @ Greenford Farm,56.55409349771759,-2.7087453156770502,08cb00000d8026ac0000,271.0,0.0,3.46,99.0,0
2023-02-13 05:12:33.604057+00:00,70B3D54991EB3BA5,ECHO #2,Echo,Crossden burn @ Greenford Farm,56.55409349771759,-2.7087453156770502,08cc00000db026ac0000,270.0,0.0,3.5,99.0,0
2023-02-13 05:28:22.132257+00:00,70B3D54991EB3BA5,ECHO #2,Echo,Crossden burn @ Greenford Farm,56.55409349771759,-2.7087453156770502,08c400000dcc26ac0000,278.0,0.0,3.53,99.0,0
2023-02-13 05:44:10.790074+00:00,70B3D54991EB3BA5,ECHO #2,Echo,Crossden burn @ Greenford Farm,56.55409349771759,-2.7087453156770502,08c900000dcc26ac0000,273.0,0.0,3.53,99.0,0
2023-02-13 05:59:57.025028+00:00,70B3D54991EB3BA5,ECHO #2,Echo,Crossden burn @ Greenford Farm,56.55409349771759,-2.7087453156770502,08c800000de826ac0000,274.0,0.0,3.56,99.0,0
2023-02-13 06:15:42.614596+00:00,70B3D54991EB3BA5,ECHO #2,Echo,Crossden burn @ Greenford Farm,56.55409349771759,-2.7087453156770502,08c900000dd826ac0000,273.0,0.0,3.54,99.0,0
2023-02-13 06:31:27.554962+00:00,70B3D54991EB3BA5,ECHO #2,Echo,Crossden burn @ Greenford Farm,56.55409349771759,-2.7087453156770502,08ca00000de026ac0000,272.0,0.0,3.55,99.0,0
2023-02-13 06:47:14.402872+00:00,70B3D54991EB3BA5,ECHO #2,Echo,Crossden burn @ Greenford Farm,56.55409349771759,-2.7087453156770502,08cc00000db026ac0000,270.0,0.0,3.5,99.0,0
2023-02-13 07:02:59.856333+00:00,70B3D54991EB3BA5,ECHO #2,Echo,Crossden burn @ Greenford Farm,56.55409349771759,-2.7087453156770502,08c900000dac26ac0000,273.0,0.0,3.5,99.0,0
2023-02-13 07:18:45.847235+00:00,70B3D54991EB3BA5,ECHO #2,Echo,Crossden burn @ Greenford Farm,56.55409349771759,-2.7087453156770502,08c500000db426ac0000,277.0,0.0,3.51,99.0,0
2023-02-13 07:50:18.282734+00:00,70B3D54991EB3BA5,ECHO #2,Echo,Crossden burn @ Greenford Farm,56.55409349771759,-2.7087453156770502,08c600000db426ac0000,276.0,0.0,3.51,99.0,0
2023-02-13 08:06:04.733990+00:00,70B3D54991EB3BA5,ECHO #2,Echo,Crossden burn @ Greenford Farm,56.55409349771759,-2.7087453156770502,08c500000db426ac0000,277.0,0.0,3.51,99.0,0
2023-02-13 08:21:52.209870+00:00,70B3D54991EB3BA5,ECHO #2,Echo,Crossden burn @ Greenford Farm,56.55409349771759,-2.7087453156770502,08c100000d6826ac0000,281.0,0.0,3.43,99.0,0
2023-02-13 08:37:40.306332+00:00,70B3D54991EB3BA5,ECHO #2,Echo,Crossden burn @ Greenford Farm,56.55409349771759,-2.7087453156770502,08c200000da426ac0000,280.0,0.0,3.49,99.0,0
2023-02-13 08:53:31.086414+00:00,70B3D54991EB3BA5,ECHO #2,Echo,Crossden burn @ Greenford Farm,56.55409349771759,-2.7087453156770502,08c600000dc826ac0000,276.0,0.0,3.53,99.0,0
2023-02-13 09:09:17.782652+00:00,70B3D54991EB3BA5,ECHO #2,Echo,Crossden burn @ Greenford Farm,56.55409349771759,-2.7087453156770502,08c800000dc426ac0000,274.0,0.0,3.52,99.0,0
2023-02-13 09:25:03.197227+00:00,70B3D54991EB3BA5,ECHO #2,Echo,Crossden burn @ Greenford Farm,56.55409349771759,-2.7087453156770502,08c900000d8826ac0000,273.0,0.0,3.46,99.0,0
2023-02-13 09:40:50.394293+00:00,70B3D54991EB3BA5,ECHO #2,Echo,Crossden burn @ Greenford Farm,56.55409349771759,-2.7087453156770502,08c900000d9026ac0000,273.0,0.0,3.47,99.0,0
2023-02-13 09:56:36.852936+00:00,70B3D54991EB3BA5,ECHO #2,Echo,Crossden burn @ Greenford Farm,56.55409349771759,-2.7087453156770502,08ca00000de826ac0000,272.0,0.0,3.56,99.0,0
2023-02-13 10:12:23.283824+00:00,70B3D54991EB3BA5,ECHO #2,Echo,Crossden burn @ Greenford Farm,56.55409349771759,-2.7087453156770502,08ca00000de826ac0000,272.0,0.0,3.56,99.0,0
2023-02-13 10:28:10.255070+00:00,70B3D54991EB3BA5,ECHO #2,Echo,Crossden burn @ Greenford Farm,56.55409349771759,-2.7087453156770502,08cb00000d9426ac0000,271.0,0.0,3.48,99.0,0
2023-02-13 10:43:56.933473+00:00,70B3D54991EB3BA5,ECHO #2,Echo,Crossden burn @ Greenford Farm,56.55409349771759,-2.7087453156770502,08ce00000dcc26ac0000,268.0,0.0,3.53,99.0,0
2023-02-13 10:59:48.094040+00:00,70B3D54991EB3BA5,ECHO #2,Echo,Crossden burn @ Greenford Farm,56.55409349771759,-2.7087453156770502,08d000000de026ac0000,266.0,0.0,3.55,99.0,0
2023-02-13 11:15:39.198534+00:00,70B3D54991EB3BA5,ECHO #2,Echo,Crossden burn @ Greenford Farm,56.55409349771759,-2.7087453156770502,08d800000dd426ac0000,258.0,0.0,3.54,99.0,0
2023-02-13 11:31:27.741109+00:00,70B3D54991EB3BA5,ECHO #2,Echo,Crossden burn @ Greenford Farm,56.55409349771759,-2.7087453156770502,08d700000db026ac0000,259.0,0.0,3.5,99.0,0
2023-02-13 11:47:14.176364+00:00,70B3D54991EB3BA5,ECHO #2,Echo,Crossden burn @ Greenford Farm,56.55409349771759,-2.7087453156770502,08d900000e1826ac0000,257.0,0.0,3.61,99.0,0
2023-02-13 12:03:00.888981+00:00,70B3D54991EB3BA5,ECHO #2,Echo,Crossden burn @ Greenford Farm,56.55409349771759,-2.7087453156770502,08d900000e2826ac0000,257.0,0.0,3.62,99.0,0
2023-02-13 12:18:46.694155+00:00,70B3D54991EB3BA5,ECHO #2,Echo,Crossden burn @ Greenford Farm,56.55409349771759,-2.7087453156770502,08da00000e3026ac0000,256.0,0.0,3.63,99.0,0
2023-02-13 12:34:30.745569+00:00,70B3D54991EB3BA5,ECHO #2,Echo,Crossden burn @ Greenford Farm,56.55409349771759,-2.7087453156770502,08da00000e0426ac0000,256.0,0.0,3.59,99.0,0
2023-02-13 12:50:17.539677+00:00,70B3D54991EB3BA5,ECHO #2,Echo,Crossden burn @ Greenford Farm,56.55409349771759,-2.7087453156770502,08d800000e0826ac0000,258.0,0.0,3.59,99.0,0
2023-02-13 13:06:01.067254+00:00,70B3D54991EB3BA5,ECHO #2,Echo,Crossden burn @ Greenford Farm,56.55409349771759,-2.7087453156770502,08d400000da026ac0000,262.0,0.0,3.49,99.0,0
2023-02-13 13:21:46.952964+00:00,70B3D54991EB3BA5,ECHO #2,Echo,Crossden burn @ Greenford Farm,56.55409349771759,-2.7087453156770502,08d200000dd826ac0000,264.0,0.0,3.54,99.0,0
2023-02-13 13:37:32.067026+00:00,70B3D54991EB3BA5,ECHO #2,Echo,Crossden burn @ Greenford Farm,56.55409349771759,-2.7087453156770502,08d100000de426ac0000,265.0,0.0,3.56,99.0,0
2023-02-13 13:53:17.051054+00:00,70B3D54991EB3BA5,ECHO #2,Echo,Crossden burn @ Greenford Farm,56.55409349771759,-2.7087453156770502,08d200000da426ac0000,264.0,0.0,3.49,99.0,0
2023-02-13 14:09:02.696900+00:00,70B3D54991EB3BA5,ECHO #2,Echo,Crossden burn @ Greenford Farm,56.55409349771759,-2.7087453156770502,08cf00000d9426ac0000,267.0,0.0,3.48,99.0,0
2023-02-13 14:24:48.884954+00:00,70B3D54991EB3BA5,ECHO #2,Echo,Crossden burn @ Greenford Farm,56.55409349771759,-2.7087453156770502,08d000000e0026ac0000,266.0,0.0,3.58,99.0,0
2023-02-13 14:40:34.693061+00:00,70B3D54991EB3BA5,ECHO #2,Echo,Crossden burn @ Greenford Farm,56.55409349771759,-2.7087453156770502,08cf00000dc426ac0000,267.0,0.0,3.52,99.0,0
2023-02-13 14:56:20.084305+00:00,70B3D54991EB3BA5,ECHO #2,Echo,Crossden burn @ Greenford Farm,56.55409349771759,-2.7087453156770502,08cf00000db026ac0000,267.0,0.0,3.5,99.0,0
2023-02-13 15:12:05.207162+00:00,70B3D54991EB3BA5,ECHO #2,Echo,Crossden burn @ Greenford Farm,56.55409349771759,-2.7087453156770502,08ce00000df426ac0000,268.0,0.0,3.57,99.0,0
2023-02-13 15:27:50.757804+00:00,70B3D54991EB3BA5,ECHO #2,Echo,Crossden burn @ Greenford Farm,56.55409349771759,-2.7087453156770502,08cd00000dec26ac0000,269.0,0.0,3.56,99.0,0
2023-02-13 15:43:36.071905+00:00,70B3D54991EB3BA5,ECHO #2,Echo,Crossden burn @ Greenford Farm,56.55409349771759,-2.7087453156770502,08cd00000d9026ac0000,269.0,0.0,3.47,99.0,0
2023-02-13 15:59:21.074030+00:00,70B3D54991EB3BA5,ECHO #2,Echo,Crossden burn @ Greenford Farm,56.55409349771759,-2.7087453156770502,08cc00000d9826ac0000,270.0,0.0,3.48,99.0,0
2023-02-13 16:15:06.231258+00:00,70B3D54991EB3BA5,ECHO #2,Echo,Crossden burn @ Greenford Farm,56.55409349771759,-2.7087453156770502,08cc00000da826ac0000,270.0,0.0,3.5,99.0,0
2023-02-13 16:30:51.169883+00:00,70B3D54991EB3BA5,ECHO #2,Echo,Crossden burn @ Greenford Farm,56.55409349771759,-2.7087453156770502,08cd00000da026ac0000,269.0,0.0,3.49,99.0,0
2023-02-13 16:46:38.302401+00:00,70B3D54991EB3BA5,ECHO #2,Echo,Crossden burn @ Greenford Farm,56.55409349771759,-2.7087453156770502,08d100000d9426ac0000,265.0,0.0,3.48,99.0,0
2023-02-13 17:02:22.722787+00:00,70B3D54991EB3BA5,ECHO #2,Echo,Crossden burn @ Greenford Farm,56.55409349771759,-2.7087453156770502,08cf00000ddc26ac0000,267.0,0.0,3.55,99.0,0
2023-02-13 17:18:06.941814+00:00,70B3D54991EB3BA5,ECHO #2,Echo,Crossden burn @ Greenford Farm,56.55409349771759,-2.7087453156770502,08d000000de426ac0000,266.0,0.0,3.56,99.0,0
2023-02-13 17:33:51.739927+00:00,70B3D54991EB3BA5,ECHO #2,Echo,Crossden burn @ Greenford Farm,56.55409349771759,-2.7087453156770502,08ce00000d7426ac0000,268.0,0.0,3.44,99.0,0
2023-02-13 17:49:36.322794+00:00,70B3D54991EB3BA5,ECHO #2,Echo,Crossden burn @ Greenford Farm,56.55409349771759,-2.7087453156770502,08cc00000db426ac0000,270.0,0.0,3.51,99.0,0
2023-02-13 18:05:21.543637+00:00,70B3D54991EB3BA5,ECHO #2,Echo,Crossden burn @ Greenford Farm,56.55409349771759,-2.7087453156770502,08ca00000d7426ac0000,272.0,0.0,3.44,99.0,0
2023-02-13 18:21:07.377552+00:00,70B3D54991EB3BA5,ECHO #2,Echo,Crossden burn @ Greenford Farm,56.55409349771759,-2.7087453156770502,08cd00000dd026ac0000,269.0,0.0,3.54,99.0,0
2023-02-13 18:36:53.802665+00:00,70B3D54991EB3BA5,ECHO #2,Echo,Crossden burn @ Greenford Farm,56.55409349771759,-2.7087453156770502,08ce00000d8826ac0000,268.0,0.0,3.46,99.0,0
2023-02-13 18:52:37.667358+00:00,70B3D54991EB3BA5,ECHO #2,Echo,Crossden burn @ Greenford Farm,56.55409349771759,-2.7087453156770502,08cc00000d6c26ac0000,270.0,0.0,3.44,99.0,0
2023-02-13 19:08:24.638856+00:00,70B3D54991EB3BA5,ECHO #2,Echo,Crossden burn @ Greenford Farm,56.55409349771759,-2.7087453156770502,08cb00000dd826ac0000,271.0,0.0,3.54,99.0,0
2023-02-13 19:24:08.524281+00:00,70B3D54991EB3BA5,ECHO #2,Echo,Crossden burn @ Greenford Farm,56.55409349771759,-2.7087453156770502,08ca00000d8826ac0000,272.0,0.0,3.46,99.0,0
2023-02-13 19:39:55.423674+00:00,70B3D54991EB3BA5,ECHO #2,Echo,Crossden burn @ Greenford Farm,56.55409349771759,-2.7087453156770502,08cb00000dc826ac0000,271.0,0.0,3.53,99.0,0
2023-02-13 19:55:42.192948+00:00,70B3D54991EB3BA5,ECHO #2,Echo,Crossden burn @ Greenford Farm,56.55409349771759,-2.7087453156770502,08cc00000d7026ac0000,270.0,0.0,3.44,99.0,0
2023-02-13 20:11:27.647692+00:00,70B3D54991EB3BA5,ECHO #2,Echo,Crossden burn @ Greenford Farm,56.55409349771759,-2.7087453156770502,08c900000d6c26ac0000,273.0,0.0,3.44,99.0,0
2023-02-13 20:27:13.475964+00:00,70B3D54991EB3BA5,ECHO #2,Echo,Crossden burn @ Greenford Farm,56.55409349771759,-2.7087453156770502,08cc00000ddc26ac0000,270.0,0.0,3.55,99.0,0
2023-02-13 20:42:59.786353+00:00,70B3D54991EB3BA5,ECHO #2,Echo,Crossden burn @ Greenford Farm,56.55409349771759,-2.7087453156770502,08ca00000dcc26ac0000,272.0,0.0,3.53,99.0,0
2023-02-13 20:58:46.361519+00:00,70B3D54991EB3BA5,ECHO #2,Echo,Crossden burn @ Greenford Farm,56.55409349771759,-2.7087453156770502,08cb00000d8026ac0000,271.0,0.0,3.46,99.0,0
2023-02-13 21:14:31.888836+00:00,70B3D54991EB3BA5,ECHO #2,Echo,Crossden burn @ Greenford Farm,56.55409349771759,-2.7087453156770502,08ca00000d6426ac0000,272.0,0.0,3.43,99.0,0
2023-02-13 21:30:17.929124+00:00,70B3D54991EB3BA5,ECHO #2,Echo,Crossden burn @ Greenford Farm,56.55409349771759,-2.7087453156770502,08cd00000dcc26ac0000,269.0,0.0,3.53,99.0,0
2023-02-13 21:46:02.477279+00:00,70B3D54991EB3BA5,ECHO #2,Echo,Crossden burn @ Greenford Farm,56.55409349771759,-2.7087453156770502,08ca00000da426ac0000,272.0,0.0,3.49,99.0,0
2023-02-13 22:01:49.097064+00:00,70B3D54991EB3BA5,ECHO #2,Echo,Crossden burn @ Greenford Farm,56.55409349771759,-2.7087453156770502,08ca00000d8026ac0000,272.0,0.0,3.46,99.0,0
2023-02-13 22:17:35.897495+00:00,70B3D54991EB3BA5,ECHO #2,Echo,Crossden burn @ Greenford Farm,56.55409349771759,-2.7087453156770502,08c800000d7c26ac0000,274.0,0.0,3.45,99.0,0
2023-02-13 22:33:21.517775+00:00,70B3D54991EB3BA5,ECHO #2,Echo,Crossden burn @ Greenford Farm,56.55409349771759,-2.7087453156770502,08cb00000d6c26ac0000,271.0,0.0,3.44,99.0,0
2023-02-13 22:49:07.337216+00:00,70B3D54991EB3BA5,ECHO #2,Echo,Crossden burn @ Greenford Farm,56.55409349771759,-2.7087453156770502,08c800000da426ac0000,274.0,0.0,3.49,99.0,0
2023-02-13 23:04:53.450419+00:00,70B3D54991EB3BA5,ECHO #2,Echo,Crossden burn @ Greenford Farm,56.55409349771759,-2.7087453156770502,08c800000da426ac0000,274.0,0.0,3.49,99.0,0
2023-02-13 23:20:38.557736+00:00,70B3D54991EB3BA5,ECHO #2,Echo,Crossden burn @ Greenford Farm,56.55409349771759,-2.7087453156770502,08cb00000da026ac0000,271.0,0.0,3.49,99.0,0
2023-02-13 23:36:28.781561+00:00,70B3D54991EB3BA5,ECHO #2,Echo,Crossden burn @ Greenford Farm,56.55409349771759,-2.7087453156770502,08c300000da426ac0000,279.0,0.0,3.49,99.0,0
2023-02-13 23:52:15.755626+00:00,70B3D54991EB3BA5,ECHO #2,Echo,Crossden burn @ Greenford Farm,56.55409349771759,-2.7087453156770502,08c600000d6826ac0000,276.0,0.0,3.43,99.0,0
2023-02-14 00:08:03.313151+00:00,70B3D54991EB3BA5,ECHO #2,Echo,Crossden burn @ Greenford Farm,56.55409349771759,-2.7087453156770502,08ca00000d7026ac0000,272.0,0.0,3.44,99.0,0
2023-02-14 00:23:49.558747+00:00,70B3D54991EB3BA5,ECHO #2,Echo,Crossden burn @ Greenford Farm,56.55409349771759,-2.7087453156770502,08ca00000de026ac0000,272.0,0.0,3.55,99.0,0
2023-02-14 00:55:20.812494+00:00,70B3D54991EB3BA5,ECHO #2,Echo,Crossden burn @ Greenford Farm,56.55409349771759,-2.7087453156770502,08ca00000dd426ac0000,272.0,0.0,3.54,99.0,0
2023-02-14 01:11:05.777550+00:00,70B3D54991EB3BA5,ECHO #2,Echo,Crossden burn @ Greenford Farm,56.55409349771759,-2.7087453156770502,08cc00000db026ac0000,270.0,0.0,3.5,99.0,0
2023-02-14 01:26:51.214977+00:00,70B3D54991EB3BA5,ECHO #2,Echo,Crossden burn @ Greenford Farm,56.55409349771759,-2.7087453156770502,08ce00000d6426ac0000,268.0,0.0,3.43,99.0,0
2023-02-14 01:42:37.582590+00:00,70B3D54991EB3BA5,ECHO #2,Echo,Crossden burn @ Greenford Farm,56.55409349771759,-2.7087453156770502,08cb00000db026ac0000,271.0,0.0,3.5,99.0,0
2023-02-14 01:58:23.230523+00:00,70B3D54991EB3BA5,ECHO #2,Echo,Crossden burn @ Greenford Farm,56.55409349771759,-2.7087453156770502,08ce00000d7826ac0000,268.0,0.0,3.45,99.0,0
2023-02-14 02:14:08.984008+00:00,70B3D54991EB3BA5,ECHO #2,Echo,Crossden burn @ Greenford Farm,56.55409349771759,-2.7087453156770502,08d000000dcc26ac0000,266.0,0.0,3.53,99.0,0
2023-02-14 02:29:57.486687+00:00,70B3D54991EB3BA5,ECHO #2,Echo,Crossden burn @ Greenford Farm,56.55409349771759,-2.7087453156770502,08cd00000db426ac0000,269.0,0.0,3.51,99.0,0
2023-02-14 02:45:43.176110+00:00,70B3D54991EB3BA5,ECHO #2,Echo,Crossden burn @ Greenford Farm,56.55409349771759,-2.7087453156770502,08cd00000d6c26ac0000,269.0,0.0,3.44,99.0,0
2023-02-14 03:17:14.577876+00:00,70B3D54991EB3BA5,ECHO #2,Echo,Crossden burn @ Greenford Farm,56.55409349771759,-2.7087453156770502,08ce00000dcc26ac0000,268.0,0.0,3.53,99.0,0
2023-02-14 03:33:00.279587+00:00,70B3D54991EB3BA5,ECHO #2,Echo,Crossden burn @ Greenford Farm,56.55409349771759,-2.7087453156770502,08cb00000dcc26ac0000,271.0,0.0,3.53,99.0,0
2023-02-14 03:48:45.903813+00:00,70B3D54991EB3BA5,ECHO #2,Echo,Crossden burn @ Greenford Farm,56.55409349771759,-2.7087453156770502,08cc00000d6426ac0000,270.0,0.0,3.43,99.0,0
2023-02-14 04:04:31.692256+00:00,70B3D54991EB3BA5,ECHO #2,Echo,Crossden burn @ Greenford Farm,56.55409349771759,-2.7087453156770502,08cb00000d8026ac0000,271.0,0.0,3.46,99.0,0
2023-02-14 04:20:20.715783+00:00,70B3D54991EB3BA5,ECHO #2,Echo,Crossden burn @ Greenford Farm,56.55409349771759,-2.7087453156770502,08c600000d7826ac0000,276.0,0.0,3.45,99.0,0
2023-02-14 04:36:07.355605+00:00,70B3D54991EB3BA5,ECHO #2,Echo,Crossden burn @ Greenford Farm,56.55409349771759,-2.7087453156770502,08c600000d9426ac0000,276.0,0.0,3.48,99.0,0
2023-02-14 04:51:53.776528+00:00,70B3D54991EB3BA5,ECHO #2,Echo,Crossden burn @ Greenford Farm,56.55409349771759,-2.7087453156770502,08c200000dcc26ac0000,280.0,0.0,3.53,99.0,0
2023-02-14 05:07:39.925752+00:00,70B3D54991EB3BA5,ECHO #2,Echo,Crossden burn @ Greenford Farm,56.55409349771759,-2.7087453156770502,08c100000dbc26ac0000,281.0,0.0,3.52,99.0,0
2023-02-14 05:23:25.268084+00:00,70B3D54991EB3BA5,ECHO #2,Echo,Crossden burn @ Greenford Farm,56.55409349771759,-2.7087453156770502,08c200000d6026ac0000,280.0,0.0,3.42,99.0,0
2023-02-14 05:39:12.008339+00:00,70B3D54991EB3BA5,ECHO #2,Echo,Crossden burn @ Greenford Farm,56.55409349771759,-2.7087453156770502,08c400000dcc26ac0000,278.0,0.0,3.53,99.0,0
2023-02-14 05:55:00.353948+00:00,70B3D54991EB3BA5,ECHO #2,Echo,Crossden burn @ Greenford Farm,56.55409349771759,-2.7087453156770502,08ca00000db026ac0000,272.0,0.0,3.5,99.0,0
2023-02-14 06:10:47.754083+00:00,70B3D54991EB3BA5,ECHO #2,Echo,Crossden burn @ Greenford Farm,56.55409349771759,-2.7087453156770502,08cb00000dc826ac0000,271.0,0.0,3.53,99.0,0
2023-02-14 06:26:32.052045+00:00,70B3D54991EB3BA5,ECHO #2,Echo,Crossden burn @ Greenford Farm,56.55409349771759,-2.7087453156770502,08cd00000dc426ac0000,269.0,0.0,3.52,99.0,0
2023-02-14 06:42:18.817717+00:00,70B3D54991EB3BA5,ECHO #2,Echo,Crossden burn @ Greenford Farm,56.55409349771759,-2.7087453156770502,08cc00000d6826ac0000,270.0,0.0,3.43,99.0,0
2023-02-14 06:58:04.485307+00:00,70B3D54991EB3BA5,ECHO #2,Echo,Crossden burn @ Greenford Farm,56.55409349771759,-2.7087453156770502,08cf00000dd426ac0000,267.0,0.0,3.54,99.0,0
2023-02-14 07:13:48.979252+00:00,70B3D54991EB3BA5,ECHO #2,Echo,Crossden burn @ Greenford Farm,56.55409349771759,-2.7087453156770502,08cf00000dac26ac0000,267.0,0.0,3.5,99.0,0
2023-02-14 07:29:35.255978+00:00,70B3D54991EB3BA5,ECHO #2,Echo,Crossden burn @ Greenford Farm,56.55409349771759,-2.7087453156770502,08d000000dcc26ac0000,266.0,0.0,3.53,99.0,0
2023-02-14 07:45:19.719491+00:00,70B3D54991EB3BA5,ECHO #2,Echo,Crossden burn @ Greenford Farm,56.55409349771759,-2.7087453156770502,08cf00000dd426ac0000,267.0,0.0,3.54,99.0,0
2023-02-14 08:01:09.771798+00:00,70B3D54991EB3BA5,ECHO #2,Echo,Crossden burn @ Greenford Farm,56.55409349771759,-2.7087453156770502,08c600000da426ac0000,276.0,0.0,3.49,99.0,0
2023-02-14 08:16:57.049704+00:00,70B3D54991EB3BA5,ECHO #2,Echo,Crossden burn @ Greenford Farm,56.55409349771759,-2.7087453156770502,08c900000d7426ac0000,273.0,0.0,3.44,99.0,0
2023-02-14 08:32:44.962505+00:00,70B3D54991EB3BA5,ECHO #2,Echo,Crossden burn @ Greenford Farm,56.55409349771759,-2.7087453156770502,08c800000d7826ac0000,274.0,0.0,3.45,99.0,0
2023-02-14 08:48:32.180582+00:00,70B3D54991EB3BA5,ECHO #2,Echo,Crossden burn @ Greenford Farm,56.55409349771759,-2.7087453156770502,08c800000da826ac0000,274.0,0.0,3.5,99.0,0
2023-02-14 09:04:21.011535+00:00,70B3D54991EB3BA5,ECHO #2,Echo,Crossden burn @ Greenford Farm,56.55409349771759,-2.7087453156770502,08cb00000d8c26ac0000,271.0,0.0,3.47,99.0,0
2023-02-14 09:20:09.564731+00:00,70B3D54991EB3BA5,ECHO #2,Echo,Crossden burn @ Greenford Farm,56.55409349771759,-2.7087453156770502,08cf00000d9c26ac0000,267.0,0.0,3.48,99.0,0
2023-02-14 09:36:01.748504+00:00,70B3D54991EB3BA5,ECHO #2,Echo,Crossden burn @ Greenford Farm,56.55409349771759,-2.7087453156770502,08d400000dd826ac0000,262.0,0.0,3.54,99.0,0
2023-02-14 09:51:48.425433+00:00,70B3D54991EB3BA5,ECHO #2,Echo,Crossden burn @ Greenford Farm,56.55409349771759,-2.7087453156770502,08d500000dcc26ac0000,261.0,0.0,3.53,99.0,0
2023-02-14 10:07:35.405748+00:00,70B3D54991EB3BA5,ECHO #2,Echo,Crossden burn @ Greenford Farm,56.55409349771759,-2.7087453156770502,08d000000d8426ac0000,266.0,0.0,3.46,99.0,0
2023-02-14 10:23:20.276073+00:00,70B3D54991EB3BA5,ECHO #2,Echo,Crossden burn @ Greenford Farm,56.55409349771759,-2.7087453156770502,08cd00000dc826ac0000,269.0,0.0,3.53,99.0,0
2023-02-14 10:39:10.730794+00:00,70B3D54991EB3BA5,ECHO #2,Echo,Crossden burn @ Greenford Farm,56.55409349771759,-2.7087453156770502,08cf00000dac26ac0000,267.0,0.0,3.5,99.0,0
2023-02-14 10:54:56.059892+00:00,70B3D54991EB3BA5,ECHO #2,Echo,Crossden burn @ Greenford Farm,56.55409349771759,-2.7087453156770502,08cf00000da026ac0000,267.0,0.0,3.49,99.0,0
2023-02-14 11:10:40.706264+00:00,70B3D54991EB3BA5,ECHO #2,Echo,Crossden burn @ Greenford Farm,56.55409349771759,-2.7087453156770502,08d200000db426ac0000,264.0,0.0,3.51,99.0,0
2023-02-14 11:26:25.524331+00:00,70B3D54991EB3BA5,ECHO #2,Echo,Crossden burn @ Greenford Farm,56.55409349771759,-2.7087453156770502,08d100000dfc26ac0000,265.0,0.0,3.58,99.0,0
2023-02-14 11:42:10.074053+00:00,70B3D54991EB3BA5,ECHO #2,Echo,Crossden burn @ Greenford Farm,56.55409349771759,-2.7087453156770502,08cd00000d8c26ac0000,269.0,0.0,3.47,99.0,0
2023-02-14 11:57:55.695512+00:00,70B3D54991EB3BA5,ECHO #2,Echo,Crossden burn @ Greenford Farm,56.55409349771759,-2.7087453156770502,08cd00000de826ac0000,269.0,0.0,3.56,99.0,0
2023-02-14 12:13:42.978751+00:00,70B3D54991EB3BA5,ECHO #2,Echo,Crossden burn @ Greenford Farm,56.55409349771759,-2.7087453156770502,08cf00000d8c26ac0000,267.0,0.0,3.47,99.0,0
2023-02-14 12:29:30.131873+00:00,70B3D54991EB3BA5,ECHO #2,Echo,Crossden burn @ Greenford Farm,56.55409349771759,-2.7087453156770502,08cf00000dfc26ac0000,267.0,0.0,3.58,99.0,0
2023-02-14 12:45:20.272860+00:00,70B3D54991EB3BA5,ECHO #2,Echo,Crossden burn @ Greenford Farm,56.55409349771759,-2.7087453156770502,08d300000dec26ac0000,263.0,0.0,3.56,99.0,0
2023-02-14 13:16:50.577999+00:00,70B3D54991EB3BA5,ECHO #2,Echo,Crossden burn @ Greenford Farm,56.55409349771759,-2.7087453156770502,08d200000d9026ac0000,264.0,0.0,3.47,99.0,0
2023-02-14 13:32:35.886279+00:00,70B3D54991EB3BA5,ECHO #2,Echo,Crossden burn @ Greenford Farm,56.55409349771759,-2.7087453156770502,08cf00000db426ac0000,267.0,0.0,3.51,99.0,0
2023-02-14 13:48:20.384434+00:00,70B3D54991EB3BA5,ECHO #2,Echo,Crossden burn @ Greenford Farm,56.55409349771759,-2.7087453156770502,08cd00000ddc26ac0000,269.0,0.0,3.55,99.0,0
2023-02-14 14:19:51.176430+00:00,70B3D54991EB3BA5,ECHO #2,Echo,Crossden burn @ Greenford Farm,56.55409349771759,-2.7087453156770502,08cb00000d9426ac0000,271.0,0.0,3.48,99.0,0
2023-02-14 14:35:37.776015+00:00,70B3D54991EB3BA5,ECHO #2,Echo,Crossden burn @ Greenford Farm,56.55409349771759,-2.7087453156770502,08cb00000dac26ac0000,271.0,0.0,3.5,99.0,0
2023-02-14 14:51:23.694674+00:00,70B3D54991EB3BA5,ECHO #2,Echo,Crossden burn @ Greenford Farm,56.55409349771759,-2.7087453156770502,08ca00000da826ac0000,272.0,0.0,3.5,99.0,0
2023-02-14 15:07:09.693827+00:00,70B3D54991EB3BA5,ECHO #2,Echo,Crossden burn @ Greenford Farm,56.55409349771759,-2.7087453156770502,08cb00000db026ac0000,271.0,0.0,3.5,99.0,0
2023-02-14 15:22:55.091005+00:00,70B3D54991EB3BA5,ECHO #2,Echo,Crossden burn @ Greenford Farm,56.55409349771759,-2.7087453156770502,08cb00000dd426ac0000,271.0,0.0,3.54,99.0,0
2023-02-14 15:38:40.738456+00:00,70B3D54991EB3BA5,ECHO #2,Echo,Crossden burn @ Greenford Farm,56.55409349771759,-2.7087453156770502,08cb00000d9826ac0000,271.0,0.0,3.48,99.0,0
2023-02-14 15:54:26.454327+00:00,70B3D54991EB3BA5,ECHO #2,Echo,Crossden burn @ Greenford Farm,56.55409349771759,-2.7087453156770502,08cc00000dac26ac0000,270.0,0.0,3.5,99.0,0
2023-02-14 16:10:12.217815+00:00,70B3D54991EB3BA5,ECHO #2,Echo,Crossden burn @ Greenford Farm,56.55409349771759,-2.7087453156770502,08cc00000d7c26ac0000,270.0,0.0,3.45,99.0,0
2023-02-14 16:25:57.933209+00:00,70B3D54991EB3BA5,ECHO #2,Echo,Crossden burn @ Greenford Farm,56.55409349771759,-2.7087453156770502,08cc00000dd026ac0000,270.0,0.0,3.54,99.0,0
2023-02-14 16:41:43.984292+00:00,70B3D54991EB3BA5,ECHO #2,Echo,Crossden burn @ Greenford Farm,56.55409349771759,-2.7087453156770502,08cf00000de826ac0000,267.0,0.0,3.56,99.0,0
2023-02-14 16:57:29.407503+00:00,70B3D54991EB3BA5,ECHO #2,Echo,Crossden burn @ Greenford Farm,56.55409349771759,-2.7087453156770502,08cd00000de026ac0000,269.0,0.0,3.55,99.0,0
2023-02-14 17:13:14.722998+00:00,70B3D54991EB3BA5,ECHO #2,Echo,Crossden burn @ Greenford Farm,56.55409349771759,-2.7087453156770502,08c900000dc826ac0000,273.0,0.0,3.53,99.0,0
2023-02-14 17:29:00.923470+00:00,70B3D54991EB3BA5,ECHO #2,Echo,Crossden burn @ Greenford Farm,56.55409349771759,-2.7087453156770502,08c900000dcc26ac0000,273.0,0.0,3.53,99.0,0
2023-02-14 17:44:47.032633+00:00,70B3D54991EB3BA5,ECHO #2,Echo,Crossden burn @ Greenford Farm,56.55409349771759,-2.7087453156770502,08c700000d9426ac0000,275.0,0.0,3.48,99.0,0
2023-02-14 18:00:33.303244+00:00,70B3D54991EB3BA5,ECHO #2,Echo,Crossden burn @ Greenford Farm,56.55409349771759,-2.7087453156770502,08c800000d7c26ac0000,274.0,0.0,3.45,99.0,0
2023-02-14 18:16:19.385486+00:00,70B3D54991EB3BA5,ECHO #2,Echo,Crossden burn @ Greenford Farm,56.55409349771759,-2.7087453156770502,08c800000dd826ac0000,274.0,0.0,3.54,99.0,0
2023-02-14 18:32:05.396347+00:00,70B3D54991EB3BA5,ECHO #2,Echo,Crossden burn @ Greenford Farm,56.55409349771759,-2.7087453156770502,08ca00000dac26ac0000,272.0,0.0,3.5,99.0,0
2023-02-14 18:47:53.664981+00:00,70B3D54991EB3BA5,ECHO #2,Echo,Crossden burn @ Greenford Farm,56.55409349771759,-2.7087453156770502,08d100000da026ac0000,265.0,0.0,3.49,99.0,0
2023-02-14 19:03:38.014700+00:00,70B3D54991EB3BA5,ECHO #2,Echo,Crossden burn @ Greenford Farm,56.55409349771759,-2.7087453156770502,08ce00000d7426ac0000,268.0,0.0,3.44,99.0,0
2023-02-14 19:51:02.369534+00:00,70B3D54991EB3BA5,ECHO #2,Echo,Crossden burn @ Greenford Farm,56.55409349771759,-2.7087453156770502,08c600000dc026ac0000,276.0,0.0,3.52,99.0,0
2023-02-14 20:06:52.000467+00:00,70B3D54991EB3BA5,ECHO #2,Echo,Crossden burn @ Greenford Farm,56.55409349771759,-2.7087453156770502,08cc00000dd826ac0000,270.0,0.0,3.54,99.0,0
2023-02-14 20:22:36.994496+00:00,70B3D54991EB3BA5,ECHO #2,Echo,Crossden burn @ Greenford Farm,56.55409349771759,-2.7087453156770502,08d000000d9026ac0000,266.0,0.0,3.47,99.0,0
2023-02-14 20:38:23.327768+00:00,70B3D54991EB3BA5,ECHO #2,Echo,Crossden burn @ Greenford Farm,56.55409349771759,-2.7087453156770502,08cc00000d9426ac0000,270.0,0.0,3.48,99.0,0
2023-02-14 20:54:08.941131+00:00,70B3D54991EB3BA5,ECHO #2,Echo,Crossden burn @ Greenford Farm,56.55409349771759,-2.7087453156770502,08c900000d7426ac0000,273.0,0.0,3.44,99.0,0
2023-02-14 21:09:54.543778+00:00,70B3D54991EB3BA5,ECHO #2,Echo,Crossden burn @ Greenford Farm,56.55409349771759,-2.7087453156770502,08cc00000d7426ac0000,270.0,0.0,3.44,99.0,0
2023-02-14 21:25:44.447927+00:00,70B3D54991EB3BA5,ECHO #2,Echo,Crossden burn @ Greenford Farm,56.55409349771759,-2.7087453156770502,08c100000d7426ac0000,281.0,0.0,3.44,99.0,0
2023-02-14 21:41:34.191051+00:00,70B3D54991EB3BA5,ECHO #2,Echo,Crossden burn @ Greenford Farm,56.55409349771759,-2.7087453156770502,08cd00000de826ac0000,269.0,0.0,3.56,99.0,0
2023-02-14 21:57:19.126925+00:00,70B3D54991EB3BA5,ECHO #2,Echo,Crossden burn @ Greenford Farm,56.55409349771759,-2.7087453156770502,08cc00000d8c26ac0000,270.0,0.0,3.47,99.0,0
2023-02-14 22:13:04.195684+00:00,70B3D54991EB3BA5,ECHO #2,Echo,Crossden burn @ Greenford Farm,56.55409349771759,-2.7087453156770502,08d000000d9426ac0000,266.0,0.0,3.48,99.0,0
2023-02-14 22:28:52.233843+00:00,70B3D54991EB3BA5,ECHO #2,Echo,Crossden burn @ Greenford Farm,56.55409349771759,-2.7087453156770502,08cb00000d9c26ac0000,271.0,0.0,3.48,99.0,0
2023-02-14 22:44:37.943511+00:00,70B3D54991EB3BA5,ECHO #2,Echo,Crossden burn @ Greenford Farm,56.55409349771759,-2.7087453156770502,08cc00000d7c26ac0000,270.0,0.0,3.45,99.0,0
2023-02-14 23:00:24.582838+00:00,70B3D54991EB3BA5,ECHO #2,Echo,Crossden burn @ Greenford Farm,56.55409349771759,-2.7087453156770502,08c900000d9026ac0000,273.0,0.0,3.47,99.0,0
2023-02-14 23:16:10.963765+00:00,70B3D54991EB3BA5,ECHO #2,Echo,Crossden burn @ Greenford Farm,56.55409349771759,-2.7087453156770502,08ca00000d6c26ac0000,272.0,0.0,3.44,99.0,0
2023-02-14 23:31:56.888612+00:00,70B3D54991EB3BA5,ECHO #2,Echo,Crossden burn @ Greenford Farm,56.55409349771759,-2.7087453156770502,08c700000dcc26ac0000,275.0,0.0,3.53,99.0,0
2023-02-14 23:47:42.640038+00:00,70B3D54991EB3BA5,ECHO #2,Echo,Crossden burn @ Greenford Farm,56.55409349771759,-2.7087453156770502,08cb00000d7c26ac0000,271.0,0.0,3.45,99.0,0
2023-02-15 00:03:27.890739+00:00,70B3D54991EB3BA5,ECHO #2,Echo,Crossden burn @ Greenford Farm,56.55409349771759,-2.7087453156770502,08ce00000d6026ac0000,268.0,0.0,3.42,99.0,0
2023-02-15 00:19:17.907780+00:00,70B3D54991EB3BA5,ECHO #2,Echo,Crossden burn @ Greenford Farm,56.55409349771759,-2.7087453156770502,08c700000d8c26ac0000,275.0,0.0,3.47,99.0,0
2023-02-15 00:35:02.734631+00:00,70B3D54991EB3BA5,ECHO #2,Echo,Crossden burn @ Greenford Farm,56.55409349771759,-2.7087453156770502,08c600000d7c26ac0000,276.0,0.0,3.45,99.0,0
2023-02-15 00:50:49.534648+00:00,70B3D54991EB3BA5,ECHO #2,Echo,Crossden burn @ Greenford Farm,56.55409349771759,-2.7087453156770502,08c800000d7426ac0000,274.0,0.0,3.44,99.0,0
2023-02-15 01:06:35.187550+00:00,70B3D54991EB3BA5,ECHO #2,Echo,Crossden burn @ Greenford Farm,56.55409349771759,-2.7087453156770502,08c800000dc826ac0000,274.0,0.0,3.53,99.0,0
2023-02-15 01:22:21.549084+00:00,70B3D54991EB3BA5,ECHO #2,Echo,Crossden burn @ Greenford Farm,56.55409349771759,-2.7087453156770502,08cb00000d8826ac0000,271.0,0.0,3.46,99.0,0
2023-02-15 01:38:09.183559+00:00,70B3D54991EB3BA5,ECHO #2,Echo,Crossden burn @ Greenford Farm,56.55409349771759,-2.7087453156770502,08c600000d6826ac0000,276.0,0.0,3.43,99.0,0
2023-02-15 01:53:57.018731+00:00,70B3D54991EB3BA5,ECHO #2,Echo,Crossden burn @ Greenford Farm,56.55409349771759,-2.7087453156770502,08c800000d6426ac0000,274.0,0.0,3.43,99.0,0
2023-02-15 02:09:41.774677+00:00,70B3D54991EB3BA5,ECHO #2,Echo,Crossden burn @ Greenford Farm,56.55409349771759,-2.7087453156770502,08c600000d9026ac0000,276.0,0.0,3.47,99.0,0
2023-02-15 02:25:28.486270+00:00,70B3D54991EB3BA5,ECHO #2,Echo,Crossden burn @ Greenford Farm,56.55409349771759,-2.7087453156770502,08c900000d8026ac0000,273.0,0.0,3.46,99.0,0
2023-02-15 02:41:14.633289+00:00,70B3D54991EB3BA5,ECHO #2,Echo,Crossden burn @ Greenford Farm,56.55409349771759,-2.7087453156770502,08c900000db426ac0000,273.0,0.0,3.51,99.0,0
2023-02-15 02:56:59.418321+00:00,70B3D54991EB3BA5,ECHO #2,Echo,Crossden burn @ Greenford Farm,56.55409349771759,-2.7087453156770502,08c700000dac26ac0000,275.0,0.0,3.5,99.0,0
2023-02-15 03:12:46.250527+00:00,70B3D54991EB3BA5,ECHO #2,Echo,Crossden burn @ Greenford Farm,56.55409349771759,-2.7087453156770502,08ca00000dd826ac0000,272.0,0.0,3.54,99.0,0
2023-02-15 03:28:31.268397+00:00,70B3D54991EB3BA5,ECHO #2,Echo,Crossden burn @ Greenford Farm,56.55409349771759,-2.7087453156770502,08ca00000d8826ac0000,272.0,0.0,3.46,99.0,0
2023-02-15 04:00:03.116780+00:00,70B3D54991EB3BA5,ECHO #2,Echo,Crossden burn @ Greenford Farm,56.55409349771759,-2.7087453156770502,08c800000dcc26ac0000,274.0,0.0,3.53,99.0,0
2023-02-15 04:15:50.434177+00:00,70B3D54991EB3BA5,ECHO #2,Echo,Crossden burn @ Greenford Farm,56.55409349771759,-2.7087453156770502,08c700000d6c26ac0000,275.0,0.0,3.44,99.0,0
2023-02-15 04:31:35.106105+00:00,70B3D54991EB3BA5,ECHO #2,Echo,Crossden burn @ Greenford Farm,56.55409349771759,-2.7087453156770502,08c800000d7c26ac0000,274.0,0.0,3.45,99.0,0
2023-02-15 04:47:22.114470+00:00,70B3D54991EB3BA5,ECHO #2,Echo,Crossden burn @ Greenford Farm,56.55409349771759,-2.7087453156770502,08cb00000d8026ac0000,271.0,0.0,3.46,99.0,0
2023-02-15 05:03:08.124758+00:00,70B3D54991EB3BA5,ECHO #2,Echo,Crossden burn @ Greenford Farm,56.55409349771759,-2.7087453156770502,08cb00000d6826ac0000,271.0,0.0,3.43,99.0,0
2023-02-15 05:18:53.402317+00:00,70B3D54991EB3BA5,ECHO #2,Echo,Crossden burn @ Greenford Farm,56.55409349771759,-2.7087453156770502,08c800000da026ac0000,274.0,0.0,3.49,99.0,0
2023-02-15 05:34:39.416126+00:00,70B3D54991EB3BA5,ECHO #2,Echo,Crossden burn @ Greenford Farm,56.55409349771759,-2.7087453156770502,08c700000d7c26ac0000,275.0,0.0,3.45,99.0,0
2023-02-15 05:50:25.583326+00:00,70B3D54991EB3BA5,ECHO #2,Echo,Crossden burn @ Greenford Farm,56.55409349771759,-2.7087453156770502,08c800000da026ac0000,274.0,0.0,3.49,99.0,0
2023-02-15 06:06:11.146412+00:00,70B3D54991EB3BA5,ECHO #2,Echo,Crossden burn @ Greenford Farm,56.55409349771759,-2.7087453156770502,08c900000dc826ac0000,273.0,0.0,3.53,99.0,0
2023-02-15 06:21:57.118532+00:00,70B3D54991EB3BA5,ECHO #2,Echo,Crossden burn @ Greenford Farm,56.55409349771759,-2.7087453156770502,08c600000d6826ac0000,276.0,0.0,3.43,99.0,0
2023-02-15 06:37:43.550531+00:00,70B3D54991EB3BA5,ECHO #2,Echo,Crossden burn @ Greenford Farm,56.55409349771759,-2.7087453156770502,08ca00000dc426ac0000,272.0,0.0,3.52,99.0,0
2023-02-15 06:53:29.241736+00:00,70B3D54991EB3BA5,ECHO #2,Echo,Crossden burn @ Greenford Farm,56.55409349771759,-2.7087453156770502,08c700000db026ac0000,275.0,0.0,3.5,99.0,0
2023-02-15 07:09:15.164880+00:00,70B3D54991EB3BA5,ECHO #2,Echo,Crossden burn @ Greenford Farm,56.55409349771759,-2.7087453156770502,08c800000d9c26ac0000,274.0,0.0,3.48,99.0,0
2023-02-15 07:25:01.632442+00:00,70B3D54991EB3BA5,ECHO #2,Echo,Crossden burn @ Greenford Farm,56.55409349771759,-2.7087453156770502,08c600000d9026ac0000,276.0,0.0,3.47,99.0,0
2023-02-15 07:40:47.366023+00:00,70B3D54991EB3BA5,ECHO #2,Echo,Crossden burn @ Greenford Farm,56.55409349771759,-2.7087453156770502,08c800000dfc26ac0000,274.0,0.0,3.58,99.0,0
2023-02-15 07:56:33.729271+00:00,70B3D54991EB3BA5,ECHO #2,Echo,Crossden burn @ Greenford Farm,56.55409349771759,-2.7087453156770502,08c800000dac26ac0000,274.0,0.0,3.5,99.0,0
2023-02-15 08:12:23.949907+00:00,70B3D54991EB3BA5,ECHO #2,Echo,Crossden burn @ Greenford Farm,56.55409349771759,-2.7087453156770502,08c100000dd826ac0000,281.0,0.0,3.54,99.0,0
2023-02-15 08:28:13.959080+00:00,70B3D54991EB3BA5,ECHO #2,Echo,Crossden burn @ Greenford Farm,56.55409349771759,-2.7087453156770502,08c900000dd026ac0000,273.0,0.0,3.54,99.0,0
2023-02-15 08:44:00.123298+00:00,70B3D54991EB3BA5,ECHO #2,Echo,Crossden burn @ Greenford Farm,56.55409349771759,-2.7087453156770502,08cb00000da426ac0000,271.0,0.0,3.49,99.0,0
2023-02-15 08:59:45.772117+00:00,70B3D54991EB3BA5,ECHO #2,Echo,Crossden burn @ Greenford Farm,56.55409349771759,-2.7087453156770502,08c700000db426ac0000,275.0,0.0,3.51,99.0,0
2023-02-15 09:15:31.814450+00:00,70B3D54991EB3BA5,ECHO #2,Echo,Crossden burn @ Greenford Farm,56.55409349771759,-2.7087453156770502,08c400000da026ac0000,278.0,0.0,3.49,99.0,0
2023-02-15 09:31:20.810051+00:00,70B3D54991EB3BA5,ECHO #2,Echo,Crossden burn @ Greenford Farm,56.55409349771759,-2.7087453156770502,08bd00000d6826ac0000,285.0,0.0,3.43,99.0,0
2023-02-15 09:47:11.227314+00:00,70B3D54991EB3BA5,ECHO #2,Echo,Crossden burn @ Greenford Farm,56.55409349771759,-2.7087453156770502,08c200000de026ac0000,280.0,0.0,3.55,99.0,0
2023-02-15 10:03:00.013227+00:00,70B3D54991EB3BA5,ECHO #2,Echo,Crossden burn @ Greenford Farm,56.55409349771759,-2.7087453156770502,08c400000dec26ac0000,278.0,0.0,3.56,99.0,0
2023-02-15 10:18:46.692372+00:00,70B3D54991EB3BA5,ECHO #2,Echo,Crossden burn @ Greenford Farm,56.55409349771759,-2.7087453156770502,08c500000de026ac0000,277.0,0.0,3.55,99.0,0
2023-02-15 10:34:33.057865+00:00,70B3D54991EB3BA5,ECHO #2,Echo,Crossden burn @ Greenford Farm,56.55409349771759,-2.7087453156770502,08c400000dac26ac0000,278.0,0.0,3.5,99.0,0
2023-02-15 10:50:19.384365+00:00,70B3D54991EB3BA5,ECHO #2,Echo,Crossden burn @ Greenford Farm,56.55409349771759,-2.7087453156770502,08c400000da826ac0000,278.0,0.0,3.5,99.0,0
2023-02-15 11:06:06.273805+00:00,70B3D54991EB3BA5,ECHO #2,Echo,Crossden burn @ Greenford Farm,56.55409349771759,-2.7087453156770502,08c500000dcc26ac0000,277.0,0.0,3.53,99.0,0
2023-02-15 11:21:51.577936+00:00,70B3D54991EB3BA5,ECHO #2,Echo,Crossden burn @ Greenford Farm,56.55409349771759,-2.7087453156770502,08c500000d7c26ac0000,277.0,0.0,3.45,99.0,0
2023-02-15 11:37:37.785429+00:00,70B3D54991EB3BA5,ECHO #2,Echo,Crossden burn @ Greenford Farm,56.55409349771759,-2.7087453156770502,08c500000d8826ac0000,277.0,0.0,3.46,99.0,0
2023-02-15 11:53:24.009406+00:00,70B3D54991EB3BA5,ECHO #2,Echo,Crossden burn @ Greenford Farm,56.55409349771759,-2.7087453156770502,08c400000d8026ac0000,278.0,0.0,3.46,99.0,0
2023-02-15 12:09:10.841390+00:00,70B3D54991EB3BA5,ECHO #2,Echo,Crossden burn @ Greenford Farm,56.55409349771759,-2.7087453156770502,08c500000dc426ac0000,277.0,0.0,3.52,99.0,0
2023-02-15 12:24:57.287494+00:00,70B3D54991EB3BA5,ECHO #2,Echo,Crossden burn @ Greenford Farm,56.55409349771759,-2.7087453156770502,08c600000d7c26ac0000,276.0,0.0,3.45,99.0,0
2023-02-15 12:40:44.787195+00:00,70B3D54991EB3BA5,ECHO #2,Echo,Crossden burn @ Greenford Farm,56.55409349771759,-2.7087453156770502,08c800000df826ac0000,274.0,0.0,3.58,99.0,0
2023-02-15 12:56:31.601210+00:00,70B3D54991EB3BA5,ECHO #2,Echo,Crossden burn @ Greenford Farm,56.55409349771759,-2.7087453156770502,08c900000dc426ac0000,273.0,0.0,3.52,99.0,0
2023-02-15 13:12:18.666212+00:00,70B3D54991EB3BA5,ECHO #2,Echo,Crossden burn @ Greenford Farm,56.55409349771759,-2.7087453156770502,08ca00000dc426ac0000,272.0,0.0,3.52,99.0,0
2023-02-15 13:43:50.127592+00:00,70B3D54991EB3BA5,ECHO #2,Echo,Crossden burn @ Greenford Farm,56.55409349771759,-2.7087453156770502,08cc00000ddc26ac0000,270.0,0.0,3.55,99.0,0
2023-02-15 13:59:35.225052+00:00,70B3D54991EB3BA5,ECHO #2,Echo,Crossden burn @ Greenford Farm,56.55409349771759,-2.7087453156770502,08c900000dc826ac0000,273.0,0.0,3.53,99.0,0
2023-02-15 14:15:21.414301+00:00,70B3D54991EB3BA5,ECHO #2,Echo,Crossden burn @ Greenford Farm,56.55409349771759,-2.7087453156770502,08c900000de026ac0000,273.0,0.0,3.55,99.0,0
2023-02-15 14:31:07.516668+00:00,70B3D54991EB3BA5,ECHO #2,Echo,Crossden burn @ Greenford Farm,56.55409349771759,-2.7087453156770502,08ca00000de826ac0000,272.0,0.0,3.56,99.0,0
2023-02-15 14:46:53.131921+00:00,70B3D54991EB3BA5,ECHO #2,Echo,Crossden burn @ Greenford Farm,56.55409349771759,-2.7087453156770502,08ca00000d9026ac0000,272.0,0.0,3.47,99.0,0
2023-02-15 15:02:38.860494+00:00,70B3D54991EB3BA5,ECHO #2,Echo,Crossden burn @ Greenford Farm,56.55409349771759,-2.7087453156770502,08ca00000da826ac0000,272.0,0.0,3.5,99.0,0
2023-02-15 15:18:24.963933+00:00,70B3D54991EB3BA5,ECHO #2,Echo,Crossden burn @ Greenford Farm,56.55409349771759,-2.7087453156770502,08ca00000d9c26ac0000,272.0,0.0,3.48,99.0,0
2023-02-15 15:34:10.438860+00:00,70B3D54991EB3BA5,ECHO #2,Echo,Crossden burn @ Greenford Farm,56.55409349771759,-2.7087453156770502,08ca00000d8026ac0000,272.0,0.0,3.46,99.0,0
2023-02-15 15:49:56.141979+00:00,70B3D54991EB3BA5,ECHO #2,Echo,Crossden burn @ Greenford Farm,56.55409349771759,-2.7087453156770502,08ca00000de026ac0000,272.0,0.0,3.55,99.0,0
2023-02-15 16:05:41.903890+00:00,70B3D54991EB3BA5,ECHO #2,Echo,Crossden burn @ Greenford Farm,56.55409349771759,-2.7087453156770502,08c900000d8826ac0000,273.0,0.0,3.46,99.0,0
2023-02-15 16:21:28.059302+00:00,70B3D54991EB3BA5,ECHO #2,Echo,Crossden burn @ Greenford Farm,56.55409349771759,-2.7087453156770502,08ca00000d9026ac0000,272.0,0.0,3.47,99.0,0
2023-02-15 16:37:13.270052+00:00,70B3D54991EB3BA5,ECHO #2,Echo,Crossden burn @ Greenford Farm,56.55409349771759,-2.7087453156770502,08c800000dec26ac0000,274.0,0.0,3.56,99.0,0
2023-02-15 16:52:58.903389+00:00,70B3D54991EB3BA5,ECHO #2,Echo,Crossden burn @ Greenford Farm,56.55409349771759,-2.7087453156770502,08ca00000de026ac0000,272.0,0.0,3.55,99.0,0
2023-02-15 17:08:44.451813+00:00,70B3D54991EB3BA5,ECHO #2,Echo,Crossden burn @ Greenford Farm,56.55409349771759,-2.7087453156770502,08c800000dcc26ac0000,274.0,0.0,3.53,99.0,0
2023-02-15 17:24:30.075191+00:00,70B3D54991EB3BA5,ECHO #2,Echo,Crossden burn @ Greenford Farm,56.55409349771759,-2.7087453156770502,08c800000d9026ac0000,274.0,0.0,3.47,99.0,0
2023-02-15 17:40:16.295873+00:00,70B3D54991EB3BA5,ECHO #2,Echo,Crossden burn @ Greenford Farm,56.55409349771759,-2.7087453156770502,08c700000da826ac0000,275.0,0.0,3.5,99.0,0
2023-02-15 17:56:02.452516+00:00,70B3D54991EB3BA5,ECHO #2,Echo,Crossden burn @ Greenford Farm,56.55409349771759,-2.7087453156770502,08c700000da826ac0000,275.0,0.0,3.5,99.0,0
2023-02-15 18:11:48.647511+00:00,70B3D54991EB3BA5,ECHO #2,Echo,Crossden burn @ Greenford Farm,56.55409349771759,-2.7087453156770502,08c800000dec26ac0000,274.0,0.0,3.56,99.0,0
2023-02-15 18:27:34.437139+00:00,70B3D54991EB3BA5,ECHO #2,Echo,Crossden burn @ Greenford Farm,56.55409349771759,-2.7087453156770502,08c800000d8c26ac0000,274.0,0.0,3.47,99.0,0
2023-02-15 18:43:20.453472+00:00,70B3D54991EB3BA5,ECHO #2,Echo,Crossden burn @ Greenford Farm,56.55409349771759,-2.7087453156770502,08c900000dc826ac0000,273.0,0.0,3.53,99.0,0
2023-02-15 18:59:06.075563+00:00,70B3D54991EB3BA5,ECHO #2,Echo,Crossden burn @ Greenford Farm,56.55409349771759,-2.7087453156770502,08c900000db026ac0000,273.0,0.0,3.5,99.0,0
2023-02-15 19:14:52.832224+00:00,70B3D54991EB3BA5,ECHO #2,Echo,Crossden burn @ Greenford Farm,56.55409349771759,-2.7087453156770502,08c700000db026ac0000,275.0,0.0,3.5,99.0,0
2023-02-15 19:30:38.743849+00:00,70B3D54991EB3BA5,ECHO #2,Echo,Crossden burn @ Greenford Farm,56.55409349771759,-2.7087453156770502,08c700000de826ac0000,275.0,0.0,3.56,99.0,0
2023-02-15 19:46:23.963360+00:00,70B3D54991EB3BA5,ECHO #2,Echo,Crossden burn @ Greenford Farm,56.55409349771759,-2.7087453156770502,08c700000dd426ac0000,275.0,0.0,3.54,99.0,0
2023-02-15 20:17:56.973634+00:00,70B3D54991EB3BA5,ECHO #2,Echo,Crossden burn @ Greenford Farm,56.55409349771759,-2.7087453156770502,08c700000dd826ac0000,275.0,0.0,3.54,99.0,0
2023-02-15 20:33:42.413018+00:00,70B3D54991EB3BA5,ECHO #2,Echo,Crossden burn @ Greenford Farm,56.55409349771759,-2.7087453156770502,08c700000dcc26ac0000,275.0,0.0,3.53,99.0,0
2023-02-15 20:49:28.190015+00:00,70B3D54991EB3BA5,ECHO #2,Echo,Crossden burn @ Greenford Farm,56.55409349771759,-2.7087453156770502,08c800000ddc26ac0000,274.0,0.0,3.55,99.0,0
2023-02-15 21:05:14.499649+00:00,70B3D54991EB3BA5,ECHO #2,Echo,Crossden burn @ Greenford Farm,56.55409349771759,-2.7087453156770502,08c700000db426ac0000,275.0,0.0,3.51,99.0,0
2023-02-15 21:21:00.148854+00:00,70B3D54991EB3BA5,ECHO #2,Echo,Crossden burn @ Greenford Farm,56.55409349771759,-2.7087453156770502,08c800000d8c26ac0000,274.0,0.0,3.47,99.0,0
2023-02-15 21:36:46.804832+00:00,70B3D54991EB3BA5,ECHO #2,Echo,Crossden burn @ Greenford Farm,56.55409349771759,-2.7087453156770502,08c700000d8c26ac0000,275.0,0.0,3.47,99.0,0
2023-02-15 21:52:32.695041+00:00,70B3D54991EB3BA5,ECHO #2,Echo,Crossden burn @ Greenford Farm,56.55409349771759,-2.7087453156770502,08c700000db026ac0000,275.0,0.0,3.5,99.0,0
2023-02-15 22:08:18.579580+00:00,70B3D54991EB3BA5,ECHO #2,Echo,Crossden burn @ Greenford Farm,56.55409349771759,-2.7087453156770502,08c600000de426ac0000,276.0,0.0,3.56,99.0,0
2023-02-15 22:24:04.383911+00:00,70B3D54991EB3BA5,ECHO #2,Echo,Crossden burn @ Greenford Farm,56.55409349771759,-2.7087453156770502,08c800000da826ac0000,274.0,0.0,3.5,99.0,0
2023-02-15 22:55:36.836266+00:00,70B3D54991EB3BA5,ECHO #2,Echo,Crossden burn @ Greenford Farm,56.55409349771759,-2.7087453156770502,08c700000d8026ac0000,275.0,0.0,3.46,99.0,0
2023-02-15 23:11:22.959116+00:00,70B3D54991EB3BA5,ECHO #2,Echo,Crossden burn @ Greenford Farm,56.55409349771759,-2.7087453156770502,08c700000d9826ac0000,275.0,0.0,3.48,99.0,0
2023-02-15 23:27:09.819789+00:00,70B3D54991EB3BA5,ECHO #2,Echo,Crossden burn @ Greenford Farm,56.55409349771759,-2.7087453156770502,08c700000d8826ac0000,275.0,0.0,3.46,99.0,0
2023-02-15 23:42:56.075628+00:00,70B3D54991EB3BA5,ECHO #2,Echo,Crossden burn @ Greenford Farm,56.55409349771759,-2.7087453156770502,08c700000dcc26ac0000,275.0,0.0,3.53,99.0,0
2023-02-15 23:58:42.657383+00:00,70B3D54991EB3BA5,ECHO #2,Echo,Crossden burn @ Greenford Farm,56.55409349771759,-2.7087453156770502,08c800000dcc26ac0000,274.0,0.0,3.53,99.0,0
2023-02-16 00:14:28.042254+00:00,70B3D54991EB3BA5,ECHO #2,Echo,Crossden burn @ Greenford Farm,56.55409349771759,-2.7087453156770502,08c800000d8026ac0000,274.0,0.0,3.46,99.0,0
2023-02-16 00:30:14.994085+00:00,70B3D54991EB3BA5,ECHO #2,Echo,Crossden burn @ Greenford Farm,56.55409349771759,-2.7087453156770502,08c700000de026ac0000,275.0,0.0,3.55,99.0,0
2023-02-16 00:46:01.139475+00:00,70B3D54991EB3BA5,ECHO #2,Echo,Crossden burn @ Greenford Farm,56.55409349771759,-2.7087453156770502,08c900000d8c26ac0000,273.0,0.0,3.47,99.0,0
2023-02-16 01:17:34.397549+00:00,70B3D54991EB3BA5,ECHO #2,Echo,Crossden burn @ Greenford Farm,56.55409349771759,-2.7087453156770502,08c900000d8026ac0000,273.0,0.0,3.46,99.0,0
2023-02-16 01:33:21.288682+00:00,70B3D54991EB3BA5,ECHO #2,Echo,Crossden burn @ Greenford Farm,56.55409349771759,-2.7087453156770502,08c800000d7c26ac0000,274.0,0.0,3.45,99.0,0
2023-02-16 01:49:07.203679+00:00,70B3D54991EB3BA5,ECHO #2,Echo,Crossden burn @ Greenford Farm,56.55409349771759,-2.7087453156770502,08c900000d8026ac0000,273.0,0.0,3.46,99.0,0
2023-02-16 02:04:53.436244+00:00,70B3D54991EB3BA5,ECHO #2,Echo,Crossden burn @ Greenford Farm,56.55409349771759,-2.7087453156770502,08c900000dd826ac0000,273.0,0.0,3.54,99.0,0
2023-02-16 02:20:39.262515+00:00,70B3D54991EB3BA5,ECHO #2,Echo,Crossden burn @ Greenford Farm,56.55409349771759,-2.7087453156770502,08ca00000de826ac0000,272.0,0.0,3.56,99.0,0
2023-02-16 02:36:25.129417+00:00,70B3D54991EB3BA5,ECHO #2,Echo,Crossden burn @ Greenford Farm,56.55409349771759,-2.7087453156770502,08ca00000dec26ac0000,272.0,0.0,3.56,99.0,0
2023-02-16 02:52:11.121204+00:00,70B3D54991EB3BA5,ECHO #2,Echo,Crossden burn @ Greenford Farm,56.55409349771759,-2.7087453156770502,08ca00000dc826ac0000,272.0,0.0,3.53,99.0,0
2023-02-16 03:07:56.883228+00:00,70B3D54991EB3BA5,ECHO #2,Echo,Crossden burn @ Greenford Farm,56.55409349771759,-2.7087453156770502,08ca00000de026ac0000,272.0,0.0,3.55,99.0,0
2023-02-16 03:23:43.089536+00:00,70B3D54991EB3BA5,ECHO #2,Echo,Crossden burn @ Greenford Farm,56.55409349771759,-2.7087453156770502,08c900000d8826ac0000,273.0,0.0,3.46,99.0,0
2023-02-16 03:39:29.602460+00:00,70B3D54991EB3BA5,ECHO #2,Echo,Crossden burn @ Greenford Farm,56.55409349771759,-2.7087453156770502,08c900000da026ac0000,273.0,0.0,3.49,99.0,0
2023-02-16 03:55:15.672901+00:00,70B3D54991EB3BA5,ECHO #2,Echo,Crossden burn @ Greenford Farm,56.55409349771759,-2.7087453156770502,08ca00000de426ac0000,272.0,0.0,3.56,99.0,0
2023-02-16 04:11:01.222068+00:00,70B3D54991EB3BA5,ECHO #2,Echo,Crossden burn @ Greenford Farm,56.55409349771759,-2.7087453156770502,08cc00000db426ac0000,270.0,0.0,3.51,99.0,0
2023-02-16 04:26:45.296809+00:00,70B3D54991EB3BA5,ECHO #2,Echo,Crossden burn @ Greenford Farm,56.55409349771759,-2.7087453156770502,08cc00000db026ac0000,270.0,0.0,3.5,99.0,0
2023-02-16 04:42:34.812094+00:00,70B3D54991EB3BA5,ECHO #2,Echo,Crossden burn @ Greenford Farm,56.55409349771759,-2.7087453156770502,08c700000dc826ac0000,275.0,0.0,3.53,99.0,0
2023-02-16 04:58:20.847680+00:00,70B3D54991EB3BA5,ECHO #2,Echo,Crossden burn @ Greenford Farm,56.55409349771759,-2.7087453156770502,08cb00000da026ac0000,271.0,0.0,3.49,99.0,0
2023-02-16 05:14:06.158185+00:00,70B3D54991EB3BA5,ECHO #2,Echo,Crossden burn @ Greenford Farm,56.55409349771759,-2.7087453156770502,08cc00000da026ac0000,270.0,0.0,3.49,99.0,0
2023-02-16 05:29:51.519605+00:00,70B3D54991EB3BA5,ECHO #2,Echo,Crossden burn @ Greenford Farm,56.55409349771759,-2.7087453156770502,08c800000d9426ac0000,274.0,0.0,3.48,99.0,0
2023-02-16 05:45:40.450120+00:00,70B3D54991EB3BA5,ECHO #2,Echo,Crossden burn @ Greenford Farm,56.55409349771759,-2.7087453156770502,08d000000dd826ac0000,266.0,0.0,3.54,99.0,0
2023-02-16 06:01:25.874731+00:00,70B3D54991EB3BA5,ECHO #2,Echo,Crossden burn @ Greenford Farm,56.55409349771759,-2.7087453156770502,08cc00000dd426ac0000,270.0,0.0,3.54,99.0,0
2023-02-16 06:17:11.644096+00:00,70B3D54991EB3BA5,ECHO #2,Echo,Crossden burn @ Greenford Farm,56.55409349771759,-2.7087453156770502,08ca00000d8426ac0000,272.0,0.0,3.46,99.0,0
2023-02-16 06:32:57.993773+00:00,70B3D54991EB3BA5,ECHO #2,Echo,Crossden burn @ Greenford Farm,56.55409349771759,-2.7087453156770502,08cb00000d9426ac0000,271.0,0.0,3.48,99.0,0
2023-02-16 06:48:44.401644+00:00,70B3D54991EB3BA5,ECHO #2,Echo,Crossden burn @ Greenford Farm,56.55409349771759,-2.7087453156770502,08ca00000dcc26ac0000,272.0,0.0,3.53,99.0,0
2023-02-16 07:04:30.643731+00:00,70B3D54991EB3BA5,ECHO #2,Echo,Crossden burn @ Greenford Farm,56.55409349771759,-2.7087453156770502,08c900000dcc26ac0000,273.0,0.0,3.53,99.0,0
2023-02-16 07:20:17.295099+00:00,70B3D54991EB3BA5,ECHO #2,Echo,Crossden burn @ Greenford Farm,56.55409349771759,-2.7087453156770502,08c800000ddc26ac0000,274.0,0.0,3.55,99.0,0
2023-02-16 07:36:02.760237+00:00,70B3D54991EB3BA5,ECHO #2,Echo,Crossden burn @ Greenford Farm,56.55409349771759,-2.7087453156770502,08ca00000db426ac0000,272.0,0.0,3.51,99.0,0
2023-02-16 07:51:48.154692+00:00,70B3D54991EB3BA5,ECHO #2,Echo,Crossden burn @ Greenford Farm,56.55409349771759,-2.7087453156770502,08ca00000dec26ac0000,272.0,0.0,3.56,99.0,0
2023-02-16 08:07:35.876955+00:00,70B3D54991EB3BA5,ECHO #2,Echo,Crossden burn @ Greenford Farm,56.55409349771759,-2.7087453156770502,08ce00000df426ac0000,268.0,0.0,3.57,99.0,0
2023-02-16 08:23:26.095699+00:00,70B3D54991EB3BA5,ECHO #2,Echo,Crossden burn @ Greenford Farm,56.55409349771759,-2.7087453156770502,08c800000dbc26ac0000,274.0,0.0,3.52,99.0,0
2023-02-16 08:39:22.032253+00:00,70B3D54991EB3BA5,ECHO #2,Echo,Crossden burn @ Greenford Farm,56.55409349771759,-2.7087453156770502,08d400000dd826ac0000,262.0,0.0,3.54,99.0,0
2023-02-16 08:55:05.060583+00:00,70B3D54991EB3BA5,ECHO #2,Echo,Crossden burn @ Greenford Farm,56.55409349771759,-2.7087453156770502,08d000000d8426ac0000,266.0,0.0,3.46,99.0,0
2023-02-16 09:26:36.928572+00:00,70B3D54991EB3BA5,ECHO #2,Echo,Crossden burn @ Greenford Farm,56.55409349771759,-2.7087453156770502,08cb00000dec26ac0000,271.0,0.0,3.56,99.0,0
2023-02-16 09:42:22.959434+00:00,70B3D54991EB3BA5,ECHO #2,Echo,Crossden burn @ Greenford Farm,56.55409349771759,-2.7087453156770502,08cc00000dcc26ac0000,270.0,0.0,3.53,99.0,0
2023-02-16 09:58:09.214510+00:00,70B3D54991EB3BA5,ECHO #2,Echo,Crossden burn @ Greenford Farm,56.55409349771759,-2.7087453156770502,08cc00000d7c26ac0000,270.0,0.0,3.45,99.0,0
2023-02-16 10:13:55.684317+00:00,70B3D54991EB3BA5,ECHO #2,Echo,Crossden burn @ Greenford Farm,56.55409349771759,-2.7087453156770502,08cb00000ddc26ac0000,271.0,0.0,3.55,99.0,0
2023-02-16 10:29:42.887576+00:00,70B3D54991EB3BA5,ECHO #2,Echo,Crossden burn @ Greenford Farm,56.55409349771759,-2.7087453156770502,08cb00000d8026ac0000,271.0,0.0,3.46,99.0,0
2023-02-16 10:45:29.265179+00:00,70B3D54991EB3BA5,ECHO #2,Echo,Crossden burn @ Greenford Farm,56.55409349771759,-2.7087453156770502,08cd00000df826ac0000,269.0,0.0,3.58,99.0,0
2023-02-16 11:01:16.328604+00:00,70B3D54991EB3BA5,ECHO #2,Echo,Crossden burn @ Greenford Farm,56.55409349771759,-2.7087453156770502,08cf00000df026ac0000,267.0,0.0,3.57,99.0,0
2023-02-16 11:17:02.553256+00:00,70B3D54991EB3BA5,ECHO #2,Echo,Crossden burn @ Greenford Farm,56.55409349771759,-2.7087453156770502,08cf00000de026ac0000,267.0,0.0,3.55,99.0,0
2023-02-16 11:32:48.606264+00:00,70B3D54991EB3BA5,ECHO #2,Echo,Crossden burn @ Greenford Farm,56.55409349771759,-2.7087453156770502,08cd00000d9026ac0000,269.0,0.0,3.47,99.0,0
2023-02-16 11:48:36.442846+00:00,70B3D54991EB3BA5,ECHO #2,Echo,Crossden burn @ Greenford Farm,56.55409349771759,-2.7087453156770502,08ce00000d8c26ac0000,268.0,0.0,3.47,99.0,0
2023-02-16 12:04:23.361232+00:00,70B3D54991EB3BA5,ECHO #2,Echo,Crossden burn @ Greenford Farm,56.55409349771759,-2.7087453156770502,08cf00000df426ac0000,267.0,0.0,3.57,99.0,0
2023-02-16 12:20:08.588385+00:00,70B3D54991EB3BA5,ECHO #2,Echo,Crossden burn @ Greenford Farm,56.55409349771759,-2.7087453156770502,08ce00000e0426ac0000,268.0,0.0,3.59,99.0,0
2023-02-16 12:35:55.513589+00:00,70B3D54991EB3BA5,ECHO #2,Echo,Crossden burn @ Greenford Farm,56.55409349771759,-2.7087453156770502,08ce00000e0826ac0000,268.0,0.0,3.59,99.0,0
2023-02-16 12:51:40.610191+00:00,70B3D54991EB3BA5,ECHO #2,Echo,Crossden burn @ Greenford Farm,56.55409349771759,-2.7087453156770502,08cd00000de826ac0000,269.0,0.0,3.56,99.0,0
2023-02-16 13:07:29.074629+00:00,70B3D54991EB3BA5,ECHO #2,Echo,Crossden burn @ Greenford Farm,56.55409349771759,-2.7087453156770502,08cd00000dcc26ac0000,269.0,0.0,3.53,99.0,0
2023-02-16 13:23:14.943104+00:00,70B3D54991EB3BA5,ECHO #2,Echo,Crossden burn @ Greenford Farm,56.55409349771759,-2.7087453156770502,08ce00000db426ac0000,268.0,0.0,3.51,99.0,0
2023-02-16 13:39:01.679432+00:00,70B3D54991EB3BA5,ECHO #2,Echo,Crossden burn @ Greenford Farm,56.55409349771759,-2.7087453156770502,08ce00000df026ac0000,268.0,0.0,3.57,99.0,0
2023-02-16 13:54:47.285771+00:00,70B3D54991EB3BA5,ECHO #2,Echo,Crossden burn @ Greenford Farm,56.55409349771759,-2.7087453156770502,08ce00000d8c26ac0000,268.0,0.0,3.47,99.0,0
2023-02-16 14:10:34.396660+00:00,70B3D54991EB3BA5,ECHO #2,Echo,Crossden burn @ Greenford Farm,56.55409349771759,-2.7087453156770502,08cd00000d8426ac0000,269.0,0.0,3.46,99.0,0
2023-02-16 14:26:20.666665+00:00,70B3D54991EB3BA5,ECHO #2,Echo,Crossden burn @ Greenford Farm,56.55409349771759,-2.7087453156770502,08ce00000e1c26ac0000,268.0,0.0,3.61,99.0,0
2023-02-16 14:42:05.789089+00:00,70B3D54991EB3BA5,ECHO #2,Echo,Crossden burn @ Greenford Farm,56.55409349771759,-2.7087453156770502,08cc00000dc426ac0000,270.0,0.0,3.52,99.0,0
2023-02-16 14:57:53.395942+00:00,70B3D54991EB3BA5,ECHO #2,Echo,Crossden burn @ Greenford Farm,56.55409349771759,-2.7087453156770502,08ce00000d8826ac0000,268.0,0.0,3.46,99.0,0
2023-02-16 15:13:39.130190+00:00,70B3D54991EB3BA5,ECHO #2,Echo,Crossden burn @ Greenford Farm,56.55409349771759,-2.7087453156770502,08cd00000de426ac0000,269.0,0.0,3.56,99.0,0
2023-02-16 15:29:24.922873+00:00,70B3D54991EB3BA5,ECHO #2,Echo,Crossden burn @ Greenford Farm,56.55409349771759,-2.7087453156770502,08ce00000df426ac0000,268.0,0.0,3.57,99.0,0
2023-02-16 15:45:11.095721+00:00,70B3D54991EB3BA5,ECHO #2,Echo,Crossden burn @ Greenford Farm,56.55409349771759,-2.7087453156770502,08cd00000d8426ac0000,269.0,0.0,3.46,99.0,0
2023-02-16 16:00:57.089552+00:00,70B3D54991EB3BA5,ECHO #2,Echo,Crossden burn @ Greenford Farm,56.55409349771759,-2.7087453156770502,08cd00000d8c26ac0000,269.0,0.0,3.47,99.0,0
2023-02-16 16:16:43.214013+00:00,70B3D54991EB3BA5,ECHO #2,Echo,Crossden burn @ Greenford Farm,56.55409349771759,-2.7087453156770502,08cc00000df826ac0000,270.0,0.0,3.58,99.0,0
2023-02-16 16:32:29.025206+00:00,70B3D54991EB3BA5,ECHO #2,Echo,Crossden burn @ Greenford Farm,56.55409349771759,-2.7087453156770502,08cb00000df026ac0000,271.0,0.0,3.57,99.0,0
2023-02-16 16:48:14.881370+00:00,70B3D54991EB3BA5,ECHO #2,Echo,Crossden burn @ Greenford Farm,56.55409349771759,-2.7087453156770502,08cb00000d8426ac0000,271.0,0.0,3.46,99.0,0
2023-02-16 17:04:01.308077+00:00,70B3D54991EB3BA5,ECHO #2,Echo,Crossden burn @ Greenford Farm,56.55409349771759,-2.7087453156770502,08cb00000de026ac0000,271.0,0.0,3.55,99.0,0
2023-02-16 17:35:32.559245+00:00,70B3D54991EB3BA5,ECHO #2,Echo,Crossden burn @ Greenford Farm,56.55409349771759,-2.7087453156770502,08ca00000df026ac0000,272.0,0.0,3.57,99.0,0
2023-02-16 18:07:04.424000+00:00,70B3D54991EB3BA5,ECHO #2,Echo,Crossden burn @ Greenford Farm,56.55409349771759,-2.7087453156770502,08ca00000de426ac0000,272.0,0.0,3.56,99.0,0
2023-02-16 18:22:50.716674+00:00,70B3D54991EB3BA5,ECHO #2,Echo,Crossden burn @ Greenford Farm,56.55409349771759,-2.7087453156770502,08c700000d7c26ac0000,275.0,0.0,3.45,99.0,0
2023-02-16 18:38:36.975402+00:00,70B3D54991EB3BA5,ECHO #2,Echo,Crossden burn @ Greenford Farm,56.55409349771759,-2.7087453156770502,08c900000de026ac0000,273.0,0.0,3.55,99.0,0
2023-02-16 18:54:22.750186+00:00,70B3D54991EB3BA5,ECHO #2,Echo,Crossden burn @ Greenford Farm,56.55409349771759,-2.7087453156770502,08c700000d9426ac0000,275.0,0.0,3.48,99.0,0
2023-02-16 19:10:08.767543+00:00,70B3D54991EB3BA5,ECHO #2,Echo,Crossden burn @ Greenford Farm,56.55409349771759,-2.7087453156770502,08c700000db426ac0000,275.0,0.0,3.51,99.0,0
2023-02-16 19:25:54.814643+00:00,70B3D54991EB3BA5,ECHO #2,Echo,Crossden burn @ Greenford Farm,56.55409349771759,-2.7087453156770502,08c900000dfc26ac0000,273.0,0.0,3.58,99.0,0
2023-02-16 19:41:41.173899+00:00,70B3D54991EB3BA5,ECHO #2,Echo,Crossden burn @ Greenford Farm,56.55409349771759,-2.7087453156770502,08c900000d8026ac0000,273.0,0.0,3.46,99.0,0
2023-02-16 19:57:27.643140+00:00,70B3D54991EB3BA5,ECHO #2,Echo,Crossden burn @ Greenford Farm,56.55409349771759,-2.7087453156770502,08c900000d9026ac0000,273.0,0.0,3.47,99.0,0
2023-02-16 20:28:59.765632+00:00,70B3D54991EB3BA5,ECHO #2,Echo,Crossden burn @ Greenford Farm,56.55409349771759,-2.7087453156770502,08ca00000d7c26ac0000,272.0,0.0,3.45,99.0,0
2023-02-16 20:44:45.365932+00:00,70B3D54991EB3BA5,ECHO #2,Echo,Crossden burn @ Greenford Farm,56.55409349771759,-2.7087453156770502,08ca00000dd426ac0000,272.0,0.0,3.54,99.0,0
2023-02-16 21:00:31.118414+00:00,70B3D54991EB3BA5,ECHO #2,Echo,Crossden burn @ Greenford Farm,56.55409349771759,-2.7087453156770502,08c900000dd426ac0000,273.0,0.0,3.54,99.0,0
2023-02-16 21:16:17.417268+00:00,70B3D54991EB3BA5,ECHO #2,Echo,Crossden burn @ Greenford Farm,56.55409349771759,-2.7087453156770502,08c800000db026ac0000,274.0,0.0,3.5,99.0,0
2023-02-16 21:32:03.676399+00:00,70B3D54991EB3BA5,ECHO #2,Echo,Crossden burn @ Greenford Farm,56.55409349771759,-2.7087453156770502,08c800000dec26ac0000,274.0,0.0,3.56,99.0,0
2023-02-16 21:47:49.445967+00:00,70B3D54991EB3BA5,ECHO #2,Echo,Crossden burn @ Greenford Farm,56.55409349771759,-2.7087453156770502,08c800000dd026ac0000,274.0,0.0,3.54,99.0,0
2023-02-16 22:03:35.607083+00:00,70B3D54991EB3BA5,ECHO #2,Echo,Crossden burn @ Greenford Farm,56.55409349771759,-2.7087453156770502,08c900000dc826ac0000,273.0,0.0,3.53,99.0,0
2023-02-16 22:19:21.874404+00:00,70B3D54991EB3BA5,ECHO #2,Echo,Crossden burn @ Greenford Farm,56.55409349771759,-2.7087453156770502,08c800000dd026ac0000,274.0,0.0,3.54,99.0,0
2023-02-16 22:35:09.335147+00:00,70B3D54991EB3BA5,ECHO #2,Echo,Crossden burn @ Greenford Farm,56.55409349771759,-2.7087453156770502,08c600000de426ac0000,276.0,0.0,3.56,99.0,0
2023-02-16 22:50:55.412769+00:00,70B3D54991EB3BA5,ECHO #2,Echo,Crossden burn @ Greenford Farm,56.55409349771759,-2.7087453156770502,08c700000da426ac0000,275.0,0.0,3.49,99.0,0
2023-02-16 23:06:41.605365+00:00,70B3D54991EB3BA5,ECHO #2,Echo,Crossden burn @ Greenford Farm,56.55409349771759,-2.7087453156770502,08c700000da826ac0000,275.0,0.0,3.5,99.0,0
2023-02-16 23:22:27.692930+00:00,70B3D54991EB3BA5,ECHO #2,Echo,Crossden burn @ Greenford Farm,56.55409349771759,-2.7087453156770502,08c700000e0826ac0000,275.0,0.0,3.59,99.0,0
2023-02-16 23:38:13.875869+00:00,70B3D54991EB3BA5,ECHO #2,Echo,Crossden burn @ Greenford Farm,56.55409349771759,-2.7087453156770502,08c500000dfc26ac0000,277.0,0.0,3.58,99.0,0
2023-02-16 23:54:00.116349+00:00,70B3D54991EB3BA5,ECHO #2,Echo,Crossden burn @ Greenford Farm,56.55409349771759,-2.7087453156770502,08c200000da426ac0000,280.0,0.0,3.49,99.0,0
2023-02-17 00:09:46.709739+00:00,70B3D54991EB3BA5,ECHO #2,Echo,Crossden burn @ Greenford Farm,56.55409349771759,-2.7087453156770502,08c300000d8426ac0000,279.0,0.0,3.46,99.0,0
2023-02-17 00:25:33.728087+00:00,70B3D54991EB3BA5,ECHO #2,Echo,Crossden burn @ Greenford Farm,56.55409349771759,-2.7087453156770502,08c500000df026ac0000,277.0,0.0,3.57,99.0,0
2023-02-17 00:41:20.083228+00:00,70B3D54991EB3BA5,ECHO #2,Echo,Crossden burn @ Greenford Farm,56.55409349771759,-2.7087453156770502,08c300000dc426ac0000,279.0,0.0,3.52,99.0,0
2023-02-17 00:57:06.370959+00:00,70B3D54991EB3BA5,ECHO #2,Echo,Crossden burn @ Greenford Farm,56.55409349771759,-2.7087453156770502,08c100000dcc26ac0000,281.0,0.0,3.53,99.0,0
2023-02-17 01:12:53.422701+00:00,70B3D54991EB3BA5,ECHO #2,Echo,Crossden burn @ Greenford Farm,56.55409349771759,-2.7087453156770502,08be00000e1026ac0000,284.0,0.0,3.6,99.0,0
2023-02-17 01:28:39.416604+00:00,70B3D54991EB3BA5,ECHO #2,Echo,Crossden burn @ Greenford Farm,56.55409349771759,-2.7087453156770502,08c100000d8826ac0000,281.0,0.0,3.46,99.0,0
2023-02-17 01:44:26.000147+00:00,70B3D54991EB3BA5,ECHO #2,Echo,Crossden burn @ Greenford Farm,56.55409349771759,-2.7087453156770502,08c200000df026ac0000,280.0,0.0,3.57,99.0,0
2023-02-17 02:00:12.623929+00:00,70B3D54991EB3BA5,ECHO #2,Echo,Crossden burn @ Greenford Farm,56.55409349771759,-2.7087453156770502,08c000000dd026ac0000,282.0,0.0,3.54,99.0,0
2023-02-17 02:15:57.759484+00:00,70B3D54991EB3BA5,ECHO #2,Echo,Crossden burn @ Greenford Farm,56.55409349771759,-2.7087453156770502,08c000000da026ac0000,282.0,0.0,3.49,99.0,0
2023-02-17 02:31:45.503598+00:00,70B3D54991EB3BA5,ECHO #2,Echo,Crossden burn @ Greenford Farm,56.55409349771759,-2.7087453156770502,08c000000dc826ac0000,282.0,0.0,3.53,99.0,0
2023-02-17 02:47:31.017582+00:00,70B3D54991EB3BA5,ECHO #2,Echo,Crossden burn @ Greenford Farm,56.55409349771759,-2.7087453156770502,08c000000d8026ac0000,282.0,0.0,3.46,99.0,0
2023-02-17 03:03:17.814316+00:00,70B3D54991EB3BA5,ECHO #2,Echo,Crossden burn @ Greenford Farm,56.55409349771759,-2.7087453156770502,08c000000da026ac0000,282.0,0.0,3.49,99.0,0
2023-02-17 03:19:04.486541+00:00,70B3D54991EB3BA5,ECHO #2,Echo,Crossden burn @ Greenford Farm,56.55409349771759,-2.7087453156770502,08c000000dc426ac0000,282.0,0.0,3.52,99.0,0
2023-02-17 03:34:51.249900+00:00,70B3D54991EB3BA5,ECHO #2,Echo,Crossden burn @ Greenford Farm,56.55409349771759,-2.7087453156770502,08bf00000d8026ac0000,283.0,0.0,3.46,99.0,0
2023-02-17 03:50:37.800592+00:00,70B3D54991EB3BA5,ECHO #2,Echo,Crossden burn @ Greenford Farm,56.55409349771759,-2.7087453156770502,08bf00000e1026ac0000,283.0,0.0,3.6,99.0,0
2023-02-17 04:37:56.712523+00:00,70B3D54991EB3BA5,ECHO #2,Echo,Crossden burn @ Greenford Farm,56.55409349771759,-2.7087453156770502,08be00000da026ac0000,284.0,0.0,3.49,99.0,0
2023-02-17 04:53:42.976371+00:00,70B3D54991EB3BA5,ECHO #2,Echo,Crossden burn @ Greenford Farm,56.55409349771759,-2.7087453156770502,08bf00000de026ac0000,283.0,0.0,3.55,99.0,0
2023-02-17 05:09:28.603249+00:00,70B3D54991EB3BA5,ECHO #2,Echo,Crossden burn @ Greenford Farm,56.55409349771759,-2.7087453156770502,08bf00000dd826ac0000,283.0,0.0,3.54,99.0,0
2023-02-17 05:25:15.118363+00:00,70B3D54991EB3BA5,ECHO #2,Echo,Crossden burn @ Greenford Farm,56.55409349771759,-2.7087453156770502,08bf00000ddc26ac0000,283.0,0.0,3.55,99.0,0
2023-02-17 05:41:01.839166+00:00,70B3D54991EB3BA5,ECHO #2,Echo,Crossden burn @ Greenford Farm,56.55409349771759,-2.7087453156770502,08bf00000d8426ac0000,283.0,0.0,3.46,99.0,0
2023-02-17 05:56:46.966368+00:00,70B3D54991EB3BA5,ECHO #2,Echo,Crossden burn @ Greenford Farm,56.55409349771759,-2.7087453156770502,08c200000df426ac0000,280.0,0.0,3.57,99.0,0
2023-02-17 06:12:32.689374+00:00,70B3D54991EB3BA5,ECHO #2,Echo,Crossden burn @ Greenford Farm,56.55409349771759,-2.7087453156770502,08c600000ddc26ac0000,276.0,0.0,3.55,99.0,0
2023-02-17 06:44:04.211090+00:00,70B3D54991EB3BA5,ECHO #2,Echo,Crossden burn @ Greenford Farm,56.55409349771759,-2.7087453156770502,08c500000dc826ac0000,277.0,0.0,3.53,99.0,0
2023-02-17 06:59:50.267081+00:00,70B3D54991EB3BA5,ECHO #2,Echo,Crossden burn @ Greenford Farm,56.55409349771759,-2.7087453156770502,08c400000df426ac0000,278.0,0.0,3.57,99.0,0
2023-02-17 07:15:35.878615+00:00,70B3D54991EB3BA5,ECHO #2,Echo,Crossden burn @ Greenford Farm,56.55409349771759,-2.7087453156770502,08c600000df026ac0000,276.0,0.0,3.57,99.0,0
2023-02-17 07:31:22.101540+00:00,70B3D54991EB3BA5,ECHO #2,Echo,Crossden burn @ Greenford Farm,56.55409349771759,-2.7087453156770502,08c500000d8026ac0000,277.0,0.0,3.46,99.0,0
2023-02-17 07:47:08.514576+00:00,70B3D54991EB3BA5,ECHO #2,Echo,Crossden burn @ Greenford Farm,56.55409349771759,-2.7087453156770502,08c600000dcc26ac0000,276.0,0.0,3.53,99.0,0
2023-02-17 08:02:56.782745+00:00,70B3D54991EB3BA5,ECHO #2,Echo,Crossden burn @ Greenford Farm,56.55409349771759,-2.7087453156770502,08c900000d9426ac0000,273.0,0.0,3.48,99.0,0
2023-02-17 08:18:45.851139+00:00,70B3D54991EB3BA5,ECHO #2,Echo,Crossden burn @ Greenford Farm,56.55409349771759,-2.7087453156770502,08c800000da426ac0000,274.0,0.0,3.49,99.0,0
2023-02-17 08:34:33.554845+00:00,70B3D54991EB3BA5,ECHO #2,Echo,Crossden burn @ Greenford Farm,56.55409349771759,-2.7087453156770502,08cc00000dd826ac0000,270.0,0.0,3.54,99.0,0
2023-02-17 08:50:20.367807+00:00,70B3D54991EB3BA5,ECHO #2,Echo,Crossden burn @ Greenford Farm,56.55409349771759,-2.7087453156770502,08cc00000e0c26ac0000,270.0,0.0,3.6,99.0,0
2023-02-17 09:06:06.715569+00:00,70B3D54991EB3BA5,ECHO #2,Echo,Crossden burn @ Greenford Farm,56.55409349771759,-2.7087453156770502,08cd00000dac26ac0000,269.0,0.0,3.5,99.0,0
2023-02-17 09:21:53.490229+00:00,70B3D54991EB3BA5,ECHO #2,Echo,Crossden burn @ Greenford Farm,56.55409349771759,-2.7087453156770502,08ce00000da826ac0000,268.0,0.0,3.5,99.0,0
2023-02-17 09:37:40.311058+00:00,70B3D54991EB3BA5,ECHO #2,Echo,Crossden burn @ Greenford Farm,56.55409349771759,-2.7087453156770502,08ce00000e0026ac0000,268.0,0.0,3.58,99.0,0
2023-02-17 09:53:26.442734+00:00,70B3D54991EB3BA5,ECHO #2,Echo,Crossden burn @ Greenford Farm,56.55409349771759,-2.7087453156770502,08cf00000e0826ac0000,267.0,0.0,3.59,99.0,0
2023-02-17 10:09:12.437135+00:00,70B3D54991EB3BA5,ECHO #2,Echo,Crossden burn @ Greenford Farm,56.55409349771759,-2.7087453156770502,08d200000df426ac0000,264.0,0.0,3.57,99.0,0
2023-02-17 10:24:58.794433+00:00,70B3D54991EB3BA5,ECHO #2,Echo,Crossden burn @ Greenford Farm,56.55409349771759,-2.7087453156770502,08ce00000df826ac0000,268.0,0.0,3.58,99.0,0
2023-02-17 10:40:45.518820+00:00,70B3D54991EB3BA5,ECHO #2,Echo,Crossden burn @ Greenford Farm,56.55409349771759,-2.7087453156770502,08cf00000dec26ac0000,267.0,0.0,3.56,99.0,0
2023-02-17 10:56:31.572228+00:00,70B3D54991EB3BA5,ECHO #2,Echo,Crossden burn @ Greenford Farm,56.55409349771759,-2.7087453156770502,08d000000e4426ac0000,266.0,0.0,3.65,99.0,0
2023-02-17 11:12:17.708845+00:00,70B3D54991EB3BA5,ECHO #2,Echo,Crossden burn @ Greenford Farm,56.55409349771759,-2.7087453156770502,08d100000e0c26ac0000,265.0,0.0,3.6,99.0,0
2023-02-17 11:43:50.027809+00:00,70B3D54991EB3BA5,ECHO #2,Echo,Crossden burn @ Greenford Farm,56.55409349771759,-2.7087453156770502,08d200000e3826ac0000,264.0,0.0,3.64,99.0,0
2023-02-17 11:59:35.736881+00:00,70B3D54991EB3BA5,ECHO #2,Echo,Crossden burn @ Greenford Farm,56.55409349771759,-2.7087453156770502,08d300000e3826ac0000,263.0,0.0,3.64,99.0,0
2023-02-17 12:15:23.616802+00:00,70B3D54991EB3BA5,ECHO #2,Echo,Crossden burn @ Greenford Farm,56.55409349771759,-2.7087453156770502,08cf00000e1826ac0000,267.0,0.0,3.61,99.0,0
2023-02-17 12:31:09.544983+00:00,70B3D54991EB3BA5,ECHO #2,Echo,Crossden burn @ Greenford Farm,56.55409349771759,-2.7087453156770502,08d000000e0c26ac0000,266.0,0.0,3.6,99.0,0
2023-02-17 12:46:54.480334+00:00,70B3D54991EB3BA5,ECHO #2,Echo,Crossden burn @ Greenford Farm,56.55409349771759,-2.7087453156770502,08cf00000dfc26ac0000,267.0,0.0,3.58,99.0,0
2023-02-17 13:02:39.776917+00:00,70B3D54991EB3BA5,ECHO #2,Echo,Crossden burn @ Greenford Farm,56.55409349771759,-2.7087453156770502,08cf00000e0826ac0000,267.0,0.0,3.59,99.0,0
2023-02-17 13:18:25.683910+00:00,70B3D54991EB3BA5,ECHO #2,Echo,Crossden burn @ Greenford Farm,56.55409349771759,-2.7087453156770502,08d100000dcc26ac0000,265.0,0.0,3.53,99.0,0
2023-02-17 13:34:11.674891+00:00,70B3D54991EB3BA5,ECHO #2,Echo,Crossden burn @ Greenford Farm,56.55409349771759,-2.7087453156770502,08cf00000e0026ac0000,267.0,0.0,3.58,99.0,0
2023-02-17 13:49:57.659525+00:00,70B3D54991EB3BA5,ECHO #2,Echo,Crossden burn @ Greenford Farm,56.55409349771759,-2.7087453156770502,08d100000e0026ac0000,265.0,0.0,3.58,99.0,0
2023-02-17 14:05:43.339446+00:00,70B3D54991EB3BA5,ECHO #2,Echo,Crossden burn @ Greenford Farm,56.55409349771759,-2.7087453156770502,08d100000e0826ac0000,265.0,0.0,3.59,99.0,0
2023-02-17 14:21:29.377804+00:00,70B3D54991EB3BA5,ECHO #2,Echo,Crossden burn @ Greenford Farm,56.55409349771759,-2.7087453156770502,08d300000d9c26ac0000,263.0,0.0,3.48,99.0,0
2023-02-17 14:52:59.896832+00:00,70B3D54991EB3BA5,ECHO #2,Echo,Crossden burn @ Greenford Farm,56.55409349771759,-2.7087453156770502,08d100000d9c26ac0000,265.0,0.0,3.48,99.0,0
2023-02-17 15:08:46.040004+00:00,70B3D54991EB3BA5,ECHO #2,Echo,Crossden burn @ Greenford Farm,56.55409349771759,-2.7087453156770502,08d200000dd426ac0000,264.0,0.0,3.54,99.0,0
2023-02-17 15:24:32.365747+00:00,70B3D54991EB3BA5,ECHO #2,Echo,Crossden burn @ Greenford Farm,56.55409349771759,-2.7087453156770502,08d200000dc426ac0000,264.0,0.0,3.52,99.0,0
2023-02-17 15:40:18.095700+00:00,70B3D54991EB3BA5,ECHO #2,Echo,Crossden burn @ Greenford Farm,56.55409349771759,-2.7087453156770502,08d000000df426ac0000,266.0,0.0,3.57,99.0,0
2023-02-17 15:56:04.213204+00:00,70B3D54991EB3BA5,ECHO #2,Echo,Crossden burn @ Greenford Farm,56.55409349771759,-2.7087453156770502,08d100000d9826ac0000,265.0,0.0,3.48,99.0,0
2023-02-17 16:11:49.743984+00:00,70B3D54991EB3BA5,ECHO #2,Echo,Crossden burn @ Greenford Farm,56.55409349771759,-2.7087453156770502,08d000000d8826ac0000,266.0,0.0,3.46,99.0,0
2023-02-17 16:27:35.165860+00:00,70B3D54991EB3BA5,ECHO #2,Echo,Crossden burn @ Greenford Farm,56.55409349771759,-2.7087453156770502,08d000000df426ac0000,266.0,0.0,3.57,99.0,0
2023-02-17 16:43:22.025582+00:00,70B3D54991EB3BA5,ECHO #2,Echo,Crossden burn @ Greenford Farm,56.55409349771759,-2.7087453156770502,08cf00000df426ac0000,267.0,0.0,3.57,99.0,0
2023-02-17 16:59:07.672918+00:00,70B3D54991EB3BA5,ECHO #2,Echo,Crossden burn @ Greenford Farm,56.55409349771759,-2.7087453156770502,08d200000dd026ac0000,264.0,0.0,3.54,99.0,0
2023-02-17 17:14:56.111549+00:00,70B3D54991EB3BA5,ECHO #2,Echo,Crossden burn @ Greenford Farm,56.55409349771759,-2.7087453156770502,08cd00000dec26ac0000,269.0,0.0,3.56,99.0,0
2023-02-17 17:30:42.239499+00:00,70B3D54991EB3BA5,ECHO #2,Echo,Crossden burn @ Greenford Farm,56.55409349771759,-2.7087453156770502,08cd00000dcc26ac0000,269.0,0.0,3.53,99.0,0
2023-02-17 17:46:29.079306+00:00,70B3D54991EB3BA5,ECHO #2,Echo,Crossden burn @ Greenford Farm,56.55409349771759,-2.7087453156770502,08ce00000d9c26ac0000,268.0,0.0,3.48,99.0,0
2023-02-17 18:02:15.220859+00:00,70B3D54991EB3BA5,ECHO #2,Echo,Crossden burn @ Greenford Farm,56.55409349771759,-2.7087453156770502,08ce00000d8826ac0000,268.0,0.0,3.46,99.0,0
2023-02-17 18:18:01.146234+00:00,70B3D54991EB3BA5,ECHO #2,Echo,Crossden burn @ Greenford Farm,56.55409349771759,-2.7087453156770502,08cf00000dd826ac0000,267.0,0.0,3.54,99.0,0
2023-02-17 18:33:47.908142+00:00,70B3D54991EB3BA5,ECHO #2,Echo,Crossden burn @ Greenford Farm,56.55409349771759,-2.7087453156770502,08cf00000dd426ac0000,267.0,0.0,3.54,99.0,0
2023-02-17 18:49:33.818712+00:00,70B3D54991EB3BA5,ECHO #2,Echo,Crossden burn @ Greenford Farm,56.55409349771759,-2.7087453156770502,08d100000de826ac0000,265.0,0.0,3.56,99.0,0
2023-02-17 19:05:19.558653+00:00,70B3D54991EB3BA5,ECHO #2,Echo,Crossden burn @ Greenford Farm,56.55409349771759,-2.7087453156770502,08d000000d8c26ac0000,266.0,0.0,3.47,99.0,0
2023-02-17 19:21:05.572591+00:00,70B3D54991EB3BA5,ECHO #2,Echo,Crossden burn @ Greenford Farm,56.55409349771759,-2.7087453156770502,08ce00000d7826ac0000,268.0,0.0,3.45,99.0,0
2023-02-17 20:08:24.717641+00:00,70B3D54991EB3BA5,ECHO #2,Echo,Crossden burn @ Greenford Farm,56.55409349771759,-2.7087453156770502,08d100000db026ac0000,265.0,0.0,3.5,99.0,0
2023-02-17 20:24:10.347920+00:00,70B3D54991EB3BA5,ECHO #2,Echo,Crossden burn @ Greenford Farm,56.55409349771759,-2.7087453156770502,08d100000d8026ac0000,265.0,0.0,3.46,99.0,0
2023-02-17 20:39:56.374885+00:00,70B3D54991EB3BA5,ECHO #2,Echo,Crossden burn @ Greenford Farm,56.55409349771759,-2.7087453156770502,08d200000dcc26ac0000,264.0,0.0,3.53,99.0,0
2023-02-17 20:55:44.216019+00:00,70B3D54991EB3BA5,ECHO #2,Echo,Crossden burn @ Greenford Farm,56.55409349771759,-2.7087453156770502,08ce00000dd826ac0000,268.0,0.0,3.54,99.0,0
2023-02-17 21:11:30.544349+00:00,70B3D54991EB3BA5,ECHO #2,Echo,Crossden burn @ Greenford Farm,56.55409349771759,-2.7087453156770502,08ce00000db426ac0000,268.0,0.0,3.51,99.0,0
2023-02-17 21:27:16.929636+00:00,70B3D54991EB3BA5,ECHO #2,Echo,Crossden burn @ Greenford Farm,56.55409349771759,-2.7087453156770502,08cf00000dc426ac0000,267.0,0.0,3.52,99.0,0
2023-02-17 21:43:02.377809+00:00,70B3D54991EB3BA5,ECHO #2,Echo,Crossden burn @ Greenford Farm,56.55409349771759,-2.7087453156770502,08cf00000da426ac0000,267.0,0.0,3.49,99.0,0
2023-02-17 21:58:48.016725+00:00,70B3D54991EB3BA5,ECHO #2,Echo,Crossden burn @ Greenford Farm,56.55409349771759,-2.7087453156770502,08ce00000db026ac0000,268.0,0.0,3.5,99.0,0
2023-02-17 22:14:33.487337+00:00,70B3D54991EB3BA5,ECHO #2,Echo,Crossden burn @ Greenford Farm,56.55409349771759,-2.7087453156770502,08ce00000d9426ac0000,268.0,0.0,3.48,99.0,0
2023-02-17 22:30:19.895486+00:00,70B3D54991EB3BA5,ECHO #2,Echo,Crossden burn @ Greenford Farm,56.55409349771759,-2.7087453156770502,08cd00000dcc26ac0000,269.0,0.0,3.53,99.0,0
2023-02-17 22:46:06.875386+00:00,70B3D54991EB3BA5,ECHO #2,Echo,Crossden burn @ Greenford Farm,56.55409349771759,-2.7087453156770502,08c900000dcc26ac0000,273.0,0.0,3.53,99.0,0
2023-02-17 23:01:53.032161+00:00,70B3D54991EB3BA5,ECHO #2,Echo,Crossden burn @ Greenford Farm,56.55409349771759,-2.7087453156770502,08c800000dd426ac0000,274.0,0.0,3.54,99.0,0
2023-02-17 23:17:39.477498+00:00,70B3D54991EB3BA5,ECHO #2,Echo,Crossden burn @ Greenford Farm,56.55409349771759,-2.7087453156770502,08c900000dd426ac0000,273.0,0.0,3.54,99.0,0
2023-02-17 23:33:26.778982+00:00,70B3D54991EB3BA5,ECHO #2,Echo,Crossden burn @ Greenford Farm,56.55409349771759,-2.7087453156770502,08ca00000d7c26ac0000,272.0,0.0,3.45,99.0,0
2023-02-17 23:49:12.553311+00:00,70B3D54991EB3BA5,ECHO #2,Echo,Crossden burn @ Greenford Farm,56.55409349771759,-2.7087453156770502,08c800000d7826ac0000,274.0,0.0,3.45,99.0,0
2023-02-18 00:04:58.285907+00:00,70B3D54991EB3BA5,ECHO #2,Echo,Crossden burn @ Greenford Farm,56.55409349771759,-2.7087453156770502,08c500000d9026ac0000,277.0,0.0,3.47,99.0,0
2023-02-18 00:20:44.860501+00:00,70B3D54991EB3BA5,ECHO #2,Echo,Crossden burn @ Greenford Farm,56.55409349771759,-2.7087453156770502,08c600000d7826ac0000,276.0,0.0,3.45,99.0,0
2023-02-18 00:36:31.142134+00:00,70B3D54991EB3BA5,ECHO #2,Echo,Crossden burn @ Greenford Farm,56.55409349771759,-2.7087453156770502,08c700000d7826ac0000,275.0,0.0,3.45,99.0,0
2023-02-18 00:52:16.883470+00:00,70B3D54991EB3BA5,ECHO #2,Echo,Crossden burn @ Greenford Farm,56.55409349771759,-2.7087453156770502,08c600000d7426ac0000,276.0,0.0,3.44,99.0,0
2023-02-18 01:08:02.967118+00:00,70B3D54991EB3BA5,ECHO #2,Echo,Crossden burn @ Greenford Farm,56.55409349771759,-2.7087453156770502,08c400000d9826ac0000,278.0,0.0,3.48,99.0,0
2023-02-18 01:23:52.305298+00:00,70B3D54991EB3BA5,ECHO #2,Echo,Crossden burn @ Greenford Farm,56.55409349771759,-2.7087453156770502,08be00000d8c26ac0000,284.0,0.0,3.47,99.0,0
2023-02-18 01:39:38.402216+00:00,70B3D54991EB3BA5,ECHO #2,Echo,Crossden burn @ Greenford Farm,56.55409349771759,-2.7087453156770502,08be00000dc826ac0000,284.0,0.0,3.53,99.0,0
2023-02-18 01:55:24.763939+00:00,70B3D54991EB3BA5,ECHO #2,Echo,Crossden burn @ Greenford Farm,56.55409349771759,-2.7087453156770502,08bc00000dd826ac0000,286.0,0.0,3.54,99.0,0
2023-02-18 02:11:11.534414+00:00,70B3D54991EB3BA5,ECHO #2,Echo,Crossden burn @ Greenford Farm,56.55409349771759,-2.7087453156770502,08bc00000d6c26ac0000,286.0,0.0,3.44,99.0,0
2023-02-18 02:26:57.527230+00:00,70B3D54991EB3BA5,ECHO #2,Echo,Crossden burn @ Greenford Farm,56.55409349771759,-2.7087453156770502,08ba00000dd826ac0000,288.0,0.0,3.54,99.0,0
2023-02-18 02:42:43.879019+00:00,70B3D54991EB3BA5,ECHO #2,Echo,Crossden burn @ Greenford Farm,56.55409349771759,-2.7087453156770502,08b900000d7826ac0000,289.0,0.0,3.45,99.0,0
2023-02-18 02:58:30.488160+00:00,70B3D54991EB3BA5,ECHO #2,Echo,Crossden burn @ Greenford Farm,56.55409349771759,-2.7087453156770502,08b900000dd426ac0000,289.0,0.0,3.54,99.0,0
2023-02-18 03:14:19.111204+00:00,70B3D54991EB3BA5,ECHO #2,Echo,Crossden burn @ Greenford Farm,56.55409349771759,-2.7087453156770502,08b600000dd826ac0000,292.0,0.0,3.54,99.0,0
2023-02-18 03:30:05.648973+00:00,70B3D54991EB3BA5,ECHO #2,Echo,Crossden burn @ Greenford Farm,56.55409349771759,-2.7087453156770502,08b600000db426ac0000,292.0,0.0,3.51,99.0,0
2023-02-18 03:45:51.850219+00:00,70B3D54991EB3BA5,ECHO #2,Echo,Crossden burn @ Greenford Farm,56.55409349771759,-2.7087453156770502,08b600000d7c26ac0000,292.0,0.0,3.45,99.0,0
2023-02-18 04:01:37.313224+00:00,70B3D54991EB3BA5,ECHO #2,Echo,Crossden burn @ Greenford Farm,56.55409349771759,-2.7087453156770502,08b400000da026ac0000,294.0,0.0,3.49,99.0,0
2023-02-18 04:17:24.800267+00:00,70B3D54991EB3BA5,ECHO #2,Echo,Crossden burn @ Greenford Farm,56.55409349771759,-2.7087453156770502,08b600000d7c26ac0000,292.0,0.0,3.45,99.0,0
2023-02-18 04:33:13.185037+00:00,70B3D54991EB3BA5,ECHO #2,Echo,Crossden burn @ Greenford Farm,56.55409349771759,-2.7087453156770502,08b200000da026ac0000,296.0,0.0,3.49,99.0,0
2023-02-18 04:48:58.359033+00:00,70B3D54991EB3BA5,ECHO #2,Echo,Crossden burn @ Greenford Farm,56.55409349771759,-2.7087453156770502,08b000000d9c26ac0000,298.0,0.0,3.48,99.0,0
2023-02-18 05:04:47.060253+00:00,70B3D54991EB3BA5,ECHO #2,Echo,Crossden burn @ Greenford Farm,56.55409349771759,-2.7087453156770502,08ac00000dd826ac0000,302.0,0.0,3.54,99.0,0
2023-02-18 05:20:34.732331+00:00,70B3D54991EB3BA5,ECHO #2,Echo,Crossden burn @ Greenford Farm,56.55409349771759,-2.7087453156770502,08af00000dd826ac0000,299.0,0.0,3.54,99.0,0
2023-02-18 05:36:20.112951+00:00,70B3D54991EB3BA5,ECHO #2,Echo,Crossden burn @ Greenford Farm,56.55409349771759,-2.7087453156770502,08ad00000d6c26ac0000,301.0,0.0,3.44,99.0,0
2023-02-18 05:52:05.772895+00:00,70B3D54991EB3BA5,ECHO #2,Echo,Crossden burn @ Greenford Farm,56.55409349771759,-2.7087453156770502,08ab00000db426ac0000,303.0,0.0,3.51,99.0,0
2023-02-18 06:07:51.948206+00:00,70B3D54991EB3BA5,ECHO #2,Echo,Crossden burn @ Greenford Farm,56.55409349771759,-2.7087453156770502,08a800000d8026ac0000,306.0,0.0,3.46,99.0,0
2023-02-18 06:23:38.059042+00:00,70B3D54991EB3BA5,ECHO #2,Echo,Crossden burn @ Greenford Farm,56.55409349771759,-2.7087453156770502,08a700000d6c26ac0000,307.0,0.0,3.44,99.0,0
2023-02-18 06:39:24.099239+00:00,70B3D54991EB3BA5,ECHO #2,Echo,Crossden burn @ Greenford Farm,56.55409349771759,-2.7087453156770502,08a800000d6826ac0000,306.0,0.0,3.43,99.0,0
2023-02-18 07:10:57.102292+00:00,70B3D54991EB3BA5,ECHO #2,Echo,Crossden burn @ Greenford Farm,56.55409349771759,-2.7087453156770502,08a800000dd426ac0000,306.0,0.0,3.54,99.0,0
2023-02-18 07:26:43.987403+00:00,70B3D54991EB3BA5,ECHO #2,Echo,Crossden burn @ Greenford Farm,56.55409349771759,-2.7087453156770502,08a900000db426ac0000,305.0,0.0,3.51,99.0,0
2023-02-18 07:42:30.146481+00:00,70B3D54991EB3BA5,ECHO #2,Echo,Crossden burn @ Greenford Farm,56.55409349771759,-2.7087453156770502,08a800000d6c26ac0000,306.0,0.0,3.44,99.0,0
2023-02-18 07:58:16.857982+00:00,70B3D54991EB3BA5,ECHO #2,Echo,Crossden burn @ Greenford Farm,56.55409349771759,-2.7087453156770502,08a800000d7426ac0000,306.0,0.0,3.44,99.0,0
2023-02-18 08:14:03.426676+00:00,70B3D54991EB3BA5,ECHO #2,Echo,Crossden burn @ Greenford Farm,56.55409349771759,-2.7087453156770502,08ac00000dd826ac0000,302.0,0.0,3.54,99.0,0
2023-02-18 08:29:50.931410+00:00,70B3D54991EB3BA5,ECHO #2,Echo,Crossden burn @ Greenford Farm,56.55409349771759,-2.7087453156770502,08aa00000dc826ac0000,304.0,0.0,3.53,99.0,0
2023-02-18 08:45:40.101448+00:00,70B3D54991EB3BA5,ECHO #2,Echo,Crossden burn @ Greenford Farm,56.55409349771759,-2.7087453156770502,08ae00000d9026ac0000,300.0,0.0,3.47,99.0,0
2023-02-18 09:01:30.483358+00:00,70B3D54991EB3BA5,ECHO #2,Echo,Crossden burn @ Greenford Farm,56.55409349771759,-2.7087453156770502,08b000000d7826ac0000,298.0,0.0,3.45,99.0,0
2023-02-18 09:17:17.679797+00:00,70B3D54991EB3BA5,ECHO #2,Echo,Crossden burn @ Greenford Farm,56.55409349771759,-2.7087453156770502,08af00000de426ac0000,299.0,0.0,3.56,99.0,0
2023-02-18 09:33:02.986305+00:00,70B3D54991EB3BA5,ECHO #2,Echo,Crossden burn @ Greenford Farm,56.55409349771759,-2.7087453156770502,08ae00000df426ac0000,300.0,0.0,3.57,99.0,0
2023-02-18 09:48:48.620664+00:00,70B3D54991EB3BA5,ECHO #2,Echo,Crossden burn @ Greenford Farm,56.55409349771759,-2.7087453156770502,08ae00000dd826ac0000,300.0,0.0,3.54,99.0,0
2023-02-18 10:04:35.399356+00:00,70B3D54991EB3BA5,ECHO #2,Echo,Crossden burn @ Greenford Farm,56.55409349771759,-2.7087453156770502,08b000000df026ac0000,298.0,0.0,3.57,99.0,0
2023-02-18 10:20:24.254224+00:00,70B3D54991EB3BA5,ECHO #2,Echo,Crossden burn @ Greenford Farm,56.55409349771759,-2.7087453156770502,08b400000dd426ac0000,294.0,0.0,3.54,99.0,0
2023-02-18 10:36:07.045141+00:00,70B3D54991EB3BA5,ECHO #2,Echo,Crossden burn @ Greenford Farm,56.55409349771759,-2.7087453156770502,08b200000df426ac0000,296.0,0.0,3.57,99.0,0
2023-02-18 10:51:53.491102+00:00,70B3D54991EB3BA5,ECHO #2,Echo,Crossden burn @ Greenford Farm,56.55409349771759,-2.7087453156770502,08b000000db026ac0000,298.0,0.0,3.5,99.0,0
2023-02-18 11:07:40.921882+00:00,70B3D54991EB3BA5,ECHO #2,Echo,Crossden burn @ Greenford Farm,56.55409349771759,-2.7087453156770502,08b200000da826ac0000,296.0,0.0,3.5,99.0,0
2023-02-18 11:23:26.660023+00:00,70B3D54991EB3BA5,ECHO #2,Echo,Crossden burn @ Greenford Farm,56.55409349771759,-2.7087453156770502,08b300000d9426ac0000,295.0,0.0,3.48,99.0,0
2023-02-18 11:39:12.400349+00:00,70B3D54991EB3BA5,ECHO #2,Echo,Crossden burn @ Greenford Farm,56.55409349771759,-2.7087453156770502,08b100000dd826ac0000,297.0,0.0,3.54,99.0,0
