timestamp,device_eui,device_name,device_type,site_name,latitude,longitude,payload,soil_moisture,soil_temp,soil_conductivity,air_temp,air_humidity,battery_volt,status
2025-03-19 13:09:46.153120+00:00,70B3D57ED0045541,Hygro#55:41,Hygro,Mains of Carmyllie (LPID NO/54289/43391),56.580815,-2.747666,66e301ea001b04012334105c0017,32.61,4.9,27.0,10.25,90.12,4.19,23
2025-03-19 13:25:02.894800+00:00,70B3D57ED0045541,Hygro#55:41,Hygro,Mains of Carmyllie (LPID NO/54289/43391),56.580815,-2.747666,66ea01ea001b05092247105c0018,32.64,4.9,27.0,12.89,87.75,4.19,24
2025-03-19 13:40:19.655501+00:00,70B3D57ED0045541,Hygro#55:41,Hygro,Mains of Carmyllie (LPID NO/54289/43391),56.580815,-2.747666,66e601ea001a040b22ae105a0019,32.62,4.9,26.0,10.35,88.78,4.19,25
2025-03-19 13:55:36.379214+00:00,70B3D57ED0045541,Hygro#55:41,Hygro,Mains of Carmyllie (LPID NO/54289/43391),56.580815,-2.747666,66e201ea001b045e2237105c001a,32.61,4.9,27.0,11.18,87.59,4.19,26
2025-03-19 14:10:53.113145+00:00,70B3D57ED0045541,Hygro#55:41,Hygro,Mains of Carmyllie (LPID NO/54289/43391),56.580815,-2.747666,66df01ea001b04b021fa105c001b,32.59,4.9,27.0,12.0,86.98,4.19,27
2025-03-19 14:26:09.839557+00:00,70B3D57ED0045541,Hygro#55:41,Hygro,Mains of Carmyllie (LPID NO/54289/43391),56.580815,-2.747666,66e501ea001b04e81ff41058001c,32.62,4.9,27.0,12.56,81.8,4.18,28
2025-03-19 14:41:26.563339+00:00,70B3D57ED0045541,Hygro#55:41,Hygro,Mains of Carmyllie (LPID NO/54289/43391),56.580815,-2.747666,66e101ea001b051c1e811058001d,32.6,4.9,27.0,13.08,78.09,4.18,29
2025-03-19 14:56:43.292339+00:00,70B3D57ED0045541,Hygro#55:41,Hygro,Mains of Carmyllie (LPID NO/54289/43391),56.580815,-2.747666,66dd01ea001c04ee1d481058001e,32.59,4.9,28.0,12.62,74.96,4.18,30
2025-03-19 15:12:00.004615+00:00,70B3D57ED0045541,Hygro#55:41,Hygro,Mains of Carmyllie (LPID NO/54289/43391),56.580815,-2.747666,66e001ea001b045a1c8b105a001f,32.6,4.9,27.0,11.14,73.07,4.19,31
2025-03-20 07:15:23.587289+00:00,70B3D57ED0045541,Hygro#55:41,Hygro,Mains of Carmyllie (LPID NO/54289/43391),56.580815,-2.747666,66cb01fe001a009c243f105c0000,32.52,5.1,26.0,1.56,92.79,4.19,0
2025-03-20 07:30:40.367854+00:00,70B3D57ED0045541,Hygro#55:41,Hygro,Mains of Carmyllie (LPID NO/54289/43391),56.580815,-2.747666,66d401fe001a00d02437105f0001,32.55,5.1,26.0,2.08,92.71,4.19,1
2025-03-20 07:45:57.158295+00:00,70B3D57ED0045541,Hygro#55:41,Hygro,Mains of Carmyllie (LPID NO/54289/43391),56.580815,-2.747666,66d601fe001a014d2425105a0002,32.56,5.1,26.0,3.33,92.53,4.19,2
2025-03-20 08:01:13.987762+00:00,70B3D57ED0045541,Hygro#55:41,Hygro,Mains of Carmyllie (LPID NO/54289/43391),56.580815,-2.747666,66d901f4001b01bf2428105a0003,32.57,5.0,27.0,4.47,92.56,4.19,3
2025-03-20 08:16:30.696722+00:00,70B3D57ED0045541,Hygro#55:41,Hygro,Mains of Carmyllie (LPID NO/54289/43391),56.580815,-2.747666,66ce01f4001a0232245c105c0004,32.53,5.0,26.0,5.62,93.08,4.19,4
2025-03-20 08:31:47.458236+00:00,70B3D57ED0045541,Hygro#55:41,Hygro,Mains of Carmyllie (LPID NO/54289/43391),56.580815,-2.747666,66d201f4001a03002449105a0005,32.54,5.0,26.0,7.68,92.89,4.19,5
2025-03-20 08:47:04.223629+00:00,70B3D57ED0045541,Hygro#55:41,Hygro,Mains of Carmyllie (LPID NO/54289/43391),56.580815,-2.747666,66d501f4001a0320249d105f0006,32.55,5.0,26.0,8.0,93.73,4.19,6
2025-03-20 09:02:20.972809+00:00,70B3D57ED0045541,Hygro#55:41,Hygro,Mains of Carmyllie (LPID NO/54289/43391),56.580815,-2.747666,66d101f4001b039424ee105a0007,32.54,5.0,27.0,9.16,94.54,4.19,7
2025-03-20 09:17:37.700015+00:00,70B3D57ED0045541,Hygro#55:41,Hygro,Mains of Carmyllie (LPID NO/54289/43391),56.580815,-2.747666,66d401f4001a042624e8105a0008,32.55,5.0,26.0,10.62,94.48,4.19,8
2025-03-20 09:32:54.438297+00:00,70B3D57ED0045541,Hygro#55:41,Hygro,Mains of Carmyllie (LPID NO/54289/43391),56.580815,-2.747666,66d201f4001b04b02414105a0009,32.54,5.0,27.0,12.0,92.36,4.19,9
2025-03-20 09:48:11.164914+00:00,70B3D57ED0045541,Hygro#55:41,Hygro,Mains of Carmyllie (LPID NO/54289/43391),56.580815,-2.747666,66da01f4001a05262436105a000a,32.57,5.0,26.0,13.18,92.7,4.19,10
2025-03-20 10:03:27.904539+00:00,70B3D57ED0045541,Hygro#55:41,Hygro,Mains of Carmyllie (LPID NO/54289/43391),56.580815,-2.747666,66d001f4001b0575240a105a000b,32.54,5.0,27.0,13.97,92.26,4.19,11
2025-03-20 10:18:44.649943+00:00,70B3D57ED0045541,Hygro#55:41,Hygro,Mains of Carmyllie (LPID NO/54289/43391),56.580815,-2.747666,66cf01ea001a057e23b5105a000c,32.53,4.9,26.0,14.06,91.41,4.19,12
2025-03-20 10:34:01.378952+00:00,70B3D57ED0045541,Hygro#55:41,Hygro,Mains of Carmyllie (LPID NO/54289/43391),56.580815,-2.747666,66d301ea001a059b23a91058000d,32.55,4.9,26.0,14.35,91.29,4.18,13
2025-03-20 10:49:18.123542+00:00,70B3D57ED0045541,Hygro#55:41,Hygro,Mains of Carmyllie (LPID NO/54289/43391),56.580815,-2.747666,66cf01ea001b0575237e105c000e,32.53,4.9,27.0,13.97,90.86,4.19,14
2025-03-20 11:04:34.863310+00:00,70B3D57ED0045541,Hygro#55:41,Hygro,Mains of Carmyllie (LPID NO/54289/43391),56.580815,-2.747666,66d401ea001c05542394105a000f,32.55,4.9,28.0,13.64,91.08,4.19,15
2025-03-20 11:19:51.600823+00:00,70B3D57ED0045541,Hygro#55:41,Hygro,Mains of Carmyllie (LPID NO/54289/43391),56.580815,-2.747666,66d301ea001b05ff23ff105a0010,32.55,4.9,27.0,15.35,92.15,4.19,16
2025-03-20 11:35:08.342366+00:00,70B3D57ED0045541,Hygro#55:41,Hygro,Mains of Carmyllie (LPID NO/54289/43391),56.580815,-2.747666,66d101ea001b060123ca105a0011,32.54,4.9,27.0,15.37,91.62,4.19,17
2025-03-20 11:50:25.071213+00:00,70B3D57ED0045541,Hygro#55:41,Hygro,Mains of Carmyllie (LPID NO/54289/43391),56.580815,-2.747666,66cb01ea0019066723a2105c0012,32.52,4.9,25.0,16.39,91.22,4.19,18
2025-03-20 12:05:41.803841+00:00,70B3D57ED0045541,Hygro#55:41,Hygro,Mains of Carmyllie (LPID NO/54289/43391),56.580815,-2.747666,66cf01ea001b062d2333105c0013,32.53,4.9,27.0,15.81,90.11,4.19,19
2025-03-20 12:20:58.533994+00:00,70B3D57ED0045541,Hygro#55:41,Hygro,Mains of Carmyllie (LPID NO/54289/43391),56.580815,-2.747666,66ca01ea001a06462297105a0014,32.51,4.9,26.0,16.06,88.55,4.19,20
2025-03-20 12:36:15.261819+00:00,70B3D57ED0045541,Hygro#55:41,Hygro,Mains of Carmyllie (LPID NO/54289/43391),56.580815,-2.747666,66c801ea001a052d21c3105a0015,32.5,4.9,26.0,13.25,86.43,4.19,21
2025-03-20 12:51:31.994676+00:00,70B3D57ED0045541,Hygro#55:41,Hygro,Mains of Carmyllie (LPID NO/54289/43391),56.580815,-2.747666,66d001ea001b053921e0105f0016,32.54,4.9,27.0,13.37,86.72,4.19,22
2025-03-20 13:06:48.723072+00:00,70B3D57ED0045541,Hygro#55:41,Hygro,Mains of Carmyllie (LPID NO/54289/43391),56.580815,-2.747666,66cb01ea0019051a21d3105a0017,32.52,4.9,25.0,13.06,86.59,4.19,23
2025-03-20 13:22:05.465453+00:00,70B3D57ED0045541,Hygro#55:41,Hygro,Mains of Carmyllie (LPID NO/54289/43391),56.580815,-2.747666,66cf01ea0019051421af105a0018,32.53,4.9,25.0,13.0,86.23,4.19,24
2025-03-20 13:37:22.197423+00:00,70B3D57ED0045541,Hygro#55:41,Hygro,Mains of Carmyllie (LPID NO/54289/43391),56.580815,-2.747666,66cb01ea001a052d21e3105c0019,32.52,4.9,26.0,13.25,86.75,4.19,25
2025-03-20 13:52:38.926044+00:00,70B3D57ED0045541,Hygro#55:41,Hygro,Mains of Carmyllie (LPID NO/54289/43391),56.580815,-2.747666,66cb01ea001c050b2187105a001a,32.52,4.9,28.0,12.91,85.83,4.19,26
2025-03-20 14:07:55.662287+00:00,70B3D57ED0045541,Hygro#55:41,Hygro,Mains of Carmyllie (LPID NO/54289/43391),56.580815,-2.747666,66c801ea001904b0218a105a001b,32.5,4.9,25.0,12.0,85.86,4.19,27
2025-03-20 14:23:12.400822+00:00,70B3D57ED0045541,Hygro#55:41,Hygro,Mains of Carmyllie (LPID NO/54289/43391),56.580815,-2.747666,66c901ea001a04712146105a001c,32.51,4.9,26.0,11.37,85.18,4.19,28
2025-03-20 14:38:29.143359+00:00,70B3D57ED0045541,Hygro#55:41,Hygro,Mains of Carmyllie (LPID NO/54289/43391),56.580815,-2.747666,66c401f400190460210a105c001d,32.49,5.0,25.0,11.2,84.58,4.19,29
2025-03-20 14:53:45.877893+00:00,70B3D57ED0045541,Hygro#55:41,Hygro,Mains of Carmyllie (LPID NO/54289/43391),56.580815,-2.747666,66c201f4001a040d20c5105f001e,32.48,5.0,26.0,10.37,83.89,4.19,30
2025-03-20 15:09:02.619241+00:00,70B3D57ED0045541,Hygro#55:41,Hygro,Mains of Carmyllie (LPID NO/54289/43391),56.580815,-2.747666,66c301f4001a03ca20b6105c001f,32.48,5.0,26.0,9.7,83.74,4.19,31
2025-03-20 15:24:19.362461+00:00,70B3D57ED0045541,Hygro#55:41,Hygro,Mains of Carmyllie (LPID NO/54289/43391),56.580815,-2.747666,66ca01f4001b03b62093105c0020,32.51,5.0,27.0,9.5,83.39,4.19,32
2025-03-20 15:39:36.109934+00:00,70B3D57ED0045541,Hygro#55:41,Hygro,Mains of Carmyllie (LPID NO/54289/43391),56.580815,-2.747666,66be01f4001b036b214b105f0021,32.47,5.0,27.0,8.75,85.23,4.19,33
2025-03-21 09:22:23.618142+00:00,70B3D57ED0045541,Hygro#55:41,Hygro,Mains of Carmyllie (LPID NO/54289/43391),56.580815,-2.747666,66ac021c001a028e263410540000,32.4,5.4,26.0,6.54,97.8,4.18,0
2025-03-21 09:37:40.393437+00:00,70B3D57ED0045541,Hygro#55:41,Hygro,Mains of Carmyllie (LPID NO/54289/43391),56.580815,-2.747666,66ad021b001a02db265210560001,32.4,5.39,26.0,7.31,98.1,4.18,1
2025-03-21 09:55:15.149214+00:00,70B3D57ED0045541,Hygro#55:41,Hygro,Mains of Carmyllie (LPID NO/54289/43391),56.580815,-2.747666,657c0218001a02ce2620102e0000,31.22,5.36,26.0,7.18,97.6,4.14,0
2025-03-21 10:10:31.913948+00:00,70B3D57ED0045541,Hygro#55:41,Hygro,Mains of Carmyllie (LPID NO/54289/43391),56.580815,-2.747666,66b1021200190358263d105a0001,32.42,5.3,25.0,8.56,97.89,4.19,1
2025-03-21 10:25:48.679221+00:00,70B3D57ED0045541,Hygro#55:41,Hygro,Mains of Carmyllie (LPID NO/54289/43391),56.580815,-2.747666,66b102120019032c2634105a0002,32.42,5.3,25.0,8.12,97.8,4.19,2
2025-03-21 10:41:05.440204+00:00,70B3D57ED0045541,Hygro#55:41,Hygro,Mains of Carmyllie (LPID NO/54289/43391),56.580815,-2.747666,66ae021200190313262010580003,32.4,5.3,25.0,7.87,97.6,4.18,3
2025-03-21 10:56:22.213322+00:00,70B3D57ED0045541,Hygro#55:41,Hygro,Mains of Carmyllie (LPID NO/54289/43391),56.580815,-2.747666,66b30212001903262621105c0004,32.42,5.3,25.0,8.06,97.61,4.19,4
2025-03-21 11:11:38.992320+00:00,70B3D57ED0045541,Hygro#55:41,Hygro,Mains of Carmyllie (LPID NO/54289/43391),56.580815,-2.747666,66b20212001a0345260c105c0005,32.42,5.3,26.0,8.37,97.4,4.19,5
2025-03-21 11:26:55.733051+00:00,70B3D57ED0045541,Hygro#55:41,Hygro,Mains of Carmyllie (LPID NO/54289/43391),56.580815,-2.747666,66ad02120019036b25f2105a0006,32.4,5.3,25.0,8.75,97.14,4.19,6
2025-03-21 11:42:12.495607+00:00,70B3D57ED0045541,Hygro#55:41,Hygro,Mains of Carmyllie (LPID NO/54289/43391),56.580815,-2.747666,66b502120019033925cf105f0007,32.43,5.3,25.0,8.25,96.79,4.19,7
2025-03-21 11:57:29.262872+00:00,70B3D57ED0045541,Hygro#55:41,Hygro,Mains of Carmyllie (LPID NO/54289/43391),56.580815,-2.747666,652f0212001a031925c310300008,30.92,5.3,26.0,7.93,96.67,4.14,8
2025-03-21 12:12:46.037459+00:00,70B3D57ED0045541,Hygro#55:41,Hygro,Mains of Carmyllie (LPID NO/54289/43391),56.580815,-2.747666,66b602120019032025e3105c0009,32.43,5.3,25.0,8.0,96.99,4.19,9
2025-03-21 12:28:02.797903+00:00,70B3D57ED0045541,Hygro#55:41,Hygro,Mains of Carmyllie (LPID NO/54289/43391),56.580815,-2.747666,66b002120019032a25db105c000a,32.41,5.3,25.0,8.1,96.91,4.19,10
2025-03-21 12:43:19.569923+00:00,70B3D57ED0045541,Hygro#55:41,Hygro,Mains of Carmyllie (LPID NO/54289/43391),56.580815,-2.747666,66b00212001a039025c3105f000b,32.41,5.3,26.0,9.12,96.67,4.19,11
2025-03-21 12:58:36.337337+00:00,70B3D57ED0045541,Hygro#55:41,Hygro,Mains of Carmyllie (LPID NO/54289/43391),56.580815,-2.747666,66af021200190358259f1061000c,32.41,5.3,25.0,8.56,96.31,4.19,12
2025-03-21 13:13:53.101227+00:00,70B3D57ED0045541,Hygro#55:41,Hygro,Mains of Carmyllie (LPID NO/54289/43391),56.580815,-2.747666,66b60212001a03812598105f000d,32.43,5.3,26.0,8.97,96.24,4.19,13
2025-03-21 13:29:09.871091+00:00,70B3D57ED0045541,Hygro#55:41,Hygro,Mains of Carmyllie (LPID NO/54289/43391),56.580815,-2.747666,66b10212001a03cf256f105a000e,32.42,5.3,26.0,9.75,95.83,4.19,14
2025-03-21 13:44:26.611101+00:00,70B3D57ED0045541,Hygro#55:41,Hygro,Mains of Carmyllie (LPID NO/54289/43391),56.580815,-2.747666,66ae021c001a03c22529105f000f,32.4,5.4,26.0,9.62,95.13,4.19,15
2025-03-21 13:59:43.382739+00:00,70B3D57ED0045541,Hygro#55:41,Hygro,Mains of Carmyllie (LPID NO/54289/43391),56.580815,-2.747666,66af021c001a038a2556105f0010,32.41,5.4,26.0,9.06,95.58,4.19,16
2025-03-21 14:15:00.138586+00:00,70B3D57ED0045541,Hygro#55:41,Hygro,Mains of Carmyllie (LPID NO/54289/43391),56.580815,-2.747666,66b2021c0019038a2540105f0011,32.42,5.4,25.0,9.06,95.36,4.19,17
2025-03-22 13:24:04.885542+00:00,70B3D57ED0045541,Hygro#55:41,Hygro,Mains of Carmyllie (LPID NO/54289/43391),56.580815,-2.747666,66a7023a001a03c826b610540000,32.38,5.7,26.0,9.68,99.1,4.18,0
2025-03-22 13:39:21.641741+00:00,70B3D57ED0045541,Hygro#55:41,Hygro,Mains of Carmyllie (LPID NO/54289/43391),56.580815,-2.747666,66a8023a001903fa26bc10330001,32.38,5.7,25.0,10.18,99.16,4.15,1
2025-03-22 13:54:38.401512+00:00,70B3D57ED0045541,Hygro#55:41,Hygro,Mains of Carmyllie (LPID NO/54289/43391),56.580815,-2.747666,66ad023a001903ee26ca103b0002,32.4,5.7,25.0,10.06,99.3,4.16,2
2025-03-22 14:09:55.157247+00:00,70B3D57ED0045541,Hygro#55:41,Hygro,Mains of Carmyllie (LPID NO/54289/43391),56.580815,-2.747666,6561024400190439267e101a0003,31.11,5.8,25.0,10.81,98.54,4.12,3
2025-03-23 11:40:19.976122+00:00,70B3D57ED0045541,Hygro#55:41,Hygro,Mains of Carmyllie (LPID NO/54289/43391),56.580815,-2.747666,688e0262001c02ce26f210560000,34.27,6.1,28.0,7.18,99.7,4.18,0
2025-03-23 11:55:36.767884+00:00,70B3D57ED0045541,Hygro#55:41,Hygro,Mains of Carmyllie (LPID NO/54289/43391),56.580815,-2.747666,67540262001d02db270810230001,33.05,6.1,29.0,7.31,99.92,4.13,1
2025-03-24 07:12:36.478277+00:00,70B3D57ED0045541,Hygro#55:41,Hygro,Mains of Carmyllie (LPID NO/54289/43391),56.580815,-2.747666,684d026c001d01e125c5102e0000,34.01,6.2,29.0,4.81,96.69,4.14,0
2025-03-24 07:27:53.254741+00:00,70B3D57ED0045541,Hygro#55:41,Hygro,Mains of Carmyllie (LPID NO/54289/43391),56.580815,-2.747666,6850026c001d01f4262810350001,34.02,6.2,29.0,5.0,97.68,4.15,1
2025-03-24 07:43:10.034967+00:00,70B3D57ED0045541,Hygro#55:41,Hygro,Mains of Carmyllie (LPID NO/54289/43391),56.580815,-2.747666,684f026c001d0217264710440002,34.02,6.2,29.0,5.35,97.99,4.16,2
2025-03-24 07:58:26.801468+00:00,70B3D57ED0045541,Hygro#55:41,Hygro,Mains of Carmyllie (LPID NO/54289/43391),56.580815,-2.747666,6850026c001d0249267c10540003,34.02,6.2,29.0,5.85,98.52,4.18,3
2025-03-24 08:13:43.566256+00:00,70B3D57ED0045541,Hygro#55:41,Hygro,Mains of Carmyllie (LPID NO/54289/43391),56.580815,-2.747666,684e026c001c028a2633104f0004,34.02,6.2,28.0,6.5,97.79,4.17,4
2025-03-24 08:29:00.325798+00:00,70B3D57ED0045541,Hygro#55:41,Hygro,Mains of Carmyllie (LPID NO/54289/43391),56.580815,-2.747666,684d026c001d02c6262c104f0005,34.01,6.2,29.0,7.1,97.72,4.17,5
2025-03-24 08:44:17.086515+00:00,70B3D57ED0045541,Hygro#55:41,Hygro,Mains of Carmyllie (LPID NO/54289/43391),56.580815,-2.747666,684f026c001c0339264610560006,34.02,6.2,28.0,8.25,97.98,4.18,6
2025-03-24 08:59:33.834955+00:00,70B3D57ED0045541,Hygro#55:41,Hygro,Mains of Carmyllie (LPID NO/54289/43391),56.580815,-2.747666,684f026c001e035e2648104f0007,34.02,6.2,30.0,8.62,98.0,4.17,7
2025-03-24 09:14:50.597431+00:00,70B3D57ED0045541,Hygro#55:41,Hygro,Mains of Carmyllie (LPID NO/54289/43391),56.580815,-2.747666,684e026c001d03a9266a10510008,34.02,6.2,29.0,9.37,98.34,4.18,8
2025-03-24 09:30:07.350055+00:00,70B3D57ED0045541,Hygro#55:41,Hygro,Mains of Carmyllie (LPID NO/54289/43391),56.580815,-2.747666,6847026c001c03db264a10540009,33.99,6.2,28.0,9.87,98.02,4.18,9
2025-03-24 09:45:24.102351+00:00,70B3D57ED0045541,Hygro#55:41,Hygro,Mains of Carmyllie (LPID NO/54289/43391),56.580815,-2.747666,684b026c001c036425fc1056000a,34.01,6.2,28.0,8.68,97.24,4.18,10
2025-03-24 10:00:40.860066+00:00,70B3D57ED0045541,Hygro#55:41,Hygro,Mains of Carmyllie (LPID NO/54289/43391),56.580815,-2.747666,684a026c001d03cf26341054000b,34.0,6.2,29.0,9.75,97.8,4.18,11
2025-03-24 10:15:57.608322+00:00,70B3D57ED0045541,Hygro#55:41,Hygro,Mains of Carmyllie (LPID NO/54289/43391),56.580815,-2.747666,6849026c001d0445265d1056000c,34.0,6.2,29.0,10.93,98.21,4.18,12
2025-03-24 10:31:14.351777+00:00,70B3D57ED0045541,Hygro#55:41,Hygro,Mains of Carmyllie (LPID NO/54289/43391),56.580815,-2.747666,6844026c001d0501262c1054000d,33.98,6.2,29.0,12.81,97.72,4.18,13
2025-03-24 10:46:31.102930+00:00,70B3D57ED0045541,Hygro#55:41,Hygro,Mains of Carmyllie (LPID NO/54289/43391),56.580815,-2.747666,6843026c001c052226191051000e,33.97,6.2,28.0,13.14,97.53,4.18,14
2025-03-24 11:01:47.854620+00:00,70B3D57ED0045541,Hygro#55:41,Hygro,Mains of Carmyllie (LPID NO/54289/43391),56.580815,-2.747666,6845026c001c058226051054000f,33.98,6.2,28.0,14.1,97.33,4.18,15
2025-03-24 11:17:04.579046+00:00,70B3D57ED0045541,Hygro#55:41,Hygro,Mains of Carmyllie (LPID NO/54289/43391),56.580815,-2.747666,6843026c001d05a325d510540010,33.97,6.2,29.0,14.43,96.85,4.18,16
2025-03-24 11:32:21.330383+00:00,70B3D57ED0045541,Hygro#55:41,Hygro,Mains of Carmyllie (LPID NO/54289/43391),56.580815,-2.747666,683d026c001d04f0257010540011,33.95,6.2,29.0,12.64,95.84,4.18,17
2025-03-24 11:47:38.072639+00:00,70B3D57ED0045541,Hygro#55:41,Hygro,Mains of Carmyllie (LPID NO/54289/43391),56.580815,-2.747666,683e026c001c04dd253c10540012,33.95,6.2,28.0,12.45,95.32,4.18,18
2025-03-24 12:02:54.817863+00:00,70B3D57ED0045541,Hygro#55:41,Hygro,Mains of Carmyllie (LPID NO/54289/43391),56.580815,-2.747666,683f026c001c04d5250010560013,33.96,6.2,28.0,12.37,94.72,4.18,19
2025-03-24 12:18:11.551132+00:00,70B3D57ED0045541,Hygro#55:41,Hygro,Mains of Carmyllie (LPID NO/54289/43391),56.580815,-2.747666,683a026c001d04f024bf10560014,33.94,6.2,29.0,12.64,94.07,4.18,20
2025-03-24 12:33:28.309895+00:00,70B3D57ED0045541,Hygro#55:41,Hygro,Mains of Carmyllie (LPID NO/54289/43391),56.580815,-2.747666,683a026c001c04b6246910560015,33.94,6.2,28.0,12.06,93.21,4.18,21
2025-03-24 12:48:45.049508+00:00,70B3D57ED0045541,Hygro#55:41,Hygro,Mains of Carmyllie (LPID NO/54289/43391),56.580815,-2.747666,683a026c001c04cf245810580016,33.94,6.2,28.0,12.31,93.04,4.18,22
2025-03-24 13:04:01.787234+00:00,70B3D57ED0045541,Hygro#55:41,Hygro,Mains of Carmyllie (LPID NO/54289/43391),56.580815,-2.747666,6836026c001d055a23ef10580017,33.92,6.2,29.0,13.7,91.99,4.18,23
2025-03-24 13:19:18.518700+00:00,70B3D57ED0045541,Hygro#55:41,Hygro,Mains of Carmyllie (LPID NO/54289/43391),56.580815,-2.747666,6834026c001d0584235910560018,33.92,6.2,29.0,14.12,90.49,4.18,24
2025-03-24 13:34:35.254326+00:00,70B3D57ED0045541,Hygro#55:41,Hygro,Mains of Carmyllie (LPID NO/54289/43391),56.580815,-2.747666,6830026c001d0588234a10580019,33.9,6.2,29.0,14.16,90.34,4.18,25
2025-03-24 13:49:51.981377+00:00,70B3D57ED0045541,Hygro#55:41,Hygro,Mains of Carmyllie (LPID NO/54289/43391),56.580815,-2.747666,682e026c001e05d523131056001a,33.89,6.2,30.0,14.93,89.79,4.18,26
2025-03-24 14:05:08.713390+00:00,70B3D57ED0045541,Hygro#55:41,Hygro,Mains of Carmyllie (LPID NO/54289/43391),56.580815,-2.747666,6832026c001c055f2361105a001b,33.91,6.2,28.0,13.75,90.57,4.19,27
2025-03-24 14:20:25.452401+00:00,70B3D57ED0045541,Hygro#55:41,Hygro,Mains of Carmyllie (LPID NO/54289/43391),56.580815,-2.747666,682f0276001c059923481058001c,33.9,6.3,28.0,14.33,90.32,4.18,28
2025-03-24 14:35:42.176194+00:00,70B3D57ED0045541,Hygro#55:41,Hygro,Mains of Carmyllie (LPID NO/54289/43391),56.580815,-2.747666,682c0276001b0591230e105a001d,33.89,6.3,27.0,14.25,89.74,4.19,29
2025-03-24 14:50:58.909859+00:00,70B3D57ED0045541,Hygro#55:41,Hygro,Mains of Carmyllie (LPID NO/54289/43391),56.580815,-2.747666,68280276001c0520234f105c001e,33.87,6.3,28.0,13.12,90.39,4.19,30
2025-03-24 15:06:15.651335+00:00,70B3D57ED0045541,Hygro#55:41,Hygro,Mains of Carmyllie (LPID NO/54289/43391),56.580815,-2.747666,68270276001d04fb233f105c001f,33.87,6.3,29.0,12.75,90.23,4.19,31
2025-03-24 15:21:32.399266+00:00,70B3D57ED0045541,Hygro#55:41,Hygro,Mains of Carmyllie (LPID NO/54289/43391),56.580815,-2.747666,68280276001d04c9237410610020,33.87,6.3,29.0,12.25,90.76,4.19,32
2025-03-24 15:36:49.150358+00:00,70B3D57ED0045541,Hygro#55:41,Hygro,Mains of Carmyllie (LPID NO/54289/43391),56.580815,-2.747666,66a40276001d04a123f1103b0021,32.36,6.3,29.0,11.85,92.01,4.16,33
2025-03-25 07:00:57.477450+00:00,70B3D57ED0045541,Hygro#55:41,Hygro,Mains of Carmyllie (LPID NO/54289/43391),56.580815,-2.747666,67f802a8001c034f2627103e0000,33.68,6.8,28.0,8.47,97.67,4.16,0
2025-03-25 07:33:35.141630+00:00,70B3D57ED0045541,Hygro#55:41,Hygro,Mains of Carmyllie (LPID NO/54289/43391),56.580815,-2.747666,66a502a8001c035e262f102e0001,32.37,6.8,28.0,8.62,97.75,4.14,1
2025-03-25 07:48:51.894863+00:00,70B3D57ED0045541,Hygro#55:41,Hygro,Mains of Carmyllie (LPID NO/54289/43391),56.580815,-2.747666,67f802a8001c0345269610580002,33.68,6.8,28.0,8.37,98.78,4.18,2
2025-03-25 08:04:08.649676+00:00,70B3D57ED0045541,Hygro#55:41,Hygro,Mains of Carmyllie (LPID NO/54289/43391),56.580815,-2.747666,67fc02a8001b03df269710560003,33.7,6.8,27.0,9.91,98.79,4.18,3
2025-03-25 08:19:25.408030+00:00,70B3D57ED0045541,Hygro#55:41,Hygro,Mains of Carmyllie (LPID NO/54289/43391),56.580815,-2.747666,67f702a8001b03ee265d10560004,33.68,6.8,27.0,10.06,98.21,4.18,4
2025-03-25 08:34:42.160284+00:00,70B3D57ED0045541,Hygro#55:41,Hygro,Mains of Carmyllie (LPID NO/54289/43391),56.580815,-2.747666,67f602a8001b03ee2644105a0005,33.68,6.8,27.0,10.06,97.96,4.19,5
2025-03-25 08:49:58.909809+00:00,70B3D57ED0045541,Hygro#55:41,Hygro,Mains of Carmyllie (LPID NO/54289/43391),56.580815,-2.747666,67f502a8001c041a2650105a0006,33.67,6.8,28.0,10.5,98.08,4.19,6
2025-03-25 09:05:15.663851+00:00,70B3D57ED0045541,Hygro#55:41,Hygro,Mains of Carmyllie (LPID NO/54289/43391),56.580815,-2.747666,67f502a8001d044c264710560007,33.67,6.8,29.0,11.0,97.99,4.18,7
2025-03-25 09:20:32.404014+00:00,70B3D57ED0045541,Hygro#55:41,Hygro,Mains of Carmyllie (LPID NO/54289/43391),56.580815,-2.747666,67f602a8001c0477264f105a0008,33.68,6.8,28.0,11.43,98.07,4.19,8
2025-03-25 09:35:49.150374+00:00,70B3D57ED0045541,Hygro#55:41,Hygro,Mains of Carmyllie (LPID NO/54289/43391),56.580815,-2.747666,67f602a8001c04a32671105c0009,33.68,6.8,28.0,11.87,98.41,4.19,9
2025-03-25 09:51:05.898415+00:00,70B3D57ED0045541,Hygro#55:41,Hygro,Mains of Carmyllie (LPID NO/54289/43391),56.580815,-2.747666,67f602a8001c051826cb105a000a,33.68,6.8,28.0,13.04,99.31,4.19,10
2025-03-25 10:06:22.638391+00:00,70B3D57ED0045541,Hygro#55:41,Hygro,Mains of Carmyllie (LPID NO/54289/43391),56.580815,-2.747666,67f202a8001c054c269d105a000b,33.66,6.8,28.0,13.56,98.85,4.19,11
2025-03-25 10:21:39.367843+00:00,70B3D57ED0045541,Hygro#55:41,Hygro,Mains of Carmyllie (LPID NO/54289/43391),56.580815,-2.747666,67f002a8001c05d72659105c000c,33.65,6.8,28.0,14.95,98.17,4.19,12
2025-03-25 10:36:56.110781+00:00,70B3D57ED0045541,Hygro#55:41,Hygro,Mains of Carmyllie (LPID NO/54289/43391),56.580815,-2.747666,67ef02a8001c05d5262a105a000d,33.65,6.8,28.0,14.93,97.7,4.19,13
2025-03-25 10:52:12.836439+00:00,70B3D57ED0045541,Hygro#55:41,Hygro,Mains of Carmyllie (LPID NO/54289/43391),56.580815,-2.747666,67f002a8001b05e225f1105a000e,33.65,6.8,27.0,15.06,97.13,4.19,14
2025-03-25 11:07:29.588360+00:00,70B3D57ED0045541,Hygro#55:41,Hygro,Mains of Carmyllie (LPID NO/54289/43391),56.580815,-2.747666,67ed02a8001b05b6256f105a000f,33.64,6.8,27.0,14.62,95.83,4.19,15
2025-03-25 11:22:46.308894+00:00,70B3D57ED0045541,Hygro#55:41,Hygro,Mains of Carmyllie (LPID NO/54289/43391),56.580815,-2.747666,67ed02a8001b0656254810580010,33.64,6.8,27.0,16.22,95.44,4.18,16
2025-03-25 11:38:03.042237+00:00,70B3D57ED0045541,Hygro#55:41,Hygro,Mains of Carmyllie (LPID NO/54289/43391),56.580815,-2.747666,67e602a8001d062724f310580011,33.61,6.8,29.0,15.75,94.59,4.18,17
2025-03-25 11:53:19.762211+00:00,70B3D57ED0045541,Hygro#55:41,Hygro,Mains of Carmyllie (LPID NO/54289/43391),56.580815,-2.747666,67e302a8001c06ae245c10580012,33.6,6.8,28.0,17.1,93.08,4.18,18
2025-03-25 12:08:36.492907+00:00,70B3D57ED0045541,Hygro#55:41,Hygro,Mains of Carmyllie (LPID NO/54289/43391),56.580815,-2.747666,67e402a8001b06e223a310580013,33.61,6.8,27.0,17.62,91.23,4.18,19
2025-03-25 12:23:53.210117+00:00,70B3D57ED0045541,Hygro#55:41,Hygro,Mains of Carmyllie (LPID NO/54289/43391),56.580815,-2.747666,67e402a8001c073a231a10580014,33.61,6.8,28.0,18.5,89.86,4.18,20
2025-03-25 12:39:09.939174+00:00,70B3D57ED0045541,Hygro#55:41,Hygro,Mains of Carmyllie (LPID NO/54289/43391),56.580815,-2.747666,67de02a8001c070a228410580015,33.58,6.8,28.0,18.02,88.36,4.18,21
2025-03-25 12:54:26.664358+00:00,70B3D57ED0045541,Hygro#55:41,Hygro,Mains of Carmyllie (LPID NO/54289/43391),56.580815,-2.747666,67dc02a8001c067821f1105c0016,33.57,6.8,28.0,16.56,86.89,4.19,22
2025-03-25 13:09:43.376029+00:00,70B3D57ED0045541,Hygro#55:41,Hygro,Mains of Carmyllie (LPID NO/54289/43391),56.580815,-2.747666,67db02a8001d06ef21b110580017,33.57,6.8,29.0,17.75,86.25,4.18,23
2025-03-25 13:25:00.173363+00:00,70B3D57ED0045541,Hygro#55:41,Hygro,Mains of Carmyllie (LPID NO/54289/43391),56.580815,-2.747666,67db02a8001c0640217d10580018,33.57,6.8,28.0,16.0,85.73,4.18,24
2025-03-25 13:40:16.831104+00:00,70B3D57ED0045541,Hygro#55:41,Hygro,Mains of Carmyllie (LPID NO/54289/43391),56.580815,-2.747666,67d702a8001b068f216710580019,33.56,6.8,27.0,16.79,85.51,4.18,25
2025-03-25 13:55:33.551937+00:00,70B3D57ED0045541,Hygro#55:41,Hygro,Mains of Carmyllie (LPID NO/54289/43391),56.580815,-2.747666,67d502b2001e068b21451058001a,33.55,6.9,30.0,16.75,85.17,4.18,26
2025-03-25 14:10:50.278915+00:00,70B3D57ED0045541,Hygro#55:41,Hygro,Mains of Carmyllie (LPID NO/54289/43391),56.580815,-2.747666,67d502b2001c069121411058001b,33.55,6.9,28.0,16.81,85.13,4.18,27
2025-03-25 14:26:07.001225+00:00,70B3D57ED0045541,Hygro#55:41,Hygro,Mains of Carmyllie (LPID NO/54289/43391),56.580815,-2.747666,67d502b2001b06d120ab1056001c,33.55,6.9,27.0,17.45,83.63,4.18,28
2025-03-25 14:41:23.728562+00:00,70B3D57ED0045541,Hygro#55:41,Hygro,Mains of Carmyllie (LPID NO/54289/43391),56.580815,-2.747666,67ce02b2001d0672201f1058001d,33.52,6.9,29.0,16.5,82.23,4.18,29
2025-03-25 14:56:40.447071+00:00,70B3D57ED0045541,Hygro#55:41,Hygro,Mains of Carmyllie (LPID NO/54289/43391),56.580815,-2.747666,67cf02b2001b064c1fc01056001e,33.52,6.9,27.0,16.12,81.28,4.18,30
2025-03-25 15:11:57.170446+00:00,70B3D57ED0045541,Hygro#55:41,Hygro,Mains of Carmyllie (LPID NO/54289/43391),56.580815,-2.747666,67cf02b2001c06481f1c1056001f,33.52,6.9,28.0,16.08,79.64,4.18,31
2025-03-26 07:30:33.579742+00:00,70B3D57ED0045541,Hygro#55:41,Hygro,Mains of Carmyllie (LPID NO/54289/43391),56.580815,-2.747666,67a902da001b02002561105a0000,33.38,7.3,27.0,5.12,95.69,4.19,0
2025-03-26 07:45:50.353830+00:00,70B3D57ED0045541,Hygro#55:41,Hygro,Mains of Carmyllie (LPID NO/54289/43391),56.580815,-2.747666,67a902da001c026a2590105a0001,33.38,7.3,28.0,6.18,96.16,4.19,1
2025-03-26 08:01:07.120580+00:00,70B3D57ED0045541,Hygro#55:41,Hygro,Mains of Carmyllie (LPID NO/54289/43391),56.580815,-2.747666,67a702d0001b027d25a0105f0002,33.37,7.2,27.0,6.37,96.32,4.19,2
2025-03-26 08:16:23.898833+00:00,70B3D57ED0045541,Hygro#55:41,Hygro,Mains of Carmyllie (LPID NO/54289/43391),56.580815,-2.747666,67a802d0001b032c25ba105a0003,33.37,7.2,27.0,8.12,96.58,4.19,3
2025-03-26 08:31:40.671839+00:00,70B3D57ED0045541,Hygro#55:41,Hygro,Mains of Carmyllie (LPID NO/54289/43391),56.580815,-2.747666,67ad02d0001c02ca258a105a0004,33.39,7.2,28.0,7.14,96.1,4.19,4
2025-03-26 08:46:57.454515+00:00,70B3D57ED0045541,Hygro#55:41,Hygro,Mains of Carmyllie (LPID NO/54289/43391),56.580815,-2.747666,67a402d0001b030925b9105c0005,33.36,7.2,27.0,7.77,96.57,4.19,5
2025-03-26 09:02:14.221634+00:00,70B3D57ED0045541,Hygro#55:41,Hygro,Mains of Carmyllie (LPID NO/54289/43391),56.580815,-2.747666,67a602d0001b033225fc105f0006,33.37,7.2,27.0,8.18,97.24,4.19,6
2025-03-26 09:17:30.975428+00:00,70B3D57ED0045541,Hygro#55:41,Hygro,Mains of Carmyllie (LPID NO/54289/43391),56.580815,-2.747666,67a802d0001b0377263c105f0007,33.37,7.2,27.0,8.87,97.88,4.19,7
2025-03-26 09:32:47.730282+00:00,70B3D57ED0045541,Hygro#55:41,Hygro,Mains of Carmyllie (LPID NO/54289/43391),56.580815,-2.747666,67aa02d0001b03bc2674105c0008,33.38,7.2,27.0,9.56,98.44,4.19,8
2025-03-26 09:48:04.496782+00:00,70B3D57ED0045541,Hygro#55:41,Hygro,Mains of Carmyllie (LPID NO/54289/43391),56.580815,-2.747666,67a802d0001b036825f2105a0009,33.37,7.2,27.0,8.72,97.14,4.19,9
2025-03-26 10:03:21.264654+00:00,70B3D57ED0045541,Hygro#55:41,Hygro,Mains of Carmyllie (LPID NO/54289/43391),56.580815,-2.747666,67a502d0001b03bc26161058000a,33.36,7.2,27.0,9.56,97.5,4.18,10
2025-03-26 10:18:38.025876+00:00,70B3D57ED0045541,Hygro#55:41,Hygro,Mains of Carmyllie (LPID NO/54289/43391),56.580815,-2.747666,67a602c6001c038125ec105f000b,33.37,7.1,28.0,8.97,97.08,4.19,11
2025-03-26 10:33:54.790336+00:00,70B3D57ED0045541,Hygro#55:41,Hygro,Mains of Carmyllie (LPID NO/54289/43391),56.580815,-2.747666,67a602c6001b03792606105f000c,33.37,7.1,27.0,8.89,97.34,4.19,12
2025-03-26 10:49:11.544133+00:00,70B3D57ED0045541,Hygro#55:41,Hygro,Mains of Carmyllie (LPID NO/54289/43391),56.580815,-2.747666,67a302c6001b04e626ab105a000d,33.35,7.1,27.0,12.54,98.99,4.19,13
2025-03-26 11:04:28.296811+00:00,70B3D57ED0045541,Hygro#55:41,Hygro,Mains of Carmyllie (LPID NO/54289/43391),56.580815,-2.747666,67a602c6001a04cf2626105a000e,33.37,7.1,26.0,12.31,97.66,4.19,14
2025-03-26 11:19:45.041021+00:00,70B3D57ED0045541,Hygro#55:41,Hygro,Mains of Carmyllie (LPID NO/54289/43391),56.580815,-2.747666,67a902c6001b04fb25fa105c000f,33.38,7.1,27.0,12.75,97.22,4.19,15
2025-03-26 11:35:01.806139+00:00,70B3D57ED0045541,Hygro#55:41,Hygro,Mains of Carmyllie (LPID NO/54289/43391),56.580815,-2.747666,67a502c6001b04e825a7105a0010,33.36,7.1,27.0,12.56,96.39,4.19,16
2025-03-26 11:50:18.535569+00:00,70B3D57ED0045541,Hygro#55:41,Hygro,Mains of Carmyllie (LPID NO/54289/43391),56.580815,-2.747666,67a002c6001b04db2553105c0011,33.34,7.1,27.0,12.43,95.55,4.19,17
2025-03-26 12:05:35.282884+00:00,70B3D57ED0045541,Hygro#55:41,Hygro,Mains of Carmyllie (LPID NO/54289/43391),56.580815,-2.747666,679e02c6001b04e224ec105a0012,33.33,7.1,27.0,12.5,94.52,4.19,18
2025-03-26 12:20:52.018674+00:00,70B3D57ED0045541,Hygro#55:41,Hygro,Mains of Carmyllie (LPID NO/54289/43391),56.580815,-2.747666,679e02c6001b04ee248c105c0013,33.33,7.1,27.0,12.62,93.56,4.19,19
2025-03-26 12:36:08.756428+00:00,70B3D57ED0045541,Hygro#55:41,Hygro,Mains of Carmyllie (LPID NO/54289/43391),56.580815,-2.747666,67a002c6001b054a2412105a0014,33.34,7.1,27.0,13.54,92.34,4.19,20
2025-03-26 12:51:25.502015+00:00,70B3D57ED0045541,Hygro#55:41,Hygro,Mains of Carmyllie (LPID NO/54289/43391),56.580815,-2.747666,679f02c6001b053f23ca105a0015,33.34,7.1,27.0,13.43,91.62,4.19,21
2025-03-26 13:06:42.238293+00:00,70B3D57ED0045541,Hygro#55:41,Hygro,Mains of Carmyllie (LPID NO/54289/43391),56.580815,-2.747666,679b02c6001b054c2388105a0016,33.32,7.1,27.0,13.56,90.96,4.19,22
2025-03-26 13:21:58.975202+00:00,70B3D57ED0045541,Hygro#55:41,Hygro,Mains of Carmyllie (LPID NO/54289/43391),56.580815,-2.747666,679402c6001b05072383105c0017,33.3,7.1,27.0,12.87,90.91,4.19,23
2025-03-26 13:37:15.717184+00:00,70B3D57ED0045541,Hygro#55:41,Hygro,Mains of Carmyllie (LPID NO/54289/43391),56.580815,-2.747666,679b02c6001a04ec2375105c0018,33.32,7.1,26.0,12.6,90.77,4.19,24
2025-03-26 13:52:32.459750+00:00,70B3D57ED0045541,Hygro#55:41,Hygro,Mains of Carmyllie (LPID NO/54289/43391),56.580815,-2.747666,679b02c6001b050d2373105c0019,33.32,7.1,27.0,12.93,90.75,4.19,25
2025-03-26 14:23:05.958515+00:00,70B3D57ED0045541,Hygro#55:41,Hygro,Mains of Carmyllie (LPID NO/54289/43391),56.580815,-2.747666,679902c6001c04a923f8105a001b,33.31,7.1,28.0,11.93,92.08,4.19,27
2025-03-26 14:38:22.700702+00:00,70B3D57ED0045541,Hygro#55:41,Hygro,Mains of Carmyllie (LPID NO/54289/43391),56.580815,-2.747666,679302c6001c050123ce105c001c,33.29,7.1,28.0,12.81,91.66,4.19,28
2025-03-26 15:08:56.192549+00:00,70B3D57ED0045541,Hygro#55:41,Hygro,Mains of Carmyllie (LPID NO/54289/43391),56.580815,-2.747666,679202c6001b04a3237e105a001e,33.29,7.1,27.0,11.87,90.86,4.19,30
2025-03-26 15:24:12.948078+00:00,70B3D57ED0045541,Hygro#55:41,Hygro,Mains of Carmyllie (LPID NO/54289/43391),56.580815,-2.747666,678e02c6001a048a235b105a001f,33.27,7.1,26.0,11.62,90.51,4.19,31
2025-03-26 15:39:29.698609+00:00,70B3D57ED0045541,Hygro#55:41,Hygro,Mains of Carmyllie (LPID NO/54289/43391),56.580815,-2.747666,678d02c6001b044923ae105a0020,33.27,7.1,27.0,10.97,91.34,4.19,32
2025-03-26 15:54:46.463487+00:00,70B3D57ED0045541,Hygro#55:41,Hygro,Mains of Carmyllie (LPID NO/54289/43391),56.580815,-2.747666,661b02c6001b041123e810330021,31.83,7.1,27.0,10.41,91.92,4.15,33
2025-03-26 16:10:03.215775+00:00,70B3D57ED0045541,Hygro#55:41,Hygro,Mains of Carmyllie (LPID NO/54289/43391),56.580815,-2.747666,662202d0001b040723f010370022,31.86,7.2,27.0,10.31,92.0,4.15,34
2025-03-27 09:41:03.884288+00:00,70B3D57ED0045541,Hygro#55:41,Hygro,Mains of Carmyllie (LPID NO/54289/43391),56.580815,-2.747666,677302d0001a042c269310580000,33.17,7.2,26.0,10.68,98.75,4.18,0
2025-03-27 09:56:20.648027+00:00,70B3D57ED0045541,Hygro#55:41,Hygro,Mains of Carmyllie (LPID NO/54289/43391),56.580815,-2.747666,676f02d0001a049726b810510001,33.15,7.2,26.0,11.75,99.12,4.18,1
2025-03-27 10:11:37.403390+00:00,70B3D57ED0045541,Hygro#55:41,Hygro,Mains of Carmyllie (LPID NO/54289/43391),56.580815,-2.747666,677902d0001b04ec268210560002,33.19,7.2,27.0,12.6,98.58,4.18,2
2025-03-27 10:28:55.738665+00:00,70B3D57ED0045541,Hygro#55:41,Hygro,Mains of Carmyllie (LPID NO/54289/43391),56.580815,-2.747666,660f02d0001b04db266b10210000,31.79,7.2,27.0,12.43,98.35,4.13,0
2025-03-27 10:44:12.494406+00:00,70B3D57ED0045541,Hygro#55:41,Hygro,Mains of Carmyllie (LPID NO/54289/43391),56.580815,-2.747666,662702d0001b04b626b0102a0001,31.88,7.2,27.0,12.06,99.04,4.14,1
2025-03-27 10:59:29.246135+00:00,70B3D57ED0045541,Hygro#55:41,Hygro,Mains of Carmyllie (LPID NO/54289/43391),56.580815,-2.747666,677902d0001a058a271010560002,33.19,7.2,26.0,14.18,100.0,4.18,2
2025-03-27 11:14:45.997410+00:00,70B3D57ED0045541,Hygro#55:41,Hygro,Mains of Carmyllie (LPID NO/54289/43391),56.580815,-2.747666,677602d0001a0501267110540003,33.18,7.2,26.0,12.81,98.41,4.18,3
2025-03-27 11:30:02.764665+00:00,70B3D57ED0045541,Hygro#55:41,Hygro,Mains of Carmyllie (LPID NO/54289/43391),56.580815,-2.747666,65db02d0001c04b025f0102a0004,31.58,7.2,28.0,12.0,97.12,4.14,4
2025-03-27 11:45:19.522625+00:00,70B3D57ED0045541,Hygro#55:41,Hygro,Mains of Carmyllie (LPID NO/54289/43391),56.580815,-2.747666,677202d0001a04d5263210560005,33.16,7.2,26.0,12.37,97.78,4.18,5
2025-03-27 12:33:06.627591+00:00,70B3D57ED0045541,Hygro#55:41,Hygro,Mains of Carmyllie (LPID NO/54289/43391),56.580815,-2.747666,65b002d0001b04712604102c0000,31.42,7.2,27.0,11.37,97.32,4.14,0
2025-03-27 12:48:23.391943+00:00,70B3D57ED0045541,Hygro#55:41,Hygro,Mains of Carmyllie (LPID NO/54289/43391),56.580815,-2.747666,65d902d0001a049f266a102e0001,31.58,7.2,26.0,11.83,98.34,4.14,1
2025-03-27 13:15:56.024759+00:00,70B3D57ED0045541,Hygro#55:41,Hygro,Mains of Carmyllie (LPID NO/54289/43391),56.580815,-2.747666,660a02d0001b0484262b102e0000,31.77,7.2,27.0,11.56,97.71,4.14,0
2025-03-28 07:34:36.531315+00:00,70B3D57ED0045541,Hygro#55:41,Hygro,Mains of Carmyllie (LPID NO/54289/43391),56.580815,-2.747666,66d902e4001a01f42618105a0001,32.57,7.4,26.0,5.0,97.52,4.19,1
2025-03-28 07:49:53.309418+00:00,70B3D57ED0045541,Hygro#55:41,Hygro,Mains of Carmyllie (LPID NO/54289/43391),56.580815,-2.747666,677a02e4001a02662644105c0002,33.19,7.4,26.0,6.14,97.96,4.19,2
2025-03-28 08:05:10.090997+00:00,70B3D57ED0045541,Hygro#55:41,Hygro,Mains of Carmyllie (LPID NO/54289/43391),56.580815,-2.747666,677602e4001a0296262f10580003,33.18,7.4,26.0,6.62,97.75,4.18,3
2025-03-28 08:20:26.870716+00:00,70B3D57ED0045541,Hygro#55:41,Hygro,Mains of Carmyllie (LPID NO/54289/43391),56.580815,-2.747666,677c02e4001b02db2616105f0004,33.2,7.4,27.0,7.31,97.5,4.19,4
2025-03-28 08:35:43.643809+00:00,70B3D57ED0045541,Hygro#55:41,Hygro,Mains of Carmyllie (LPID NO/54289/43391),56.580815,-2.747666,677d02e4001a02e7263b105f0005,33.21,7.4,26.0,7.43,97.87,4.19,5
2025-03-28 08:51:00.413750+00:00,70B3D57ED0045541,Hygro#55:41,Hygro,Mains of Carmyllie (LPID NO/54289/43391),56.580815,-2.747666,677e02e4001a0326263310580006,33.21,7.4,26.0,8.06,97.79,4.18,6
2025-03-28 09:06:17.177075+00:00,70B3D57ED0045541,Hygro#55:41,Hygro,Mains of Carmyllie (LPID NO/54289/43391),56.580815,-2.747666,677f02e4001a0304260a105c0007,33.21,7.4,26.0,7.72,97.38,4.19,7
2025-03-28 09:21:33.955059+00:00,70B3D57ED0045541,Hygro#55:41,Hygro,Mains of Carmyllie (LPID NO/54289/43391),56.580815,-2.747666,677c02e4001a036b263010580008,33.2,7.4,26.0,8.75,97.76,4.18,8
2025-03-28 09:36:50.722784+00:00,70B3D57ED0045541,Hygro#55:41,Hygro,Mains of Carmyllie (LPID NO/54289/43391),56.580815,-2.747666,677d02e4001b033b2646105a0009,33.21,7.4,27.0,8.27,97.98,4.19,9
2025-03-28 09:52:07.493953+00:00,70B3D57ED0045541,Hygro#55:41,Hygro,Mains of Carmyllie (LPID NO/54289/43391),56.580815,-2.747666,677d02e4001a037726ad105f000a,33.21,7.4,26.0,8.87,99.01,4.19,10
2025-03-28 10:07:24.261111+00:00,70B3D57ED0045541,Hygro#55:41,Hygro,Mains of Carmyllie (LPID NO/54289/43391),56.580815,-2.747666,677a02da001a035e2670105c000b,33.19,7.3,26.0,8.62,98.4,4.19,11
2025-03-28 10:22:41.033533+00:00,70B3D57ED0045541,Hygro#55:41,Hygro,Mains of Carmyllie (LPID NO/54289/43391),56.580815,-2.747666,677d02da001b03772677105c000c,33.21,7.3,27.0,8.87,98.47,4.19,12
2025-03-28 10:37:57.794267+00:00,70B3D57ED0045541,Hygro#55:41,Hygro,Mains of Carmyllie (LPID NO/54289/43391),56.580815,-2.747666,677c02da001a035e263a105c000d,33.2,7.3,26.0,8.62,97.86,4.19,13
2025-03-28 10:53:14.557535+00:00,70B3D57ED0045541,Hygro#55:41,Hygro,Mains of Carmyllie (LPID NO/54289/43391),56.580815,-2.747666,677d02da001a03a9263b105c000e,33.21,7.3,26.0,9.37,97.87,4.19,14
2025-03-28 11:08:31.320629+00:00,70B3D57ED0045541,Hygro#55:41,Hygro,Mains of Carmyllie (LPID NO/54289/43391),56.580815,-2.747666,677f02da001a04012647105a000f,33.21,7.3,26.0,10.25,97.99,4.19,15
2025-03-28 11:23:48.083765+00:00,70B3D57ED0045541,Hygro#55:41,Hygro,Mains of Carmyllie (LPID NO/54289/43391),56.580815,-2.747666,677a02da00190458262f105a0010,33.19,7.3,25.0,11.12,97.75,4.19,16
2025-03-28 11:39:04.845741+00:00,70B3D57ED0045541,Hygro#55:41,Hygro,Mains of Carmyllie (LPID NO/54289/43391),56.580815,-2.747666,678102da001a043925c8105f0011,33.22,7.3,26.0,10.81,96.72,4.19,17
2025-03-28 11:54:21.602240+00:00,70B3D57ED0045541,Hygro#55:41,Hygro,Mains of Carmyllie (LPID NO/54289/43391),56.580815,-2.747666,677f02da001a03c225bb105a0012,33.21,7.3,26.0,9.62,96.59,4.19,18
2025-03-28 12:09:38.373301+00:00,70B3D57ED0045541,Hygro#55:41,Hygro,Mains of Carmyllie (LPID NO/54289/43391),56.580815,-2.747666,678002da001a03e825cc105c0013,33.22,7.3,26.0,10.0,96.76,4.19,19
2025-03-28 12:24:55.121706+00:00,70B3D57ED0045541,Hygro#55:41,Hygro,Mains of Carmyllie (LPID NO/54289/43391),56.580815,-2.747666,677e02da001a042e2534105f0014,33.21,7.3,26.0,10.7,95.24,4.19,20
2025-03-28 12:40:11.880093+00:00,70B3D57ED0045541,Hygro#55:41,Hygro,Mains of Carmyllie (LPID NO/54289/43391),56.580815,-2.747666,677902da001a046b247f105a0015,33.19,7.3,26.0,11.31,93.43,4.19,21
2025-03-28 12:55:28.621881+00:00,70B3D57ED0045541,Hygro#55:41,Hygro,Mains of Carmyllie (LPID NO/54289/43391),56.580815,-2.747666,677e02da001a043923f9105a0016,33.21,7.3,26.0,10.81,92.09,4.19,22
2025-03-28 13:10:45.375238+00:00,70B3D57ED0045541,Hygro#55:41,Hygro,Mains of Carmyllie (LPID NO/54289/43391),56.580815,-2.747666,677e02da001a046b23ac10580017,33.21,7.3,26.0,11.31,91.32,4.18,23
2025-03-28 13:26:02.124135+00:00,70B3D57ED0045541,Hygro#55:41,Hygro,Mains of Carmyllie (LPID NO/54289/43391),56.580815,-2.747666,677d02da001a039d23f5105c0018,33.21,7.3,26.0,9.25,92.05,4.19,24
2025-03-28 13:41:18.872560+00:00,70B3D57ED0045541,Hygro#55:41,Hygro,Mains of Carmyllie (LPID NO/54289/43391),56.580815,-2.747666,677902da001a045e233010610019,33.19,7.3,26.0,11.18,90.08,4.19,25
2025-03-28 13:56:35.617556+00:00,70B3D57ED0045541,Hygro#55:41,Hygro,Mains of Carmyllie (LPID NO/54289/43391),56.580815,-2.747666,677b02da001a043b22b1105a001a,33.2,7.3,26.0,10.83,88.81,4.19,26
2025-03-28 14:11:52.366555+00:00,70B3D57ED0045541,Hygro#55:41,Hygro,Mains of Carmyllie (LPID NO/54289/43391),56.580815,-2.747666,677d02da001a03c22313105c001b,33.21,7.3,26.0,9.62,89.79,4.19,27
2025-03-28 14:27:09.116956+00:00,70B3D57ED0045541,Hygro#55:41,Hygro,Mains of Carmyllie (LPID NO/54289/43391),56.580815,-2.747666,677c02da001a03db23d3105f001c,33.2,7.3,26.0,9.87,91.71,4.19,28
2025-03-28 14:42:25.875929+00:00,70B3D57ED0045541,Hygro#55:41,Hygro,Mains of Carmyllie (LPID NO/54289/43391),56.580815,-2.747666,677c02da001a03ad2351105f001d,33.2,7.3,26.0,9.41,90.41,4.19,29
2025-03-28 14:57:42.615223+00:00,70B3D57ED0045541,Hygro#55:41,Hygro,Mains of Carmyllie (LPID NO/54289/43391),56.580815,-2.747666,677502da001b03e121bf105f001e,33.18,7.3,27.0,9.93,86.39,4.19,30
2025-03-28 15:12:59.349799+00:00,70B3D57ED0045541,Hygro#55:41,Hygro,Mains of Carmyllie (LPID NO/54289/43391),56.580815,-2.747666,677a02da001903ca2110105c001f,33.19,7.3,25.0,9.7,84.64,4.19,31
2025-03-28 15:28:16.095961+00:00,70B3D57ED0045541,Hygro#55:41,Hygro,Mains of Carmyllie (LPID NO/54289/43391),56.580815,-2.747666,677202e4001a03e120f5105a0020,33.16,7.4,26.0,9.93,84.37,4.19,32
2025-03-28 15:55:11.057262+00:00,70B3D57ED0045541,Hygro#55:41,Hygro,Mains of Carmyllie (LPID NO/54289/43391),56.580815,-2.747666,659a02e4001a035e2243102e0000,31.33,7.4,26.0,8.62,87.71,4.14,0
2025-03-29 09:36:27.853701+00:00,70B3D57ED0045541,Hygro#55:41,Hygro,Mains of Carmyllie (LPID NO/54289/43391),56.580815,-2.747666,677c02c6001902a925ce10540001,33.2,7.1,25.0,6.81,96.78,4.18,1
2025-03-29 09:51:44.626681+00:00,70B3D57ED0045541,Hygro#55:41,Hygro,Mains of Carmyllie (LPID NO/54289/43391),56.580815,-2.747666,677c02bc001a037b261f10580002,33.2,7.0,26.0,8.91,97.59,4.18,2
2025-03-29 10:07:01.396334+00:00,70B3D57ED0045541,Hygro#55:41,Hygro,Mains of Carmyllie (LPID NO/54289/43391),56.580815,-2.747666,677802bc001a039d261810580003,33.19,7.0,26.0,9.25,97.52,4.18,3
2025-03-29 10:22:18.162236+00:00,70B3D57ED0045541,Hygro#55:41,Hygro,Mains of Carmyllie (LPID NO/54289/43391),56.580815,-2.747666,677f02bc001a033f262410580004,33.21,7.0,26.0,8.31,97.64,4.18,4
2025-03-29 10:37:34.932890+00:00,70B3D57ED0045541,Hygro#55:41,Hygro,Mains of Carmyllie (LPID NO/54289/43391),56.580815,-2.747666,661c02bc001a02fa261110300005,31.84,7.0,26.0,7.62,97.45,4.14,5
2025-03-30 07:19:32.283353+00:00,70B3D57ED0045541,Hygro#55:41,Hygro,Mains of Carmyllie (LPID NO/54289/43391),56.580815,-2.747666,677b029e001802d025fe10560001,33.2,6.7,24.0,7.2,97.26,4.18,1
2025-03-30 07:34:49.058376+00:00,70B3D57ED0045541,Hygro#55:41,Hygro,Mains of Carmyllie (LPID NO/54289/43391),56.580815,-2.747666,677a029e001902ee261810540002,33.19,6.7,25.0,7.5,97.52,4.18,2
2025-03-30 07:50:05.827240+00:00,70B3D57ED0045541,Hygro#55:41,Hygro,Mains of Carmyllie (LPID NO/54289/43391),56.580815,-2.747666,6777029e00190320264210560003,33.18,6.7,25.0,8.0,97.94,4.18,3
2025-03-30 08:05:22.584793+00:00,70B3D57ED0045541,Hygro#55:41,Hygro,Mains of Carmyllie (LPID NO/54289/43391),56.580815,-2.747666,6779029e00190352265110560004,33.19,6.7,25.0,8.5,98.09,4.18,4
2025-03-30 08:20:39.351689+00:00,70B3D57ED0045541,Hygro#55:41,Hygro,Mains of Carmyllie (LPID NO/54289/43391),56.580815,-2.747666,6776029e001903a9266b10510005,33.18,6.7,25.0,9.37,98.35,4.18,5
2025-03-30 08:35:56.106635+00:00,70B3D57ED0045541,Hygro#55:41,Hygro,Mains of Carmyllie (LPID NO/54289/43391),56.580815,-2.747666,6775029e001803cc264f10580006,33.18,6.7,24.0,9.72,98.07,4.18,6
2025-03-30 08:51:12.860095+00:00,70B3D57ED0045541,Hygro#55:41,Hygro,Mains of Carmyllie (LPID NO/54289/43391),56.580815,-2.747666,676f029e00190420266810560007,33.15,6.7,25.0,10.56,98.32,4.18,7
2025-03-30 09:06:29.614669+00:00,70B3D57ED0045541,Hygro#55:41,Hygro,Mains of Carmyllie (LPID NO/54289/43391),56.580815,-2.747666,6771029e00190443266410560008,33.16,6.7,25.0,10.91,98.28,4.18,8
2025-03-30 09:21:46.372100+00:00,70B3D57ED0045541,Hygro#55:41,Hygro,Mains of Carmyllie (LPID NO/54289/43391),56.580815,-2.747666,676b029e0019047e265b10560009,33.14,6.7,25.0,11.5,98.19,4.18,9
2025-03-30 09:37:03.120295+00:00,70B3D57ED0045541,Hygro#55:41,Hygro,Mains of Carmyllie (LPID NO/54289/43391),56.580815,-2.747666,677302940019047126531056000a,33.17,6.6,25.0,11.37,98.11,4.18,10
2025-03-30 09:52:19.870557+00:00,70B3D57ED0045541,Hygro#55:41,Hygro,Mains of Carmyllie (LPID NO/54289/43391),56.580815,-2.747666,67720294001a04b2265a1056000b,33.16,6.6,26.0,12.02,98.18,4.18,11
2025-03-30 10:22:53.353758+00:00,70B3D57ED0045541,Hygro#55:41,Hygro,Mains of Carmyllie (LPID NO/54289/43391),56.580815,-2.747666,67710294001904e226231056000d,33.16,6.6,25.0,12.5,97.63,4.18,13
2025-03-30 10:38:10.099496+00:00,70B3D57ED0045541,Hygro#55:41,Hygro,Mains of Carmyllie (LPID NO/54289/43391),56.580815,-2.747666,676b02940019053f26041056000e,33.14,6.6,25.0,13.43,97.32,4.18,14
2025-03-30 10:53:26.848632+00:00,70B3D57ED0045541,Hygro#55:41,Hygro,Mains of Carmyllie (LPID NO/54289/43391),56.580815,-2.747666,676a0294001805b625b91058000f,33.13,6.6,24.0,14.62,96.57,4.18,15
2025-03-30 11:24:00.356281+00:00,70B3D57ED0045541,Hygro#55:41,Hygro,Mains of Carmyllie (LPID NO/54289/43391),56.580815,-2.747666,67680294001905bc254810580011,33.12,6.6,25.0,14.68,95.44,4.18,17
2025-03-30 11:39:17.083511+00:00,70B3D57ED0045541,Hygro#55:41,Hygro,Mains of Carmyllie (LPID NO/54289/43391),56.580815,-2.747666,6768029400190639251510580012,33.12,6.6,25.0,15.93,94.93,4.18,18
2025-03-30 11:54:33.819052+00:00,70B3D57ED0045541,Hygro#55:41,Hygro,Mains of Carmyllie (LPID NO/54289/43391),56.580815,-2.747666,675f02940019060e24b3105a0013,33.09,6.6,25.0,15.5,93.95,4.19,19
2025-03-30 12:09:50.553608+00:00,70B3D57ED0045541,Hygro#55:41,Hygro,Mains of Carmyllie (LPID NO/54289/43391),56.580815,-2.747666,675f0294001905dc247a105a0014,33.09,6.6,25.0,15.0,93.38,4.19,20
2025-03-30 12:25:07.288591+00:00,70B3D57ED0045541,Hygro#55:41,Hygro,Mains of Carmyllie (LPID NO/54289/43391),56.580815,-2.747666,67650294001905c923e2105a0015,33.11,6.6,25.0,14.81,91.86,4.19,21
2025-03-30 12:40:24.031364+00:00,70B3D57ED0045541,Hygro#55:41,Hygro,Mains of Carmyllie (LPID NO/54289/43391),56.580815,-2.747666,675a0297001904db23bc105a0016,33.07,6.63,25.0,12.43,91.48,4.19,22
2025-03-30 12:55:40.774572+00:00,70B3D57ED0045541,Hygro#55:41,Hygro,Mains of Carmyllie (LPID NO/54289/43391),56.580815,-2.747666,6764029e001a05e623d7105c0017,33.11,6.7,26.0,15.1,91.75,4.19,23
2025-03-30 13:10:57.507347+00:00,70B3D57ED0045541,Hygro#55:41,Hygro,Mains of Carmyllie (LPID NO/54289/43391),56.580815,-2.747666,6763029e001805a523fa105a0018,33.11,6.7,24.0,14.45,92.1,4.19,24
2025-03-30 13:26:14.246725+00:00,70B3D57ED0045541,Hygro#55:41,Hygro,Mains of Carmyllie (LPID NO/54289/43391),56.580815,-2.747666,675b029e001a064c2331105c0019,33.07,6.7,26.0,16.12,90.09,4.19,25
2025-03-30 13:41:30.971963+00:00,70B3D57ED0045541,Hygro#55:41,Hygro,Mains of Carmyllie (LPID NO/54289/43391),56.580815,-2.747666,675c029e0019053f23601058001a,33.08,6.7,25.0,13.43,90.56,4.18,26
2025-03-30 13:56:47.711130+00:00,70B3D57ED0045541,Hygro#55:41,Hygro,Mains of Carmyllie (LPID NO/54289/43391),56.580815,-2.747666,6755029e0019057e23b4105a001b,33.05,6.7,25.0,14.06,91.4,4.19,27
2025-03-30 14:12:04.477239+00:00,70B3D57ED0045541,Hygro#55:41,Hygro,Mains of Carmyllie (LPID NO/54289/43391),56.580815,-2.747666,675a029e001904bc23f0105c001c,33.07,6.7,25.0,12.12,92.0,4.19,28
2025-03-30 14:27:21.210118+00:00,70B3D57ED0045541,Hygro#55:41,Hygro,Mains of Carmyllie (LPID NO/54289/43391),56.580815,-2.747666,6753029e0018056b2384105a001d,33.04,6.7,24.0,13.87,90.92,4.19,29
2025-03-30 14:42:37.943656+00:00,70B3D57ED0045541,Hygro#55:41,Hygro,Mains of Carmyllie (LPID NO/54289/43391),56.580815,-2.747666,6756029e00180563234c105c001e,33.06,6.7,24.0,13.79,90.36,4.19,30
2025-03-30 14:57:54.678525+00:00,70B3D57ED0045541,Hygro#55:41,Hygro,Mains of Carmyllie (LPID NO/54289/43391),56.580815,-2.747666,674b029e00190552214c105c001f,33.01,6.7,25.0,13.62,85.24,4.19,31
2025-03-30 15:13:11.424617+00:00,70B3D57ED0045541,Hygro#55:41,Hygro,Mains of Carmyllie (LPID NO/54289/43391),56.580815,-2.747666,675702a8001a0490231c105c0020,33.06,6.8,26.0,11.68,89.88,4.19,32
2025-03-30 15:30:35.634961+00:00,70B3D57ED0045541,Hygro#55:41,Hygro,Mains of Carmyllie (LPID NO/54289/43391),56.580815,-2.747666,674f02a8001904b0224310580000,33.03,6.8,25.0,12.0,87.71,4.18,0
2025-03-31 08:20:47.409816+00:00,70B3D57ED0045541,Hygro#55:41,Hygro,Mains of Carmyllie (LPID NO/54289/43391),56.580815,-2.747666,673602c6001903ee265210560001,32.93,7.1,25.0,10.06,98.1,4.18,1
2025-03-31 08:36:04.161268+00:00,70B3D57ED0045541,Hygro#55:41,Hygro,Mains of Carmyllie (LPID NO/54289/43391),56.580815,-2.747666,673402c600180458263d10580002,32.92,7.1,24.0,11.12,97.89,4.18,2
2025-03-31 08:51:20.908364+00:00,70B3D57ED0045541,Hygro#55:41,Hygro,Mains of Carmyllie (LPID NO/54289/43391),56.580815,-2.747666,673b02c60018043f263710560003,32.95,7.1,24.0,10.87,97.83,4.18,3
2025-03-31 09:06:37.661219+00:00,70B3D57ED0045541,Hygro#55:41,Hygro,Mains of Carmyllie (LPID NO/54289/43391),56.580815,-2.747666,673502c600190501269f10560004,32.93,7.1,25.0,12.81,98.87,4.18,4
2025-03-31 09:21:54.401931+00:00,70B3D57ED0045541,Hygro#55:41,Hygro,Mains of Carmyllie (LPID NO/54289/43391),56.580815,-2.747666,673702c6001804e8266010510005,32.93,7.1,24.0,12.56,98.24,4.18,5
2025-03-31 09:37:11.148466+00:00,70B3D57ED0045541,Hygro#55:41,Hygro,Mains of Carmyllie (LPID NO/54289/43391),56.580815,-2.747666,673402c600180473264a10580006,32.92,7.1,24.0,11.39,98.02,4.18,6
2025-03-31 09:52:27.887566+00:00,70B3D57ED0045541,Hygro#55:41,Hygro,Mains of Carmyllie (LPID NO/54289/43391),56.580815,-2.747666,672f02c600180558269e10540007,32.9,7.1,24.0,13.68,98.86,4.18,7
2025-03-31 10:07:44.629719+00:00,70B3D57ED0045541,Hygro#55:41,Hygro,Mains of Carmyllie (LPID NO/54289/43391),56.580815,-2.747666,673302c60019059d268c10580008,32.92,7.1,25.0,14.37,98.68,4.18,8
2025-03-31 10:23:01.374331+00:00,70B3D57ED0045541,Hygro#55:41,Hygro,Mains of Carmyllie (LPID NO/54289/43391),56.580815,-2.747666,673002c6001906aa267510580009,32.91,7.1,25.0,17.06,98.45,4.18,9
2025-03-31 10:38:18.096867+00:00,70B3D57ED0045541,Hygro#55:41,Hygro,Mains of Carmyllie (LPID NO/54289/43391),56.580815,-2.747666,672e02c600180697263a105a000a,32.9,7.1,24.0,16.87,97.86,4.19,10
2025-03-31 11:08:51.574602+00:00,70B3D57ED0045541,Hygro#55:41,Hygro,Mains of Carmyllie (LPID NO/54289/43391),56.580815,-2.747666,673002bc001905d5259d1056000c,32.91,7.0,25.0,14.93,96.29,4.18,12
2025-03-31 11:24:08.308793+00:00,70B3D57ED0045541,Hygro#55:41,Hygro,Mains of Carmyllie (LPID NO/54289/43391),56.580815,-2.747666,672a02bc0019059725b5105c000d,32.88,7.0,25.0,14.31,96.53,4.19,13
2025-03-31 11:39:25.044505+00:00,70B3D57ED0045541,Hygro#55:41,Hygro,Mains of Carmyllie (LPID NO/54289/43391),56.580815,-2.747666,673302bc001905cf256c105a000e,32.92,7.0,25.0,14.87,95.8,4.19,14
2025-03-31 11:54:41.776014+00:00,70B3D57ED0045541,Hygro#55:41,Hygro,Mains of Carmyllie (LPID NO/54289/43391),56.580815,-2.747666,672d02bc0019066725331058000f,32.9,7.0,25.0,16.39,95.23,4.18,15
2025-03-31 12:09:58.522655+00:00,70B3D57ED0045541,Hygro#55:41,Hygro,Mains of Carmyllie (LPID NO/54289/43391),56.580815,-2.747666,672402c60019067824f210540010,32.86,7.1,25.0,16.56,94.58,4.18,16
2025-03-31 12:25:15.235427+00:00,70B3D57ED0045541,Hygro#55:41,Hygro,Mains of Carmyllie (LPID NO/54289/43391),56.580815,-2.747666,672a02c60018077e244d10580011,32.88,7.1,24.0,19.18,92.93,4.18,17
2025-03-31 12:40:31.954617+00:00,70B3D57ED0045541,Hygro#55:41,Hygro,Mains of Carmyllie (LPID NO/54289/43391),56.580815,-2.747666,672302c60018077e23f810580012,32.86,7.1,24.0,19.18,92.08,4.18,18
2025-03-31 12:55:48.675913+00:00,70B3D57ED0045541,Hygro#55:41,Hygro,Mains of Carmyllie (LPID NO/54289/43391),56.580815,-2.747666,672102c6001807aa237310540013,32.85,7.1,24.0,19.62,90.75,4.18,19
2025-03-31 13:11:05.398679+00:00,70B3D57ED0045541,Hygro#55:41,Hygro,Mains of Carmyllie (LPID NO/54289/43391),56.580815,-2.747666,672102c6001806b6230010560014,32.85,7.1,24.0,17.18,89.6,4.18,20
2025-03-31 13:26:22.117890+00:00,70B3D57ED0045541,Hygro#55:41,Hygro,Mains of Carmyllie (LPID NO/54289/43391),56.580815,-2.747666,671d02c600190797228710560015,32.83,7.1,25.0,19.43,88.39,4.18,21
2025-03-31 13:41:38.833576+00:00,70B3D57ED0045541,Hygro#55:41,Hygro,Mains of Carmyllie (LPID NO/54289/43391),56.580815,-2.747666,672102c6001807b721e310560016,32.85,7.1,24.0,19.75,86.75,4.18,22
2025-03-31 13:56:55.561351+00:00,70B3D57ED0045541,Hygro#55:41,Hygro,Mains of Carmyllie (LPID NO/54289/43391),56.580815,-2.747666,672202c60019074021ea105a0017,32.85,7.1,25.0,18.56,86.82,4.19,23
2025-03-31 14:12:12.272275+00:00,70B3D57ED0045541,Hygro#55:41,Hygro,Mains of Carmyllie (LPID NO/54289/43391),56.580815,-2.747666,671902c6001807b0213010540018,32.82,7.1,24.0,19.68,84.96,4.18,24
2025-03-31 14:27:28.992591+00:00,70B3D57ED0045541,Hygro#55:41,Hygro,Mains of Carmyllie (LPID NO/54289/43391),56.580815,-2.747666,671d02c6001806fd21b910580019,32.83,7.1,24.0,17.89,86.33,4.18,25
2025-03-31 15:53:48.590403+00:00,70B3D57ED0045541,Hygro#55:41,Hygro,Mains of Carmyllie (LPID NO/54289/43391),56.580815,-2.747666,65c402d000180614235110390000,31.5,7.2,24.0,15.56,90.41,4.15,0
2025-04-01 07:15:14.533899+00:00,70B3D57ED0045541,Hygro#55:41,Hygro,Mains of Carmyllie (LPID NO/54289/43391),56.580815,-2.747666,67050302001804262526105a0001,32.74,7.7,24.0,10.62,95.1,4.19,1
2025-04-01 07:30:31.289326+00:00,70B3D57ED0045541,Hygro#55:41,Hygro,Mains of Carmyllie (LPID NO/54289/43391),56.580815,-2.747666,66fe02f800170456252a10580002,32.71,7.6,23.0,11.1,95.14,4.18,2
2025-04-01 07:45:48.037663+00:00,70B3D57ED0045541,Hygro#55:41,Hygro,Mains of Carmyllie (LPID NO/54289/43391),56.580815,-2.747666,66fd02f80019047b2513105a0003,32.71,7.6,25.0,11.47,94.91,4.19,3
2025-04-01 08:01:04.799520+00:00,70B3D57ED0045541,Hygro#55:41,Hygro,Mains of Carmyllie (LPID NO/54289/43391),56.580815,-2.747666,660b02f800190413252a103e0004,31.77,7.6,25.0,10.43,95.14,4.16,4
2025-04-01 08:16:21.549942+00:00,70B3D57ED0045541,Hygro#55:41,Hygro,Mains of Carmyllie (LPID NO/54289/43391),56.580815,-2.747666,670002f8001804582594105a0005,32.72,7.6,24.0,11.12,96.2,4.19,5
2025-04-01 08:31:38.324726+00:00,70B3D57ED0045541,Hygro#55:41,Hygro,Mains of Carmyllie (LPID NO/54289/43391),56.580815,-2.747666,66fd02f800190486258e105a0006,32.71,7.6,25.0,11.58,96.14,4.19,6
2025-04-01 08:46:55.061562+00:00,70B3D57ED0045541,Hygro#55:41,Hygro,Mains of Carmyllie (LPID NO/54289/43391),56.580815,-2.747666,66f902f80018053d260d105a0007,32.69,7.6,24.0,13.41,97.41,4.19,7
2025-04-01 09:02:11.814207+00:00,70B3D57ED0045541,Hygro#55:41,Hygro,Mains of Carmyllie (LPID NO/54289/43391),56.580815,-2.747666,66fe02f80018059d25cb105a0008,32.71,7.6,24.0,14.37,96.75,4.19,8
2025-04-01 09:17:28.550191+00:00,70B3D57ED0045541,Hygro#55:41,Hygro,Mains of Carmyllie (LPID NO/54289/43391),56.580815,-2.747666,670002f8001805b025b5105a0009,32.72,7.6,24.0,14.56,96.53,4.19,9
2025-04-01 09:32:45.286658+00:00,70B3D57ED0045541,Hygro#55:41,Hygro,Mains of Carmyllie (LPID NO/54289/43391),56.580815,-2.747666,66f502f8001805de25e11058000a,32.68,7.6,24.0,15.02,96.97,4.18,10
2025-04-01 09:48:02.040997+00:00,70B3D57ED0045541,Hygro#55:41,Hygro,Mains of Carmyllie (LPID NO/54289/43391),56.580815,-2.747666,66f602f80018057a25c0105a000b,32.68,7.6,24.0,14.02,96.64,4.19,11
2025-04-01 10:03:18.786297+00:00,70B3D57ED0045541,Hygro#55:41,Hygro,Mains of Carmyllie (LPID NO/54289/43391),56.580815,-2.747666,670102f8001805b825fb1058000c,32.73,7.6,24.0,14.64,97.23,4.18,12
2025-04-01 10:18:35.532697+00:00,70B3D57ED0045541,Hygro#55:41,Hygro,Mains of Carmyllie (LPID NO/54289/43391),56.580815,-2.747666,66f402f80019061225c5105a000d,32.67,7.6,25.0,15.54,96.69,4.19,13
2025-04-01 10:33:52.263116+00:00,70B3D57ED0045541,Hygro#55:41,Hygro,Mains of Carmyllie (LPID NO/54289/43391),56.580815,-2.747666,66fc02f8001705fb2582105a000e,32.71,7.6,23.0,15.31,96.02,4.19,14
2025-04-01 10:49:09.016161+00:00,70B3D57ED0045541,Hygro#55:41,Hygro,Mains of Carmyllie (LPID NO/54289/43391),56.580815,-2.747666,66f002f80018061c257f105f000f,32.66,7.6,24.0,15.64,95.99,4.19,15
2025-04-01 11:04:25.759722+00:00,70B3D57ED0045541,Hygro#55:41,Hygro,Mains of Carmyllie (LPID NO/54289/43391),56.580815,-2.747666,66f702f800180631253710580010,32.69,7.6,24.0,15.85,95.27,4.18,16
2025-04-01 11:19:42.489494+00:00,70B3D57ED0045541,Hygro#55:41,Hygro,Mains of Carmyllie (LPID NO/54289/43391),56.580815,-2.747666,66f702f8001805f52504105a0011,32.69,7.6,24.0,15.25,94.76,4.19,17
2025-04-01 11:34:59.271562+00:00,70B3D57ED0045541,Hygro#55:41,Hygro,Mains of Carmyllie (LPID NO/54289/43391),56.580815,-2.747666,66f502f8001905f524d4105c0012,32.68,7.6,25.0,15.25,94.28,4.19,18
2025-04-01 11:50:15.979608+00:00,70B3D57ED0045541,Hygro#55:41,Hygro,Mains of Carmyllie (LPID NO/54289/43391),56.580815,-2.747666,66f602f8001805c52456105c0013,32.68,7.6,24.0,14.77,93.02,4.19,19
2025-04-01 12:05:32.715140+00:00,70B3D57ED0045541,Hygro#55:41,Hygro,Mains of Carmyllie (LPID NO/54289/43391),56.580815,-2.747666,66f102f8001805b623e910580014,32.66,7.6,24.0,14.62,91.93,4.18,20
2025-04-01 12:20:49.453993+00:00,70B3D57ED0045541,Hygro#55:41,Hygro,Mains of Carmyllie (LPID NO/54289/43391),56.580815,-2.747666,66eb02f8001705c32388105a0015,32.64,7.6,23.0,14.75,90.96,4.19,21
2025-04-01 12:36:06.193532+00:00,70B3D57ED0045541,Hygro#55:41,Hygro,Mains of Carmyllie (LPID NO/54289/43391),56.580815,-2.747666,66eb02f8001805842310105a0016,32.64,7.6,24.0,14.12,89.76,4.19,22
2025-04-01 12:51:22.928784+00:00,70B3D57ED0045541,Hygro#55:41,Hygro,Mains of Carmyllie (LPID NO/54289/43391),56.580815,-2.747666,66e902f800170584229e10580017,32.63,7.6,23.0,14.12,88.62,4.18,23
2025-04-01 13:06:39.667313+00:00,70B3D57ED0045541,Hygro#55:41,Hygro,Mains of Carmyllie (LPID NO/54289/43391),56.580815,-2.747666,66ef02f800180573224d105c0018,32.66,7.6,24.0,13.95,87.81,4.19,24
2025-04-01 13:21:56.404040+00:00,70B3D57ED0045541,Hygro#55:41,Hygro,Mains of Carmyllie (LPID NO/54289/43391),56.580815,-2.747666,66eb02f80017054c21e7105a0019,32.64,7.6,23.0,13.56,86.79,4.19,25
2025-04-01 13:37:13.133924+00:00,70B3D57ED0045541,Hygro#55:41,Hygro,Mains of Carmyllie (LPID NO/54289/43391),56.580815,-2.747666,66ea02f80018056b21b6105a001a,32.64,7.6,24.0,13.87,86.3,4.19,26
2025-04-01 13:52:29.881541+00:00,70B3D57ED0045541,Hygro#55:41,Hygro,Mains of Carmyllie (LPID NO/54289/43391),56.580815,-2.747666,66e302f8001705522171105a001b,32.61,7.6,23.0,13.62,85.61,4.19,27
2025-04-01 14:07:46.622915+00:00,70B3D57ED0045541,Hygro#55:41,Hygro,Mains of Carmyllie (LPID NO/54289/43391),56.580815,-2.747666,66e402f80018050920fb1058001c,32.61,7.6,24.0,12.89,84.43,4.18,28
2025-04-01 14:23:03.363359+00:00,70B3D57ED0045541,Hygro#55:41,Hygro,Mains of Carmyllie (LPID NO/54289/43391),56.580815,-2.747666,66e602f80018052f20c41058001d,32.62,7.6,24.0,13.27,83.88,4.18,29
2025-04-01 14:38:20.099390+00:00,70B3D57ED0045541,Hygro#55:41,Hygro,Mains of Carmyllie (LPID NO/54289/43391),56.580815,-2.747666,66dc0302001904ee2052105c001e,32.58,7.7,25.0,12.62,82.74,4.19,30
2025-04-01 14:53:36.838788+00:00,70B3D57ED0045541,Hygro#55:41,Hygro,Mains of Carmyllie (LPID NO/54289/43391),56.580815,-2.747666,66dd0302001804e22038105a001f,32.59,7.7,24.0,12.5,82.48,4.19,31
2025-04-01 15:08:53.575211+00:00,70B3D57ED0045541,Hygro#55:41,Hygro,Mains of Carmyllie (LPID NO/54289/43391),56.580815,-2.747666,66e30302001804c91fd310580020,32.61,7.7,24.0,12.25,81.47,4.18,32
2025-04-01 15:24:10.310311+00:00,70B3D57ED0045541,Hygro#55:41,Hygro,Mains of Carmyllie (LPID NO/54289/43391),56.580815,-2.747666,66dd03020018048a1f89105f0021,32.59,7.7,24.0,11.62,80.73,4.19,33
2025-04-02 07:34:50.378709+00:00,70B3D57ED0045541,Hygro#55:41,Hygro,Mains of Carmyllie (LPID NO/54289/43391),56.580815,-2.747666,662e02f80017022c25b610440000,31.91,7.6,23.0,5.56,96.54,4.16,0
2025-04-02 07:50:07.147652+00:00,70B3D57ED0045541,Hygro#55:41,Hygro,Mains of Carmyllie (LPID NO/54289/43391),56.580815,-2.747666,66cd02f8001802c4259f105a0001,32.52,7.6,24.0,7.08,96.31,4.19,1
2025-04-02 08:05:23.926276+00:00,70B3D57ED0045541,Hygro#55:41,Hygro,Mains of Carmyllie (LPID NO/54289/43391),56.580815,-2.747666,66c702f800180332256f105a0002,32.5,7.6,24.0,8.18,95.83,4.19,2
2025-04-02 08:20:40.684508+00:00,70B3D57ED0045541,Hygro#55:41,Hygro,Mains of Carmyllie (LPID NO/54289/43391),56.580815,-2.747666,66cf02f800180396259a105a0003,32.53,7.6,24.0,9.18,96.26,4.19,3
2025-04-02 08:35:57.448716+00:00,70B3D57ED0045541,Hygro#55:41,Hygro,Mains of Carmyllie (LPID NO/54289/43391),56.580815,-2.747666,66c502f8001703cf25a9105a0004,32.49,7.6,23.0,9.75,96.41,4.19,4
2025-04-02 08:51:14.196026+00:00,70B3D57ED0045541,Hygro#55:41,Hygro,Mains of Carmyllie (LPID NO/54289/43391),56.580815,-2.747666,66ca02ee001703d925c7105a0005,32.51,7.5,23.0,9.85,96.71,4.19,5
2025-04-02 09:06:30.963697+00:00,70B3D57ED0045541,Hygro#55:41,Hygro,Mains of Carmyllie (LPID NO/54289/43391),56.580815,-2.747666,66ca02ee0017044725c4105f0006,32.51,7.5,23.0,10.95,96.68,4.19,6
2025-04-02 09:21:47.706918+00:00,70B3D57ED0045541,Hygro#55:41,Hygro,Mains of Carmyllie (LPID NO/54289/43391),56.580815,-2.747666,66ce02ee001804012563105a0007,32.53,7.5,24.0,10.25,95.71,4.19,7
2025-04-02 09:37:04.465166+00:00,70B3D57ED0045541,Hygro#55:41,Hygro,Mains of Carmyllie (LPID NO/54289/43391),56.580815,-2.747666,66c902ee0017047925b010560008,32.51,7.5,23.0,11.45,96.48,4.18,8
2025-04-02 09:52:21.214959+00:00,70B3D57ED0045541,Hygro#55:41,Hygro,Mains of Carmyllie (LPID NO/54289/43391),56.580815,-2.747666,66cc02ee0017048a25d710580009,32.52,7.5,23.0,11.62,96.87,4.18,9
2025-04-02 10:07:37.972618+00:00,70B3D57ED0045541,Hygro#55:41,Hygro,Mains of Carmyllie (LPID NO/54289/43391),56.580815,-2.747666,66c902ee001804a925961058000a,32.51,7.5,24.0,11.93,96.22,4.18,10
2025-04-02 10:22:54.712086+00:00,70B3D57ED0045541,Hygro#55:41,Hygro,Mains of Carmyllie (LPID NO/54289/43391),56.580815,-2.747666,66cc02ee001704d52546105c000b,32.52,7.5,23.0,12.37,95.42,4.19,11
2025-04-02 10:38:11.461921+00:00,70B3D57ED0045541,Hygro#55:41,Hygro,Mains of Carmyllie (LPID NO/54289/43391),56.580815,-2.747666,66c402ee001704f0251c105c000c,32.49,7.5,23.0,12.64,95.0,4.19,12
2025-04-02 10:53:28.204930+00:00,70B3D57ED0045541,Hygro#55:41,Hygro,Mains of Carmyllie (LPID NO/54289/43391),56.580815,-2.747666,66c102ee0017050d24de1058000d,32.48,7.5,23.0,12.93,94.38,4.18,13
2025-04-02 11:24:01.696516+00:00,70B3D57ED0045541,Hygro#55:41,Hygro,Mains of Carmyllie (LPID NO/54289/43391),56.580815,-2.747666,66c202ea00170541247e1058000f,32.48,7.46,23.0,13.45,93.42,4.18,15
2025-04-02 11:39:18.440976+00:00,70B3D57ED0045541,Hygro#55:41,Hygro,Mains of Carmyllie (LPID NO/54289/43391),56.580815,-2.747666,66c502e400170552242510580010,32.49,7.4,23.0,13.62,92.53,4.18,16
2025-04-02 11:54:35.183831+00:00,70B3D57ED0045541,Hygro#55:41,Hygro,Mains of Carmyllie (LPID NO/54289/43391),56.580815,-2.747666,66c002e400160578239e105c0011,32.47,7.4,22.0,14.0,91.18,4.19,17
2025-04-02 12:09:51.908361+00:00,70B3D57ED0045541,Hygro#55:41,Hygro,Mains of Carmyllie (LPID NO/54289/43391),56.580815,-2.747666,66ba02e40017056f230d105a0012,32.45,7.4,23.0,13.91,89.73,4.19,18
2025-04-02 12:40:25.383245+00:00,70B3D57ED0045541,Hygro#55:41,Hygro,Mains of Carmyllie (LPID NO/54289/43391),56.580815,-2.747666,66c002e40018057821ee10580014,32.47,7.4,24.0,14.0,86.86,4.18,20
2025-04-02 12:55:42.115338+00:00,70B3D57ED0045541,Hygro#55:41,Hygro,Mains of Carmyllie (LPID NO/54289/43391),56.580815,-2.747666,66c002e400170565219410580015,32.47,7.4,23.0,13.81,85.96,4.18,21
2025-04-02 13:10:58.848687+00:00,70B3D57ED0045541,Hygro#55:41,Hygro,Mains of Carmyllie (LPID NO/54289/43391),56.580815,-2.747666,66be02e400180563211f105f0016,32.47,7.4,24.0,13.79,84.79,4.19,22
2025-04-02 13:41:32.307330+00:00,70B3D57ED0045541,Hygro#55:41,Hygro,Mains of Carmyllie (LPID NO/54289/43391),56.580815,-2.747666,66ba02ee0018055f20b4105a0018,32.45,7.5,24.0,13.75,83.72,4.19,24
2025-04-02 13:56:49.040665+00:00,70B3D57ED0045541,Hygro#55:41,Hygro,Mains of Carmyllie (LPID NO/54289/43391),56.580815,-2.747666,66bb02ee0017054c207e105a0019,32.45,7.5,23.0,13.56,83.18,4.19,25
2025-04-02 14:12:05.774416+00:00,70B3D57ED0045541,Hygro#55:41,Hygro,Mains of Carmyllie (LPID NO/54289/43391),56.580815,-2.747666,66b102ee0017054e2049105a001a,32.42,7.5,23.0,13.58,82.65,4.19,26
2025-04-02 14:27:22.503923+00:00,70B3D57ED0045541,Hygro#55:41,Hygro,Mains of Carmyllie (LPID NO/54289/43391),56.580815,-2.747666,66ad02ee0018053320081056001b,32.4,7.5,24.0,13.31,82.0,4.18,27
2025-04-02 14:42:39.227493+00:00,70B3D57ED0045541,Hygro#55:41,Hygro,Mains of Carmyllie (LPID NO/54289/43391),56.580815,-2.747666,66b402ee001805651faa1058001c,32.43,7.5,24.0,13.81,81.06,4.18,28
2025-04-02 14:57:55.957542+00:00,70B3D57ED0045541,Hygro#55:41,Hygro,Mains of Carmyllie (LPID NO/54289/43391),56.580815,-2.747666,66b502ee0017050d1f3a1058001d,32.43,7.5,23.0,12.93,79.94,4.18,29
2025-04-02 15:13:12.687648+00:00,70B3D57ED0045541,Hygro#55:41,Hygro,Mains of Carmyllie (LPID NO/54289/43391),56.580815,-2.747666,66b302ee001704ee1eeb1058001e,32.42,7.5,23.0,12.62,79.15,4.18,30
2025-04-02 15:28:29.434334+00:00,70B3D57ED0045541,Hygro#55:41,Hygro,Mains of Carmyllie (LPID NO/54289/43391),56.580815,-2.747666,65b202ee001704971ee21039001f,31.43,7.5,23.0,11.75,79.06,4.15,31
2025-04-03 07:06:02.838411+00:00,70B3D57ED0045541,Hygro#55:41,Hygro,Mains of Carmyllie (LPID NO/54289/43391),56.580815,-2.747666,669b02ee0017020624dc105a0000,32.33,7.5,23.0,5.18,94.36,4.19,0
2025-04-03 07:21:19.609674+00:00,70B3D57ED0045541,Hygro#55:41,Hygro,Mains of Carmyllie (LPID NO/54289/43391),56.580815,-2.747666,66a102ee0017025824ce105a0001,32.35,7.5,23.0,6.0,94.22,4.19,1
2025-04-03 07:36:36.376268+00:00,70B3D57ED0045541,Hygro#55:41,Hygro,Mains of Carmyllie (LPID NO/54289/43391),56.580815,-2.747666,66a102ee001602b52512105a0002,32.35,7.5,22.0,6.93,94.9,4.19,2
2025-04-03 07:51:53.152863+00:00,70B3D57ED0045541,Hygro#55:41,Hygro,Mains of Carmyllie (LPID NO/54289/43391),56.580815,-2.747666,66a002ee001702f82545105a0003,32.35,7.5,23.0,7.6,95.41,4.19,3
2025-04-03 08:07:09.912792+00:00,70B3D57ED0045541,Hygro#55:41,Hygro,Mains of Carmyllie (LPID NO/54289/43391),56.580815,-2.747666,669e02ee001603522550105f0004,32.34,7.5,22.0,8.5,95.52,4.19,4
2025-04-03 08:22:26.667910+00:00,70B3D57ED0045541,Hygro#55:41,Hygro,Mains of Carmyllie (LPID NO/54289/43391),56.580815,-2.747666,66a302ee0019037d256d105a0005,32.36,7.5,25.0,8.93,95.81,4.19,5
2025-04-03 08:37:43.429611+00:00,70B3D57ED0045541,Hygro#55:41,Hygro,Mains of Carmyllie (LPID NO/54289/43391),56.580815,-2.747666,66a202e4001603b12587105c0006,32.36,7.4,22.0,9.45,96.07,4.19,6
2025-04-03 08:53:00.189119+00:00,70B3D57ED0045541,Hygro#55:41,Hygro,Mains of Carmyllie (LPID NO/54289/43391),56.580815,-2.747666,669e02e4001603f2258a105a0007,32.34,7.4,22.0,10.1,96.1,4.19,7
2025-04-03 09:08:16.955301+00:00,70B3D57ED0045541,Hygro#55:41,Hygro,Mains of Carmyllie (LPID NO/54289/43391),56.580815,-2.747666,669b02e40016040725bf105c0008,32.33,7.4,22.0,10.31,96.63,4.19,8
2025-04-03 09:23:33.700228+00:00,70B3D57ED0045541,Hygro#55:41,Hygro,Mains of Carmyllie (LPID NO/54289/43391),56.580815,-2.747666,669a02e40017048425b2105a0009,32.33,7.4,23.0,11.56,96.5,4.19,9
2025-04-03 09:38:50.454494+00:00,70B3D57ED0045541,Hygro#55:41,Hygro,Mains of Carmyllie (LPID NO/54289/43391),56.580815,-2.747666,669902e40017048a259c105a000a,32.32,7.4,23.0,11.62,96.28,4.19,10
2025-04-03 09:54:07.207231+00:00,70B3D57ED0045541,Hygro#55:41,Hygro,Mains of Carmyllie (LPID NO/54289/43391),56.580815,-2.747666,669f02e4001704c92593105a000b,32.35,7.4,23.0,12.25,96.19,4.19,11
2025-04-03 10:09:23.954503+00:00,70B3D57ED0045541,Hygro#55:41,Hygro,Mains of Carmyllie (LPID NO/54289/43391),56.580815,-2.747666,669b02e4001604f6258a1058000c,32.33,7.4,22.0,12.7,96.1,4.18,12
2025-04-03 10:24:40.706039+00:00,70B3D57ED0045541,Hygro#55:41,Hygro,Mains of Carmyllie (LPID NO/54289/43391),56.580815,-2.747666,669f02e4001605312553105a000d,32.35,7.4,22.0,13.29,95.55,4.19,13
2025-04-03 10:39:57.441287+00:00,70B3D57ED0045541,Hygro#55:41,Hygro,Mains of Carmyllie (LPID NO/54289/43391),56.580815,-2.747666,669702e4001605522523105a000e,32.31,7.4,22.0,13.62,95.07,4.19,14
2025-04-03 10:55:14.183840+00:00,70B3D57ED0045541,Hygro#55:41,Hygro,Mains of Carmyllie (LPID NO/54289/43391),56.580815,-2.747666,669702da0017057e2503105a000f,32.31,7.3,23.0,14.06,94.75,4.19,15
2025-04-03 11:10:30.930301+00:00,70B3D57ED0045541,Hygro#55:41,Hygro,Mains of Carmyllie (LPID NO/54289/43391),56.580815,-2.747666,669a02da001605ae24f3105a0010,32.33,7.3,22.0,14.54,94.59,4.19,16
2025-04-03 11:25:47.674171+00:00,70B3D57ED0045541,Hygro#55:41,Hygro,Mains of Carmyllie (LPID NO/54289/43391),56.580815,-2.747666,669402da0017058e24d0105a0011,32.3,7.3,23.0,14.22,94.24,4.19,17
2025-04-03 11:41:04.411942+00:00,70B3D57ED0045541,Hygro#55:41,Hygro,Mains of Carmyllie (LPID NO/54289/43391),56.580815,-2.747666,669002da0016058c2491105a0012,32.29,7.3,22.0,14.2,93.61,4.19,18
2025-04-03 11:56:21.157876+00:00,70B3D57ED0045541,Hygro#55:41,Hygro,Mains of Carmyllie (LPID NO/54289/43391),56.580815,-2.747666,669102da001705d92449105c0013,32.29,7.3,23.0,14.97,92.89,4.19,19
2025-04-03 12:11:37.900568+00:00,70B3D57ED0045541,Hygro#55:41,Hygro,Mains of Carmyllie (LPID NO/54289/43391),56.580815,-2.747666,669102da001605d323f110580014,32.29,7.3,22.0,14.91,92.01,4.18,20
2025-04-03 12:26:54.641917+00:00,70B3D57ED0045541,Hygro#55:41,Hygro,Mains of Carmyllie (LPID NO/54289/43391),56.580815,-2.747666,669102da001705c9239c105a0015,32.29,7.3,23.0,14.81,91.16,4.19,21
2025-04-03 12:42:11.381733+00:00,70B3D57ED0045541,Hygro#55:41,Hygro,Mains of Carmyllie (LPID NO/54289/43391),56.580815,-2.747666,668b02da001605d7235c105c0016,32.27,7.3,22.0,14.95,90.52,4.19,22
2025-04-03 12:57:28.122958+00:00,70B3D57ED0045541,Hygro#55:41,Hygro,Mains of Carmyllie (LPID NO/54289/43391),56.580815,-2.747666,669002da001605cf2310105c0017,32.29,7.3,22.0,14.87,89.76,4.19,23
2025-04-03 13:12:44.861119+00:00,70B3D57ED0045541,Hygro#55:41,Hygro,Mains of Carmyllie (LPID NO/54289/43391),56.580815,-2.747666,668c02da001705d122d410580018,32.27,7.3,23.0,14.89,89.16,4.18,24
2025-04-03 13:28:01.604297+00:00,70B3D57ED0045541,Hygro#55:41,Hygro,Mains of Carmyllie (LPID NO/54289/43391),56.580815,-2.747666,668802da001705cf228410580019,32.26,7.3,23.0,14.87,88.36,4.18,25
2025-04-03 13:43:18.349391+00:00,70B3D57ED0045541,Hygro#55:41,Hygro,Mains of Carmyllie (LPID NO/54289/43391),56.580815,-2.747666,668402da001605c52252105a001a,32.24,7.3,22.0,14.77,87.86,4.19,26
2025-04-03 13:58:35.078340+00:00,70B3D57ED0045541,Hygro#55:41,Hygro,Mains of Carmyllie (LPID NO/54289/43391),56.580815,-2.747666,668202da001605d522201058001b,32.23,7.3,22.0,14.93,87.36,4.18,27
2025-04-03 14:13:51.800058+00:00,70B3D57ED0045541,Hygro#55:41,Hygro,Mains of Carmyllie (LPID NO/54289/43391),56.580815,-2.747666,668702da001605bc21c8105a001c,32.25,7.3,22.0,14.68,86.48,4.19,28
2025-04-03 14:29:08.545073+00:00,70B3D57ED0045541,Hygro#55:41,Hygro,Mains of Carmyllie (LPID NO/54289/43391),56.580815,-2.747666,668802da001605842191105a001d,32.26,7.3,22.0,14.12,85.93,4.19,29
2025-04-03 14:44:25.276693+00:00,70B3D57ED0045541,Hygro#55:41,Hygro,Mains of Carmyllie (LPID NO/54289/43391),56.580815,-2.747666,668a02e200160571215a105a001e,32.26,7.38,22.0,13.93,85.38,4.19,30
2025-04-03 14:59:42.016492+00:00,70B3D57ED0045541,Hygro#55:41,Hygro,Mains of Carmyllie (LPID NO/54289/43391),56.580815,-2.747666,668502e40016056b2110105c001f,32.24,7.4,22.0,13.87,84.64,4.19,31
2025-04-03 15:14:58.759979+00:00,70B3D57ED0045541,Hygro#55:41,Hygro,Mains of Carmyllie (LPID NO/54289/43391),56.580815,-2.747666,668502e40016053320f7105a0020,32.24,7.4,22.0,13.31,84.39,4.19,32
2025-04-03 15:30:15.497747+00:00,70B3D57ED0045541,Hygro#55:41,Hygro,Mains of Carmyllie (LPID NO/54289/43391),56.580815,-2.747666,661b02e40016050720be103e0021,31.83,7.4,22.0,12.87,83.82,4.16,33
2025-04-04 07:06:55.476404+00:00,70B3D57ED0045541,Hygro#55:41,Hygro,Mains of Carmyllie (LPID NO/54289/43391),56.580815,-2.747666,666802e4001602112535105a0000,32.13,7.4,22.0,5.29,95.25,4.19,0
2025-04-05 08:04:41.280208+00:00,70B3D57ED0045541,Hygro#55:41,Hygro,Mains of Carmyllie (LPID NO/54289/43391),56.580815,-2.747666,665302bc0016020825e010580001,32.05,7.0,22.0,5.2,96.96,4.18,1
2025-04-05 08:19:58.063312+00:00,70B3D57ED0045541,Hygro#55:41,Hygro,Mains of Carmyllie (LPID NO/54289/43391),56.580815,-2.747666,665402bc0014024b25b5105a0002,32.05,7.0,20.0,5.87,96.53,4.19,2
2025-04-05 08:35:14.852333+00:00,70B3D57ED0045541,Hygro#55:41,Hygro,Mains of Carmyllie (LPID NO/54289/43391),56.580815,-2.747666,665202bb0015022c25d110580003,32.05,6.99,21.0,5.56,96.81,4.18,3
2025-04-05 08:50:31.635304+00:00,70B3D57ED0045541,Hygro#55:41,Hygro,Mains of Carmyllie (LPID NO/54289/43391),56.580815,-2.747666,665102b20016025125dc10580004,32.04,6.9,22.0,5.93,96.92,4.18,4
2025-04-05 09:05:48.413022+00:00,70B3D57ED0045541,Hygro#55:41,Hygro,Mains of Carmyllie (LPID NO/54289/43391),56.580815,-2.747666,664c02b20015025825d010580005,32.02,6.9,21.0,6.0,96.8,4.18,5
2025-04-05 09:21:05.190546+00:00,70B3D57ED0045541,Hygro#55:41,Hygro,Mains of Carmyllie (LPID NO/54289/43391),56.580815,-2.747666,665102b2001502b525e810580006,32.04,6.9,21.0,6.93,97.04,4.18,6
2025-04-05 09:36:21.962456+00:00,70B3D57ED0045541,Hygro#55:41,Hygro,Mains of Carmyllie (LPID NO/54289/43391),56.580815,-2.747666,664802b200150345260a105a0007,32.01,6.9,21.0,8.37,97.38,4.19,7
2025-04-05 09:51:38.733285+00:00,70B3D57ED0045541,Hygro#55:41,Hygro,Mains of Carmyllie (LPID NO/54289/43391),56.580815,-2.747666,664c02b2001603b125f6105a0008,32.02,6.9,22.0,9.45,97.18,4.19,8
2025-04-05 10:06:55.491992+00:00,70B3D57ED0045541,Hygro#55:41,Hygro,Mains of Carmyllie (LPID NO/54289/43391),56.580815,-2.747666,664a02b2001503c625da105a0009,32.02,6.9,21.0,9.66,96.9,4.19,9
2025-04-05 10:22:12.267155+00:00,70B3D57ED0045541,Hygro#55:41,Hygro,Mains of Carmyllie (LPID NO/54289/43391),56.580815,-2.747666,664e02b2001503bc2612105a000a,32.03,6.9,21.0,9.56,97.46,4.19,10
2025-04-05 10:37:29.052611+00:00,70B3D57ED0045541,Hygro#55:41,Hygro,Mains of Carmyllie (LPID NO/54289/43391),56.580815,-2.747666,664c02b2001603cf25b2105a000b,32.02,6.9,22.0,9.75,96.5,4.19,11
2025-04-05 10:52:45.791322+00:00,70B3D57ED0045541,Hygro#55:41,Hygro,Mains of Carmyllie (LPID NO/54289/43391),56.580815,-2.747666,664d02b2001503ee2575105c000c,32.03,6.9,21.0,10.06,95.89,4.19,12
2025-04-05 11:23:19.312414+00:00,70B3D57ED0045541,Hygro#55:41,Hygro,Mains of Carmyllie (LPID NO/54289/43391),56.580815,-2.747666,664702b2001503e1251d105a000e,32.0,6.9,21.0,9.93,95.01,4.19,14
2025-04-05 11:38:36.070495+00:00,70B3D57ED0045541,Hygro#55:41,Hygro,Mains of Carmyllie (LPID NO/54289/43391),56.580815,-2.747666,664302b20014042424df105c000f,31.99,6.9,20.0,10.6,94.39,4.19,15
2025-04-05 11:53:52.836157+00:00,70B3D57ED0045541,Hygro#55:41,Hygro,Mains of Carmyllie (LPID NO/54289/43391),56.580815,-2.747666,664002b2001503db248410580010,31.98,6.9,21.0,9.87,93.48,4.18,16
2025-04-05 12:09:09.593863+00:00,70B3D57ED0045541,Hygro#55:41,Hygro,Mains of Carmyllie (LPID NO/54289/43391),56.580815,-2.747666,664002b2001503ee2442105f0011,31.98,6.9,21.0,10.06,92.82,4.19,17
2025-04-05 12:24:26.398358+00:00,70B3D57ED0045541,Hygro#55:41,Hygro,Mains of Carmyllie (LPID NO/54289/43391),56.580815,-2.747666,664302b2001403f423eb105c0012,31.99,6.9,20.0,10.12,91.95,4.19,18
2025-04-05 12:39:43.108668+00:00,70B3D57ED0045541,Hygro#55:41,Hygro,Mains of Carmyllie (LPID NO/54289/43391),56.580815,-2.747666,664202ad001503f42389105a0013,31.98,6.85,21.0,10.12,90.97,4.19,19
2025-04-05 12:54:59.863220+00:00,70B3D57ED0045541,Hygro#55:41,Hygro,Mains of Carmyllie (LPID NO/54289/43391),56.580815,-2.747666,664102a80015041a235f105a0014,31.98,6.8,21.0,10.5,90.55,4.19,20
2025-04-05 13:10:16.615222+00:00,70B3D57ED0045541,Hygro#55:41,Hygro,Mains of Carmyllie (LPID NO/54289/43391),56.580815,-2.747666,663b02a8001403e8235b105c0015,31.96,6.8,20.0,10.0,90.51,4.19,21
2025-04-05 13:25:33.391419+00:00,70B3D57ED0045541,Hygro#55:41,Hygro,Mains of Carmyllie (LPID NO/54289/43391),56.580815,-2.747666,663802a800160401231410580016,31.95,6.8,22.0,10.25,89.8,4.18,22
2025-04-05 13:40:50.129811+00:00,70B3D57ED0045541,Hygro#55:41,Hygro,Mains of Carmyllie (LPID NO/54289/43391),56.580815,-2.747666,663602a80015040d2297105a0017,31.94,6.8,21.0,10.37,88.55,4.19,23
2025-04-05 13:56:06.883389+00:00,70B3D57ED0045541,Hygro#55:41,Hygro,Mains of Carmyllie (LPID NO/54289/43391),56.580815,-2.747666,663b02a800150420227f105a0018,31.96,6.8,21.0,10.56,88.31,4.19,24
2025-04-05 14:11:23.644338+00:00,70B3D57ED0045541,Hygro#55:41,Hygro,Mains of Carmyllie (LPID NO/54289/43391),56.580815,-2.747666,663702b100150401222f10580019,31.94,6.89,21.0,10.25,87.51,4.18,25
2025-04-05 14:26:40.394137+00:00,70B3D57ED0045541,Hygro#55:41,Hygro,Mains of Carmyllie (LPID NO/54289/43391),56.580815,-2.747666,663302b2001503d921d8105c001a,31.93,6.9,21.0,9.85,86.64,4.19,26
2025-04-05 14:57:13.896319+00:00,70B3D57ED0045541,Hygro#55:41,Hygro,Mains of Carmyllie (LPID NO/54289/43391),56.580815,-2.747666,663302b2001403c22152105a001c,31.93,6.9,20.0,9.62,85.3,4.19,28
2025-04-05 15:12:30.635749+00:00,70B3D57ED0045541,Hygro#55:41,Hygro,Mains of Carmyllie (LPID NO/54289/43391),56.580815,-2.747666,663402b20014039621341058001d,31.93,6.9,20.0,9.18,85.0,4.18,29
2025-04-05 15:27:47.396770+00:00,70B3D57ED0045541,Hygro#55:41,Hygro,Mains of Carmyllie (LPID NO/54289/43391),56.580815,-2.747666,663602b20015037d20ff105a001e,31.94,6.9,21.0,8.93,84.47,4.19,30
2025-04-06 08:12:23.448373+00:00,70B3D57ED0045541,Hygro#55:41,Hygro,Mains of Carmyllie (LPID NO/54289/43391),56.580815,-2.747666,661a02b20014028725ce10580000,31.83,6.9,20.0,6.47,96.78,4.18,0
2025-04-06 08:27:40.226525+00:00,70B3D57ED0045541,Hygro#55:41,Hygro,Mains of Carmyllie (LPID NO/54289/43391),56.580815,-2.747666,661c02b20015028325b2105a0001,31.84,6.9,21.0,6.43,96.5,4.19,1
2025-04-06 08:42:56.984657+00:00,70B3D57ED0045541,Hygro#55:41,Hygro,Mains of Carmyllie (LPID NO/54289/43391),56.580815,-2.747666,661e02b20014025825b910580002,31.84,6.9,20.0,6.0,96.57,4.18,2
2025-04-06 08:58:13.759361+00:00,70B3D57ED0045541,Hygro#55:41,Hygro,Mains of Carmyllie (LPID NO/54289/43391),56.580815,-2.747666,661902b2001503ba261610580003,31.83,6.9,21.0,9.54,97.5,4.18,3
2025-04-06 09:13:30.500461+00:00,70B3D57ED0045541,Hygro#55:41,Hygro,Mains of Carmyllie (LPID NO/54289/43391),56.580815,-2.747666,661e02b20014045825c810560004,31.84,6.9,20.0,11.12,96.72,4.18,4
2025-04-06 09:28:47.256690+00:00,70B3D57ED0045541,Hygro#55:41,Hygro,Mains of Carmyllie (LPID NO/54289/43391),56.580815,-2.747666,661902b2001503ee2607105c0005,31.83,6.9,21.0,10.06,97.35,4.19,5
2025-04-06 09:44:04.012000+00:00,70B3D57ED0045541,Hygro#55:41,Hygro,Mains of Carmyllie (LPID NO/54289/43391),56.580815,-2.747666,661802b2001503ea25e1105a0006,31.82,6.9,21.0,10.02,96.97,4.19,6
2025-04-06 09:59:20.753883+00:00,70B3D57ED0045541,Hygro#55:41,Hygro,Mains of Carmyllie (LPID NO/54289/43391),56.580815,-2.747666,661a02b20014048425e110580007,31.83,6.9,20.0,11.56,96.97,4.18,7
2025-04-06 10:14:37.504745+00:00,70B3D57ED0045541,Hygro#55:41,Hygro,Mains of Carmyllie (LPID NO/54289/43391),56.580815,-2.747666,661602b20014052625db10580008,31.81,6.9,20.0,13.18,96.91,4.18,8
2025-04-06 10:29:54.246975+00:00,70B3D57ED0045541,Hygro#55:41,Hygro,Mains of Carmyllie (LPID NO/54289/43391),56.580815,-2.747666,660f02b20015052f25a910560009,31.79,6.9,21.0,13.27,96.41,4.18,9
2025-04-06 10:45:10.991237+00:00,70B3D57ED0045541,Hygro#55:41,Hygro,Mains of Carmyllie (LPID NO/54289/43391),56.580815,-2.747666,661102b2001504fb25211056000a,31.79,6.9,21.0,12.75,95.05,4.18,10
2025-04-06 11:00:27.744125+00:00,70B3D57ED0045541,Hygro#55:41,Hygro,Mains of Carmyllie (LPID NO/54289/43391),56.580815,-2.747666,661302b2001404d72499105c000b,31.8,6.9,20.0,12.39,93.69,4.19,11
2025-04-06 11:15:44.491372+00:00,70B3D57ED0045541,Hygro#55:41,Hygro,Mains of Carmyllie (LPID NO/54289/43391),56.580815,-2.747666,661102b2001504e82478105a000c,31.79,6.9,21.0,12.56,93.36,4.19,12
2025-04-06 11:31:01.229067+00:00,70B3D57ED0045541,Hygro#55:41,Hygro,Mains of Carmyllie (LPID NO/54289/43391),56.580815,-2.747666,660c02b2001404f22419105c000d,31.77,6.9,20.0,12.66,92.41,4.19,13
2025-04-06 11:46:17.971169+00:00,70B3D57ED0045541,Hygro#55:41,Hygro,Mains of Carmyllie (LPID NO/54289/43391),56.580815,-2.747666,660902b2001605012399105c000e,31.76,6.9,22.0,12.81,91.13,4.19,14
2025-04-06 12:01:34.711874+00:00,70B3D57ED0045541,Hygro#55:41,Hygro,Mains of Carmyllie (LPID NO/54289/43391),56.580815,-2.747666,660602b2001505142301105c000f,31.75,6.9,21.0,13.0,89.61,4.19,15
2025-04-06 12:16:51.440621+00:00,70B3D57ED0045541,Hygro#55:41,Hygro,Mains of Carmyllie (LPID NO/54289/43391),56.580815,-2.747666,660a02b200160526226c10580010,31.77,6.9,22.0,13.18,88.12,4.18,16
2025-04-06 12:32:08.172644+00:00,70B3D57ED0045541,Hygro#55:41,Hygro,Mains of Carmyllie (LPID NO/54289/43391),56.580815,-2.747666,660902b20016053921c3105a0011,31.76,6.9,22.0,13.37,86.43,4.19,17
2025-04-06 12:47:24.906674+00:00,70B3D57ED0045541,Hygro#55:41,Hygro,Mains of Carmyllie (LPID NO/54289/43391),56.580815,-2.747666,660902b20014053920fa10580012,31.76,6.9,20.0,13.37,84.42,4.18,18
2025-04-06 13:02:41.642785+00:00,70B3D57ED0045541,Hygro#55:41,Hygro,Mains of Carmyllie (LPID NO/54289/43391),56.580815,-2.747666,65ff02b2001505632097105c0013,31.72,6.9,21.0,13.79,83.43,4.19,19
2025-04-06 13:17:58.367397+00:00,70B3D57ED0045541,Hygro#55:41,Hygro,Mains of Carmyllie (LPID NO/54289/43391),56.580815,-2.747666,660402b200140533204510580014,31.74,6.9,20.0,13.31,82.61,4.18,20
2025-04-06 13:33:15.114048+00:00,70B3D57ED0045541,Hygro#55:41,Hygro,Mains of Carmyllie (LPID NO/54289/43391),56.580815,-2.747666,660602b20014050d200d105a0015,31.75,6.9,20.0,12.93,82.05,4.19,21
2025-04-06 13:48:31.828923+00:00,70B3D57ED0045541,Hygro#55:41,Hygro,Mains of Carmyllie (LPID NO/54289/43391),56.580815,-2.747666,65fc02b2001404fb1fc1105a0016,31.71,6.9,20.0,12.75,81.29,4.19,22
2025-04-06 14:03:48.560934+00:00,70B3D57ED0045541,Hygro#55:41,Hygro,Mains of Carmyllie (LPID NO/54289/43391),56.580815,-2.747666,65fb02b2001404c91f8510580017,31.71,6.9,20.0,12.25,80.69,4.18,23
2025-04-06 14:19:05.301423+00:00,70B3D57ED0045541,Hygro#55:41,Hygro,Mains of Carmyllie (LPID NO/54289/43391),56.580815,-2.747666,65fe02b2001504c21f3310560018,31.72,6.9,21.0,12.18,79.87,4.18,24
2025-04-06 14:34:22.031197+00:00,70B3D57ED0045541,Hygro#55:41,Hygro,Mains of Carmyllie (LPID NO/54289/43391),56.580815,-2.747666,65f502bc001504b01f0a10560019,31.69,7.0,21.0,12.0,79.46,4.18,25
2025-04-06 14:49:38.773527+00:00,70B3D57ED0045541,Hygro#55:41,Hygro,Mains of Carmyllie (LPID NO/54289/43391),56.580815,-2.747666,65f902bc001504771ef2105a001a,31.7,7.0,21.0,11.43,79.22,4.19,26
2025-04-06 15:04:55.518749+00:00,70B3D57ED0045541,Hygro#55:41,Hygro,Mains of Carmyllie (LPID NO/54289/43391),56.580815,-2.747666,65f302bc001504751e87105c001b,31.68,7.0,21.0,11.41,78.15,4.19,27
2025-04-06 15:20:12.244145+00:00,70B3D57ED0045541,Hygro#55:41,Hygro,Mains of Carmyllie (LPID NO/54289/43391),56.580815,-2.747666,65f702bc001404391e311058001c,31.69,7.0,20.0,10.81,77.29,4.18,28
2025-04-07 07:06:47.716004+00:00,70B3D57ED0045541,Hygro#55:41,Hygro,Mains of Carmyllie (LPID NO/54289/43391),56.580815,-2.747666,65dd02d0001401ed24b810560000,31.59,7.2,20.0,4.93,94.0,4.18,0
2025-04-07 07:22:04.478179+00:00,70B3D57ED0045541,Hygro#55:41,Hygro,Mains of Carmyllie (LPID NO/54289/43391),56.580815,-2.747666,65dd02d000150281247810580001,31.59,7.2,21.0,6.41,93.36,4.18,1
2025-04-07 07:37:21.240714+00:00,70B3D57ED0045541,Hygro#55:41,Hygro,Mains of Carmyllie (LPID NO/54289/43391),56.580815,-2.747666,65dd02c6001402bc244110580002,31.59,7.1,20.0,7.0,92.81,4.18,2
2025-04-07 07:52:37.986900+00:00,70B3D57ED0045541,Hygro#55:41,Hygro,Mains of Carmyllie (LPID NO/54289/43391),56.580815,-2.747666,65df02c6001403d5243e10560003,31.6,7.1,20.0,9.81,92.78,4.18,3
2025-04-07 08:07:54.720871+00:00,70B3D57ED0045541,Hygro#55:41,Hygro,Mains of Carmyllie (LPID NO/54289/43391),56.580815,-2.747666,65e302c60014046b242f105a0004,31.62,7.1,20.0,11.31,92.63,4.19,4
2025-04-07 08:23:11.458344+00:00,70B3D57ED0045541,Hygro#55:41,Hygro,Mains of Carmyllie (LPID NO/54289/43391),56.580815,-2.747666,65dd02c600140492244810510005,31.59,7.1,20.0,11.7,92.88,4.18,5
2025-04-07 08:38:28.186785+00:00,70B3D57ED0045541,Hygro#55:41,Hygro,Mains of Carmyllie (LPID NO/54289/43391),56.580815,-2.747666,65d802c60013055f23e310580006,31.57,7.1,19.0,13.75,91.87,4.18,6
2025-04-07 09:09:01.647368+00:00,70B3D57ED0045541,Hygro#55:41,Hygro,Mains of Carmyllie (LPID NO/54289/43391),56.580815,-2.747666,65d802c6001405ee24a210560008,31.57,7.1,20.0,15.18,93.78,4.18,8
2025-04-07 09:24:18.388511+00:00,70B3D57ED0045541,Hygro#55:41,Hygro,Mains of Carmyllie (LPID NO/54289/43391),56.580815,-2.747666,65d802c60013059d23e810560009,31.57,7.1,19.0,14.37,91.92,4.18,9
2025-04-07 09:39:35.127791+00:00,70B3D57ED0045541,Hygro#55:41,Hygro,Mains of Carmyllie (LPID NO/54289/43391),56.580815,-2.747666,65d602c60014055823b01056000a,31.57,7.1,20.0,13.68,91.36,4.18,10
2025-04-07 09:54:51.868373+00:00,70B3D57ED0045541,Hygro#55:41,Hygro,Mains of Carmyllie (LPID NO/54289/43391),56.580815,-2.747666,65d602c600150567240e1058000b,31.57,7.1,21.0,13.83,92.3,4.18,11
2025-04-07 10:10:08.605615+00:00,70B3D57ED0045541,Hygro#55:41,Hygro,Mains of Carmyllie (LPID NO/54289/43391),56.580815,-2.747666,65d302c6001405c924781058000c,31.55,7.1,20.0,14.81,93.36,4.18,12
2025-04-07 10:25:25.342678+00:00,70B3D57ED0045541,Hygro#55:41,Hygro,Mains of Carmyllie (LPID NO/54289/43391),56.580815,-2.747666,65d102bc001405f5241c1056000d,31.55,7.0,20.0,15.25,92.44,4.18,13
2025-04-07 10:40:42.080633+00:00,70B3D57ED0045541,Hygro#55:41,Hygro,Mains of Carmyllie (LPID NO/54289/43391),56.580815,-2.747666,65ce02bc001405cf23a51056000e,31.53,7.0,20.0,14.87,91.25,4.18,14
2025-04-07 10:55:58.821615+00:00,70B3D57ED0045541,Hygro#55:41,Hygro,Mains of Carmyllie (LPID NO/54289/43391),56.580815,-2.747666,65d102bc001405aa236a105a000f,31.55,7.0,20.0,14.5,90.66,4.19,15
2025-04-07 11:11:15.565650+00:00,70B3D57ED0045541,Hygro#55:41,Hygro,Mains of Carmyllie (LPID NO/54289/43391),56.580815,-2.747666,65cd02bc001405be2369105a0010,31.53,7.0,20.0,14.7,90.65,4.19,16
2025-04-07 11:26:32.301964+00:00,70B3D57ED0045541,Hygro#55:41,Hygro,Mains of Carmyllie (LPID NO/54289/43391),56.580815,-2.747666,65c902bc001505dc232d105a0011,31.52,7.0,21.0,15.0,90.05,4.19,17
2025-04-07 11:41:49.033930+00:00,70B3D57ED0045541,Hygro#55:41,Hygro,Mains of Carmyllie (LPID NO/54289/43391),56.580815,-2.747666,65c502bc001405f522d3105a0012,31.5,7.0,20.0,15.25,89.15,4.19,18
2025-04-07 11:57:05.771676+00:00,70B3D57ED0045541,Hygro#55:41,Hygro,Mains of Carmyllie (LPID NO/54289/43391),56.580815,-2.747666,65c602bc0014062f2281105a0013,31.5,7.0,20.0,15.83,88.33,4.19,19
2025-04-07 12:12:22.499298+00:00,70B3D57ED0045541,Hygro#55:41,Hygro,Mains of Carmyllie (LPID NO/54289/43391),56.580815,-2.747666,65c702bc0014062021af105a0014,31.51,7.0,20.0,15.68,86.23,4.19,20
2025-04-07 12:27:39.228225+00:00,70B3D57ED0045541,Hygro#55:41,Hygro,Mains of Carmyllie (LPID NO/54289/43391),56.580815,-2.747666,65c102bc001405f220f8105a0015,31.48,7.0,20.0,15.22,84.4,4.19,21
2025-04-07 12:42:55.955781+00:00,70B3D57ED0045541,Hygro#55:41,Hygro,Mains of Carmyllie (LPID NO/54289/43391),56.580815,-2.747666,65c002bc001505f520c3105a0016,31.48,7.0,21.0,15.25,83.87,4.19,22
2025-04-07 12:58:12.690366+00:00,70B3D57ED0045541,Hygro#55:41,Hygro,Mains of Carmyllie (LPID NO/54289/43391),56.580815,-2.747666,65be02c6001305f2205a105c0017,31.47,7.1,19.0,15.22,82.82,4.19,23
2025-04-07 13:28:46.142488+00:00,70B3D57ED0045541,Hygro#55:41,Hygro,Mains of Carmyllie (LPID NO/54289/43391),56.580815,-2.747666,65bf02c6001405dc1fef10580019,31.48,7.1,20.0,15.0,81.75,4.18,25
2025-04-07 13:44:02.890207+00:00,70B3D57ED0045541,Hygro#55:41,Hygro,Mains of Carmyllie (LPID NO/54289/43391),56.580815,-2.747666,65b902c6001405e21fd01058001a,31.45,7.1,20.0,15.06,81.44,4.18,26
2025-04-07 13:59:19.610044+00:00,70B3D57ED0045541,Hygro#55:41,Hygro,Mains of Carmyllie (LPID NO/54289/43391),56.580815,-2.747666,65b702c6001405c31f8a1058001b,31.45,7.1,20.0,14.75,80.74,4.18,27
2025-04-07 14:14:36.342773+00:00,70B3D57ED0045541,Hygro#55:41,Hygro,Mains of Carmyllie (LPID NO/54289/43391),56.580815,-2.747666,65b902c6001405911f041058001c,31.45,7.1,20.0,14.25,79.4,4.18,28
2025-04-07 14:29:53.080991+00:00,70B3D57ED0045541,Hygro#55:41,Hygro,Mains of Carmyllie (LPID NO/54289/43391),56.580815,-2.747666,65b402c6001405971eb1105a001d,31.43,7.1,20.0,14.31,78.57,4.19,29
2025-04-07 14:45:09.800528+00:00,70B3D57ED0045541,Hygro#55:41,Hygro,Mains of Carmyllie (LPID NO/54289/43391),56.580815,-2.747666,65b802c6001405711e3b1058001e,31.45,7.1,20.0,13.93,77.39,4.18,30
2025-04-07 15:00:26.536468+00:00,70B3D57ED0045541,Hygro#55:41,Hygro,Mains of Carmyllie (LPID NO/54289/43391),56.580815,-2.747666,65b202d00013053f1df41058001f,31.43,7.2,19.0,13.43,76.68,4.18,31
2025-04-07 15:15:43.259843+00:00,70B3D57ED0045541,Hygro#55:41,Hygro,Mains of Carmyllie (LPID NO/54289/43391),56.580815,-2.747666,65b302d0001305011de0105a0020,31.43,7.2,19.0,12.81,76.48,4.19,32
2025-04-08 08:38:05.942805+00:00,70B3D57ED0045541,Hygro#55:41,Hygro,Mains of Carmyllie (LPID NO/54289/43391),56.580815,-2.747666,659602e4001302e125cd10580000,31.32,7.4,19.0,7.37,96.77,4.18,0
2025-04-08 08:53:22.707303+00:00,70B3D57ED0045541,Hygro#55:41,Hygro,Mains of Carmyllie (LPID NO/54289/43391),56.580815,-2.747666,647002e4001302ca25c9102c0001,30.18,7.4,19.0,7.14,96.73,4.14,1
2025-04-08 09:08:39.476038+00:00,70B3D57ED0045541,Hygro#55:41,Hygro,Mains of Carmyllie (LPID NO/54289/43391),56.580815,-2.747666,659802e4001402c825e810580002,31.33,7.4,20.0,7.12,97.04,4.18,2
2025-04-08 09:23:56.232281+00:00,70B3D57ED0045541,Hygro#55:41,Hygro,Mains of Carmyllie (LPID NO/54289/43391),56.580815,-2.747666,659702e10014035c25c1105a0003,31.32,7.37,20.0,8.6,96.65,4.19,3
2025-04-08 09:39:12.987948+00:00,70B3D57ED0045541,Hygro#55:41,Hygro,Mains of Carmyllie (LPID NO/54289/43391),56.580815,-2.747666,659902da001303f825b210580004,31.33,7.3,19.0,10.16,96.5,4.18,4
2025-04-08 09:54:29.744434+00:00,70B3D57ED0045541,Hygro#55:41,Hygro,Mains of Carmyllie (LPID NO/54289/43391),56.580815,-2.747666,659402da001304a3257d10560005,31.31,7.3,19.0,11.87,95.97,4.18,5
2025-04-08 10:09:46.485364+00:00,70B3D57ED0045541,Hygro#55:41,Hygro,Mains of Carmyllie (LPID NO/54289/43391),56.580815,-2.747666,659502da001304c9253c10580006,31.31,7.3,19.0,12.25,95.32,4.18,6
2025-04-08 10:25:03.233491+00:00,70B3D57ED0045541,Hygro#55:41,Hygro,Mains of Carmyllie (LPID NO/54289/43391),56.580815,-2.747666,659b02da0013053324de10580007,31.34,7.3,19.0,13.31,94.38,4.18,7
2025-04-08 10:40:19.979187+00:00,70B3D57ED0045541,Hygro#55:41,Hygro,Mains of Carmyllie (LPID NO/54289/43391),56.580815,-2.747666,659602da00140569249c10560008,31.32,7.3,20.0,13.85,93.72,4.18,8
2025-04-08 10:55:36.713829+00:00,70B3D57ED0045541,Hygro#55:41,Hygro,Mains of Carmyllie (LPID NO/54289/43391),56.580815,-2.747666,659502da0014054e245310560009,31.31,7.3,20.0,13.58,92.99,4.18,9
2025-04-08 11:10:53.468037+00:00,70B3D57ED0045541,Hygro#55:41,Hygro,Mains of Carmyllie (LPID NO/54289/43391),56.580815,-2.747666,658d02da001305972402105a000a,31.28,7.3,19.0,14.31,92.18,4.19,10
2025-04-08 11:26:10.195546+00:00,70B3D57ED0045541,Hygro#55:41,Hygro,Mains of Carmyllie (LPID NO/54289/43391),56.580815,-2.747666,658c02da001305a323e3105a000b,31.28,7.3,19.0,14.43,91.87,4.19,11
2025-04-08 11:41:26.935261+00:00,70B3D57ED0045541,Hygro#55:41,Hygro,Mains of Carmyllie (LPID NO/54289/43391),56.580815,-2.747666,658902da001405e223a5105a000c,31.27,7.3,20.0,15.06,91.25,4.19,12
2025-04-08 11:56:43.668651+00:00,70B3D57ED0045541,Hygro#55:41,Hygro,Mains of Carmyllie (LPID NO/54289/43391),56.580815,-2.747666,659002da001405fb230a105c000d,31.29,7.3,20.0,15.31,89.7,4.19,13
2025-04-08 12:12:00.406871+00:00,70B3D57ED0045541,Hygro#55:41,Hygro,Mains of Carmyllie (LPID NO/54289/43391),56.580815,-2.747666,658902da001305e822c6105a000e,31.27,7.3,19.0,15.12,89.02,4.19,14
2025-04-08 12:27:17.136885+00:00,70B3D57ED0045541,Hygro#55:41,Hygro,Mains of Carmyllie (LPID NO/54289/43391),56.580815,-2.747666,658f02da001305ac22511058000f,31.29,7.3,19.0,14.52,87.85,4.18,15
2025-04-08 12:42:33.872385+00:00,70B3D57ED0045541,Hygro#55:41,Hygro,Mains of Carmyllie (LPID NO/54289/43391),56.580815,-2.747666,658902da001305b0220710580010,31.27,7.3,19.0,14.56,87.11,4.18,16
2025-04-08 12:57:50.615408+00:00,70B3D57ED0045541,Hygro#55:41,Hygro,Mains of Carmyllie (LPID NO/54289/43391),56.580815,-2.747666,658202da001305a521d2105a0011,31.24,7.3,19.0,14.45,86.58,4.19,17
2025-04-08 13:13:07.350677+00:00,70B3D57ED0045541,Hygro#55:41,Hygro,Mains of Carmyllie (LPID NO/54289/43391),56.580815,-2.747666,657e02da00130591219610560012,31.22,7.3,19.0,14.25,85.98,4.18,18
2025-04-08 13:28:24.080517+00:00,70B3D57ED0045541,Hygro#55:41,Hygro,Mains of Carmyllie (LPID NO/54289/43391),56.580815,-2.747666,657d02da001305a32150105a0013,31.22,7.3,19.0,14.43,85.28,4.19,19
2025-04-08 13:43:40.817512+00:00,70B3D57ED0045541,Hygro#55:41,Hygro,Mains of Carmyllie (LPID NO/54289/43391),56.580815,-2.747666,658002da001305aa20dd105a0014,31.23,7.3,19.0,14.5,84.13,4.19,20
2025-04-08 13:58:57.552034+00:00,70B3D57ED0045541,Hygro#55:41,Hygro,Mains of Carmyllie (LPID NO/54289/43391),56.580815,-2.747666,657d02da001405a3209c105a0015,31.22,7.3,20.0,14.43,83.48,4.19,21
2025-04-08 14:14:14.285316+00:00,70B3D57ED0045541,Hygro#55:41,Hygro,Mains of Carmyllie (LPID NO/54289/43391),56.580815,-2.747666,658402da001305a5205510580016,31.25,7.3,19.0,14.45,82.77,4.18,22
2025-04-08 14:29:31.021847+00:00,70B3D57ED0045541,Hygro#55:41,Hygro,Mains of Carmyllie (LPID NO/54289/43391),56.580815,-2.747666,657802da001405971f9c10580017,31.2,7.3,20.0,14.31,80.92,4.18,23
2025-04-08 14:44:47.744880+00:00,70B3D57ED0045541,Hygro#55:41,Hygro,Mains of Carmyllie (LPID NO/54289/43391),56.580815,-2.747666,657c02da001305651f6410580018,31.22,7.3,19.0,13.81,80.36,4.18,24
2025-04-08 15:00:04.488826+00:00,70B3D57ED0045541,Hygro#55:41,Hygro,Mains of Carmyllie (LPID NO/54289/43391),56.580815,-2.747666,657502da001305311ec610580019,31.19,7.3,19.0,13.29,78.78,4.18,25
2025-04-08 15:15:21.225210+00:00,70B3D57ED0045541,Hygro#55:41,Hygro,Mains of Carmyllie (LPID NO/54289/43391),56.580815,-2.747666,657802e4001304f41e891058001a,31.2,7.4,19.0,12.68,78.17,4.18,26
2025-04-09 09:19:18.069480+00:00,70B3D57ED0045541,Hygro#55:41,Hygro,Mains of Carmyllie (LPID NO/54289/43391),56.580815,-2.747666,643c02e4001302a3258d10230000,29.98,7.4,19.0,6.75,96.13,4.13,0
2025-04-10 07:20:08.554539+00:00,70B3D57ED0045541,Hygro#55:41,Hygro,Mains of Carmyllie (LPID NO/54289/43391),56.580815,-2.747666,652c02e1001303d1253110580001,30.91,7.37,19.0,9.77,95.21,4.18,1
2025-04-10 07:35:25.296855+00:00,70B3D57ED0045541,Hygro#55:41,Hygro,Mains of Carmyllie (LPID NO/54289/43391),56.580815,-2.747666,652e02da0013040b247410560002,30.91,7.3,19.0,10.35,93.32,4.18,2
2025-04-10 07:50:42.038366+00:00,70B3D57ED0045541,Hygro#55:41,Hygro,Mains of Carmyllie (LPID NO/54289/43391),56.580815,-2.747666,653102da0014038a248210560003,30.93,7.3,20.0,9.06,93.46,4.18,3
2025-04-10 08:05:58.781672+00:00,70B3D57ED0045541,Hygro#55:41,Hygro,Mains of Carmyllie (LPID NO/54289/43391),56.580815,-2.747666,652e02da001203e824a510560004,30.91,7.3,18.0,10.0,93.81,4.18,4
2025-04-10 08:21:15.516584+00:00,70B3D57ED0045541,Hygro#55:41,Hygro,Mains of Carmyllie (LPID NO/54289/43391),56.580815,-2.747666,652702da0013042624d6105a0005,30.89,7.3,19.0,10.62,94.3,4.19,5
2025-04-10 08:36:32.246001+00:00,70B3D57ED0045541,Hygro#55:41,Hygro,Mains of Carmyllie (LPID NO/54289/43391),56.580815,-2.747666,652a02da00140477250410540006,30.9,7.3,20.0,11.43,94.76,4.18,6
2025-04-10 08:51:48.979049+00:00,70B3D57ED0045541,Hygro#55:41,Hygro,Mains of Carmyllie (LPID NO/54289/43391),56.580815,-2.747666,652a02da001404f224f410580007,30.9,7.3,20.0,12.66,94.6,4.18,7
2025-04-10 09:07:05.701604+00:00,70B3D57ED0045541,Hygro#55:41,Hygro,Mains of Carmyllie (LPID NO/54289/43391),56.580815,-2.747666,652302da0013052d24f410580008,30.87,7.3,19.0,13.25,94.6,4.18,8
2025-04-10 09:22:22.422786+00:00,70B3D57ED0045541,Hygro#55:41,Hygro,Mains of Carmyllie (LPID NO/54289/43391),56.580815,-2.747666,652002da0012058e24fd10580009,30.86,7.3,18.0,14.22,94.69,4.18,9
2025-04-10 09:37:39.142843+00:00,70B3D57ED0045541,Hygro#55:41,Hygro,Mains of Carmyllie (LPID NO/54289/43391),56.580815,-2.747666,652102da001305e825171056000a,30.86,7.3,19.0,15.12,94.95,4.18,10
2025-04-10 09:52:55.867696+00:00,70B3D57ED0045541,Hygro#55:41,Hygro,Mains of Carmyllie (LPID NO/54289/43391),56.580815,-2.747666,651e02da0012065624e51056000b,30.85,7.3,18.0,16.22,94.45,4.18,11
2025-04-10 10:08:12.588452+00:00,70B3D57ED0045541,Hygro#55:41,Hygro,Mains of Carmyllie (LPID NO/54289/43391),56.580815,-2.747666,651e02da001406b624ca105a000c,30.85,7.3,20.0,17.18,94.18,4.19,12
2025-04-10 10:23:29.305309+00:00,70B3D57ED0045541,Hygro#55:41,Hygro,Mains of Carmyllie (LPID NO/54289/43391),56.580815,-2.747666,651a02da001206fb24b41054000d,30.84,7.3,18.0,17.87,93.96,4.18,13
2025-04-10 10:54:02.746120+00:00,70B3D57ED0045541,Hygro#55:41,Hygro,Mains of Carmyllie (LPID NO/54289/43391),56.580815,-2.747666,651a02da00130823243a1058000f,30.84,7.3,19.0,20.83,92.74,4.18,15
2025-04-10 11:09:19.475588+00:00,70B3D57ED0045541,Hygro#55:41,Hygro,Mains of Carmyllie (LPID NO/54289/43391),56.580815,-2.747666,651402da0013089e23cd105a0010,30.81,7.3,19.0,22.06,91.65,4.19,16
2025-04-10 11:24:36.169080+00:00,70B3D57ED0045541,Hygro#55:41,Hygro,Mains of Carmyllie (LPID NO/54289/43391),56.580815,-2.747666,651102da0013081b233f10580011,30.8,7.3,19.0,20.75,90.23,4.18,17
2025-04-10 11:39:52.884999+00:00,70B3D57ED0045541,Hygro#55:41,Hygro,Mains of Carmyllie (LPID NO/54289/43391),56.580815,-2.747666,650f02da0013086622b910540012,30.79,7.3,19.0,21.5,88.89,4.18,18
2025-04-10 11:55:09.595615+00:00,70B3D57ED0045541,Hygro#55:41,Hygro,Mains of Carmyllie (LPID NO/54289/43391),56.580815,-2.747666,650702da0012086621af10560013,30.76,7.3,18.0,21.5,86.23,4.18,19
2025-04-10 12:10:26.315075+00:00,70B3D57ED0045541,Hygro#55:41,Hygro,Mains of Carmyllie (LPID NO/54289/43391),56.580815,-2.747666,650502da00120876211910580014,30.75,7.3,18.0,21.66,84.73,4.18,20
2025-04-10 12:25:43.012593+00:00,70B3D57ED0045541,Hygro#55:41,Hygro,Mains of Carmyllie (LPID NO/54289/43391),56.580815,-2.747666,650602da0013087820d110580015,30.76,7.3,19.0,21.68,84.01,4.18,21
2025-04-10 12:40:59.731024+00:00,70B3D57ED0045541,Hygro#55:41,Hygro,Mains of Carmyllie (LPID NO/54289/43391),56.580815,-2.747666,650202da001208aa206810540016,30.74,7.3,18.0,22.18,82.96,4.18,22
2025-04-10 12:56:16.446334+00:00,70B3D57ED0045541,Hygro#55:41,Hygro,Mains of Carmyllie (LPID NO/54289/43391),56.580815,-2.747666,64ff02da001308a4201b10560017,30.73,7.3,19.0,22.12,82.19,4.18,23
2025-04-10 13:11:33.160610+00:00,70B3D57ED0045541,Hygro#55:41,Hygro,Mains of Carmyllie (LPID NO/54289/43391),56.580815,-2.747666,64fb02da001208bb1fd810540018,30.72,7.3,18.0,22.35,81.52,4.18,24
2025-04-10 13:26:49.862885+00:00,70B3D57ED0045541,Hygro#55:41,Hygro,Mains of Carmyllie (LPID NO/54289/43391),56.580815,-2.747666,64fc02da0013089e1fc410560019,30.72,7.3,19.0,22.06,81.32,4.18,25
2025-04-10 13:42:06.581142+00:00,70B3D57ED0045541,Hygro#55:41,Hygro,Mains of Carmyllie (LPID NO/54289/43391),56.580815,-2.747666,64fc02da001208aa1f8f1054001a,30.72,7.3,18.0,22.18,80.79,4.18,26
2025-04-10 13:57:23.303619+00:00,70B3D57ED0045541,Hygro#55:41,Hygro,Mains of Carmyllie (LPID NO/54289/43391),56.580815,-2.747666,64f502e4001308ef1f371054001b,30.69,7.4,19.0,22.87,79.91,4.18,27
2025-04-10 14:12:40.003228+00:00,70B3D57ED0045541,Hygro#55:41,Hygro,Mains of Carmyllie (LPID NO/54289/43391),56.580815,-2.747666,64f002e4001308b11ed81054001c,30.67,7.4,19.0,22.25,78.96,4.18,28
2025-04-10 14:27:56.717933+00:00,70B3D57ED0045541,Hygro#55:41,Hygro,Mains of Carmyllie (LPID NO/54289/43391),56.580815,-2.747666,64f002e40012086c1eba1056001d,30.67,7.4,18.0,21.56,78.66,4.18,29
2025-04-10 14:43:13.431089+00:00,70B3D57ED0045541,Hygro#55:41,Hygro,Mains of Carmyllie (LPID NO/54289/43391),56.580815,-2.747666,64ed02e4001308911e621056001e,30.66,7.4,19.0,21.93,77.78,4.18,30
2025-04-10 14:58:30.142436+00:00,70B3D57ED0045541,Hygro#55:41,Hygro,Mains of Carmyllie (LPID NO/54289/43391),56.580815,-2.747666,64ed02e4001208c31dc31056001f,30.66,7.4,18.0,22.43,76.19,4.18,31
2025-04-10 15:13:46.858584+00:00,70B3D57ED0045541,Hygro#55:41,Hygro,Mains of Carmyllie (LPID NO/54289/43391),56.580815,-2.747666,64ea02e4001308781d7610540020,30.65,7.4,19.0,21.68,75.42,4.18,32
2025-04-10 15:29:03.571174+00:00,70B3D57ED0045541,Hygro#55:41,Hygro,Mains of Carmyllie (LPID NO/54289/43391),56.580815,-2.747666,64ea02ee001408211d4a10400021,30.65,7.5,20.0,20.81,74.98,4.16,33
2025-04-10 15:44:20.274455+00:00,70B3D57ED0045541,Hygro#55:41,Hygro,Mains of Carmyllie (LPID NO/54289/43391),56.580815,-2.747666,63b902ee001307d61d3e102c0022,29.47,7.5,19.0,20.06,74.86,4.14,34
2025-04-11 07:42:50.142554+00:00,70B3D57ED0045541,Hygro#55:41,Hygro,Mains of Carmyllie (LPID NO/54289/43391),56.580815,-2.747666,64c0032a0011039d255010580000,30.49,8.1,17.0,9.25,95.52,4.18,0
2025-04-11 07:58:06.907407+00:00,70B3D57ED0045541,Hygro#55:41,Hygro,Mains of Carmyllie (LPID NO/54289/43391),56.580815,-2.747666,64be032a00120443256710560001,30.48,8.1,18.0,10.91,95.75,4.18,1
2025-04-11 08:13:23.646523+00:00,70B3D57ED0045541,Hygro#55:41,Hygro,Mains of Carmyllie (LPID NO/54289/43391),56.580815,-2.747666,64bc032a001204d1259910560002,30.47,8.1,18.0,12.33,96.25,4.18,2
2025-04-11 08:28:40.391231+00:00,70B3D57ED0045541,Hygro#55:41,Hygro,Mains of Carmyllie (LPID NO/54289/43391),56.580815,-2.747666,64b803200013052a258f10560003,30.46,8.0,19.0,13.22,96.15,4.18,3
2025-04-11 08:43:57.147427+00:00,70B3D57ED0045541,Hygro#55:41,Hygro,Mains of Carmyllie (LPID NO/54289/43391),56.580815,-2.747666,64b603200012048424a010580004,30.45,8.0,18.0,11.56,93.76,4.18,4
2025-04-11 08:59:13.896355+00:00,70B3D57ED0045541,Hygro#55:41,Hygro,Mains of Carmyllie (LPID NO/54289/43391),56.580815,-2.747666,64b803200012049d2524105a0005,30.46,8.0,18.0,11.81,95.08,4.19,5
2025-04-11 09:14:30.643286+00:00,70B3D57ED0045541,Hygro#55:41,Hygro,Mains of Carmyllie (LPID NO/54289/43391),56.580815,-2.747666,64b40320001305d525ef105a0006,30.44,8.0,19.0,14.93,97.11,4.19,6
2025-04-11 09:29:47.382664+00:00,70B3D57ED0045541,Hygro#55:41,Hygro,Mains of Carmyllie (LPID NO/54289/43391),56.580815,-2.747666,64b303200012065225ee10580007,30.44,8.0,18.0,16.18,97.1,4.18,7
2025-04-11 09:45:04.121925+00:00,70B3D57ED0045541,Hygro#55:41,Hygro,Mains of Carmyllie (LPID NO/54289/43391),56.580815,-2.747666,64ad03200012067a25ec105a0008,30.41,8.0,18.0,16.58,97.08,4.19,8
2025-04-11 10:00:20.866171+00:00,70B3D57ED0045541,Hygro#55:41,Hygro,Mains of Carmyllie (LPID NO/54289/43391),56.580815,-2.747666,64ad0320001205ee24cd10580009,30.41,8.0,18.0,15.18,94.21,4.18,9
2025-04-11 10:15:37.602728+00:00,70B3D57ED0045541,Hygro#55:41,Hygro,Mains of Carmyllie (LPID NO/54289/43391),56.580815,-2.747666,64ac032000120584248f1058000a,30.41,8.0,18.0,14.12,93.59,4.18,10
2025-04-11 10:30:54.337916+00:00,70B3D57ED0045541,Hygro#55:41,Hygro,Mains of Carmyllie (LPID NO/54289/43391),56.580815,-2.747666,64ab03200012064c2545105a000b,30.41,8.0,18.0,16.12,95.41,4.19,11
2025-04-11 10:46:11.068942+00:00,70B3D57ED0045541,Hygro#55:41,Hygro,Mains of Carmyllie (LPID NO/54289/43391),56.580815,-2.747666,64a70320001206e82554105a000c,30.39,8.0,18.0,17.68,95.56,4.19,12
2025-04-11 11:01:27.808089+00:00,70B3D57ED0045541,Hygro#55:41,Hygro,Mains of Carmyllie (LPID NO/54289/43391),56.580815,-2.747666,64a90320001107b7253c1056000d,30.4,8.0,17.0,19.75,95.32,4.18,13
2025-04-11 11:16:44.535446+00:00,70B3D57ED0045541,Hygro#55:41,Hygro,Mains of Carmyllie (LPID NO/54289/43391),56.580815,-2.747666,64a003200013080225191056000e,30.36,8.0,19.0,20.5,94.97,4.18,14
2025-04-11 11:32:01.258358+00:00,70B3D57ED0045541,Hygro#55:41,Hygro,Mains of Carmyllie (LPID NO/54289/43391),56.580815,-2.747666,649a0320001207fb24751054000f,30.34,8.0,18.0,20.43,93.33,4.18,15
2025-04-11 11:47:17.980837+00:00,70B3D57ED0045541,Hygro#55:41,Hygro,Mains of Carmyllie (LPID NO/54289/43391),56.580815,-2.747666,649803200012080c23cb105a0010,30.33,8.0,18.0,20.6,91.63,4.19,16
2025-04-11 12:02:34.711487+00:00,70B3D57ED0045541,Hygro#55:41,Hygro,Mains of Carmyllie (LPID NO/54289/43391),56.580815,-2.747666,649203200012084d231710580011,30.31,8.0,18.0,21.25,89.83,4.18,17
2025-04-11 12:17:51.431766+00:00,70B3D57ED0045541,Hygro#55:41,Hygro,Mains of Carmyllie (LPID NO/54289/43391),56.580815,-2.747666,64910320001407d0227610560012,30.3,8.0,20.0,20.0,88.22,4.18,18
2025-04-11 12:33:08.149964+00:00,70B3D57ED0045541,Hygro#55:41,Hygro,Mains of Carmyllie (LPID NO/54289/43391),56.580815,-2.747666,648a032000130814222210580013,30.28,8.0,19.0,20.68,87.38,4.18,19
2025-04-11 12:48:24.867979+00:00,70B3D57ED0045541,Hygro#55:41,Hygro,Mains of Carmyllie (LPID NO/54289/43391),56.580815,-2.747666,6486032a00130853220b10560014,30.26,8.1,19.0,21.31,87.15,4.18,20
2025-04-11 13:03:41.591663+00:00,70B3D57ED0045541,Hygro#55:41,Hygro,Mains of Carmyllie (LPID NO/54289/43391),56.580815,-2.747666,6489032a001208b521bf10560015,30.27,8.1,18.0,22.29,86.39,4.18,21
2025-04-11 13:18:58.308451+00:00,70B3D57ED0045541,Hygro#55:41,Hygro,Mains of Carmyllie (LPID NO/54289/43391),56.580815,-2.747666,6479032a0012088b212110560016,30.21,8.1,18.0,21.87,84.81,4.18,22
2025-04-11 13:34:15.017678+00:00,70B3D57ED0045541,Hygro#55:41,Hygro,Mains of Carmyllie (LPID NO/54289/43391),56.580815,-2.747666,647f032a00110910208010560017,30.24,8.1,17.0,23.2,83.2,4.18,23
2025-04-11 13:49:31.735608+00:00,70B3D57ED0045541,Hygro#55:41,Hygro,Mains of Carmyllie (LPID NO/54289/43391),56.580815,-2.747666,6475032a001108a4205d10560018,30.2,8.1,17.0,22.12,82.85,4.18,24
2025-04-11 14:04:48.442793+00:00,70B3D57ED0045541,Hygro#55:41,Hygro,Mains of Carmyllie (LPID NO/54289/43391),56.580815,-2.747666,6476032a0012087f200210540019,30.2,8.1,18.0,21.75,81.94,4.18,25
2025-04-11 14:20:05.158467+00:00,70B3D57ED0045541,Hygro#55:41,Hygro,Mains of Carmyllie (LPID NO/54289/43391),56.580815,-2.747666,646e032a001109601f141056001a,30.17,8.1,17.0,24.0,79.56,4.18,26
2025-04-11 14:35:21.876283+00:00,70B3D57ED0045541,Hygro#55:41,Hygro,Mains of Carmyllie (LPID NO/54289/43391),56.580815,-2.747666,646f032a001208c31e601056001b,30.17,8.1,18.0,22.43,77.76,4.18,27
2025-04-11 14:50:38.588493+00:00,70B3D57ED0045541,Hygro#55:41,Hygro,Mains of Carmyllie (LPID NO/54289/43391),56.580815,-2.747666,6470032a001108b71dff1054001c,30.18,8.1,17.0,22.31,76.79,4.18,28
2025-04-11 15:21:12.020063+00:00,70B3D57ED0045541,Hygro#55:41,Hygro,Mains of Carmyllie (LPID NO/54289/43391),56.580815,-2.747666,64660334001108211e451054001e,30.14,8.2,17.0,20.81,77.49,4.18,30
2025-04-11 15:36:28.757707+00:00,70B3D57ED0045541,Hygro#55:41,Hygro,Mains of Carmyllie (LPID NO/54289/43391),56.580815,-2.747666,64670334001207ef1e151058001f,30.14,8.2,18.0,20.31,77.01,4.18,31
2025-04-11 15:51:45.469039+00:00,70B3D57ED0045541,Hygro#55:41,Hygro,Mains of Carmyllie (LPID NO/54289/43391),56.580815,-2.747666,646103340011073a1ee110560020,30.12,8.2,17.0,18.5,79.05,4.18,32
2025-04-11 16:07:02.200892+00:00,70B3D57ED0045541,Hygro#55:41,Hygro,Mains of Carmyllie (LPID NO/54289/43391),56.580815,-2.747666,645e0334001206c3202b105a0021,30.11,8.2,18.0,17.31,82.35,4.19,33
2025-04-11 16:22:18.945204+00:00,70B3D57ED0045541,Hygro#55:41,Hygro,Mains of Carmyllie (LPID NO/54289/43391),56.580815,-2.747666,6462033e001206c320b0105a0022,30.12,8.3,18.0,17.31,83.68,4.19,34
2025-04-12 07:04:24.380808+00:00,70B3D57ED0045541,Hygro#55:41,Hygro,Mains of Carmyllie (LPID NO/54289/43391),56.580815,-2.747666,64420352001204ee2457103e0000,30.0,8.5,18.0,12.62,93.03,4.16,0
2025-04-12 07:19:41.136557+00:00,70B3D57ED0045541,Hygro#55:41,Hygro,Mains of Carmyllie (LPID NO/54289/43391),56.580815,-2.747666,643e03520012052624cc104f0001,29.98,8.5,18.0,13.18,94.2,4.17,1
2025-04-12 07:34:57.868078+00:00,70B3D57ED0045541,Hygro#55:41,Hygro,Mains of Carmyllie (LPID NO/54289/43391),56.580815,-2.747666,64410352001105b6248b10580002,29.99,8.5,17.0,14.62,93.55,4.18,2
2025-04-12 07:50:14.604959+00:00,70B3D57ED0045541,Hygro#55:41,Hygro,Mains of Carmyllie (LPID NO/54289/43391),56.580815,-2.747666,6435035200110665240510560003,29.95,8.5,17.0,16.37,92.21,4.18,3
2025-04-12 08:05:31.331536+00:00,70B3D57ED0045541,Hygro#55:41,Hygro,Mains of Carmyllie (LPID NO/54289/43391),56.580815,-2.747666,643703520011061a230910580004,29.96,8.5,17.0,15.62,89.69,4.18,4
2025-04-12 08:20:48.067105+00:00,70B3D57ED0045541,Hygro#55:41,Hygro,Mains of Carmyllie (LPID NO/54289/43391),56.580815,-2.747666,6434034d001205d5237510580005,29.94,8.45,18.0,14.93,90.77,4.18,5
2025-04-12 08:36:04.797344+00:00,70B3D57ED0045541,Hygro#55:41,Hygro,Mains of Carmyllie (LPID NO/54289/43391),56.580815,-2.747666,64300347001205fb240410580006,29.93,8.39,18.0,15.31,92.2,4.18,6
2025-04-12 08:51:21.531086+00:00,70B3D57ED0045541,Hygro#55:41,Hygro,Mains of Carmyllie (LPID NO/54289/43391),56.580815,-2.747666,6436034700110639244d10560007,29.95,8.39,17.0,15.93,92.93,4.18,7
2025-04-12 09:06:38.270244+00:00,70B3D57ED0045541,Hygro#55:41,Hygro,Mains of Carmyllie (LPID NO/54289/43391),56.580815,-2.747666,642c03470011069124a010580008,29.91,8.39,17.0,16.81,93.76,4.18,8
2025-04-12 09:21:55.012755+00:00,70B3D57ED0045541,Hygro#55:41,Hygro,Mains of Carmyllie (LPID NO/54289/43391),56.580815,-2.747666,642f0347001106cf24ca105a0009,29.92,8.39,17.0,17.43,94.18,4.19,9
2025-04-12 09:37:11.744966+00:00,70B3D57ED0045541,Hygro#55:41,Hygro,Mains of Carmyllie (LPID NO/54289/43391),56.580815,-2.747666,642a034700110701247c1058000a,29.91,8.39,17.0,17.93,93.4,4.18,10
2025-04-12 09:52:28.476153+00:00,70B3D57ED0045541,Hygro#55:41,Hygro,Mains of Carmyllie (LPID NO/54289/43391),56.580815,-2.747666,642703470011073a24521056000b,29.89,8.39,17.0,18.5,92.98,4.18,11
2025-04-12 10:07:45.213406+00:00,70B3D57ED0045541,Hygro#55:41,Hygro,Mains of Carmyllie (LPID NO/54289/43391),56.580815,-2.747666,642603470012076323ed1058000c,29.89,8.39,18.0,18.91,91.97,4.18,12
2025-04-12 10:23:01.943628+00:00,70B3D57ED0045541,Hygro#55:41,Hygro,Mains of Carmyllie (LPID NO/54289/43391),56.580815,-2.747666,641f03470011077623b7105c000d,29.86,8.39,17.0,19.1,91.43,4.19,13
2025-04-12 10:38:18.677419+00:00,70B3D57ED0045541,Hygro#55:41,Hygro,Mains of Carmyllie (LPID NO/54289/43391),56.580815,-2.747666,64190347001107852399105a000e,29.84,8.39,17.0,19.25,91.13,4.19,14
2025-04-12 10:53:35.405349+00:00,70B3D57ED0045541,Hygro#55:41,Hygro,Mains of Carmyllie (LPID NO/54289/43391),56.580815,-2.747666,641b0347001307b723781058000f,29.85,8.39,19.0,19.75,90.8,4.18,15
2025-04-12 11:08:52.128418+00:00,70B3D57ED0045541,Hygro#55:41,Hygro,Mains of Carmyllie (LPID NO/54289/43391),56.580815,-2.747666,64160347001207dc238d10580010,29.83,8.39,18.0,20.12,91.01,4.18,16
2025-04-12 11:24:08.874602+00:00,70B3D57ED0045541,Hygro#55:41,Hygro,Mains of Carmyllie (LPID NO/54289/43391),56.580815,-2.747666,640c0347001107592338105a0011,29.79,8.39,17.0,18.81,90.16,4.19,17
2025-04-12 11:39:25.595667+00:00,70B3D57ED0045541,Hygro#55:41,Hygro,Mains of Carmyllie (LPID NO/54289/43391),56.580815,-2.747666,641003470012072b22bd10580012,29.8,8.39,18.0,18.35,88.93,4.18,18
2025-04-12 11:54:42.330257+00:00,70B3D57ED0045541,Hygro#55:41,Hygro,Mains of Carmyllie (LPID NO/54289/43391),56.580815,-2.747666,6405034700110753224f10560013,29.76,8.39,17.0,18.75,87.83,4.18,19
2025-04-12 12:09:59.059519+00:00,70B3D57ED0045541,Hygro#55:41,Hygro,Mains of Carmyllie (LPID NO/54289/43391),56.580815,-2.747666,64000347001307a6221510560014,29.74,8.39,19.0,19.58,87.25,4.18,20
2025-04-12 12:25:15.798820+00:00,70B3D57ED0045541,Hygro#55:41,Hygro,Mains of Carmyllie (LPID NO/54289/43391),56.580815,-2.747666,6403034700110716215910580015,29.75,8.39,17.0,18.14,85.37,4.18,21
2025-04-12 12:40:32.516776+00:00,70B3D57ED0045541,Hygro#55:41,Hygro,Mains of Carmyllie (LPID NO/54289/43391),56.580815,-2.747666,63fa034700110769216810560016,29.72,8.39,17.0,18.97,85.52,4.18,22
2025-04-12 12:55:49.237997+00:00,70B3D57ED0045541,Hygro#55:41,Hygro,Mains of Carmyllie (LPID NO/54289/43391),56.580815,-2.747666,63f503470011074c212710560017,29.7,8.39,17.0,18.68,84.87,4.18,23
2025-04-12 13:11:05.976320+00:00,70B3D57ED0045541,Hygro#55:41,Hygro,Mains of Carmyllie (LPID NO/54289/43391),56.580815,-2.747666,63f703470011076c20d210580018,29.71,8.39,17.0,19.0,84.02,4.18,24
2025-04-12 13:26:22.697663+00:00,70B3D57ED0045541,Hygro#55:41,Hygro,Mains of Carmyllie (LPID NO/54289/43391),56.580815,-2.747666,63ec0347001107aa208d10580019,29.66,8.39,17.0,19.62,83.33,4.18,25
2025-04-12 13:41:39.417665+00:00,70B3D57ED0045541,Hygro#55:41,Hygro,Mains of Carmyllie (LPID NO/54289/43391),56.580815,-2.747666,63eb0347001107971fb71056001a,29.66,8.39,17.0,19.43,81.19,4.18,26
2025-04-12 13:56:56.151356+00:00,70B3D57ED0045541,Hygro#55:41,Hygro,Mains of Carmyllie (LPID NO/54289/43391),56.580815,-2.747666,63e803520011073520571058001b,29.65,8.5,17.0,18.45,82.79,4.18,27
2025-04-12 14:12:12.877736+00:00,70B3D57ED0045541,Hygro#55:41,Hygro,Mains of Carmyllie (LPID NO/54289/43391),56.580815,-2.747666,63e60352001106ef210e1058001c,29.64,8.5,17.0,17.75,84.62,4.18,28
2025-04-12 14:27:29.623674+00:00,70B3D57ED0045541,Hygro#55:41,Hygro,Mains of Carmyllie (LPID NO/54289/43391),56.580815,-2.747666,63e603520010070e214d1058001d,29.64,8.5,16.0,18.06,85.25,4.18,29
2025-04-12 14:42:46.360700+00:00,70B3D57ED0045541,Hygro#55:41,Hygro,Mains of Carmyllie (LPID NO/54289/43391),56.580815,-2.747666,63e60352001106ef2163105a001e,29.64,8.5,17.0,17.75,85.47,4.19,30
2025-04-12 14:58:03.101253+00:00,70B3D57ED0045541,Hygro#55:41,Hygro,Mains of Carmyllie (LPID NO/54289/43391),56.580815,-2.747666,63da0352001106c921621058001f,29.59,8.5,17.0,17.37,85.46,4.18,31
2025-04-12 15:13:19.816864+00:00,70B3D57ED0045541,Hygro#55:41,Hygro,Mains of Carmyllie (LPID NO/54289/43391),56.580815,-2.747666,63d30352001106b820a0105a0020,29.57,8.5,17.0,17.2,83.52,4.19,32
2025-04-12 15:28:36.556272+00:00,70B3D57ED0045541,Hygro#55:41,Hygro,Mains of Carmyllie (LPID NO/54289/43391),56.580815,-2.747666,63dc035c001106781ffb10580021,29.6,8.6,17.0,16.56,81.87,4.18,33
2025-04-12 15:43:53.291612+00:00,70B3D57ED0045541,Hygro#55:41,Hygro,Mains of Carmyllie (LPID NO/54289/43391),56.580815,-2.747666,63d1035c0011064c203710580022,29.56,8.6,17.0,16.12,82.47,4.18,34
2025-04-13 07:01:50.831169+00:00,70B3D57ED0045541,Hygro#55:41,Hygro,Mains of Carmyllie (LPID NO/54289/43391),56.580815,-2.747666,63aa03840010033924f210440000,29.41,9.0,16.0,8.25,94.58,4.16,0
2025-04-13 07:17:07.592705+00:00,70B3D57ED0045541,Hygro#55:41,Hygro,Mains of Carmyllie (LPID NO/54289/43391),56.580815,-2.747666,63a70384001103712552105a0001,29.4,9.0,17.0,8.81,95.54,4.19,1
2025-04-13 07:32:24.352263+00:00,70B3D57ED0045541,Hygro#55:41,Hygro,Mains of Carmyllie (LPID NO/54289/43391),56.580815,-2.747666,63a80384001103a324e510560002,29.4,9.0,17.0,9.31,94.45,4.18,2
2025-04-13 07:47:41.109186+00:00,70B3D57ED0045541,Hygro#55:41,Hygro,Mains of Carmyllie (LPID NO/54289/43391),56.580815,-2.747666,63a20384001003dd24f010580003,29.38,9.0,16.0,9.89,94.56,4.18,3
2025-04-13 08:02:57.863885+00:00,70B3D57ED0045541,Hygro#55:41,Hygro,Mains of Carmyllie (LPID NO/54289/43391),56.580815,-2.747666,63ab03840011042c24b8105a0004,29.41,9.0,17.0,10.68,94.0,4.19,4
2025-04-13 08:18:14.602725+00:00,70B3D57ED0045541,Hygro#55:41,Hygro,Mains of Carmyllie (LPID NO/54289/43391),56.580815,-2.747666,63a103840010046924ab10580005,29.37,9.0,16.0,11.29,93.87,4.18,5
2025-04-13 08:33:31.348859+00:00,70B3D57ED0045541,Hygro#55:41,Hygro,Mains of Carmyllie (LPID NO/54289/43391),56.580815,-2.747666,63a30384001004b6246d105a0006,29.38,9.0,16.0,12.06,93.25,4.19,6
2025-04-13 08:48:48.091491+00:00,70B3D57ED0045541,Hygro#55:41,Hygro,Mains of Carmyllie (LPID NO/54289/43391),56.580815,-2.747666,639d0384001104ee247d105c0007,29.36,9.0,17.0,12.62,93.41,4.19,7
2025-04-13 09:04:04.828158+00:00,70B3D57ED0045541,Hygro#55:41,Hygro,Mains of Carmyllie (LPID NO/54289/43391),56.580815,-2.747666,639903810011054c2452105a0008,29.34,8.97,17.0,13.56,92.98,4.19,8
2025-04-13 09:19:21.562576+00:00,70B3D57ED0045541,Hygro#55:41,Hygro,Mains of Carmyllie (LPID NO/54289/43391),56.580815,-2.747666,639803790010052623c710580009,29.34,8.89,16.0,13.18,91.59,4.18,9
2025-04-13 09:34:38.309150+00:00,70B3D57ED0045541,Hygro#55:41,Hygro,Mains of Carmyllie (LPID NO/54289/43391),56.580815,-2.747666,639a0379001004f623b51058000a,29.35,8.89,16.0,12.7,91.41,4.18,10
2025-04-13 09:49:55.065381+00:00,70B3D57ED0045541,Hygro#55:41,Hygro,Mains of Carmyllie (LPID NO/54289/43391),56.580815,-2.747666,63920379001104ee2403105a000b,29.32,8.89,17.0,12.62,92.19,4.19,11
2025-04-13 10:05:11.811897+00:00,70B3D57ED0045541,Hygro#55:41,Hygro,Mains of Carmyllie (LPID NO/54289/43391),56.580815,-2.747666,639d03790010051424211058000c,29.36,8.89,16.0,13.0,92.49,4.18,12
2025-04-13 10:20:28.553424+00:00,70B3D57ED0045541,Hygro#55:41,Hygro,Mains of Carmyllie (LPID NO/54289/43391),56.580815,-2.747666,638d0379001104cf23d2105c000d,29.3,8.89,17.0,12.31,91.7,4.19,13
2025-04-13 10:35:45.302661+00:00,70B3D57ED0045541,Hygro#55:41,Hygro,Mains of Carmyllie (LPID NO/54289/43391),56.580815,-2.747666,63970379001005072442105c000e,29.34,8.89,16.0,12.87,92.82,4.19,14
2025-04-13 10:51:02.047780+00:00,70B3D57ED0045541,Hygro#55:41,Hygro,Mains of Carmyllie (LPID NO/54289/43391),56.580815,-2.747666,638c0379001005e82498105a000f,29.29,8.89,16.0,15.12,93.68,4.19,15
2025-04-13 11:06:18.780330+00:00,70B3D57ED0045541,Hygro#55:41,Hygro,Mains of Carmyllie (LPID NO/54289/43391),56.580815,-2.747666,638603790010057a23ee105c0010,29.27,8.89,16.0,14.02,91.98,4.19,16
2025-04-13 11:21:35.519636+00:00,70B3D57ED0045541,Hygro#55:41,Hygro,Mains of Carmyllie (LPID NO/54289/43391),56.580815,-2.747666,63890379001106012443105f0011,29.28,8.89,17.0,15.37,92.83,4.19,17
2025-04-13 11:36:52.255518+00:00,70B3D57ED0045541,Hygro#55:41,Hygro,Mains of Carmyllie (LPID NO/54289/43391),56.580815,-2.747666,638203790011064c2392105a0012,29.25,8.89,17.0,16.12,91.06,4.19,18
2025-04-13 11:52:08.988047+00:00,70B3D57ED0045541,Hygro#55:41,Hygro,Mains of Carmyllie (LPID NO/54289/43391),56.580815,-2.747666,63780379001006bf230110580013,29.21,8.89,16.0,17.27,89.61,4.18,19
2025-04-13 12:07:25.726503+00:00,70B3D57ED0045541,Hygro#55:41,Hygro,Mains of Carmyllie (LPID NO/54289/43391),56.580815,-2.747666,637b0379001106a1223610580014,29.23,8.89,17.0,16.97,87.58,4.18,20
2025-04-13 12:22:42.458225+00:00,70B3D57ED0045541,Hygro#55:41,Hygro,Mains of Carmyllie (LPID NO/54289/43391),56.580815,-2.747666,637403790010064621d2105a0015,29.2,8.89,16.0,16.06,86.58,4.19,21
2025-04-13 12:37:59.208736+00:00,70B3D57ED0045541,Hygro#55:41,Hygro,Mains of Carmyllie (LPID NO/54289/43391),56.580815,-2.747666,63700379001105392234105c0016,29.18,8.89,17.0,13.37,87.56,4.19,22
2025-04-13 12:53:15.942390+00:00,70B3D57ED0045541,Hygro#55:41,Hygro,Mains of Carmyllie (LPID NO/54289/43391),56.580815,-2.747666,637b0379001005912219105c0017,29.23,8.89,16.0,14.25,87.29,4.19,23
2025-04-13 13:08:32.693180+00:00,70B3D57ED0045541,Hygro#55:41,Hygro,Mains of Carmyllie (LPID NO/54289/43391),56.580815,-2.747666,636f0379001005842204105a0018,29.18,8.89,16.0,14.12,87.08,4.19,24
2025-04-13 13:23:49.424814+00:00,70B3D57ED0045541,Hygro#55:41,Hygro,Mains of Carmyllie (LPID NO/54289/43391),56.580815,-2.747666,6373037900110646215110580019,29.2,8.89,17.0,16.06,85.29,4.18,25
2025-04-13 13:39:06.151175+00:00,70B3D57ED0045541,Hygro#55:41,Hygro,Mains of Carmyllie (LPID NO/54289/43391),56.580815,-2.747666,636803810011064620ea105a001a,29.15,8.97,17.0,16.06,84.26,4.19,26
2025-04-14 09:06:50.369729+00:00,70B3D57ED0045541,Hygro#55:41,Hygro,Mains of Carmyllie (LPID NO/54289/43391),56.580815,-2.747666,63430366000f028a25ed105a0000,29.01,8.7,15.0,6.5,97.09,4.19,0
2025-04-14 09:22:07.149551+00:00,70B3D57ED0045541,Hygro#55:41,Hygro,Mains of Carmyllie (LPID NO/54289/43391),56.580815,-2.747666,623f0366001002b325ea10370001,28.0,8.7,16.0,6.91,97.06,4.15,1
2025-04-14 09:37:23.913553+00:00,70B3D57ED0045541,Hygro#55:41,Hygro,Mains of Carmyllie (LPID NO/54289/43391),56.580815,-2.747666,633d035c000f036b2645105c0002,28.99,8.6,15.0,8.75,97.97,4.19,2
2025-04-14 09:52:40.673684+00:00,70B3D57ED0045541,Hygro#55:41,Hygro,Mains of Carmyllie (LPID NO/54289/43391),56.580815,-2.747666,6343035c000f03712645105a0003,29.01,8.6,15.0,8.81,97.97,4.19,3
2025-04-14 10:07:57.453498+00:00,70B3D57ED0045541,Hygro#55:41,Hygro,Mains of Carmyllie (LPID NO/54289/43391),56.580815,-2.747666,6344035c0010039d265f105f0004,29.01,8.6,16.0,9.25,98.23,4.19,4
2025-04-14 10:23:14.213684+00:00,70B3D57ED0045541,Hygro#55:41,Hygro,Mains of Carmyllie (LPID NO/54289/43391),56.580815,-2.747666,6345035c000f0396261b105c0005,29.02,8.6,15.0,9.18,97.55,4.19,5
2025-04-14 10:38:30.976909+00:00,70B3D57ED0045541,Hygro#55:41,Hygro,Mains of Carmyllie (LPID NO/54289/43391),56.580815,-2.747666,6342035c0010041326b1105c0006,29.01,8.6,16.0,10.43,99.05,4.19,6
2025-04-14 10:53:47.735234+00:00,70B3D57ED0045541,Hygro#55:41,Hygro,Mains of Carmyllie (LPID NO/54289/43391),56.580815,-2.747666,6343035c000f043f2639105c0007,29.01,8.6,15.0,10.87,97.85,4.19,7
2025-04-14 11:09:04.495663+00:00,70B3D57ED0045541,Hygro#55:41,Hygro,Mains of Carmyllie (LPID NO/54289/43391),56.580815,-2.747666,6343035c001003db25dd105c0008,29.01,8.6,16.0,9.87,96.93,4.19,8
2025-04-14 11:24:21.253759+00:00,70B3D57ED0045541,Hygro#55:41,Hygro,Mains of Carmyllie (LPID NO/54289/43391),56.580815,-2.747666,6347035c0010043f262e105c0009,29.02,8.6,16.0,10.87,97.74,4.19,9
2025-04-14 11:39:38.012209+00:00,70B3D57ED0045541,Hygro#55:41,Hygro,Mains of Carmyllie (LPID NO/54289/43391),56.580815,-2.747666,634c03520010043326131058000a,29.04,8.5,16.0,10.75,97.47,4.18,10
2025-04-14 11:54:54.790319+00:00,70B3D57ED0045541,Hygro#55:41,Hygro,Mains of Carmyllie (LPID NO/54289/43391),56.580815,-2.747666,634303520011039d25d5105f000b,29.01,8.5,17.0,9.25,96.85,4.19,11
2025-04-14 12:10:11.556493+00:00,70B3D57ED0045541,Hygro#55:41,Hygro,Mains of Carmyllie (LPID NO/54289/43391),56.580815,-2.747666,63480352000f043325b4105c000c,29.03,8.5,15.0,10.75,96.52,4.19,12
2025-04-14 12:25:28.319981+00:00,70B3D57ED0045541,Hygro#55:41,Hygro,Mains of Carmyllie (LPID NO/54289/43391),56.580815,-2.747666,634d0352000f040d25ad105c000d,29.05,8.5,15.0,10.37,96.45,4.19,13
2025-04-14 12:40:45.080796+00:00,70B3D57ED0045541,Hygro#55:41,Hygro,Mains of Carmyllie (LPID NO/54289/43391),56.580815,-2.747666,63490352000f03fa2580105a000e,29.03,8.5,15.0,10.18,96.0,4.19,14
2025-04-15 10:51:44.451038+00:00,70B3D57ED0045541,Hygro#55:41,Hygro,Mains of Carmyllie (LPID NO/54289/43391),56.580815,-2.747666,6448033e00110358268810580000,30.02,8.3,17.0,8.56,98.64,4.18,0
2025-04-15 11:07:01.238338+00:00,70B3D57ED0045541,Hygro#55:41,Hygro,Mains of Carmyllie (LPID NO/54289/43391),56.580815,-2.747666,6445033e001003ea266d10540001,30.01,8.3,16.0,10.02,98.37,4.18,1
2025-04-16 09:04:10.915672+00:00,70B3D57ED0045541,Hygro#55:41,Hygro,Mains of Carmyllie (LPID NO/54289/43391),56.580815,-2.747666,64670334001002f4261710560000,30.14,8.2,16.0,7.56,97.51,4.18,0
2025-04-16 09:19:27.696351+00:00,70B3D57ED0045541,Hygro#55:41,Hygro,Mains of Carmyllie (LPID NO/54289/43391),56.580815,-2.747666,646503340010032c261d10540001,30.13,8.2,16.0,8.12,97.57,4.18,1
2025-04-16 09:34:44.464583+00:00,70B3D57ED0045541,Hygro#55:41,Hygro,Mains of Carmyllie (LPID NO/54289/43391),56.580815,-2.747666,646c0334000f038a263210580002,30.16,8.2,15.0,9.06,97.78,4.18,2
2025-04-16 09:50:01.222196+00:00,70B3D57ED0045541,Hygro#55:41,Hygro,Mains of Carmyllie (LPID NO/54289/43391),56.580815,-2.747666,6466032a0010038a261d10540003,30.14,8.1,16.0,9.06,97.57,4.18,3
2025-04-16 10:05:17.998733+00:00,70B3D57ED0045541,Hygro#55:41,Hygro,Mains of Carmyllie (LPID NO/54289/43391),56.580815,-2.747666,6463032a00100384263a10560004,30.13,8.1,16.0,9.0,97.86,4.18,4
2025-04-17 06:44:15.371978+00:00,70B3D57ED0045541,Hygro#55:41,Hygro,Mains of Carmyllie (LPID NO/54289/43391),56.580815,-2.747666,64aa031600130283254410540000,30.4,7.9,19.0,6.43,95.4,4.18,0
2025-04-17 06:59:32.145157+00:00,70B3D57ED0045541,Hygro#55:41,Hygro,Mains of Carmyllie (LPID NO/54289/43391),56.580815,-2.747666,64ac0316001302d5250e10540001,30.41,7.9,19.0,7.25,94.86,4.18,1
2025-04-17 07:14:48.905905+00:00,70B3D57ED0045541,Hygro#55:41,Hygro,Mains of Carmyllie (LPID NO/54289/43391),56.580815,-2.747666,64ac031600130309250f10540002,30.41,7.9,19.0,7.77,94.87,4.18,2
2025-04-17 07:30:05.671813+00:00,70B3D57ED0045541,Hygro#55:41,Hygro,Mains of Carmyllie (LPID NO/54289/43391),56.580815,-2.747666,64ab03160014030d24f810560003,30.41,7.9,20.0,7.81,94.64,4.18,3
2025-04-17 07:45:22.447801+00:00,70B3D57ED0045541,Hygro#55:41,Hygro,Mains of Carmyllie (LPID NO/54289/43391),56.580815,-2.747666,641d0316001302d5249d10230004,29.85,7.9,19.0,7.25,93.73,4.13,4
2025-04-17 08:00:39.193465+00:00,70B3D57ED0045541,Hygro#55:41,Hygro,Mains of Carmyllie (LPID NO/54289/43391),56.580815,-2.747666,64ad0316001302c2254c103b0005,30.41,7.9,19.0,7.06,95.48,4.16,5
2025-04-17 08:15:55.963504+00:00,70B3D57ED0045541,Hygro#55:41,Hygro,Mains of Carmyllie (LPID NO/54289/43391),56.580815,-2.747666,64b203160014038825eb10560006,30.43,7.9,20.0,9.04,97.07,4.18,6
2025-04-17 08:31:12.722884+00:00,70B3D57ED0045541,Hygro#55:41,Hygro,Mains of Carmyllie (LPID NO/54289/43391),56.580815,-2.747666,64af0316001403c4253910540007,30.42,7.9,20.0,9.64,95.29,4.18,7
2025-04-17 08:46:29.473808+00:00,70B3D57ED0045541,Hygro#55:41,Hygro,Mains of Carmyllie (LPID NO/54289/43391),56.580815,-2.747666,64ae0316001303a324fb10540008,30.42,7.9,19.0,9.31,94.67,4.18,8
2025-04-17 09:01:46.229520+00:00,70B3D57ED0045541,Hygro#55:41,Hygro,Mains of Carmyllie (LPID NO/54289/43391),56.580815,-2.747666,64b203160014043f259a10510009,30.43,7.9,20.0,10.87,96.26,4.18,9
2025-04-17 09:17:02.977297+00:00,70B3D57ED0045541,Hygro#55:41,Hygro,Mains of Carmyllie (LPID NO/54289/43391),56.580815,-2.747666,64b3031600130473254c1056000a,30.44,7.9,19.0,11.39,95.48,4.18,10
2025-04-17 09:32:19.720086+00:00,70B3D57ED0045541,Hygro#55:41,Hygro,Mains of Carmyllie (LPID NO/54289/43391),56.580815,-2.747666,64b303160014050725981056000b,30.44,7.9,20.0,12.87,96.24,4.18,11
2025-04-17 09:47:36.451883+00:00,70B3D57ED0045541,Hygro#55:41,Hygro,Mains of Carmyllie (LPID NO/54289/43391),56.580815,-2.747666,64b20316001404ee25431056000c,30.43,7.9,20.0,12.62,95.39,4.18,12
2025-04-17 10:02:53.207772+00:00,70B3D57ED0045541,Hygro#55:41,Hygro,Mains of Carmyllie (LPID NO/54289/43391),56.580815,-2.747666,64b303160013044524b31056000d,30.44,7.9,19.0,10.93,93.95,4.18,13
2025-04-17 15:34:31.181460+00:00,70B3D57ED0045541,Hygro#55:41,Hygro,Mains of Carmyllie (LPID NO/54289/43391),56.580815,-2.747666,64c003200014041c239a10580000,30.49,8.0,20.0,10.52,91.14,4.18,0
2025-04-17 15:49:47.922977+00:00,70B3D57ED0045541,Hygro#55:41,Hygro,Mains of Carmyllie (LPID NO/54289/43391),56.580815,-2.747666,64c20320001304c21fe110560001,30.49,8.0,19.0,12.18,81.61,4.18,1
2025-04-18 06:51:38.425006+00:00,70B3D57ED0045541,Hygro#55:41,Hygro,Mains of Carmyllie (LPID NO/54289/43391),56.580815,-2.747666,64ce03200014026a24b910390000,30.54,8.0,20.0,6.18,94.01,4.15,0
2025-04-18 07:06:55.196918+00:00,70B3D57ED0045541,Hygro#55:41,Hygro,Mains of Carmyllie (LPID NO/54289/43391),56.580815,-2.747666,64d20320001502a72519103e0001,30.56,8.0,21.0,6.79,94.97,4.16,1
2025-04-18 07:22:11.962910+00:00,70B3D57ED0045541,Hygro#55:41,Hygro,Mains of Carmyllie (LPID NO/54289/43391),56.580815,-2.747666,64d10320001402c8257910560002,30.55,8.0,20.0,7.12,95.93,4.18,2
2025-04-18 07:37:28.742945+00:00,70B3D57ED0045541,Hygro#55:41,Hygro,Mains of Carmyllie (LPID NO/54289/43391),56.580815,-2.747666,64d00320001402fa252e10580003,30.55,8.0,20.0,7.62,95.18,4.18,3
2025-04-18 07:52:45.492539+00:00,70B3D57ED0045541,Hygro#55:41,Hygro,Mains of Carmyllie (LPID NO/54289/43391),56.580815,-2.747666,64d60320001502b3251a10580004,30.57,8.0,21.0,6.91,94.98,4.18,4
2025-04-18 08:08:02.268030+00:00,70B3D57ED0045541,Hygro#55:41,Hygro,Mains of Carmyllie (LPID NO/54289/43391),56.580815,-2.747666,64ce032000150326255910580005,30.54,8.0,21.0,8.06,95.61,4.18,5
2025-04-18 08:38:35.773071+00:00,70B3D57ED0045541,Hygro#55:41,Hygro,Mains of Carmyllie (LPID NO/54289/43391),56.580815,-2.747666,64cd03160014033924cd10560007,30.54,7.9,20.0,8.25,94.21,4.18,7
2025-04-18 08:53:52.544988+00:00,70B3D57ED0045541,Hygro#55:41,Hygro,Mains of Carmyllie (LPID NO/54289/43391),56.580815,-2.747666,64cc031600160330250c10580008,30.53,7.9,22.0,8.16,94.84,4.18,8
2025-04-18 09:09:09.312593+00:00,70B3D57ED0045541,Hygro#55:41,Hygro,Mains of Carmyllie (LPID NO/54289/43391),56.580815,-2.747666,64ca031600150352252c105c0009,30.53,7.9,21.0,8.5,95.16,4.19,9
2025-04-18 09:24:26.081478+00:00,70B3D57ED0045541,Hygro#55:41,Hygro,Mains of Carmyllie (LPID NO/54289/43391),56.580815,-2.747666,64cd03160014037d254e105c000a,30.54,7.9,20.0,8.93,95.5,4.19,10
2025-04-18 09:39:42.845546+00:00,70B3D57ED0045541,Hygro#55:41,Hygro,Mains of Carmyllie (LPID NO/54289/43391),56.580815,-2.747666,64ce0316001503772538105a000b,30.54,7.9,21.0,8.87,95.28,4.19,11
2025-04-18 09:54:59.607387+00:00,70B3D57ED0045541,Hygro#55:41,Hygro,Mains of Carmyllie (LPID NO/54289/43391),56.580815,-2.747666,64d403160014039d2561105c000c,30.56,7.9,20.0,9.25,95.69,4.19,12
2025-04-18 10:10:16.368396+00:00,70B3D57ED0045541,Hygro#55:41,Hygro,Mains of Carmyllie (LPID NO/54289/43391),56.580815,-2.747666,64d003160014049025f3105a000d,30.55,7.9,20.0,11.68,97.15,4.19,13
2025-04-18 10:25:33.120110+00:00,70B3D57ED0045541,Hygro#55:41,Hygro,Mains of Carmyllie (LPID NO/54289/43391),56.580815,-2.747666,64cf03160014049b25a8105c000e,30.55,7.9,20.0,11.79,96.4,4.19,14
2025-04-18 10:40:49.888030+00:00,70B3D57ED0045541,Hygro#55:41,Hygro,Mains of Carmyllie (LPID NO/54289/43391),56.580815,-2.747666,64cc03160014038a24e6105f000f,30.53,7.9,20.0,9.06,94.46,4.19,15
2025-04-18 10:56:06.645884+00:00,70B3D57ED0045541,Hygro#55:41,Hygro,Mains of Carmyllie (LPID NO/54289/43391),56.580815,-2.747666,64cd0316001503ec253e105c0010,30.54,7.9,21.0,10.04,95.34,4.19,16
2025-04-18 11:11:23.403105+00:00,70B3D57ED0045541,Hygro#55:41,Hygro,Mains of Carmyllie (LPID NO/54289/43391),56.580815,-2.747666,64d20316001503bc2508105f0011,30.56,7.9,21.0,9.56,94.8,4.19,17
2025-04-18 11:26:40.171374+00:00,70B3D57ED0045541,Hygro#55:41,Hygro,Mains of Carmyllie (LPID NO/54289/43391),56.580815,-2.747666,64d30316001503cf2519105c0012,30.56,7.9,21.0,9.75,94.97,4.19,18
2025-04-18 11:41:56.938579+00:00,70B3D57ED0045541,Hygro#55:41,Hygro,Mains of Carmyllie (LPID NO/54289/43391),56.580815,-2.747666,64d00316001503c224f8105a0013,30.55,7.9,21.0,9.62,94.64,4.19,19
2025-04-18 11:57:13.693079+00:00,70B3D57ED0045541,Hygro#55:41,Hygro,Mains of Carmyllie (LPID NO/54289/43391),56.580815,-2.747666,64d50316001503af2505105c0014,30.57,7.9,21.0,9.43,94.77,4.19,20
2025-04-19 10:30:26.715010+00:00,70B3D57ED0045541,Hygro#55:41,Hygro,Mains of Carmyllie (LPID NO/54289/43391),56.580815,-2.747666,64d70320001502e12630105a0000,30.58,8.0,21.0,7.37,97.76,4.19,0
2025-04-20 08:53:27.948524+00:00,70B3D57ED0045541,Hygro#55:41,Hygro,Mains of Carmyllie (LPID NO/54289/43391),56.580815,-2.747666,64d3030c00130366260610510001,30.56,7.8,19.0,8.7,97.34,4.18,1
2025-04-20 09:24:01.468810+00:00,70B3D57ED0045541,Hygro#55:41,Hygro,Mains of Carmyllie (LPID NO/54289/43391),56.580815,-2.747666,64d4030c00130345262510560003,30.56,7.8,19.0,8.37,97.65,4.18,3
2025-04-20 09:39:18.243570+00:00,70B3D57ED0045541,Hygro#55:41,Hygro,Mains of Carmyllie (LPID NO/54289/43391),56.580815,-2.747666,64d4030c0013035e260710560004,30.56,7.8,19.0,8.62,97.35,4.18,4
2025-04-20 09:54:34.999425+00:00,70B3D57ED0045541,Hygro#55:41,Hygro,Mains of Carmyllie (LPID NO/54289/43391),56.580815,-2.747666,64d0030c0013038a25d510510005,30.55,7.8,19.0,9.06,96.85,4.18,5
2025-04-20 10:09:51.753268+00:00,70B3D57ED0045541,Hygro#55:41,Hygro,Mains of Carmyllie (LPID NO/54289/43391),56.580815,-2.747666,64d4030c0013039d25e210540006,30.56,7.8,19.0,9.25,96.98,4.18,6
2025-04-20 10:25:08.520207+00:00,70B3D57ED0045541,Hygro#55:41,Hygro,Mains of Carmyllie (LPID NO/54289/43391),56.580815,-2.747666,64d3030c0013036025b310540007,30.56,7.8,19.0,8.64,96.51,4.18,7
2025-04-20 10:40:25.281959+00:00,70B3D57ED0045541,Hygro#55:41,Hygro,Mains of Carmyllie (LPID NO/54289/43391),56.580815,-2.747666,64d3030c0013035225a010580008,30.56,7.8,19.0,8.5,96.32,4.18,8
2025-04-20 10:55:42.133937+00:00,70B3D57ED0045541,Hygro#55:41,Hygro,Mains of Carmyllie (LPID NO/54289/43391),56.580815,-2.747666,64d1030c00140373258210580009,30.55,7.8,20.0,8.83,96.02,4.18,9
2025-04-20 11:10:58.805278+00:00,70B3D57ED0045541,Hygro#55:41,Hygro,Mains of Carmyllie (LPID NO/54289/43391),56.580815,-2.747666,64cf030c001303ca25861058000a,30.55,7.8,19.0,9.7,96.06,4.18,10
2025-04-20 11:26:15.568232+00:00,70B3D57ED0045541,Hygro#55:41,Hygro,Mains of Carmyllie (LPID NO/54289/43391),56.580815,-2.747666,64cd030c0013038a25381056000b,30.54,7.8,19.0,9.06,95.28,4.18,11
2025-04-20 11:41:32.330558+00:00,70B3D57ED0045541,Hygro#55:41,Hygro,Mains of Carmyllie (LPID NO/54289/43391),56.580815,-2.747666,64cf030c001303642514105a000c,30.55,7.8,19.0,8.68,94.92,4.19,12
2025-04-20 11:56:49.090419+00:00,70B3D57ED0045541,Hygro#55:41,Hygro,Mains of Carmyllie (LPID NO/54289/43391),56.580815,-2.747666,64d1030c00130371250f1056000d,30.55,7.8,19.0,8.81,94.87,4.18,13
2025-04-20 12:12:05.853057+00:00,70B3D57ED0045541,Hygro#55:41,Hygro,Mains of Carmyllie (LPID NO/54289/43391),56.580815,-2.747666,64cf030c0013037d25011056000e,30.55,7.8,19.0,8.93,94.73,4.18,14
2025-04-20 12:27:22.620165+00:00,70B3D57ED0045541,Hygro#55:41,Hygro,Mains of Carmyllie (LPID NO/54289/43391),56.580815,-2.747666,63d2030c0013034525031033000f,29.56,7.8,19.0,8.37,94.75,4.15,15
2025-04-20 12:42:39.386413+00:00,70B3D57ED0045541,Hygro#55:41,Hygro,Mains of Carmyllie (LPID NO/54289/43391),56.580815,-2.747666,63d6030c0014035a256a10390010,29.58,7.8,20.0,8.58,95.78,4.15,16
2025-04-20 13:13:12.921302+00:00,70B3D57ED0045541,Hygro#55:41,Hygro,Mains of Carmyllie (LPID NO/54289/43391),56.580815,-2.747666,64ca030c001303af2579105f0012,30.53,7.8,19.0,9.43,95.93,4.19,18
2025-04-20 13:28:29.682220+00:00,70B3D57ED0045541,Hygro#55:41,Hygro,Mains of Carmyllie (LPID NO/54289/43391),56.580815,-2.747666,64c8030c001303d7252310580013,30.52,7.8,19.0,9.83,95.07,4.18,19
2025-04-20 13:59:03.223077+00:00,70B3D57ED0045541,Hygro#55:41,Hygro,Mains of Carmyllie (LPID NO/54289/43391),56.580815,-2.747666,64c5030c0013042c23c2105a0015,30.51,7.8,19.0,10.68,91.54,4.19,21
2025-04-20 14:14:19.914286+00:00,70B3D57ED0045541,Hygro#55:41,Hygro,Mains of Carmyllie (LPID NO/54289/43391),56.580815,-2.747666,64c6030c001404b6226c10560016,30.51,7.8,20.0,12.06,88.12,4.18,22
2025-04-21 09:14:58.954967+00:00,70B3D57ED0045541,Hygro#55:41,Hygro,Mains of Carmyllie (LPID NO/54289/43391),56.580815,-2.747666,636e030c001202ee263310370000,29.18,7.8,18.0,7.5,97.79,4.15,0
2025-04-21 09:30:15.715493+00:00,70B3D57ED0045541,Hygro#55:41,Hygro,Mains of Carmyllie (LPID NO/54289/43391),56.580815,-2.747666,64c1030c001203ec266210560001,30.49,7.8,18.0,10.04,98.26,4.18,1
2025-04-21 09:45:32.476405+00:00,70B3D57ED0045541,Hygro#55:41,Hygro,Mains of Carmyllie (LPID NO/54289/43391),56.580815,-2.747666,64c0030c0012036b267510560002,30.49,7.8,18.0,8.75,98.45,4.18,2
2025-04-21 10:00:49.242798+00:00,70B3D57ED0045541,Hygro#55:41,Hygro,Mains of Carmyllie (LPID NO/54289/43391),56.580815,-2.747666,64bf030c0011035e265d10560003,30.48,7.8,17.0,8.62,98.21,4.18,3
2025-04-21 10:16:06.005926+00:00,70B3D57ED0045541,Hygro#55:41,Hygro,Mains of Carmyllie (LPID NO/54289/43391),56.580815,-2.747666,64c5030c0012038c2662105c0004,30.51,7.8,18.0,9.08,98.26,4.19,4
2025-04-21 10:31:22.771154+00:00,70B3D57ED0045541,Hygro#55:41,Hygro,Mains of Carmyllie (LPID NO/54289/43391),56.580815,-2.747666,64be030c00120396266010540005,30.48,7.8,18.0,9.18,98.24,4.18,5
2025-04-21 10:46:39.534050+00:00,70B3D57ED0045541,Hygro#55:41,Hygro,Mains of Carmyllie (LPID NO/54289/43391),56.580815,-2.747666,6354030c001203392653102e0006,29.08,7.8,18.0,8.25,98.11,4.14,6
2025-04-21 11:01:56.294920+00:00,70B3D57ED0045541,Hygro#55:41,Hygro,Mains of Carmyllie (LPID NO/54289/43391),56.580815,-2.747666,64c2030c0011037f26a410440007,30.49,7.8,17.0,8.95,98.92,4.16,7
2025-04-21 11:17:13.071805+00:00,70B3D57ED0045541,Hygro#55:41,Hygro,Mains of Carmyllie (LPID NO/54289/43391),56.580815,-2.747666,6397030c001103a32691102c0008,29.34,7.8,17.0,9.31,98.73,4.14,8
2025-04-21 12:19:29.305816+00:00,70B3D57ED0045541,Hygro#55:41,Hygro,Mains of Carmyllie (LPID NO/54289/43391),56.580815,-2.747666,63b3030c00120364262f10350000,29.44,7.8,18.0,8.68,97.75,4.15,0
2025-04-21 12:34:46.066470+00:00,70B3D57ED0045541,Hygro#55:41,Hygro,Mains of Carmyllie (LPID NO/54289/43391),56.580815,-2.747666,64c0030c001203a32666105a0001,30.49,7.8,18.0,9.31,98.3,4.19,1
2025-04-21 12:50:02.832767+00:00,70B3D57ED0045541,Hygro#55:41,Hygro,Mains of Carmyllie (LPID NO/54289/43391),56.580815,-2.747666,64c0030c001303902657105a0002,30.49,7.8,19.0,9.12,98.15,4.19,2
2025-04-21 13:08:27.235731+00:00,70B3D57ED0045541,Hygro#55:41,Hygro,Mains of Carmyllie (LPID NO/54289/43391),56.580815,-2.747666,6372030c00120371263c10300000,29.19,7.8,18.0,8.81,97.88,4.14,0
2025-04-22 07:06:45.053120+00:00,70B3D57ED0045541,Hygro#55:41,Hygro,Mains of Carmyllie (LPID NO/54289/43391),56.580815,-2.747666,64c103160012037124df10540001,30.49,7.9,18.0,8.81,94.39,4.18,1
2025-04-22 07:22:01.801160+00:00,70B3D57ED0045541,Hygro#55:41,Hygro,Mains of Carmyllie (LPID NO/54289/43391),56.580815,-2.747666,64c00316001203a324cd10560002,30.49,7.9,18.0,9.31,94.21,4.18,2
2025-04-22 07:37:18.552597+00:00,70B3D57ED0045541,Hygro#55:41,Hygro,Mains of Carmyllie (LPID NO/54289/43391),56.580815,-2.747666,64c003160012042624eb10560003,30.49,7.9,18.0,10.62,94.51,4.18,3
2025-04-22 07:52:35.286906+00:00,70B3D57ED0045541,Hygro#55:41,Hygro,Mains of Carmyllie (LPID NO/54289/43391),56.580815,-2.747666,64c20316001204a924e710510004,30.49,7.9,18.0,11.93,94.47,4.18,4
2025-04-22 08:07:52.031437+00:00,70B3D57ED0045541,Hygro#55:41,Hygro,Mains of Carmyllie (LPID NO/54289/43391),56.580815,-2.747666,64be03160012051c24d710560005,30.48,7.9,18.0,13.08,94.31,4.18,5
2025-04-22 08:23:08.763956+00:00,70B3D57ED0045541,Hygro#55:41,Hygro,Mains of Carmyllie (LPID NO/54289/43391),56.580815,-2.747666,64bf03160012055224af10560006,30.48,7.9,18.0,13.62,93.91,4.18,6
2025-04-22 08:38:25.495595+00:00,70B3D57ED0045541,Hygro#55:41,Hygro,Mains of Carmyllie (LPID NO/54289/43391),56.580815,-2.747666,64bd0316001205e824cd10540007,30.48,7.9,18.0,15.12,94.21,4.18,7
2025-04-22 09:08:58.944238+00:00,70B3D57ED0045541,Hygro#55:41,Hygro,Mains of Carmyllie (LPID NO/54289/43391),56.580815,-2.747666,64b9031600120612247310510009,30.46,7.9,18.0,15.54,93.31,4.18,9
2025-04-22 09:24:15.676066+00:00,70B3D57ED0045541,Hygro#55:41,Hygro,Mains of Carmyllie (LPID NO/54289/43391),56.580815,-2.747666,64b903160012063b24991056000a,30.46,7.9,18.0,15.95,93.69,4.18,10
2025-04-22 09:39:32.408308+00:00,70B3D57ED0045541,Hygro#55:41,Hygro,Mains of Carmyllie (LPID NO/54289/43391),56.580815,-2.747666,64b60316001306d624891051000b,30.45,7.9,19.0,17.5,93.53,4.18,11
2025-04-22 09:54:49.126419+00:00,70B3D57ED0045541,Hygro#55:41,Hygro,Mains of Carmyllie (LPID NO/54289/43391),56.580815,-2.747666,64b503160012069b24511054000c,30.44,7.9,18.0,16.91,92.97,4.18,12
2025-04-22 10:10:05.858122+00:00,70B3D57ED0045541,Hygro#55:41,Hygro,Mains of Carmyllie (LPID NO/54289/43391),56.580815,-2.747666,64b303160012072524af1056000d,30.44,7.9,18.0,18.29,93.91,4.18,13
2025-04-22 10:25:22.604181+00:00,70B3D57ED0045541,Hygro#55:41,Hygro,Mains of Carmyllie (LPID NO/54289/43391),56.580815,-2.747666,64b003160012067823791058000e,30.43,7.9,18.0,16.56,90.81,4.18,14
2025-04-22 10:40:39.308207+00:00,70B3D57ED0045541,Hygro#55:41,Hygro,Mains of Carmyllie (LPID NO/54289/43391),56.580815,-2.747666,64ac03160012073323c71054000f,30.41,7.9,18.0,18.43,91.59,4.18,15
2025-04-22 10:55:56.024963+00:00,70B3D57ED0045541,Hygro#55:41,Hygro,Mains of Carmyllie (LPID NO/54289/43391),56.580815,-2.747666,64a90316001307b2242c10510010,30.4,7.9,19.0,19.7,92.6,4.18,16
2025-04-22 11:11:12.763712+00:00,70B3D57ED0045541,Hygro#55:41,Hygro,Mains of Carmyllie (LPID NO/54289/43391),56.580815,-2.747666,64ae031600110782241310560011,30.42,7.9,17.0,19.22,92.35,4.18,17
2025-04-22 11:26:29.478158+00:00,70B3D57ED0045541,Hygro#55:41,Hygro,Mains of Carmyllie (LPID NO/54289/43391),56.580815,-2.747666,64a80316001207d0243910560012,30.39,7.9,18.0,20.0,92.73,4.18,18
2025-04-22 11:41:46.197643+00:00,70B3D57ED0045541,Hygro#55:41,Hygro,Mains of Carmyllie (LPID NO/54289/43391),56.580815,-2.747666,64a203160012073a238310580013,30.37,7.9,18.0,18.5,90.91,4.18,19
2025-04-22 11:57:02.916875+00:00,70B3D57ED0045541,Hygro#55:41,Hygro,Mains of Carmyllie (LPID NO/54289/43391),56.580815,-2.747666,64a1031600120791227c10560014,30.37,7.9,18.0,19.37,88.28,4.18,20
2025-04-22 12:12:19.643103+00:00,70B3D57ED0045541,Hygro#55:41,Hygro,Mains of Carmyllie (LPID NO/54289/43391),56.580815,-2.747666,64a103160012075d21f8105a0015,30.37,7.9,18.0,18.85,86.96,4.19,21
2025-04-22 12:27:36.369260+00:00,70B3D57ED0045541,Hygro#55:41,Hygro,Mains of Carmyllie (LPID NO/54289/43391),56.580815,-2.747666,64a203200012071a21aa10580016,30.37,8.0,18.0,18.18,86.18,4.18,22
2025-04-22 12:42:53.089998+00:00,70B3D57ED0045541,Hygro#55:41,Hygro,Mains of Carmyllie (LPID NO/54289/43391),56.580815,-2.747666,649c03200013077e211e10580017,30.35,8.0,19.0,19.18,84.78,4.18,23
2025-04-22 12:58:09.818232+00:00,70B3D57ED0045541,Hygro#55:41,Hygro,Mains of Carmyllie (LPID NO/54289/43391),56.580815,-2.747666,649c0320001305dc2167105a0018,30.35,8.0,19.0,15.0,85.51,4.19,24
2025-04-22 13:13:26.547990+00:00,70B3D57ED0045541,Hygro#55:41,Hygro,Mains of Carmyllie (LPID NO/54289/43391),56.580815,-2.747666,649903200012070e2192105a0019,30.34,8.0,18.0,18.06,85.94,4.19,25
2025-04-22 13:28:43.271970+00:00,70B3D57ED0045541,Hygro#55:41,Hygro,Mains of Carmyllie (LPID NO/54289/43391),56.580815,-2.747666,64960320001306b22181105a001a,30.32,8.0,19.0,17.14,85.77,4.19,26
2025-04-22 13:43:59.986071+00:00,70B3D57ED0045541,Hygro#55:41,Hygro,Mains of Carmyllie (LPID NO/54289/43391),56.580815,-2.747666,649703200011074a211b105a001b,30.33,8.0,17.0,18.66,84.75,4.19,27
2025-04-22 13:59:16.706383+00:00,70B3D57ED0045541,Hygro#55:41,Hygro,Mains of Carmyllie (LPID NO/54289/43391),56.580815,-2.747666,64930320001106ef207a1056001c,30.31,8.0,17.0,17.75,83.14,4.18,28
2025-04-22 14:14:33.429257+00:00,70B3D57ED0045541,Hygro#55:41,Hygro,Mains of Carmyllie (LPID NO/54289/43391),56.580815,-2.747666,649303200012077a1f861058001d,30.31,8.0,18.0,19.14,80.7,4.18,29
2025-04-22 14:29:50.143056+00:00,70B3D57ED0045541,Hygro#55:41,Hygro,Mains of Carmyllie (LPID NO/54289/43391),56.580815,-2.747666,64940329001207531fa21058001e,30.32,8.09,18.0,18.75,80.98,4.18,30
2025-04-22 14:45:06.862896+00:00,70B3D57ED0045541,Hygro#55:41,Hygro,Mains of Carmyllie (LPID NO/54289/43391),56.580815,-2.747666,648d032a001206cb1fa01056001f,30.29,8.1,18.0,17.39,80.96,4.18,31
2025-04-22 15:00:23.597510+00:00,70B3D57ED0045541,Hygro#55:41,Hygro,Mains of Carmyllie (LPID NO/54289/43391),56.580815,-2.747666,648f032a001206ae1ea610580020,30.3,8.1,18.0,17.1,78.46,4.18,32
2025-04-22 15:15:40.313200+00:00,70B3D57ED0045541,Hygro#55:41,Hygro,Mains of Carmyllie (LPID NO/54289/43391),56.580815,-2.747666,6490032a001305461f64105a0021,30.3,8.1,19.0,13.5,80.36,4.19,33
2025-04-22 15:32:53.483982+00:00,70B3D57ED0045541,Hygro#55:41,Hygro,Mains of Carmyllie (LPID NO/54289/43391),56.580815,-2.747666,637d032a001204712085103e0000,29.23,8.1,18.0,11.37,83.25,4.16,0
2025-04-22 15:48:10.225860+00:00,70B3D57ED0045541,Hygro#55:41,Hygro,Mains of Carmyllie (LPID NO/54289/43391),56.580815,-2.747666,648903340011047e20da105c0001,30.27,8.2,17.0,11.5,84.1,4.19,1
2025-04-23 08:08:02.720893+00:00,70B3D57ED0045541,Hygro#55:41,Hygro,Mains of Carmyllie (LPID NO/54289/43391),56.580815,-2.747666,62cf03480012031925ac102a0000,28.56,8.4,18.0,7.93,96.44,4.14,0
2025-04-23 09:50:46.707339+00:00,70B3D57ED0045541,Hygro#55:41,Hygro,Mains of Carmyllie (LPID NO/54289/43391),56.580815,-2.747666,647d0347001103b6261c105a0001,30.23,8.39,17.0,9.5,97.56,4.19,1
2025-04-23 10:06:03.466467+00:00,70B3D57ED0045541,Hygro#55:41,Hygro,Mains of Carmyllie (LPID NO/54289/43391),56.580815,-2.747666,6479034700110435261e105a0002,30.21,8.39,17.0,10.77,97.58,4.19,2
2025-04-23 10:21:20.220875+00:00,70B3D57ED0045541,Hygro#55:41,Hygro,Mains of Carmyllie (LPID NO/54289/43391),56.580815,-2.747666,647b03470012046b2624105c0003,30.22,8.39,18.0,11.31,97.64,4.19,3
2025-04-23 10:36:36.964849+00:00,70B3D57ED0045541,Hygro#55:41,Hygro,Mains of Carmyllie (LPID NO/54289/43391),56.580815,-2.747666,64760347001104b02618105c0004,30.2,8.39,17.0,12.0,97.52,4.19,4
2025-04-23 10:51:53.717534+00:00,70B3D57ED0045541,Hygro#55:41,Hygro,Mains of Carmyllie (LPID NO/54289/43391),56.580815,-2.747666,647b0347001104e225da105c0005,30.22,8.39,17.0,12.5,96.9,4.19,5
2025-04-23 11:07:10.447525+00:00,70B3D57ED0045541,Hygro#55:41,Hygro,Mains of Carmyllie (LPID NO/54289/43391),56.580815,-2.747666,6478034700110520259b105a0006,30.21,8.39,17.0,13.12,96.27,4.19,6
2025-04-23 11:22:27.195614+00:00,70B3D57ED0045541,Hygro#55:41,Hygro,Mains of Carmyllie (LPID NO/54289/43391),56.580815,-2.747666,6473034700100563256210580007,30.19,8.39,16.0,13.79,95.7,4.18,7
2025-04-23 11:37:43.945530+00:00,70B3D57ED0045541,Hygro#55:41,Hygro,Mains of Carmyllie (LPID NO/54289/43391),56.580815,-2.747666,647403470011056d24c310580008,30.19,8.39,17.0,13.89,94.11,4.18,8
2025-04-23 11:53:00.674663+00:00,70B3D57ED0045541,Hygro#55:41,Hygro,Mains of Carmyllie (LPID NO/54289/43391),56.580815,-2.747666,64730347001105752439105a0009,30.19,8.39,17.0,13.97,92.73,4.19,9
2025-04-23 12:08:17.422797+00:00,70B3D57ED0045541,Hygro#55:41,Hygro,Mains of Carmyllie (LPID NO/54289/43391),56.580815,-2.747666,647003470013056b23bd105a000a,30.18,8.39,19.0,13.87,91.49,4.19,10
2025-04-23 12:23:34.155376+00:00,70B3D57ED0045541,Hygro#55:41,Hygro,Mains of Carmyllie (LPID NO/54289/43391),56.580815,-2.747666,64750347001105932329105a000b,30.2,8.39,17.0,14.27,90.01,4.19,11
2025-04-23 12:38:50.889884+00:00,70B3D57ED0045541,Hygro#55:41,Hygro,Mains of Carmyllie (LPID NO/54289/43391),56.580815,-2.747666,646e03470011059722a81058000c,30.17,8.39,17.0,14.31,88.72,4.18,12
2025-04-23 12:54:07.621199+00:00,70B3D57ED0045541,Hygro#55:41,Hygro,Mains of Carmyllie (LPID NO/54289/43391),56.580815,-2.747666,647003470011057822991058000d,30.18,8.39,17.0,14.0,88.57,4.18,13
2025-04-23 13:09:24.378959+00:00,70B3D57ED0045541,Hygro#55:41,Hygro,Mains of Carmyllie (LPID NO/54289/43391),56.580815,-2.747666,647103470010055822901056000e,30.18,8.39,16.0,13.68,88.48,4.18,14
2025-04-23 13:24:41.114199+00:00,70B3D57ED0045541,Hygro#55:41,Hygro,Mains of Carmyllie (LPID NO/54289/43391),56.580815,-2.747666,646a0347001205142276105c000f,30.15,8.39,18.0,13.0,88.22,4.19,15
2025-04-23 13:39:57.860899+00:00,70B3D57ED0045541,Hygro#55:41,Hygro,Mains of Carmyllie (LPID NO/54289/43391),56.580815,-2.747666,64710347001104e82201105a0010,30.18,8.39,17.0,12.56,87.05,4.19,16
2025-04-23 13:55:14.611816+00:00,70B3D57ED0045541,Hygro#55:41,Hygro,Mains of Carmyllie (LPID NO/54289/43391),56.580815,-2.747666,646803470011053b2228105a0011,30.15,8.39,17.0,13.39,87.44,4.19,17
2025-04-23 14:10:31.344241+00:00,70B3D57ED0045541,Hygro#55:41,Hygro,Mains of Carmyllie (LPID NO/54289/43391),56.580815,-2.747666,646b0347001104ea21a1105c0012,30.16,8.39,17.0,12.58,86.09,4.19,18
2025-04-23 14:25:48.075582+00:00,70B3D57ED0045541,Hygro#55:41,Hygro,Mains of Carmyllie (LPID NO/54289/43391),56.580815,-2.747666,64660347001105462134105a0013,30.14,8.39,17.0,13.5,85.0,4.19,19
2025-04-23 14:41:04.814201+00:00,70B3D57ED0045541,Hygro#55:41,Hygro,Mains of Carmyllie (LPID NO/54289/43391),56.580815,-2.747666,646903470012054620fc105a0014,30.15,8.39,18.0,13.5,84.44,4.19,20
2025-04-23 14:56:21.549757+00:00,70B3D57ED0045541,Hygro#55:41,Hygro,Mains of Carmyllie (LPID NO/54289/43391),56.580815,-2.747666,64640347001205462017105a0015,30.13,8.39,18.0,13.5,82.15,4.19,21
2025-04-23 15:26:55.007735+00:00,70B3D57ED0045541,Hygro#55:41,Hygro,Mains of Carmyllie (LPID NO/54289/43391),56.580815,-2.747666,64660347001104d51f82105a0017,30.14,8.39,17.0,12.37,80.66,4.19,23
2025-04-23 15:42:11.751968+00:00,70B3D57ED0045541,Hygro#55:41,Hygro,Mains of Carmyllie (LPID NO/54289/43391),56.580815,-2.747666,64670347001204bc1fb3105a0018,30.14,8.39,18.0,12.12,81.15,4.19,24
2025-04-23 15:57:28.482480+00:00,70B3D57ED0045541,Hygro#55:41,Hygro,Mains of Carmyllie (LPID NO/54289/43391),56.580815,-2.747666,64640347001104ab1fa1105a0019,30.13,8.39,17.0,11.95,80.97,4.19,25
2025-04-24 08:36:15.608381+00:00,70B3D57ED0045541,Hygro#55:41,Hygro,Mains of Carmyllie (LPID NO/54289/43391),56.580815,-2.747666,645c035200110420261f10560000,30.1,8.5,17.0,10.56,97.59,4.18,0
2025-04-24 08:51:32.351361+00:00,70B3D57ED0045541,Hygro#55:41,Hygro,Mains of Carmyllie (LPID NO/54289/43391),56.580815,-2.747666,64530352001204a125d410510001,30.06,8.5,18.0,11.85,96.84,4.18,1
2025-04-24 09:06:49.090469+00:00,70B3D57ED0045541,Hygro#55:41,Hygro,Mains of Carmyllie (LPID NO/54289/43391),56.580815,-2.747666,64530352001104a325ad10560002,30.06,8.5,17.0,11.87,96.45,4.18,2
2025-04-24 09:22:05.837600+00:00,70B3D57ED0045541,Hygro#55:41,Hygro,Mains of Carmyllie (LPID NO/54289/43391),56.580815,-2.747666,645503520012040125c610560003,30.07,8.5,18.0,10.25,96.7,4.18,3
2025-04-24 09:37:22.591178+00:00,70B3D57ED0045541,Hygro#55:41,Hygro,Mains of Carmyllie (LPID NO/54289/43391),56.580815,-2.747666,645603520011044125d710560004,30.08,8.5,17.0,10.89,96.87,4.18,4
2025-04-24 09:52:39.328257+00:00,70B3D57ED0045541,Hygro#55:41,Hygro,Mains of Carmyllie (LPID NO/54289/43391),56.580815,-2.747666,6452035200110599263410560005,30.06,8.5,17.0,14.33,97.8,4.18,5
2025-04-24 10:07:56.058580+00:00,70B3D57ED0045541,Hygro#55:41,Hygro,Mains of Carmyllie (LPID NO/54289/43391),56.580815,-2.747666,6457035200120639261610540006,30.08,8.5,18.0,15.93,97.5,4.18,6
2025-04-24 10:23:12.790396+00:00,70B3D57ED0045541,Hygro#55:41,Hygro,Mains of Carmyllie (LPID NO/54289/43391),56.580815,-2.747666,6450035200120591258010580007,30.05,8.5,18.0,14.25,96.0,4.18,7
2025-04-24 10:38:29.532193+00:00,70B3D57ED0045541,Hygro#55:41,Hygro,Mains of Carmyllie (LPID NO/54289/43391),56.580815,-2.747666,644f0352001104c924b810580008,30.05,8.5,17.0,12.25,94.0,4.18,8
2025-04-24 10:53:46.279303+00:00,70B3D57ED0045541,Hygro#55:41,Hygro,Mains of Carmyllie (LPID NO/54289/43391),56.580815,-2.747666,644e03520012048224b4105a0009,30.04,8.5,18.0,11.54,93.96,4.19,9
2025-04-24 11:09:03.017480+00:00,70B3D57ED0045541,Hygro#55:41,Hygro,Mains of Carmyllie (LPID NO/54289/43391),56.580815,-2.747666,644c03520012049424f2105c000a,30.04,8.5,18.0,11.72,94.58,4.19,10
2025-04-24 11:24:19.760811+00:00,70B3D57ED0045541,Hygro#55:41,Hygro,Mains of Carmyllie (LPID NO/54289/43391),56.580815,-2.747666,64500352001204a924ec105a000b,30.05,8.5,18.0,11.93,94.52,4.19,11
2025-04-24 11:39:36.512948+00:00,70B3D57ED0045541,Hygro#55:41,Hygro,Mains of Carmyllie (LPID NO/54289/43391),56.580815,-2.747666,644a03520011049024e7105a000c,30.03,8.5,17.0,11.68,94.47,4.19,12
2025-04-24 11:54:53.269329+00:00,70B3D57ED0045541,Hygro#55:41,Hygro,Mains of Carmyllie (LPID NO/54289/43391),56.580815,-2.747666,644a03520011048424ca105a000d,30.03,8.5,17.0,11.56,94.18,4.19,13
2025-04-24 12:10:09.997638+00:00,70B3D57ED0045541,Hygro#55:41,Hygro,Mains of Carmyllie (LPID NO/54289/43391),56.580815,-2.747666,644703520011049f24d5105c000e,30.02,8.5,17.0,11.83,94.29,4.19,14
2025-04-24 12:25:26.746130+00:00,70B3D57ED0045541,Hygro#55:41,Hygro,Mains of Carmyllie (LPID NO/54289/43391),56.580815,-2.747666,644a0352001104bc24d7105f000f,30.03,8.5,17.0,12.12,94.31,4.19,15
2025-04-24 12:40:43.495433+00:00,70B3D57ED0045541,Hygro#55:41,Hygro,Mains of Carmyllie (LPID NO/54289/43391),56.580815,-2.747666,644503520012053f2454105c0010,30.01,8.5,18.0,13.43,93.0,4.19,16
2025-04-24 12:56:00.229494+00:00,70B3D57ED0045541,Hygro#55:41,Hygro,Mains of Carmyllie (LPID NO/54289/43391),56.580815,-2.747666,64460352001105d5230410560011,30.01,8.5,17.0,14.93,89.64,4.18,17
2025-04-24 13:11:16.955548+00:00,70B3D57ED0045541,Hygro#55:41,Hygro,Mains of Carmyllie (LPID NO/54289/43391),56.580815,-2.747666,644603520011054e22dd10560012,30.01,8.5,17.0,13.58,89.25,4.18,18
2025-04-24 13:26:33.704493+00:00,70B3D57ED0045541,Hygro#55:41,Hygro,Mains of Carmyllie (LPID NO/54289/43391),56.580815,-2.747666,644103520011054c2327105a0013,29.99,8.5,17.0,13.56,89.99,4.19,19
2025-04-24 13:41:50.441455+00:00,70B3D57ED0045541,Hygro#55:41,Hygro,Mains of Carmyllie (LPID NO/54289/43391),56.580815,-2.747666,643f0352001104b02308105a0014,29.99,8.5,17.0,12.0,89.68,4.19,20
2025-04-24 13:57:07.179881+00:00,70B3D57ED0045541,Hygro#55:41,Hygro,Mains of Carmyllie (LPID NO/54289/43391),56.580815,-2.747666,643a0352001104972368105c0015,29.97,8.5,17.0,11.75,90.64,4.19,21
2025-04-24 14:12:23.932641+00:00,70B3D57ED0045541,Hygro#55:41,Hygro,Mains of Carmyllie (LPID NO/54289/43391),56.580815,-2.747666,643e0352001104972356105c0016,29.98,8.5,17.0,11.75,90.46,4.19,22
2025-04-24 14:27:40.682120+00:00,70B3D57ED0045541,Hygro#55:41,Hygro,Mains of Carmyllie (LPID NO/54289/43391),56.580815,-2.747666,643f0352001104712386105c0017,29.99,8.5,17.0,11.37,90.94,4.19,23
2025-04-24 14:42:57.429959+00:00,70B3D57ED0045541,Hygro#55:41,Hygro,Mains of Carmyllie (LPID NO/54289/43391),56.580815,-2.747666,643b0352001204922382105c0018,29.97,8.5,18.0,11.7,90.9,4.19,24
2025-04-24 15:13:30.917141+00:00,70B3D57ED0045541,Hygro#55:41,Hygro,Mains of Carmyllie (LPID NO/54289/43391),56.580815,-2.747666,64350352001104712353105f001a,29.95,8.5,17.0,11.37,90.43,4.19,26
2025-04-24 15:28:47.665627+00:00,70B3D57ED0045541,Hygro#55:41,Hygro,Mains of Carmyllie (LPID NO/54289/43391),56.580815,-2.747666,643903520011047322c9105f001b,29.96,8.5,17.0,11.39,89.05,4.19,27
2025-04-24 15:44:04.420771+00:00,70B3D57ED0045541,Hygro#55:41,Hygro,Mains of Carmyllie (LPID NO/54289/43391),56.580815,-2.747666,643303520012046b2297105c001c,29.94,8.5,18.0,11.31,88.55,4.19,28
2025-04-24 15:59:21.157931+00:00,70B3D57ED0045541,Hygro#55:41,Hygro,Mains of Carmyllie (LPID NO/54289/43391),56.580815,-2.747666,643803520011044c22771058001d,29.96,8.5,17.0,11.0,88.23,4.18,29
2025-04-25 09:39:24.799149+00:00,70B3D57ED0045541,Hygro#55:41,Hygro,Mains of Carmyllie (LPID NO/54289/43391),56.580815,-2.747666,6426035c00100332261610580000,29.89,8.6,16.0,8.18,97.5,4.18,0
2025-04-26 12:59:08.439691+00:00,70B3D57ED0045541,Hygro#55:41,Hygro,Mains of Carmyllie (LPID NO/54289/43391),56.580815,-2.747666,63fd0347001104bc254710510001,29.73,8.39,17.0,12.12,95.43,4.18,1
2025-04-26 13:14:25.171674+00:00,70B3D57ED0045541,Hygro#55:41,Hygro,Mains of Carmyllie (LPID NO/54289/43391),56.580815,-2.747666,63f80347001004bc251810510002,29.71,8.39,16.0,12.12,94.96,4.18,2
2025-04-26 13:29:41.923900+00:00,70B3D57ED0045541,Hygro#55:41,Hygro,Mains of Carmyllie (LPID NO/54289/43391),56.580815,-2.747666,63f10347001104a924ec10560003,29.68,8.39,17.0,11.93,94.52,4.18,3
2025-04-26 13:44:58.666248+00:00,70B3D57ED0045541,Hygro#55:41,Hygro,Mains of Carmyllie (LPID NO/54289/43391),56.580815,-2.747666,63f20347001004f224a810580004,29.69,8.39,16.0,12.66,93.84,4.18,4
2025-04-26 14:00:15.401979+00:00,70B3D57ED0045541,Hygro#55:41,Hygro,Mains of Carmyllie (LPID NO/54289/43391),56.580815,-2.747666,63ef03470010057e23c810540005,29.68,8.39,16.0,14.06,91.6,4.18,5
2025-04-26 14:15:32.131027+00:00,70B3D57ED0045541,Hygro#55:41,Hygro,Mains of Carmyllie (LPID NO/54289/43391),56.580815,-2.747666,63f5034700110575236410560006,29.7,8.39,17.0,13.97,90.6,4.18,6
2025-04-26 14:30:48.863049+00:00,70B3D57ED0045541,Hygro#55:41,Hygro,Mains of Carmyllie (LPID NO/54289/43391),56.580815,-2.747666,63f40347001005aa214410560007,29.7,8.39,16.0,14.5,85.16,4.18,7
2025-04-26 14:46:05.588909+00:00,70B3D57ED0045541,Hygro#55:41,Hygro,Mains of Carmyllie (LPID NO/54289/43391),56.580815,-2.747666,63e803470011054a213310560008,29.65,8.39,17.0,13.54,84.99,4.18,8
2025-04-26 15:01:22.329859+00:00,70B3D57ED0045541,Hygro#55:41,Hygro,Mains of Carmyllie (LPID NO/54289/43391),56.580815,-2.747666,62fe0347001004b6222110330009,28.74,8.39,16.0,12.06,87.37,4.15,9
2025-04-26 15:16:39.079346+00:00,70B3D57ED0045541,Hygro#55:41,Hygro,Mains of Carmyllie (LPID NO/54289/43391),56.580815,-2.747666,63ee03470011055f22cf1058000a,29.67,8.39,17.0,13.75,89.11,4.18,10
2025-04-26 15:31:55.813170+00:00,70B3D57ED0045541,Hygro#55:41,Hygro,Mains of Carmyllie (LPID NO/54289/43391),56.580815,-2.747666,62a30347001004e822b4102a000b,28.39,8.39,16.0,12.56,88.84,4.14,11
2025-04-26 16:11:48.386390+00:00,70B3D57ED0045541,Hygro#55:41,Hygro,Mains of Carmyllie (LPID NO/54289/43391),56.580815,-2.747666,62c2034700110473236f10330000,28.51,8.39,17.0,11.39,90.71,4.15,0
2025-04-27 10:24:14.825296+00:00,70B3D57ED0045541,Hygro#55:41,Hygro,Mains of Carmyllie (LPID NO/54289/43391),56.580815,-2.747666,634e035c0010053f26d210250001,29.05,8.6,16.0,13.43,99.38,4.13,1
2025-04-27 10:39:31.576089+00:00,70B3D57ED0045541,Hygro#55:41,Hygro,Mains of Carmyllie (LPID NO/54289/43391),56.580815,-2.747666,62de035c001004ec26ce10280002,28.62,8.6,16.0,12.6,99.34,4.14,2
2025-04-27 11:19:15.787946+00:00,70B3D57ED0045541,Hygro#55:41,Hygro,Mains of Carmyllie (LPID NO/54289/43391),56.580815,-2.747666,62aa035c001104e4269c101d0000,28.42,8.6,17.0,12.52,98.84,4.12,0
2025-04-27 12:35:37.878997+00:00,70B3D57ED0045541,Hygro#55:41,Hygro,Mains of Carmyllie (LPID NO/54289/43391),56.580815,-2.747666,63ca035c0010058426a210540001,29.53,8.6,16.0,14.12,98.9,4.18,1
2025-04-27 12:50:54.622200+00:00,70B3D57ED0045541,Hygro#55:41,Hygro,Mains of Carmyllie (LPID NO/54289/43391),56.580815,-2.747666,63c5035c0011059d26b1103e0002,29.51,8.6,17.0,14.37,99.05,4.16,2
2025-04-27 13:06:11.373408+00:00,70B3D57ED0045541,Hygro#55:41,Hygro,Mains of Carmyllie (LPID NO/54289/43391),56.580815,-2.747666,63c9035c001005cd26de104b0003,29.53,8.6,16.0,14.85,99.5,4.17,3
2025-04-27 13:21:28.106114+00:00,70B3D57ED0045541,Hygro#55:41,Hygro,Mains of Carmyllie (LPID NO/54289/43391),56.580815,-2.747666,63ca035c0010063b26bd10510004,29.53,8.6,16.0,15.95,99.17,4.18,4
2025-04-27 13:36:44.848357+00:00,70B3D57ED0045541,Hygro#55:41,Hygro,Mains of Carmyllie (LPID NO/54289/43391),56.580815,-2.747666,63bf035c0011065426ab10560005,29.49,8.6,17.0,16.2,98.99,4.18,5
2025-04-27 13:52:01.571937+00:00,70B3D57ED0045541,Hygro#55:41,Hygro,Mains of Carmyllie (LPID NO/54289/43391),56.580815,-2.747666,63c0035c00110678268e10560006,29.49,8.6,17.0,16.56,98.7,4.18,6
2025-04-27 14:27:41.478908+00:00,70B3D57ED0045541,Hygro#55:41,Hygro,Mains of Carmyllie (LPID NO/54289/43391),56.580815,-2.747666,62c7035c001105e82622102a0000,28.53,8.6,17.0,15.12,97.62,4.14,0
2025-04-27 14:42:58.214987+00:00,70B3D57ED0045541,Hygro#55:41,Hygro,Mains of Carmyllie (LPID NO/54289/43391),56.580815,-2.747666,63c9035c0010062d269f10560001,29.53,8.6,16.0,15.81,98.87,4.18,1
2025-04-27 15:59:12.464674+00:00,70B3D57ED0045541,Hygro#55:41,Hygro,Mains of Carmyllie (LPID NO/54289/43391),56.580815,-2.747666,62a303660010058425a5102c0000,28.39,8.7,16.0,14.12,96.37,4.14,0
2025-04-28 10:02:56.324316+00:00,70B3D57ED0045541,Hygro#55:41,Hygro,Mains of Carmyllie (LPID NO/54289/43391),56.580815,-2.747666,6398038e001006652674104f0002,29.34,9.1,16.0,16.37,98.44,4.17,2
2025-04-28 10:18:13.059232+00:00,70B3D57ED0045541,Hygro#55:41,Hygro,Mains of Carmyllie (LPID NO/54289/43391),56.580815,-2.747666,6391038e001006972679104d0003,29.31,9.1,16.0,16.87,98.49,4.17,3
2025-04-28 10:33:29.784663+00:00,70B3D57ED0045541,Hygro#55:41,Hygro,Mains of Carmyllie (LPID NO/54289/43391),56.580815,-2.747666,6399038e001006aa265d10510004,29.34,9.1,16.0,17.06,98.21,4.18,4
2025-04-28 10:48:46.521117+00:00,70B3D57ED0045541,Hygro#55:41,Hygro,Mains of Carmyllie (LPID NO/54289/43391),56.580815,-2.747666,6395038e001006a42632104f0005,29.33,9.1,16.0,17.0,97.78,4.17,5
2025-04-28 11:04:03.252818+00:00,70B3D57ED0045541,Hygro#55:41,Hygro,Mains of Carmyllie (LPID NO/54289/43391),56.580815,-2.747666,6394038e001006a4261e10510006,29.32,9.1,16.0,17.0,97.58,4.18,6
2025-04-28 11:19:19.985408+00:00,70B3D57ED0045541,Hygro#55:41,Hygro,Mains of Carmyllie (LPID NO/54289/43391),56.580815,-2.747666,6388038e00100716263110510007,29.28,9.1,16.0,18.14,97.77,4.18,7
2025-04-28 11:34:36.706416+00:00,70B3D57ED0045541,Hygro#55:41,Hygro,Mains of Carmyllie (LPID NO/54289/43391),56.580815,-2.747666,638f038e00110727262510560008,29.3,9.1,17.0,18.31,97.65,4.18,8
2025-04-28 11:49:53.439785+00:00,70B3D57ED0045541,Hygro#55:41,Hygro,Mains of Carmyllie (LPID NO/54289/43391),56.580815,-2.747666,638a038e0010070125e510540009,29.28,9.1,16.0,17.93,97.01,4.18,9
2025-04-28 12:05:10.168631+00:00,70B3D57ED0045541,Hygro#55:41,Hygro,Mains of Carmyllie (LPID NO/54289/43391),56.580815,-2.747666,638c038e0010074c25d01054000a,29.29,9.1,16.0,18.68,96.8,4.18,10
2025-04-28 12:20:26.887325+00:00,70B3D57ED0045541,Hygro#55:41,Hygro,Mains of Carmyllie (LPID NO/54289/43391),56.580815,-2.747666,6388038e0010077225fc1051000b,29.28,9.1,16.0,19.06,97.24,4.18,11
2025-04-28 12:35:43.612791+00:00,70B3D57ED0045541,Hygro#55:41,Hygro,Mains of Carmyllie (LPID NO/54289/43391),56.580815,-2.747666,638e038e0011079125621054000c,29.3,9.1,17.0,19.37,95.7,4.18,12
2025-04-28 12:51:00.352742+00:00,70B3D57ED0045541,Hygro#55:41,Hygro,Mains of Carmyllie (LPID NO/54289/43391),56.580815,-2.747666,62b8038e001006c92533102e000d,28.47,9.1,16.0,17.37,95.23,4.14,13
2025-04-28 13:06:17.077704+00:00,70B3D57ED0045541,Hygro#55:41,Hygro,Mains of Carmyllie (LPID NO/54289/43391),56.580815,-2.747666,6382038e001106aa25731056000e,29.25,9.1,17.0,17.06,95.87,4.18,14
2025-04-28 13:21:33.814816+00:00,70B3D57ED0045541,Hygro#55:41,Hygro,Mains of Carmyllie (LPID NO/54289/43391),56.580815,-2.747666,6386038e001006a8257b1058000f,29.27,9.1,16.0,17.04,95.95,4.18,15
2025-04-28 13:36:50.550600+00:00,70B3D57ED0045541,Hygro#55:41,Hygro,Mains of Carmyllie (LPID NO/54289/43391),56.580815,-2.747666,637a038e001006f52590105a0010,29.22,9.1,16.0,17.81,96.16,4.19,16
2025-04-28 13:52:07.285208+00:00,70B3D57ED0045541,Hygro#55:41,Hygro,Mains of Carmyllie (LPID NO/54289/43391),56.580815,-2.747666,6379038e00100705255710580011,29.22,9.1,16.0,17.97,95.59,4.18,17
2025-04-28 14:07:24.017835+00:00,70B3D57ED0045541,Hygro#55:41,Hygro,Mains of Carmyllie (LPID NO/54289/43391),56.580815,-2.747666,6382038e00100678250510580012,29.25,9.1,16.0,16.56,94.77,4.18,18
2025-04-28 14:22:40.746796+00:00,70B3D57ED0045541,Hygro#55:41,Hygro,Mains of Carmyllie (LPID NO/54289/43391),56.580815,-2.747666,6384038e001006bd255e105c0013,29.26,9.1,16.0,17.25,95.66,4.19,19
2025-04-28 15:12:05.592781+00:00,70B3D57ED0045541,Hygro#55:41,Hygro,Mains of Carmyllie (LPID NO/54289/43391),56.580815,-2.747666,62ad039800110654252810400000,28.43,9.2,17.0,16.2,95.12,4.16,0
2025-04-28 15:27:22.325459+00:00,70B3D57ED0045541,Hygro#55:41,Hygro,Mains of Carmyllie (LPID NO/54289/43391),56.580815,-2.747666,6373039800100693255610580001,29.2,9.2,16.0,16.83,95.58,4.18,1
2025-04-28 15:42:39.050814+00:00,70B3D57ED0045541,Hygro#55:41,Hygro,Mains of Carmyllie (LPID NO/54289/43391),56.580815,-2.747666,637b03980010069b251610580002,29.23,9.2,16.0,16.91,94.94,4.18,2
2025-04-28 15:57:55.781026+00:00,70B3D57ED0045541,Hygro#55:41,Hygro,Mains of Carmyllie (LPID NO/54289/43391),56.580815,-2.747666,636e0398001006a424eb105c0003,29.18,9.2,16.0,17.0,94.51,4.19,3
2025-04-28 16:13:12.510430+00:00,70B3D57ED0045541,Hygro#55:41,Hygro,Mains of Carmyllie (LPID NO/54289/43391),56.580815,-2.747666,621d03980010065f24e9102e0004,27.87,9.2,16.0,16.31,94.49,4.14,4
2025-04-29 07:07:04.741461+00:00,70B3D57ED0045541,Hygro#55:41,Hygro,Mains of Carmyllie (LPID NO/54289/43391),56.580815,-2.747666,635b03c0000f04be2672105a0000,29.1,9.6,15.0,12.14,98.42,4.19,0
2025-04-29 07:22:21.491119+00:00,70B3D57ED0045541,Hygro#55:41,Hygro,Mains of Carmyllie (LPID NO/54289/43391),56.580815,-2.747666,636103c000110565268310560001,29.13,9.6,17.0,13.81,98.59,4.18,1
2025-04-29 07:37:38.228886+00:00,70B3D57ED0045541,Hygro#55:41,Hygro,Mains of Carmyllie (LPID NO/54289/43391),56.580815,-2.747666,635b03c0000f05f025e010560002,29.1,9.6,15.0,15.2,96.96,4.18,2
2025-04-29 07:52:54.974338+00:00,70B3D57ED0045541,Hygro#55:41,Hygro,Mains of Carmyllie (LPID NO/54289/43391),56.580815,-2.747666,628c03c0001006272596102e0003,28.3,9.6,16.0,15.75,96.22,4.14,3
2025-04-29 08:08:11.711420+00:00,70B3D57ED0045541,Hygro#55:41,Hygro,Mains of Carmyllie (LPID NO/54289/43391),56.580815,-2.747666,626c03c0001005d5260f102a0004,28.18,9.6,16.0,14.93,97.43,4.14,4
2025-04-29 08:23:28.442153+00:00,70B3D57ED0045541,Hygro#55:41,Hygro,Mains of Carmyllie (LPID NO/54289/43391),56.580815,-2.747666,635303b60010062425fb10560005,29.07,9.5,16.0,15.72,97.23,4.18,5
2025-04-29 08:38:45.164598+00:00,70B3D57ED0045541,Hygro#55:41,Hygro,Mains of Carmyllie (LPID NO/54289/43391),56.580815,-2.747666,635503b6001006dc25fe10560006,29.08,9.5,16.0,17.56,97.26,4.18,6
2025-04-29 08:54:01.899866+00:00,70B3D57ED0045541,Hygro#55:41,Hygro,Mains of Carmyllie (LPID NO/54289/43391),56.580815,-2.747666,634f03b60010072725f010560007,29.06,9.5,16.0,18.31,97.12,4.18,7
2025-04-29 09:09:18.633175+00:00,70B3D57ED0045541,Hygro#55:41,Hygro,Mains of Carmyllie (LPID NO/54289/43391),56.580815,-2.747666,634a03b60010072525dd10560008,29.04,9.5,16.0,18.29,96.93,4.18,8
2025-04-29 09:24:35.352837+00:00,70B3D57ED0045541,Hygro#55:41,Hygro,Mains of Carmyllie (LPID NO/54289/43391),56.580815,-2.747666,634c03b6001007c3262d10560009,29.04,9.5,16.0,19.87,97.73,4.18,9
2025-04-29 09:39:52.079734+00:00,70B3D57ED0045541,Hygro#55:41,Hygro,Mains of Carmyllie (LPID NO/54289/43391),56.580815,-2.747666,634803b600110716254a1056000a,29.03,9.5,17.0,18.14,95.46,4.18,10
2025-04-29 09:55:08.792573+00:00,70B3D57ED0045541,Hygro#55:41,Hygro,Mains of Carmyllie (LPID NO/54289/43391),56.580815,-2.747666,634303b6001007c925f61056000b,29.01,9.5,16.0,19.93,97.18,4.18,11
2025-04-29 10:10:25.513667+00:00,70B3D57ED0045541,Hygro#55:41,Hygro,Mains of Carmyllie (LPID NO/54289/43391),56.580815,-2.747666,634303b60010080425ee105a000c,29.01,9.5,16.0,20.52,97.1,4.19,12
2025-04-29 10:40:58.957923+00:00,70B3D57ED0045541,Hygro#55:41,Hygro,Mains of Carmyllie (LPID NO/54289/43391),56.580815,-2.747666,633e03b60010085925b31058000e,28.99,9.5,16.0,21.37,96.51,4.18,14
2025-04-29 10:56:15.730088+00:00,70B3D57ED0045541,Hygro#55:41,Hygro,Mains of Carmyllie (LPID NO/54289/43391),56.580815,-2.747666,634403b60010090225ce1056000f,29.01,9.5,16.0,23.06,96.78,4.18,15
2025-04-29 11:11:32.390745+00:00,70B3D57ED0045541,Hygro#55:41,Hygro,Mains of Carmyllie (LPID NO/54289/43391),56.580815,-2.747666,634003b6001008bd254310560010,29.0,9.5,16.0,22.37,95.39,4.18,16
2025-04-29 11:26:49.112003+00:00,70B3D57ED0045541,Hygro#55:41,Hygro,Mains of Carmyllie (LPID NO/54289/43391),56.580815,-2.747666,633003b600100966253210560011,28.94,9.5,16.0,24.06,95.22,4.18,17
2025-04-29 11:57:22.533344+00:00,70B3D57ED0045541,Hygro#55:41,Hygro,Mains of Carmyllie (LPID NO/54289/43391),56.580815,-2.747666,633103b6000f08d02492105a0013,28.94,9.5,15.0,22.56,93.62,4.19,19
2025-04-29 12:12:39.256198+00:00,70B3D57ED0045541,Hygro#55:41,Hygro,Mains of Carmyllie (LPID NO/54289/43391),56.580815,-2.747666,632303b600100921246110540014,28.89,9.5,16.0,23.37,93.13,4.18,20
2025-04-29 13:13:46.113733+00:00,70B3D57ED0045541,Hygro#55:41,Hygro,Mains of Carmyllie (LPID NO/54289/43391),56.580815,-2.747666,631d03c000110902232510560018,28.86,9.6,17.0,23.06,89.97,4.18,24
2025-04-29 13:59:36.257867+00:00,70B3D57ED0045541,Hygro#55:41,Hygro,Mains of Carmyllie (LPID NO/54289/43391),56.580815,-2.747666,631203c0000f084a234c1058001b,28.82,9.6,15.0,21.22,90.36,4.18,27
2025-04-29 14:30:09.688640+00:00,70B3D57ED0045541,Hygro#55:41,Hygro,Mains of Carmyllie (LPID NO/54289/43391),56.580815,-2.747666,630a03c00010084622a7105c001d,28.79,9.6,16.0,21.18,88.71,4.19,29
2025-04-29 14:45:26.413969+00:00,70B3D57ED0045541,Hygro#55:41,Hygro,Mains of Carmyllie (LPID NO/54289/43391),56.580815,-2.747666,630803ca000f078b22f4105a001e,28.78,9.7,15.0,19.31,89.48,4.19,30
2025-04-29 15:00:43.150864+00:00,70B3D57ED0045541,Hygro#55:41,Hygro,Mains of Carmyllie (LPID NO/54289/43391),56.580815,-2.747666,630603ca000f07d622991058001f,28.77,9.7,15.0,20.06,88.57,4.18,31
2025-04-29 15:15:59.863588+00:00,70B3D57ED0045541,Hygro#55:41,Hygro,Mains of Carmyllie (LPID NO/54289/43391),56.580815,-2.747666,630003ca001107d0223010580020,28.75,9.7,17.0,20.0,87.52,4.18,32
2025-04-29 15:31:16.580249+00:00,70B3D57ED0045541,Hygro#55:41,Hygro,Mains of Carmyllie (LPID NO/54289/43391),56.580815,-2.747666,630a03ca000f0787225910580021,28.79,9.7,15.0,19.27,87.93,4.18,33
2025-04-29 15:46:33.311313+00:00,70B3D57ED0045541,Hygro#55:41,Hygro,Mains of Carmyllie (LPID NO/54289/43391),56.580815,-2.747666,630003ca000f071a22c1105a0022,28.75,9.7,15.0,18.18,88.97,4.19,34
2025-04-29 16:01:50.041898+00:00,70B3D57ED0045541,Hygro#55:41,Hygro,Mains of Carmyllie (LPID NO/54289/43391),56.580815,-2.747666,630303cf001006e822ee105c0023,28.76,9.75,16.0,17.68,89.42,4.19,35
2025-04-30 06:50:00.397998+00:00,70B3D57ED0045541,Hygro#55:41,Hygro,Mains of Carmyllie (LPID NO/54289/43391),56.580815,-2.747666,62c303f2001005bc24b7103e0000,28.51,10.1,16.0,14.68,93.99,4.16,0
2025-04-30 07:05:17.133079+00:00,70B3D57ED0045541,Hygro#55:41,Hygro,Mains of Carmyllie (LPID NO/54289/43391),56.580815,-2.747666,62da03f2000f063324df10440001,28.6,10.1,15.0,15.87,94.39,4.16,1
2025-04-30 07:20:33.868206+00:00,70B3D57ED0045541,Hygro#55:41,Hygro,Mains of Carmyllie (LPID NO/54289/43391),56.580815,-2.747666,62ca03f2000f067824a910510002,28.54,10.1,15.0,16.56,93.85,4.18,2
2025-04-30 07:35:50.591541+00:00,70B3D57ED0045541,Hygro#55:41,Hygro,Mains of Carmyllie (LPID NO/54289/43391),56.580815,-2.747666,62c103f2000f0648244110560003,28.5,10.1,15.0,16.08,92.81,4.18,3
2025-04-30 07:51:07.309538+00:00,70B3D57ED0045541,Hygro#55:41,Hygro,Mains of Carmyllie (LPID NO/54289/43391),56.580815,-2.747666,62cb03f2001006d6244910540004,28.54,10.1,16.0,17.5,92.89,4.18,4
2025-04-30 08:06:24.021010+00:00,70B3D57ED0045541,Hygro#55:41,Hygro,Mains of Carmyllie (LPID NO/54289/43391),56.580815,-2.747666,62c303f200100761243310540005,28.51,10.1,16.0,18.89,92.67,4.18,5
2025-04-30 08:21:40.736171+00:00,70B3D57ED0045541,Hygro#55:41,Hygro,Mains of Carmyllie (LPID NO/54289/43391),56.580815,-2.747666,62c303f2000f07da245110510006,28.51,10.1,15.0,20.1,92.97,4.18,6
2025-04-30 08:36:57.451694+00:00,70B3D57ED0045541,Hygro#55:41,Hygro,Mains of Carmyllie (LPID NO/54289/43391),56.580815,-2.747666,62b903f2000f0878244910540007,28.47,10.1,15.0,21.68,92.89,4.18,7
2025-04-30 08:52:14.168041+00:00,70B3D57ED0045541,Hygro#55:41,Hygro,Mains of Carmyllie (LPID NO/54289/43391),56.580815,-2.747666,62b103eb000f08f7245010560008,28.44,10.03,15.0,22.95,92.96,4.18,8
2025-04-30 09:07:30.885305+00:00,70B3D57ED0045541,Hygro#55:41,Hygro,Mains of Carmyllie (LPID NO/54289/43391),56.580815,-2.747666,62ad03e8000f0859226710540009,28.43,10.0,15.0,21.37,88.07,4.18,9
2025-04-30 09:22:47.605095+00:00,70B3D57ED0045541,Hygro#55:41,Hygro,Mains of Carmyllie (LPID NO/54289/43391),56.580815,-2.747666,62aa03e8000f084222761054000a,28.42,10.0,15.0,21.14,88.22,4.18,10
2025-04-30 09:38:04.319610+00:00,70B3D57ED0045541,Hygro#55:41,Hygro,Mains of Carmyllie (LPID NO/54289/43391),56.580815,-2.747666,62af03e8000f083a226d1056000b,28.44,10.0,15.0,21.06,88.13,4.18,11
2025-04-30 09:53:21.036669+00:00,70B3D57ED0045541,Hygro#55:41,Hygro,Mains of Carmyllie (LPID NO/54289/43391),56.580815,-2.747666,62a403e8000e092923fd1054000c,28.39,10.0,14.0,23.45,92.13,4.18,12
2025-04-30 10:08:37.753060+00:00,70B3D57ED0045541,Hygro#55:41,Hygro,Mains of Carmyllie (LPID NO/54289/43391),56.580815,-2.747666,62a203e8000f0a47240d1056000d,28.38,10.0,15.0,26.31,92.29,4.18,13
2025-04-30 10:23:54.458479+00:00,70B3D57ED0045541,Hygro#55:41,Hygro,Mains of Carmyllie (LPID NO/54289/43391),56.580815,-2.747666,629d03e8000f0a8523751056000e,28.37,10.0,15.0,26.93,90.77,4.18,14
2025-04-30 10:39:11.157516+00:00,70B3D57ED0045541,Hygro#55:41,Hygro,Mains of Carmyllie (LPID NO/54289/43391),56.580815,-2.747666,629b03e8000e0a53228c1054000f,28.36,10.0,14.0,26.43,88.44,4.18,15
2025-04-30 10:54:27.867775+00:00,70B3D57ED0045541,Hygro#55:41,Hygro,Mains of Carmyllie (LPID NO/54289/43391),56.580815,-2.747666,629803e8001009ca22ac10560010,28.35,10.0,16.0,25.06,88.76,4.18,16
2025-04-30 11:09:44.607544+00:00,70B3D57ED0045541,Hygro#55:41,Hygro,Mains of Carmyllie (LPID NO/54289/43391),56.580815,-2.747666,628e03e8000f0a2e232410560011,28.31,10.0,15.0,26.06,89.96,4.18,17
2025-04-30 11:25:01.288033+00:00,70B3D57ED0045541,Hygro#55:41,Hygro,Mains of Carmyllie (LPID NO/54289/43391),56.580815,-2.747666,628a03e8001009f122e110540012,28.29,10.0,16.0,25.45,89.29,4.18,18
2025-04-30 11:40:18.000206+00:00,70B3D57ED0045541,Hygro#55:41,Hygro,Mains of Carmyllie (LPID NO/54289/43391),56.580815,-2.747666,628303e8000f09f622aa10560013,28.26,10.0,15.0,25.5,88.74,4.18,19
2025-04-30 11:55:34.707622+00:00,70B3D57ED0045541,Hygro#55:41,Hygro,Mains of Carmyllie (LPID NO/54289/43391),56.580815,-2.747666,627903e800100a00229610540014,28.23,10.0,16.0,25.6,88.54,4.18,20
2025-04-30 12:10:51.420847+00:00,70B3D57ED0045541,Hygro#55:41,Hygro,Mains of Carmyllie (LPID NO/54289/43391),56.580815,-2.747666,627e03f2000f0a23227910540015,28.25,10.1,15.0,25.95,88.25,4.18,21
2025-04-30 12:26:08.136908+00:00,70B3D57ED0045541,Hygro#55:41,Hygro,Mains of Carmyllie (LPID NO/54289/43391),56.580815,-2.747666,627903f2000f0a8c220d10540016,28.23,10.1,15.0,27.0,87.17,4.18,22
2025-04-30 12:41:24.848260+00:00,70B3D57ED0045541,Hygro#55:41,Hygro,Mains of Carmyllie (LPID NO/54289/43391),56.580815,-2.747666,627003f2000f0a5a219810560017,28.19,10.1,15.0,26.5,86.0,4.18,23
2025-04-30 12:56:41.550281+00:00,70B3D57ED0045541,Hygro#55:41,Hygro,Mains of Carmyllie (LPID NO/54289/43391),56.580815,-2.747666,626703f200100a3a211d10560018,28.16,10.1,16.0,26.18,84.77,4.18,24
2025-04-30 13:11:58.268445+00:00,70B3D57ED0045541,Hygro#55:41,Hygro,Mains of Carmyllie (LPID NO/54289/43391),56.580815,-2.747666,626203f2000f0a4d209c10540019,28.14,10.1,15.0,26.37,83.48,4.18,25
2025-04-30 13:27:14.982130+00:00,70B3D57ED0045541,Hygro#55:41,Hygro,Mains of Carmyllie (LPID NO/54289/43391),56.580815,-2.747666,625903f2000e0a471fe91054001a,28.1,10.1,14.0,26.31,81.69,4.18,26
2025-04-30 13:57:48.382486+00:00,70B3D57ED0045541,Hygro#55:41,Hygro,Mains of Carmyllie (LPID NO/54289/43391),56.580815,-2.747666,625003f2000f09921f151056001c,28.07,10.1,15.0,24.5,79.57,4.18,28
2025-04-30 14:13:05.104772+00:00,70B3D57ED0045541,Hygro#55:41,Hygro,Mains of Carmyllie (LPID NO/54289/43391),56.580815,-2.747666,624f03f2000f09471ef71056001d,28.06,10.1,15.0,23.75,79.27,4.18,29
2025-04-30 14:28:21.805078+00:00,70B3D57ED0045541,Hygro#55:41,Hygro,Mains of Carmyllie (LPID NO/54289/43391),56.580815,-2.747666,624c03fc000e09381ed11056001e,28.05,10.2,14.0,23.6,78.89,4.18,30
2025-04-30 14:43:38.514946+00:00,70B3D57ED0045541,Hygro#55:41,Hygro,Mains of Carmyllie (LPID NO/54289/43391),56.580815,-2.747666,624403fc000f08f51e0a1056001f,28.02,10.2,15.0,22.93,76.9,4.18,31
2025-04-30 14:58:55.221484+00:00,70B3D57ED0045541,Hygro#55:41,Hygro,Mains of Carmyllie (LPID NO/54289/43391),56.580815,-2.747666,624703fc000f08d01d9910540020,28.03,10.2,15.0,22.56,75.77,4.18,32
2025-04-30 15:14:11.941516+00:00,70B3D57ED0045541,Hygro#55:41,Hygro,Mains of Carmyllie (LPID NO/54289/43391),56.580815,-2.747666,623803fc000f08aa1d5f10560021,27.97,10.2,15.0,22.18,75.19,4.18,33
2025-04-30 15:29:28.644011+00:00,70B3D57ED0045541,Hygro#55:41,Hygro,Mains of Carmyllie (LPID NO/54289/43391),56.580815,-2.747666,623703fc000e08401cf8105a0022,27.97,10.2,14.0,21.12,74.16,4.19,34
2025-04-30 15:44:45.363811+00:00,70B3D57ED0045541,Hygro#55:41,Hygro,Mains of Carmyllie (LPID NO/54289/43391),56.580815,-2.747666,623403fc000f07da1c9e10580023,27.96,10.2,15.0,20.1,73.26,4.18,35
2025-04-30 16:00:02.107343+00:00,70B3D57ED0045541,Hygro#55:41,Hygro,Mains of Carmyllie (LPID NO/54289/43391),56.580815,-2.747666,622f0406000f07a41e6310580024,27.94,10.3,15.0,19.56,77.79,4.18,36
2025-05-01 08:17:02.758201+00:00,70B3D57ED0045541,Hygro#55:41,Hygro,Mains of Carmyllie (LPID NO/54289/43391),56.580815,-2.747666,61ed0424000e057525f610560000,27.68,10.6,14.0,13.97,97.18,4.18,0
2025-05-01 08:32:19.505885+00:00,70B3D57ED0045541,Hygro#55:41,Hygro,Mains of Carmyllie (LPID NO/54289/43391),56.580815,-2.747666,61ec0424000f057a25d310560001,27.68,10.6,15.0,14.02,96.83,4.18,1
2025-05-01 08:47:36.258846+00:00,70B3D57ED0045541,Hygro#55:41,Hygro,Mains of Carmyllie (LPID NO/54289/43391),56.580815,-2.747666,61e50424000f05a325d8105a0002,27.65,10.6,15.0,14.43,96.88,4.19,2
2025-05-01 09:02:52.995393+00:00,70B3D57ED0045541,Hygro#55:41,Hygro,Mains of Carmyllie (LPID NO/54289/43391),56.580815,-2.747666,61e20424000f05bc25aa10560003,27.64,10.6,15.0,14.68,96.42,4.18,3
2025-05-01 09:18:09.748870+00:00,70B3D57ED0045541,Hygro#55:41,Hygro,Mains of Carmyllie (LPID NO/54289/43391),56.580815,-2.747666,61de0424000f05ec259810580004,27.62,10.6,15.0,15.16,96.24,4.18,4
2025-05-01 09:33:26.489892+00:00,70B3D57ED0045541,Hygro#55:41,Hygro,Mains of Carmyllie (LPID NO/54289/43391),56.580815,-2.747666,61db0424000e065425a710580005,27.61,10.6,14.0,16.2,96.39,4.18,5
2025-05-01 09:48:43.228770+00:00,70B3D57ED0045541,Hygro#55:41,Hygro,Mains of Carmyllie (LPID NO/54289/43391),56.580815,-2.747666,61dd0424000e06f325e110580006,27.62,10.6,14.0,17.79,96.97,4.18,6
2025-05-01 10:06:00.992753+00:00,70B3D57ED0045541,Hygro#55:41,Hygro,Mains of Carmyllie (LPID NO/54289/43391),56.580815,-2.747666,60f90424000e06f7256f102e0000,26.74,10.6,14.0,17.83,95.83,4.14,0
2025-05-01 10:40:03.528046+00:00,70B3D57ED0045541,Hygro#55:41,Hygro,Mains of Carmyllie (LPID NO/54289/43391),56.580815,-2.747666,61d1041a000f06c3253c105c0001,27.57,10.5,15.0,17.31,95.32,4.19,1
2025-05-01 10:55:20.254476+00:00,70B3D57ED0045541,Hygro#55:41,Hygro,Mains of Carmyllie (LPID NO/54289/43391),56.580815,-2.747666,61cc041a000e0855256910580002,27.55,10.5,14.0,21.33,95.77,4.18,2
2025-05-01 11:10:36.975254+00:00,70B3D57ED0045541,Hygro#55:41,Hygro,Mains of Carmyllie (LPID NO/54289/43391),56.580815,-2.747666,61c9041a000e095924bf10560003,27.54,10.5,14.0,23.93,94.07,4.18,3
2025-05-01 11:25:53.678331+00:00,70B3D57ED0045541,Hygro#55:41,Hygro,Mains of Carmyllie (LPID NO/54289/43391),56.580815,-2.747666,61cb041a000f08bd241810540004,27.55,10.5,15.0,22.37,92.4,4.18,4
2025-05-01 11:41:10.394386+00:00,70B3D57ED0045541,Hygro#55:41,Hygro,Mains of Carmyllie (LPID NO/54289/43391),56.580815,-2.747666,61bf041a000f089e23a5105a0005,27.5,10.5,15.0,22.06,91.25,4.19,5
2025-05-01 11:56:27.118504+00:00,70B3D57ED0045541,Hygro#55:41,Hygro,Mains of Carmyllie (LPID NO/54289/43391),56.580815,-2.747666,61be041a000e0953236310560006,27.5,10.5,14.0,23.87,90.59,4.18,6
2025-05-01 12:11:43.820789+00:00,70B3D57ED0045541,Hygro#55:41,Hygro,Mains of Carmyllie (LPID NO/54289/43391),56.580815,-2.747666,61b9041a000e09bf231010580007,27.48,10.5,14.0,24.95,89.76,4.18,7
2025-05-01 12:27:00.545288+00:00,70B3D57ED0045541,Hygro#55:41,Hygro,Mains of Carmyllie (LPID NO/54289/43391),56.580815,-2.747666,61b6041a000f08d0227c10580008,27.47,10.5,15.0,22.56,88.28,4.18,8
2025-05-01 12:42:17.268611+00:00,70B3D57ED0045541,Hygro#55:41,Hygro,Mains of Carmyllie (LPID NO/54289/43391),56.580815,-2.747666,61ab041a000e07aa228d10580009,27.43,10.5,14.0,19.62,88.45,4.18,9
2025-05-01 12:57:33.989704+00:00,70B3D57ED0045541,Hygro#55:41,Hygro,Mains of Carmyllie (LPID NO/54289/43391),56.580815,-2.747666,61a7041a000e077822c9105a000a,27.41,10.5,14.0,19.12,89.05,4.19,10
2025-05-01 13:12:50.708229+00:00,70B3D57ED0045541,Hygro#55:41,Hygro,Mains of Carmyllie (LPID NO/54289/43391),56.580815,-2.747666,61a6041a000e083e22bd1056000b,27.41,10.5,14.0,21.1,88.93,4.18,11
2025-05-01 13:28:07.440260+00:00,70B3D57ED0045541,Hygro#55:41,Hygro,Mains of Carmyllie (LPID NO/54289/43391),56.580815,-2.747666,61a2041a000e07a422b91058000c,27.39,10.5,14.0,19.56,88.89,4.18,12
2025-05-01 13:43:24.151676+00:00,70B3D57ED0045541,Hygro#55:41,Hygro,Mains of Carmyllie (LPID NO/54289/43391),56.580815,-2.747666,61a1041a000e07a422be105a000d,27.39,10.5,14.0,19.56,88.94,4.19,13
2025-05-01 13:58:40.873906+00:00,70B3D57ED0045541,Hygro#55:41,Hygro,Mains of Carmyllie (LPID NO/54289/43391),56.580815,-2.747666,61a00424000e070122a21037000e,27.38,10.6,14.0,17.93,88.66,4.15,14
2025-05-01 14:13:57.614580+00:00,70B3D57ED0045541,Hygro#55:41,Hygro,Mains of Carmyllie (LPID NO/54289/43391),56.580815,-2.747666,61950424000e06a822b6105a000f,27.34,10.6,14.0,17.04,88.86,4.19,15
2025-05-01 15:20:03.637950+00:00,70B3D57ED0045541,Hygro#55:41,Hygro,Mains of Carmyllie (LPID NO/54289/43391),56.580815,-2.747666,60a80424000e05d5233010400000,26.42,10.6,14.0,14.93,90.08,4.16,0
2025-05-02 07:17:26.593465+00:00,70B3D57ED0045541,Hygro#55:41,Hygro,Mains of Carmyllie (LPID NO/54289/43391),56.580815,-2.747666,6143041a000e050724f7104f0001,27.02,10.5,14.0,12.87,94.63,4.17,1
2025-05-02 07:32:43.323106+00:00,70B3D57ED0045541,Hygro#55:41,Hygro,Mains of Carmyllie (LPID NO/54289/43391),56.580815,-2.747666,613f0410000e055a249c10540002,27.01,10.4,14.0,13.7,93.72,4.18,2
2025-05-02 07:48:00.064629+00:00,70B3D57ED0045541,Hygro#55:41,Hygro,Mains of Carmyllie (LPID NO/54289/43391),56.580815,-2.747666,613c0410000e05e2249510560003,27.0,10.4,14.0,15.06,93.65,4.18,3
2025-05-02 08:03:16.774131+00:00,70B3D57ED0045541,Hygro#55:41,Hygro,Mains of Carmyllie (LPID NO/54289/43391),56.580815,-2.747666,61380410000d062d246810560004,26.98,10.4,13.0,15.81,93.2,4.18,4
2025-05-02 08:18:33.507114+00:00,70B3D57ED0045541,Hygro#55:41,Hygro,Mains of Carmyllie (LPID NO/54289/43391),56.580815,-2.747666,61340410000e0701259010580005,26.97,10.4,14.0,17.93,96.16,4.18,5
2025-05-02 08:33:50.220518+00:00,70B3D57ED0045541,Hygro#55:41,Hygro,Mains of Carmyllie (LPID NO/54289/43391),56.580815,-2.747666,61380410000e0697241010560006,26.98,10.4,14.0,16.87,92.32,4.18,6
2025-05-02 08:49:06.951912+00:00,70B3D57ED0045541,Hygro#55:41,Hygro,Mains of Carmyllie (LPID NO/54289/43391),56.580815,-2.747666,61300410000e05dc232610580007,26.95,10.4,14.0,15.0,89.98,4.18,7
2025-05-02 09:04:23.689723+00:00,70B3D57ED0045541,Hygro#55:41,Hygro,Mains of Carmyllie (LPID NO/54289/43391),56.580815,-2.747666,612d0410000d05672352105a0008,26.94,10.4,13.0,13.83,90.42,4.19,8
2025-05-02 09:19:40.421652+00:00,70B3D57ED0045541,Hygro#55:41,Hygro,Mains of Carmyllie (LPID NO/54289/43391),56.580815,-2.747666,61280410000e05cf243f105c0009,26.92,10.4,14.0,14.87,92.79,4.19,9
2025-05-02 09:34:57.154666+00:00,70B3D57ED0045541,Hygro#55:41,Hygro,Mains of Carmyllie (LPID NO/54289/43391),56.580815,-2.747666,61270406000d069d24ce105a000a,26.91,10.3,13.0,16.93,94.22,4.19,10
2025-05-02 09:50:13.868619+00:00,70B3D57ED0045541,Hygro#55:41,Hygro,Mains of Carmyllie (LPID NO/54289/43391),56.580815,-2.747666,61210406000e06442363105f000b,26.89,10.3,14.0,16.04,90.59,4.19,11
2025-05-02 10:05:30.592544+00:00,70B3D57ED0045541,Hygro#55:41,Hygro,Mains of Carmyllie (LPID NO/54289/43391),56.580815,-2.747666,611d0406000e07c924a91058000c,26.88,10.3,14.0,19.93,93.85,4.18,12
2025-05-02 10:20:47.327331+00:00,70B3D57ED0045541,Hygro#55:41,Hygro,Mains of Carmyllie (LPID NO/54289/43391),56.580815,-2.747666,61190406000e07e624541056000d,26.86,10.3,14.0,20.22,93.0,4.18,13
2025-05-02 10:36:04.045520+00:00,70B3D57ED0045541,Hygro#55:41,Hygro,Mains of Carmyllie (LPID NO/54289/43391),56.580815,-2.747666,61140406000d06dc22871056000e,26.84,10.3,13.0,17.56,88.39,4.18,14
2025-05-02 10:51:20.775761+00:00,70B3D57ED0045541,Hygro#55:41,Hygro,Mains of Carmyllie (LPID NO/54289/43391),56.580815,-2.747666,61130406000d06f922d6105a000f,26.84,10.3,13.0,17.85,89.18,4.19,15
2025-05-02 11:06:37.504096+00:00,70B3D57ED0045541,Hygro#55:41,Hygro,Mains of Carmyllie (LPID NO/54289/43391),56.580815,-2.747666,610c0406000e085f23fe105a0010,26.81,10.3,14.0,21.43,92.14,4.19,16
2025-05-02 11:21:54.222960+00:00,70B3D57ED0045541,Hygro#55:41,Hygro,Mains of Carmyllie (LPID NO/54289/43391),56.580815,-2.747666,61080406000d080e238210580011,26.79,10.3,13.0,20.62,90.9,4.18,17
2025-05-02 11:37:10.942689+00:00,70B3D57ED0045541,Hygro#55:41,Hygro,Mains of Carmyllie (LPID NO/54289/43391),56.580815,-2.747666,61040406000e077e234b10580012,26.78,10.3,14.0,19.18,90.35,4.18,18
2025-05-02 11:52:27.699198+00:00,70B3D57ED0045541,Hygro#55:41,Hygro,Mains of Carmyllie (LPID NO/54289/43391),56.580815,-2.747666,61010406000e063b22e4105a0013,26.77,10.3,14.0,15.95,89.32,4.19,19
2025-05-02 12:22:51.207442+00:00,70B3D57ED0045541,Hygro#55:41,Hygro,Mains of Carmyllie (LPID NO/54289/43391),56.580815,-2.747666,5ff00406000d052622ff10350000,25.71,10.3,13.0,13.18,89.59,4.15,0
2025-05-02 13:12:33.513893+00:00,70B3D57ED0045541,Hygro#55:41,Hygro,Mains of Carmyllie (LPID NO/54289/43391),56.580815,-2.747666,60f10406000e05f2245310580001,26.71,10.3,14.0,15.22,92.99,4.18,1
2025-05-02 13:27:50.245101+00:00,70B3D57ED0045541,Hygro#55:41,Hygro,Mains of Carmyllie (LPID NO/54289/43391),56.580815,-2.747666,60ec0406000e05a323dd105c0002,26.69,10.3,14.0,14.43,91.81,4.19,2
2025-05-02 13:43:06.981911+00:00,70B3D57ED0045541,Hygro#55:41,Hygro,Mains of Carmyllie (LPID NO/54289/43391),56.580815,-2.747666,60ee0406000e063523fb105c0003,26.69,10.3,14.0,15.89,92.11,4.19,3
2025-05-02 13:58:23.706914+00:00,70B3D57ED0045541,Hygro#55:41,Hygro,Mains of Carmyllie (LPID NO/54289/43391),56.580815,-2.747666,60e7040c000e075922ea10580004,26.67,10.36,14.0,18.81,89.38,4.18,4
2025-05-02 14:13:40.422705+00:00,70B3D57ED0045541,Hygro#55:41,Hygro,Mains of Carmyllie (LPID NO/54289/43391),56.580815,-2.747666,60e40410000e0763213910580005,26.65,10.4,14.0,18.91,85.05,4.18,5
2025-05-02 14:28:57.136545+00:00,70B3D57ED0045541,Hygro#55:41,Hygro,Mains of Carmyllie (LPID NO/54289/43391),56.580815,-2.747666,60e00410000e07781f9510580006,26.64,10.4,14.0,19.12,80.85,4.18,6
2025-05-02 14:44:13.854610+00:00,70B3D57ED0045541,Hygro#55:41,Hygro,Mains of Carmyllie (LPID NO/54289/43391),56.580815,-2.747666,60da0410000e08141eec10580007,26.62,10.4,14.0,20.68,79.16,4.18,7
2025-05-02 14:59:30.562437+00:00,70B3D57ED0045541,Hygro#55:41,Hygro,Mains of Carmyllie (LPID NO/54289/43391),56.580815,-2.747666,60d80410000e07081f4c10580008,26.61,10.4,14.0,18.0,80.12,4.18,8
2025-05-02 15:14:47.269684+00:00,70B3D57ED0045541,Hygro#55:41,Hygro,Mains of Carmyllie (LPID NO/54289/43391),56.580815,-2.747666,60d50410000e08161e4910580009,26.6,10.4,14.0,20.7,77.53,4.18,9
2025-05-02 15:45:20.710448+00:00,70B3D57ED0045541,Hygro#55:41,Hygro,Mains of Carmyllie (LPID NO/54289/43391),56.580815,-2.747666,60cd0410000e067e20fd1058000b,26.57,10.4,14.0,16.62,84.45,4.18,11
2025-05-02 16:00:37.460046+00:00,70B3D57ED0045541,Hygro#55:41,Hygro,Mains of Carmyllie (LPID NO/54289/43391),56.580815,-2.747666,60c60410000e06462153105a000c,26.54,10.4,14.0,16.06,85.31,4.19,12
2025-05-02 16:15:54.156676+00:00,70B3D57ED0045541,Hygro#55:41,Hygro,Mains of Carmyllie (LPID NO/54289/43391),56.580815,-2.747666,60c50410000d06dc213e1058000d,26.53,10.4,13.0,17.56,85.1,4.18,13
2025-05-03 07:03:03.482670+00:00,70B3D57ED0045541,Hygro#55:41,Hygro,Mains of Carmyllie (LPID NO/54289/43391),56.580815,-2.747666,608b0410000e04772464103e0000,26.31,10.4,14.0,11.43,93.16,4.16,0
2025-05-03 07:18:20.219128+00:00,70B3D57ED0045541,Hygro#55:41,Hygro,Mains of Carmyllie (LPID NO/54289/43391),56.580815,-2.747666,6089040e000d04ea246010560001,26.3,10.38,13.0,12.58,93.12,4.18,1
2025-05-03 07:33:36.953309+00:00,70B3D57ED0045541,Hygro#55:41,Hygro,Mains of Carmyllie (LPID NO/54289/43391),56.580815,-2.747666,60880406000e047e23ae10580002,26.3,10.3,14.0,11.5,91.34,4.18,2
2025-05-03 07:48:53.671585+00:00,70B3D57ED0045541,Hygro#55:41,Hygro,Mains of Carmyllie (LPID NO/54289/43391),56.580815,-2.747666,60840406000d04a3239e105a0003,26.28,10.3,13.0,11.87,91.18,4.19,3
2025-05-03 08:04:10.405953+00:00,70B3D57ED0045541,Hygro#55:41,Hygro,Mains of Carmyllie (LPID NO/54289/43391),56.580815,-2.747666,60830406000d04d523d010560004,26.28,10.3,13.0,12.37,91.68,4.18,4
2025-05-03 08:19:27.142049+00:00,70B3D57ED0045541,Hygro#55:41,Hygro,Mains of Carmyllie (LPID NO/54289/43391),56.580815,-2.747666,60810406000d04e8234d105a0005,26.27,10.3,13.0,12.56,90.37,4.19,5
2025-05-03 08:34:43.869775+00:00,70B3D57ED0045541,Hygro#55:41,Hygro,Mains of Carmyllie (LPID NO/54289/43391),56.580815,-2.747666,607d0406000d04582377105a0006,26.26,10.3,13.0,11.12,90.79,4.19,6
2025-05-03 08:50:00.603449+00:00,70B3D57ED0045541,Hygro#55:41,Hygro,Mains of Carmyllie (LPID NO/54289/43391),56.580815,-2.747666,607c0406000d052f24af105a0007,26.25,10.3,13.0,13.27,93.91,4.19,7
2025-05-03 09:05:17.337976+00:00,70B3D57ED0045541,Hygro#55:41,Hygro,Mains of Carmyllie (LPID NO/54289/43391),56.580815,-2.747666,60780406000d05912491105c0008,26.24,10.3,13.0,14.25,93.61,4.19,8
2025-05-03 09:20:34.070123+00:00,70B3D57ED0045541,Hygro#55:41,Hygro,Mains of Carmyllie (LPID NO/54289/43391),56.580815,-2.747666,60730406000d05bc2466105a0009,26.22,10.3,13.0,14.68,93.18,4.19,9
2025-05-03 09:35:50.801933+00:00,70B3D57ED0045541,Hygro#55:41,Hygro,Mains of Carmyllie (LPID NO/54289/43391),56.580815,-2.747666,60710406000d06782505105a000a,26.21,10.3,13.0,16.56,94.77,4.19,10
2025-05-03 09:51:07.527490+00:00,70B3D57ED0045541,Hygro#55:41,Hygro,Mains of Carmyllie (LPID NO/54289/43391),56.580815,-2.747666,606c0406000d05cf23e5105a000b,26.19,10.3,13.0,14.87,91.89,4.19,11
2025-05-03 10:06:24.268974+00:00,70B3D57ED0045541,Hygro#55:41,Hygro,Mains of Carmyllie (LPID NO/54289/43391),56.580815,-2.747666,606a0406000d05202378105c000c,26.18,10.3,13.0,13.12,90.8,4.19,12
2025-05-03 10:21:41.015138+00:00,70B3D57ED0045541,Hygro#55:41,Hygro,Mains of Carmyllie (LPID NO/54289/43391),56.580815,-2.747666,60650406000c050723cc105a000d,26.16,10.3,12.0,12.87,91.64,4.19,13
2025-05-03 10:36:57.771851+00:00,70B3D57ED0045541,Hygro#55:41,Hygro,Mains of Carmyllie (LPID NO/54289/43391),56.580815,-2.747666,60630406000d053723b7105a000e,26.15,10.3,13.0,13.35,91.43,4.19,14
2025-05-03 10:52:14.498639+00:00,70B3D57ED0045541,Hygro#55:41,Hygro,Mains of Carmyllie (LPID NO/54289/43391),56.580815,-2.747666,605e0406000e0665244b105a000f,26.13,10.3,14.0,16.37,92.91,4.19,15
2025-05-03 11:07:31.232231+00:00,70B3D57ED0045541,Hygro#55:41,Hygro,Mains of Carmyllie (LPID NO/54289/43391),56.580815,-2.747666,605b0406000d061223c710560010,26.12,10.3,13.0,15.54,91.59,4.18,16
2025-05-03 11:22:47.971432+00:00,70B3D57ED0045541,Hygro#55:41,Hygro,Mains of Carmyllie (LPID NO/54289/43391),56.580815,-2.747666,60540406000d05b02390105c0011,26.1,10.3,13.0,14.56,91.04,4.19,17
2025-05-03 11:38:04.698709+00:00,70B3D57ED0045541,Hygro#55:41,Hygro,Mains of Carmyllie (LPID NO/54289/43391),56.580815,-2.747666,60530406000d05b6237510560012,26.09,10.3,13.0,14.62,90.77,4.18,18
2025-05-03 11:53:21.438835+00:00,70B3D57ED0045541,Hygro#55:41,Hygro,Mains of Carmyllie (LPID NO/54289/43391),56.580815,-2.747666,604c0406000d061a230a105c0013,26.07,10.3,13.0,15.62,89.7,4.19,19
2025-05-03 12:23:54.909793+00:00,70B3D57ED0045541,Hygro#55:41,Hygro,Mains of Carmyllie (LPID NO/54289/43391),56.580815,-2.747666,60480406000e05c3226e105c0015,26.05,10.3,14.0,14.75,88.14,4.19,21
2025-05-03 12:39:11.635898+00:00,70B3D57ED0045541,Hygro#55:41,Hygro,Mains of Carmyllie (LPID NO/54289/43391),56.580815,-2.747666,603f0406000c066521eb10580016,26.01,10.3,12.0,16.37,86.83,4.18,22
2025-05-03 12:54:28.361485+00:00,70B3D57ED0045541,Hygro#55:41,Hygro,Mains of Carmyllie (LPID NO/54289/43391),56.580815,-2.747666,603d0406000d062d214d105c0017,26.01,10.3,13.0,15.81,85.25,4.19,23
2025-05-03 13:09:45.098329+00:00,70B3D57ED0045541,Hygro#55:41,Hygro,Mains of Carmyllie (LPID NO/54289/43391),56.580815,-2.747666,60370406000d063d20a4105a0018,25.98,10.3,13.0,15.97,83.56,4.19,24
2025-05-03 13:25:01.819971+00:00,70B3D57ED0045541,Hygro#55:41,Hygro,Mains of Carmyllie (LPID NO/54289/43391),56.580815,-2.747666,60340406000c05b02100105a0019,25.97,10.3,12.0,14.56,84.48,4.19,25
2025-05-03 13:40:18.545872+00:00,70B3D57ED0045541,Hygro#55:41,Hygro,Mains of Carmyllie (LPID NO/54289/43391),56.580815,-2.747666,60300406000c061020af105f001a,25.96,10.3,12.0,15.52,83.67,4.19,26
2025-05-03 13:55:35.269073+00:00,70B3D57ED0045541,Hygro#55:41,Hygro,Mains of Carmyllie (LPID NO/54289/43391),56.580815,-2.747666,602d0406000d05ee1fe91056001b,25.94,10.3,13.0,15.18,81.69,4.18,27
2025-05-03 14:10:52.003261+00:00,70B3D57ED0045541,Hygro#55:41,Hygro,Mains of Carmyllie (LPID NO/54289/43391),56.580815,-2.747666,602b0406000d05dc1fdb105c001c,25.94,10.3,13.0,15.0,81.55,4.19,28
2025-05-03 14:26:08.802816+00:00,70B3D57ED0045541,Hygro#55:41,Hygro,Mains of Carmyllie (LPID NO/54289/43391),56.580815,-2.747666,60270406000c04d72184105a001d,25.92,10.3,12.0,12.39,85.8,4.19,29
2025-05-03 14:56:42.211490+00:00,70B3D57ED0045541,Hygro#55:41,Hygro,Mains of Carmyllie (LPID NO/54289/43391),56.580815,-2.747666,60230406000d050720cc105f001f,25.91,10.3,13.0,12.87,83.96,4.19,31
2025-05-03 15:11:58.953725+00:00,70B3D57ED0045541,Hygro#55:41,Hygro,Mains of Carmyllie (LPID NO/54289/43391),56.580815,-2.747666,601c0406000e056d1f84105c0020,25.88,10.3,14.0,13.89,80.68,4.19,32
2025-05-03 15:34:52.030314+00:00,70B3D57ED0045541,Hygro#55:41,Hygro,Mains of Carmyllie (LPID NO/54289/43391),56.580815,-2.747666,5f2d0406000c03fa211a10390000,24.95,10.3,12.0,10.18,84.74,4.15,0
2025-05-03 15:50:08.776855+00:00,70B3D57ED0045541,Hygro#55:41,Hygro,Mains of Carmyllie (LPID NO/54289/43391),56.580815,-2.747666,60150406000d04b0205a105c0001,25.85,10.3,13.0,12.0,82.82,4.19,1
2025-05-03 16:05:25.507827+00:00,70B3D57ED0045541,Hygro#55:41,Hygro,Mains of Carmyllie (LPID NO/54289/43391),56.580815,-2.747666,60120406000c04fb209c105a0002,25.84,10.3,12.0,12.75,83.48,4.19,2
2025-05-03 16:20:42.252233+00:00,70B3D57ED0045541,Hygro#55:41,Hygro,Mains of Carmyllie (LPID NO/54289/43391),56.580815,-2.747666,600f0406000d047e21c5105f0003,25.83,10.3,13.0,11.5,86.45,4.19,3
2025-05-04 07:00:01.914004+00:00,70B3D57ED0045541,Hygro#55:41,Hygro,Mains of Carmyllie (LPID NO/54289/43391),56.580815,-2.747666,5fce03e8000d02ce251310460000,25.58,10.0,13.0,7.18,94.91,4.17,0
2025-05-04 07:15:18.664670+00:00,70B3D57ED0045541,Hygro#55:41,Hygro,Mains of Carmyllie (LPID NO/54289/43391),56.580815,-2.747666,5fd003e8000c02e124f0105f0001,25.58,10.0,12.0,7.37,94.56,4.19,1
2025-05-04 07:30:35.420268+00:00,70B3D57ED0045541,Hygro#55:41,Hygro,Mains of Carmyllie (LPID NO/54289/43391),56.580815,-2.747666,5fcf03e8000d031924cf10560002,25.58,10.0,13.0,7.93,94.23,4.18,2
2025-05-04 07:45:52.180905+00:00,70B3D57ED0045541,Hygro#55:41,Hygro,Mains of Carmyllie (LPID NO/54289/43391),56.580815,-2.747666,5fcd03dd000d036424d0105c0003,25.57,9.89,13.0,8.68,94.24,4.19,3
2025-05-04 08:01:08.934236+00:00,70B3D57ED0045541,Hygro#55:41,Hygro,Mains of Carmyllie (LPID NO/54289/43391),56.580815,-2.747666,5fcb03dd000d039624be105a0004,25.56,9.89,13.0,9.18,94.06,4.19,4
2025-05-04 08:16:25.689971+00:00,70B3D57ED0045541,Hygro#55:41,Hygro,Mains of Carmyllie (LPID NO/54289/43391),56.580815,-2.747666,5fc503dd000d040124cf105a0005,25.54,9.89,13.0,10.25,94.23,4.19,5
2025-05-04 09:09:24.450282+00:00,70B3D57ED0045541,Hygro#55:41,Hygro,Mains of Carmyllie (LPID NO/54289/43391),56.580815,-2.747666,5fbb03dd000c03a5242c105c0002,25.5,9.89,12.0,9.33,92.6,4.19,2
2025-05-04 09:24:41.209307+00:00,70B3D57ED0045541,Hygro#55:41,Hygro,Mains of Carmyllie (LPID NO/54289/43391),56.580815,-2.747666,5fb803d4000c0471247c105a0003,25.49,9.8,12.0,11.37,93.4,4.19,3
2025-05-04 09:39:57.976352+00:00,70B3D57ED0045541,Hygro#55:41,Hygro,Mains of Carmyllie (LPID NO/54289/43391),56.580815,-2.747666,5fb603d4000d04e824e1105c0004,25.48,9.8,13.0,12.56,94.41,4.19,4
2025-05-04 09:55:14.697911+00:00,70B3D57ED0045541,Hygro#55:41,Hygro,Mains of Carmyllie (LPID NO/54289/43391),56.580815,-2.747666,5fb003d4000c04c22440105a0005,25.46,9.8,12.0,12.18,92.8,4.19,5
2025-05-04 10:10:31.456430+00:00,70B3D57ED0045541,Hygro#55:41,Hygro,Mains of Carmyllie (LPID NO/54289/43391),56.580815,-2.747666,5fac03d4000d0381231a105f0006,25.44,9.8,13.0,8.97,89.86,4.19,6
2025-05-04 10:25:48.200704+00:00,70B3D57ED0045541,Hygro#55:41,Hygro,Mains of Carmyllie (LPID NO/54289/43391),56.580815,-2.747666,5fab03d4000c04e223ca105f0007,25.44,9.8,12.0,12.5,91.62,4.19,7
2025-05-04 10:41:04.939479+00:00,70B3D57ED0045541,Hygro#55:41,Hygro,Mains of Carmyllie (LPID NO/54289/43391),56.580815,-2.747666,5fa403d4000c05e2240a105c0008,25.41,9.8,12.0,15.06,92.26,4.19,8
2025-05-04 10:56:21.685869+00:00,70B3D57ED0045541,Hygro#55:41,Hygro,Mains of Carmyllie (LPID NO/54289/43391),56.580815,-2.747666,5fa003d4000c04a32379105a0009,25.4,9.8,12.0,11.87,90.81,4.19,9
2025-05-04 11:11:38.436445+00:00,70B3D57ED0045541,Hygro#55:41,Hygro,Mains of Carmyllie (LPID NO/54289/43391),56.580815,-2.747666,5f9e03d4000d0477239a105a000a,25.39,9.8,13.0,11.43,91.14,4.19,10
2025-05-04 13:25:18.391212+00:00,70B3D57ED0045541,Hygro#55:41,Hygro,Mains of Carmyllie (LPID NO/54289/43391),56.580815,-2.747666,5e8d03ca000c033221e510330000,24.33,9.7,12.0,8.18,86.77,4.15,0
2025-05-04 13:40:35.142953+00:00,70B3D57ED0045541,Hygro#55:41,Hygro,Mains of Carmyllie (LPID NO/54289/43391),56.580815,-2.747666,5f8203ca000c04522299105a0001,25.28,9.7,12.0,11.06,88.57,4.19,1
2025-05-04 13:55:51.886994+00:00,70B3D57ED0045541,Hygro#55:41,Hygro,Mains of Carmyllie (LPID NO/54289/43391),56.580815,-2.747666,5f8003ca000c049721a3105c0002,25.27,9.7,12.0,11.75,86.11,4.19,2
2025-05-04 14:11:08.631360+00:00,70B3D57ED0045541,Hygro#55:41,Hygro,Mains of Carmyllie (LPID NO/54289/43391),56.580815,-2.747666,5e9903ca000c03c8229d10350003,24.38,9.7,12.0,9.68,88.61,4.15,3
2025-05-04 14:26:25.377265+00:00,70B3D57ED0045541,Hygro#55:41,Hygro,Mains of Carmyllie (LPID NO/54289/43391),56.580815,-2.747666,5f7a03ca000c03e8229b105c0004,25.25,9.7,12.0,10.0,88.59,4.19,4
2025-05-04 14:41:42.134763+00:00,70B3D57ED0045541,Hygro#55:41,Hygro,Mains of Carmyllie (LPID NO/54289/43391),56.580815,-2.747666,5f7803ca000b03df22bc105a0005,25.24,9.7,11.0,9.91,88.92,4.19,5
2025-05-04 15:12:15.655969+00:00,70B3D57ED0045541,Hygro#55:41,Hygro,Mains of Carmyllie (LPID NO/54289/43391),56.580815,-2.747666,5f7103ca000c0377231f10610007,25.22,9.7,12.0,8.87,89.91,4.19,7
2025-05-04 15:27:32.415242+00:00,70B3D57ED0045541,Hygro#55:41,Hygro,Mains of Carmyllie (LPID NO/54289/43391),56.580815,-2.747666,5f6e03ca000c03ad2359105a0008,25.2,9.7,12.0,9.41,90.49,4.19,8
2025-05-04 15:42:49.167534+00:00,70B3D57ED0045541,Hygro#55:41,Hygro,Mains of Carmyllie (LPID NO/54289/43391),56.580815,-2.747666,5f6b03d4000c04012324105f0009,25.19,9.8,12.0,10.25,89.96,4.19,9
2025-05-04 16:06:38.916878+00:00,70B3D57ED0045541,Hygro#55:41,Hygro,Mains of Carmyllie (LPID NO/54289/43391),56.580815,-2.747666,5f6403d4000c036422f5105f0000,25.17,9.8,12.0,8.68,89.49,4.19,0
2025-05-05 07:30:50.519497+00:00,70B3D57ED0045541,Hygro#55:41,Hygro,Mains of Carmyllie (LPID NO/54289/43391),56.580815,-2.747666,5f3503ab000c03562517105c0001,24.98,9.39,12.0,8.54,94.95,4.19,1
2025-05-05 07:46:07.285594+00:00,70B3D57ED0045541,Hygro#55:41,Hygro,Mains of Carmyllie (LPID NO/54289/43391),56.580815,-2.747666,5f3603a2000c039024fa10580002,24.99,9.3,12.0,9.12,94.66,4.18,2
2025-05-05 08:01:24.036440+00:00,70B3D57ED0045541,Hygro#55:41,Hygro,Mains of Carmyllie (LPID NO/54289/43391),56.580815,-2.747666,5f3203a2000b03db24e010580003,24.97,9.3,11.0,9.87,94.4,4.18,3
2025-05-05 08:16:40.782101+00:00,70B3D57ED0045541,Hygro#55:41,Hygro,Mains of Carmyllie (LPID NO/54289/43391),56.580815,-2.747666,5f3103a2000c042624bf105a0004,24.97,9.3,12.0,10.62,94.07,4.19,4
2025-05-05 08:31:57.527824+00:00,70B3D57ED0045541,Hygro#55:41,Hygro,Mains of Carmyllie (LPID NO/54289/43391),56.580815,-2.747666,5f2d03a2000b0426244c10580005,24.95,9.3,11.0,10.62,92.92,4.18,5
2025-05-05 08:47:14.277269+00:00,70B3D57ED0045541,Hygro#55:41,Hygro,Mains of Carmyllie (LPID NO/54289/43391),56.580815,-2.747666,5f2c03a2000c0471245310540006,24.95,9.3,12.0,11.37,92.99,4.18,6
2025-05-05 09:02:31.012522+00:00,70B3D57ED0045541,Hygro#55:41,Hygro,Mains of Carmyllie (LPID NO/54289/43391),56.580815,-2.747666,5f2903a2000c05202454105a0007,24.94,9.3,12.0,13.12,93.0,4.19,7
2025-05-05 09:17:47.746597+00:00,70B3D57ED0045541,Hygro#55:41,Hygro,Mains of Carmyllie (LPID NO/54289/43391),56.580815,-2.747666,5f2503a2000b053323ec105a0008,24.92,9.3,11.0,13.31,91.96,4.19,8
2025-05-05 09:33:04.498544+00:00,70B3D57ED0045541,Hygro#55:41,Hygro,Mains of Carmyllie (LPID NO/54289/43391),56.580815,-2.747666,5f2303a2000b045622f610580009,24.91,9.3,11.0,11.1,89.5,4.18,9
2025-05-05 09:48:21.232965+00:00,70B3D57ED0045541,Hygro#55:41,Hygro,Mains of Carmyllie (LPID NO/54289/43391),56.580815,-2.747666,5f2103a2000c04f42390105a000a,24.91,9.3,12.0,12.68,91.04,4.19,10
2025-05-05 10:03:37.969480+00:00,70B3D57ED0045541,Hygro#55:41,Hygro,Mains of Carmyllie (LPID NO/54289/43391),56.580815,-2.747666,5f1e03a2000c062423d61058000b,24.89,9.3,12.0,15.72,91.74,4.18,11
2025-05-05 10:18:54.696791+00:00,70B3D57ED0045541,Hygro#55:41,Hygro,Mains of Carmyllie (LPID NO/54289/43391),56.580815,-2.747666,5f1b03a2000c073a2345105a000c,24.88,9.3,12.0,18.5,90.29,4.19,12
2025-05-05 10:34:11.408323+00:00,70B3D57ED0045541,Hygro#55:41,Hygro,Mains of Carmyllie (LPID NO/54289/43391),56.580815,-2.747666,5f130398000b07bd22c51056000d,24.85,9.2,11.0,19.81,89.01,4.18,13
2025-05-05 10:49:28.127573+00:00,70B3D57ED0045541,Hygro#55:41,Hygro,Mains of Carmyllie (LPID NO/54289/43391),56.580815,-2.747666,5f130398000b06aa22de1058000e,24.85,9.2,11.0,17.06,89.26,4.18,14
2025-05-05 11:04:44.852627+00:00,70B3D57ED0045541,Hygro#55:41,Hygro,Mains of Carmyllie (LPID NO/54289/43391),56.580815,-2.747666,5f0d0398000b075f22381054000f,24.83,9.2,11.0,18.87,87.6,4.18,15
2025-05-05 11:20:01.570221+00:00,70B3D57ED0045541,Hygro#55:41,Hygro,Mains of Carmyllie (LPID NO/54289/43391),56.580815,-2.747666,5f060398000b05d5209910560010,24.8,9.2,11.0,14.93,83.45,4.18,16
2025-05-05 11:35:18.294998+00:00,70B3D57ED0045541,Hygro#55:41,Hygro,Mains of Carmyllie (LPID NO/54289/43391),56.580815,-2.747666,5f030398000c06ff21a210580011,24.79,9.2,12.0,17.91,86.1,4.18,17
2025-05-05 11:50:35.020785+00:00,70B3D57ED0045541,Hygro#55:41,Hygro,Mains of Carmyllie (LPID NO/54289/43391),56.580815,-2.747666,5eff0398000b0627214d105a0012,24.77,9.2,11.0,15.75,85.25,4.19,18
2025-05-05 12:05:51.733267+00:00,70B3D57ED0045541,Hygro#55:41,Hygro,Mains of Carmyllie (LPID NO/54289/43391),56.580815,-2.747666,5efd0398000c066b20ab105c0013,24.77,9.2,12.0,16.43,83.63,4.19,19
2025-05-05 12:21:08.463695+00:00,70B3D57ED0045541,Hygro#55:41,Hygro,Mains of Carmyllie (LPID NO/54289/43391),56.580815,-2.747666,5ef80398000b0614200910580014,24.75,9.2,11.0,15.56,82.01,4.18,20
2025-05-05 12:36:25.193139+00:00,70B3D57ED0045541,Hygro#55:41,Hygro,Mains of Carmyllie (LPID NO/54289/43391),56.580815,-2.747666,5ef20398000b067c205810580015,24.72,9.2,11.0,16.6,82.8,4.18,21
2025-05-05 13:06:58.640438+00:00,70B3D57ED0045541,Hygro#55:41,Hygro,Mains of Carmyllie (LPID NO/54289/43391),56.580815,-2.747666,5eec0398000b060b1e5b105c0017,24.7,9.2,11.0,15.47,77.71,4.19,23
2025-05-05 13:22:15.359763+00:00,70B3D57ED0045541,Hygro#55:41,Hygro,Mains of Carmyllie (LPID NO/54289/43391),56.580815,-2.747666,5ee70398000b05c01e5410580018,24.68,9.2,11.0,14.72,77.64,4.18,24
2025-05-05 13:37:32.089185+00:00,70B3D57ED0045541,Hygro#55:41,Hygro,Mains of Carmyllie (LPID NO/54289/43391),56.580815,-2.747666,5ee30398000c05b61dd8105a0019,24.66,9.2,12.0,14.62,76.4,4.19,25
2025-05-05 13:52:48.805626+00:00,70B3D57ED0045541,Hygro#55:41,Hygro,Mains of Carmyllie (LPID NO/54289/43391),56.580815,-2.747666,5ee00398000a05c31d74105a001a,24.65,9.2,10.0,14.75,75.4,4.19,26
2025-05-05 14:08:05.537470+00:00,70B3D57ED0045541,Hygro#55:41,Hygro,Mains of Carmyllie (LPID NO/54289/43391),56.580815,-2.747666,5eda03a2000b06071d2b1058001b,24.63,9.3,11.0,15.43,74.67,4.18,27
2025-05-05 14:23:22.248844+00:00,70B3D57ED0045541,Hygro#55:41,Hygro,Mains of Carmyllie (LPID NO/54289/43391),56.580815,-2.747666,5ed603a2000b05c31cf5105c001c,24.61,9.3,11.0,14.75,74.13,4.19,28
2025-05-05 14:53:55.699767+00:00,70B3D57ED0045541,Hygro#55:41,Hygro,Mains of Carmyllie (LPID NO/54289/43391),56.580815,-2.747666,5ece03a2000b05501d37105c001e,24.58,9.3,11.0,13.6,74.79,4.19,30
2025-05-05 15:09:12.436501+00:00,70B3D57ED0045541,Hygro#55:41,Hygro,Mains of Carmyllie (LPID NO/54289/43391),56.580815,-2.747666,5ecf03a2000c05331cf0105c001f,24.59,9.3,12.0,13.31,74.08,4.19,31
2025-05-05 15:24:29.170350+00:00,70B3D57ED0045541,Hygro#55:41,Hygro,Mains of Carmyllie (LPID NO/54289/43391),56.580815,-2.747666,5ecf03a2000a05141d0d105c0020,24.59,9.3,10.0,13.0,74.37,4.19,32
2025-05-05 15:39:45.896532+00:00,70B3D57ED0045541,Hygro#55:41,Hygro,Mains of Carmyllie (LPID NO/54289/43391),56.580815,-2.747666,5ec803a2000a04e41ccd105a0021,24.56,9.3,10.0,12.52,73.73,4.19,33
2025-05-05 15:55:02.628638+00:00,70B3D57ED0045541,Hygro#55:41,Hygro,Mains of Carmyllie (LPID NO/54289/43391),56.580815,-2.747666,5ec903a2000b04a91db3105a0022,24.56,9.3,11.0,11.93,76.03,4.19,34
2025-05-05 16:10:19.369589+00:00,70B3D57ED0045541,Hygro#55:41,Hygro,Mains of Carmyllie (LPID NO/54289/43391),56.580815,-2.747666,5df603a2000b04711ee110460023,23.75,9.3,11.0,11.37,79.05,4.17,35
2025-05-06 06:50:38.413924+00:00,70B3D57ED0045541,Hygro#55:41,Hygro,Mains of Carmyllie (LPID NO/54289/43391),56.580815,-2.747666,5e940398000b048224f110420000,24.36,9.2,11.0,11.54,94.57,4.16,0
2025-05-06 07:05:55.148955+00:00,70B3D57ED0045541,Hygro#55:41,Hygro,Mains of Carmyllie (LPID NO/54289/43391),56.580815,-2.747666,5e8e0398000b048424fe10330001,24.34,9.2,11.0,11.56,94.7,4.15,1
2025-05-06 07:21:11.892390+00:00,70B3D57ED0045541,Hygro#55:41,Hygro,Mains of Carmyllie (LPID NO/54289/43391),56.580815,-2.747666,5da10398000b043024cb102a0002,23.42,9.2,11.0,10.72,94.19,4.14,2
2025-05-06 07:51:45.378676+00:00,70B3D57ED0045541,Hygro#55:41,Hygro,Mains of Carmyllie (LPID NO/54289/43391),56.580815,-2.747666,5da90398000b045423b7102a0004,23.45,9.2,11.0,11.08,91.43,4.14,4
2025-05-06 08:07:02.119753+00:00,70B3D57ED0045541,Hygro#55:41,Hygro,Mains of Carmyllie (LPID NO/54289/43391),56.580815,-2.747666,5e860398000b04fb249710560005,24.3,9.2,11.0,12.75,93.67,4.18,5
2025-05-06 08:22:18.844802+00:00,70B3D57ED0045541,Hygro#55:41,Hygro,Mains of Carmyllie (LPID NO/54289/43391),56.580815,-2.747666,5e830398000b05dc243010580006,24.29,9.2,11.0,15.0,92.64,4.18,6
2025-05-06 08:37:35.576786+00:00,70B3D57ED0045541,Hygro#55:41,Hygro,Mains of Carmyllie (LPID NO/54289/43391),56.580815,-2.747666,5e7d0398000a060723ba10560007,24.27,9.2,10.0,15.43,91.46,4.18,7
2025-05-06 08:52:52.296533+00:00,70B3D57ED0045541,Hygro#55:41,Hygro,Mains of Carmyllie (LPID NO/54289/43391),56.580815,-2.747666,5e7a038e000b067c236f10560008,24.26,9.1,11.0,16.6,90.71,4.18,8
2025-05-06 09:08:09.026309+00:00,70B3D57ED0045541,Hygro#55:41,Hygro,Mains of Carmyllie (LPID NO/54289/43391),56.580815,-2.747666,5e78038e000b069d235c10580009,24.25,9.1,11.0,16.93,90.52,4.18,9
2025-05-06 09:23:25.750141+00:00,70B3D57ED0045541,Hygro#55:41,Hygro,Mains of Carmyllie (LPID NO/54289/43391),56.580815,-2.747666,5e72038e000c068822e91056000a,24.23,9.1,12.0,16.72,89.37,4.18,10
2025-05-06 09:38:42.471506+00:00,70B3D57ED0045541,Hygro#55:41,Hygro,Mains of Carmyllie (LPID NO/54289/43391),56.580815,-2.747666,5e6f038e000b06c122e9105a000b,24.21,9.1,11.0,17.29,89.37,4.19,11
2025-05-06 09:53:59.193614+00:00,70B3D57ED0045541,Hygro#55:41,Hygro,Mains of Carmyllie (LPID NO/54289/43391),56.580815,-2.747666,5e6a038e000b06bd22d31058000c,24.2,9.1,11.0,17.25,89.15,4.18,12
2025-05-06 10:09:15.915505+00:00,70B3D57ED0045541,Hygro#55:41,Hygro,Mains of Carmyllie (LPID NO/54289/43391),56.580815,-2.747666,5e67038e000a06b022b71056000d,24.18,9.1,10.0,17.12,88.87,4.18,13
2025-05-06 10:24:32.635240+00:00,70B3D57ED0045541,Hygro#55:41,Hygro,Mains of Carmyllie (LPID NO/54289/43391),56.580815,-2.747666,5e60038e000a06a42256105f000e,24.16,9.1,10.0,17.0,87.9,4.19,14
2025-05-06 10:39:49.362542+00:00,70B3D57ED0045541,Hygro#55:41,Hygro,Mains of Carmyllie (LPID NO/54289/43391),56.580815,-2.747666,5e5c038e000a069d2244105a000f,24.14,9.1,10.0,16.93,87.72,4.19,15
2025-05-06 10:55:06.100573+00:00,70B3D57ED0045541,Hygro#55:41,Hygro,Mains of Carmyllie (LPID NO/54289/43391),56.580815,-2.747666,5e57038e000b0695222a10560010,24.12,9.1,11.0,16.85,87.46,4.18,16
2025-05-06 11:10:22.824536+00:00,70B3D57ED0045541,Hygro#55:41,Hygro,Mains of Carmyllie (LPID NO/54289/43391),56.580815,-2.747666,5e55038e000a06cf2240105c0011,24.11,9.1,10.0,17.43,87.68,4.19,17
2025-05-06 11:25:39.549071+00:00,70B3D57ED0045541,Hygro#55:41,Hygro,Mains of Carmyllie (LPID NO/54289/43391),56.580815,-2.747666,5e4f038e000b06dc21f6105c0012,24.09,9.1,11.0,17.56,86.94,4.19,18
2025-05-06 11:40:56.282964+00:00,70B3D57ED0045541,Hygro#55:41,Hygro,Mains of Carmyllie (LPID NO/54289/43391),56.580815,-2.747666,5e49038e000a06cf2180105a0013,24.07,9.1,10.0,17.43,85.76,4.19,19
2025-05-06 11:56:13.000506+00:00,70B3D57ED0045541,Hygro#55:41,Hygro,Mains of Carmyllie (LPID NO/54289/43391),56.580815,-2.747666,5e47038e000a0746212810560014,24.06,9.1,10.0,18.62,84.88,4.18,20
2025-05-06 12:11:29.721892+00:00,70B3D57ED0045541,Hygro#55:41,Hygro,Mains of Carmyllie (LPID NO/54289/43391),56.580815,-2.747666,5e43038e000b07272019105a0015,24.04,9.1,11.0,18.31,82.17,4.19,21
2025-05-06 12:26:46.434376+00:00,70B3D57ED0045541,Hygro#55:41,Hygro,Mains of Carmyllie (LPID NO/54289/43391),56.580815,-2.747666,5e3b038e000c07591fb3105a0016,24.01,9.1,12.0,18.81,81.15,4.19,22
2025-05-06 12:42:03.238844+00:00,70B3D57ED0045541,Hygro#55:41,Hygro,Mains of Carmyllie (LPID NO/54289/43391),56.580815,-2.747666,5e37038e000b07271f5210580017,24.0,9.1,11.0,18.31,80.18,4.18,23
2025-05-06 12:57:19.870617+00:00,70B3D57ED0045541,Hygro#55:41,Hygro,Mains of Carmyllie (LPID NO/54289/43391),56.580815,-2.747666,5e31038e000b07081e7c105a0018,23.97,9.1,11.0,18.0,78.04,4.19,24
2025-05-06 13:12:36.587279+00:00,70B3D57ED0045541,Hygro#55:41,Hygro,Mains of Carmyllie (LPID NO/54289/43391),56.580815,-2.747666,5e310398000b06fb1de8105c0019,23.97,9.2,11.0,17.87,76.56,4.19,25
2025-05-06 13:27:53.301418+00:00,70B3D57ED0045541,Hygro#55:41,Hygro,Mains of Carmyllie (LPID NO/54289/43391),56.580815,-2.747666,5e2c0398000a07011d6c1058001a,23.95,9.2,10.0,17.93,75.32,4.18,26
2025-05-06 13:43:10.021940+00:00,70B3D57ED0045541,Hygro#55:41,Hygro,Mains of Carmyllie (LPID NO/54289/43391),56.580815,-2.747666,5e2a0398000a06e81d4a1056001b,23.95,9.2,10.0,17.68,74.98,4.18,27
2025-05-06 13:58:26.744493+00:00,70B3D57ED0045541,Hygro#55:41,Hygro,Mains of Carmyllie (LPID NO/54289/43391),56.580815,-2.747666,5e260398000b069d1d00105c001c,23.93,9.2,11.0,16.93,74.24,4.19,28
2025-05-06 14:13:43.460348+00:00,70B3D57ED0045541,Hygro#55:41,Hygro,Mains of Carmyllie (LPID NO/54289/43391),56.580815,-2.747666,5e1b0398000b06741d3b105a001d,23.89,9.2,11.0,16.52,74.83,4.19,29
2025-05-06 14:29:00.176920+00:00,70B3D57ED0045541,Hygro#55:41,Hygro,Mains of Carmyllie (LPID NO/54289/43391),56.580815,-2.747666,5e1e0398000a06721ccf105a001e,23.9,9.2,10.0,16.5,73.75,4.19,30
2025-05-06 14:44:16.902584+00:00,70B3D57ED0045541,Hygro#55:41,Hygro,Mains of Carmyllie (LPID NO/54289/43391),56.580815,-2.747666,5e190398000a06141d67105c001f,23.88,9.2,10.0,15.56,75.27,4.19,31
2025-05-06 14:59:33.625454+00:00,70B3D57ED0045541,Hygro#55:41,Hygro,Mains of Carmyllie (LPID NO/54289/43391),56.580815,-2.747666,5e130398000a05e01e2310580020,23.86,9.2,10.0,15.04,77.15,4.18,32
2025-05-06 15:14:50.358846+00:00,70B3D57ED0045541,Hygro#55:41,Hygro,Mains of Carmyllie (LPID NO/54289/43391),56.580815,-2.747666,5e1003a2000a05d71e8a105a0021,23.85,9.3,10.0,14.95,78.18,4.19,33
2025-05-06 15:30:07.089144+00:00,70B3D57ED0045541,Hygro#55:41,Hygro,Mains of Carmyllie (LPID NO/54289/43391),56.580815,-2.747666,5e1003a2000a05841ecb105a0022,23.85,9.3,10.0,14.12,78.83,4.19,34
2025-05-06 15:45:23.822066+00:00,70B3D57ED0045541,Hygro#55:41,Hygro,Mains of Carmyllie (LPID NO/54289/43391),56.580815,-2.747666,5e0903a2000a05391f0a105a0023,23.82,9.3,10.0,13.37,79.46,4.19,35
2025-05-06 16:00:40.554270+00:00,70B3D57ED0045541,Hygro#55:41,Hygro,Mains of Carmyllie (LPID NO/54289/43391),56.580815,-2.747666,5e0703a2000b04f4200310580024,23.81,9.3,11.0,12.68,81.95,4.18,36
2025-05-06 16:15:57.293100+00:00,70B3D57ED0045541,Hygro#55:41,Hygro,Mains of Carmyllie (LPID NO/54289/43391),56.580815,-2.747666,5ce703a2000b04e82089103b0025,22.69,9.3,11.0,12.56,83.29,4.16,37
2025-05-07 08:40:06.977806+00:00,70B3D57ED0045541,Hygro#55:41,Hygro,Mains of Carmyllie (LPID NO/54289/43391),56.580815,-2.747666,5dcd03b6000a04cf24db10560000,23.59,9.5,10.0,12.31,94.35,4.18,0
2025-05-07 08:55:23.706369+00:00,70B3D57ED0045541,Hygro#55:41,Hygro,Mains of Carmyllie (LPID NO/54289/43391),56.580815,-2.747666,5dc903b6000b054c24b410560001,23.57,9.5,11.0,13.56,93.96,4.18,1
2025-05-07 09:10:40.440291+00:00,70B3D57ED0045541,Hygro#55:41,Hygro,Mains of Carmyllie (LPID NO/54289/43391),56.580815,-2.747666,5dc203b6000b0571249710580002,23.54,9.5,11.0,13.93,93.67,4.18,2
2025-05-07 09:25:57.175771+00:00,70B3D57ED0045541,Hygro#55:41,Hygro,Mains of Carmyllie (LPID NO/54289/43391),56.580815,-2.747666,5dc203b6000a0548246210580003,23.54,9.5,10.0,13.52,93.14,4.18,3
2025-05-07 09:41:13.908251+00:00,70B3D57ED0045541,Hygro#55:41,Hygro,Mains of Carmyllie (LPID NO/54289/43391),56.580815,-2.747666,5dbb03b6000a059f243a10540004,23.52,9.5,10.0,14.39,92.74,4.18,4
2025-05-07 09:56:30.640163+00:00,70B3D57ED0045541,Hygro#55:41,Hygro,Mains of Carmyllie (LPID NO/54289/43391),56.580815,-2.747666,5dba03b6000a064c244210580005,23.51,9.5,10.0,16.12,92.82,4.18,5
2025-05-07 10:11:47.363577+00:00,70B3D57ED0045541,Hygro#55:41,Hygro,Mains of Carmyllie (LPID NO/54289/43391),56.580815,-2.747666,5db603b6000a0646243910560006,23.5,9.5,10.0,16.06,92.73,4.18,6
2025-05-07 10:27:04.092309+00:00,70B3D57ED0045541,Hygro#55:41,Hygro,Mains of Carmyllie (LPID NO/54289/43391),56.580815,-2.747666,5db303b6000a05cf23ae10560007,23.49,9.5,10.0,14.87,91.34,4.18,7
2025-05-07 10:42:20.832224+00:00,70B3D57ED0045541,Hygro#55:41,Hygro,Mains of Carmyllie (LPID NO/54289/43391),56.580815,-2.747666,5dad03b6000a04fb22f4105c0008,23.46,9.5,10.0,12.75,89.48,4.19,8
2025-05-07 10:57:37.581585+00:00,70B3D57ED0045541,Hygro#55:41,Hygro,Mains of Carmyllie (LPID NO/54289/43391),56.580815,-2.747666,5dad03b6000b05202319105a0009,23.46,9.5,11.0,13.12,89.85,4.19,9
2025-05-07 11:12:54.322062+00:00,70B3D57ED0045541,Hygro#55:41,Hygro,Mains of Carmyllie (LPID NO/54289/43391),56.580815,-2.747666,5da803b6000a059f2343105a000a,23.44,9.5,10.0,14.39,90.27,4.19,10
2025-05-07 11:28:11.054625+00:00,70B3D57ED0045541,Hygro#55:41,Hygro,Mains of Carmyllie (LPID NO/54289/43391),56.580815,-2.747666,5da203b6000a055f22f4105a000b,23.42,9.5,10.0,13.75,89.48,4.19,11
2025-05-07 11:43:27.795975+00:00,70B3D57ED0045541,Hygro#55:41,Hygro,Mains of Carmyllie (LPID NO/54289/43391),56.580815,-2.747666,5da003b6000a051a22dd105c000c,23.41,9.5,10.0,13.06,89.25,4.19,12
2025-05-07 11:58:44.532278+00:00,70B3D57ED0045541,Hygro#55:41,Hygro,Mains of Carmyllie (LPID NO/54289/43391),56.580815,-2.747666,5d9d03b6000a04e422c8105c000d,23.4,9.5,10.0,12.52,89.04,4.19,13
2025-05-07 12:14:01.269793+00:00,70B3D57ED0045541,Hygro#55:41,Hygro,Mains of Carmyllie (LPID NO/54289/43391),56.580815,-2.747666,5d9b03b6000a050b230e105c000e,23.39,9.5,10.0,12.91,89.74,4.19,14
2025-05-07 12:29:17.998651+00:00,70B3D57ED0045541,Hygro#55:41,Hygro,Mains of Carmyllie (LPID NO/54289/43391),56.580815,-2.747666,5d9503b6000a052622ef105a000f,23.37,9.5,10.0,13.18,89.43,4.19,15
2025-05-07 12:44:34.734266+00:00,70B3D57ED0045541,Hygro#55:41,Hygro,Mains of Carmyllie (LPID NO/54289/43391),56.580815,-2.747666,5d9203b6000a057e22bb105a0010,23.36,9.5,10.0,14.06,88.91,4.19,16
2025-05-07 12:59:51.453440+00:00,70B3D57ED0045541,Hygro#55:41,Hygro,Mains of Carmyllie (LPID NO/54289/43391),56.580815,-2.747666,5d9103b6000b060721bd105a0011,23.35,9.5,11.0,15.43,86.37,4.19,17
2025-05-07 13:15:08.189887+00:00,70B3D57ED0045541,Hygro#55:41,Hygro,Mains of Carmyllie (LPID NO/54289/43391),56.580815,-2.747666,5d8c03b6000b065f20a8105a0012,23.33,9.5,11.0,16.31,83.6,4.19,18
2025-05-07 13:30:24.915990+00:00,70B3D57ED0045541,Hygro#55:41,Hygro,Mains of Carmyllie (LPID NO/54289/43391),56.580815,-2.747666,5d8b03b6000b0584217c10580013,23.33,9.5,11.0,14.12,85.72,4.18,19
2025-05-07 13:45:41.644078+00:00,70B3D57ED0045541,Hygro#55:41,Hygro,Mains of Carmyllie (LPID NO/54289/43391),56.580815,-2.747666,5d8403b6000a057121a8105c0014,23.3,9.5,10.0,13.93,86.16,4.19,20
2025-05-07 14:00:58.381409+00:00,70B3D57ED0045541,Hygro#55:41,Hygro,Mains of Carmyllie (LPID NO/54289/43391),56.580815,-2.747666,5d7f03b6000a057e2205105a0015,23.28,9.5,10.0,14.06,87.09,4.19,21
2025-05-07 14:16:15.119463+00:00,70B3D57ED0045541,Hygro#55:41,Hygro,Mains of Carmyllie (LPID NO/54289/43391),56.580815,-2.747666,5d8103b6000b058621bf105a0016,23.29,9.5,11.0,14.14,86.39,4.19,22
2025-05-07 14:31:31.850194+00:00,70B3D57ED0045541,Hygro#55:41,Hygro,Mains of Carmyllie (LPID NO/54289/43391),56.580815,-2.747666,5d7903b6000a050d21fe105c0017,23.26,9.5,10.0,12.93,87.02,4.19,23
2025-05-07 14:46:48.585971+00:00,70B3D57ED0045541,Hygro#55:41,Hygro,Mains of Carmyllie (LPID NO/54289/43391),56.580815,-2.747666,5d7903b6000a054c220b105a0018,23.26,9.5,10.0,13.56,87.15,4.19,24
2025-05-07 15:02:05.322832+00:00,70B3D57ED0045541,Hygro#55:41,Hygro,Mains of Carmyllie (LPID NO/54289/43391),56.580815,-2.747666,5d7503b6000a055821df105c0019,23.25,9.5,10.0,13.68,86.71,4.19,25
2025-05-07 15:17:22.055762+00:00,70B3D57ED0045541,Hygro#55:41,Hygro,Mains of Carmyllie (LPID NO/54289/43391),56.580815,-2.747666,5d6f03b6000a0514219c105a001a,23.22,9.5,10.0,13.0,86.04,4.19,26
2025-05-07 15:32:38.797737+00:00,70B3D57ED0045541,Hygro#55:41,Hygro,Mains of Carmyllie (LPID NO/54289/43391),56.580815,-2.747666,5c7f03b6000a04d522101033001b,22.29,9.5,10.0,12.37,87.2,4.15,27
2025-05-08 06:36:32.029726+00:00,70B3D57ED0045541,Hygro#55:41,Hygro,Mains of Carmyllie (LPID NO/54289/43391),56.580815,-2.747666,5d3603b6000a04ee25c110390000,23.0,9.5,10.0,12.62,96.65,4.15,0
2025-05-08 06:51:48.760032+00:00,70B3D57ED0045541,Hygro#55:41,Hygro,Mains of Carmyllie (LPID NO/54289/43391),56.580815,-2.747666,5d3e03b6000a056525f2103b0001,23.03,9.5,10.0,13.81,97.14,4.16,1
2025-05-08 07:07:05.487732+00:00,70B3D57ED0045541,Hygro#55:41,Hygro,Mains of Carmyllie (LPID NO/54289/43391),56.580815,-2.747666,5c9b03b6000a054c25a510250002,22.4,9.5,10.0,13.56,96.37,4.13,2
2025-05-08 07:22:23.983193+00:00,70B3D57ED0045541,Hygro#55:41,Hygro,Mains of Carmyllie (LPID NO/54289/43391),56.580815,-2.747666,5c9903b6000a038c25ce102e0003,22.39,9.5,10.0,9.08,96.78,4.14,3
2025-05-08 07:37:40.710655+00:00,70B3D57ED0045541,Hygro#55:41,Hygro,Mains of Carmyllie (LPID NO/54289/43391),56.580815,-2.747666,5d2f03b6000a05582543104f0004,22.97,9.5,10.0,13.68,95.39,4.17,4
2025-05-08 07:52:57.439315+00:00,70B3D57ED0045541,Hygro#55:41,Hygro,Mains of Carmyllie (LPID NO/54289/43391),56.580815,-2.747666,5d2d03b6000a0597256b10510005,22.97,9.5,10.0,14.31,95.79,4.18,5
2025-05-08 08:08:51.094826+00:00,70B3D57ED0045541,Hygro#55:41,Hygro,Mains of Carmyllie (LPID NO/54289/43391),56.580815,-2.747666,5d2c03b600080659252210540006,22.96,9.5,8.0,16.25,95.06,4.18,6
2025-05-08 08:24:07.807792+00:00,70B3D57ED0045541,Hygro#55:41,Hygro,Mains of Carmyllie (LPID NO/54289/43391),56.580815,-2.747666,5d2303b6000a06ef24c910540007,22.93,9.5,10.0,17.75,94.17,4.18,7
2025-05-08 08:39:24.527930+00:00,70B3D57ED0045541,Hygro#55:41,Hygro,Mains of Carmyllie (LPID NO/54289/43391),56.580815,-2.747666,5d2203b60009075024b2104f0008,22.92,9.5,9.0,18.72,93.94,4.17,8
2025-05-08 08:54:41.250963+00:00,70B3D57ED0045541,Hygro#55:41,Hygro,Mains of Carmyllie (LPID NO/54289/43391),56.580815,-2.747666,5d2003b1000a06c9239a10560009,22.92,9.45,10.0,17.37,91.14,4.18,9
2025-05-08 09:09:57.980818+00:00,70B3D57ED0045541,Hygro#55:41,Hygro,Mains of Carmyllie (LPID NO/54289/43391),56.580815,-2.747666,5d1b03ab000a068423851056000a,22.9,9.39,10.0,16.68,90.93,4.18,10
2025-05-08 09:25:14.696809+00:00,70B3D57ED0045541,Hygro#55:41,Hygro,Mains of Carmyllie (LPID NO/54289/43391),56.580815,-2.747666,5d1603ab000a073322a81056000b,22.88,9.39,10.0,18.43,88.72,4.18,11
2025-05-08 09:40:31.421238+00:00,70B3D57ED0045541,Hygro#55:41,Hygro,Mains of Carmyllie (LPID NO/54289/43391),56.580815,-2.747666,5d0c03ab000906cd2347105a000c,22.84,9.39,9.0,17.41,90.31,4.19,12
2025-05-08 09:55:48.134037+00:00,70B3D57ED0045541,Hygro#55:41,Hygro,Mains of Carmyllie (LPID NO/54289/43391),56.580815,-2.747666,5d1003ab000a07b724111058000d,22.85,9.39,10.0,19.75,92.33,4.18,13
2025-05-08 10:11:04.856655+00:00,70B3D57ED0045541,Hygro#55:41,Hygro,Mains of Carmyllie (LPID NO/54289/43391),56.580815,-2.747666,5d0b03ab0009077e22b01056000e,22.83,9.39,9.0,19.18,88.8,4.18,14
2025-05-08 10:26:21.591017+00:00,70B3D57ED0045541,Hygro#55:41,Hygro,Mains of Carmyllie (LPID NO/54289/43391),56.580815,-2.747666,5d0403ab000906c322531058000f,22.81,9.39,9.0,17.31,87.87,4.18,15
2025-05-08 10:41:38.318456+00:00,70B3D57ED0045541,Hygro#55:41,Hygro,Mains of Carmyllie (LPID NO/54289/43391),56.580815,-2.747666,5d0103ab000a06842262105a0010,22.8,9.39,10.0,16.68,88.02,4.19,16
2025-05-08 10:56:55.035414+00:00,70B3D57ED0045541,Hygro#55:41,Hygro,Mains of Carmyllie (LPID NO/54289/43391),56.580815,-2.747666,5cf903ab000a06d622b8105c0011,22.76,9.39,10.0,17.5,88.88,4.19,17
2025-05-08 11:12:11.750798+00:00,70B3D57ED0045541,Hygro#55:41,Hygro,Mains of Carmyllie (LPID NO/54289/43391),56.580815,-2.747666,5cf403ab000a071622d310580012,22.74,9.39,10.0,18.14,89.15,4.18,18
2025-05-08 11:27:28.481144+00:00,70B3D57ED0045541,Hygro#55:41,Hygro,Mains of Carmyllie (LPID NO/54289/43391),56.580815,-2.747666,5cf403ab000906cf226610580013,22.74,9.39,9.0,17.43,88.06,4.18,19
2025-05-08 11:42:45.192649+00:00,70B3D57ED0045541,Hygro#55:41,Hygro,Mains of Carmyllie (LPID NO/54289/43391),56.580815,-2.747666,5cf003ab00090735225b10560014,22.73,9.39,9.0,18.45,87.95,4.18,20
2025-05-08 11:58:01.919568+00:00,70B3D57ED0045541,Hygro#55:41,Hygro,Mains of Carmyllie (LPID NO/54289/43391),56.580815,-2.747666,5ce803ab000906c9218a105a0015,22.7,9.39,9.0,17.37,85.86,4.19,21
2025-05-08 12:13:18.641725+00:00,70B3D57ED0045541,Hygro#55:41,Hygro,Mains of Carmyllie (LPID NO/54289/43391),56.580815,-2.747666,5ce803ad00090701214a105a0016,22.7,9.41,9.0,17.93,85.22,4.19,22
2025-05-08 12:28:35.361410+00:00,70B3D57ED0045541,Hygro#55:41,Hygro,Mains of Carmyllie (LPID NO/54289/43391),56.580815,-2.747666,5ce403b6000907012049105a0017,22.68,9.5,9.0,17.93,82.65,4.19,23
2025-05-08 12:43:52.075818+00:00,70B3D57ED0045541,Hygro#55:41,Hygro,Mains of Carmyllie (LPID NO/54289/43391),56.580815,-2.747666,5cde03b6000b06ef1fc010580018,22.66,9.5,11.0,17.75,81.28,4.18,24
2025-05-08 12:59:08.801590+00:00,70B3D57ED0045541,Hygro#55:41,Hygro,Mains of Carmyllie (LPID NO/54289/43391),56.580815,-2.747666,5cd403b6000907011f3c105a0019,22.62,9.5,9.0,17.93,79.96,4.19,25
2025-05-08 13:14:25.513065+00:00,70B3D57ED0045541,Hygro#55:41,Hygro,Mains of Carmyllie (LPID NO/54289/43391),56.580815,-2.747666,5cd503b6000806fb1eb3105a001a,22.62,9.5,8.0,17.87,78.59,4.19,26
2025-05-08 13:29:42.240502+00:00,70B3D57ED0045541,Hygro#55:41,Hygro,Mains of Carmyllie (LPID NO/54289/43391),56.580815,-2.747666,5cd103b6000906e21e2f1058001b,22.61,9.5,9.0,17.62,77.27,4.18,27
2025-05-08 13:44:58.960450+00:00,70B3D57ED0045541,Hygro#55:41,Hygro,Mains of Carmyllie (LPID NO/54289/43391),56.580815,-2.747666,5cd003b6000906cf1db1105a001c,22.61,9.5,9.0,17.43,76.01,4.19,28
2025-05-08 14:00:15.682218+00:00,70B3D57ED0045541,Hygro#55:41,Hygro,Mains of Carmyllie (LPID NO/54289/43391),56.580815,-2.747666,5cca03b6000906911d4c105a001d,22.58,9.5,9.0,16.81,75.0,4.19,29
2025-05-08 14:15:32.402962+00:00,70B3D57ED0045541,Hygro#55:41,Hygro,Mains of Carmyllie (LPID NO/54289/43391),56.580815,-2.747666,5cbf03b6000906c31d20105a001e,22.54,9.5,9.0,17.31,74.56,4.19,30
2025-05-08 14:30:49.115192+00:00,70B3D57ED0045541,Hygro#55:41,Hygro,Mains of Carmyllie (LPID NO/54289/43391),56.580815,-2.747666,5cc303c00009069d1c7c105c001f,22.55,9.6,9.0,16.93,72.92,4.19,31
2025-05-08 14:46:05.827753+00:00,70B3D57ED0045541,Hygro#55:41,Hygro,Mains of Carmyllie (LPID NO/54289/43391),56.580815,-2.747666,5cbb03c0000a06931c4610560020,22.52,9.6,10.0,16.83,72.38,4.18,32
2025-05-08 15:01:22.552141+00:00,70B3D57ED0045541,Hygro#55:41,Hygro,Mains of Carmyllie (LPID NO/54289/43391),56.580815,-2.747666,5cc003c0000906401c4010580021,22.54,9.6,9.0,16.0,72.32,4.18,33
2025-05-08 15:16:39.305197+00:00,70B3D57ED0045541,Hygro#55:41,Hygro,Mains of Carmyllie (LPID NO/54289/43391),56.580815,-2.747666,5cb603c00009061a1c4b105a0022,22.5,9.6,9.0,15.62,72.43,4.19,34
2025-05-08 15:31:56.002485+00:00,70B3D57ED0045541,Hygro#55:41,Hygro,Mains of Carmyllie (LPID NO/54289/43391),56.580815,-2.747666,5cb403c0000905dc1c8110580023,22.5,9.6,9.0,15.0,72.97,4.18,35
2025-05-08 15:47:12.718449+00:00,70B3D57ED0045541,Hygro#55:41,Hygro,Mains of Carmyllie (LPID NO/54289/43391),56.580815,-2.747666,5caf03c0000905f51c71105a0024,22.48,9.6,9.0,15.25,72.81,4.19,36
2025-05-08 16:02:29.446278+00:00,70B3D57ED0045541,Hygro#55:41,Hygro,Mains of Carmyllie (LPID NO/54289/43391),56.580815,-2.747666,5cac03c0000905bc1d17105c0025,22.47,9.6,9.0,14.68,74.47,4.19,37
2025-05-08 16:17:46.175631+00:00,70B3D57ED0045541,Hygro#55:41,Hygro,Mains of Carmyllie (LPID NO/54289/43391),56.580815,-2.747666,5bb703ca000a055f1e1210400026,21.52,9.7,10.0,13.75,76.98,4.16,38
2025-05-08 16:39:45.867697+00:00,70B3D57ED0045541,Hygro#55:41,Hygro,Mains of Carmyllie (LPID NO/54289/43391),56.580815,-2.747666,5b7603ca00090e88205f103e0000,21.26,9.7,9.0,37.2,82.87,4.16,0
2025-05-09 07:24:09.084442+00:00,70B3D57ED0045541,Hygro#55:41,Hygro,Mains of Carmyllie (LPID NO/54289/43391),56.580815,-2.747666,5c7403d4000905bc253e10420001,22.25,9.8,9.0,14.68,95.34,4.16,1
2025-05-09 07:39:25.803664+00:00,70B3D57ED0045541,Hygro#55:41,Hygro,Mains of Carmyllie (LPID NO/54289/43391),56.580815,-2.747666,5c6f03d40009062d2571104f0002,22.23,9.8,9.0,15.81,95.85,4.17,2
2025-05-09 07:54:42.521059+00:00,70B3D57ED0045541,Hygro#55:41,Hygro,Mains of Carmyllie (LPID NO/54289/43391),56.580815,-2.747666,5c7003d400080697250010540003,22.23,9.8,8.0,16.87,94.72,4.18,3
2025-05-09 08:09:59.244021+00:00,70B3D57ED0045541,Hygro#55:41,Hygro,Mains of Carmyllie (LPID NO/54289/43391),56.580815,-2.747666,5c6703d4000906dc24b210510004,22.2,9.8,9.0,17.56,93.94,4.18,4
2025-05-09 08:25:15.956118+00:00,70B3D57ED0045541,Hygro#55:41,Hygro,Mains of Carmyllie (LPID NO/54289/43391),56.580815,-2.747666,5c6a03d40009074c24cd10560005,22.21,9.8,9.0,18.68,94.21,4.18,5
2025-05-09 08:40:32.669316+00:00,70B3D57ED0045541,Hygro#55:41,Hygro,Mains of Carmyllie (LPID NO/54289/43391),56.580815,-2.747666,5c5b03d4000c07ae24c510560006,22.15,9.8,12.0,19.66,94.13,4.18,6
2025-05-09 08:55:49.394393+00:00,70B3D57ED0045541,Hygro#55:41,Hygro,Mains of Carmyllie (LPID NO/54289/43391),56.580815,-2.747666,5c5203d4000907bd245810540007,22.12,9.8,9.0,19.81,93.04,4.18,7
2025-05-09 09:11:06.102545+00:00,70B3D57ED0045541,Hygro#55:41,Hygro,Mains of Carmyllie (LPID NO/54289/43391),56.580815,-2.747666,5c5003d4000807fb23ea10580008,22.11,9.8,8.0,20.43,91.94,4.18,8
2025-05-09 09:41:39.535429+00:00,70B3D57ED0045541,Hygro#55:41,Hygro,Mains of Carmyllie (LPID NO/54289/43391),56.580815,-2.747666,5c4e03d40009089124051054000a,22.1,9.8,9.0,21.93,92.21,4.18,10
2025-05-09 09:56:56.246272+00:00,70B3D57ED0045541,Hygro#55:41,Hygro,Mains of Carmyllie (LPID NO/54289/43391),56.580815,-2.747666,5c4203d4000908dc24221054000b,22.05,9.8,9.0,22.68,92.5,4.18,11
2025-05-09 10:12:12.957230+00:00,70B3D57ED0045541,Hygro#55:41,Hygro,Mains of Carmyllie (LPID NO/54289/43391),56.580815,-2.747666,5c4103d4000908ef23fa1056000c,22.05,9.8,9.0,22.87,92.1,4.18,12
2025-05-09 10:27:29.679472+00:00,70B3D57ED0045541,Hygro#55:41,Hygro,Mains of Carmyllie (LPID NO/54289/43391),56.580815,-2.747666,5c3503d40009093a241e1056000d,22.0,9.8,9.0,23.62,92.46,4.18,13
2025-05-09 10:42:46.385911+00:00,70B3D57ED0045541,Hygro#55:41,Hygro,Mains of Carmyllie (LPID NO/54289/43391),56.580815,-2.747666,5c3103d40009095924171056000e,21.99,9.8,9.0,23.93,92.39,4.18,14
2025-05-09 10:58:03.100591+00:00,70B3D57ED0045541,Hygro#55:41,Hygro,Mains of Carmyllie (LPID NO/54289/43391),56.580815,-2.747666,5c2e03d40009098b24201056000f,21.98,9.8,9.0,24.43,92.48,4.18,15
2025-05-09 11:13:19.813354+00:00,70B3D57ED0045541,Hygro#55:41,Hygro,Mains of Carmyllie (LPID NO/54289/43391),56.580815,-2.747666,5c2203d40009098b23bb10580010,21.93,9.8,9.0,24.43,91.47,4.18,16
2025-05-09 11:28:36.513547+00:00,70B3D57ED0045541,Hygro#55:41,Hygro,Mains of Carmyllie (LPID NO/54289/43391),56.580815,-2.747666,5c1c03d4000909e3239910540011,21.91,9.8,9.0,25.31,91.13,4.18,17
2025-05-09 11:43:53.232270+00:00,70B3D57ED0045541,Hygro#55:41,Hygro,Mains of Carmyllie (LPID NO/54289/43391),56.580815,-2.747666,5c1f03d4000809d6230110560012,21.92,9.8,8.0,25.18,89.61,4.18,18
2025-05-09 11:59:09.937756+00:00,70B3D57ED0045541,Hygro#55:41,Hygro,Mains of Carmyllie (LPID NO/54289/43391),56.580815,-2.747666,5c1403d4000909ab22b2105a0013,21.88,9.8,9.0,24.75,88.82,4.19,19
2025-05-09 12:14:26.659224+00:00,70B3D57ED0045541,Hygro#55:41,Hygro,Mains of Carmyllie (LPID NO/54289/43391),56.580815,-2.747666,5c0a03d4000909e922dd10580014,21.84,9.8,9.0,25.37,89.25,4.18,20
2025-05-09 12:29:43.361821+00:00,70B3D57ED0045541,Hygro#55:41,Hygro,Mains of Carmyllie (LPID NO/54289/43391),56.580815,-2.747666,5c0403d400090a02222610560015,21.81,9.8,9.0,25.62,87.42,4.18,21
2025-05-09 12:45:00.068175+00:00,70B3D57ED0045541,Hygro#55:41,Hygro,Mains of Carmyllie (LPID NO/54289/43391),56.580815,-2.747666,5bfe03d400090a04210110560016,21.79,9.8,9.0,25.64,84.49,4.18,22
2025-05-09 13:00:16.777508+00:00,70B3D57ED0045541,Hygro#55:41,Hygro,Mains of Carmyllie (LPID NO/54289/43391),56.580815,-2.747666,5bfc03dd000909151ec510560017,21.78,9.89,9.0,23.25,78.77,4.18,23
2025-05-09 13:15:33.513085+00:00,70B3D57ED0045541,Hygro#55:41,Hygro,Mains of Carmyllie (LPID NO/54289/43391),56.580815,-2.747666,5bf603dd0008086c1e28105a0018,21.76,9.89,8.0,21.56,77.2,4.19,24
2025-05-09 13:30:50.202916+00:00,70B3D57ED0045541,Hygro#55:41,Hygro,Mains of Carmyllie (LPID NO/54289/43391),56.580815,-2.747666,5bf203dd0008083e1db910580019,21.74,9.89,8.0,21.1,76.09,4.18,25
2025-05-09 13:46:06.913952+00:00,70B3D57ED0045541,Hygro#55:41,Hygro,Mains of Carmyllie (LPID NO/54289/43391),56.580815,-2.747666,5be403dd0009082d1d571056001a,21.69,9.89,9.0,20.93,75.11,4.18,26
2025-05-09 14:01:23.620985+00:00,70B3D57ED0045541,Hygro#55:41,Hygro,Mains of Carmyllie (LPID NO/54289/43391),56.580815,-2.747666,5be003dd000a08181d12105a001b,21.67,9.89,10.0,20.72,74.42,4.19,27
2025-05-09 14:16:40.333644+00:00,70B3D57ED0045541,Hygro#55:41,Hygro,Mains of Carmyllie (LPID NO/54289/43391),56.580815,-2.747666,5bdf03e8000907d01c9e1056001c,21.67,10.0,9.0,20.0,73.26,4.18,28
2025-05-09 14:31:57.041290+00:00,70B3D57ED0045541,Hygro#55:41,Hygro,Mains of Carmyllie (LPID NO/54289/43391),56.580815,-2.747666,5bdb03e8000807b01c80105a001d,21.65,10.0,8.0,19.68,72.96,4.19,29
2025-05-09 14:47:13.753934+00:00,70B3D57ED0045541,Hygro#55:41,Hygro,Mains of Carmyllie (LPID NO/54289/43391),56.580815,-2.747666,5be003e8000907911cdf1058001e,21.67,10.0,9.0,19.37,73.91,4.18,30
2025-05-09 15:02:30.466396+00:00,70B3D57ED0045541,Hygro#55:41,Hygro,Mains of Carmyllie (LPID NO/54289/43391),56.580815,-2.747666,5bd203e80009076c1cbe105a001f,21.62,10.0,9.0,19.0,73.58,4.19,31
2025-05-09 15:17:47.189606+00:00,70B3D57ED0045541,Hygro#55:41,Hygro,Mains of Carmyllie (LPID NO/54289/43391),56.580815,-2.747666,5bd903e80009070e1d0c105a0020,21.65,10.0,9.0,18.06,74.36,4.19,32
2025-05-09 15:33:03.909675+00:00,70B3D57ED0045541,Hygro#55:41,Hygro,Mains of Carmyllie (LPID NO/54289/43391),56.580815,-2.747666,5bd203f2000806f91d9d105a0021,21.62,10.1,8.0,17.85,75.81,4.19,33
2025-05-09 15:48:20.624219+00:00,70B3D57ED0045541,Hygro#55:41,Hygro,Mains of Carmyllie (LPID NO/54289/43391),56.580815,-2.747666,5bcb03f2000806b61d9a0f890022,21.59,10.1,8.0,17.18,75.78,3.98,34
2025-05-09 16:03:37.346220+00:00,70B3D57ED0045541,Hygro#55:41,Hygro,Mains of Carmyllie (LPID NO/54289/43391),56.580815,-2.747666,5bcd03f20008067e1e240f3c0023,21.6,10.1,8.0,16.62,77.16,3.9,35
2025-05-10 07:07:23.190051+00:00,70B3D57ED0045541,Hygro#55:41,Hygro,Mains of Carmyllie (LPID NO/54289/43391),56.580815,-2.747666,5b8804100008053325a5103b0000,21.33,10.4,8.0,13.31,96.37,4.16,0
2025-05-10 07:22:39.931867+00:00,70B3D57ED0045541,Hygro#55:41,Hygro,Mains of Carmyllie (LPID NO/54289/43391),56.580815,-2.747666,5b810410000805a3261310460001,21.31,10.4,8.0,14.43,97.47,4.17,1
2025-05-10 07:37:56.660790+00:00,70B3D57ED0045541,Hygro#55:41,Hygro,Mains of Carmyllie (LPID NO/54289/43391),56.580815,-2.747666,5b780410000905bc25f210560002,21.27,10.4,9.0,14.68,97.14,4.18,2
2025-05-10 07:53:13.400915+00:00,70B3D57ED0045541,Hygro#55:41,Hygro,Mains of Carmyllie (LPID NO/54289/43391),56.580815,-2.747666,5b8204100008064225cb105a0003,21.31,10.4,8.0,16.02,96.75,4.19,3
2025-05-10 08:08:30.129589+00:00,70B3D57ED0045541,Hygro#55:41,Hygro,Mains of Carmyllie (LPID NO/54289/43391),56.580815,-2.747666,5b75041000080682258910560004,21.26,10.4,8.0,16.66,96.09,4.18,4
2025-05-10 08:23:46.863124+00:00,70B3D57ED0045541,Hygro#55:41,Hygro,Mains of Carmyllie (LPID NO/54289/43391),56.580815,-2.747666,5b73041000090733257110560005,21.25,10.4,9.0,18.43,95.85,4.18,5
2025-05-10 09:09:44.063008+00:00,70B3D57ED0045541,Hygro#55:41,Hygro,Mains of Carmyllie (LPID NO/54289/43391),56.580815,-2.747666,5b5b04100008026a250210580008,21.16,10.4,8.0,6.18,94.74,4.18,8
2025-05-10 09:25:00.798522+00:00,70B3D57ED0045541,Hygro#55:41,Hygro,Mains of Carmyllie (LPID NO/54289/43391),56.580815,-2.747666,5b5c0410000907cb252610580009,21.16,10.4,9.0,19.95,95.1,4.18,9
2025-05-10 09:40:17.509171+00:00,70B3D57ED0045541,Hygro#55:41,Hygro,Mains of Carmyllie (LPID NO/54289/43391),56.580815,-2.747666,5b5404070008079724e3105a000a,21.13,10.31,8.0,19.43,94.43,4.19,10
2025-05-10 09:55:34.240092+00:00,70B3D57ED0045541,Hygro#55:41,Hygro,Mains of Carmyllie (LPID NO/54289/43391),56.580815,-2.747666,5b4c0406000807b724ca1056000b,21.1,10.3,8.0,19.75,94.18,4.18,11
2025-05-10 10:10:50.960127+00:00,70B3D57ED0045541,Hygro#55:41,Hygro,Mains of Carmyllie (LPID NO/54289/43391),56.580815,-2.747666,5b4404060009078b24bf1058000c,21.07,10.3,9.0,19.31,94.07,4.18,12
2025-05-10 10:26:07.680347+00:00,70B3D57ED0045541,Hygro#55:41,Hygro,Mains of Carmyllie (LPID NO/54289/43391),56.580815,-2.747666,5b4104060009083c252d1058000d,21.06,10.3,9.0,21.08,95.17,4.18,13
2025-05-10 10:41:24.407239+00:00,70B3D57ED0045541,Hygro#55:41,Hygro,Mains of Carmyllie (LPID NO/54289/43391),56.580815,-2.747666,5b380406000808e325211058000e,21.02,10.3,8.0,22.75,95.05,4.18,14
2025-05-10 10:56:41.114256+00:00,70B3D57ED0045541,Hygro#55:41,Hygro,Mains of Carmyllie (LPID NO/54289/43391),56.580815,-2.747666,5b34040e0008088924bd1056000f,21.01,10.38,8.0,21.85,94.05,4.18,15
2025-05-10 11:11:57.843358+00:00,70B3D57ED0045541,Hygro#55:41,Hygro,Mains of Carmyllie (LPID NO/54289/43391),56.580815,-2.747666,5b280410000908e3250b105a0010,20.96,10.4,9.0,22.75,94.83,4.19,16
2025-05-10 11:27:14.575149+00:00,70B3D57ED0045541,Hygro#55:41,Hygro,Mains of Carmyllie (LPID NO/54289/43391),56.580815,-2.747666,5b1f04100008089e248c10560011,20.93,10.4,8.0,22.06,93.56,4.18,17
2025-05-10 11:42:31.280761+00:00,70B3D57ED0045541,Hygro#55:41,Hygro,Mains of Carmyllie (LPID NO/54289/43391),56.580815,-2.747666,5b1d0410000808a42478105a0012,20.92,10.4,8.0,22.12,93.36,4.19,18
2025-05-10 11:57:47.990611+00:00,70B3D57ED0045541,Hygro#55:41,Hygro,Mains of Carmyllie (LPID NO/54289/43391),56.580815,-2.747666,5b170410000708ef247510580013,20.89,10.4,7.0,22.87,93.33,4.18,19
2025-05-10 12:13:04.698886+00:00,70B3D57ED0045541,Hygro#55:41,Hygro,Mains of Carmyllie (LPID NO/54289/43391),56.580815,-2.747666,5b0f041000080957241710580014,20.86,10.4,8.0,23.91,92.39,4.18,20
2025-05-10 12:28:21.416619+00:00,70B3D57ED0045541,Hygro#55:41,Hygro,Mains of Carmyllie (LPID NO/54289/43391),56.580815,-2.747666,5b0b04100008097f237610560015,20.85,10.4,8.0,24.31,90.78,4.18,21
2025-05-10 12:43:38.135514+00:00,70B3D57ED0045541,Hygro#55:41,Hygro,Mains of Carmyllie (LPID NO/54289/43391),56.580815,-2.747666,5b0604100008098b2271105a0016,20.83,10.4,8.0,24.43,88.17,4.19,22
2025-05-10 12:58:54.844763+00:00,70B3D57ED0045541,Hygro#55:41,Hygro,Mains of Carmyllie (LPID NO/54289/43391),56.580815,-2.747666,5afb04100008087a1fb510580017,20.79,10.4,8.0,21.7,81.17,4.18,23
2025-05-10 13:14:11.557781+00:00,70B3D57ED0045541,Hygro#55:41,Hygro,Mains of Carmyllie (LPID NO/54289/43391),56.580815,-2.747666,5af30410000808271f3410560018,20.75,10.4,8.0,20.87,79.88,4.18,24
2025-05-10 13:29:28.275682+00:00,70B3D57ED0045541,Hygro#55:41,Hygro,Mains of Carmyllie (LPID NO/54289/43391),56.580815,-2.747666,5aef0410000808161f4010580019,20.74,10.4,8.0,20.7,80.0,4.18,25
2025-05-10 13:44:44.980026+00:00,70B3D57ED0045541,Hygro#55:41,Hygro,Mains of Carmyllie (LPID NO/54289/43391),56.580815,-2.747666,5aea041a0008083c1e811056001a,20.72,10.5,8.0,21.08,78.09,4.18,26
2025-05-10 14:00:01.687153+00:00,70B3D57ED0045541,Hygro#55:41,Hygro,Mains of Carmyllie (LPID NO/54289/43391),56.580815,-2.747666,5ae2041a0008082d1e3b1056001b,20.69,10.5,8.0,20.93,77.39,4.18,27
2025-05-10 14:15:18.415379+00:00,70B3D57ED0045541,Hygro#55:41,Hygro,Mains of Carmyllie (LPID NO/54289/43391),56.580815,-2.747666,5adf041a000807e21df0105a001c,20.68,10.5,8.0,20.18,76.64,4.19,28
2025-05-10 14:30:35.130140+00:00,70B3D57ED0045541,Hygro#55:41,Hygro,Mains of Carmyllie (LPID NO/54289/43391),56.580815,-2.747666,5ade041a000907d61dfd1058001d,20.67,10.5,9.0,20.06,76.77,4.18,29
2025-05-10 14:45:51.836415+00:00,70B3D57ED0045541,Hygro#55:41,Hygro,Mains of Carmyllie (LPID NO/54289/43391),56.580815,-2.747666,5ad9041a000807d61e0a105c001e,20.65,10.5,8.0,20.06,76.9,4.19,30
2025-05-10 15:02:50.338276+00:00,70B3D57ED0045541,Hygro#55:41,Hygro,Mains of Carmyllie (LPID NO/54289/43391),56.580815,-2.747666,5acb04240009074e1e3110580000,20.6,10.6,9.0,18.7,77.29,4.18,0
2025-05-10 15:18:07.050229+00:00,70B3D57ED0045541,Hygro#55:41,Hygro,Mains of Carmyllie (LPID NO/54289/43391),56.580815,-2.747666,5aca0424000807991e1e10580001,20.6,10.6,8.0,19.45,77.1,4.18,1
2025-05-10 15:33:23.776340+00:00,70B3D57ED0045541,Hygro#55:41,Hygro,Mains of Carmyllie (LPID NO/54289/43391),56.580815,-2.747666,5acb04240008073a1df010580002,20.6,10.6,8.0,18.5,76.64,4.18,2
2025-05-10 15:48:40.501179+00:00,70B3D57ED0045541,Hygro#55:41,Hygro,Mains of Carmyllie (LPID NO/54289/43391),56.580815,-2.747666,5ac60424000806fb1e28105f0003,20.58,10.6,8.0,17.87,77.2,4.19,3
2025-05-10 16:03:57.226358+00:00,70B3D57ED0045541,Hygro#55:41,Hygro,Mains of Carmyllie (LPID NO/54289/43391),56.580815,-2.747666,5abb0424000806e21e7d105a0004,20.54,10.6,8.0,17.62,78.05,4.19,4
2025-05-11 06:59:23.754960+00:00,70B3D57ED0045541,Hygro#55:41,Hygro,Mains of Carmyllie (LPID NO/54289/43391),56.580815,-2.747666,5a8804380008058e255b10540000,20.34,10.8,8.0,14.22,95.63,4.18,0
2025-05-11 07:46:58.373539+00:00,70B3D57ED0045541,Hygro#55:41,Hygro,Mains of Carmyllie (LPID NO/54289/43391),56.580815,-2.747666,557f042e0007057c256d102a0001,15.34,10.7,7.0,14.04,95.81,4.14,1
2025-05-11 08:07:13.883382+00:00,70B3D57ED0045541,Hygro#55:41,Hygro,Mains of Carmyllie (LPID NO/54289/43391),56.580815,-2.747666,5a60042e000805fb2516102c0000,20.18,10.7,8.0,15.31,94.94,4.14,0
2025-05-11 08:22:30.606700+00:00,70B3D57ED0045541,Hygro#55:41,Hygro,Mains of Carmyllie (LPID NO/54289/43391),56.580815,-2.747666,5a78042e0007069125e910540001,20.28,10.7,7.0,16.81,97.05,4.18,1
2025-05-11 08:37:47.332261+00:00,70B3D57ED0045541,Hygro#55:41,Hygro,Mains of Carmyllie (LPID NO/54289/43391),56.580815,-2.747666,5a71042e000806d625e8105a0002,20.25,10.7,8.0,17.5,97.04,4.19,2
2025-05-11 08:53:04.056478+00:00,70B3D57ED0045541,Hygro#55:41,Hygro,Mains of Carmyllie (LPID NO/54289/43391),56.580815,-2.747666,5a6f042e0008071e25ae10560003,20.24,10.7,8.0,18.22,96.46,4.18,3
2025-05-11 09:08:20.774049+00:00,70B3D57ED0045541,Hygro#55:41,Hygro,Mains of Carmyllie (LPID NO/54289/43391),56.580815,-2.747666,5a69042e000707652577105a0004,20.22,10.7,7.0,18.93,95.91,4.19,4
2025-05-11 09:38:54.216942+00:00,70B3D57ED0045541,Hygro#55:41,Hygro,Mains of Carmyllie (LPID NO/54289/43391),56.580815,-2.747666,5a5c042e000807b724dd10580006,20.17,10.7,8.0,19.75,94.37,4.18,6
2025-05-11 09:54:10.922253+00:00,70B3D57ED0045541,Hygro#55:41,Hygro,Mains of Carmyllie (LPID NO/54289/43391),56.580815,-2.747666,5a57042e000807aa247610580007,20.15,10.7,8.0,19.62,93.34,4.18,7
2025-05-11 10:09:27.645643+00:00,70B3D57ED0045541,Hygro#55:41,Hygro,Mains of Carmyllie (LPID NO/54289/43391),56.580815,-2.747666,5a57042e00070772241810580008,20.15,10.7,7.0,19.06,92.4,4.18,8
2025-05-11 10:24:44.365080+00:00,70B3D57ED0045541,Hygro#55:41,Hygro,Mains of Carmyllie (LPID NO/54289/43391),56.580815,-2.747666,5a51042e000806da234d105a0009,20.13,10.7,8.0,17.54,90.37,4.19,9
2025-05-11 10:40:01.096132+00:00,70B3D57ED0045541,Hygro#55:41,Hygro,Mains of Carmyllie (LPID NO/54289/43391),56.580815,-2.747666,5a4b042e0007070c2364105a000a,20.1,10.7,7.0,18.04,90.6,4.19,10
2025-05-11 10:55:17.820929+00:00,70B3D57ED0045541,Hygro#55:41,Hygro,Mains of Carmyllie (LPID NO/54289/43391),56.580815,-2.747666,5a43042e0008072d236b105f000b,20.07,10.7,8.0,18.37,90.67,4.19,11
2025-05-11 11:10:34.544384+00:00,70B3D57ED0045541,Hygro#55:41,Hygro,Mains of Carmyllie (LPID NO/54289/43391),56.580815,-2.747666,5a3f042d00070791237f105c000c,20.06,10.69,7.0,19.37,90.87,4.19,12
2025-05-11 11:25:51.272465+00:00,70B3D57ED0045541,Hygro#55:41,Hygro,Mains of Carmyllie (LPID NO/54289/43391),56.580815,-2.747666,5a3a042e000706e822cc1058000d,20.04,10.7,7.0,17.68,89.08,4.18,13
2025-05-11 11:41:07.999696+00:00,70B3D57ED0045541,Hygro#55:41,Hygro,Mains of Carmyllie (LPID NO/54289/43391),56.580815,-2.747666,5a36042e0007069922b3105a000e,20.02,10.7,7.0,16.89,88.83,4.19,14
2025-05-11 11:56:24.719418+00:00,70B3D57ED0045541,Hygro#55:41,Hygro,Mains of Carmyllie (LPID NO/54289/43391),56.580815,-2.747666,5a33042e0007077e22f0105a000f,20.01,10.7,7.0,19.18,89.44,4.19,15
2025-05-11 12:11:41.455514+00:00,70B3D57ED0045541,Hygro#55:41,Hygro,Mains of Carmyllie (LPID NO/54289/43391),56.580815,-2.747666,5a29042e00070697222e10580010,19.97,10.7,7.0,16.87,87.5,4.18,16
2025-05-11 12:26:58.178022+00:00,70B3D57ED0045541,Hygro#55:41,Hygro,Mains of Carmyllie (LPID NO/54289/43391),56.580815,-2.747666,5a20042e000806fb228510580011,19.94,10.7,8.0,17.87,88.37,4.18,17
2025-05-11 12:42:14.905569+00:00,70B3D57ED0045541,Hygro#55:41,Hygro,Mains of Carmyllie (LPID NO/54289/43391),56.580815,-2.747666,5a1f042e000706c3226b105a0012,19.93,10.7,7.0,17.31,88.11,4.19,18
2025-05-11 12:57:31.632753+00:00,70B3D57ED0045541,Hygro#55:41,Hygro,Mains of Carmyllie (LPID NO/54289/43391),56.580815,-2.747666,5a1b042e000706e82253105c0013,19.92,10.7,7.0,17.68,87.87,4.19,19
2025-05-11 13:12:48.364011+00:00,70B3D57ED0045541,Hygro#55:41,Hygro,Mains of Carmyllie (LPID NO/54289/43391),56.580815,-2.747666,5a19042e000806f9223610580014,19.91,10.7,8.0,17.85,87.58,4.18,20
2025-05-11 13:28:05.086247+00:00,70B3D57ED0045541,Hygro#55:41,Hygro,Mains of Carmyllie (LPID NO/54289/43391),56.580815,-2.747666,5a10042e000706aa220e105c0015,19.87,10.7,7.0,17.06,87.18,4.19,21
2025-05-11 13:43:21.836313+00:00,70B3D57ED0045541,Hygro#55:41,Hygro,Mains of Carmyllie (LPID NO/54289/43391),56.580815,-2.747666,5a0f042e000806fd20e410580016,19.87,10.7,8.0,17.89,84.2,4.18,22
2025-05-11 13:58:38.517850+00:00,70B3D57ED0045541,Hygro#55:41,Hygro,Mains of Carmyllie (LPID NO/54289/43391),56.580815,-2.747666,5a07042e000706e22090105c0017,19.84,10.7,7.0,17.62,83.36,4.19,23
2025-05-11 14:13:55.243118+00:00,70B3D57ED0045541,Hygro#55:41,Hygro,Mains of Carmyllie (LPID NO/54289/43391),56.580815,-2.747666,5a01042e0007069f2058105a0018,19.82,10.7,7.0,16.95,82.8,4.19,24
2025-05-11 14:29:11.967552+00:00,70B3D57ED0045541,Hygro#55:41,Hygro,Mains of Carmyllie (LPID NO/54289/43391),56.580815,-2.747666,59ff042e000706b8202e105a0019,19.81,10.7,7.0,17.2,82.38,4.19,25
2025-05-11 14:44:28.689130+00:00,70B3D57ED0045541,Hygro#55:41,Hygro,Mains of Carmyllie (LPID NO/54289/43391),56.580815,-2.747666,59fa042e000706c31fa7105a001a,19.79,10.7,7.0,17.31,81.03,4.19,26
2025-05-11 15:51:22.540154+00:00,70B3D57ED0045541,Hygro#55:41,Hygro,Mains of Carmyllie (LPID NO/54289/43391),56.580815,-2.747666,59f104380007053522700f450000,19.75,10.8,7.0,13.33,88.16,3.91,0
2025-05-11 16:06:39.292099+00:00,70B3D57ED0045541,Hygro#55:41,Hygro,Mains of Carmyllie (LPID NO/54289/43391),56.580815,-2.747666,59ea04380007054c22a70f3c0001,19.73,10.8,7.0,13.56,88.71,3.9,1
2025-05-12 09:01:27.495560+00:00,70B3D57ED0045541,Hygro#55:41,Hygro,Mains of Carmyllie (LPID NO/54289/43391),56.580815,-2.747666,59c3043800070497255610540000,19.58,10.8,7.0,11.75,95.58,4.18,0
2025-05-12 10:11:20.985058+00:00,70B3D57ED0045541,Hygro#55:41,Hygro,Mains of Carmyllie (LPID NO/54289/43391),56.580815,-2.747666,59c1042e000705ee2542105a0001,19.57,10.7,7.0,15.18,95.38,4.19,1
2025-05-12 10:26:37.721368+00:00,70B3D57ED0045541,Hygro#55:41,Hygro,Mains of Carmyllie (LPID NO/54289/43391),56.580815,-2.747666,59bb042e0007060e252310580002,19.54,10.7,7.0,15.5,95.07,4.18,2
2025-05-12 10:41:54.451794+00:00,70B3D57ED0045541,Hygro#55:41,Hygro,Mains of Carmyllie (LPID NO/54289/43391),56.580815,-2.747666,59bb042e0007067224f410560003,19.54,10.7,7.0,16.5,94.6,4.18,3
2025-05-12 10:57:11.184228+00:00,70B3D57ED0045541,Hygro#55:41,Hygro,Mains of Carmyllie (LPID NO/54289/43391),56.580815,-2.747666,59b6042e000706da24e110580004,19.53,10.7,7.0,17.54,94.41,4.18,4
2025-05-12 11:12:27.904010+00:00,70B3D57ED0045541,Hygro#55:41,Hygro,Mains of Carmyllie (LPID NO/54289/43391),56.580815,-2.747666,59b3042e00070765249210560005,19.51,10.7,7.0,18.93,93.62,4.18,5
2025-05-12 11:27:44.624864+00:00,70B3D57ED0045541,Hygro#55:41,Hygro,Mains of Carmyllie (LPID NO/54289/43391),56.580815,-2.747666,59b2042e00070763241610560006,19.51,10.7,7.0,18.91,92.38,4.18,6
2025-05-12 11:43:01.332627+00:00,70B3D57ED0045541,Hygro#55:41,Hygro,Mains of Carmyllie (LPID NO/54289/43391),56.580815,-2.747666,59ab042e0008079723ad10560007,19.48,10.7,8.0,19.43,91.33,4.18,7
2025-05-12 11:58:18.047042+00:00,70B3D57ED0045541,Hygro#55:41,Hygro,Mains of Carmyllie (LPID NO/54289/43391),56.580815,-2.747666,59ab042e0007077a22fd10580008,19.48,10.7,7.0,19.14,89.57,4.18,8
2025-05-12 12:13:34.783042+00:00,70B3D57ED0045541,Hygro#55:41,Hygro,Mains of Carmyllie (LPID NO/54289/43391),56.580815,-2.747666,59a6042e000707ac226710560009,19.46,10.7,7.0,19.64,88.07,4.18,9
2025-05-12 12:28:51.489676+00:00,70B3D57ED0045541,Hygro#55:41,Hygro,Mains of Carmyllie (LPID NO/54289/43391),56.580815,-2.747666,59a1042e000807b721b81056000a,19.44,10.7,8.0,19.75,86.32,4.18,10
2025-05-12 12:44:08.209615+00:00,70B3D57ED0045541,Hygro#55:41,Hygro,Mains of Carmyllie (LPID NO/54289/43391),56.580815,-2.747666,5999042e000707c921201058000b,19.41,10.7,7.0,19.93,84.8,4.18,11
2025-05-12 12:59:24.938011+00:00,70B3D57ED0045541,Hygro#55:41,Hygro,Mains of Carmyllie (LPID NO/54289/43391),56.580815,-2.747666,5998042e000707bd20791056000c,19.41,10.7,7.0,19.81,83.13,4.18,12
2025-05-12 13:14:41.639485+00:00,70B3D57ED0045541,Hygro#55:41,Hygro,Mains of Carmyllie (LPID NO/54289/43391),56.580815,-2.747666,5995042e00070802200a1058000d,19.4,10.7,7.0,20.5,82.02,4.18,13
2025-05-12 13:29:58.361003+00:00,70B3D57ED0045541,Hygro#55:41,Hygro,Mains of Carmyllie (LPID NO/54289/43391),56.580815,-2.747666,5990042e000707f51fae1058000e,19.38,10.7,7.0,20.37,81.1,4.18,14
2025-05-12 13:45:15.066340+00:00,70B3D57ED0045541,Hygro#55:41,Hygro,Mains of Carmyllie (LPID NO/54289/43391),56.580815,-2.747666,598e042e000807b01f72105a000f,19.37,10.7,8.0,19.68,80.5,4.19,15
2025-05-12 14:00:31.782903+00:00,70B3D57ED0045541,Hygro#55:41,Hygro,Mains of Carmyllie (LPID NO/54289/43391),56.580815,-2.747666,5985042e000707dc1f5110580010,19.34,10.7,7.0,20.12,80.17,4.18,16
2025-05-12 14:15:48.494461+00:00,70B3D57ED0045541,Hygro#55:41,Hygro,Mains of Carmyllie (LPID NO/54289/43391),56.580815,-2.747666,5983042e000707ac1f2a105a0011,19.33,10.7,7.0,19.64,79.78,4.19,17
2025-05-12 14:31:05.212535+00:00,70B3D57ED0045541,Hygro#55:41,Hygro,Mains of Carmyllie (LPID NO/54289/43391),56.580815,-2.747666,5980042e0008075f1eda10580012,19.32,10.7,8.0,18.87,78.98,4.18,18
2025-05-12 14:46:21.924325+00:00,70B3D57ED0045541,Hygro#55:41,Hygro,Mains of Carmyllie (LPID NO/54289/43391),56.580815,-2.747666,597a042e000807611edc10580013,19.29,10.7,8.0,18.89,79.0,4.18,19
2025-05-12 15:01:38.643979+00:00,70B3D57ED0045541,Hygro#55:41,Hygro,Mains of Carmyllie (LPID NO/54289/43391),56.580815,-2.747666,5977042e0007075f1eaa10580014,19.28,10.7,7.0,18.87,78.5,4.18,20
2025-05-12 15:16:55.358237+00:00,70B3D57ED0045541,Hygro#55:41,Hygro,Mains of Carmyllie (LPID NO/54289/43391),56.580815,-2.747666,597c042e0007071a1ebc10580015,19.3,10.7,7.0,18.18,78.68,4.18,21
2025-05-12 15:32:12.075697+00:00,70B3D57ED0045541,Hygro#55:41,Hygro,Mains of Carmyllie (LPID NO/54289/43391),56.580815,-2.747666,596e042e0007070e1f06105a0016,19.25,10.7,7.0,18.06,79.42,4.19,22
2025-05-12 15:47:28.795005+00:00,70B3D57ED0045541,Hygro#55:41,Hygro,Mains of Carmyllie (LPID NO/54289/43391),56.580815,-2.747666,59740438000706c31f4510580017,19.27,10.8,7.0,17.31,80.05,4.18,23
2025-05-12 16:02:45.520260+00:00,70B3D57ED0045541,Hygro#55:41,Hygro,Mains of Carmyllie (LPID NO/54289/43391),56.580815,-2.747666,597104380007068b1f63105a0018,19.26,10.8,7.0,16.75,80.35,4.19,24
2025-05-13 07:23:00.161935+00:00,70B3D57ED0045541,Hygro#55:41,Hygro,Mains of Carmyllie (LPID NO/54289/43391),56.580815,-2.747666,594d044200070691258a10350000,19.12,10.9,7.0,16.81,96.1,4.15,0
2025-05-13 07:38:16.884599+00:00,70B3D57ED0045541,Hygro#55:41,Hygro,Mains of Carmyllie (LPID NO/54289/43391),56.580815,-2.747666,59400438000706f525cc103e0001,19.07,10.8,7.0,17.81,96.76,4.16,1
2025-05-13 07:53:33.622759+00:00,70B3D57ED0045541,Hygro#55:41,Hygro,Mains of Carmyllie (LPID NO/54289/43391),56.580815,-2.747666,593f04380008071a25e010490002,19.06,10.8,8.0,18.18,96.96,4.17,2
2025-05-13 08:08:50.351815+00:00,70B3D57ED0045541,Hygro#55:41,Hygro,Mains of Carmyllie (LPID NO/54289/43391),56.580815,-2.747666,59410438000706bf25a710540003,19.07,10.8,7.0,17.27,96.39,4.18,3
2025-05-13 08:24:07.065304+00:00,70B3D57ED0045541,Hygro#55:41,Hygro,Mains of Carmyllie (LPID NO/54289/43391),56.580815,-2.747666,593604380007071a255910540004,19.03,10.8,7.0,18.18,95.61,4.18,4
2025-05-13 08:39:23.782431+00:00,70B3D57ED0045541,Hygro#55:41,Hygro,Mains of Carmyllie (LPID NO/54289/43391),56.580815,-2.747666,593804380006073324f810510005,19.04,10.8,6.0,18.43,94.64,4.18,5
2025-05-13 08:54:40.499613+00:00,70B3D57ED0045541,Hygro#55:41,Hygro,Mains of Carmyllie (LPID NO/54289/43391),56.580815,-2.747666,592f04380006075324bb10560006,19.0,10.8,6.0,18.75,94.03,4.18,6
2025-05-13 09:09:57.221660+00:00,70B3D57ED0045541,Hygro#55:41,Hygro,Mains of Carmyllie (LPID NO/54289/43391),56.580815,-2.747666,5934043800070772248e10560007,19.02,10.8,7.0,19.06,93.58,4.18,7
2025-05-13 09:25:13.946976+00:00,70B3D57ED0045541,Hygro#55:41,Hygro,Mains of Carmyllie (LPID NO/54289/43391),56.580815,-2.747666,592c043800070797247c10540008,18.99,10.8,7.0,19.43,93.4,4.18,8
2025-05-13 09:40:30.656401+00:00,70B3D57ED0045541,Hygro#55:41,Hygro,Mains of Carmyllie (LPID NO/54289/43391),56.580815,-2.747666,59250438000707dc244b105a0009,18.96,10.8,7.0,20.12,92.91,4.19,9
2025-05-13 09:55:47.380411+00:00,70B3D57ED0045541,Hygro#55:41,Hygro,Mains of Carmyllie (LPID NO/54289/43391),56.580815,-2.747666,59230438000607e22410105a000a,18.95,10.8,6.0,20.18,92.32,4.19,10
2025-05-13 10:11:04.107751+00:00,70B3D57ED0045541,Hygro#55:41,Hygro,Mains of Carmyllie (LPID NO/54289/43391),56.580815,-2.747666,591f0438000707b723f61058000b,18.94,10.8,7.0,19.75,92.06,4.18,11
2025-05-13 10:26:20.817627+00:00,70B3D57ED0045541,Hygro#55:41,Hygro,Mains of Carmyllie (LPID NO/54289/43391),56.580815,-2.747666,59180438000707dc23ee1056000c,18.91,10.8,7.0,20.12,91.98,4.18,12
2025-05-13 10:41:37.530039+00:00,70B3D57ED0045541,Hygro#55:41,Hygro,Mains of Carmyllie (LPID NO/54289/43391),56.580815,-2.747666,591204380006081423ca1056000d,18.89,10.8,6.0,20.68,91.62,4.18,13
2025-05-13 10:56:54.246581+00:00,70B3D57ED0045541,Hygro#55:41,Hygro,Mains of Carmyllie (LPID NO/54289/43391),56.580815,-2.747666,590c043800070821239f1056000e,18.87,10.8,7.0,20.81,91.19,4.18,14
2025-05-13 11:12:10.963834+00:00,70B3D57ED0045541,Hygro#55:41,Hygro,Mains of Carmyllie (LPID NO/54289/43391),56.580815,-2.747666,590a04380007084623751056000f,18.86,10.8,7.0,21.18,90.77,4.18,15
2025-05-13 11:27:27.679940+00:00,70B3D57ED0045541,Hygro#55:41,Hygro,Mains of Carmyllie (LPID NO/54289/43391),56.580815,-2.747666,5903043800070836230c10580010,18.83,10.8,7.0,21.02,89.72,4.18,16
2025-05-13 11:42:44.394307+00:00,70B3D57ED0045541,Hygro#55:41,Hygro,Mains of Carmyllie (LPID NO/54289/43391),56.580815,-2.747666,590804380007080222a510580011,18.85,10.8,7.0,20.5,88.69,4.18,17
2025-05-13 11:58:01.130665+00:00,70B3D57ED0045541,Hygro#55:41,Hygro,Mains of Carmyllie (LPID NO/54289/43391),56.580815,-2.747666,58fe0438000707b02256105a0012,18.81,10.8,7.0,19.68,87.9,4.19,18
2025-05-13 12:28:34.542743+00:00,70B3D57ED0045541,Hygro#55:41,Hygro,Mains of Carmyllie (LPID NO/54289/43391),56.580815,-2.747666,58f9043800070797217410580014,18.79,10.8,7.0,19.43,85.64,4.18,20
2025-05-13 12:43:51.263424+00:00,70B3D57ED0045541,Hygro#55:41,Hygro,Mains of Carmyllie (LPID NO/54289/43391),56.580815,-2.747666,58ec04420007078b211210560015,18.74,10.9,7.0,19.31,84.66,4.18,21
2025-05-13 12:59:07.986738+00:00,70B3D57ED0045541,Hygro#55:41,Hygro,Mains of Carmyllie (LPID NO/54289/43391),56.580815,-2.747666,58ef04420007078f20cf10560016,18.75,10.9,7.0,19.35,83.99,4.18,22
2025-05-13 13:14:24.697377+00:00,70B3D57ED0045541,Hygro#55:41,Hygro,Mains of Carmyllie (LPID NO/54289/43391),56.580815,-2.747666,58ee0442000707aa2065105a0017,18.75,10.9,7.0,19.62,82.93,4.19,23
2025-05-13 13:29:41.417296+00:00,70B3D57ED0045541,Hygro#55:41,Hygro,Mains of Carmyllie (LPID NO/54289/43391),56.580815,-2.747666,58e704420007076c2003105a0018,18.72,10.9,7.0,19.0,81.95,4.19,24
2025-05-13 13:44:58.144964+00:00,70B3D57ED0045541,Hygro#55:41,Hygro,Mains of Carmyllie (LPID NO/54289/43391),56.580815,-2.747666,58e00442000607651fc7105a0019,18.7,10.9,6.0,18.93,81.35,4.19,25
2025-05-13 14:00:14.856090+00:00,70B3D57ED0045541,Hygro#55:41,Hygro,Mains of Carmyllie (LPID NO/54289/43391),56.580815,-2.747666,58d90442000707531fb51058001a,18.67,10.9,7.0,18.75,81.17,4.18,26
2025-05-13 14:15:31.566530+00:00,70B3D57ED0045541,Hygro#55:41,Hygro,Mains of Carmyllie (LPID NO/54289/43391),56.580815,-2.747666,58da0442000707211f53105c001b,18.67,10.9,7.0,18.25,80.19,4.19,27
2025-05-13 14:30:48.284924+00:00,70B3D57ED0045541,Hygro#55:41,Hygro,Mains of Carmyllie (LPID NO/54289/43391),56.580815,-2.747666,58d90442000606d61eca105a001c,18.67,10.9,6.0,17.5,78.82,4.19,28
2025-05-13 14:46:05.023194+00:00,70B3D57ED0045541,Hygro#55:41,Hygro,Mains of Carmyllie (LPID NO/54289/43391),56.580815,-2.747666,58d90442000706591eab105a001d,18.67,10.9,7.0,16.25,78.51,4.19,29
2025-05-13 15:01:21.737473+00:00,70B3D57ED0045541,Hygro#55:41,Hygro,Mains of Carmyllie (LPID NO/54289/43391),56.580815,-2.747666,58d4044c000606391e9d105a001e,18.65,11.0,6.0,15.93,78.37,4.19,30
2025-05-13 15:16:38.462110+00:00,70B3D57ED0045541,Hygro#55:41,Hygro,Mains of Carmyllie (LPID NO/54289/43391),56.580815,-2.747666,58cb044c000605c31ee2105a001f,18.61,11.0,6.0,14.75,79.06,4.19,31
2025-05-13 15:31:55.200494+00:00,70B3D57ED0045541,Hygro#55:41,Hygro,Mains of Carmyllie (LPID NO/54289/43391),56.580815,-2.747666,58ca044c00060558204d105a0020,18.61,11.0,6.0,13.68,82.69,4.19,32
2025-05-13 15:47:11.925611+00:00,70B3D57ED0045541,Hygro#55:41,Hygro,Mains of Carmyllie (LPID NO/54289/43391),56.580815,-2.747666,58cd044c0007053721230f490021,18.62,11.0,7.0,13.35,84.83,3.91,33
2025-05-13 16:02:28.668470+00:00,70B3D57ED0045541,Hygro#55:41,Hygro,Mains of Carmyllie (LPID NO/54289/43391),56.580815,-2.747666,58cc044c0008052021340f280022,18.62,11.0,8.0,13.12,85.0,3.88,34
2025-05-13 16:17:45.402025+00:00,70B3D57ED0045541,Hygro#55:41,Hygro,Mains of Carmyllie (LPID NO/54289/43391),56.580815,-2.747666,58ca044c0007050d21760f2b0023,18.61,11.0,7.0,12.93,85.66,3.88,35
2025-05-13 16:25:17.259584+00:00,70B3D57ED0045541,Hygro#55:41,Hygro,Mains of Carmyllie (LPID NO/54289/43391),56.580815,-2.747666,575d0456000604ee2192103e0000,17.19,11.1,6.0,12.62,85.94,4.16,0
2025-05-14 07:57:09.139540+00:00,70B3D57ED0045541,Hygro#55:41,Hygro,Mains of Carmyllie (LPID NO/54289/43391),56.580815,-2.747666,5897045600060546253510580001,18.41,11.1,6.0,13.5,95.25,4.18,1
2025-05-14 08:12:25.875718+00:00,70B3D57ED0045541,Hygro#55:41,Hygro,Mains of Carmyllie (LPID NO/54289/43391),56.580815,-2.747666,5893044c00070637250d10580002,18.4,11.0,7.0,15.91,94.85,4.18,2
2025-05-14 08:27:42.602237+00:00,70B3D57ED0045541,Hygro#55:41,Hygro,Mains of Carmyllie (LPID NO/54289/43391),56.580815,-2.747666,5899044c000706c924d410580003,18.42,11.0,7.0,17.37,94.28,4.18,3
2025-05-14 08:42:59.340162+00:00,70B3D57ED0045541,Hygro#55:41,Hygro,Mains of Carmyllie (LPID NO/54289/43391),56.580815,-2.747666,588e044c0007071424b110540004,18.38,11.0,7.0,18.12,93.93,4.18,4
2025-05-14 08:58:16.069991+00:00,70B3D57ED0045541,Hygro#55:41,Hygro,Mains of Carmyllie (LPID NO/54289/43391),56.580815,-2.747666,5889044c000706f7249510580005,18.36,11.0,7.0,17.83,93.65,4.18,5
2025-05-14 09:13:32.790986+00:00,70B3D57ED0045541,Hygro#55:41,Hygro,Mains of Carmyllie (LPID NO/54289/43391),56.580815,-2.747666,588b044c000706fb245d10560006,18.37,11.0,7.0,17.87,93.09,4.18,6
2025-05-14 09:28:49.513041+00:00,70B3D57ED0045541,Hygro#55:41,Hygro,Mains of Carmyllie (LPID NO/54289/43391),56.580815,-2.747666,5883044c0006078b243910560007,18.33,11.0,6.0,19.31,92.73,4.18,7
2025-05-14 09:44:06.243508+00:00,70B3D57ED0045541,Hygro#55:41,Hygro,Mains of Carmyllie (LPID NO/54289/43391),56.580815,-2.747666,587f044c00070872241910560008,18.32,11.0,7.0,21.62,92.41,4.18,8
2025-05-14 09:59:22.971646+00:00,70B3D57ED0045541,Hygro#55:41,Hygro,Mains of Carmyllie (LPID NO/54289/43391),56.580815,-2.747666,5877044c000608aa23e810560009,18.29,11.0,6.0,22.18,91.92,4.18,9
2025-05-14 10:14:39.673837+00:00,70B3D57ED0045541,Hygro#55:41,Hygro,Mains of Carmyllie (LPID NO/54289/43391),56.580815,-2.747666,5878044c0007090e23d41058000a,18.29,11.0,7.0,23.18,91.72,4.18,10
2025-05-14 10:29:56.386954+00:00,70B3D57ED0045541,Hygro#55:41,Hygro,Mains of Carmyllie (LPID NO/54289/43391),56.580815,-2.747666,5872044c0008084422e81058000b,18.27,11.0,8.0,21.16,89.36,4.18,11
2025-05-14 11:00:29.819859+00:00,70B3D57ED0045541,Hygro#55:41,Hygro,Mains of Carmyllie (LPID NO/54289/43391),56.580815,-2.747666,5868044c000707b422891056000d,18.23,11.0,7.0,19.72,88.41,4.18,13
2025-05-14 11:15:46.544130+00:00,70B3D57ED0045541,Hygro#55:41,Hygro,Mains of Carmyllie (LPID NO/54289/43391),56.580815,-2.747666,5863044c0008082d22491058000e,18.21,11.0,8.0,20.93,87.77,4.18,14
2025-05-14 11:31:03.252341+00:00,70B3D57ED0045541,Hygro#55:41,Hygro,Mains of Carmyllie (LPID NO/54289/43391),56.580815,-2.747666,5861044c000707b7217a1058000f,18.2,11.0,7.0,19.75,85.7,4.18,15
2025-05-14 11:46:19.973243+00:00,70B3D57ED0045541,Hygro#55:41,Hygro,Mains of Carmyllie (LPID NO/54289/43391),56.580815,-2.747666,5858044c0006075f211c10580010,18.17,11.0,6.0,18.87,84.76,4.18,16
2025-05-14 12:01:36.686670+00:00,70B3D57ED0045541,Hygro#55:41,Hygro,Mains of Carmyllie (LPID NO/54289/43391),56.580815,-2.747666,5856044c0006071420d410580011,18.16,11.0,6.0,18.12,84.04,4.18,17
2025-05-14 12:16:53.417668+00:00,70B3D57ED0045541,Hygro#55:41,Hygro,Mains of Carmyllie (LPID NO/54289/43391),56.580815,-2.747666,5856044c0006073320a410580012,18.16,11.0,6.0,18.43,83.56,4.18,18
2025-05-14 12:32:10.136397+00:00,70B3D57ED0045541,Hygro#55:41,Hygro,Mains of Carmyllie (LPID NO/54289/43391),56.580815,-2.747666,5851044c0006072d205e105a0013,18.14,11.0,6.0,18.37,82.86,4.19,19
2025-05-14 12:47:26.857440+00:00,70B3D57ED0045541,Hygro#55:41,Hygro,Mains of Carmyllie (LPID NO/54289/43391),56.580815,-2.747666,584a044c0007073e200010580014,18.11,11.0,7.0,18.54,81.92,4.18,20
2025-05-14 13:02:43.571911+00:00,70B3D57ED0045541,Hygro#55:41,Hygro,Mains of Carmyllie (LPID NO/54289/43391),56.580815,-2.747666,5845044c0007070e1f94105a0015,18.09,11.0,7.0,18.06,80.84,4.19,21
2025-05-14 13:18:00.304611+00:00,70B3D57ED0045541,Hygro#55:41,Hygro,Mains of Carmyllie (LPID NO/54289/43391),56.580815,-2.747666,5847044c000606e61f33105c0016,18.1,11.0,6.0,17.66,79.87,4.19,22
2025-05-14 13:33:17.015002+00:00,70B3D57ED0045541,Hygro#55:41,Hygro,Mains of Carmyllie (LPID NO/54289/43391),56.580815,-2.747666,583f044c000606f51f1f105c0017,18.07,11.0,6.0,17.81,79.67,4.19,23
2025-05-14 13:48:33.746398+00:00,70B3D57ED0045541,Hygro#55:41,Hygro,Mains of Carmyllie (LPID NO/54289/43391),56.580815,-2.747666,583c044c000606b21ee9105c0018,18.06,11.0,6.0,17.14,79.13,4.19,24
2025-05-14 14:03:50.474763+00:00,70B3D57ED0045541,Hygro#55:41,Hygro,Mains of Carmyllie (LPID NO/54289/43391),56.580815,-2.747666,583e044c000706521eec105a0019,18.07,11.0,7.0,16.18,79.16,4.19,25
2025-05-14 14:19:07.199633+00:00,70B3D57ED0045541,Hygro#55:41,Hygro,Mains of Carmyllie (LPID NO/54289/43391),56.580815,-2.747666,583b044c000606501efa1058001a,18.05,11.0,6.0,16.16,79.3,4.18,26
2025-05-14 14:34:23.921621+00:00,70B3D57ED0045541,Hygro#55:41,Hygro,Mains of Carmyllie (LPID NO/54289/43391),56.580815,-2.747666,5832044c000706271ef31058001b,18.02,11.0,7.0,15.75,79.23,4.18,27
2025-05-14 14:49:40.661580+00:00,70B3D57ED0045541,Hygro#55:41,Hygro,Mains of Carmyllie (LPID NO/54289/43391),56.580815,-2.747666,582e044c000605fb1eb5105c001c,18.0,11.0,6.0,15.31,78.61,4.19,28
2025-05-14 15:04:57.387077+00:00,70B3D57ED0045541,Hygro#55:41,Hygro,Mains of Carmyllie (LPID NO/54289/43391),56.580815,-2.747666,582f0453000705fb1eda1058001d,18.01,11.07,7.0,15.31,78.98,4.18,29
2025-05-14 15:20:14.116262+00:00,70B3D57ED0045541,Hygro#55:41,Hygro,Mains of Carmyllie (LPID NO/54289/43391),56.580815,-2.747666,58270456000605aa1f00105c001e,17.98,11.1,6.0,14.5,79.36,4.19,30
2025-05-14 15:35:30.852137+00:00,70B3D57ED0045541,Hygro#55:41,Hygro,Mains of Carmyllie (LPID NO/54289/43391),56.580815,-2.747666,58270456000705781f650f87001f,17.98,11.1,7.0,14.0,80.37,3.98,31
2025-05-14 15:50:47.587895+00:00,70B3D57ED0045541,Hygro#55:41,Hygro,Mains of Carmyllie (LPID NO/54289/43391),56.580815,-2.747666,58290456000605521fcc0f380020,17.99,11.1,6.0,13.62,81.4,3.9,32
2025-05-14 16:06:04.331997+00:00,70B3D57ED0045541,Hygro#55:41,Hygro,Mains of Carmyllie (LPID NO/54289/43391),56.580815,-2.747666,582304560007053f20730f260021,17.96,11.1,7.0,13.43,83.07,3.88,33
2025-05-15 07:32:10.218931+00:00,70B3D57ED0045541,Hygro#55:41,Hygro,Mains of Carmyllie (LPID NO/54289/43391),56.580815,-2.747666,57e904420006060724f1103b0000,17.74,10.9,6.0,15.43,94.57,4.16,0
2025-05-15 07:47:26.954081+00:00,70B3D57ED0045541,Hygro#55:41,Hygro,Mains of Carmyllie (LPID NO/54289/43391),56.580815,-2.747666,57e70442000606782547103e0001,17.73,10.9,6.0,16.56,95.43,4.16,1
2025-05-15 08:02:43.682458+00:00,70B3D57ED0045541,Hygro#55:41,Hygro,Mains of Carmyllie (LPID NO/54289/43391),56.580815,-2.747666,57e20442000706f5255210490002,17.71,10.9,7.0,17.81,95.54,4.17,2
2025-05-15 08:18:00.406546+00:00,70B3D57ED0045541,Hygro#55:41,Hygro,Mains of Carmyllie (LPID NO/54289/43391),56.580815,-2.747666,57e404380006072f24f310580003,17.72,10.8,6.0,18.39,94.59,4.18,3
2025-05-15 08:33:17.128883+00:00,70B3D57ED0045541,Hygro#55:41,Hygro,Mains of Carmyllie (LPID NO/54289/43391),56.580815,-2.747666,57dd043800060721244210560004,17.69,10.8,6.0,18.25,92.82,4.18,4
2025-05-15 08:48:33.889642+00:00,70B3D57ED0045541,Hygro#55:41,Hygro,Mains of Carmyllie (LPID NO/54289/43391),56.580815,-2.747666,57d80438000607a4242310560005,17.67,10.8,6.0,19.56,92.51,4.18,5
2025-05-15 09:03:50.577623+00:00,70B3D57ED0045541,Hygro#55:41,Hygro,Mains of Carmyllie (LPID NO/54289/43391),56.580815,-2.747666,57d40438000707fd23f610560006,17.66,10.8,7.0,20.45,92.06,4.18,6
2025-05-15 09:19:07.298421+00:00,70B3D57ED0045541,Hygro#55:41,Hygro,Mains of Carmyllie (LPID NO/54289/43391),56.580815,-2.747666,57d004380006082d23ab10560007,17.64,10.8,6.0,20.93,91.31,4.18,7
2025-05-15 09:34:24.017258+00:00,70B3D57ED0045541,Hygro#55:41,Hygro,Mains of Carmyllie (LPID NO/54289/43391),56.580815,-2.747666,57cd0438000607fb238310560008,17.63,10.8,6.0,20.43,90.91,4.18,8
2025-05-15 09:49:40.747862+00:00,70B3D57ED0045541,Hygro#55:41,Hygro,Mains of Carmyllie (LPID NO/54289/43391),56.580815,-2.747666,57c6043800060810237b10580009,17.6,10.8,6.0,20.64,90.83,4.18,9
2025-05-15 10:04:57.456924+00:00,70B3D57ED0045541,Hygro#55:41,Hygro,Mains of Carmyllie (LPID NO/54289/43391),56.580815,-2.747666,57c304380006089123961058000a,17.59,10.8,6.0,21.93,91.1,4.18,10
2025-05-15 10:20:14.180937+00:00,70B3D57ED0045541,Hygro#55:41,Hygro,Mains of Carmyllie (LPID NO/54289/43391),56.580815,-2.747666,57c00438000608ed23961058000b,17.58,10.8,6.0,22.85,91.1,4.18,11
2025-05-15 10:35:30.899838+00:00,70B3D57ED0045541,Hygro#55:41,Hygro,Mains of Carmyllie (LPID NO/54289/43391),56.580815,-2.747666,57b704380005094023731058000c,17.54,10.8,5.0,23.68,90.75,4.18,12
2025-05-15 10:50:47.612182+00:00,70B3D57ED0045541,Hygro#55:41,Hygro,Mains of Carmyllie (LPID NO/54289/43391),56.580815,-2.747666,57b804380005087022ce1056000d,17.55,10.8,5.0,21.6,89.1,4.18,13
2025-05-15 11:06:04.318343+00:00,70B3D57ED0045541,Hygro#55:41,Hygro,Mains of Carmyllie (LPID NO/54289/43391),56.580815,-2.747666,57af04380007083a22b0105a000e,17.51,10.8,7.0,21.06,88.8,4.19,14
2025-05-15 11:21:21.037792+00:00,70B3D57ED0045541,Hygro#55:41,Hygro,Mains of Carmyllie (LPID NO/54289/43391),56.580815,-2.747666,57ad04380006081b227d1056000f,17.5,10.8,6.0,20.75,88.29,4.18,15
2025-05-15 11:36:37.755240+00:00,70B3D57ED0045541,Hygro#55:41,Hygro,Mains of Carmyllie (LPID NO/54289/43391),56.580815,-2.747666,57a5043800070814224e10560010,17.47,10.8,7.0,20.68,87.82,4.18,16
2025-05-15 11:51:54.472443+00:00,70B3D57ED0045541,Hygro#55:41,Hygro,Mains of Carmyllie (LPID NO/54289/43391),56.580815,-2.747666,57a80438000607b721e710580011,17.48,10.8,6.0,19.75,86.79,4.18,17
2025-05-15 12:07:11.186641+00:00,70B3D57ED0045541,Hygro#55:41,Hygro,Mains of Carmyllie (LPID NO/54289/43391),56.580815,-2.747666,57a10438000607b721a110580012,17.46,10.8,6.0,19.75,86.09,4.18,18
2025-05-15 12:22:27.903455+00:00,70B3D57ED0045541,Hygro#55:41,Hygro,Mains of Carmyllie (LPID NO/54289/43391),56.580815,-2.747666,579b0438000607f5211510580013,17.43,10.8,6.0,20.37,84.69,4.18,19
2025-05-15 12:37:44.610664+00:00,70B3D57ED0045541,Hygro#55:41,Hygro,Mains of Carmyllie (LPID NO/54289/43391),56.580815,-2.747666,579c04380006085320ab10580014,17.44,10.8,6.0,21.31,83.63,4.18,20
2025-05-15 12:53:01.323369+00:00,70B3D57ED0045541,Hygro#55:41,Hygro,Mains of Carmyllie (LPID NO/54289/43391),56.580815,-2.747666,57920438000607ef1fea10560015,17.4,10.8,6.0,20.31,81.7,4.18,21
2025-05-15 13:08:18.046405+00:00,70B3D57ED0045541,Hygro#55:41,Hygro,Mains of Carmyllie (LPID NO/54289/43391),56.580815,-2.747666,57940438000607d61fa910580016,17.41,10.8,6.0,20.06,81.05,4.18,22
2025-05-15 13:38:51.472528+00:00,70B3D57ED0045541,Hygro#55:41,Hygro,Mains of Carmyllie (LPID NO/54289/43391),56.580815,-2.747666,578a0438000607a01f56105a0018,17.37,10.8,6.0,19.52,80.22,4.19,24
2025-05-15 13:54:08.189073+00:00,70B3D57ED0045541,Hygro#55:41,Hygro,Mains of Carmyllie (LPID NO/54289/43391),56.580815,-2.747666,578604420006076c1f3310560019,17.35,10.9,6.0,19.0,79.87,4.18,25
2025-05-15 14:09:24.925770+00:00,70B3D57ED0045541,Hygro#55:41,Hygro,Mains of Carmyllie (LPID NO/54289/43391),56.580815,-2.747666,57860442000607401f4d105f001a,17.35,10.9,6.0,18.56,80.13,4.19,26
2025-05-15 14:24:41.642622+00:00,70B3D57ED0045541,Hygro#55:41,Hygro,Mains of Carmyllie (LPID NO/54289/43391),56.580815,-2.747666,57850442000707141f2e1058001b,17.35,10.9,7.0,18.12,79.82,4.18,27
2025-05-15 14:39:58.358988+00:00,70B3D57ED0045541,Hygro#55:41,Hygro,Mains of Carmyllie (LPID NO/54289/43391),56.580815,-2.747666,577e04420006070e1f14105a001c,17.32,10.9,6.0,18.06,79.56,4.19,28
2025-05-15 15:10:31.803006+00:00,70B3D57ED0045541,Hygro#55:41,Hygro,Mains of Carmyllie (LPID NO/54289/43391),56.580815,-2.747666,57770442000606fb1eb6105f001e,17.29,10.9,6.0,17.87,78.62,4.19,30
2025-05-15 15:25:48.511324+00:00,70B3D57ED0045541,Hygro#55:41,Hygro,Mains of Carmyllie (LPID NO/54289/43391),56.580815,-2.747666,57790442000606dc1e54105c001f,17.3,10.9,6.0,17.56,77.64,4.19,31
2025-05-15 15:41:05.234491+00:00,70B3D57ED0045541,Hygro#55:41,Hygro,Mains of Carmyllie (LPID NO/54289/43391),56.580815,-2.747666,57720442000606bd1e6a105a0020,17.28,10.9,6.0,17.25,77.86,4.19,32
2025-05-15 15:56:21.965570+00:00,70B3D57ED0045541,Hygro#55:41,Hygro,Mains of Carmyllie (LPID NO/54289/43391),56.580815,-2.747666,576e044c000606aa1e7010580021,17.26,11.0,6.0,17.06,77.92,4.18,33
2025-05-15 16:11:38.690054+00:00,70B3D57ED0045541,Hygro#55:41,Hygro,Mains of Carmyllie (LPID NO/54289/43391),56.580815,-2.747666,576f044c0006066b1e9e105a0022,17.26,11.0,6.0,16.43,78.38,4.19,34
2025-05-16 07:35:12.483532+00:00,70B3D57ED0045541,Hygro#55:41,Hygro,Mains of Carmyllie (LPID NO/54289/43391),56.580815,-2.747666,5740044c000606b624cc10330000,17.08,11.0,6.0,17.18,94.2,4.15,0
2025-05-16 07:50:29.237715+00:00,70B3D57ED0045541,Hygro#55:41,Hygro,Mains of Carmyllie (LPID NO/54289/43391),56.580815,-2.747666,573c044c0006073a251d10420001,17.07,11.0,6.0,18.5,95.01,4.16,1
2025-05-16 08:05:45.936785+00:00,70B3D57ED0045541,Hygro#55:41,Hygro,Mains of Carmyllie (LPID NO/54289/43391),56.580815,-2.747666,57370442000607a4251b10420002,17.05,10.9,6.0,19.56,94.99,4.16,2
2025-05-16 08:21:02.656058+00:00,70B3D57ED0045541,Hygro#55:41,Hygro,Mains of Carmyllie (LPID NO/54289/43391),56.580815,-2.747666,57320442000607c3249c10540003,17.03,10.9,6.0,19.87,93.72,4.18,3
2025-05-16 08:36:19.385759+00:00,70B3D57ED0045541,Hygro#55:41,Hygro,Mains of Carmyllie (LPID NO/54289/43391),56.580815,-2.747666,572b04420005083a245610540004,17.0,10.9,5.0,21.06,93.02,4.18,4
2025-05-16 08:51:36.097220+00:00,70B3D57ED0045541,Hygro#55:41,Hygro,Mains of Carmyllie (LPID NO/54289/43391),56.580815,-2.747666,572e04420006086c23f610560005,17.01,10.9,6.0,21.56,92.06,4.18,5
2025-05-16 09:06:52.822698+00:00,70B3D57ED0045541,Hygro#55:41,Hygro,Mains of Carmyllie (LPID NO/54289/43391),56.580815,-2.747666,57210442000508b723f810540006,16.96,10.9,5.0,22.31,92.08,4.18,6
2025-05-16 09:22:09.541536+00:00,70B3D57ED0045541,Hygro#55:41,Hygro,Mains of Carmyllie (LPID NO/54289/43391),56.580815,-2.747666,571b0442000608bd23ef10580007,16.94,10.9,6.0,22.37,91.99,4.18,7
2025-05-16 09:37:26.260427+00:00,70B3D57ED0045541,Hygro#55:41,Hygro,Mains of Carmyllie (LPID NO/54289/43391),56.580815,-2.747666,571f0442000508ef23b310560008,16.95,10.9,5.0,22.87,91.39,4.18,8
2025-05-16 09:52:42.977659+00:00,70B3D57ED0045541,Hygro#55:41,Hygro,Mains of Carmyllie (LPID NO/54289/43391),56.580815,-2.747666,5719044200060908236d10560009,16.93,10.9,6.0,23.12,90.69,4.18,9
2025-05-16 10:07:59.687914+00:00,70B3D57ED0045541,Hygro#55:41,Hygro,Mains of Carmyllie (LPID NO/54289/43391),56.580815,-2.747666,570f04420006098b23731056000a,16.89,10.9,6.0,24.43,90.75,4.18,10
2025-05-16 10:23:16.399988+00:00,70B3D57ED0045541,Hygro#55:41,Hygro,Mains of Carmyllie (LPID NO/54289/43391),56.580815,-2.747666,5708044200060661231f1056000b,16.86,10.9,6.0,16.33,89.91,4.18,11
2025-05-16 10:38:33.108988+00:00,70B3D57ED0045541,Hygro#55:41,Hygro,Mains of Carmyllie (LPID NO/54289/43391),56.580815,-2.747666,570504420006096023081058000c,16.85,10.9,6.0,24.0,89.68,4.18,12
2025-05-16 10:53:49.819675+00:00,70B3D57ED0045541,Hygro#55:41,Hygro,Mains of Carmyllie (LPID NO/54289/43391),56.580815,-2.747666,570504420006087c22381056000d,16.85,10.9,6.0,21.72,87.6,4.18,13
2025-05-16 11:09:06.537245+00:00,70B3D57ED0045541,Hygro#55:41,Hygro,Mains of Carmyllie (LPID NO/54289/43391),56.580815,-2.747666,56fd04420006084021db1058000e,16.82,10.9,6.0,21.12,86.67,4.18,14
2025-05-16 11:24:23.247922+00:00,70B3D57ED0045541,Hygro#55:41,Hygro,Mains of Carmyllie (LPID NO/54289/43391),56.580815,-2.747666,56ff04420006084a21c11058000f,16.83,10.9,6.0,21.22,86.41,4.18,15
2025-05-16 11:39:39.969117+00:00,70B3D57ED0045541,Hygro#55:41,Hygro,Mains of Carmyllie (LPID NO/54289/43391),56.580815,-2.747666,56ff044200050895218c10560010,16.83,10.9,5.0,21.97,85.88,4.18,16
2025-05-16 11:54:56.685045+00:00,70B3D57ED0045541,Hygro#55:41,Hygro,Mains of Carmyllie (LPID NO/54289/43391),56.580815,-2.747666,56f40442000508c3214a10580011,16.79,10.9,5.0,22.43,85.22,4.18,17
2025-05-16 12:10:13.392094+00:00,70B3D57ED0045541,Hygro#55:41,Hygro,Mains of Carmyllie (LPID NO/54289/43391),56.580815,-2.747666,56f30442000608a420a010580012,16.78,10.9,6.0,22.12,83.52,4.18,18
2025-05-16 12:25:30.094467+00:00,70B3D57ED0045541,Hygro#55:41,Hygro,Mains of Carmyllie (LPID NO/54289/43391),56.580815,-2.747666,56e90442000508ce1ffd10560013,16.74,10.9,5.0,22.54,81.89,4.18,19
2025-05-16 12:40:46.813840+00:00,70B3D57ED0045541,Hygro#55:41,Hygro,Mains of Carmyllie (LPID NO/54289/43391),56.580815,-2.747666,56e904420005083a1ebc10580014,16.74,10.9,5.0,21.06,78.68,4.18,20
2025-05-16 12:56:03.532427+00:00,70B3D57ED0045541,Hygro#55:41,Hygro,Mains of Carmyllie (LPID NO/54289/43391),56.580815,-2.747666,56e80442000607ef1e8e10580015,16.74,10.9,6.0,20.31,78.22,4.18,21
2025-05-16 13:11:20.235617+00:00,70B3D57ED0045541,Hygro#55:41,Hygro,Mains of Carmyllie (LPID NO/54289/43391),56.580815,-2.747666,56e604420005080e1e6e10540016,16.73,10.9,5.0,20.62,77.9,4.18,22
2025-05-16 13:26:36.951159+00:00,70B3D57ED0045541,Hygro#55:41,Hygro,Mains of Carmyllie (LPID NO/54289/43391),56.580815,-2.747666,56dc0442000608271e26105a0017,16.69,10.9,6.0,20.87,77.18,4.19,23
2025-05-16 13:41:53.674874+00:00,70B3D57ED0045541,Hygro#55:41,Hygro,Mains of Carmyllie (LPID NO/54289/43391),56.580815,-2.747666,56dd044c000507e21dd510580018,16.7,11.0,5.0,20.18,76.37,4.18,24
2025-05-16 13:57:10.390789+00:00,70B3D57ED0045541,Hygro#55:41,Hygro,Mains of Carmyllie (LPID NO/54289/43391),56.580815,-2.747666,56da044c000507c11d90105c0019,16.69,11.0,5.0,19.85,75.68,4.19,25
2025-05-16 14:12:27.099256+00:00,70B3D57ED0045541,Hygro#55:41,Hygro,Mains of Carmyllie (LPID NO/54289/43391),56.580815,-2.747666,56d8044c000507671d6c1058001a,16.68,11.0,5.0,18.95,75.32,4.18,26
2025-05-16 14:27:43.811357+00:00,70B3D57ED0045541,Hygro#55:41,Hygro,Mains of Carmyllie (LPID NO/54289/43391),56.580815,-2.747666,56d8044c0006071a1db91058001b,16.68,11.0,6.0,18.18,76.09,4.18,27
2025-05-16 14:43:00.532134+00:00,70B3D57ED0045541,Hygro#55:41,Hygro,Mains of Carmyllie (LPID NO/54289/43391),56.580815,-2.747666,56dc044c000606fd1e33105f001c,16.69,11.0,6.0,17.89,77.31,4.19,28
2025-05-16 14:58:17.247822+00:00,70B3D57ED0045541,Hygro#55:41,Hygro,Mains of Carmyllie (LPID NO/54289/43391),56.580815,-2.747666,56d0044c000606f91e721058001d,16.65,11.0,6.0,17.85,77.94,4.18,29
2025-05-16 15:13:33.963113+00:00,70B3D57ED0045541,Hygro#55:41,Hygro,Mains of Carmyllie (LPID NO/54289/43391),56.580815,-2.747666,56d2044c000506dc1e75105a001e,16.65,11.0,5.0,17.56,77.97,4.19,30
2025-05-16 15:44:07.414890+00:00,70B3D57ED0045541,Hygro#55:41,Hygro,Mains of Carmyllie (LPID NO/54289/43391),56.580815,-2.747666,56cd0456000606c51e24105a0020,16.64,11.1,6.0,17.33,77.16,4.19,32
2025-05-16 15:59:24.151843+00:00,70B3D57ED0045541,Hygro#55:41,Hygro,Mains of Carmyllie (LPID NO/54289/43391),56.580815,-2.747666,56c70456000506781e1c105f0021,16.61,11.1,5.0,16.56,77.08,4.19,33
2025-05-16 16:14:40.869567+00:00,70B3D57ED0045541,Hygro#55:41,Hygro,Mains of Carmyllie (LPID NO/54289/43391),56.580815,-2.747666,56c70456000506331e5f105a0022,16.61,11.1,5.0,15.87,77.75,4.19,34
2025-05-17 08:14:47.692428+00:00,70B3D57ED0045541,Hygro#55:41,Hygro,Mains of Carmyllie (LPID NO/54289/43391),56.580815,-2.747666,56990456000607b724bc10330001,16.43,11.1,6.0,19.75,94.04,4.15,1
2025-05-17 08:30:04.423668+00:00,70B3D57ED0045541,Hygro#55:41,Hygro,Mains of Carmyllie (LPID NO/54289/43391),56.580815,-2.747666,56910456000607ef24c7103e0002,16.4,11.1,6.0,20.31,94.15,4.16,2
2025-05-17 08:45:21.153486+00:00,70B3D57ED0045541,Hygro#55:41,Hygro,Mains of Carmyllie (LPID NO/54289/43391),56.580815,-2.747666,569604560005083424c3104d0003,16.42,11.1,5.0,21.0,94.11,4.17,3
2025-05-17 09:00:37.872392+00:00,70B3D57ED0045541,Hygro#55:41,Hygro,Mains of Carmyllie (LPID NO/54289/43391),56.580815,-2.747666,56870456000508a4246f10560004,16.36,11.1,5.0,22.12,93.27,4.18,4
2025-05-17 09:15:54.598580+00:00,70B3D57ED0045541,Hygro#55:41,Hygro,Mains of Carmyllie (LPID NO/54289/43391),56.580815,-2.747666,56860456000508dc242510540005,16.36,11.1,5.0,22.68,92.53,4.18,5
2025-05-17 09:31:11.327557+00:00,70B3D57ED0045541,Hygro#55:41,Hygro,Mains of Carmyllie (LPID NO/54289/43391),56.580815,-2.747666,568304560006093423cd10560006,16.35,11.1,6.0,23.56,91.65,4.18,6
2025-05-17 09:46:28.042583+00:00,70B3D57ED0045541,Hygro#55:41,Hygro,Mains of Carmyllie (LPID NO/54289/43391),56.580815,-2.747666,567d045600060979239a10560007,16.32,11.1,6.0,24.25,91.14,4.18,7
2025-05-17 10:01:44.763552+00:00,70B3D57ED0045541,Hygro#55:41,Hygro,Mains of Carmyllie (LPID NO/54289/43391),56.580815,-2.747666,56790456000509dd236710560008,16.31,11.1,5.0,25.25,90.63,4.18,8
2025-05-17 10:17:01.480069+00:00,70B3D57ED0045541,Hygro#55:41,Hygro,Mains of Carmyllie (LPID NO/54289/43391),56.580815,-2.747666,56740456000509bd22f510560009,16.29,11.1,5.0,24.93,89.49,4.18,9
2025-05-17 10:32:18.206855+00:00,70B3D57ED0045541,Hygro#55:41,Hygro,Mains of Carmyllie (LPID NO/54289/43391),56.580815,-2.747666,56780456000609d622c51056000a,16.31,11.1,6.0,25.18,89.01,4.18,10
2025-05-17 10:47:34.910095+00:00,70B3D57ED0045541,Hygro#55:41,Hygro,Mains of Carmyllie (LPID NO/54289/43391),56.580815,-2.747666,5674045600060a6822a61054000b,16.29,11.1,6.0,26.64,88.7,4.18,11
2025-05-17 11:02:51.623413+00:00,70B3D57ED0045541,Hygro#55:41,Hygro,Mains of Carmyllie (LPID NO/54289/43391),56.580815,-2.747666,566e045600050aa522721054000c,16.27,11.1,5.0,27.25,88.18,4.18,12
2025-05-17 11:18:08.341382+00:00,70B3D57ED0045541,Hygro#55:41,Hygro,Mains of Carmyllie (LPID NO/54289/43391),56.580815,-2.747666,5664045600050a9622021056000d,16.23,11.1,5.0,27.1,87.06,4.18,13
2025-05-17 11:33:25.047547+00:00,70B3D57ED0045541,Hygro#55:41,Hygro,Mains of Carmyllie (LPID NO/54289/43391),56.580815,-2.747666,5666045600050b0221fd1054000e,16.24,11.1,5.0,28.18,87.01,4.18,14
2025-05-17 11:48:41.759103+00:00,70B3D57ED0045541,Hygro#55:41,Hygro,Mains of Carmyllie (LPID NO/54289/43391),56.580815,-2.747666,5664045600050afa21821058000f,16.23,11.1,5.0,28.1,85.78,4.18,15
2025-05-17 12:03:58.465607+00:00,70B3D57ED0045541,Hygro#55:41,Hygro,Mains of Carmyllie (LPID NO/54289/43391),56.580815,-2.747666,5656045600050afa20d910560010,16.17,11.1,5.0,28.1,84.09,4.18,16
2025-05-17 12:34:31.886122+00:00,70B3D57ED0045541,Hygro#55:41,Hygro,Mains of Carmyllie (LPID NO/54289/43391),56.580815,-2.747666,5655045600040aa0200810540012,16.17,11.1,4.0,27.2,82.0,4.18,18
2025-05-17 12:49:48.593759+00:00,70B3D57ED0045541,Hygro#55:41,Hygro,Mains of Carmyllie (LPID NO/54289/43391),56.580815,-2.747666,5654045600050a921fc510580013,16.17,11.1,5.0,27.06,81.33,4.18,19
2025-05-17 13:05:05.304487+00:00,70B3D57ED0045541,Hygro#55:41,Hygro,Mains of Carmyllie (LPID NO/54289/43391),56.580815,-2.747666,5650046000050ab71f9a10540014,16.15,11.2,5.0,27.43,80.9,4.18,20
2025-05-17 13:20:22.005709+00:00,70B3D57ED0045541,Hygro#55:41,Hygro,Mains of Carmyllie (LPID NO/54289/43391),56.580815,-2.747666,5648046000040abe1f5510560015,16.12,11.2,4.0,27.5,80.21,4.18,21
2025-05-17 13:35:38.719132+00:00,70B3D57ED0045541,Hygro#55:41,Hygro,Mains of Carmyllie (LPID NO/54289/43391),56.580815,-2.747666,563b046000060aab1f1310560016,16.07,11.2,6.0,27.31,79.55,4.18,22
2025-05-17 13:50:55.420336+00:00,70B3D57ED0045541,Hygro#55:41,Hygro,Mains of Carmyllie (LPID NO/54289/43391),56.580815,-2.747666,5637046000050a921ec810540017,16.05,11.2,5.0,27.06,78.8,4.18,23
2025-05-17 14:06:12.138694+00:00,70B3D57ED0045541,Hygro#55:41,Hygro,Mains of Carmyllie (LPID NO/54289/43391),56.580815,-2.747666,5644046000050a8c1e9810560018,16.1,11.2,5.0,27.0,78.32,4.18,24
2025-05-17 14:21:28.837736+00:00,70B3D57ED0045541,Hygro#55:41,Hygro,Mains of Carmyllie (LPID NO/54289/43391),56.580815,-2.747666,5631046000050a4d1e8810560019,16.03,11.2,5.0,26.37,78.16,4.18,25
2025-05-17 14:52:02.260353+00:00,70B3D57ED0045541,Hygro#55:41,Hygro,Mains of Carmyllie (LPID NO/54289/43391),56.580815,-2.747666,5629046a00050a3a1e461054001b,16.0,11.3,5.0,26.18,77.5,4.18,27
2025-05-17 15:07:18.973526+00:00,70B3D57ED0045541,Hygro#55:41,Hygro,Mains of Carmyllie (LPID NO/54289/43391),56.580815,-2.747666,5629046a000509d61e0e105a001c,16.0,11.3,5.0,25.18,76.94,4.19,28
2025-05-17 15:22:35.686935+00:00,70B3D57ED0045541,Hygro#55:41,Hygro,Mains of Carmyllie (LPID NO/54289/43391),56.580815,-2.747666,5626046a000509d61de41056001d,15.99,11.3,5.0,25.18,76.52,4.18,29
2025-05-17 15:37:52.408363+00:00,70B3D57ED0045541,Hygro#55:41,Hygro,Mains of Carmyllie (LPID NO/54289/43391),56.580815,-2.747666,5620046a0005098b1de41058001e,15.96,11.3,5.0,24.43,76.52,4.18,30
2025-05-17 15:53:09.114146+00:00,70B3D57ED0045541,Hygro#55:41,Hygro,Mains of Carmyllie (LPID NO/54289/43391),56.580815,-2.747666,5620046a000509401dff1058001f,15.96,11.3,5.0,23.68,76.79,4.18,31
2025-05-17 16:08:25.837536+00:00,70B3D57ED0045541,Hygro#55:41,Hygro,Mains of Carmyllie (LPID NO/54289/43391),56.580815,-2.747666,56170474000508ef1e5810560020,15.93,11.4,5.0,22.87,77.68,4.18,32
2025-05-18 07:50:38.922887+00:00,70B3D57ED0045541,Hygro#55:41,Hygro,Mains of Carmyllie (LPID NO/54289/43391),56.580815,-2.747666,55db04880005077823f5102e0000,15.7,11.6,5.0,19.12,92.05,4.14,0
2025-05-18 08:05:55.657030+00:00,70B3D57ED0045541,Hygro#55:41,Hygro,Mains of Carmyllie (LPID NO/54289/43391),56.580815,-2.747666,55dc04880005079123b710330001,15.7,11.6,5.0,19.37,91.43,4.15,1
2025-05-18 08:21:12.384026+00:00,70B3D57ED0045541,Hygro#55:41,Hygro,Mains of Carmyllie (LPID NO/54289/43391),56.580815,-2.747666,55e80488000507bb23d3103b0002,15.75,11.6,5.0,19.79,91.71,4.16,2
2025-05-18 08:36:29.120857+00:00,70B3D57ED0045541,Hygro#55:41,Hygro,Mains of Carmyllie (LPID NO/54289/43391),56.580815,-2.747666,55e20488000507d6239d10350003,15.72,11.6,5.0,20.06,91.17,4.15,3
2025-05-18 08:51:45.854250+00:00,70B3D57ED0045541,Hygro#55:41,Hygro,Mains of Carmyllie (LPID NO/54289/43391),56.580815,-2.747666,55e004880005083a239910370004,15.72,11.6,5.0,21.06,91.13,4.15,4
2025-05-18 09:07:02.578161+00:00,70B3D57ED0045541,Hygro#55:41,Hygro,Mains of Carmyllie (LPID NO/54289/43391),56.580815,-2.747666,55de048100040846237b10540005,15.71,11.53,4.0,21.18,90.83,4.18,5
2025-05-18 09:22:19.308096+00:00,70B3D57ED0045541,Hygro#55:41,Hygro,Mains of Carmyllie (LPID NO/54289/43391),56.580815,-2.747666,55df047e000507bb22c510560006,15.71,11.5,5.0,19.79,89.01,4.18,6
2025-05-18 09:37:36.030910+00:00,70B3D57ED0045541,Hygro#55:41,Hygro,Mains of Carmyllie (LPID NO/54289/43391),56.580815,-2.747666,55d5047e0005076c2275105a0007,15.67,11.5,5.0,19.0,88.21,4.19,7
2025-05-18 09:52:52.769994+00:00,70B3D57ED0045541,Hygro#55:41,Hygro,Mains of Carmyllie (LPID NO/54289/43391),56.580815,-2.747666,55ca047e0004079e226310560008,15.63,11.5,4.0,19.5,88.03,4.18,8
2025-05-18 10:08:09.491708+00:00,70B3D57ED0045541,Hygro#55:41,Hygro,Mains of Carmyllie (LPID NO/54289/43391),56.580815,-2.747666,55d0047e0005077e225410580009,15.65,11.5,5.0,19.18,87.88,4.18,9
2025-05-18 10:23:26.224977+00:00,70B3D57ED0045541,Hygro#55:41,Hygro,Mains of Carmyllie (LPID NO/54289/43391),56.580815,-2.747666,55ca047e0005077422501058000a,15.63,11.5,5.0,19.08,87.84,4.18,10
2025-05-18 10:38:42.955229+00:00,70B3D57ED0045541,Hygro#55:41,Hygro,Mains of Carmyllie (LPID NO/54289/43391),56.580815,-2.747666,55cb047e000407b02245105a000b,15.63,11.5,4.0,19.68,87.73,4.19,11
2025-05-18 10:53:59.693440+00:00,70B3D57ED0045541,Hygro#55:41,Hygro,Mains of Carmyllie (LPID NO/54289/43391),56.580815,-2.747666,55c3047e000507c922481056000c,15.6,11.5,5.0,19.93,87.76,4.18,12
2025-05-18 11:09:16.413580+00:00,70B3D57ED0045541,Hygro#55:41,Hygro,Mains of Carmyllie (LPID NO/54289/43391),56.580815,-2.747666,55bc047e000407c322211058000d,15.58,11.5,4.0,19.87,87.37,4.18,13
2025-05-18 11:24:33.141841+00:00,70B3D57ED0045541,Hygro#55:41,Hygro,Mains of Carmyllie (LPID NO/54289/43391),56.580815,-2.747666,55b8047e000507dc21ec105f000e,15.56,11.5,5.0,20.12,86.84,4.19,14
2025-05-18 12:10:23.320651+00:00,70B3D57ED0045541,Hygro#55:41,Hygro,Mains of Carmyllie (LPID NO/54289/43391),56.580815,-2.747666,55ad04880005083a214810580011,15.52,11.6,5.0,21.06,85.2,4.18,17
2025-05-18 12:25:40.042386+00:00,70B3D57ED0045541,Hygro#55:41,Hygro,Mains of Carmyllie (LPID NO/54289/43391),56.580815,-2.747666,55ab04880004083120f910580012,15.51,11.6,4.0,20.97,84.41,4.18,18
2025-05-18 12:40:56.765635+00:00,70B3D57ED0045541,Hygro#55:41,Hygro,Mains of Carmyllie (LPID NO/54289/43391),56.580815,-2.747666,55b00488000508b1205510560013,15.53,11.6,5.0,22.25,82.77,4.18,19
2025-05-18 12:56:13.487011+00:00,70B3D57ED0045541,Hygro#55:41,Hygro,Mains of Carmyllie (LPID NO/54289/43391),56.580815,-2.747666,55a804880005088b1ff310560014,15.5,11.6,5.0,21.87,81.79,4.18,20
2025-05-18 13:11:30.207828+00:00,70B3D57ED0045541,Hygro#55:41,Hygro,Mains of Carmyllie (LPID NO/54289/43391),56.580815,-2.747666,55a204880004090e1f9e10560015,15.48,11.6,4.0,23.18,80.94,4.18,21
2025-05-18 13:26:46.931181+00:00,70B3D57ED0045541,Hygro#55:41,Hygro,Mains of Carmyllie (LPID NO/54289/43391),56.580815,-2.747666,55a304880005097f1f1210580016,15.48,11.6,5.0,24.31,79.54,4.18,22
2025-05-18 13:42:03.637436+00:00,70B3D57ED0045541,Hygro#55:41,Hygro,Mains of Carmyllie (LPID NO/54289/43391),56.580815,-2.747666,559f0488000409271eda10560017,15.46,11.6,4.0,23.43,78.98,4.18,23
2025-05-18 13:57:20.360395+00:00,70B3D57ED0045541,Hygro#55:41,Hygro,Mains of Carmyllie (LPID NO/54289/43391),56.580815,-2.747666,55a30488000408b11ec810560018,15.48,11.6,4.0,22.25,78.8,4.18,24
2025-05-18 14:12:37.073708+00:00,70B3D57ED0045541,Hygro#55:41,Hygro,Mains of Carmyllie (LPID NO/54289/43391),56.580815,-2.747666,559b04880004089e1ee7105a0019,15.45,11.6,4.0,22.06,79.11,4.19,25
2025-05-18 14:27:53.787826+00:00,70B3D57ED0045541,Hygro#55:41,Hygro,Mains of Carmyllie (LPID NO/54289/43391),56.580815,-2.747666,559e0488000508081eb31056001a,15.46,11.6,5.0,20.56,78.59,4.18,26
2025-05-18 14:43:10.516190+00:00,70B3D57ED0045541,Hygro#55:41,Hygro,Mains of Carmyllie (LPID NO/54289/43391),56.580815,-2.747666,55930488000507c91e9a105a001b,15.42,11.6,5.0,19.93,78.34,4.19,27
2025-05-18 14:58:27.251069+00:00,70B3D57ED0045541,Hygro#55:41,Hygro,Mains of Carmyllie (LPID NO/54289/43391),56.580815,-2.747666,559a0492000507851ec21058001c,15.44,11.7,5.0,19.25,78.74,4.18,28
2025-05-18 15:14:13.886041+00:00,70B3D57ED0045541,Hygro#55:41,Hygro,Mains of Carmyllie (LPID NO/54289/43391),56.580815,-2.747666,558f04920005074c1ed4105a001d,15.4,11.7,5.0,18.68,78.92,4.19,29
2025-05-18 15:29:30.625333+00:00,70B3D57ED0045541,Hygro#55:41,Hygro,Mains of Carmyllie (LPID NO/54289/43391),56.580815,-2.747666,558b0492000406dc1ec4105c001e,15.39,11.7,4.0,17.56,78.76,4.19,30
2025-05-18 15:44:47.350434+00:00,70B3D57ED0045541,Hygro#55:41,Hygro,Mains of Carmyllie (LPID NO/54289/43391),56.580815,-2.747666,558a0492000506b61ede1058001f,15.38,11.7,5.0,17.18,79.02,4.18,31
2025-05-18 16:00:12.891443+00:00,70B3D57ED0045541,Hygro#55:41,Hygro,Mains of Carmyllie (LPID NO/54289/43391),56.580815,-2.747666,558d0492000406331f03105c0020,15.39,11.7,4.0,15.87,79.39,4.19,32
2025-05-18 16:21:02.062579+00:00,70B3D57ED0045541,Hygro#55:41,Hygro,Mains of Carmyllie (LPID NO/54289/43391),56.580815,-2.747666,558e04920005058c20340f830000,15.4,11.7,5.0,14.2,82.44,3.97,0
2025-05-18 16:36:18.790818+00:00,70B3D57ED0045541,Hygro#55:41,Hygro,Mains of Carmyllie (LPID NO/54289/43391),56.580815,-2.747666,54400492000505b020ab10460001,14.1,11.7,5.0,14.56,83.63,4.17,1
2025-05-19 08:25:06.624763+00:00,70B3D57ED0045541,Hygro#55:41,Hygro,Mains of Carmyllie (LPID NO/54289/43391),56.580815,-2.747666,5570047e0005059121e210560000,15.28,11.5,5.0,14.25,86.74,4.18,0
2025-05-19 08:40:23.358822+00:00,70B3D57ED0045541,Hygro#55:41,Hygro,Mains of Carmyllie (LPID NO/54289/43391),56.580815,-2.747666,5467047e0004062021cc102a0001,14.25,11.5,4.0,15.68,86.52,4.14,1
2025-05-19 09:01:59.853879+00:00,70B3D57ED0045541,Hygro#55:41,Hygro,Mains of Carmyllie (LPID NO/54289/43391),56.580815,-2.747666,556c047e00042134219210370000,15.27,11.5,4.0,85.0,85.94,4.15,0
2025-05-19 09:17:16.591836+00:00,70B3D57ED0045541,Hygro#55:41,Hygro,Mains of Carmyllie (LPID NO/54289/43391),56.580815,-2.747666,544d047e000505ee21a2102a0001,14.15,11.5,5.0,15.18,86.1,4.14,1
2025-05-19 09:32:33.331236+00:00,70B3D57ED0045541,Hygro#55:41,Hygro,Mains of Carmyllie (LPID NO/54289/43391),56.580815,-2.747666,555f047e0005064621b110400002,15.22,11.5,5.0,16.06,86.25,4.16,2
2025-05-19 09:47:50.077775+00:00,70B3D57ED0045541,Hygro#55:41,Hygro,Mains of Carmyllie (LPID NO/54289/43391),56.580815,-2.747666,555d047e000406b621af10560003,15.21,11.5,4.0,17.18,86.23,4.18,3
2025-05-19 10:03:06.884355+00:00,70B3D57ED0045541,Hygro#55:41,Hygro,Mains of Carmyllie (LPID NO/54289/43391),56.580815,-2.747666,5564047e000506a1218c10540004,15.23,11.5,5.0,16.97,85.88,4.18,4
2025-05-19 10:18:23.545082+00:00,70B3D57ED0045541,Hygro#55:41,Hygro,Mains of Carmyllie (LPID NO/54289/43391),56.580815,-2.747666,555b047e000406a42162105a0005,15.2,11.5,4.0,17.0,85.46,4.19,5
2025-05-19 10:33:40.276509+00:00,70B3D57ED0045541,Hygro#55:41,Hygro,Mains of Carmyllie (LPID NO/54289/43391),56.580815,-2.747666,5559047e00040770216b10580006,15.19,11.5,4.0,19.04,85.55,4.18,6
2025-05-19 10:48:57.000081+00:00,70B3D57ED0045541,Hygro#55:41,Hygro,Mains of Carmyllie (LPID NO/54289/43391),56.580815,-2.747666,5555047e000507422136105a0007,15.18,11.5,5.0,18.58,85.02,4.19,7
2025-05-19 11:04:13.736021+00:00,70B3D57ED0045541,Hygro#55:41,Hygro,Mains of Carmyllie (LPID NO/54289/43391),56.580815,-2.747666,5555047e000506f52121105a0008,15.18,11.5,5.0,17.81,84.81,4.19,8
2025-05-19 11:19:30.460388+00:00,70B3D57ED0045541,Hygro#55:41,Hygro,Mains of Carmyllie (LPID NO/54289/43391),56.580815,-2.747666,554f047e000406dc210b10580009,15.15,11.5,4.0,17.56,84.59,4.18,9
2025-05-19 11:34:47.192550+00:00,70B3D57ED0045541,Hygro#55:41,Hygro,Mains of Carmyllie (LPID NO/54289/43391),56.580815,-2.747666,5553047e0004063320e41058000a,15.17,11.5,4.0,15.87,84.2,4.18,10
2025-05-19 11:50:03.928692+00:00,70B3D57ED0045541,Hygro#55:41,Hygro,Mains of Carmyllie (LPID NO/54289/43391),56.580815,-2.747666,554f047e000505cf20df105c000b,15.15,11.5,5.0,14.87,84.15,4.19,11
2025-05-19 12:05:20.659866+00:00,70B3D57ED0045541,Hygro#55:41,Hygro,Mains of Carmyllie (LPID NO/54289/43391),56.580815,-2.747666,5550047e000405dc20cf105a000c,15.16,11.5,4.0,15.0,83.99,4.19,12
2025-05-19 12:20:37.390342+00:00,70B3D57ED0045541,Hygro#55:41,Hygro,Mains of Carmyllie (LPID NO/54289/43391),56.580815,-2.747666,5549047e000505f520ab1058000d,15.13,11.5,5.0,15.25,83.63,4.18,13
2025-05-19 12:35:54.130177+00:00,70B3D57ED0045541,Hygro#55:41,Hygro,Mains of Carmyllie (LPID NO/54289/43391),56.580815,-2.747666,554f0479000405b420631058000e,15.15,11.45,4.0,14.6,82.91,4.18,14
2025-05-19 12:51:10.861425+00:00,70B3D57ED0045541,Hygro#55:41,Hygro,Mains of Carmyllie (LPID NO/54289/43391),56.580815,-2.747666,5545047900040601204a105c000f,15.11,11.45,4.0,15.37,82.66,4.19,15
2025-05-19 13:06:27.593879+00:00,70B3D57ED0045541,Hygro#55:41,Hygro,Mains of Carmyllie (LPID NO/54289/43391),56.580815,-2.747666,55420474000506522006105c0010,15.1,11.4,5.0,16.18,81.98,4.19,16
2025-05-19 13:21:44.320773+00:00,70B3D57ED0045541,Hygro#55:41,Hygro,Mains of Carmyllie (LPID NO/54289/43391),56.580815,-2.747666,554c04740004069d1fa6105c0011,15.14,11.4,4.0,16.93,81.02,4.19,17
2025-05-19 13:52:17.794193+00:00,70B3D57ED0045541,Hygro#55:41,Hygro,Mains of Carmyllie (LPID NO/54289/43391),56.580815,-2.747666,5542047e000505d11ff3105c0013,15.1,11.5,5.0,14.89,81.79,4.19,19
2025-05-19 14:07:34.522562+00:00,70B3D57ED0045541,Hygro#55:41,Hygro,Mains of Carmyllie (LPID NO/54289/43391),56.580815,-2.747666,5541047e000505c91fec105c0014,15.1,11.5,5.0,14.81,81.72,4.19,20
2025-05-19 14:22:51.257055+00:00,70B3D57ED0045541,Hygro#55:41,Hygro,Mains of Carmyllie (LPID NO/54289/43391),56.580815,-2.747666,553e047e000405c91ff6105f0015,15.09,11.5,4.0,14.81,81.82,4.19,21
2025-05-19 14:38:07.998762+00:00,70B3D57ED0045541,Hygro#55:41,Hygro,Mains of Carmyllie (LPID NO/54289/43391),56.580815,-2.747666,553d047e0004060e1fd7105a0016,15.08,11.5,4.0,15.5,81.51,4.19,22
2025-05-19 14:53:24.730264+00:00,70B3D57ED0045541,Hygro#55:41,Hygro,Mains of Carmyllie (LPID NO/54289/43391),56.580815,-2.747666,553e047e000406561fc7105a0017,15.09,11.5,4.0,16.22,81.35,4.19,23
2025-05-19 15:08:41.461350+00:00,70B3D57ED0045541,Hygro#55:41,Hygro,Mains of Carmyllie (LPID NO/54289/43391),56.580815,-2.747666,553d047e0004066b1f4c105a0018,15.08,11.5,4.0,16.43,80.12,4.19,24
2025-05-19 15:23:58.194020+00:00,70B3D57ED0045541,Hygro#55:41,Hygro,Mains of Carmyllie (LPID NO/54289/43391),56.580815,-2.747666,5539047e000406331f38105c0019,15.07,11.5,4.0,15.87,79.92,4.19,25
2025-05-19 15:39:14.938690+00:00,70B3D57ED0045541,Hygro#55:41,Hygro,Mains of Carmyllie (LPID NO/54289/43391),56.580815,-2.747666,5532047e000506141f64105c001a,15.04,11.5,5.0,15.56,80.36,4.19,26
2025-05-19 15:54:31.660843+00:00,70B3D57ED0045541,Hygro#55:41,Hygro,Mains of Carmyllie (LPID NO/54289/43391),56.580815,-2.747666,5538047e000405e01fa0105c001b,15.06,11.5,4.0,15.04,80.96,4.19,27
2025-05-19 16:09:48.400930+00:00,70B3D57ED0045541,Hygro#55:41,Hygro,Mains of Carmyllie (LPID NO/54289/43391),56.580815,-2.747666,5530047e0004055c1fbb105f001c,15.03,11.5,4.0,13.72,81.23,4.19,28
2025-05-20 08:44:52.938025+00:00,70B3D57ED0045541,Hygro#55:41,Hygro,Mains of Carmyllie (LPID NO/54289/43391),56.580815,-2.747666,5519046a0005074622d410280000,14.94,11.3,5.0,18.62,89.16,4.14,0
2025-05-20 09:00:09.659144+00:00,70B3D57ED0045541,Hygro#55:41,Hygro,Mains of Carmyllie (LPID NO/54289/43391),56.580815,-2.747666,5514046a0004078522e5102c0001,14.92,11.3,4.0,19.25,89.33,4.14,1
2025-05-20 09:15:26.394519+00:00,70B3D57ED0045541,Hygro#55:41,Hygro,Mains of Carmyllie (LPID NO/54289/43391),56.580815,-2.747666,551a046a000407fb22a9103e0002,14.95,11.3,4.0,20.43,88.73,4.16,2
2025-05-20 09:30:43.117173+00:00,70B3D57ED0045541,Hygro#55:41,Hygro,Mains of Carmyllie (LPID NO/54289/43391),56.580815,-2.747666,5517046a000408c322e410390003,14.94,11.3,4.0,22.43,89.32,4.15,3
2025-05-20 09:46:17.413422+00:00,70B3D57ED0045541,Hygro#55:41,Hygro,Mains of Carmyllie (LPID NO/54289/43391),56.580815,-2.747666,550f04670004092e22cf10420004,14.91,11.27,4.0,23.5,89.11,4.16,4
2025-05-20 10:01:34.125713+00:00,70B3D57ED0045541,Hygro#55:41,Hygro,Mains of Carmyllie (LPID NO/54289/43391),56.580815,-2.747666,550c046000040953223710330005,14.89,11.2,4.0,23.87,87.59,4.15,5
2025-05-20 10:16:50.844878+00:00,70B3D57ED0045541,Hygro#55:41,Hygro,Mains of Carmyllie (LPID NO/54289/43391),56.580815,-2.747666,550904600004099821f9104f0006,14.88,11.2,4.0,24.56,86.97,4.17,6
2025-05-20 10:32:07.551098+00:00,70B3D57ED0045541,Hygro#55:41,Hygro,Mains of Carmyllie (LPID NO/54289/43391),56.580815,-2.747666,5502046000040a0f21cf104d0007,14.85,11.2,4.0,25.75,86.55,4.17,7
2025-05-20 10:47:24.269519+00:00,70B3D57ED0045541,Hygro#55:41,Hygro,Mains of Carmyllie (LPID NO/54289/43391),56.580815,-2.747666,5507046000040a41211a104f0008,14.87,11.2,4.0,26.25,84.74,4.17,8
2025-05-20 11:02:40.971852+00:00,70B3D57ED0045541,Hygro#55:41,Hygro,Mains of Carmyllie (LPID NO/54289/43391),56.580815,-2.747666,54fe046000040aa220bb104f0009,14.84,11.2,4.0,27.22,83.79,4.17,9
2025-05-20 11:17:57.687016+00:00,70B3D57ED0045541,Hygro#55:41,Hygro,Mains of Carmyllie (LPID NO/54289/43391),56.580815,-2.747666,54fd0460000309721f221051000a,14.84,11.2,3.0,24.18,79.7,4.18,10
2025-05-20 11:33:14.406945+00:00,70B3D57ED0045541,Hygro#55:41,Hygro,Mains of Carmyllie (LPID NO/54289/43391),56.580815,-2.747666,54f80460000408781ee41054000b,14.82,11.2,4.0,21.68,79.08,4.18,11
2025-05-20 11:48:31.135752+00:00,70B3D57ED0045541,Hygro#55:41,Hygro,Mains of Carmyllie (LPID NO/54289/43391),56.580815,-2.747666,54fa046a000408081f081054000c,14.82,11.3,4.0,20.56,79.44,4.18,12
2025-05-20 12:03:47.851673+00:00,70B3D57ED0045541,Hygro#55:41,Hygro,Mains of Carmyllie (LPID NO/54289/43391),56.580815,-2.747666,54f3046a0004082d1ed71056000d,14.8,11.3,4.0,20.93,78.95,4.18,13
2025-05-20 12:19:04.567162+00:00,70B3D57ED0045541,Hygro#55:41,Hygro,Mains of Carmyllie (LPID NO/54289/43391),56.580815,-2.747666,54ef046a000408381e9a1056000e,14.78,11.3,4.0,21.04,78.34,4.18,14
2025-05-20 12:34:21.279187+00:00,70B3D57ED0045541,Hygro#55:41,Hygro,Mains of Carmyllie (LPID NO/54289/43391),56.580815,-2.747666,54ec046a0004085d1e611058000f,14.77,11.3,4.0,21.41,77.77,4.18,15
2025-05-20 12:49:37.994308+00:00,70B3D57ED0045541,Hygro#55:41,Hygro,Mains of Carmyllie (LPID NO/54289/43391),56.580815,-2.747666,54ea046a0004087f1e3910580010,14.76,11.3,4.0,21.75,77.37,4.18,16
2025-05-20 13:04:54.708827+00:00,70B3D57ED0045541,Hygro#55:41,Hygro,Mains of Carmyllie (LPID NO/54289/43391),56.580815,-2.747666,54e6046a000308851e2310580011,14.75,11.3,3.0,21.81,77.15,4.18,17
2025-05-20 13:20:11.419576+00:00,70B3D57ED0045541,Hygro#55:41,Hygro,Mains of Carmyllie (LPID NO/54289/43391),56.580815,-2.747666,54e7046a000508271dd0105a0012,14.75,11.3,5.0,20.87,76.32,4.19,18
2025-05-20 13:35:28.137456+00:00,70B3D57ED0045541,Hygro#55:41,Hygro,Mains of Carmyllie (LPID NO/54289/43391),56.580815,-2.747666,54e9046a0004080e1dfe105a0013,14.76,11.3,4.0,20.62,76.78,4.19,19
2025-05-20 13:50:44.850559+00:00,70B3D57ED0045541,Hygro#55:41,Hygro,Mains of Carmyllie (LPID NO/54289/43391),56.580815,-2.747666,54df046a000408251e1010580014,14.72,11.3,4.0,20.85,76.96,4.18,20
2025-05-20 14:06:03.330471+00:00,70B3D57ED0045541,Hygro#55:41,Hygro,Mains of Carmyllie (LPID NO/54289/43391),56.580815,-2.747666,54dd046a0004083a1e2d105a0015,14.71,11.3,4.0,21.06,77.25,4.19,21
2025-05-20 14:21:20.045387+00:00,70B3D57ED0045541,Hygro#55:41,Hygro,Mains of Carmyllie (LPID NO/54289/43391),56.580815,-2.747666,54e404740005084d1e0910560016,14.74,11.4,5.0,21.25,76.89,4.18,22
2025-05-20 14:36:36.752341+00:00,70B3D57ED0045541,Hygro#55:41,Hygro,Mains of Carmyllie (LPID NO/54289/43391),56.580815,-2.747666,54e304740003085f1dbb10560017,14.73,11.4,3.0,21.43,76.11,4.18,23
2025-05-20 14:51:53.469720+00:00,70B3D57ED0045541,Hygro#55:41,Hygro,Mains of Carmyllie (LPID NO/54289/43391),56.580815,-2.747666,54dc0474000408401d7110560018,14.71,11.4,4.0,21.12,75.37,4.18,24
2025-05-20 15:07:10.176421+00:00,70B3D57ED0045541,Hygro#55:41,Hygro,Mains of Carmyllie (LPID NO/54289/43391),56.580815,-2.747666,54d40474000407ef1d2610580019,14.68,11.4,4.0,20.31,74.62,4.18,25
2025-05-20 15:22:26.893513+00:00,70B3D57ED0045541,Hygro#55:41,Hygro,Mains of Carmyllie (LPID NO/54289/43391),56.580815,-2.747666,54d90474000407fb1d021056001a,14.7,11.4,4.0,20.43,74.26,4.18,26
2025-05-20 15:37:43.615601+00:00,70B3D57ED0045541,Hygro#55:41,Hygro,Mains of Carmyllie (LPID NO/54289/43391),56.580815,-2.747666,54d7047e000407f11ce81058001b,14.69,11.5,4.0,20.33,74.0,4.18,27
2025-05-20 15:53:00.327805+00:00,70B3D57ED0045541,Hygro#55:41,Hygro,Mains of Carmyllie (LPID NO/54289/43391),56.580815,-2.747666,54d6047e000407d01ce3105a001c,14.68,11.5,4.0,20.0,73.95,4.19,28
2025-05-20 16:08:17.051346+00:00,70B3D57ED0045541,Hygro#55:41,Hygro,Mains of Carmyllie (LPID NO/54289/43391),56.580815,-2.747666,54d3047e000307721cbd1058001d,14.67,11.5,3.0,19.06,73.57,4.18,29
2025-05-21 08:28:59.845127+00:00,70B3D57ED0045541,Hygro#55:41,Hygro,Mains of Carmyllie (LPID NO/54289/43391),56.580815,-2.747666,54b4047e00040716217e10330000,14.55,11.5,4.0,18.14,85.74,4.15,0
2025-05-21 08:44:16.570875+00:00,70B3D57ED0045541,Hygro#55:41,Hygro,Mains of Carmyllie (LPID NO/54289/43391),56.580815,-2.747666,54b4047e00040759219010300001,14.55,11.5,4.0,18.81,85.92,4.14,1
2025-05-21 08:59:33.294101+00:00,70B3D57ED0045541,Hygro#55:41,Hygro,Mains of Carmyllie (LPID NO/54289/43391),56.580815,-2.747666,54b8047e00040785214810350002,14.57,11.5,4.0,19.25,85.2,4.15,2
2025-05-21 09:14:50.023406+00:00,70B3D57ED0045541,Hygro#55:41,Hygro,Mains of Carmyllie (LPID NO/54289/43391),56.580815,-2.747666,54b0047e000407e2213310390003,14.54,11.5,4.0,20.18,84.99,4.15,3
2025-05-21 09:30:06.735749+00:00,70B3D57ED0045541,Hygro#55:41,Hygro,Mains of Carmyllie (LPID NO/54289/43391),56.580815,-2.747666,54ac047e000407fd212710400004,14.52,11.5,4.0,20.45,84.87,4.16,4
2025-05-21 09:45:23.454063+00:00,70B3D57ED0045541,Hygro#55:41,Hygro,Mains of Carmyllie (LPID NO/54289/43391),56.580815,-2.747666,54ae047e0004082720db104f0005,14.53,11.5,4.0,20.87,84.11,4.17,5
2025-05-21 10:00:40.174677+00:00,70B3D57ED0045541,Hygro#55:41,Hygro,Mains of Carmyllie (LPID NO/54289/43391),56.580815,-2.747666,54b0047e0003081b206610510006,14.54,11.5,3.0,20.75,82.94,4.18,6
2025-05-21 10:15:56.891461+00:00,70B3D57ED0045541,Hygro#55:41,Hygro,Mains of Carmyllie (LPID NO/54289/43391),56.580815,-2.747666,54a9047e000307b7202910560007,14.51,11.5,3.0,19.75,82.33,4.18,7
2025-05-21 10:31:13.613292+00:00,70B3D57ED0045541,Hygro#55:41,Hygro,Mains of Carmyllie (LPID NO/54289/43391),56.580815,-2.747666,54a7047e000407b0200710540008,14.5,11.5,4.0,19.68,81.99,4.18,8
2025-05-21 10:46:30.336888+00:00,70B3D57ED0045541,Hygro#55:41,Hygro,Mains of Carmyllie (LPID NO/54289/43391),56.580815,-2.747666,54a8047e0004079e1fec10540009,14.51,11.5,4.0,19.5,81.72,4.18,9
2025-05-21 11:01:47.052082+00:00,70B3D57ED0045541,Hygro#55:41,Hygro,Mains of Carmyllie (LPID NO/54289/43391),56.580815,-2.747666,54a6047e000407aa1fd51058000a,14.5,11.5,4.0,19.62,81.49,4.18,10
2025-05-21 11:17:03.780500+00:00,70B3D57ED0045541,Hygro#55:41,Hygro,Mains of Carmyllie (LPID NO/54289/43391),56.580815,-2.747666,54a1047e0003074c1fb61058000b,14.48,11.5,3.0,18.68,81.18,4.18,11
2025-05-21 11:32:22.261816+00:00,70B3D57ED0045541,Hygro#55:41,Hygro,Mains of Carmyllie (LPID NO/54289/43391),56.580815,-2.747666,54a0047e000307011f94105a000c,14.47,11.5,3.0,17.93,80.84,4.19,12
2025-05-21 11:47:38.987632+00:00,70B3D57ED0045541,Hygro#55:41,Hygro,Mains of Carmyllie (LPID NO/54289/43391),56.580815,-2.747666,549c047e000406f51f651056000d,14.46,11.5,4.0,17.81,80.37,4.18,13
2025-05-21 12:02:55.717459+00:00,70B3D57ED0045541,Hygro#55:41,Hygro,Mains of Carmyllie (LPID NO/54289/43391),56.580815,-2.747666,5496047e000306f11f261058000e,14.44,11.5,3.0,17.77,79.74,4.18,14
2025-05-21 12:18:12.449865+00:00,70B3D57ED0045541,Hygro#55:41,Hygro,Mains of Carmyllie (LPID NO/54289/43391),56.580815,-2.747666,5497047e000306ef1ee1105a000f,14.44,11.5,3.0,17.75,79.05,4.19,15
2025-05-21 12:33:29.171679+00:00,70B3D57ED0045541,Hygro#55:41,Hygro,Mains of Carmyllie (LPID NO/54289/43391),56.580815,-2.747666,549b047e000406c51e8c105c0010,14.46,11.5,4.0,17.33,78.2,4.19,16
2025-05-21 12:48:45.892771+00:00,70B3D57ED0045541,Hygro#55:41,Hygro,Mains of Carmyllie (LPID NO/54289/43391),56.580815,-2.747666,5495047e000406cf1e4e105c0011,14.43,11.5,4.0,17.43,77.58,4.19,17
2025-05-21 13:04:02.625503+00:00,70B3D57ED0045541,Hygro#55:41,Hygro,Mains of Carmyllie (LPID NO/54289/43391),56.580815,-2.747666,5498047e000306c31e3310580012,14.44,11.5,3.0,17.31,77.31,4.18,18
2025-05-21 13:19:19.343721+00:00,70B3D57ED0045541,Hygro#55:41,Hygro,Mains of Carmyllie (LPID NO/54289/43391),56.580815,-2.747666,5492047e000306d61e0010580013,14.42,11.5,3.0,17.5,76.8,4.18,19
2025-05-21 13:34:43.110857+00:00,70B3D57ED0045541,Hygro#55:41,Hygro,Mains of Carmyllie (LPID NO/54289/43391),56.580815,-2.747666,548e047e000406781de910580014,14.4,11.5,4.0,16.56,76.57,4.18,20
2025-05-21 13:49:59.827128+00:00,70B3D57ED0045541,Hygro#55:41,Hygro,Mains of Carmyllie (LPID NO/54289/43391),56.580815,-2.747666,548e047e0004069d1da8105a0015,14.4,11.5,4.0,16.93,75.92,4.19,21
2025-05-21 14:05:16.554693+00:00,70B3D57ED0045541,Hygro#55:41,Hygro,Mains of Carmyllie (LPID NO/54289/43391),56.580815,-2.747666,548c047e000306721da8105c0016,14.4,11.5,3.0,16.5,75.92,4.19,22
2025-05-21 14:20:33.284471+00:00,70B3D57ED0045541,Hygro#55:41,Hygro,Mains of Carmyllie (LPID NO/54289/43391),56.580815,-2.747666,548a04880003065d1dc5105f0017,14.39,11.6,3.0,16.29,76.21,4.19,23
2025-05-21 14:35:50.003199+00:00,70B3D57ED0045541,Hygro#55:41,Hygro,Mains of Carmyllie (LPID NO/54289/43391),56.580815,-2.747666,54890488000406521dbd10580018,14.39,11.6,4.0,16.18,76.13,4.18,24
2025-05-21 14:51:06.743389+00:00,70B3D57ED0045541,Hygro#55:41,Hygro,Mains of Carmyllie (LPID NO/54289/43391),56.580815,-2.747666,54890488000406391dea10580019,14.39,11.6,4.0,15.93,76.58,4.18,25
2025-05-21 15:06:23.477952+00:00,70B3D57ED0045541,Hygro#55:41,Hygro,Mains of Carmyllie (LPID NO/54289/43391),56.580815,-2.747666,548c0488000305fd1dd8105a001a,14.4,11.6,3.0,15.33,76.4,4.19,26
2025-05-21 15:21:41.967857+00:00,70B3D57ED0045541,Hygro#55:41,Hygro,Mains of Carmyllie (LPID NO/54289/43391),56.580815,-2.747666,54840488000406091e0d105a001b,14.37,11.6,4.0,15.45,76.93,4.19,27
2025-05-21 15:36:58.695854+00:00,70B3D57ED0045541,Hygro#55:41,Hygro,Mains of Carmyllie (LPID NO/54289/43391),56.580815,-2.747666,54850488000405d51df8105c001c,14.37,11.6,4.0,14.93,76.72,4.19,28
2025-05-21 15:52:15.439482+00:00,70B3D57ED0045541,Hygro#55:41,Hygro,Mains of Carmyllie (LPID NO/54289/43391),56.580815,-2.747666,54870488000305b61e0a105a001d,14.38,11.6,3.0,14.62,76.9,4.19,29
2025-05-21 16:07:33.934870+00:00,70B3D57ED0045541,Hygro#55:41,Hygro,Mains of Carmyllie (LPID NO/54289/43391),56.580815,-2.747666,54860488000405931e02105c001e,14.37,11.6,4.0,14.27,76.82,4.19,30
2025-05-22 08:15:26.247391+00:00,70B3D57ED0045541,Hygro#55:41,Hygro,Mains of Carmyllie (LPID NO/54289/43391),56.580815,-2.747666,546b047400030571203c10370000,14.27,11.4,3.0,13.93,82.52,4.15,0
2025-05-22 08:30:42.994283+00:00,70B3D57ED0045541,Hygro#55:41,Hygro,Mains of Carmyllie (LPID NO/54289/43391),56.580815,-2.747666,546c0474000405c7207710490001,14.27,11.4,4.0,14.79,83.11,4.17,1
2025-05-22 08:45:59.745807+00:00,70B3D57ED0045541,Hygro#55:41,Hygro,Mains of Carmyllie (LPID NO/54289/43391),56.580815,-2.747666,546804740003061e204410560002,14.26,11.4,3.0,15.66,82.6,4.18,2
2025-05-22 09:01:16.476914+00:00,70B3D57ED0045541,Hygro#55:41,Hygro,Mains of Carmyllie (LPID NO/54289/43391),56.580815,-2.747666,5467046f0004062d2028105a0003,14.25,11.35,4.0,15.81,82.32,4.19,3
2025-05-22 09:16:33.213179+00:00,70B3D57ED0045541,Hygro#55:41,Hygro,Mains of Carmyllie (LPID NO/54289/43391),56.580815,-2.747666,5467046a000405a5201910560004,14.25,11.3,4.0,14.45,82.17,4.18,4
2025-05-22 09:31:49.947163+00:00,70B3D57ED0045541,Hygro#55:41,Hygro,Mains of Carmyllie (LPID NO/54289/43391),56.580815,-2.747666,5464046a00030778206410560005,14.24,11.3,3.0,19.12,82.92,4.18,5
2025-05-22 09:52:13.207040+00:00,70B3D57ED0045541,Hygro#55:41,Hygro,Mains of Carmyllie (LPID NO/54289/43391),56.580815,-2.747666,5462046a0003062d1f6110560000,14.23,11.3,3.0,15.81,80.33,4.18,0
2025-05-22 10:07:29.938024+00:00,70B3D57ED0045541,Hygro#55:41,Hygro,Mains of Carmyllie (LPID NO/54289/43391),56.580815,-2.747666,53a3046a0004078b1fd5102e0001,13.49,11.3,4.0,19.31,81.49,4.14,1
2025-05-22 10:24:52.658502+00:00,70B3D57ED0045541,Hygro#55:41,Hygro,Mains of Carmyllie (LPID NO/54289/43391),56.580815,-2.747666,5464046a000307501f6a10560000,14.24,11.3,3.0,18.72,80.42,4.18,0
2025-05-22 10:58:45.593974+00:00,70B3D57ED0045541,Hygro#55:41,Hygro,Mains of Carmyllie (LPID NO/54289/43391),56.580815,-2.747666,545a046a000308421f8a10580001,14.2,11.3,3.0,21.14,80.74,4.18,1
2025-05-22 12:00:01.856865+00:00,70B3D57ED0045541,Hygro#55:41,Hygro,Mains of Carmyllie (LPID NO/54289/43391),56.580815,-2.747666,53cb046a000306911e90102c0000,13.65,11.3,3.0,16.81,78.24,4.14,0
2025-05-22 12:15:18.581054+00:00,70B3D57ED0045541,Hygro#55:41,Hygro,Mains of Carmyllie (LPID NO/54289/43391),56.580815,-2.747666,5454046a0003083a1e7510560001,14.18,11.3,3.0,21.06,77.97,4.18,1
2025-05-22 12:30:35.300398+00:00,70B3D57ED0045541,Hygro#55:41,Hygro,Mains of Carmyllie (LPID NO/54289/43391),56.580815,-2.747666,5451046a000407591e2d10560002,14.17,11.3,4.0,18.81,77.25,4.18,2
2025-05-22 12:45:52.031905+00:00,70B3D57ED0045541,Hygro#55:41,Hygro,Mains of Carmyllie (LPID NO/54289/43391),56.580815,-2.747666,5451046a000207b21e3f10560003,14.17,11.3,2.0,19.7,77.43,4.18,3
2025-05-22 13:01:08.741286+00:00,70B3D57ED0045541,Hygro#55:41,Hygro,Mains of Carmyllie (LPID NO/54289/43391),56.580815,-2.747666,544c046a000307ef1e1410560004,14.15,11.3,3.0,20.31,77.0,4.18,4
2025-05-22 13:16:25.463885+00:00,70B3D57ED0045541,Hygro#55:41,Hygro,Mains of Carmyllie (LPID NO/54289/43391),56.580815,-2.747666,544d046a000308781d7c10540005,14.15,11.3,3.0,21.68,75.48,4.18,5
2025-05-22 13:31:42.171585+00:00,70B3D57ED0045541,Hygro#55:41,Hygro,Mains of Carmyllie (LPID NO/54289/43391),56.580815,-2.747666,544c046a000508f11d4110560006,14.15,11.3,5.0,22.89,74.89,4.18,6
2025-05-22 13:51:44.523274+00:00,70B3D57ED0045541,Hygro#55:41,Hygro,Mains of Carmyllie (LPID NO/54289/43391),56.580815,-2.747666,538b046a0004068d1cda10490000,13.4,11.3,4.0,16.77,73.86,4.17,0
2025-05-22 14:07:02.999233+00:00,70B3D57ED0045541,Hygro#55:41,Hygro,Mains of Carmyllie (LPID NO/54289/43391),56.580815,-2.747666,5446046a000306421de110580001,14.13,11.3,3.0,16.02,76.49,4.18,1
2025-05-22 14:22:19.728857+00:00,70B3D57ED0045541,Hygro#55:41,Hygro,Mains of Carmyllie (LPID NO/54289/43391),56.580815,-2.747666,5443046a0003070e1dcc10580002,14.11,11.3,3.0,18.06,76.28,4.18,2
2025-05-22 14:39:32.517017+00:00,70B3D57ED0045541,Hygro#55:41,Hygro,Mains of Carmyllie (LPID NO/54289/43391),56.580815,-2.747666,4dc7046a000306141d5410490000,7.67,11.3,3.0,15.56,75.08,4.17,0
2025-05-22 14:54:49.241016+00:00,70B3D57ED0045541,Hygro#55:41,Hygro,Mains of Carmyllie (LPID NO/54289/43391),56.580815,-2.747666,543f046a0004068b1de6105c0001,14.1,11.3,4.0,16.75,76.54,4.19,1
2025-05-22 15:21:07.042129+00:00,70B3D57ED0045541,Hygro#55:41,Hygro,Mains of Carmyllie (LPID NO/54289/43391),56.580815,-2.747666,531b046a000405261e31105a0000,12.97,11.3,4.0,13.18,77.29,4.19,0
2025-05-22 16:12:56.672643+00:00,70B3D57ED0045541,Hygro#55:41,Hygro,Mains of Carmyllie (LPID NO/54289/43391),56.580815,-2.747666,54180474000305781dad10510001,13.95,11.4,3.0,14.0,75.97,4.18,1
2025-05-23 09:21:04.418773+00:00,70B3D57ED0045541,Hygro#55:41,Hygro,Mains of Carmyllie (LPID NO/54289/43391),56.580815,-2.747666,542e044c000305391fc010280000,14.03,11.0,3.0,13.37,81.28,4.14,0
2025-05-23 10:48:08.310179+00:00,70B3D57ED0045541,Hygro#55:41,Hygro,Mains of Carmyllie (LPID NO/54289/43391),56.580815,-2.747666,538c0442000306bd1fa510300001,13.4,10.9,3.0,17.25,81.01,4.14,1
2025-05-23 11:03:25.029817+00:00,70B3D57ED0045541,Hygro#55:41,Hygro,Mains of Carmyllie (LPID NO/54289/43391),56.580815,-2.747666,54280442000307ed1fff104f0002,14.01,10.9,3.0,20.29,81.91,4.17,2
2025-05-23 11:18:41.752210+00:00,70B3D57ED0045541,Hygro#55:41,Hygro,Mains of Carmyllie (LPID NO/54289/43391),56.580815,-2.747666,54280442000307911f8010540003,14.01,10.9,3.0,19.37,80.64,4.18,3
2025-05-23 11:33:58.473059+00:00,70B3D57ED0045541,Hygro#55:41,Hygro,Mains of Carmyllie (LPID NO/54289/43391),56.580815,-2.747666,542604420003082d1f4c10510004,14.0,10.9,3.0,20.93,80.12,4.18,4
2025-05-23 11:49:15.177347+00:00,70B3D57ED0045541,Hygro#55:41,Hygro,Mains of Carmyllie (LPID NO/54289/43391),56.580815,-2.747666,542304420003080e1ef410540005,13.99,10.9,3.0,20.62,79.24,4.18,5
2025-05-23 12:04:31.893333+00:00,70B3D57ED0045541,Hygro#55:41,Hygro,Mains of Carmyllie (LPID NO/54289/43391),56.580815,-2.747666,54200442000307c31e85104f0006,13.98,10.9,3.0,19.87,78.13,4.17,6
2025-05-23 12:19:48.622406+00:00,70B3D57ED0045541,Hygro#55:41,Hygro,Mains of Carmyllie (LPID NO/54289/43391),56.580815,-2.747666,53af0442000306aa1dd510250007,13.54,10.9,3.0,17.06,76.37,4.13,7
2025-05-23 12:35:05.348943+00:00,70B3D57ED0045541,Hygro#55:41,Hygro,Mains of Carmyllie (LPID NO/54289/43391),56.580815,-2.747666,541e04420003063b1e2d10580008,13.97,10.9,3.0,15.95,77.25,4.18,8
2025-05-23 12:50:22.073528+00:00,70B3D57ED0045541,Hygro#55:41,Hygro,Mains of Carmyllie (LPID NO/54289/43391),56.580815,-2.747666,54210442000306cf1dee10560009,13.98,10.9,3.0,17.43,76.62,4.18,9
2025-05-23 13:05:38.799699+00:00,70B3D57ED0045541,Hygro#55:41,Hygro,Mains of Carmyllie (LPID NO/54289/43391),56.580815,-2.747666,54190442000306911d761058000a,13.95,10.9,3.0,16.81,75.42,4.18,10
2025-05-23 13:36:12.252914+00:00,70B3D57ED0045541,Hygro#55:41,Hygro,Mains of Carmyllie (LPID NO/54289/43391),56.580815,-2.747666,54170442000306651d521058000c,13.94,10.9,3.0,16.37,75.06,4.18,12
2025-05-23 13:51:28.985391+00:00,70B3D57ED0045541,Hygro#55:41,Hygro,Mains of Carmyllie (LPID NO/54289/43391),56.580815,-2.747666,54160442000306011d501058000d,13.94,10.9,3.0,15.37,75.04,4.18,13
2025-05-23 14:06:45.715528+00:00,70B3D57ED0045541,Hygro#55:41,Hygro,Mains of Carmyllie (LPID NO/54289/43391),56.580815,-2.747666,541304420003061a1d54105a000e,13.93,10.9,3.0,15.62,75.08,4.19,14
2025-05-23 14:22:02.443568+00:00,70B3D57ED0045541,Hygro#55:41,Hygro,Mains of Carmyllie (LPID NO/54289/43391),56.580815,-2.747666,54130442000305f51d59105a000f,13.93,10.9,3.0,15.25,75.13,4.19,15
2025-05-23 14:37:19.184314+00:00,70B3D57ED0045541,Hygro#55:41,Hygro,Mains of Carmyllie (LPID NO/54289/43391),56.580815,-2.747666,54130442000306201d5610580010,13.93,10.9,3.0,15.68,75.1,4.18,16
2025-05-23 14:52:35.915441+00:00,70B3D57ED0045541,Hygro#55:41,Hygro,Mains of Carmyllie (LPID NO/54289/43391),56.580815,-2.747666,51040442000305b01d7210350011,10.89,10.9,3.0,14.56,75.38,4.15,17
2025-05-24 08:59:06.542176+00:00,70B3D57ED0045541,Hygro#55:41,Hygro,Mains of Carmyllie (LPID NO/54289/43391),56.580815,-2.747666,524f044c000306332424101d0000,12.17,11.0,3.0,15.87,92.52,4.12,0
2025-05-24 10:22:37.399155+00:00,70B3D57ED0045541,Hygro#55:41,Hygro,Mains of Carmyllie (LPID NO/54289/43391),56.580815,-2.747666,540a044c00030791255510230001,13.89,11.0,3.0,19.37,95.57,4.13,1
2025-05-24 10:42:03.705752+00:00,70B3D57ED0045541,Hygro#55:41,Hygro,Mains of Carmyllie (LPID NO/54289/43391),56.580815,-2.747666,5408044c0003076c24dc104f0000,13.89,11.0,3.0,19.0,94.36,4.17,0
2025-05-24 11:40:49.967230+00:00,70B3D57ED0045541,Hygro#55:41,Hygro,Mains of Carmyllie (LPID NO/54289/43391),56.580815,-2.747666,540504560003086e24d5104f0001,13.87,11.1,3.0,21.58,94.29,4.17,1
2025-05-24 12:15:00.163387+00:00,70B3D57ED0045541,Hygro#55:41,Hygro,Mains of Carmyllie (LPID NO/54289/43391),56.580815,-2.747666,5403045600030718242910490000,13.87,11.1,3.0,18.16,92.57,4.17,0
2025-05-24 13:17:23.464916+00:00,70B3D57ED0045541,Hygro#55:41,Hygro,Mains of Carmyllie (LPID NO/54289/43391),56.580815,-2.747666,540304560003088b23b010370001,13.87,11.1,3.0,21.87,91.36,4.15,1
2025-05-24 13:34:13.595274+00:00,70B3D57ED0045541,Hygro#55:41,Hygro,Mains of Carmyllie (LPID NO/54289/43391),56.580815,-2.747666,54000456000307c3231510540000,13.85,11.1,3.0,19.87,89.81,4.18,0
2025-05-24 13:49:30.313414+00:00,70B3D57ED0045541,Hygro#55:41,Hygro,Mains of Carmyllie (LPID NO/54289/43391),56.580815,-2.747666,53ff04560003083a22e310510001,13.85,11.1,3.0,21.06,89.31,4.18,1
2025-05-24 14:04:47.044278+00:00,70B3D57ED0045541,Hygro#55:41,Hygro,Mains of Carmyllie (LPID NO/54289/43391),56.580815,-2.747666,4ba704560003081f228c102a0002,5.56,11.1,3.0,20.79,88.44,4.14,2
2025-05-24 14:20:03.764471+00:00,70B3D57ED0045541,Hygro#55:41,Hygro,Mains of Carmyllie (LPID NO/54289/43391),56.580815,-2.747666,53fe045600040840232810540003,13.85,11.1,4.0,21.12,90.0,4.18,3
2025-05-24 14:44:26.456269+00:00,70B3D57ED0045541,Hygro#55:41,Hygro,Mains of Carmyllie (LPID NO/54289/43391),56.580815,-2.747666,52660460000307bd22af10230000,12.26,11.2,3.0,19.81,88.79,4.13,0
2025-05-24 14:59:43.171702+00:00,70B3D57ED0045541,Hygro#55:41,Hygro,Mains of Carmyllie (LPID NO/54289/43391),56.580815,-2.747666,53fb0460000308f7221e10510001,13.83,11.2,3.0,22.95,87.34,4.18,1
2025-05-24 15:16:33.311966+00:00,70B3D57ED0045541,Hygro#55:41,Hygro,Mains of Carmyllie (LPID NO/54289/43391),56.580815,-2.747666,50790460000308d6221710490000,10.35,11.2,3.0,22.62,87.27,4.17,0
2025-05-24 15:31:50.040535+00:00,70B3D57ED0045541,Hygro#55:41,Hygro,Mains of Carmyllie (LPID NO/54289/43391),56.580815,-2.747666,53fc046000040966219f10540001,13.84,11.2,4.0,24.06,86.07,4.18,1
2025-05-24 15:47:06.766035+00:00,70B3D57ED0045541,Hygro#55:41,Hygro,Mains of Carmyllie (LPID NO/54289/43391),56.580815,-2.747666,53fb0460000308aa21d010560002,13.83,11.2,3.0,22.18,86.56,4.18,2
2025-05-24 16:02:23.487069+00:00,70B3D57ED0045541,Hygro#55:41,Hygro,Mains of Carmyllie (LPID NO/54289/43391),56.580815,-2.747666,53fc046a000308aa210810440003,13.84,11.3,3.0,22.18,84.56,4.16,3
2025-05-24 16:20:53.892137+00:00,70B3D57ED0045541,Hygro#55:41,Hygro,Mains of Carmyllie (LPID NO/54289/43391),56.580815,-2.747666,53f9046a000307aa21b010560000,13.83,11.3,3.0,19.62,86.24,4.18,0
2025-05-25 07:56:17.564867+00:00,70B3D57ED0045541,Hygro#55:41,Hygro,Mains of Carmyllie (LPID NO/54289/43391),56.580815,-2.747666,53f304a6000304cf261f103b0001,13.8,11.9,3.0,12.31,97.59,4.16,1
2025-05-25 08:11:34.312811+00:00,70B3D57ED0045541,Hygro#55:41,Hygro,Mains of Carmyllie (LPID NO/54289/43391),56.580815,-2.747666,53f504a60003056526b710510002,13.81,11.9,3.0,13.81,99.11,4.18,2
2025-05-25 08:26:51.054167+00:00,70B3D57ED0045541,Hygro#55:41,Hygro,Mains of Carmyllie (LPID NO/54289/43391),56.580815,-2.747666,53f304a600030571265710560003,13.8,11.9,3.0,13.93,98.15,4.18,3
2025-05-25 08:45:56.456134+00:00,70B3D57ED0045541,Hygro#55:41,Hygro,Mains of Carmyllie (LPID NO/54289/43391),56.580815,-2.747666,53ef04a60003051a257b10560000,13.79,11.9,3.0,13.06,95.95,4.18,0
2025-05-25 09:01:13.201381+00:00,70B3D57ED0045541,Hygro#55:41,Hygro,Mains of Carmyllie (LPID NO/54289/43391),56.580815,-2.747666,53f504a6000305ba25f810490001,13.81,11.9,3.0,14.66,97.2,4.17,1
2025-05-25 09:16:29.946499+00:00,70B3D57ED0045541,Hygro#55:41,Hygro,Mains of Carmyllie (LPID NO/54289/43391),56.580815,-2.747666,53f104a6000305cf25c810330002,13.8,11.9,3.0,14.87,96.72,4.15,2
2025-05-25 09:31:46.682511+00:00,70B3D57ED0045541,Hygro#55:41,Hygro,Mains of Carmyllie (LPID NO/54289/43391),56.580815,-2.747666,53f004a6000305f2258f10560003,13.79,11.9,3.0,15.22,96.15,4.18,3
2025-05-25 09:33:57.777700+00:00,70B3D57ED0045541,Hygro#55:41,Hygro,Mains of Carmyllie (LPID NO/54289/43391),56.580815,-2.747666,53f304a6000305f7256a10560000,13.8,11.9,3.0,15.27,95.78,4.18,0
2025-05-25 09:49:14.507088+00:00,70B3D57ED0045541,Hygro#55:41,Hygro,Mains of Carmyllie (LPID NO/54289/43391),56.580815,-2.747666,53f504a60003065b259710580001,13.81,11.9,3.0,16.27,96.23,4.18,1
2025-05-25 10:09:58.438496+00:00,70B3D57ED0045541,Hygro#55:41,Hygro,Mains of Carmyllie (LPID NO/54289/43391),56.580815,-2.747666,53f104a60003060724d910560000,13.8,11.9,3.0,15.43,94.33,4.18,0
2025-05-25 10:25:15.181349+00:00,70B3D57ED0045541,Hygro#55:41,Hygro,Mains of Carmyllie (LPID NO/54289/43391),56.580815,-2.747666,53f004a6000306f52595105a0001,13.79,11.9,3.0,17.81,96.21,4.19,1
2025-05-25 10:40:31.912465+00:00,70B3D57ED0045541,Hygro#55:41,Hygro,Mains of Carmyllie (LPID NO/54289/43391),56.580815,-2.747666,53ef04a6000306c7251110560002,13.79,11.9,3.0,17.35,94.89,4.18,2
2025-05-25 12:16:02.921095+00:00,70B3D57ED0045541,Hygro#55:41,Hygro,Mains of Carmyllie (LPID NO/54289/43391),56.580815,-2.747666,53f104a60003063923e8105a0000,13.8,11.9,3.0,15.93,91.92,4.19,0
2025-05-25 12:49:12.811173+00:00,70B3D57ED0045541,Hygro#55:41,Hygro,Mains of Carmyllie (LPID NO/54289/43391),56.580815,-2.747666,53f104a6000306c3242310580001,13.8,11.9,3.0,17.31,92.51,4.18,1
2025-05-25 13:04:29.539016+00:00,70B3D57ED0045541,Hygro#55:41,Hygro,Mains of Carmyllie (LPID NO/54289/43391),56.580815,-2.747666,53ef04a600030714240f105f0002,13.79,11.9,3.0,18.12,92.31,4.19,2
2025-05-25 13:19:46.281420+00:00,70B3D57ED0045541,Hygro#55:41,Hygro,Mains of Carmyllie (LPID NO/54289/43391),56.580815,-2.747666,4d8904a6000306c72396104d0003,7.43,11.9,3.0,17.35,91.1,4.17,3
2025-05-25 13:35:03.017776+00:00,70B3D57ED0045541,Hygro#55:41,Hygro,Mains of Carmyllie (LPID NO/54289/43391),56.580815,-2.747666,53f204a600030703231010580004,13.8,11.9,3.0,17.95,89.76,4.18,4
2025-05-25 14:02:13.624453+00:00,70B3D57ED0045541,Hygro#55:41,Hygro,Mains of Carmyllie (LPID NO/54289/43391),56.580815,-2.747666,53f004a600030575229f10420000,13.79,11.9,3.0,13.97,88.63,4.16,0
2025-05-25 14:17:30.366106+00:00,70B3D57ED0045541,Hygro#55:41,Hygro,Mains of Carmyllie (LPID NO/54289/43391),56.580815,-2.747666,53f404b0000306c322e4105c0001,13.81,12.0,3.0,17.31,89.32,4.19,1
2025-05-25 14:35:31.029447+00:00,70B3D57ED0045541,Hygro#55:41,Hygro,Mains of Carmyllie (LPID NO/54289/43391),56.580815,-2.747666,532504b0000305c3227b103e0000,13.0,12.0,3.0,14.75,88.27,4.16,0
2025-05-25 14:50:47.778766+00:00,70B3D57ED0045541,Hygro#55:41,Hygro,Mains of Carmyllie (LPID NO/54289/43391),56.580815,-2.747666,53ee04b0000306d322c1105c0001,13.78,12.0,3.0,17.47,88.97,4.19,1
2025-05-25 15:06:04.510179+00:00,70B3D57ED0045541,Hygro#55:41,Hygro,Mains of Carmyllie (LPID NO/54289/43391),56.580815,-2.747666,53ed04b0000306ef226f105a0002,13.78,12.0,3.0,17.75,88.15,4.19,2
2025-05-25 15:21:21.238389+00:00,70B3D57ED0045541,Hygro#55:41,Hygro,Mains of Carmyllie (LPID NO/54289/43391),56.580815,-2.747666,53f004b0000306bd21d8105c0003,13.79,12.0,3.0,17.25,86.64,4.19,3
2025-05-25 15:36:37.975897+00:00,70B3D57ED0045541,Hygro#55:41,Hygro,Mains of Carmyllie (LPID NO/54289/43391),56.580815,-2.747666,53ee04b00003065d218e105c0004,13.78,12.0,3.0,16.29,85.9,4.19,4
2025-05-25 15:51:54.701059+00:00,70B3D57ED0045541,Hygro#55:41,Hygro,Mains of Carmyllie (LPID NO/54289/43391),56.580815,-2.747666,53f104b000030684214e10580005,13.8,12.0,3.0,16.68,85.26,4.18,5
2025-05-25 16:07:11.451903+00:00,70B3D57ED0045541,Hygro#55:41,Hygro,Mains of Carmyllie (LPID NO/54289/43391),56.580815,-2.747666,53ef04b00003067e210b105c0006,13.79,12.0,3.0,16.62,84.59,4.19,6
2025-05-25 16:42:49.682845+00:00,70B3D57ED0045541,Hygro#55:41,Hygro,Mains of Carmyllie (LPID NO/54289/43391),56.580815,-2.747666,531e04b0000304e8220210440000,12.98,12.0,3.0,12.56,87.06,4.16,0
2025-05-26 07:53:50.225561+00:00,70B3D57ED0045541,Hygro#55:41,Hygro,Mains of Carmyllie (LPID NO/54289/43391),56.580815,-2.747666,53eb04880003053f265c10330001,13.77,11.6,3.0,13.43,98.2,4.15,1
2025-05-26 08:09:06.980227+00:00,70B3D57ED0045541,Hygro#55:41,Hygro,Mains of Carmyllie (LPID NO/54289/43391),56.580815,-2.747666,53f604880003058a2607103b0002,13.82,11.6,3.0,14.18,97.35,4.16,2
2025-05-26 08:37:56.966951+00:00,70B3D57ED0045541,Hygro#55:41,Hygro,Mains of Carmyllie (LPID NO/54289/43391),56.580815,-2.747666,53f604880003054a255710540000,13.82,11.6,3.0,13.54,95.59,4.18,0
2025-05-26 09:26:53.475352+00:00,70B3D57ED0045541,Hygro#55:41,Hygro,Mains of Carmyllie (LPID NO/54289/43391),56.580815,-2.747666,53ef04880003065b25f510580001,13.79,11.6,3.0,16.27,97.17,4.18,1
2025-05-26 09:43:42.948414+00:00,70B3D57ED0045541,Hygro#55:41,Hygro,Mains of Carmyllie (LPID NO/54289/43391),56.580815,-2.747666,53f2048800040646257f10540000,13.8,11.6,4.0,16.06,95.99,4.18,0
2025-05-26 10:15:49.013022+00:00,70B3D57ED0045541,Hygro#55:41,Hygro,Mains of Carmyllie (LPID NO/54289/43391),56.580815,-2.747666,53ed047e0003066f25f210560001,13.78,11.5,3.0,16.47,97.14,4.18,1
2025-05-26 10:31:05.744454+00:00,70B3D57ED0045541,Hygro#55:41,Hygro,Mains of Carmyllie (LPID NO/54289/43391),56.580815,-2.747666,53f1047e000306a425b410580002,13.8,11.5,3.0,17.0,96.52,4.18,2
2025-05-26 10:59:02.160673+00:00,70B3D57ED0045541,Hygro#55:41,Hygro,Mains of Carmyllie (LPID NO/54289/43391),56.580815,-2.747666,53ef047e000305e224cd105c0000,13.79,11.5,3.0,15.06,94.21,4.19,0
2025-05-26 12:58:36.666521+00:00,70B3D57ED0045541,Hygro#55:41,Hygro,Mains of Carmyllie (LPID NO/54289/43391),56.580815,-2.747666,53ea047e00030601251c105c0001,13.77,11.5,3.0,15.37,95.0,4.19,1
2025-05-26 13:13:53.404403+00:00,70B3D57ED0045541,Hygro#55:41,Hygro,Mains of Carmyllie (LPID NO/54289/43391),56.580815,-2.747666,53ea047e000306b0252210580002,13.77,11.5,3.0,17.12,95.06,4.18,2
2025-05-26 13:30:51.051218+00:00,70B3D57ED0045541,Hygro#55:41,Hygro,Mains of Carmyllie (LPID NO/54289/43391),56.580815,-2.747666,53ec047e00030639246510580000,13.78,11.5,3.0,15.93,93.17,4.18,0
2025-05-26 13:46:07.784023+00:00,70B3D57ED0045541,Hygro#55:41,Hygro,Mains of Carmyllie (LPID NO/54289/43391),56.580815,-2.747666,53ee047e000307082476105c0001,13.78,11.5,3.0,18.0,93.34,4.19,1
2025-05-26 14:01:24.513817+00:00,70B3D57ED0045541,Hygro#55:41,Hygro,Mains of Carmyllie (LPID NO/54289/43391),56.580815,-2.747666,53e0047e00030627240e10580002,13.73,11.5,3.0,15.75,92.3,4.18,2
2025-05-26 14:28:35.836471+00:00,70B3D57ED0045541,Hygro#55:41,Hygro,Mains of Carmyllie (LPID NO/54289/43391),56.580815,-2.747666,53e8047e0003058a243a10580000,13.76,11.5,3.0,14.18,92.74,4.18,0
2025-05-26 14:43:52.577125+00:00,70B3D57ED0045541,Hygro#55:41,Hygro,Mains of Carmyllie (LPID NO/54289/43391),56.580815,-2.747666,4ee2047e000305ee24e7103b0001,8.77,11.5,3.0,15.18,94.47,4.16,1
2025-05-26 15:42:04.594033+00:00,70B3D57ED0045541,Hygro#55:41,Hygro,Mains of Carmyllie (LPID NO/54289/43391),56.580815,-2.747666,53ea04880003180a243e105a0000,13.77,11.6,3.0,61.54,92.78,4.19,0
2025-05-27 07:52:52.817618+00:00,70B3D57ED0045541,Hygro#55:41,Hygro,Mains of Carmyllie (LPID NO/54289/43391),56.580815,-2.747666,52fc047e000304a925ed102c0001,12.85,11.5,3.0,11.93,97.09,4.14,1
2025-05-27 08:08:09.567609+00:00,70B3D57ED0045541,Hygro#55:41,Hygro,Mains of Carmyllie (LPID NO/54289/43391),56.580815,-2.747666,5369047e000304ee25d7102c0002,13.27,11.5,3.0,12.62,96.87,4.14,2
2025-05-27 08:23:26.304472+00:00,70B3D57ED0045541,Hygro#55:41,Hygro,Mains of Carmyllie (LPID NO/54289/43391),56.580815,-2.747666,53ec047e0003056525b610400003,13.78,11.5,3.0,13.81,96.54,4.16,3
2025-05-27 08:42:23.489298+00:00,70B3D57ED0045541,Hygro#55:41,Hygro,Mains of Carmyllie (LPID NO/54289/43391),56.580815,-2.747666,43f7047e0003050f24e510400000,-2.07,11.5,3.0,12.95,94.45,4.16,0
2025-05-27 08:57:50.791765+00:00,70B3D57ED0045541,Hygro#55:41,Hygro,Mains of Carmyllie (LPID NO/54289/43391),56.580815,-2.747666,53e7047e000305a3253e10330001,13.76,11.5,3.0,14.43,95.34,4.15,1
2025-05-27 09:13:07.527990+00:00,70B3D57ED0045541,Hygro#55:41,Hygro,Mains of Carmyllie (LPID NO/54289/43391),56.580815,-2.747666,53e90474000305e8250910560002,13.76,11.4,3.0,15.12,94.81,4.18,2
2025-05-27 09:30:37.164851+00:00,70B3D57ED0045541,Hygro#55:41,Hygro,Mains of Carmyllie (LPID NO/54289/43391),56.580815,-2.747666,53e4047400030659251210560000,13.75,11.4,3.0,16.25,94.9,4.18,0
2025-05-27 10:05:39.651922+00:00,70B3D57ED0045541,Hygro#55:41,Hygro,Mains of Carmyllie (LPID NO/54289/43391),56.580815,-2.747666,53e70474000306862540103b0001,13.76,11.4,3.0,16.7,95.36,4.16,1
2025-05-27 10:20:56.378619+00:00,70B3D57ED0045541,Hygro#55:41,Hygro,Mains of Carmyllie (LPID NO/54289/43391),56.580815,-2.747666,53e30474000306c3257a10400002,13.74,11.4,3.0,17.31,95.94,4.16,2
2025-05-27 10:36:25.436224+00:00,70B3D57ED0045541,Hygro#55:41,Hygro,Mains of Carmyllie (LPID NO/54289/43391),56.580815,-2.747666,53e904740003066124fb10490003,13.76,11.4,3.0,16.33,94.67,4.17,3
2025-05-27 10:57:41.976763+00:00,70B3D57ED0045541,Hygro#55:41,Hygro,Mains of Carmyllie (LPID NO/54289/43391),56.580815,-2.747666,53cf04740003213424df104b0000,13.66,11.4,3.0,85.0,94.39,4.17,0
2025-05-27 11:13:03.999584+00:00,70B3D57ED0045541,Hygro#55:41,Hygro,Mains of Carmyllie (LPID NO/54289/43391),56.580815,-2.747666,455f04740003063324db102a0001,-0.67,11.4,3.0,15.87,94.35,4.14,1
2025-05-27 11:28:20.732225+00:00,70B3D57ED0045541,Hygro#55:41,Hygro,Mains of Carmyllie (LPID NO/54289/43391),56.580815,-2.747666,53e1047400030705254610580002,13.73,11.4,3.0,17.97,95.42,4.18,2
2025-05-27 11:43:37.457937+00:00,70B3D57ED0045541,Hygro#55:41,Hygro,Mains of Carmyllie (LPID NO/54289/43391),56.580815,-2.747666,53e104740002082b257910560003,13.73,11.4,2.0,20.91,95.93,4.18,3
2025-05-27 11:58:54.191801+00:00,70B3D57ED0045541,Hygro#55:41,Hygro,Mains of Carmyllie (LPID NO/54289/43391),56.580815,-2.747666,53db047400030802255a10560004,13.71,11.4,3.0,20.5,95.62,4.18,4
2025-05-27 12:39:18.037569+00:00,70B3D57ED0045541,Hygro#55:41,Hygro,Mains of Carmyllie (LPID NO/54289/43391),56.580815,-2.747666,53dc047400030774250f10580001,13.71,11.4,3.0,19.08,94.87,4.18,1
2025-05-27 12:54:34.765180+00:00,70B3D57ED0045541,Hygro#55:41,Hygro,Mains of Carmyllie (LPID NO/54289/43391),56.580815,-2.747666,53dc0474000207d024b610560002,13.71,11.4,2.0,20.0,93.98,4.18,2
2025-05-27 13:09:51.494771+00:00,70B3D57ED0045541,Hygro#55:41,Hygro,Mains of Carmyllie (LPID NO/54289/43391),56.580815,-2.747666,53db0474000308422434105a0003,13.71,11.4,3.0,21.14,92.68,4.19,3
2025-05-27 13:25:08.225204+00:00,70B3D57ED0045541,Hygro#55:41,Hygro,Mains of Carmyllie (LPID NO/54289/43391),56.580815,-2.747666,53dc047a000307d0241210580004,13.71,11.46,3.0,20.0,92.34,4.18,4
2025-05-27 13:40:24.957428+00:00,70B3D57ED0045541,Hygro#55:41,Hygro,Mains of Carmyllie (LPID NO/54289/43391),56.580815,-2.747666,519d047e0003084f241410560005,11.48,11.5,3.0,21.27,92.36,4.18,5
2025-05-27 13:55:41.684727+00:00,70B3D57ED0045541,Hygro#55:41,Hygro,Mains of Carmyllie (LPID NO/54289/43391),56.580815,-2.747666,53da047e0003087f23cf10580006,13.71,11.5,3.0,21.75,91.67,4.18,6
2025-05-27 14:10:58.402812+00:00,70B3D57ED0045541,Hygro#55:41,Hygro,Mains of Carmyllie (LPID NO/54289/43391),56.580815,-2.747666,53d8047e00030859233a10580007,13.7,11.5,3.0,21.37,90.18,4.18,7
2025-05-27 14:26:16.899801+00:00,70B3D57ED0045541,Hygro#55:41,Hygro,Mains of Carmyllie (LPID NO/54289/43391),56.580815,-2.747666,53d8047e0003086c230310580008,13.7,11.5,3.0,21.56,89.63,4.18,8
2025-05-27 14:41:35.375162+00:00,70B3D57ED0045541,Hygro#55:41,Hygro,Mains of Carmyllie (LPID NO/54289/43391),56.580815,-2.747666,53d6047e0002077c22bd10580009,13.69,11.5,2.0,19.16,88.93,4.18,9
2025-05-27 15:20:01.961244+00:00,70B3D57ED0045541,Hygro#55:41,Hygro,Mains of Carmyllie (LPID NO/54289/43391),56.580815,-2.747666,53d2047e0003187422ac10560000,13.68,11.5,3.0,62.6,88.76,4.18,0
2025-05-27 16:05:29.370035+00:00,70B3D57ED0045541,Hygro#55:41,Hygro,Mains of Carmyllie (LPID NO/54289/43391),56.580815,-2.747666,53d0047e0003073a22c9105c0001,13.67,11.5,3.0,18.5,89.05,4.19,1
2025-05-28 07:44:34.849261+00:00,70B3D57ED0045541,Hygro#55:41,Hygro,Mains of Carmyllie (LPID NO/54289/43391),56.580815,-2.747666,52f3047e000305c9255b10250000,12.81,11.5,3.0,14.81,95.63,4.13,0
2025-05-28 08:00:05.633742+00:00,70B3D57ED0045541,Hygro#55:41,Hygro,Mains of Carmyllie (LPID NO/54289/43391),56.580815,-2.747666,53cc047e0003021b2594102c0001,13.65,11.5,3.0,5.39,96.2,4.14,1
2025-05-28 08:15:22.367704+00:00,70B3D57ED0045541,Hygro#55:41,Hygro,Mains of Carmyllie (LPID NO/54289/43391),56.580815,-2.747666,53cc047e0003046d256b10350002,13.65,11.5,3.0,11.33,95.79,4.15,2
2025-05-28 08:34:23.013167+00:00,70B3D57ED0045541,Hygro#55:41,Hygro,Mains of Carmyllie (LPID NO/54289/43391),56.580815,-2.747666,53c0047e000306a4249710510000,13.61,11.5,3.0,17.0,93.67,4.18,0
2025-05-28 08:49:48.529503+00:00,70B3D57ED0045541,Hygro#55:41,Hygro,Mains of Carmyllie (LPID NO/54289/43391),56.580815,-2.747666,53c3047e0003076524c410390001,13.62,11.5,3.0,18.93,94.12,4.15,1
2025-05-28 09:06:00.849264+00:00,70B3D57ED0045541,Hygro#55:41,Hygro,Mains of Carmyllie (LPID NO/54289/43391),56.580815,-2.747666,53c1047e000307e224c710390002,13.61,11.5,3.0,20.18,94.15,4.15,2
2025-05-28 09:21:19.328108+00:00,70B3D57ED0045541,Hygro#55:41,Hygro,Mains of Carmyllie (LPID NO/54289/43391),56.580815,-2.747666,53c0047e000307c9247e10420003,13.61,11.5,3.0,19.93,93.42,4.16,3
2025-05-28 09:38:27.258850+00:00,70B3D57ED0045541,Hygro#55:41,Hygro,Mains of Carmyllie (LPID NO/54289/43391),56.580815,-2.747666,53c2047e00030846248410350004,13.61,11.5,3.0,21.18,93.48,4.15,4
2025-05-28 09:55:22.620384+00:00,70B3D57ED0045541,Hygro#55:41,Hygro,Mains of Carmyllie (LPID NO/54289/43391),56.580815,-2.747666,53c2047e000302c0243710510000,13.61,11.5,3.0,7.04,92.71,4.18,0
2025-05-28 10:27:51.548054+00:00,70B3D57ED0045541,Hygro#55:41,Hygro,Mains of Carmyllie (LPID NO/54289/43391),56.580815,-2.747666,51aa047e000305cf246f10490001,11.53,11.5,3.0,14.87,93.27,4.17,1
2025-05-28 10:53:07.136439+00:00,70B3D57ED0045541,Hygro#55:41,Hygro,Mains of Carmyllie (LPID NO/54289/43391),56.580815,-2.747666,53b7047e0003101822e310540000,13.57,11.5,3.0,41.2,89.31,4.18,0
2025-05-28 11:09:45.836573+00:00,70B3D57ED0045541,Hygro#55:41,Hygro,Mains of Carmyllie (LPID NO/54289/43391),56.580815,-2.747666,53ba047e0004083e23c610540001,13.58,11.5,4.0,21.1,91.58,4.18,1
2025-05-28 11:28:40.678920+00:00,70B3D57ED0045541,Hygro#55:41,Hygro,Mains of Carmyllie (LPID NO/54289/43391),56.580815,-2.747666,53bb047e000307ef232e10560000,13.59,11.5,3.0,20.31,90.06,4.18,0
2025-05-28 11:43:57.400433+00:00,70B3D57ED0045541,Hygro#55:41,Hygro,Mains of Carmyllie (LPID NO/54289/43391),56.580815,-2.747666,5359047e000308a023c610460001,13.21,11.5,3.0,22.08,91.58,4.17,1
2025-05-28 11:59:14.118449+00:00,70B3D57ED0045541,Hygro#55:41,Hygro,Mains of Carmyllie (LPID NO/54289/43391),56.580815,-2.747666,53ba047e00030934238d10580002,13.58,11.5,3.0,23.56,91.01,4.18,2
2025-05-28 12:34:33.164805+00:00,70B3D57ED0045541,Hygro#55:41,Hygro,Mains of Carmyllie (LPID NO/54289/43391),56.580815,-2.747666,53b9047e00030763226310540000,13.58,11.5,3.0,18.91,88.03,4.18,0
2025-05-28 14:02:48.985157+00:00,70B3D57ED0045541,Hygro#55:41,Hygro,Mains of Carmyllie (LPID NO/54289/43391),56.580815,-2.747666,53b0047e000207bb2306105c0001,13.54,11.5,2.0,19.79,89.66,4.19,1
2025-05-28 14:18:09.232602+00:00,70B3D57ED0045541,Hygro#55:41,Hygro,Mains of Carmyllie (LPID NO/54289/43391),56.580815,-2.747666,4aa6048000030584229c10560002,4.57,11.52,3.0,14.12,88.6,4.18,2
2025-05-28 14:33:25.949091+00:00,70B3D57ED0045541,Hygro#55:41,Hygro,Mains of Carmyllie (LPID NO/54289/43391),56.580815,-2.747666,53b00488000308ef223110580003,13.54,11.6,3.0,22.87,87.53,4.18,3
2025-05-28 14:54:52.291520+00:00,70B3D57ED0045541,Hygro#55:41,Hygro,Mains of Carmyllie (LPID NO/54289/43391),56.580815,-2.747666,53ac0488000307c32146105a0000,13.53,11.6,3.0,19.87,85.18,4.19,0
2025-05-28 15:10:19.569611+00:00,70B3D57ED0045541,Hygro#55:41,Hygro,Mains of Carmyllie (LPID NO/54289/43391),56.580815,-2.747666,53ae04880003052f218310580001,13.54,11.6,3.0,13.27,85.79,4.18,1
2025-05-28 15:51:20.501663+00:00,70B3D57ED0045541,Hygro#55:41,Hygro,Mains of Carmyllie (LPID NO/54289/43391),56.580815,-2.747666,53a4048800030d3f2288105a0000,13.5,11.6,3.0,33.91,88.4,4.19,0
2025-05-29 12:26:03.104092+00:00,70B3D57ED0045541,Hygro#55:41,Hygro,Mains of Carmyllie (LPID NO/54289/43391),56.580815,-2.747666,1db604880006072b252210420001,-40.06,11.6,6.0,18.35,95.06,4.16,1
2025-05-29 12:44:00.693053+00:00,70B3D57ED0045541,Hygro#55:41,Hygro,Mains of Carmyllie (LPID NO/54289/43391),56.580815,-2.747666,53840488000504ea251b10490000,13.37,11.6,5.0,12.58,94.99,4.17,0
2025-05-29 14:00:41.893304+00:00,70B3D57ED0045541,Hygro#55:41,Hygro,Mains of Carmyllie (LPID NO/54289/43391),56.580815,-2.747666,4fa804880005073323ef10540001,9.54,11.6,5.0,18.43,91.99,4.18,1
2025-05-29 14:58:24.882641+00:00,70B3D57ED0045541,Hygro#55:41,Hygro,Mains of Carmyllie (LPID NO/54289/43391),56.580815,-2.747666,53f504880005070e22fd10540000,13.81,11.6,5.0,18.06,89.57,4.18,0
2025-05-29 15:43:09.558556+00:00,70B3D57ED0045541,Hygro#55:41,Hygro,Mains of Carmyllie (LPID NO/54289/43391),56.580815,-2.747666,53fa04880004079e22af10580001,13.83,11.6,4.0,19.5,88.79,4.18,1
2025-05-29 16:04:16.426253+00:00,70B3D57ED0045541,Hygro#55:41,Hygro,Mains of Carmyllie (LPID NO/54289/43391),56.580815,-2.747666,533104880005100821e010390000,13.05,11.6,5.0,41.04,86.72,4.15,0
2025-05-31 09:33:55.819950+00:00,70B3D57ED0045541,Hygro#55:41,Hygro,Mains of Carmyllie (LPID NO/54289/43391),56.580815,-2.747666,59a204880008050724e5101d0001,19.45,11.6,8.0,12.87,94.45,4.12,1
2025-05-31 09:58:10.251746+00:00,70B3D57ED0045541,Hygro#55:41,Hygro,Mains of Carmyllie (LPID NO/54289/43391),56.580815,-2.747666,59b00488000803ad24c910210000,19.5,11.6,8.0,9.41,94.17,4.13,0
2025-05-31 10:13:26.985759+00:00,70B3D57ED0045541,Hygro#55:41,Hygro,Mains of Carmyllie (LPID NO/54289/43391),56.580815,-2.747666,59ab047e0008061a252e101d0001,19.48,11.5,8.0,15.62,95.18,4.12,1
2025-06-01 09:03:08.059606+00:00,70B3D57ED0045541,Hygro#55:41,Hygro,Mains of Carmyllie (LPID NO/54289/43391),56.580815,-2.747666,5ae004920007000025eb10160000,20.68,11.7,7.0,0.0,97.07,4.12,0
2025-06-01 12:23:08.672710+00:00,70B3D57ED0045541,Hygro#55:41,Hygro,Mains of Carmyllie (LPID NO/54289/43391),56.580815,-2.747666,5b84048800080629255310160001,21.32,11.6,8.0,15.77,95.55,4.12,1
2025-06-01 12:42:27.166497+00:00,70B3D57ED0045541,Hygro#55:41,Hygro,Mains of Carmyllie (LPID NO/54289/43391),56.580815,-2.747666,5bed04880007065d251a10330000,21.72,11.6,7.0,16.29,94.98,4.15,0
2025-06-01 14:05:47.400475+00:00,70B3D57ED0045541,Hygro#55:41,Hygro,Mains of Carmyllie (LPID NO/54289/43391),56.580815,-2.747666,5b9504880008043724ac10230001,21.38,11.6,8.0,10.79,93.88,4.13,1
2025-06-01 14:21:05.895587+00:00,70B3D57ED0045541,Hygro#55:41,Hygro,Mains of Carmyllie (LPID NO/54289/43391),56.580815,-2.747666,5be704880008063923e1104d0002,21.7,11.6,8.0,15.93,91.85,4.17,2
2025-06-01 14:39:51.890494+00:00,70B3D57ED0045541,Hygro#55:41,Hygro,Mains of Carmyllie (LPID NO/54289/43391),56.580815,-2.747666,5b240488000805cf23c810120000,20.94,11.6,8.0,14.87,91.6,4.11,0
2025-06-01 15:23:51.695508+00:00,70B3D57ED0045541,Hygro#55:41,Hygro,Mains of Carmyllie (LPID NO/54289/43391),56.580815,-2.747666,5bec04880007068f238f104f0001,21.72,11.6,7.0,16.79,91.03,4.17,1
2025-06-01 16:19:56.976242+00:00,70B3D57ED0045541,Hygro#55:41,Hygro,Mains of Carmyllie (LPID NO/54289/43391),56.580815,-2.747666,5be70492000803cf244f10400000,21.7,11.7,8.0,9.75,92.95,4.16,0
2025-06-03 10:51:41.093911+00:00,70B3D57ED0045541,Hygro#55:41,Hygro,Mains of Carmyllie (LPID NO/54289/43391),56.580815,-2.747666,5a9b0488000721342533101a0001,20.41,11.6,7.0,85.0,95.23,4.12,1
2025-06-03 11:40:24.455310+00:00,70B3D57ED0045541,Hygro#55:41,Hygro,Mains of Carmyllie (LPID NO/54289/43391),56.580815,-2.747666,5a9e0488000703f8252e100b0000,20.43,11.6,7.0,10.16,95.18,4.11,0
2025-06-03 11:56:47.868971+00:00,70B3D57ED0045541,Hygro#55:41,Hygro,Mains of Carmyllie (LPID NO/54289/43391),56.580815,-2.747666,5aaf04880007060524fd100f0001,20.49,11.6,7.0,15.41,94.69,4.11,1
2025-06-03 12:12:04.607411+00:00,70B3D57ED0045541,Hygro#55:41,Hygro,Mains of Carmyllie (LPID NO/54289/43391),56.580815,-2.747666,5af504880007064024e110120002,20.76,11.6,7.0,16.0,94.41,4.11,2
2025-06-03 12:27:21.344211+00:00,70B3D57ED0045541,Hygro#55:41,Hygro,Mains of Carmyllie (LPID NO/54289/43391),56.580815,-2.747666,5a750488000706402496100b0003,20.27,11.6,7.0,16.0,93.66,4.11,3
2025-06-03 12:42:38.090033+00:00,70B3D57ED0045541,Hygro#55:41,Hygro,Mains of Carmyllie (LPID NO/54289/43391),56.580815,-2.747666,4a2904880007066d24b0100b0004,4.08,11.6,7.0,16.45,93.92,4.11,4
2025-06-03 12:58:00.094869+00:00,70B3D57ED0045541,Hygro#55:41,Hygro,Mains of Carmyllie (LPID NO/54289/43391),56.580815,-2.747666,5a8304880007067a2461101f0005,20.32,11.6,7.0,16.58,93.13,4.13,5
2025-06-03 13:13:32.666977+00:00,70B3D57ED0045541,Hygro#55:41,Hygro,Mains of Carmyllie (LPID NO/54289/43391),56.580815,-2.747666,5a8d04880007069b2427100f0006,20.36,11.6,7.0,16.91,92.55,4.11,6
2025-06-03 13:28:59.952675+00:00,70B3D57ED0045541,Hygro#55:41,Hygro,Mains of Carmyllie (LPID NO/54289/43391),56.580815,-2.747666,5bae0488000706c123d810180007,21.48,11.6,7.0,17.29,91.76,4.12,7
2025-06-03 13:46:28.901630+00:00,70B3D57ED0045541,Hygro#55:41,Hygro,Mains of Carmyllie (LPID NO/54289/43391),56.580815,-2.747666,5bb6048800070601239b101f0000,21.51,11.6,7.0,15.37,91.15,4.13,0
2025-06-03 14:18:33.177031+00:00,70B3D57ED0045541,Hygro#55:41,Hygro,Mains of Carmyllie (LPID NO/54289/43391),56.580815,-2.747666,5bb004880008052d240b102c0002,21.49,11.6,8.0,13.25,92.27,4.14,2
2025-06-03 14:33:49.917847+00:00,70B3D57ED0045541,Hygro#55:41,Hygro,Mains of Carmyllie (LPID NO/54289/43391),56.580815,-2.747666,59250488000705aa240110210003,18.96,11.6,7.0,14.5,92.17,4.13,3
2025-06-03 14:49:08.412306+00:00,70B3D57ED0045541,Hygro#55:41,Hygro,Mains of Carmyllie (LPID NO/54289/43391),56.580815,-2.747666,5bad048800070633233310490004,21.48,11.6,7.0,15.87,90.11,4.17,4
2025-06-03 15:04:26.923603+00:00,70B3D57ED0045541,Hygro#55:41,Hygro,Mains of Carmyllie (LPID NO/54289/43391),56.580815,-2.747666,5ba80488000706332282104f0005,21.46,11.6,7.0,15.87,88.34,4.17,5
2025-06-03 15:19:54.201703+00:00,70B3D57ED0045541,Hygro#55:41,Hygro,Mains of Carmyllie (LPID NO/54289/43391),56.580815,-2.747666,5ba004880007061e224b102e0006,21.43,11.6,7.0,15.66,87.79,4.14,6
2025-06-03 15:35:39.079355+00:00,70B3D57ED0045541,Hygro#55:41,Hygro,Mains of Carmyllie (LPID NO/54289/43391),56.580815,-2.747666,5b9f0488000705e8227310250007,21.42,11.6,7.0,15.12,88.19,4.13,7
2025-06-03 15:50:57.577752+00:00,70B3D57ED0045541,Hygro#55:41,Hygro,Mains of Carmyllie (LPID NO/54289/43391),56.580815,-2.747666,5b9f0488000706352243102c0008,21.42,11.6,7.0,15.89,87.71,4.14,8
2025-06-03 16:11:16.231035+00:00,70B3D57ED0045541,Hygro#55:41,Hygro,Mains of Carmyllie (LPID NO/54289/43391),56.580815,-2.747666,5ba1049200070e88226e104f0000,21.43,11.7,7.0,37.2,88.14,4.17,0
2025-06-03 16:26:32.979108+00:00,70B3D57ED0045541,Hygro#55:41,Hygro,Mains of Carmyllie (LPID NO/54289/43391),56.580815,-2.747666,53930492000705242260101d0001,13.43,11.7,7.0,13.16,88.0,4.12,1
2025-06-04 07:58:57.823406+00:00,70B3D57ED0045541,Hygro#55:41,Hygro,Mains of Carmyllie (LPID NO/54289/43391),56.580815,-2.747666,561c047e0007000025e610390000,15.95,11.5,7.0,0.0,97.02,4.15,0
2025-06-04 09:27:08.531455+00:00,70B3D57ED0045541,Hygro#55:41,Hygro,Mains of Carmyllie (LPID NO/54289/43391),56.580815,-2.747666,2ace04740008000025ac101f0001,-27.05,11.4,8.0,0.0,96.44,4.13,1
2025-06-04 09:44:01.986337+00:00,70B3D57ED0045541,Hygro#55:41,Hygro,Mains of Carmyllie (LPID NO/54289/43391),56.580815,-2.747666,5a9e0474000700002581100b0000,20.43,11.4,7.0,0.0,96.01,4.11,0
2025-06-04 09:59:20.490607+00:00,70B3D57ED0045541,Hygro#55:41,Hygro,Mains of Carmyllie (LPID NO/54289/43391),56.580815,-2.747666,5a500474000701ce259810120001,20.12,11.4,7.0,4.62,96.24,4.11,1
2025-06-04 10:15:08.924977+00:00,70B3D57ED0045541,Hygro#55:41,Hygro,Mains of Carmyllie (LPID NO/54289/43391),56.580815,-2.747666,59d40474000703be258810120002,19.64,11.4,7.0,9.58,96.08,4.11,2
2025-06-04 10:30:43.257861+00:00,70B3D57ED0045541,Hygro#55:41,Hygro,Mains of Carmyllie (LPID NO/54289/43391),56.580815,-2.747666,5a490474000701ed257c10140003,20.1,11.4,7.0,4.93,95.96,4.12,3
2025-06-04 10:46:01.773189+00:00,70B3D57ED0045541,Hygro#55:41,Hygro,Mains of Carmyllie (LPID NO/54289/43391),56.580815,-2.747666,59fe0474000701f1256410230004,19.8,11.4,7.0,4.97,95.72,4.13,4
2025-06-04 11:03:37.735098+00:00,70B3D57ED0045541,Hygro#55:41,Hygro,Mains of Carmyllie (LPID NO/54289/43391),56.580815,-2.747666,5a30047400070b1124bf100f0000,20.0,11.4,7.0,28.33,94.07,4.11,0
2025-06-04 11:18:54.485662+00:00,70B3D57ED0045541,Hygro#55:41,Hygro,Mains of Carmyllie (LPID NO/54289/43391),56.580815,-2.747666,5a2c0474000705e2254f10090001,19.98,11.4,7.0,15.06,95.51,4.11,1
2025-06-04 11:34:11.221170+00:00,70B3D57ED0045541,Hygro#55:41,Hygro,Mains of Carmyllie (LPID NO/54289/43391),56.580815,-2.747666,5b6904740007060e2504104f0002,21.21,11.4,7.0,15.5,94.76,4.17,2
2025-06-04 11:55:16.334961+00:00,70B3D57ED0045541,Hygro#55:41,Hygro,Mains of Carmyllie (LPID NO/54289/43391),56.580815,-2.747666,3a0804740008066b24c3101f0000,-11.93,11.4,8.0,16.43,94.11,4.13,0
2025-06-04 12:31:33.710820+00:00,70B3D57ED0045541,Hygro#55:41,Hygro,Mains of Carmyllie (LPID NO/54289/43391),56.580815,-2.747666,5a44047300070652242a10140001,20.08,11.39,7.0,16.18,92.58,4.12,1
2025-06-04 12:49:13.880832+00:00,70B3D57ED0045541,Hygro#55:41,Hygro,Mains of Carmyllie (LPID NO/54289/43391),56.580815,-2.747666,5b5304740007213423d3101a0000,21.13,11.4,7.0,85.0,91.71,4.12,0
2025-06-04 13:04:35.905583+00:00,70B3D57ED0045541,Hygro#55:41,Hygro,Mains of Carmyllie (LPID NO/54289/43391),56.580815,-2.747666,5a7804740007067823bd104b0001,20.28,11.4,7.0,16.56,91.49,4.17,1
2025-06-04 13:20:22.532452+00:00,70B3D57ED0045541,Hygro#55:41,Hygro,Mains of Carmyllie (LPID NO/54289/43391),56.580815,-2.747666,5b470474000706b6234f104d0002,21.08,11.4,7.0,17.18,90.39,4.17,2
2025-06-04 13:35:56.841757+00:00,70B3D57ED0045541,Hygro#55:41,Hygro,Mains of Carmyllie (LPID NO/54289/43391),56.580815,-2.747666,5af00474000706e822f5104f0003,20.74,11.4,7.0,17.68,89.49,4.17,3
2025-06-04 13:56:40.565980+00:00,70B3D57ED0045541,Hygro#55:41,Hygro,Mains of Carmyllie (LPID NO/54289/43391),56.580815,-2.747666,5a87047400070000230010210000,20.34,11.4,7.0,0.0,89.6,4.13,0
2025-06-04 14:11:57.312386+00:00,70B3D57ED0045541,Hygro#55:41,Hygro,Mains of Carmyllie (LPID NO/54289/43391),56.580815,-2.747666,5b3d0474000705de232c10400001,21.04,11.4,7.0,15.02,90.04,4.16,1
2025-06-04 14:27:29.873204+00:00,70B3D57ED0045541,Hygro#55:41,Hygro,Mains of Carmyllie (LPID NO/54289/43391),56.580815,-2.747666,5b4a0474000706332242104d0002,21.09,11.4,7.0,15.87,87.7,4.17,2
2025-06-04 14:44:01.578980+00:00,70B3D57ED0045541,Hygro#55:41,Hygro,Mains of Carmyllie (LPID NO/54289/43391),56.580815,-2.747666,5b3f04740007062021f210510003,21.05,11.4,7.0,15.68,86.9,4.18,3
2025-06-04 15:10:11.886425+00:00,70B3D57ED0045541,Hygro#55:41,Hygro,Mains of Carmyllie (LPID NO/54289/43391),56.580815,-2.747666,5b3f047400070633225110510000,21.05,11.4,7.0,15.87,87.85,4.18,0
2025-06-04 16:10:26.598475+00:00,70B3D57ED0045541,Hygro#55:41,Hygro,Mains of Carmyllie (LPID NO/54289/43391),56.580815,-2.747666,40f70474000805d5213910370001,-5.05,11.4,8.0,14.93,85.05,4.15,1
2025-06-04 16:28:37.286843+00:00,70B3D57ED0045541,Hygro#55:41,Hygro,Mains of Carmyllie (LPID NO/54289/43391),56.580815,-2.747666,5a0f04780007053321b3101f0002,19.87,11.44,7.0,13.31,86.27,4.13,2
2025-06-05 07:57:01.747183+00:00,70B3D57ED0045541,Hygro#55:41,Hygro,Mains of Carmyllie (LPID NO/54289/43391),56.580815,-2.747666,59bd046a00072134253f10180000,19.55,11.3,7.0,85.0,95.35,4.12,0
2025-06-05 08:12:18.486504+00:00,70B3D57ED0045541,Hygro#55:41,Hygro,Mains of Carmyllie (LPID NO/54289/43391),56.580815,-2.747666,59cb046a000701a4257a10160001,19.61,11.3,7.0,4.2,95.94,4.12,1
2025-06-05 08:36:33.102429+00:00,70B3D57ED0045541,Hygro#55:41,Hygro,Mains of Carmyllie (LPID NO/54289/43391),56.580815,-2.747666,5b11046a00070b1124f3104d0000,20.87,11.3,7.0,28.33,94.59,4.17,0
2025-06-05 09:29:45.998536+00:00,70B3D57ED0045541,Hygro#55:41,Hygro,Mains of Carmyllie (LPID NO/54289/43391),56.580815,-2.747666,5b07046a0007037724f110350001,20.83,11.3,7.0,8.87,94.57,4.15,1
2025-06-05 09:46:48.169243+00:00,70B3D57ED0045541,Hygro#55:41,Hygro,Mains of Carmyllie (LPID NO/54289/43391),56.580815,-2.747666,5afd046a00070000251710510000,20.79,11.3,7.0,0.0,94.95,4.18,0
2025-06-05 10:02:18.968777+00:00,70B3D57ED0045541,Hygro#55:41,Hygro,Mains of Carmyllie (LPID NO/54289/43391),56.580815,-2.747666,5afe046a00070211257d10370001,20.8,11.3,7.0,5.29,95.97,4.15,1
2025-06-05 10:17:48.008987+00:00,70B3D57ED0045541,Hygro#55:41,Hygro,Mains of Carmyllie (LPID NO/54289/43391),56.580815,-2.747666,59e5046a00070000254710160002,19.71,11.3,7.0,0.0,95.43,4.12,2
2025-06-05 10:33:15.291564+00:00,70B3D57ED0045541,Hygro#55:41,Hygro,Mains of Carmyllie (LPID NO/54289/43391),56.580815,-2.747666,5af5046a0007000024e810510003,20.76,11.3,7.0,0.0,94.48,4.18,3
2025-06-05 11:11:02.301816+00:00,70B3D57ED0045541,Hygro#55:41,Hygro,Mains of Carmyllie (LPID NO/54289/43391),56.580815,-2.747666,5ae7046a0007067824c1104d0000,20.71,11.3,7.0,16.56,94.09,4.17,0
2025-06-05 11:28:22.638219+00:00,70B3D57ED0045541,Hygro#55:41,Hygro,Mains of Carmyllie (LPID NO/54289/43391),56.580815,-2.747666,598e046a000706972436101f0001,19.37,11.3,7.0,16.87,92.7,4.13,1
2025-06-05 11:43:39.368986+00:00,70B3D57ED0045541,Hygro#55:41,Hygro,Mains of Carmyllie (LPID NO/54289/43391),56.580815,-2.747666,5ae0046a000704432470102a0002,20.68,11.3,7.0,10.91,93.28,4.14,2
2025-06-05 11:59:51.715570+00:00,70B3D57ED0045541,Hygro#55:41,Hygro,Mains of Carmyllie (LPID NO/54289/43391),56.580815,-2.747666,5ad5046a000706972436102c0003,20.64,11.3,7.0,16.87,92.7,4.14,3
2025-06-05 12:15:13.725264+00:00,70B3D57ED0045541,Hygro#55:41,Hygro,Mains of Carmyllie (LPID NO/54289/43391),56.580815,-2.747666,5865046a000706b6242610250004,18.22,11.3,7.0,17.18,92.54,4.13,4
2025-06-05 13:26:59.949720+00:00,70B3D57ED0045541,Hygro#55:41,Hygro,Mains of Carmyllie (LPID NO/54289/43391),56.580815,-2.747666,5a4d046a0007067e238710510005,20.11,11.3,7.0,16.62,90.95,4.18,5
2025-06-05 13:44:07.896371+00:00,70B3D57ED0045541,Hygro#55:41,Hygro,Mains of Carmyllie (LPID NO/54289/43391),56.580815,-2.747666,5900046a000706a4237210210006,18.82,11.3,7.0,17.0,90.74,4.13,6
2025-06-05 14:03:19.084820+00:00,70B3D57ED0045541,Hygro#55:41,Hygro,Mains of Carmyllie (LPID NO/54289/43391),56.580815,-2.747666,5a9f046a0007069d234710300000,20.43,11.3,7.0,16.93,90.31,4.14,0
2025-06-05 14:18:55.165767+00:00,70B3D57ED0045541,Hygro#55:41,Hygro,Mains of Carmyllie (LPID NO/54289/43391),56.580815,-2.747666,5ac1046a000706e6236a10560001,20.56,11.3,7.0,17.66,90.66,4.18,1
2025-06-05 14:34:11.895734+00:00,70B3D57ED0045541,Hygro#55:41,Hygro,Mains of Carmyllie (LPID NO/54289/43391),56.580815,-2.747666,5ab9046a0007077e22f310560002,20.53,11.3,7.0,19.18,89.47,4.18,2
2025-06-05 14:50:24.235184+00:00,70B3D57ED0045541,Hygro#55:41,Hygro,Mains of Carmyllie (LPID NO/54289/43391),56.580815,-2.747666,5aac046a00070765231c104f0003,20.48,11.3,7.0,18.93,89.88,4.17,3
2025-06-05 15:34:42.015364+00:00,70B3D57ED0045541,Hygro#55:41,Hygro,Mains of Carmyllie (LPID NO/54289/43391),56.580815,-2.747666,592e046a00072134231310230000,19.0,11.3,7.0,85.0,89.79,4.13,0
2025-06-05 16:10:51.610023+00:00,70B3D57ED0045541,Hygro#55:41,Hygro,Mains of Carmyllie (LPID NO/54289/43391),56.580815,-2.747666,5aa0047400070701227010400001,20.43,11.4,7.0,17.93,88.16,4.16,1
2025-06-06 08:53:39.917991+00:00,70B3D57ED0045541,Hygro#55:41,Hygro,Mains of Carmyllie (LPID NO/54289/43391),56.580815,-2.747666,5a78047400070556239410350000,20.28,11.4,7.0,13.66,91.08,4.15,0
2025-06-06 09:09:52.273006+00:00,70B3D57ED0045541,Hygro#55:41,Hygro,Mains of Carmyllie (LPID NO/54289/43391),56.580815,-2.747666,5a6d047400070697244010400001,20.23,11.4,7.0,16.87,92.8,4.16,1
2025-06-06 09:36:00.607425+00:00,70B3D57ED0045541,Hygro#55:41,Hygro,Mains of Carmyllie (LPID NO/54289/43391),56.580815,-2.747666,59020474000706aa239610300000,18.83,11.4,7.0,17.06,91.1,4.14,0
2025-06-06 09:53:10.313121+00:00,70B3D57ED0045541,Hygro#55:41,Hygro,Mains of Carmyllie (LPID NO/54289/43391),56.580815,-2.747666,552d04740007070e2335101a0001,15.02,11.4,7.0,18.06,90.13,4.12,1
2025-06-06 10:38:49.002947+00:00,70B3D57ED0045541,Hygro#55:41,Hygro,Mains of Carmyllie (LPID NO/54289/43391),56.580815,-2.747666,5a5b04740006067c22c010440000,20.17,11.4,6.0,16.6,88.96,4.16,0
2025-06-07 09:34:16.450627+00:00,70B3D57ED0045541,Hygro#55:41,Hygro,Mains of Carmyllie (LPID NO/54289/43391),56.580815,-2.747666,58fc047e00060000241b101d0001,18.8,11.5,6.0,0.0,92.43,4.12,1
2025-06-07 10:50:10.683505+00:00,70B3D57ED0045541,Hygro#55:41,Hygro,Mains of Carmyllie (LPID NO/54289/43391),56.580815,-2.747666,59cb047e0006077823dd10250000,19.61,11.5,6.0,19.12,91.81,4.13,0
2025-06-07 11:24:30.714791+00:00,70B3D57ED0045541,Hygro#55:41,Hygro,Mains of Carmyllie (LPID NO/54289/43391),56.580815,-2.747666,49eb047e0006075f2281102a0001,3.84,11.5,6.0,18.87,88.33,4.14,1
2025-06-07 12:05:46.912635+00:00,70B3D57ED0045541,Hygro#55:41,Hygro,Mains of Carmyllie (LPID NO/54289/43391),56.580815,-2.747666,59b60474000606f1222e10330000,19.53,11.4,6.0,17.77,87.5,4.15,0
2025-06-08 08:39:34.736957+00:00,70B3D57ED0045541,Hygro#55:41,Hygro,Mains of Carmyllie (LPID NO/54289/43391),56.580815,-2.747666,59ab047400060339251710230001,19.48,11.4,6.0,8.25,94.95,4.13,1
2025-06-08 09:35:05.105224+00:00,70B3D57ED0045541,Hygro#55:41,Hygro,Mains of Carmyllie (LPID NO/54289/43391),56.580815,-2.747666,59ab046a0006060e2494104f0002,19.48,11.3,6.0,15.5,93.64,4.17,2
2025-06-08 09:50:35.924739+00:00,70B3D57ED0045541,Hygro#55:41,Hygro,Mains of Carmyllie (LPID NO/54289/43391),56.580815,-2.747666,59a3046a000605f02490101a0003,19.45,11.3,6.0,15.2,93.6,4.12,3
2025-06-08 10:08:39.534291+00:00,70B3D57ED0045541,Hygro#55:41,Hygro,Mains of Carmyllie (LPID NO/54289/43391),56.580815,-2.747666,5996046a0006066b248a10540004,19.4,11.3,6.0,16.43,93.54,4.18,4
2025-06-08 10:24:03.305457+00:00,70B3D57ED0045541,Hygro#55:41,Hygro,Mains of Carmyllie (LPID NO/54289/43391),56.580815,-2.747666,599b046a000606ae245310540005,19.42,11.3,6.0,17.1,92.99,4.18,5
2025-06-08 10:39:35.856696+00:00,70B3D57ED0045541,Hygro#55:41,Hygro,Mains of Carmyllie (LPID NO/54289/43391),56.580815,-2.747666,599c046a00070234248610540006,19.42,11.3,7.0,5.64,93.5,4.18,6
2025-06-08 10:55:49.969689+00:00,70B3D57ED0045541,Hygro#55:41,Hygro,Mains of Carmyllie (LPID NO/54289/43391),56.580815,-2.747666,599a046a000606cb244f10350007,19.42,11.3,6.0,17.39,92.95,4.15,7
2025-06-08 11:30:44.630436+00:00,70B3D57ED0045541,Hygro#55:41,Hygro,Mains of Carmyllie (LPID NO/54289/43391),56.580815,-2.747666,57ff046a000606912367101f0008,17.82,11.3,6.0,16.81,90.63,4.13,8
2025-06-08 12:05:40.966214+00:00,70B3D57ED0045541,Hygro#55:41,Hygro,Mains of Carmyllie (LPID NO/54289/43391),56.580815,-2.747666,5986046a0006076522ee10510009,19.34,11.3,6.0,18.93,89.42,4.18,9
2025-06-08 12:21:24.082491+00:00,70B3D57ED0045541,Hygro#55:41,Hygro,Mains of Carmyllie (LPID NO/54289/43391),56.580815,-2.747666,5986046a0006079e22bf1051000a,19.34,11.3,6.0,19.5,88.95,4.18,10
2025-06-08 12:37:01.893675+00:00,70B3D57ED0045541,Hygro#55:41,Hygro,Mains of Carmyllie (LPID NO/54289/43391),56.580815,-2.747666,5982046a000607bd2263104f000b,19.32,11.3,6.0,19.81,88.03,4.17,11
2025-06-08 12:52:30.915637+00:00,70B3D57ED0045541,Hygro#55:41,Hygro,Mains of Carmyllie (LPID NO/54289/43391),56.580815,-2.747666,597a046a000608082219104f000c,19.29,11.3,6.0,20.56,87.29,4.17,12
2025-06-08 13:26:35.186495+00:00,70B3D57ED0045541,Hygro#55:41,Hygro,Mains of Carmyllie (LPID NO/54289/43391),56.580815,-2.747666,5975046a0006079721e91023000d,19.27,11.3,6.0,19.43,86.81,4.13,13
2025-06-08 13:45:16.439053+00:00,70B3D57ED0045541,Hygro#55:41,Hygro,Mains of Carmyllie (LPID NO/54289/43391),56.580815,-2.747666,5953046a0007070121d010420000,19.14,11.3,7.0,17.93,86.56,4.16,0
2025-06-08 14:00:41.971879+00:00,70B3D57ED0045541,Hygro#55:41,Hygro,Mains of Carmyllie (LPID NO/54289/43391),56.580815,-2.747666,5970046a00060703223d10540001,19.25,11.3,6.0,17.95,87.65,4.18,1
2025-06-08 14:33:06.696036+00:00,70B3D57ED0045541,Hygro#55:41,Hygro,Mains of Carmyllie (LPID NO/54289/43391),56.580815,-2.747666,5966046f000606c3221110350003,19.21,11.35,6.0,17.31,87.21,4.15,3
2025-06-08 14:48:23.440757+00:00,70B3D57ED0045541,Hygro#55:41,Hygro,Mains of Carmyllie (LPID NO/54289/43391),56.580815,-2.747666,59690474000606e82265103e0004,19.23,11.4,6.0,17.68,88.05,4.16,4
2025-06-08 15:11:57.268062+00:00,70B3D57ED0045541,Hygro#55:41,Hygro,Mains of Carmyllie (LPID NO/54289/43391),56.580815,-2.747666,57fd04740006000021f910490000,17.81,11.4,6.0,0.0,86.97,4.17,0
2025-06-08 15:47:47.587233+00:00,70B3D57ED0045541,Hygro#55:41,Hygro,Mains of Carmyllie (LPID NO/54289/43391),56.580815,-2.747666,58a80474000606b6220010300001,18.48,11.4,6.0,17.18,87.04,4.14,1
2025-06-08 16:03:16.637019+00:00,70B3D57ED0045541,Hygro#55:41,Hygro,Mains of Carmyllie (LPID NO/54289/43391),56.580815,-2.747666,58330474000606fb21d910300002,18.02,11.4,6.0,17.87,86.65,4.14,2
2025-06-10 08:08:31.516002+00:00,70B3D57ED0045541,Hygro#55:41,Hygro,Mains of Carmyllie (LPID NO/54289/43391),56.580815,-2.747666,58f10474000600002500102c0000,18.76,11.4,6.0,0.0,94.72,4.14,0
2025-06-10 09:01:41.444062+00:00,70B3D57ED0045541,Hygro#55:41,Hygro,Mains of Carmyllie (LPID NO/54289/43391),56.580815,-2.747666,550304740006065f252110370001,14.86,11.4,6.0,16.31,95.05,4.15,1
2025-06-10 09:17:12.247669+00:00,70B3D57ED0045541,Hygro#55:41,Hygro,Mains of Carmyllie (LPID NO/54289/43391),56.580815,-2.747666,590d04740006041c253210420002,18.87,11.4,6.0,10.52,95.22,4.16,2
2025-06-10 10:14:13.097987+00:00,70B3D57ED0045541,Hygro#55:41,Hygro,Mains of Carmyllie (LPID NO/54289/43391),56.580815,-2.747666,5901047400060674246110510000,18.82,11.4,6.0,16.52,93.13,4.18,0
2025-06-10 10:32:34.398262+00:00,70B3D57ED0045541,Hygro#55:41,Hygro,Mains of Carmyllie (LPID NO/54289/43391),56.580815,-2.747666,57ed0474000606bd242c10210001,17.75,11.4,6.0,17.25,92.6,4.13,1
2025-06-10 11:44:08.608215+00:00,70B3D57ED0045541,Hygro#55:41,Hygro,Mains of Carmyllie (LPID NO/54289/43391),56.580815,-2.747666,58f204740006074023c3104f0002,18.76,11.4,6.0,18.56,91.55,4.17,2
2025-06-10 12:18:19.932024+00:00,70B3D57ED0045541,Hygro#55:41,Hygro,Mains of Carmyllie (LPID NO/54289/43391),56.580815,-2.747666,58ef0474000608422271104f0003,18.75,11.4,6.0,21.14,88.17,4.17,3
2025-06-10 12:35:20.891057+00:00,70B3D57ED0045541,Hygro#55:41,Hygro,Mains of Carmyllie (LPID NO/54289/43391),56.580815,-2.747666,589404740006109521de104f0000,18.4,11.4,6.0,42.45,86.7,4.17,0
2025-06-10 12:50:53.424487+00:00,70B3D57ED0045541,Hygro#55:41,Hygro,Mains of Carmyllie (LPID NO/54289/43391),56.580815,-2.747666,58e8047e00050885215c104f0001,18.73,11.5,5.0,21.81,85.4,4.17,1
2025-06-10 13:06:31.222920+00:00,70B3D57ED0045541,Hygro#55:41,Hygro,Mains of Carmyllie (LPID NO/54289/43391),56.580815,-2.747666,58eb047e00060944215910510002,18.74,11.5,6.0,23.72,85.37,4.18,2
2025-06-10 13:21:47.935330+00:00,70B3D57ED0045541,Hygro#55:41,Hygro,Mains of Carmyllie (LPID NO/54289/43391),56.580815,-2.747666,58df047e0006096c207810330003,18.69,11.5,6.0,24.12,83.12,4.15,3
2025-06-10 13:37:16.959137+00:00,70B3D57ED0045541,Hygro#55:41,Hygro,Mains of Carmyllie (LPID NO/54289/43391),56.580815,-2.747666,58e5047e0006092b209e104d0004,18.71,11.5,6.0,23.47,83.5,4.17,4
2025-06-10 14:02:49.149681+00:00,70B3D57ED0045541,Hygro#55:41,Hygro,Mains of Carmyllie (LPID NO/54289/43391),56.580815,-2.747666,58d8047e00050859209510540000,18.66,11.5,5.0,21.37,83.41,4.18,0
2025-06-11 08:35:52.139992+00:00,70B3D57ED0045541,Hygro#55:41,Hygro,Mains of Carmyllie (LPID NO/54289/43391),56.580815,-2.747666,57df048800060437250b10230001,17.7,11.6,6.0,10.79,94.83,4.13,1
2025-06-11 08:51:19.433272+00:00,70B3D57ED0045541,Hygro#55:41,Hygro,Mains of Carmyllie (LPID NO/54289/43391),56.580815,-2.747666,58b304880006045c24fd102c0002,18.52,11.6,6.0,11.16,94.69,4.14,2
2025-06-11 09:07:59.940163+00:00,70B3D57ED0045541,Hygro#55:41,Hygro,Mains of Carmyllie (LPID NO/54289/43391),56.580815,-2.747666,588304880006047724f710330003,18.33,11.6,6.0,11.43,94.63,4.15,3
2025-06-11 09:23:50.062562+00:00,70B3D57ED0045541,Hygro#55:41,Hygro,Mains of Carmyllie (LPID NO/54289/43391),56.580815,-2.747666,58a704880006070c2510102c0004,18.47,11.6,6.0,18.04,94.88,4.14,4
2025-06-11 09:40:58.009747+00:00,70B3D57ED0045541,Hygro#55:41,Hygro,Mains of Carmyllie (LPID NO/54289/43391),56.580815,-2.747666,589704880006027124fa10300005,18.41,11.6,6.0,6.25,94.66,4.14,5
2025-06-11 09:56:20.018539+00:00,70B3D57ED0045541,Hygro#55:41,Hygro,Mains of Carmyllie (LPID NO/54289/43391),56.580815,-2.747666,57e90488000604f22516102c0006,17.74,11.6,6.0,12.66,94.94,4.14,6
2025-06-11 10:11:57.845869+00:00,70B3D57ED0045541,Hygro#55:41,Hygro,Mains of Carmyllie (LPID NO/54289/43391),56.580815,-2.747666,58540488000605282523102e0007,18.15,11.6,6.0,13.2,95.07,4.14,7
2025-06-11 10:27:16.326521+00:00,70B3D57ED0045541,Hygro#55:41,Hygro,Mains of Carmyllie (LPID NO/54289/43391),56.580815,-2.747666,588f0488000607dc246510300008,18.38,11.6,6.0,20.12,93.17,4.14,8
2025-06-11 11:57:32.476689+00:00,70B3D57ED0045541,Hygro#55:41,Hygro,Mains of Carmyllie (LPID NO/54289/43391),56.580815,-2.747666,58820488000607b0232410350009,18.33,11.6,6.0,19.68,89.96,4.15,9
2025-06-11 12:12:49.206207+00:00,70B3D57ED0045541,Hygro#55:41,Hygro,Mains of Carmyllie (LPID NO/54289/43391),56.580815,-2.747666,587b0488000607b0230a103b000a,18.3,11.6,6.0,19.68,89.7,4.16,10
2025-06-11 12:28:16.493305+00:00,70B3D57ED0045541,Hygro#55:41,Hygro,Mains of Carmyllie (LPID NO/54289/43391),56.580815,-2.747666,58760488000507bd23201042000b,18.28,11.6,5.0,19.81,89.92,4.16,11
2025-06-11 12:44:34.121692+00:00,70B3D57ED0045541,Hygro#55:41,Hygro,Mains of Carmyllie (LPID NO/54289/43391),56.580815,-2.747666,585504880006077e22f81037000c,18.16,11.6,6.0,19.18,89.52,4.15,12
2025-06-11 13:01:42.074565+00:00,70B3D57ED0045541,Hygro#55:41,Hygro,Mains of Carmyllie (LPID NO/54289/43391),56.580815,-2.747666,57d304880006078522f21030000d,17.65,11.6,6.0,19.25,89.46,4.14,13
2025-06-11 15:49:19.239421+00:00,70B3D57ED0045541,Hygro#55:41,Hygro,Mains of Carmyllie (LPID NO/54289/43391),56.580815,-2.747666,574204920005068421dd10370000,17.09,11.7,5.0,16.68,86.69,4.15,0
2025-06-13 09:21:17.367852+00:00,70B3D57ED0045541,Hygro#55:41,Hygro,Mains of Carmyllie (LPID NO/54289/43391),56.580815,-2.747666,57f704b00006029823bd10300001,17.79,12.0,6.0,6.64,91.49,4.14,1
2025-06-13 09:37:41.974663+00:00,70B3D57ED0045541,Hygro#55:41,Hygro,Mains of Carmyllie (LPID NO/54289/43391),56.580815,-2.747666,57e304b00005088b23ef10330002,17.71,12.0,5.0,21.87,91.99,4.15,2
2025-06-13 10:47:00.129927+00:00,70B3D57ED0045541,Hygro#55:41,Hygro,Mains of Carmyllie (LPID NO/54289/43391),56.580815,-2.747666,57dc04b0000508b1234910330000,17.69,12.0,5.0,22.25,90.33,4.15,0
2025-06-13 16:21:21.599145+00:00,70B3D57ED0045541,Hygro#55:41,Hygro,Mains of Carmyllie (LPID NO/54289/43391),56.580815,-2.747666,56dc04c40005085f225110280001,16.69,12.2,5.0,21.43,87.85,4.14,1
2025-06-15 08:20:07.257761+00:00,70B3D57ED0045541,Hygro#55:41,Hygro,Mains of Carmyllie (LPID NO/54289/43391),56.580815,-2.747666,5ec704d8000d0597257b104d0000,24.56,12.4,13.0,14.31,95.95,4.17,0
2025-06-15 08:35:23.989446+00:00,70B3D57ED0045541,Hygro#55:41,Hygro,Mains of Carmyllie (LPID NO/54289/43391),56.580815,-2.747666,5ed504d8000b066b258a104b0001,24.61,12.4,11.0,16.43,96.1,4.17,1
2025-06-15 08:51:36.318584+00:00,70B3D57ED0045541,Hygro#55:41,Hygro,Mains of Carmyllie (LPID NO/54289/43391),56.580815,-2.747666,5eda04d8000b0701258010490002,24.63,12.4,11.0,17.93,96.0,4.17,2
2025-06-15 09:06:53.047168+00:00,70B3D57ED0045541,Hygro#55:41,Hygro,Mains of Carmyllie (LPID NO/54289/43391),56.580815,-2.747666,5ee004d8000b07852539104b0003,24.65,12.4,11.0,19.25,95.29,4.17,3
2025-06-15 09:59:55.105692+00:00,70B3D57ED0045541,Hygro#55:41,Hygro,Mains of Carmyllie (LPID NO/54289/43391),56.580815,-2.747666,5eee04d8000b02af249610490004,24.71,12.4,11.0,6.87,93.66,4.17,4
2025-06-15 10:55:28.224955+00:00,70B3D57ED0045541,Hygro#55:41,Hygro,Mains of Carmyllie (LPID NO/54289/43391),56.580815,-2.747666,5eeb04d8000c0772240d104d0005,24.7,12.4,12.0,19.06,92.29,4.17,5
2025-06-15 11:13:33.480203+00:00,70B3D57ED0045541,Hygro#55:41,Hygro,Mains of Carmyllie (LPID NO/54289/43391),56.580815,-2.747666,5ef904d8000b08402489104d0006,24.75,12.4,11.0,21.12,93.53,4.17,6
2025-06-15 11:28:50.212162+00:00,70B3D57ED0045541,Hygro#55:41,Hygro,Mains of Carmyllie (LPID NO/54289/43391),56.580815,-2.747666,5ef804d8000b08592484104b0007,24.75,12.4,11.0,21.37,93.48,4.17,7
2025-06-15 12:03:46.496096+00:00,70B3D57ED0045541,Hygro#55:41,Hygro,Mains of Carmyllie (LPID NO/54289/43391),56.580815,-2.747666,5ef404d8000c08b523e810510008,24.73,12.4,12.0,22.29,91.92,4.18,8
2025-06-15 12:20:11.081477+00:00,70B3D57ED0045541,Hygro#55:41,Hygro,Mains of Carmyllie (LPID NO/54289/43391),56.580815,-2.747666,5ef304d8000c084d23b510510009,24.73,12.4,12.0,21.25,91.41,4.18,9
2025-06-15 13:13:04.472343+00:00,70B3D57ED0045541,Hygro#55:41,Hygro,Mains of Carmyllie (LPID NO/54289/43391),56.580815,-2.747666,5f0104d8000b089823eb1051000a,24.78,12.4,11.0,22.0,91.95,4.18,10
2025-06-15 13:28:22.940733+00:00,70B3D57ED0045541,Hygro#55:41,Hygro,Mains of Carmyllie (LPID NO/54289/43391),56.580815,-2.747666,5efa04d8000b089e236b104f000b,24.75,12.4,11.0,22.06,90.67,4.17,11
2025-06-15 13:44:37.009659+00:00,70B3D57ED0045541,Hygro#55:41,Hygro,Mains of Carmyllie (LPID NO/54289/43391),56.580815,-2.747666,5ef104d8000b05cf2351104f000c,24.72,12.4,11.0,14.87,90.41,4.17,12
2025-06-15 14:00:51.046916+00:00,70B3D57ED0045541,Hygro#55:41,Hygro,Mains of Carmyllie (LPID NO/54289/43391),56.580815,-2.747666,5ef504d8000b08bd224f1054000d,24.73,12.4,11.0,22.37,87.83,4.18,13
2025-06-15 14:18:56.234210+00:00,70B3D57ED0045541,Hygro#55:41,Hygro,Mains of Carmyllie (LPID NO/54289/43391),56.580815,-2.747666,5ef304d8000b08e92204104f000e,24.73,12.4,11.0,22.81,87.08,4.17,14
2025-06-15 14:52:56.799362+00:00,70B3D57ED0045541,Hygro#55:41,Hygro,Mains of Carmyllie (LPID NO/54289/43391),56.580815,-2.747666,5ef504d8000a0842227b1054000f,24.73,12.4,10.0,21.14,88.27,4.18,15
2025-06-15 15:08:27.579926+00:00,70B3D57ED0045541,Hygro#55:41,Hygro,Mains of Carmyllie (LPID NO/54289/43391),56.580815,-2.747666,5ef704dd000b081b222610540010,24.74,12.45,11.0,20.75,87.42,4.18,16
2025-06-15 15:24:03.650445+00:00,70B3D57ED0045541,Hygro#55:41,Hygro,Mains of Carmyllie (LPID NO/54289/43391),56.580815,-2.747666,5ef504e2000b0516229810540011,24.73,12.5,11.0,13.02,88.56,4.18,17
2025-06-15 16:08:01.659661+00:00,70B3D57ED0045541,Hygro#55:41,Hygro,Mains of Carmyllie (LPID NO/54289/43391),56.580815,-2.747666,5e1a04e2000b0000231f10330000,23.89,12.5,11.0,0.0,89.91,4.15,0
2025-06-16 12:57:49.418883+00:00,70B3D57ED0045541,Hygro#55:41,Hygro,Mains of Carmyllie (LPID NO/54289/43391),56.580815,-2.747666,5eb204f6000a06e824e6102c0001,24.47,12.7,10.0,17.68,94.46,4.14,1
2025-06-16 13:13:09.677027+00:00,70B3D57ED0045541,Hygro#55:41,Hygro,Mains of Carmyllie (LPID NO/54289/43391),56.580815,-2.747666,5dfd04f6000a024d24ec10210002,23.77,12.7,10.0,5.89,94.52,4.13,2
2025-06-16 13:28:33.450760+00:00,70B3D57ED0045541,Hygro#55:41,Hygro,Mains of Carmyllie (LPID NO/54289/43391),56.580815,-2.747666,5eae04f6000a024b24f1102c0003,24.46,12.7,10.0,5.87,94.57,4.14,3
2025-06-16 13:43:50.173110+00:00,70B3D57ED0045541,Hygro#55:41,Hygro,Mains of Carmyllie (LPID NO/54289/43391),56.580815,-2.747666,5ea904f6000a053f24d7104d0004,24.44,12.7,10.0,13.43,94.31,4.17,4
2025-06-16 13:59:15.697802+00:00,70B3D57ED0045541,Hygro#55:41,Hygro,Mains of Carmyllie (LPID NO/54289/43391),56.580815,-2.747666,5ea904f6000a05a1249810510005,24.44,12.7,10.0,14.41,93.68,4.18,5
2025-06-16 14:14:42.966357+00:00,70B3D57ED0045541,Hygro#55:41,Hygro,Mains of Carmyllie (LPID NO/54289/43391),56.580815,-2.747666,5ea004f6000a02db248e104f0006,24.4,12.7,10.0,7.31,93.58,4.17,6
2025-06-16 14:30:13.745845+00:00,70B3D57ED0045541,Hygro#55:41,Hygro,Mains of Carmyllie (LPID NO/54289/43391),56.580815,-2.747666,5e4c04f6000a0569245a102c0007,24.08,12.7,10.0,13.85,93.06,4.14,7
2025-06-16 14:45:46.304665+00:00,70B3D57ED0045541,Hygro#55:41,Hygro,Mains of Carmyllie (LPID NO/54289/43391),56.580815,-2.747666,5dc004f6000a04f6248110280008,23.54,12.7,10.0,12.7,93.45,4.14,8
2025-06-16 15:09:17.505674+00:00,70B3D57ED0045541,Hygro#55:41,Hygro,Mains of Carmyllie (LPID NO/54289/43391),56.580815,-2.747666,5da904f6000b0000249b102a0000,23.45,12.7,11.0,0.0,93.71,4.14,0
2025-06-17 08:07:38.557286+00:00,70B3D57ED0045541,Hygro#55:41,Hygro,Mains of Carmyllie (LPID NO/54289/43391),56.580815,-2.747666,5e4d0500000a025325b910510001,24.08,12.8,10.0,5.95,96.57,4.18,1
2025-06-17 08:23:30.445121+00:00,70B3D57ED0045541,Hygro#55:41,Hygro,Mains of Carmyllie (LPID NO/54289/43391),56.580815,-2.747666,5e4c0500000a04d72558104f0002,24.08,12.8,10.0,12.39,95.6,4.17,2
2025-06-17 08:40:48.446022+00:00,70B3D57ED0045541,Hygro#55:41,Hygro,Mains of Carmyllie (LPID NO/54289/43391),56.580815,-2.747666,5e470500000a0000251410350000,24.06,12.8,10.0,0.0,94.92,4.15,0
2025-06-17 08:56:05.169642+00:00,70B3D57ED0045541,Hygro#55:41,Hygro,Mains of Carmyllie (LPID NO/54289/43391),56.580815,-2.747666,5e4305000009050725c310510001,24.04,12.8,9.0,12.87,96.67,4.18,1
2025-06-17 09:11:44.748902+00:00,70B3D57ED0045541,Hygro#55:41,Hygro,Mains of Carmyllie (LPID NO/54289/43391),56.580815,-2.747666,5e3c0500000a059125cb104d0002,24.02,12.8,10.0,14.25,96.75,4.17,2
2025-06-17 09:27:04.985056+00:00,70B3D57ED0045541,Hygro#55:41,Hygro,Mains of Carmyllie (LPID NO/54289/43391),56.580815,-2.747666,5e380500000a05c725a4104f0003,24.0,12.8,10.0,14.79,96.36,4.17,3
2025-06-17 09:42:37.525162+00:00,70B3D57ED0045541,Hygro#55:41,Hygro,Mains of Carmyllie (LPID NO/54289/43391),56.580815,-2.747666,5e390500000a08c12585104f0004,24.01,12.8,10.0,22.41,96.05,4.17,4
2025-06-17 09:58:13.584174+00:00,70B3D57ED0045541,Hygro#55:41,Hygro,Mains of Carmyllie (LPID NO/54289/43391),56.580815,-2.747666,58530500000a0836245d10540005,18.15,12.8,10.0,21.02,93.09,4.18,5
2025-06-17 10:13:35.569856+00:00,70B3D57ED0045541,Hygro#55:41,Hygro,Mains of Carmyllie (LPID NO/54289/43391),56.580815,-2.747666,5e320500000a085f2459104f0006,23.98,12.8,10.0,21.43,93.05,4.17,6
2025-06-17 10:28:54.042646+00:00,70B3D57ED0045541,Hygro#55:41,Hygro,Mains of Carmyllie (LPID NO/54289/43391),56.580815,-2.747666,5e2d050000090915250d104f0007,23.96,12.8,9.0,23.25,94.85,4.17,7
2025-06-17 10:44:12.526142+00:00,70B3D57ED0045541,Hygro#55:41,Hygro,Mains of Carmyllie (LPID NO/54289/43391),56.580815,-2.747666,5d410500000a061a2488101f0008,23.04,12.8,10.0,15.62,93.52,4.13,8
2025-06-17 10:59:30.996933+00:00,70B3D57ED0045541,Hygro#55:41,Hygro,Mains of Carmyllie (LPID NO/54289/43391),56.580815,-2.747666,5d510500000a095324df10230009,23.11,12.8,10.0,23.87,94.39,4.13,9
2025-06-17 11:14:49.481829+00:00,70B3D57ED0045541,Hygro#55:41,Hygro,Mains of Carmyllie (LPID NO/54289/43391),56.580815,-2.747666,5e1f0500000a099824c21054000a,23.9,12.8,10.0,24.56,94.1,4.18,10
2025-06-17 11:30:13.213989+00:00,70B3D57ED0045541,Hygro#55:41,Hygro,Mains of Carmyllie (LPID NO/54289/43391),56.580815,-2.747666,5e180500000a0a7324911054000b,23.88,12.8,10.0,26.75,93.61,4.18,11
2025-06-17 11:45:29.919160+00:00,70B3D57ED0045541,Hygro#55:41,Hygro,Mains of Carmyllie (LPID NO/54289/43391),56.580815,-2.747666,5e120500000a0a1524301051000c,23.85,12.8,10.0,25.81,92.64,4.18,12
2025-06-17 12:01:02.441639+00:00,70B3D57ED0045541,Hygro#55:41,Hygro,Mains of Carmyllie (LPID NO/54289/43391),56.580815,-2.747666,5e0e05000009097023781051000d,23.84,12.8,9.0,24.16,90.8,4.18,13
2025-06-17 12:16:24.435323+00:00,70B3D57ED0045541,Hygro#55:41,Hygro,Mains of Carmyllie (LPID NO/54289/43391),56.580815,-2.747666,5e1005000009090e23001054000e,23.85,12.8,9.0,23.18,89.6,4.18,14
2025-06-17 12:31:41.162373+00:00,70B3D57ED0045541,Hygro#55:41,Hygro,Mains of Carmyllie (LPID NO/54289/43391),56.580815,-2.747666,5e0a0500000a0998233c1054000f,23.82,12.8,10.0,24.56,90.2,4.18,15
2025-06-17 12:46:59.618529+00:00,70B3D57ED0045541,Hygro#55:41,Hygro,Mains of Carmyllie (LPID NO/54289/43391),56.580815,-2.747666,5e04050a00090aa2239910560010,23.8,12.9,9.0,27.22,91.13,4.18,16
2025-06-17 13:02:16.339830+00:00,70B3D57ED0045541,Hygro#55:41,Hygro,Mains of Carmyllie (LPID NO/54289/43391),56.580815,-2.747666,5dfe050a000909dd230010560011,23.78,12.9,9.0,25.25,89.6,4.18,17
2025-06-17 13:17:33.056019+00:00,70B3D57ED0045541,Hygro#55:41,Hygro,Mains of Carmyllie (LPID NO/54289/43391),56.580815,-2.747666,5dfb050a000909fc22f110540012,23.76,12.9,9.0,25.56,89.45,4.18,18
2025-06-17 13:32:49.767093+00:00,70B3D57ED0045541,Hygro#55:41,Hygro,Mains of Carmyllie (LPID NO/54289/43391),56.580815,-2.747666,5d0c050a00090a53229a10300013,22.84,12.9,9.0,26.43,88.58,4.14,19
2025-06-17 13:48:06.469559+00:00,70B3D57ED0045541,Hygro#55:41,Hygro,Mains of Carmyllie (LPID NO/54289/43391),56.580815,-2.747666,5df3050a00090a6a225e10580014,23.73,12.9,9.0,26.66,87.98,4.18,20
2025-06-17 14:03:24.940233+00:00,70B3D57ED0045541,Hygro#55:41,Hygro,Mains of Carmyllie (LPID NO/54289/43391),56.580815,-2.747666,5de9050a000a09bd215b10560015,23.7,12.9,10.0,24.93,85.39,4.18,21
2025-06-17 14:18:41.656796+00:00,70B3D57ED0045541,Hygro#55:41,Hygro,Mains of Carmyllie (LPID NO/54289/43391),56.580815,-2.747666,5cd5050a000908d62191102c0016,22.62,12.9,9.0,22.62,85.93,4.14,22
2025-06-17 14:33:58.374553+00:00,70B3D57ED0045541,Hygro#55:41,Hygro,Mains of Carmyllie (LPID NO/54289/43391),56.580815,-2.747666,5de8050a000a09472222105a0017,23.69,12.9,10.0,23.75,87.38,4.19,23
2025-06-17 14:49:16.848697+00:00,70B3D57ED0045541,Hygro#55:41,Hygro,Mains of Carmyllie (LPID NO/54289/43391),56.580815,-2.747666,5de0050a00090925225010540018,23.66,12.9,9.0,23.41,87.84,4.18,24
2025-06-17 15:04:33.566377+00:00,70B3D57ED0045541,Hygro#55:41,Hygro,Mains of Carmyllie (LPID NO/54289/43391),56.580815,-2.747666,5de1050a000a084d2256105c0019,23.66,12.9,10.0,21.25,87.9,4.19,25
2025-06-17 15:35:07.005885+00:00,70B3D57ED0045541,Hygro#55:41,Hygro,Mains of Carmyllie (LPID NO/54289/43391),56.580815,-2.747666,5dda05140009095922561058001b,23.64,13.0,9.0,23.93,87.9,4.18,27
2025-06-17 15:50:23.717010+00:00,70B3D57ED0045541,Hygro#55:41,Hygro,Mains of Carmyllie (LPID NO/54289/43391),56.580815,-2.747666,5dd505140009096621621058001c,23.62,13.0,9.0,24.06,85.46,4.18,28
2025-06-17 16:05:40.444466+00:00,70B3D57ED0045541,Hygro#55:41,Hygro,Mains of Carmyllie (LPID NO/54289/43391),56.580815,-2.747666,5dcf0514000908142224105a001d,23.59,13.0,9.0,20.68,87.4,4.19,29
2025-06-17 16:24:22.053353+00:00,70B3D57ED0045541,Hygro#55:41,Hygro,Mains of Carmyllie (LPID NO/54289/43391),56.580815,-2.747666,5dce0514000a103a226a10580000,23.59,13.0,10.0,41.54,88.1,4.18,0
2025-06-17 16:39:38.782288+00:00,70B3D57ED0045541,Hygro#55:41,Hygro,Mains of Carmyllie (LPID NO/54289/43391),56.580815,-2.747666,5dcd05140009079722a5105a0001,23.59,13.0,9.0,19.43,88.69,4.19,1
2025-06-17 16:56:31.378983+00:00,70B3D57ED0045541,Hygro#55:41,Hygro,Mains of Carmyllie (LPID NO/54289/43391),56.580815,-2.747666,5d860514000907b022f3103e0000,23.31,13.0,9.0,19.68,89.47,4.16,0
2025-06-18 11:34:02.645679+00:00,70B3D57ED0045541,Hygro#55:41,Hygro,Mains of Carmyllie (LPID NO/54289/43391),56.580815,-2.747666,5d6905140009049723ed10400002,23.2,13.0,9.0,11.75,91.97,4.16,2
2025-06-18 11:49:56.317998+00:00,70B3D57ED0045541,Hygro#55:41,Hygro,Mains of Carmyllie (LPID NO/54289/43391),56.580815,-2.747666,5d6a0514000a000023d410560003,23.2,13.0,10.0,0.0,91.72,4.18,3
2025-06-18 12:05:28.868472+00:00,70B3D57ED0045541,Hygro#55:41,Hygro,Mains of Carmyllie (LPID NO/54289/43391),56.580815,-2.747666,5d6405140009029623c010580004,23.18,13.0,9.0,6.62,91.52,4.18,4
2025-06-18 12:21:42.940744+00:00,70B3D57ED0045541,Hygro#55:41,Hygro,Mains of Carmyllie (LPID NO/54289/43391),56.580815,-2.747666,5d5f051400090834237e10560005,23.16,13.0,9.0,21.0,90.86,4.18,5
2025-06-18 12:37:04.932171+00:00,70B3D57ED0045541,Hygro#55:41,Hygro,Mains of Carmyllie (LPID NO/54289/43391),56.580815,-2.747666,5d5a0514000902a0234310540006,23.14,13.0,9.0,6.72,90.27,4.18,6
2025-06-18 12:52:21.664890+00:00,70B3D57ED0045541,Hygro#55:41,Hygro,Mains of Carmyllie (LPID NO/54289/43391),56.580815,-2.747666,5d58050a0009074e230010560007,23.13,12.9,9.0,18.7,89.6,4.18,7
2025-06-18 13:07:48.951648+00:00,70B3D57ED0045541,Hygro#55:41,Hygro,Mains of Carmyllie (LPID NO/54289/43391),56.580815,-2.747666,5d54050a000906e822db10580008,23.12,12.9,9.0,17.68,89.23,4.18,8
2025-06-18 13:23:12.710750+00:00,70B3D57ED0045541,Hygro#55:41,Hygro,Mains of Carmyllie (LPID NO/54289/43391),56.580815,-2.747666,5d56050a0009049b22ea105c0009,23.12,12.9,9.0,11.79,89.38,4.19,9
2025-06-18 13:38:31.208193+00:00,70B3D57ED0045541,Hygro#55:41,Hygro,Mains of Carmyllie (LPID NO/54289/43391),56.580815,-2.747666,5d51050a000904ab23091058000a,23.11,12.9,9.0,11.95,89.69,4.18,10
2025-06-18 13:53:56.725053+00:00,70B3D57ED0045541,Hygro#55:41,Hygro,Mains of Carmyllie (LPID NO/54289/43391),56.580815,-2.747666,5d4b050a000904e42328105c000b,23.08,12.9,9.0,12.52,90.0,4.19,11
2025-06-18 14:09:15.216774+00:00,70B3D57ED0045541,Hygro#55:41,Hygro,Mains of Carmyllie (LPID NO/54289/43391),56.580815,-2.747666,5d48050a000804d12313105c000c,23.07,12.9,8.0,12.33,89.79,4.19,12
2025-06-18 14:24:31.932581+00:00,70B3D57ED0045541,Hygro#55:41,Hygro,Mains of Carmyllie (LPID NO/54289/43391),56.580815,-2.747666,5d48050a0009078723101058000d,23.07,12.9,9.0,19.27,89.76,4.18,13
2025-06-18 14:39:48.669668+00:00,70B3D57ED0045541,Hygro#55:41,Hygro,Mains of Carmyllie (LPID NO/54289/43391),56.580815,-2.747666,5d44050a0009074622fb1058000e,23.06,12.9,9.0,18.62,89.55,4.18,14
2025-06-18 14:55:07.163701+00:00,70B3D57ED0045541,Hygro#55:41,Hygro,Mains of Carmyllie (LPID NO/54289/43391),56.580815,-2.747666,5c1b050a0009072d22f81033000f,21.9,12.9,9.0,18.37,89.52,4.15,15
2025-06-18 15:28:10.179350+00:00,70B3D57ED0045541,Hygro#55:41,Hygro,Mains of Carmyllie (LPID NO/54289/43391),56.580815,-2.747666,5c3f050a0009000022e210350000,22.04,12.9,9.0,0.0,89.3,4.15,0
2025-06-19 08:30:48.652132+00:00,70B3D57ED0045541,Hygro#55:41,Hygro,Mains of Carmyllie (LPID NO/54289/43391),56.580815,-2.747666,5c1d05000008049f246d10250001,21.91,12.8,8.0,11.83,93.25,4.13,1
2025-06-19 08:46:24.721376+00:00,70B3D57ED0045541,Hygro#55:41,Hygro,Mains of Carmyllie (LPID NO/54289/43391),56.580815,-2.747666,5cf60500000804cd244810350002,22.75,12.8,8.0,12.29,92.88,4.15,2
2025-06-19 09:01:46.710563+00:00,70B3D57ED0045541,Hygro#55:41,Hygro,Mains of Carmyllie (LPID NO/54289/43391),56.580815,-2.747666,5cf204f600090797244b10370003,22.74,12.7,9.0,19.43,92.91,4.15,3
2025-06-19 09:17:05.198708+00:00,70B3D57ED0045541,Hygro#55:41,Hygro,Mains of Carmyllie (LPID NO/54289/43391),56.580815,-2.747666,5ceb04f60008050f23ac10540004,22.71,12.7,8.0,12.95,91.32,4.18,4
2025-06-19 09:32:30.692339+00:00,70B3D57ED0045541,Hygro#55:41,Hygro,Mains of Carmyllie (LPID NO/54289/43391),56.580815,-2.747666,5ba704f600090524237110210005,21.45,12.7,9.0,13.16,90.73,4.13,5
2025-06-19 09:47:52.705396+00:00,70B3D57ED0045541,Hygro#55:41,Hygro,Mains of Carmyllie (LPID NO/54289/43391),56.580815,-2.747666,5ce304f60008054a235010540006,22.68,12.7,8.0,13.54,90.4,4.18,6
2025-06-19 10:04:10.257873+00:00,70B3D57ED0045541,Hygro#55:41,Hygro,Mains of Carmyllie (LPID NO/54289/43391),56.580815,-2.747666,5cd304f60008054122c910510007,22.62,12.7,8.0,13.45,89.05,4.18,7
2025-06-19 10:19:26.968623+00:00,70B3D57ED0045541,Hygro#55:41,Hygro,Mains of Carmyllie (LPID NO/54289/43391),56.580815,-2.747666,5cd504f60009056322a710560008,22.62,12.7,9.0,13.79,88.71,4.18,8
2025-06-19 10:35:39.262813+00:00,70B3D57ED0045541,Hygro#55:41,Hygro,Mains of Carmyllie (LPID NO/54289/43391),56.580815,-2.747666,5cd604f60008059b226610580009,22.63,12.7,8.0,14.35,88.06,4.18,9
2025-06-19 10:50:57.729362+00:00,70B3D57ED0045541,Hygro#55:41,Hygro,Mains of Carmyllie (LPID NO/54289/43391),56.580815,-2.747666,5cd404f60008057821d21051000a,22.62,12.7,8.0,14.0,86.58,4.18,10
2025-06-19 11:06:30.265203+00:00,70B3D57ED0045541,Hygro#55:41,Hygro,Mains of Carmyllie (LPID NO/54289/43391),56.580815,-2.747666,5ccf04f60008082321901056000b,22.6,12.7,8.0,20.83,85.92,4.18,11
2025-06-19 11:22:01.026388+00:00,70B3D57ED0045541,Hygro#55:41,Hygro,Mains of Carmyllie (LPID NO/54289/43391),56.580815,-2.747666,5cc904f60008085321651058000c,22.58,12.7,8.0,21.31,85.49,4.18,12
2025-06-19 11:37:17.730615+00:00,70B3D57ED0045541,Hygro#55:41,Hygro,Mains of Carmyllie (LPID NO/54289/43391),56.580815,-2.747666,5cbd04f60008085321151056000d,22.53,12.7,8.0,21.31,84.69,4.18,13
2025-06-19 11:52:34.446157+00:00,70B3D57ED0045541,Hygro#55:41,Hygro,Mains of Carmyllie (LPID NO/54289/43391),56.580815,-2.747666,5cb904f60008086620ec1056000e,22.52,12.7,8.0,21.5,84.28,4.18,14
2025-06-19 12:07:58.188085+00:00,70B3D57ED0045541,Hygro#55:41,Hygro,Mains of Carmyllie (LPID NO/54289/43391),56.580815,-2.747666,5cb704f6000805a120ab1058000f,22.51,12.7,8.0,14.41,83.63,4.18,15
2025-06-19 12:23:14.906213+00:00,70B3D57ED0045541,Hygro#55:41,Hygro,Mains of Carmyllie (LPID NO/54289/43391),56.580815,-2.747666,5cb604f600080846209510560010,22.5,12.7,8.0,21.18,83.41,4.18,16
2025-06-19 12:38:33.379362+00:00,70B3D57ED0045541,Hygro#55:41,Hygro,Mains of Carmyllie (LPID NO/54289/43391),56.580815,-2.747666,5cb504f60009081b208810580011,22.5,12.7,9.0,20.75,83.28,4.18,17
2025-06-19 12:53:58.903172+00:00,70B3D57ED0045541,Hygro#55:41,Hygro,Mains of Carmyllie (LPID NO/54289/43391),56.580815,-2.747666,5cb004f6000808342062105c0012,22.48,12.7,8.0,21.0,82.9,4.19,18
2025-06-19 13:09:17.363602+00:00,70B3D57ED0045541,Hygro#55:41,Hygro,Mains of Carmyllie (LPID NO/54289/43391),56.580815,-2.747666,5cab04f600080578201e10560013,22.46,12.7,8.0,14.0,82.22,4.18,19
2025-06-19 13:24:35.836587+00:00,70B3D57ED0045541,Hygro#55:41,Hygro,Mains of Carmyllie (LPID NO/54289/43391),56.580815,-2.747666,5ca604f6000802be1ffb105a0014,22.44,12.7,8.0,7.02,81.87,4.19,20
2025-06-19 13:39:52.555338+00:00,70B3D57ED0045541,Hygro#55:41,Hygro,Mains of Carmyllie (LPID NO/54289/43391),56.580815,-2.747666,5ca704f60009084d202310580015,22.45,12.7,9.0,21.25,82.27,4.18,21
2025-06-19 13:55:11.023967+00:00,70B3D57ED0045541,Hygro#55:41,Hygro,Mains of Carmyllie (LPID NO/54289/43391),56.580815,-2.747666,5c9f04f6000805801fdb10580016,22.41,12.7,8.0,14.08,81.55,4.18,22
2025-06-19 14:10:31.254553+00:00,70B3D57ED0045541,Hygro#55:41,Hygro,Mains of Carmyllie (LPID NO/54289/43391),56.580815,-2.747666,5ca104f60009057c1fbc10580017,22.42,12.7,9.0,14.04,81.24,4.18,23
2025-06-19 14:25:47.968555+00:00,70B3D57ED0045541,Hygro#55:41,Hygro,Mains of Carmyllie (LPID NO/54289/43391),56.580815,-2.747666,5c9704f6000908361f7010560018,22.38,12.7,9.0,21.02,80.48,4.18,24
2025-06-19 14:41:04.683439+00:00,70B3D57ED0045541,Hygro#55:41,Hygro,Mains of Carmyllie (LPID NO/54289/43391),56.580815,-2.747666,5c9704f6000802ca1f7610580019,22.38,12.7,8.0,7.14,80.54,4.18,25
2025-06-19 14:58:30.878475+00:00,70B3D57ED0045541,Hygro#55:41,Hygro,Mains of Carmyllie (LPID NO/54289/43391),56.580815,-2.747666,5c94050000080b111f2110580000,22.37,12.8,8.0,28.33,79.69,4.18,0
2025-06-19 15:30:51.673892+00:00,70B3D57ED0045541,Hygro#55:41,Hygro,Mains of Carmyllie (LPID NO/54289/43391),56.580815,-2.747666,5c900500000805461f7d10580001,22.36,12.8,8.0,13.5,80.61,4.18,1
2025-06-19 15:46:45.308711+00:00,70B3D57ED0045541,Hygro#55:41,Hygro,Mains of Carmyllie (LPID NO/54289/43391),56.580815,-2.747666,5b9f0500000807cd1f2010440002,21.42,12.8,8.0,19.97,79.68,4.16,2
2025-06-19 16:02:02.016338+00:00,70B3D57ED0045541,Hygro#55:41,Hygro,Mains of Carmyllie (LPID NO/54289/43391),56.580815,-2.747666,5c8a0500000808271f4c105a0003,22.33,12.8,8.0,20.87,80.12,4.19,3
2025-06-19 16:21:37.642995+00:00,70B3D57ED0045541,Hygro#55:41,Hygro,Mains of Carmyllie (LPID NO/54289/43391),56.580815,-2.747666,5ba6050000080d861f6b10390000,21.45,12.8,8.0,34.62,80.43,4.15,0
2025-06-20 08:56:36.615362+00:00,70B3D57ED0045541,Hygro#55:41,Hygro,Mains of Carmyllie (LPID NO/54289/43391),56.580815,-2.747666,5bed050a000808ca248310280001,21.72,12.9,8.0,22.5,93.47,4.14,1
2025-06-20 09:11:53.323909+00:00,70B3D57ED0045541,Hygro#55:41,Hygro,Mains of Carmyllie (LPID NO/54289/43391),56.580815,-2.747666,5c3c050a0008093824a3102c0002,22.03,12.9,8.0,23.6,93.79,4.14,2
2025-06-20 09:27:15.322213+00:00,70B3D57ED0045541,Hygro#55:41,Hygro,Mains of Carmyllie (LPID NO/54289/43391),56.580815,-2.747666,5c2c050a000909922498103b0003,21.97,12.9,9.0,24.5,93.68,4.16,3
2025-06-20 09:42:37.311666+00:00,70B3D57ED0045541,Hygro#55:41,Hygro,Mains of Carmyllie (LPID NO/54289/43391),56.580815,-2.747666,5c2a050a000809e124a010390004,21.96,12.9,8.0,25.29,93.76,4.15,4
2025-06-20 09:58:13.341245+00:00,70B3D57ED0045541,Hygro#55:41,Hygro,Mains of Carmyllie (LPID NO/54289/43391),56.580815,-2.747666,5c20050a000806c9247d104d0005,21.92,12.9,8.0,17.37,93.41,4.17,5
2025-06-20 10:13:31.802969+00:00,70B3D57ED0045541,Hygro#55:41,Hygro,Mains of Carmyllie (LPID NO/54289/43391),56.580815,-2.747666,5c1b050a00080a1523cd10460006,21.9,12.9,8.0,25.81,91.65,4.17,6
2025-06-20 10:28:50.274982+00:00,70B3D57ED0045541,Hygro#55:41,Hygro,Mains of Carmyllie (LPID NO/54289/43391),56.580815,-2.747666,5c00050a000806de240510390007,21.8,12.9,8.0,17.58,92.21,4.15,7
2025-06-20 10:45:51.897236+00:00,70B3D57ED0045541,Hygro#55:41,Hygro,Mains of Carmyllie (LPID NO/54289/43391),56.580815,-2.747666,5c17050a00080a362394104f0000,21.89,12.9,8.0,26.14,91.08,4.17,0
2025-06-20 11:01:10.364233+00:00,70B3D57ED0045541,Hygro#55:41,Hygro,Mains of Carmyllie (LPID NO/54289/43391),56.580815,-2.747666,5bd1050a00080a2e2383102a0001,21.62,12.9,8.0,26.06,90.91,4.14,1
2025-06-20 11:16:27.083453+00:00,70B3D57ED0045541,Hygro#55:41,Hygro,Mains of Carmyllie (LPID NO/54289/43391),56.580815,-2.747666,5aaf050a00080a08233210370002,20.49,12.9,8.0,25.68,90.1,4.15,2
2025-06-20 11:43:04.260167+00:00,70B3D57ED0045541,Hygro#55:41,Hygro,Mains of Carmyllie (LPID NO/54289/43391),56.580815,-2.747666,5b98050a0008067e22b6102c0000,21.39,12.9,8.0,16.62,88.86,4.14,0
2025-06-20 11:58:20.970420+00:00,70B3D57ED0045541,Hygro#55:41,Hygro,Mains of Carmyllie (LPID NO/54289/43391),56.580815,-2.747666,5bfd050a00080a2e22d610560001,21.79,12.9,8.0,26.06,89.18,4.18,1
2025-06-20 12:13:39.453710+00:00,70B3D57ED0045541,Hygro#55:41,Hygro,Mains of Carmyllie (LPID NO/54289/43391),56.580815,-2.747666,5bec050a0008074622c810580002,21.72,12.9,8.0,18.62,89.04,4.18,2
2025-06-20 12:28:56.162153+00:00,70B3D57ED0045541,Hygro#55:41,Hygro,Mains of Carmyllie (LPID NO/54289/43391),56.580815,-2.747666,5bea050a00080aa722c010580003,21.71,12.9,8.0,27.27,88.96,4.18,3
2025-06-20 12:44:12.867377+00:00,70B3D57ED0045541,Hygro#55:41,Hygro,Mains of Carmyllie (LPID NO/54289/43391),56.580815,-2.747666,5b06050a00070a7322a8103b0004,20.83,12.9,7.0,26.75,88.72,4.16,4
2025-06-20 12:59:29.576982+00:00,70B3D57ED0045541,Hygro#55:41,Hygro,Mains of Carmyllie (LPID NO/54289/43391),56.580815,-2.747666,5bde050a00080afc227b10560005,21.67,12.9,8.0,28.12,88.27,4.18,5
2025-06-20 13:21:24.020620+00:00,70B3D57ED0045541,Hygro#55:41,Hygro,Mains of Carmyllie (LPID NO/54289/43391),56.580815,-2.747666,5ab0050a00080708222b102e0000,20.49,12.9,8.0,18.0,87.47,4.14,0
2025-06-20 13:36:40.730327+00:00,70B3D57ED0045541,Hygro#55:41,Hygro,Mains of Carmyllie (LPID NO/54289/43391),56.580815,-2.747666,5bd3051400080a7f223f10580001,21.62,13.0,8.0,26.87,87.67,4.18,1
2025-06-20 13:51:57.444866+00:00,70B3D57ED0045541,Hygro#55:41,Hygro,Mains of Carmyllie (LPID NO/54289/43391),56.580815,-2.747666,5a8f051400080a6c222a102a0002,20.37,13.0,8.0,26.68,87.46,4.14,2
2025-06-20 14:07:19.423480+00:00,70B3D57ED0045541,Hygro#55:41,Hygro,Mains of Carmyllie (LPID NO/54289/43391),56.580815,-2.747666,5bcd051400080a49224c10560003,21.6,13.0,8.0,26.33,87.8,4.18,3
2025-06-20 14:22:36.138396+00:00,70B3D57ED0045541,Hygro#55:41,Hygro,Mains of Carmyllie (LPID NO/54289/43391),56.580815,-2.747666,5bd0051400070ae9222110580004,21.61,13.0,7.0,27.93,87.37,4.18,4
2025-06-20 14:38:55.433526+00:00,70B3D57ED0045541,Hygro#55:41,Hygro,Mains of Carmyllie (LPID NO/54289/43391),56.580815,-2.747666,5ae2051400080ba3218b10300005,20.69,13.0,8.0,29.79,85.87,4.14,5
2025-06-20 14:54:19.162270+00:00,70B3D57ED0045541,Hygro#55:41,Hygro,Mains of Carmyllie (LPID NO/54289/43391),56.580815,-2.747666,5a4f051400080bbe20cd102c0006,20.12,13.0,8.0,30.06,83.97,4.14,6
2025-06-20 15:09:35.875762+00:00,70B3D57ED0045541,Hygro#55:41,Hygro,Mains of Carmyllie (LPID NO/54289/43391),56.580815,-2.747666,5a96051400080b282111102e0007,20.39,13.0,8.0,28.56,84.65,4.14,7
2025-06-20 15:24:52.587120+00:00,70B3D57ED0045541,Hygro#55:41,Hygro,Mains of Carmyllie (LPID NO/54289/43391),56.580815,-2.747666,5bb3051800070ae9213f10540008,21.5,13.04,7.0,27.93,85.11,4.18,8
2025-06-20 15:52:45.467262+00:00,70B3D57ED0045541,Hygro#55:41,Hygro,Mains of Carmyllie (LPID NO/54289/43391),56.580815,-2.747666,5ba5051e0008124b217410560000,21.45,13.1,8.0,46.83,85.64,4.18,0
2025-06-21 09:52:42.938846+00:00,70B3D57ED0045541,Hygro#55:41,Hygro,Mains of Carmyllie (LPID NO/54289/43391),56.580815,-2.747666,5b510546000808082221104b0001,21.12,13.5,8.0,20.56,87.37,4.17,1
2025-06-21 10:17:33.452560+00:00,70B3D57ED0045541,Hygro#55:41,Hygro,Mains of Carmyllie (LPID NO/54289/43391),56.580815,-2.747666,5a03053c00080000219010230000,19.82,13.4,8.0,0.0,85.92,4.13,0
2025-06-21 10:53:46.139688+00:00,70B3D57ED0045541,Hygro#55:41,Hygro,Mains of Carmyllie (LPID NO/54289/43391),56.580815,-2.747666,5b4a053c000802a02210103b0001,21.09,13.4,8.0,6.72,87.2,4.16,1
2025-06-21 11:09:04.627301+00:00,70B3D57ED0045541,Hygro#55:41,Hygro,Mains of Carmyllie (LPID NO/54289/43391),56.580815,-2.747666,5b46053c0007056721e610560002,21.08,13.4,7.0,13.83,86.78,4.18,2
2025-06-21 11:24:21.354419+00:00,70B3D57ED0045541,Hygro#55:41,Hygro,Mains of Carmyllie (LPID NO/54289/43391),56.580815,-2.747666,5a66053c00080556217f10330003,20.21,13.4,8.0,13.66,85.75,4.15,3
2025-06-21 11:39:38.078663+00:00,70B3D57ED0045541,Hygro#55:41,Hygro,Mains of Carmyllie (LPID NO/54289/43391),56.580815,-2.747666,5b45053c0007085321af10540004,21.07,13.4,7.0,21.31,86.23,4.18,4
2025-06-21 11:54:56.564298+00:00,70B3D57ED0045541,Hygro#55:41,Hygro,Mains of Carmyllie (LPID NO/54289/43391),56.580815,-2.747666,5b3c053c000805a1219210560005,21.04,13.4,8.0,14.41,85.94,4.18,5
2025-06-21 12:10:13.276004+00:00,70B3D57ED0045541,Hygro#55:41,Hygro,Mains of Carmyllie (LPID NO/54289/43391),56.580815,-2.747666,5b37053c00070885211610560006,21.02,13.4,7.0,21.81,84.7,4.18,6
2025-06-21 12:25:31.758160+00:00,70B3D57ED0045541,Hygro#55:41,Hygro,Mains of Carmyllie (LPID NO/54289/43391),56.580815,-2.747666,5b36053c0007083e20c510560007,21.01,13.4,7.0,21.1,83.89,4.18,7
2025-06-21 12:40:50.244258+00:00,70B3D57ED0045541,Hygro#55:41,Hygro,Mains of Carmyllie (LPID NO/54289/43391),56.580815,-2.747666,5b39053c000705cf20d510580008,21.03,13.4,7.0,14.87,84.05,4.18,8
2025-06-21 13:34:02.029540+00:00,70B3D57ED0045541,Hygro#55:41,Hygro,Mains of Carmyllie (LPID NO/54289/43391),56.580815,-2.747666,5a43054600070759213210300000,20.07,13.5,7.0,18.81,84.98,4.14,0
2025-06-22 07:49:15.867624+00:00,70B3D57ED0045541,Hygro#55:41,Hygro,Mains of Carmyllie (LPID NO/54289/43391),56.580815,-2.747666,5a2d0564000806c325d910250001,19.99,13.8,8.0,17.31,96.89,4.13,1
2025-06-22 08:04:41.389236+00:00,70B3D57ED0045541,Hygro#55:41,Hygro,Mains of Carmyllie (LPID NO/54289/43391),56.580815,-2.747666,5b050564000706e825d310390002,20.82,13.8,7.0,17.68,96.83,4.15,2
2025-06-22 08:20:03.398885+00:00,70B3D57ED0045541,Hygro#55:41,Hygro,Mains of Carmyllie (LPID NO/54289/43391),56.580815,-2.747666,5b03056400080260259c10540003,20.82,13.8,8.0,6.08,96.28,4.18,3
2025-06-22 08:35:21.876076+00:00,70B3D57ED0045541,Hygro#55:41,Hygro,Mains of Carmyllie (LPID NO/54289/43391),56.580815,-2.747666,5b0605640008076c25a810560004,20.83,13.8,8.0,19.0,96.4,4.18,4
2025-06-22 09:16:19.722167+00:00,70B3D57ED0045541,Hygro#55:41,Hygro,Mains of Carmyllie (LPID NO/54289/43391),56.580815,-2.747666,59c0056400070d4a24fb102e0000,19.56,13.8,7.0,34.02,94.67,4.14,0
2025-06-23 07:54:26.837328+00:00,70B3D57ED0045541,Hygro#55:41,Hygro,Mains of Carmyllie (LPID NO/54289/43391),56.580815,-2.747666,5a6b0546000705b2252910540001,20.23,13.5,7.0,14.58,95.13,4.18,1
2025-06-23 08:09:43.568076+00:00,70B3D57ED0045541,Hygro#55:41,Hygro,Mains of Carmyllie (LPID NO/54289/43391),56.580815,-2.747666,5a680546000705c324db102a0002,20.22,13.5,7.0,14.75,94.35,4.14,2
2025-06-23 08:25:00.307563+00:00,70B3D57ED0045541,Hygro#55:41,Hygro,Mains of Carmyllie (LPID NO/54289/43391),56.580815,-2.747666,5a6e0546000703cf250c10540003,20.24,13.5,7.0,9.75,94.84,4.18,3
2025-06-23 08:40:24.067540+00:00,70B3D57ED0045541,Hygro#55:41,Hygro,Mains of Carmyllie (LPID NO/54289/43391),56.580815,-2.747666,5a680546000706e2257410510004,20.22,13.5,7.0,17.62,95.88,4.18,4
2025-06-23 08:55:46.078660+00:00,70B3D57ED0045541,Hygro#55:41,Hygro,Mains of Carmyllie (LPID NO/54289/43391),56.580815,-2.747666,5a610546000706b4249110540005,20.19,13.5,7.0,17.16,93.61,4.18,5
2025-06-23 09:11:02.817624+00:00,70B3D57ED0045541,Hygro#55:41,Hygro,Mains of Carmyllie (LPID NO/54289/43391),56.580815,-2.747666,5a630546000701fa24a010540006,20.2,13.5,7.0,5.06,93.76,4.18,6
2025-06-23 09:26:19.548160+00:00,70B3D57ED0045541,Hygro#55:41,Hygro,Mains of Carmyllie (LPID NO/54289/43391),56.580815,-2.747666,5a60053c0007065f24a010540007,20.18,13.4,7.0,16.31,93.76,4.18,7
2025-06-23 09:41:41.565842+00:00,70B3D57ED0045541,Hygro#55:41,Hygro,Mains of Carmyllie (LPID NO/54289/43391),56.580815,-2.747666,5a5a053c00080652244410560008,20.16,13.4,8.0,16.18,92.84,4.18,8
2025-06-23 09:56:58.306412+00:00,70B3D57ED0045541,Hygro#55:41,Hygro,Mains of Carmyllie (LPID NO/54289/43391),56.580815,-2.747666,5a52053c000703e323d410580009,20.13,13.4,7.0,9.95,91.72,4.18,9
2025-06-23 10:12:15.030070+00:00,70B3D57ED0045541,Hygro#55:41,Hygro,Mains of Carmyllie (LPID NO/54289/43391),56.580815,-2.747666,5a51053c0007075924b71054000a,20.13,13.4,7.0,18.81,93.99,4.18,10
2025-06-23 10:42:48.501957+00:00,70B3D57ED0045541,Hygro#55:41,Hygro,Mains of Carmyllie (LPID NO/54289/43391),56.580815,-2.747666,5a47053c0007079724021054000c,20.09,13.4,7.0,19.43,92.18,4.18,12
2025-06-23 10:58:05.208341+00:00,70B3D57ED0045541,Hygro#55:41,Hygro,Mains of Carmyllie (LPID NO/54289/43391),56.580815,-2.747666,5a43053c000707e224921056000d,20.07,13.4,7.0,20.18,93.62,4.18,13
2025-06-23 11:13:23.696851+00:00,70B3D57ED0045541,Hygro#55:41,Hygro,Mains of Carmyllie (LPID NO/54289/43391),56.580815,-2.747666,5a41053c0006084d243e1054000e,20.06,13.4,6.0,21.25,92.78,4.18,14
2025-06-23 11:28:40.418563+00:00,70B3D57ED0045541,Hygro#55:41,Hygro,Mains of Carmyllie (LPID NO/54289/43391),56.580815,-2.747666,5a3d053c0007088924141056000f,20.05,13.4,7.0,21.85,92.36,4.18,15
2025-06-23 11:43:57.138970+00:00,70B3D57ED0045541,Hygro#55:41,Hygro,Mains of Carmyllie (LPID NO/54289/43391),56.580815,-2.747666,5a37053c000708c123e810560010,20.03,13.4,7.0,22.41,91.92,4.18,16
2025-06-23 11:59:19.132513+00:00,70B3D57ED0045541,Hygro#55:41,Hygro,Mains of Carmyllie (LPID NO/54289/43391),56.580815,-2.747666,5a30053c0007090e23c710560011,20.0,13.4,7.0,23.18,91.59,4.18,17
2025-06-23 12:14:37.599128+00:00,70B3D57ED0045541,Hygro#55:41,Hygro,Mains of Carmyllie (LPID NO/54289/43391),56.580815,-2.747666,5a29053c000708f5233b10580012,19.97,13.4,7.0,22.93,90.19,4.18,18
2025-06-23 12:29:56.083489+00:00,70B3D57ED0045541,Hygro#55:41,Hygro,Mains of Carmyllie (LPID NO/54289/43391),56.580815,-2.747666,5a2b053c000708d622c810560013,19.98,13.4,7.0,22.62,89.04,4.18,19
2025-06-23 12:45:14.572401+00:00,70B3D57ED0045541,Hygro#55:41,Hygro,Mains of Carmyllie (LPID NO/54289/43391),56.580815,-2.747666,5a24053200070878227410560014,19.95,13.3,7.0,21.68,88.2,4.18,20
2025-06-23 13:00:41.831229+00:00,70B3D57ED0045541,Hygro#55:41,Hygro,Mains of Carmyllie (LPID NO/54289/43391),56.580815,-2.747666,5a220532000708da226f105a0015,19.94,13.3,7.0,22.66,88.15,4.19,21
2025-06-23 13:15:58.555334+00:00,70B3D57ED0045541,Hygro#55:41,Hygro,Mains of Carmyllie (LPID NO/54289/43391),56.580815,-2.747666,5a1c0532000708dc21e0105a0016,19.92,13.3,7.0,22.68,86.72,4.19,22
2025-06-23 13:31:20.538499+00:00,70B3D57ED0045541,Hygro#55:41,Hygro,Mains of Carmyllie (LPID NO/54289/43391),56.580815,-2.747666,5a1405320006094d21f110560017,19.89,13.3,6.0,23.81,86.89,4.18,23
2025-06-23 13:49:40.348191+00:00,70B3D57ED0045541,Hygro#55:41,Hygro,Mains of Carmyllie (LPID NO/54289/43391),56.580815,-2.747666,5916053200072134217f10370000,18.9,13.3,7.0,85.0,85.75,4.15,0
2025-06-23 14:04:57.086008+00:00,70B3D57ED0045541,Hygro#55:41,Hygro,Mains of Carmyllie (LPID NO/54289/43391),56.580815,-2.747666,58d605320007047121e310350001,18.66,13.3,7.0,11.37,86.75,4.15,1
2025-06-23 14:20:13.810043+00:00,70B3D57ED0045541,Hygro#55:41,Hygro,Mains of Carmyllie (LPID NO/54289/43391),56.580815,-2.747666,5a120532000706bd223b105a0002,19.88,13.3,7.0,17.25,87.63,4.19,2
2025-06-23 14:35:32.303948+00:00,70B3D57ED0045541,Hygro#55:41,Hygro,Mains of Carmyllie (LPID NO/54289/43391),56.580815,-2.747666,5a0e0532000706aa2282105a0003,19.87,13.3,7.0,17.06,88.34,4.19,3
2025-06-23 14:50:49.041150+00:00,70B3D57ED0045541,Hygro#55:41,Hygro,Mains of Carmyllie (LPID NO/54289/43391),56.580815,-2.747666,5a0805320007070522ee105a0004,19.84,13.3,7.0,17.97,89.42,4.19,4
2025-06-23 15:06:05.775527+00:00,70B3D57ED0045541,Hygro#55:41,Hygro,Mains of Carmyllie (LPID NO/54289/43391),56.580815,-2.747666,5a040532000706ec2251105a0005,19.83,13.3,7.0,17.72,87.85,4.19,5
2025-06-23 15:21:22.512885+00:00,70B3D57ED0045541,Hygro#55:41,Hygro,Mains of Carmyllie (LPID NO/54289/43391),56.580815,-2.747666,5a080532000706f5229c105a0006,19.84,13.3,7.0,17.81,88.6,4.19,6
2025-06-23 15:36:39.239419+00:00,70B3D57ED0045541,Hygro#55:41,Hygro,Mains of Carmyllie (LPID NO/54289/43391),56.580815,-2.747666,5a040532000707d8220b105a0007,19.83,13.3,7.0,20.08,87.15,4.19,7
2025-06-23 15:51:55.963005+00:00,70B3D57ED0045541,Hygro#55:41,Hygro,Mains of Carmyllie (LPID NO/54289/43391),56.580815,-2.747666,59fe053200060816219010580008,19.8,13.3,6.0,20.7,85.92,4.18,8
2025-06-23 16:16:01.920011+00:00,70B3D57ED0045541,Hygro#55:41,Hygro,Mains of Carmyllie (LPID NO/54289/43391),56.580815,-2.747666,59fd05320006185921ff105a0000,19.8,13.3,6.0,62.33,87.03,4.19,0
2025-06-24 08:26:08.451423+00:00,70B3D57ED0045541,Hygro#55:41,Hygro,Mains of Carmyllie (LPID NO/54289/43391),56.580815,-2.747666,59a5051e00070477247f103b0001,19.46,13.1,7.0,11.43,93.43,4.16,1
2025-06-24 09:01:43.567633+00:00,70B3D57ED0045541,Hygro#55:41,Hygro,Mains of Carmyllie (LPID NO/54289/43391),56.580815,-2.747666,58d9051e0006062b23ae102e0000,18.67,13.1,6.0,15.79,91.34,4.14,0
2025-06-24 09:50:34.008012+00:00,70B3D57ED0045541,Hygro#55:41,Hygro,Mains of Carmyllie (LPID NO/54289/43391),56.580815,-2.747666,59b9051e0007023823b010580001,19.54,13.1,7.0,5.68,91.36,4.18,1
2025-06-24 10:06:01.284922+00:00,70B3D57ED0045541,Hygro#55:41,Hygro,Mains of Carmyllie (LPID NO/54289/43391),56.580815,-2.747666,59b7051e0007077823c210540002,19.53,13.1,7.0,19.12,91.54,4.18,2
2025-06-24 10:21:18.010018+00:00,70B3D57ED0045541,Hygro#55:41,Hygro,Mains of Carmyllie (LPID NO/54289/43391),56.580815,-2.747666,58bf051e000707592365102a0003,18.57,13.1,7.0,18.81,90.61,4.14,3
2025-06-24 11:02:47.055634+00:00,70B3D57ED0045541,Hygro#55:41,Hygro,Mains of Carmyllie (LPID NO/54289/43391),56.580815,-2.747666,58a0051e0007066b235010300000,18.45,13.1,7.0,16.43,90.4,4.14,0
2025-06-24 11:18:05.571017+00:00,70B3D57ED0045541,Hygro#55:41,Hygro,Mains of Carmyllie (LPID NO/54289/43391),56.580815,-2.747666,59ae051e000706fb23c8105c0001,19.49,13.1,7.0,17.87,91.6,4.19,1
2025-06-24 11:33:22.286843+00:00,70B3D57ED0045541,Hygro#55:41,Hygro,Mains of Carmyllie (LPID NO/54289/43391),56.580815,-2.747666,59a4051e000607d023c610580002,19.46,13.1,6.0,20.0,91.58,4.18,2
2025-06-24 11:48:53.079253+00:00,70B3D57ED0045541,Hygro#55:41,Hygro,Mains of Carmyllie (LPID NO/54289/43391),56.580815,-2.747666,59a6051e000708a623a610580003,19.46,13.1,7.0,22.14,91.26,4.18,3
2025-06-24 12:04:09.805738+00:00,70B3D57ED0045541,Hygro#55:41,Hygro,Mains of Carmyllie (LPID NO/54289/43391),56.580815,-2.747666,59a2051e00060831238310580004,19.45,13.1,6.0,20.97,90.91,4.18,4
2025-06-24 12:19:31.804356+00:00,70B3D57ED0045541,Hygro#55:41,Hygro,Mains of Carmyllie (LPID NO/54289/43391),56.580815,-2.747666,599a051e000707f92369105a0005,19.42,13.1,7.0,20.41,90.65,4.19,5
2025-06-24 12:34:48.545497+00:00,70B3D57ED0045541,Hygro#55:41,Hygro,Mains of Carmyllie (LPID NO/54289/43391),56.580815,-2.747666,5891051e00070727233310390006,18.39,13.1,7.0,18.31,90.11,4.15,6
2025-06-24 13:05:29.050690+00:00,70B3D57ED0045541,Hygro#55:41,Hygro,Mains of Carmyllie (LPID NO/54289/43391),56.580815,-2.747666,5995051e00070708238b105c0008,19.4,13.1,7.0,18.0,90.99,4.19,8
2025-06-24 13:20:47.543848+00:00,70B3D57ED0045541,Hygro#55:41,Hygro,Mains of Carmyllie (LPID NO/54289/43391),56.580815,-2.747666,585a051e00070723234710350009,18.18,13.1,7.0,18.27,90.31,4.15,9
2025-06-24 13:36:06.030661+00:00,70B3D57ED0045541,Hygro#55:41,Hygro,Mains of Carmyllie (LPID NO/54289/43391),56.580815,-2.747666,598f051e00070765231d105a000a,19.37,13.1,7.0,18.93,89.89,4.19,10
2025-06-24 13:51:29.793164+00:00,70B3D57ED0045541,Hygro#55:41,Hygro,Mains of Carmyllie (LPID NO/54289/43391),56.580815,-2.747666,5990051e000708bf2252105c000b,19.38,13.1,7.0,22.39,87.86,4.19,11
2025-06-24 14:06:46.509733+00:00,70B3D57ED0045541,Hygro#55:41,Hygro,Mains of Carmyllie (LPID NO/54289/43391),56.580815,-2.747666,5987051e000609bb212b1058000c,19.34,13.1,6.0,24.91,84.91,4.18,12
2025-06-24 14:22:15.522326+00:00,70B3D57ED0045541,Hygro#55:41,Hygro,Mains of Carmyllie (LPID NO/54289/43391),56.580815,-2.747666,5987051e0007096021581058000d,19.34,13.1,7.0,24.0,85.36,4.18,13
2025-06-24 14:37:33.997655+00:00,70B3D57ED0045541,Hygro#55:41,Hygro,Mains of Carmyllie (LPID NO/54289/43391),56.580815,-2.747666,5987051e0006094720bd1058000e,19.34,13.1,6.0,23.75,83.81,4.18,14
2025-06-24 15:08:18.004396+00:00,70B3D57ED0045541,Hygro#55:41,Hygro,Mains of Carmyllie (LPID NO/54289/43391),56.580815,-2.747666,597b051e00060874212110580010,19.3,13.1,6.0,21.64,84.81,4.18,16
2025-06-24 15:23:34.710921+00:00,70B3D57ED0045541,Hygro#55:41,Hygro,Mains of Carmyllie (LPID NO/54289/43391),56.580815,-2.747666,5978051e000708d020cf10540011,19.28,13.1,7.0,22.56,83.99,4.18,17
2025-06-24 15:39:01.973814+00:00,70B3D57ED0045541,Hygro#55:41,Hygro,Mains of Carmyllie (LPID NO/54289/43391),56.580815,-2.747666,5970051e000609571fb110580012,19.25,13.1,6.0,23.91,81.13,4.18,18
2025-06-24 15:54:18.686550+00:00,70B3D57ED0045541,Hygro#55:41,Hygro,Mains of Carmyllie (LPID NO/54289/43391),56.580815,-2.747666,5972051e0006097f1ff310580013,19.26,13.1,6.0,24.31,81.79,4.18,19
2025-06-24 16:09:35.411532+00:00,70B3D57ED0045541,Hygro#55:41,Hygro,Mains of Carmyllie (LPID NO/54289/43391),56.580815,-2.747666,5971051e000708e31eea10580014,19.26,13.1,7.0,22.75,79.14,4.18,20
2025-06-24 16:24:52.130317+00:00,70B3D57ED0045541,Hygro#55:41,Hygro,Mains of Carmyllie (LPID NO/54289/43391),56.580815,-2.747666,596b051e0006082d1ef810560015,19.23,13.1,6.0,20.93,79.28,4.18,21
2025-06-24 16:44:17.064523+00:00,70B3D57ED0045541,Hygro#55:41,Hygro,Mains of Carmyllie (LPID NO/54289/43391),56.580815,-2.747666,584d051e000700001fe910370000,18.12,13.1,7.0,0.0,81.69,4.15,0
2025-06-25 07:50:41.812932+00:00,70B3D57ED0045541,Hygro#55:41,Hygro,Mains of Carmyllie (LPID NO/54289/43391),56.580815,-2.747666,5932051e00060733245d10540001,19.01,13.1,6.0,18.43,93.09,4.18,1
2025-06-25 08:05:58.534816+00:00,70B3D57ED0045541,Hygro#55:41,Hygro,Mains of Carmyllie (LPID NO/54289/43391),56.580815,-2.747666,581f051e0006074c241e10210002,17.95,13.1,6.0,18.68,92.46,4.13,2
2025-06-25 08:21:15.257852+00:00,70B3D57ED0045541,Hygro#55:41,Hygro,Mains of Carmyllie (LPID NO/54289/43391),56.580815,-2.747666,592e051e0006077e242b10560003,19.0,13.1,6.0,19.18,92.59,4.18,3
2025-06-25 08:36:31.988750+00:00,70B3D57ED0045541,Hygro#55:41,Hygro,Mains of Carmyllie (LPID NO/54289/43391),56.580815,-2.747666,592b051e00060827245010540004,18.99,13.1,6.0,20.87,92.96,4.18,4
2025-06-25 08:51:48.702749+00:00,70B3D57ED0045541,Hygro#55:41,Hygro,Mains of Carmyllie (LPID NO/54289/43391),56.580815,-2.747666,5927051e00060885247e10540005,18.97,13.1,6.0,21.81,93.42,4.18,5
2025-06-25 09:07:07.177454+00:00,70B3D57ED0045541,Hygro#55:41,Hygro,Mains of Carmyllie (LPID NO/54289/43391),56.580815,-2.747666,591f051e00070919244410510006,18.94,13.1,7.0,23.29,92.84,4.18,6
2025-06-25 09:22:29.163286+00:00,70B3D57ED0045541,Hygro#55:41,Hygro,Mains of Carmyllie (LPID NO/54289/43391),56.580815,-2.747666,591c051e00060934240010560007,18.93,13.1,6.0,23.56,92.16,4.18,7
2025-06-25 09:37:45.879579+00:00,70B3D57ED0045541,Hygro#55:41,Hygro,Mains of Carmyllie (LPID NO/54289/43391),56.580815,-2.747666,5922051e000608ca23dc10560008,18.95,13.1,6.0,22.5,91.8,4.18,8
2025-06-25 09:53:09.619338+00:00,70B3D57ED0045541,Hygro#55:41,Hygro,Mains of Carmyllie (LPID NO/54289/43391),56.580815,-2.747666,591d051e00060a38242a10560009,18.93,13.1,6.0,26.16,92.58,4.18,9
2025-06-25 10:08:28.095437+00:00,70B3D57ED0045541,Hygro#55:41,Hygro,Mains of Carmyllie (LPID NO/54289/43391),56.580815,-2.747666,5916051e00070949232d1058000a,18.9,13.1,7.0,23.77,90.05,4.18,10
2025-06-25 10:23:46.572875+00:00,70B3D57ED0045541,Hygro#55:41,Hygro,Mains of Carmyllie (LPID NO/54289/43391),56.580815,-2.747666,590a051e0006094722651054000b,18.86,13.1,6.0,23.75,88.05,4.18,11
2025-06-25 10:39:13.850793+00:00,70B3D57ED0045541,Hygro#55:41,Hygro,Mains of Carmyllie (LPID NO/54289/43391),56.580815,-2.747666,5906051e0006087222041058000c,18.84,13.1,6.0,21.62,87.08,4.18,12
2025-06-25 10:54:35.838872+00:00,70B3D57ED0045541,Hygro#55:41,Hygro,Mains of Carmyllie (LPID NO/54289/43391),56.580815,-2.747666,5908051e0006090222521056000d,18.85,13.1,6.0,23.06,87.86,4.18,13
2025-06-25 11:10:01.353538+00:00,70B3D57ED0045541,Hygro#55:41,Hygro,Mains of Carmyllie (LPID NO/54289/43391),56.580815,-2.747666,5905051e0006098b22571058000e,18.84,13.1,6.0,24.43,87.91,4.18,14
2025-06-25 11:25:19.822910+00:00,70B3D57ED0045541,Hygro#55:41,Hygro,Mains of Carmyllie (LPID NO/54289/43391),56.580815,-2.747666,5900051e000609ab222e1056000f,18.82,13.1,6.0,24.75,87.5,4.18,15
2025-06-25 12:11:38.442228+00:00,70B3D57ED0045541,Hygro#55:41,Hygro,Mains of Carmyllie (LPID NO/54289/43391),56.580815,-2.747666,57b9051e000606c920d810330000,17.55,13.1,6.0,17.37,84.08,4.15,0
2025-06-25 13:16:16.160007+00:00,70B3D57ED0045541,Hygro#55:41,Hygro,Mains of Carmyllie (LPID NO/54289/43391),56.580815,-2.747666,58e7051e0006075921e30f410001,18.72,13.1,6.0,18.81,86.75,3.9,1
2025-06-25 13:45:35.859638+00:00,70B3D57ED0045541,Hygro#55:41,Hygro,Mains of Carmyllie (LPID NO/54289/43391),56.580815,-2.747666,58e2051e00060d75220a0f990000,18.7,13.1,6.0,34.45,87.14,3.99,0
2025-06-25 14:00:54.339619+00:00,70B3D57ED0045541,Hygro#55:41,Hygro,Mains of Carmyllie (LPID NO/54289/43391),56.580815,-2.747666,58e8051e0006082d224f105a0001,18.73,13.1,6.0,20.93,87.83,4.19,1
2025-06-25 14:16:16.344283+00:00,70B3D57ED0045541,Hygro#55:41,Hygro,Mains of Carmyllie (LPID NO/54289/43391),56.580815,-2.747666,58e2051e0006055a224710580002,18.7,13.1,6.0,13.7,87.75,4.18,2
2025-06-25 14:31:36.589410+00:00,70B3D57ED0045541,Hygro#55:41,Hygro,Mains of Carmyllie (LPID NO/54289/43391),56.580815,-2.747666,58db051e000602ca2233105a0003,18.68,13.1,6.0,7.14,87.55,4.19,3
2025-06-25 14:46:55.068728+00:00,70B3D57ED0045541,Hygro#55:41,Hygro,Mains of Carmyllie (LPID NO/54289/43391),56.580815,-2.747666,58df051e000607eb21a9105c0004,18.69,13.1,6.0,20.27,86.17,4.19,4
2025-06-25 15:02:11.781381+00:00,70B3D57ED0045541,Hygro#55:41,Hygro,Mains of Carmyllie (LPID NO/54289/43391),56.580815,-2.747666,58dc051e0006052d2144105a0005,18.68,13.1,6.0,13.25,85.16,4.19,5
2025-06-25 15:17:30.268118+00:00,70B3D57ED0045541,Hygro#55:41,Hygro,Mains of Carmyllie (LPID NO/54289/43391),56.580815,-2.747666,58d0051e00060799212c105c0006,18.63,13.1,6.0,19.45,84.92,4.19,6
2025-06-26 08:59:04.593400+00:00,70B3D57ED0045541,Hygro#55:41,Hygro,Mains of Carmyllie (LPID NO/54289/43391),56.580815,-2.747666,58db051e0006061a251b10540000,18.68,13.1,6.0,15.62,94.99,4.18,0
2025-06-26 09:14:23.088704+00:00,70B3D57ED0045541,Hygro#55:41,Hygro,Mains of Carmyllie (LPID NO/54289/43391),56.580815,-2.747666,58d8051e00060684255310560001,18.66,13.1,6.0,16.68,95.55,4.18,1
2025-06-26 09:29:39.838010+00:00,70B3D57ED0045541,Hygro#55:41,Hygro,Mains of Carmyllie (LPID NO/54289/43391),56.580815,-2.747666,58d7051e0006043725a110540002,18.66,13.1,6.0,10.79,96.33,4.18,2
2025-06-26 09:45:00.098078+00:00,70B3D57ED0045541,Hygro#55:41,Hygro,Mains of Carmyllie (LPID NO/54289/43391),56.580815,-2.747666,58da051e0005047e25e010580003,18.67,13.1,5.0,11.5,96.96,4.18,3
2025-06-26 10:00:23.872852+00:00,70B3D57ED0045541,Hygro#55:41,Hygro,Mains of Carmyllie (LPID NO/54289/43391),56.580815,-2.747666,58dd051e0006000025d510510004,18.68,13.1,6.0,0.0,96.85,4.18,4
2025-06-26 10:15:40.602472+00:00,70B3D57ED0045541,Hygro#55:41,Hygro,Mains of Carmyllie (LPID NO/54289/43391),56.580815,-2.747666,58d8051e000604fb25b810560005,18.66,13.1,6.0,12.75,96.56,4.18,5
2025-06-26 10:30:57.338302+00:00,70B3D57ED0045541,Hygro#55:41,Hygro,Mains of Carmyllie (LPID NO/54289/43391),56.580815,-2.747666,58de051e0005051a25a810560006,18.69,13.1,5.0,13.06,96.4,4.18,6
2025-06-26 10:46:15.832931+00:00,70B3D57ED0045541,Hygro#55:41,Hygro,Mains of Carmyllie (LPID NO/54289/43391),56.580815,-2.747666,58d8051e000607aa253a105a0007,18.66,13.1,6.0,19.62,95.3,4.19,7
2025-06-26 11:01:32.564036+00:00,70B3D57ED0045541,Hygro#55:41,Hygro,Mains of Carmyllie (LPID NO/54289/43391),56.580815,-2.747666,58cc051e0006072124f8105a0008,18.62,13.1,6.0,18.25,94.64,4.19,8
2025-06-26 11:16:54.568162+00:00,70B3D57ED0045541,Hygro#55:41,Hygro,Mains of Carmyllie (LPID NO/54289/43391),56.580815,-2.747666,58d1051e0006053125d610560009,18.64,13.1,6.0,13.29,96.86,4.18,9
2025-06-26 11:32:11.302620+00:00,70B3D57ED0045541,Hygro#55:41,Hygro,Mains of Carmyllie (LPID NO/54289/43391),56.580815,-2.747666,58cf051e0006053525851056000a,18.63,13.1,6.0,13.33,96.05,4.18,10
2025-06-26 11:47:29.794879+00:00,70B3D57ED0045541,Hygro#55:41,Hygro,Mains of Carmyllie (LPID NO/54289/43391),56.580815,-2.747666,58be051e00060546249d1058000b,18.56,13.1,6.0,13.5,93.73,4.18,11
2025-06-26 12:02:48.270968+00:00,70B3D57ED0045541,Hygro#55:41,Hygro,Mains of Carmyllie (LPID NO/54289/43391),56.580815,-2.747666,58c3051e000608c524791056000c,18.58,13.1,6.0,22.45,93.37,4.18,12
2025-06-26 12:18:06.765134+00:00,70B3D57ED0045541,Hygro#55:41,Hygro,Mains of Carmyllie (LPID NO/54289/43391),56.580815,-2.747666,58a1051e000607c923b51056000d,18.45,13.1,6.0,19.93,91.41,4.18,13
2025-06-26 12:33:23.493304+00:00,70B3D57ED0045541,Hygro#55:41,Hygro,Mains of Carmyllie (LPID NO/54289/43391),56.580815,-2.747666,589d051e0006089123f01058000e,18.44,13.1,6.0,21.93,92.0,4.18,14
2025-06-26 12:48:45.498562+00:00,70B3D57ED0045541,Hygro#55:41,Hygro,Mains of Carmyllie (LPID NO/54289/43391),56.580815,-2.747666,589f051e0006083a23861056000f,18.44,13.1,6.0,21.06,90.94,4.18,15
2025-06-26 13:04:03.971651+00:00,70B3D57ED0045541,Hygro#55:41,Hygro,Mains of Carmyllie (LPID NO/54289/43391),56.580815,-2.747666,5899051e000608da233810540010,18.42,13.1,6.0,22.66,90.16,4.18,16
2025-06-26 13:19:20.700147+00:00,70B3D57ED0045541,Hygro#55:41,Hygro,Mains of Carmyllie (LPID NO/54289/43391),56.580815,-2.747666,589a051e00060902230a10580011,18.42,13.1,6.0,23.06,89.7,4.18,17
2025-06-26 13:34:37.414955+00:00,70B3D57ED0045541,Hygro#55:41,Hygro,Mains of Carmyllie (LPID NO/54289/43391),56.580815,-2.747666,5897051e000608b1226010580012,18.41,13.1,6.0,22.25,88.0,4.18,18
2025-06-26 13:49:54.140344+00:00,70B3D57ED0045541,Hygro#55:41,Hygro,Mains of Carmyllie (LPID NO/54289/43391),56.580815,-2.747666,5890051e0006085f21f110560013,18.38,13.1,6.0,21.43,86.89,4.18,19
2025-06-26 14:05:21.405754+00:00,70B3D57ED0045541,Hygro#55:41,Hygro,Mains of Carmyllie (LPID NO/54289/43391),56.580815,-2.747666,5889051e00060609210710580014,18.36,13.1,6.0,15.45,84.55,4.18,20
2025-06-26 14:20:46.901276+00:00,70B3D57ED0045541,Hygro#55:41,Hygro,Mains of Carmyllie (LPID NO/54289/43391),56.580815,-2.747666,588705280007091b212410580015,18.35,13.2,7.0,23.31,84.84,4.18,21
2025-06-26 14:36:12.402701+00:00,70B3D57ED0045541,Hygro#55:41,Hygro,Mains of Carmyllie (LPID NO/54289/43391),56.580815,-2.747666,587f05280006094720ba10560016,18.32,13.2,6.0,23.75,83.78,4.18,22
2025-06-26 14:51:29.114866+00:00,70B3D57ED0045541,Hygro#55:41,Hygro,Mains of Carmyllie (LPID NO/54289/43391),56.580815,-2.747666,587d052800060898203910580017,18.31,13.2,6.0,22.0,82.49,4.18,23
2025-06-26 15:06:47.591364+00:00,70B3D57ED0045541,Hygro#55:41,Hygro,Mains of Carmyllie (LPID NO/54289/43391),56.580815,-2.747666,587905280006078b211510560018,18.3,13.2,6.0,19.31,84.69,4.18,24
2025-06-26 15:22:04.315951+00:00,70B3D57ED0045541,Hygro#55:41,Hygro,Mains of Carmyllie (LPID NO/54289/43391),56.580815,-2.747666,587f05280006085920c010560019,18.32,13.2,6.0,21.37,83.84,4.18,25
2025-06-26 15:48:34.998589+00:00,70B3D57ED0045541,Hygro#55:41,Hygro,Mains of Carmyllie (LPID NO/54289/43391),56.580815,-2.747666,575f052800060708210e10390000,17.2,13.2,6.0,18.0,84.62,4.15,0
2025-06-26 16:21:39.199613+00:00,70B3D57ED0045541,Hygro#55:41,Hygro,Mains of Carmyllie (LPID NO/54289/43391),56.580815,-2.747666,586f05280006050b1f88105a0001,18.26,13.2,6.0,12.91,80.72,4.19,1
2025-06-26 16:57:43.245445+00:00,70B3D57ED0045541,Hygro#55:41,Hygro,Mains of Carmyllie (LPID NO/54289/43391),56.580815,-2.747666,586a0528000600002197105a0000,18.24,13.2,6.0,0.0,85.99,4.19,0
2025-06-27 10:01:12.902791+00:00,70B3D57ED0045541,Hygro#55:41,Hygro,Mains of Carmyllie (LPID NO/54289/43391),56.580815,-2.747666,5857051e00060255252810540001,18.16,13.1,6.0,5.97,95.12,4.18,1
2025-06-27 10:16:29.641623+00:00,70B3D57ED0045541,Hygro#55:41,Hygro,Mains of Carmyllie (LPID NO/54289/43391),56.580815,-2.747666,584d051e0006076c251010510002,18.12,13.1,6.0,19.0,94.88,4.18,2
2025-06-27 10:34:46.296559+00:00,70B3D57ED0045541,Hygro#55:41,Hygro,Mains of Carmyllie (LPID NO/54289/43391),56.580815,-2.747666,5745051e00060fd2250c10250000,17.1,13.1,6.0,40.5,94.84,4.13,0
2025-06-27 12:27:44.868570+00:00,70B3D57ED0045541,Hygro#55:41,Hygro,Mains of Carmyllie (LPID NO/54289/43391),56.580815,-2.747666,5716051e0006049f24af10280001,16.92,13.1,6.0,11.83,93.91,4.14,1
2025-06-27 14:15:04.671562+00:00,70B3D57ED0045541,Hygro#55:41,Hygro,Mains of Carmyllie (LPID NO/54289/43391),56.580815,-2.747666,56a5051e00060d6b243b10210000,16.48,13.1,6.0,34.35,92.75,4.13,0
2025-06-27 14:30:21.404452+00:00,70B3D57ED0045541,Hygro#55:41,Hygro,Mains of Carmyllie (LPID NO/54289/43391),56.580815,-2.747666,5734051e000604fd246110280001,17.03,13.1,6.0,12.77,93.13,4.14,1
2025-06-27 15:34:21.064060+00:00,70B3D57ED0045541,Hygro#55:41,Hygro,Mains of Carmyllie (LPID NO/54289/43391),56.580815,-2.747666,5711051e0006162224ba10210000,16.9,13.1,6.0,56.66,94.02,4.13,0
2025-06-28 08:08:55.863493+00:00,70B3D57ED0045541,Hygro#55:41,Hygro,Mains of Carmyllie (LPID NO/54289/43391),56.580815,-2.747666,5819053c0006028e258d10510001,17.92,13.4,6.0,6.54,96.13,4.18,1
2025-06-28 08:24:16.103390+00:00,70B3D57ED0045541,Hygro#55:41,Hygro,Mains of Carmyllie (LPID NO/54289/43391),56.580815,-2.747666,5819053c000502922598104f0002,17.92,13.4,5.0,6.58,96.24,4.17,2
2025-06-28 08:40:30.158703+00:00,70B3D57ED0045541,Hygro#55:41,Hygro,Mains of Carmyllie (LPID NO/54289/43391),56.580815,-2.747666,5812053c000607b7254a104f0003,17.9,13.4,6.0,19.75,95.46,4.17,3
2025-06-28 08:55:46.881702+00:00,70B3D57ED0045541,Hygro#55:41,Hygro,Mains of Carmyllie (LPID NO/54289/43391),56.580815,-2.747666,580d053c000502b12575104f0004,17.88,13.4,5.0,6.89,95.89,4.17,4
2025-06-28 09:11:03.611168+00:00,70B3D57ED0045541,Hygro#55:41,Hygro,Mains of Carmyllie (LPID NO/54289/43391),56.580815,-2.747666,580a053c00060818251e104f0005,17.86,13.4,6.0,20.72,95.02,4.17,5
2025-06-28 09:26:22.095410+00:00,70B3D57ED0045541,Hygro#55:41,Hygro,Mains of Carmyllie (LPID NO/54289/43391),56.580815,-2.747666,580c053c0006075323af10540006,17.87,13.4,6.0,18.75,91.35,4.18,6
2025-06-28 09:41:38.817546+00:00,70B3D57ED0045541,Hygro#55:41,Hygro,Mains of Carmyllie (LPID NO/54289/43391),56.580815,-2.747666,5805053c0006055a247910510007,17.85,13.4,6.0,13.7,93.37,4.18,7
2025-06-28 09:57:00.809968+00:00,70B3D57ED0045541,Hygro#55:41,Hygro,Mains of Carmyllie (LPID NO/54289/43391),56.580815,-2.747666,57fe053c000608d024db104f0008,17.82,13.4,6.0,22.56,94.35,4.17,8
2025-06-28 10:12:22.811077+00:00,70B3D57ED0045541,Hygro#55:41,Hygro,Mains of Carmyllie (LPID NO/54289/43391),56.580815,-2.747666,57ff053c000609722465104f0009,17.82,13.4,6.0,24.18,93.17,4.17,9
2025-06-28 10:27:44.795679+00:00,70B3D57ED0045541,Hygro#55:41,Hygro,Mains of Carmyllie (LPID NO/54289/43391),56.580815,-2.747666,57f7053c0005099223e81051000a,17.79,13.4,5.0,24.5,91.92,4.18,10
2025-06-28 10:43:01.510689+00:00,70B3D57ED0045541,Hygro#55:41,Hygro,Mains of Carmyllie (LPID NO/54289/43391),56.580815,-2.747666,57f9053c000609ab23b91051000b,17.8,13.4,6.0,24.75,91.45,4.18,11
2025-06-28 10:58:27.019396+00:00,70B3D57ED0045541,Hygro#55:41,Hygro,Mains of Carmyllie (LPID NO/54289/43391),56.580815,-2.747666,57ef053c000609d623ba104f000c,17.76,13.4,6.0,25.18,91.46,4.17,12
2025-06-28 11:13:43.751492+00:00,70B3D57ED0045541,Hygro#55:41,Hygro,Mains of Carmyllie (LPID NO/54289/43391),56.580815,-2.747666,57f1053c00060987239a1051000d,17.77,13.4,6.0,24.39,91.14,4.18,13
2025-06-28 11:29:00.454803+00:00,70B3D57ED0045541,Hygro#55:41,Hygro,Mains of Carmyllie (LPID NO/54289/43391),56.580815,-2.747666,57eb053c000609a423791051000e,17.74,13.4,6.0,24.68,90.81,4.18,14
2025-06-28 11:44:17.176268+00:00,70B3D57ED0045541,Hygro#55:41,Hygro,Mains of Carmyllie (LPID NO/54289/43391),56.580815,-2.747666,57e3053c000609e923821054000f,17.71,13.4,6.0,25.37,90.9,4.18,15
2025-06-28 11:59:51.481936+00:00,70B3D57ED0045541,Hygro#55:41,Hygro,Mains of Carmyllie (LPID NO/54289/43391),56.580815,-2.747666,57e2053c000509e3235610560010,17.71,13.4,5.0,25.31,90.46,4.18,16
2025-06-28 12:15:08.195708+00:00,70B3D57ED0045541,Hygro#55:41,Hygro,Mains of Carmyllie (LPID NO/54289/43391),56.580815,-2.747666,57d8053c00050a43233910560011,17.67,13.4,5.0,26.27,90.17,4.18,17
2025-06-28 12:30:24.905742+00:00,70B3D57ED0045541,Hygro#55:41,Hygro,Mains of Carmyllie (LPID NO/54289/43391),56.580815,-2.747666,57d6053c00050a1522d910560012,17.66,13.4,5.0,25.81,89.21,4.18,18
2025-06-28 12:45:43.377038+00:00,70B3D57ED0045541,Hygro#55:41,Hygro,Mains of Carmyllie (LPID NO/54289/43391),56.580815,-2.747666,57d6053c00060a0022aa10560013,17.66,13.4,6.0,25.6,88.74,4.18,19
2025-06-28 13:01:01.849340+00:00,70B3D57ED0045541,Hygro#55:41,Hygro,Mains of Carmyllie (LPID NO/54289/43391),56.580815,-2.747666,57d2053c000609dd228510580014,17.65,13.4,6.0,25.25,88.37,4.18,20
2025-06-28 13:16:18.583206+00:00,70B3D57ED0045541,Hygro#55:41,Hygro,Mains of Carmyllie (LPID NO/54289/43391),56.580815,-2.747666,57d105460005097221f610580015,17.64,13.5,5.0,24.18,86.94,4.18,21
2025-06-28 13:31:35.281233+00:00,70B3D57ED0045541,Hygro#55:41,Hygro,Mains of Carmyllie (LPID NO/54289/43391),56.580815,-2.747666,57c80546000609c121f6105a0016,17.61,13.5,6.0,24.97,86.94,4.19,22
2025-06-28 14:02:08.728174+00:00,70B3D57ED0045541,Hygro#55:41,Hygro,Mains of Carmyllie (LPID NO/54289/43391),56.580815,-2.747666,57be0546000609da211d10560018,17.57,13.5,6.0,25.22,84.77,4.18,24
2025-06-28 14:17:25.418399+00:00,70B3D57ED0045541,Hygro#55:41,Hygro,Mains of Carmyllie (LPID NO/54289/43391),56.580815,-2.747666,57b90546000509fc209e10560019,17.55,13.5,5.0,25.56,83.5,4.18,25
2025-06-28 14:32:43.895959+00:00,70B3D57ED0045541,Hygro#55:41,Hygro,Mains of Carmyllie (LPID NO/54289/43391),56.580815,-2.747666,57b50546000609da203d1056001a,17.54,13.5,6.0,25.22,82.53,4.18,26
2025-06-28 14:48:00.617036+00:00,70B3D57ED0045541,Hygro#55:41,Hygro,Mains of Carmyllie (LPID NO/54289/43391),56.580815,-2.747666,57b20546000509531fe21058001b,17.52,13.5,5.0,23.87,81.62,4.18,27
2025-06-28 15:03:19.096256+00:00,70B3D57ED0045541,Hygro#55:41,Hygro,Mains of Carmyllie (LPID NO/54289/43391),56.580815,-2.747666,57ae05460006099820031058001c,17.51,13.5,6.0,24.56,81.95,4.18,28
2025-06-28 15:18:37.581680+00:00,70B3D57ED0045541,Hygro#55:41,Hygro,Mains of Carmyllie (LPID NO/54289/43391),56.580815,-2.747666,57a60546000509941f9f1054001d,17.48,13.5,5.0,24.52,80.95,4.18,29
2025-06-28 15:33:54.294855+00:00,70B3D57ED0045541,Hygro#55:41,Hygro,Mains of Carmyllie (LPID NO/54289/43391),56.580815,-2.747666,57a80546000509a41f1d1058001e,17.48,13.5,5.0,24.68,79.65,4.18,30
2025-06-28 15:49:11.010134+00:00,70B3D57ED0045541,Hygro#55:41,Hygro,Mains of Carmyllie (LPID NO/54289/43391),56.580815,-2.747666,57a505460005097b1e911058001f,17.47,13.5,5.0,24.27,78.25,4.18,31
2025-06-28 16:04:27.726127+00:00,70B3D57ED0045541,Hygro#55:41,Hygro,Mains of Carmyllie (LPID NO/54289/43391),56.580815,-2.747666,579c0546000509b71e66105a0020,17.44,13.5,5.0,24.87,77.82,4.19,32
2025-06-28 16:19:44.450232+00:00,70B3D57ED0045541,Hygro#55:41,Hygro,Mains of Carmyllie (LPID NO/54289/43391),56.580815,-2.747666,579d0546000508721e26105a0021,17.44,13.5,5.0,21.62,77.18,4.19,33
2025-06-28 16:35:01.183340+00:00,70B3D57ED0045541,Hygro#55:41,Hygro,Mains of Carmyllie (LPID NO/54289/43391),56.580815,-2.747666,56170550000507dc1fb510330022,15.93,13.6,5.0,20.12,81.17,4.15,34
2025-06-29 07:53:14.762451+00:00,70B3D57ED0045541,Hygro#55:41,Hygro,Mains of Carmyllie (LPID NO/54289/43391),56.580815,-2.747666,56fc053c0005058423e810420000,16.82,13.4,5.0,14.12,91.92,4.16,0
2025-06-29 08:08:31.514711+00:00,70B3D57ED0045541,Hygro#55:41,Hygro,Mains of Carmyllie (LPID NO/54289/43391),56.580815,-2.747666,575b053c0005069d246210580001,17.19,13.4,5.0,16.93,93.14,4.18,1
2025-06-29 08:28:49.496287+00:00,70B3D57ED0045541,Hygro#55:41,Hygro,Mains of Carmyllie (LPID NO/54289/43391),56.580815,-2.747666,5755053200060688242f10560000,17.16,13.3,6.0,16.72,92.63,4.18,0
2025-06-29 08:44:34.365425+00:00,70B3D57ED0045541,Hygro#55:41,Hygro,Mains of Carmyllie (LPID NO/54289/43391),56.580815,-2.747666,57550532000506c924a410540001,17.16,13.3,5.0,17.37,93.8,4.18,1
2025-06-29 09:15:18.398502+00:00,70B3D57ED0045541,Hygro#55:41,Hygro,Mains of Carmyllie (LPID NO/54289/43391),56.580815,-2.747666,575505320005067a23d210560003,17.16,13.3,5.0,16.58,91.7,4.18,3
2025-06-29 09:30:36.888200+00:00,70B3D57ED0045541,Hygro#55:41,Hygro,Mains of Carmyllie (LPID NO/54289/43391),56.580815,-2.747666,574c05320005049b23f910580004,17.13,13.3,5.0,11.79,92.09,4.18,4
2025-06-29 09:45:58.895497+00:00,70B3D57ED0045541,Hygro#55:41,Hygro,Mains of Carmyllie (LPID NO/54289/43391),56.580815,-2.747666,574f05320006076e23c010560005,17.14,13.3,6.0,19.02,91.52,4.18,5
2025-06-29 10:01:15.632057+00:00,70B3D57ED0045541,Hygro#55:41,Hygro,Mains of Carmyllie (LPID NO/54289/43391),56.580815,-2.747666,57460532000507d02374105a0006,17.1,13.3,5.0,20.0,90.76,4.19,6
2025-06-29 10:31:57.850488+00:00,70B3D57ED0045541,Hygro#55:41,Hygro,Mains of Carmyllie (LPID NO/54289/43391),56.580815,-2.747666,57470528000509d623ac10580008,17.11,13.2,5.0,25.18,91.32,4.18,8
2025-06-29 10:47:16.320839+00:00,70B3D57ED0045541,Hygro#55:41,Hygro,Mains of Carmyllie (LPID NO/54289/43391),56.580815,-2.747666,573e052800050a21239110540009,17.07,13.2,5.0,25.93,91.05,4.18,9
2025-06-29 11:02:33.038829+00:00,70B3D57ED0045541,Hygro#55:41,Hygro,Mains of Carmyllie (LPID NO/54289/43391),56.580815,-2.747666,57380528000509e9230a1056000a,17.05,13.2,5.0,25.37,89.7,4.18,10
2025-06-29 11:17:55.049381+00:00,70B3D57ED0045541,Hygro#55:41,Hygro,Mains of Carmyllie (LPID NO/54289/43391),56.580815,-2.747666,57340528000509a422c11054000b,17.03,13.2,5.0,24.68,88.97,4.18,11
2025-06-29 11:33:11.749597+00:00,70B3D57ED0045541,Hygro#55:41,Hygro,Mains of Carmyllie (LPID NO/54289/43391),56.580815,-2.747666,57350528000508b121c71058000c,17.04,13.2,5.0,22.25,86.47,4.18,12
2025-06-29 11:48:33.745586+00:00,70B3D57ED0045541,Hygro#55:41,Hygro,Mains of Carmyllie (LPID NO/54289/43391),56.580815,-2.747666,57370528000509ab228b1058000d,17.05,13.2,5.0,24.75,88.43,4.18,13
2025-06-29 12:03:50.462512+00:00,70B3D57ED0045541,Hygro#55:41,Hygro,Mains of Carmyllie (LPID NO/54289/43391),56.580815,-2.747666,572c052800050a5322c51056000e,17.0,13.2,5.0,26.43,89.01,4.18,14
2025-06-29 12:19:17.727380+00:00,70B3D57ED0045541,Hygro#55:41,Hygro,Mains of Carmyllie (LPID NO/54289/43391),56.580815,-2.747666,5729052800050a34228d1056000f,16.99,13.2,5.0,26.12,88.45,4.18,15
2025-06-29 12:34:36.204347+00:00,70B3D57ED0045541,Hygro#55:41,Hygro,Mains of Carmyllie (LPID NO/54289/43391),56.580815,-2.747666,5729052800050a02221d10580010,16.99,13.2,5.0,25.62,87.33,4.18,16
2025-06-29 12:50:01.726059+00:00,70B3D57ED0045541,Hygro#55:41,Hygro,Mains of Carmyllie (LPID NO/54289/43391),56.580815,-2.747666,571d052800050a9c224010540011,16.95,13.2,5.0,27.16,87.68,4.18,17
2025-06-29 13:05:18.435239+00:00,70B3D57ED0045541,Hygro#55:41,Hygro,Mains of Carmyllie (LPID NO/54289/43391),56.580815,-2.747666,5726052800050a47221810580012,16.98,13.2,5.0,26.31,87.28,4.18,18
2025-06-29 13:20:35.156443+00:00,70B3D57ED0045541,Hygro#55:41,Hygro,Mains of Carmyllie (LPID NO/54289/43391),56.580815,-2.747666,571b052800050a11221410580013,16.94,13.2,5.0,25.77,87.24,4.18,19
2025-06-29 13:36:47.454790+00:00,70B3D57ED0045541,Hygro#55:41,Hygro,Mains of Carmyllie (LPID NO/54289/43391),56.580815,-2.747666,570e052800050a4d221810580014,16.89,13.2,5.0,26.37,87.28,4.18,20
2025-06-29 13:52:05.908236+00:00,70B3D57ED0045541,Hygro#55:41,Hygro,Mains of Carmyllie (LPID NO/54289/43391),56.580815,-2.747666,5710052800050ae320e110580015,16.9,13.2,5.0,27.87,84.17,4.18,21
2025-06-29 14:07:31.417024+00:00,70B3D57ED0045541,Hygro#55:41,Hygro,Mains of Carmyllie (LPID NO/54289/43391),56.580815,-2.747666,5713052800050ad4206910540016,16.91,13.2,5.0,27.72,82.97,4.18,22
2025-06-29 14:25:34.789239+00:00,70B3D57ED0045541,Hygro#55:41,Hygro,Mains of Carmyllie (LPID NO/54289/43391),56.580815,-2.747666,5707052800050ad01faf10580017,16.86,13.2,5.0,27.68,81.11,4.18,23
2025-06-29 14:42:42.621362+00:00,70B3D57ED0045541,Hygro#55:41,Hygro,Mains of Carmyllie (LPID NO/54289/43391),56.580815,-2.747666,56fe052800050acc1f2d10560018,16.83,13.2,5.0,27.64,79.81,4.18,24
2025-06-29 14:57:59.318320+00:00,70B3D57ED0045541,Hygro#55:41,Hygro,Mains of Carmyllie (LPID NO/54289/43391),56.580815,-2.747666,56fc052800050b0f1ee110510019,16.82,13.2,5.0,28.31,79.05,4.18,25
2025-06-29 15:13:16.024197+00:00,70B3D57ED0045541,Hygro#55:41,Hygro,Mains of Carmyllie (LPID NO/54289/43391),56.580815,-2.747666,56fc052800040b3b1ee21056001a,16.82,13.2,4.0,28.75,79.06,4.18,26
2025-06-29 15:28:32.730390+00:00,70B3D57ED0045541,Hygro#55:41,Hygro,Mains of Carmyllie (LPID NO/54289/43391),56.580815,-2.747666,56f3052800050b511ef81054001b,16.78,13.2,5.0,28.97,79.28,4.18,27
2025-06-29 15:43:49.424748+00:00,70B3D57ED0045541,Hygro#55:41,Hygro,Mains of Carmyllie (LPID NO/54289/43391),56.580815,-2.747666,56f9052800050bb81eed1054001c,16.81,13.2,5.0,30.0,79.17,4.18,28
2025-06-29 15:59:13.165252+00:00,70B3D57ED0045541,Hygro#55:41,Hygro,Mains of Carmyllie (LPID NO/54289/43391),56.580815,-2.747666,56f1052800050b451ea81051001d,16.77,13.2,5.0,28.85,78.48,4.18,29
2025-06-29 16:18:37.717675+00:00,70B3D57ED0045541,Hygro#55:41,Hygro,Mains of Carmyllie (LPID NO/54289/43391),56.580815,-2.747666,561f0528000502fa1fc010300000,15.96,13.2,5.0,7.62,81.28,4.14,0
2025-06-30 07:43:38.079009+00:00,70B3D57ED0045541,Hygro#55:41,Hygro,Mains of Carmyllie (LPID NO/54289/43391),56.580815,-2.747666,56c80532000505182343102c0001,16.62,13.3,5.0,13.04,90.27,4.14,1
2025-06-30 07:58:54.809863+00:00,70B3D57ED0045541,Hygro#55:41,Hygro,Mains of Carmyllie (LPID NO/54289/43391),56.580815,-2.747666,56c30532000507dc239810510002,16.6,13.3,5.0,20.12,91.12,4.18,2
2025-06-30 08:21:55.293651+00:00,70B3D57ED0045541,Hygro#55:41,Hygro,Mains of Carmyllie (LPID NO/54289/43391),56.580815,-2.747666,56c1053200050000233510210000,16.59,13.3,5.0,0.0,90.13,4.13,0
2025-06-30 08:37:12.012714+00:00,70B3D57ED0045541,Hygro#55:41,Hygro,Mains of Carmyllie (LPID NO/54289/43391),56.580815,-2.747666,56bc053200050580237510560001,16.57,13.3,5.0,14.08,90.77,4.18,1
2025-06-30 08:52:30.498668+00:00,70B3D57ED0045541,Hygro#55:41,Hygro,Mains of Carmyllie (LPID NO/54289/43391),56.580815,-2.747666,5676053200050827234d10400002,16.3,13.3,5.0,20.87,90.37,4.16,2
2025-06-30 09:07:52.489838+00:00,70B3D57ED0045541,Hygro#55:41,Hygro,Mains of Carmyllie (LPID NO/54289/43391),56.580815,-2.747666,56bf053200050629238f10540003,16.58,13.3,5.0,15.77,91.03,4.18,3
2025-06-30 09:38:25.918475+00:00,70B3D57ED0045541,Hygro#55:41,Hygro,Mains of Carmyllie (LPID NO/54289/43391),56.580815,-2.747666,56b00532000509ce23be10540005,16.52,13.3,5.0,25.1,91.5,4.18,5
2025-06-30 09:53:53.177100+00:00,70B3D57ED0045541,Hygro#55:41,Hygro,Mains of Carmyllie (LPID NO/54289/43391),56.580815,-2.747666,56ae05320005093422e310580006,16.52,13.3,5.0,23.56,89.31,4.18,6
2025-06-30 10:09:09.888923+00:00,70B3D57ED0045541,Hygro#55:41,Hygro,Mains of Carmyllie (LPID NO/54289/43391),56.580815,-2.747666,56af0532000506c523c410560007,16.52,13.3,5.0,17.33,91.56,4.18,7
2025-06-30 10:24:28.359572+00:00,70B3D57ED0045541,Hygro#55:41,Hygro,Mains of Carmyllie (LPID NO/54289/43391),56.580815,-2.747666,56a90532000509d6233710560008,16.5,13.3,5.0,25.18,90.15,4.18,8
2025-06-30 10:39:46.845599+00:00,70B3D57ED0045541,Hygro#55:41,Hygro,Mains of Carmyllie (LPID NO/54289/43391),56.580815,-2.747666,56a5053200050a21232a10560009,16.48,13.3,5.0,25.93,90.02,4.18,9
2025-06-30 10:55:03.549244+00:00,70B3D57ED0045541,Hygro#55:41,Hygro,Mains of Carmyllie (LPID NO/54289/43391),56.580815,-2.747666,56a4053200050b02237b1056000a,16.48,13.3,5.0,28.18,90.83,4.18,10
2025-06-30 11:10:22.016551+00:00,70B3D57ED0045541,Hygro#55:41,Hygro,Mains of Carmyllie (LPID NO/54289/43391),56.580815,-2.747666,5699053200050add23421056000b,16.43,13.3,5.0,27.81,90.26,4.18,11
2025-06-30 11:25:38.761941+00:00,70B3D57ED0045541,Hygro#55:41,Hygro,Mains of Carmyllie (LPID NO/54289/43391),56.580815,-2.747666,56a30532000509f6227c1056000c,16.47,13.3,5.0,25.5,88.28,4.18,12
2025-06-30 11:40:57.208476+00:00,70B3D57ED0045541,Hygro#55:41,Hygro,Mains of Carmyllie (LPID NO/54289/43391),56.580815,-2.747666,56970532000509e722831056000d,16.43,13.3,5.0,25.35,88.35,4.18,13
2025-06-30 11:56:19.205615+00:00,70B3D57ED0045541,Hygro#55:41,Hygro,Mains of Carmyllie (LPID NO/54289/43391),56.580815,-2.747666,5694053200050a6622751058000e,16.41,13.3,5.0,26.62,88.21,4.18,14
2025-06-30 12:11:41.189543+00:00,70B3D57ED0045541,Hygro#55:41,Hygro,Mains of Carmyllie (LPID NO/54289/43391),56.580815,-2.747666,5695053c000509e92222105a000f,16.42,13.4,5.0,25.37,87.38,4.19,15
2025-06-30 12:26:57.907351+00:00,70B3D57ED0045541,Hygro#55:41,Hygro,Mains of Carmyllie (LPID NO/54289/43391),56.580815,-2.747666,5696053c00040a60225710580010,16.42,13.4,4.0,26.56,87.91,4.18,16
2025-06-30 12:42:16.383453+00:00,70B3D57ED0045541,Hygro#55:41,Hygro,Mains of Carmyllie (LPID NO/54289/43391),56.580815,-2.747666,5691053c00040ac221b610560011,16.4,13.4,4.0,27.54,86.3,4.18,17
2025-06-30 12:57:33.094817+00:00,70B3D57ED0045541,Hygro#55:41,Hygro,Mains of Carmyllie (LPID NO/54289/43391),56.580815,-2.747666,5683053c00050abe218710560012,16.35,13.4,5.0,27.5,85.83,4.18,18
2025-06-30 13:12:51.566463+00:00,70B3D57ED0045541,Hygro#55:41,Hygro,Mains of Carmyllie (LPID NO/54289/43391),56.580815,-2.747666,567e053c00050afe216710560013,16.33,13.4,5.0,28.14,85.51,4.18,19
2025-06-30 13:28:10.046190+00:00,70B3D57ED0045541,Hygro#55:41,Hygro,Mains of Carmyllie (LPID NO/54289/43391),56.580815,-2.747666,5682053c00050b02210610560014,16.34,13.4,5.0,28.18,84.54,4.18,20
2025-06-30 13:43:26.756258+00:00,70B3D57ED0045541,Hygro#55:41,Hygro,Mains of Carmyllie (LPID NO/54289/43391),56.580815,-2.747666,567d053c00060a21216110560015,16.32,13.4,6.0,25.93,85.45,4.18,21
2025-06-30 14:01:57.523376+00:00,70B3D57ED0045541,Hygro#55:41,Hygro,Mains of Carmyllie (LPID NO/54289/43391),56.580815,-2.747666,5679053c00052134212710540000,16.31,13.4,5.0,85.0,84.87,4.18,0
2025-06-30 14:17:16.004785+00:00,70B3D57ED0045541,Hygro#55:41,Hygro,Mains of Carmyllie (LPID NO/54289/43391),56.580815,-2.747666,5675053c00050979214910580001,16.29,13.4,5.0,24.25,85.21,4.18,1
2025-06-30 14:53:29.310448+00:00,70B3D57ED0045541,Hygro#55:41,Hygro,Mains of Carmyllie (LPID NO/54289/43391),56.580815,-2.747666,54e50546000502e3215010330000,14.74,13.5,5.0,7.39,85.28,4.15,0
2025-06-30 15:50:39.855941+00:00,70B3D57ED0045541,Hygro#55:41,Hygro,Mains of Carmyllie (LPID NO/54289/43391),56.580815,-2.747666,5667054600050a4d20ca105a0001,16.24,13.5,5.0,26.37,83.94,4.19,1
2025-06-30 16:05:56.569203+00:00,70B3D57ED0045541,Hygro#55:41,Hygro,Mains of Carmyllie (LPID NO/54289/43391),56.580815,-2.747666,566405460005066520ad10580002,16.23,13.5,5.0,16.37,83.65,4.18,2
2025-07-01 08:23:23.586994+00:00,70B3D57ED0045541,Hygro#55:41,Hygro,Mains of Carmyllie (LPID NO/54289/43391),56.580815,-2.747666,564b0564000401d423f0105a0000,16.13,13.8,4.0,4.68,92.0,4.19,0
2025-07-01 08:38:40.339133+00:00,70B3D57ED0045541,Hygro#55:41,Hygro,Mains of Carmyllie (LPID NO/54289/43391),56.580815,-2.747666,56540564000503a123c2105a0001,16.17,13.8,5.0,9.29,91.54,4.19,1
2025-07-01 08:54:02.363744+00:00,70B3D57ED0045541,Hygro#55:41,Hygro,Mains of Carmyllie (LPID NO/54289/43391),56.580815,-2.747666,564905640004041523d610580002,16.12,13.8,4.0,10.45,91.74,4.18,2
2025-07-01 09:09:20.875007+00:00,70B3D57ED0045541,Hygro#55:41,Hygro,Mains of Carmyllie (LPID NO/54289/43391),56.580815,-2.747666,564805640005046d23fc10580003,16.12,13.8,5.0,11.33,92.12,4.18,3
2025-07-01 09:24:39.382313+00:00,70B3D57ED0045541,Hygro#55:41,Hygro,Mains of Carmyllie (LPID NO/54289/43391),56.580815,-2.747666,56470564000506bd23e1105a0004,16.12,13.8,5.0,17.25,91.85,4.19,4
2025-07-01 09:39:57.865628+00:00,70B3D57ED0045541,Hygro#55:41,Hygro,Mains of Carmyllie (LPID NO/54289/43391),56.580815,-2.747666,56490564000504a7239710580005,16.12,13.8,5.0,11.91,91.11,4.18,5
2025-07-01 09:55:14.605133+00:00,70B3D57ED0045541,Hygro#55:41,Hygro,Mains of Carmyllie (LPID NO/54289/43391),56.580815,-2.747666,564e05640005023f234510580006,16.14,13.8,5.0,5.75,90.29,4.18,6
2025-07-01 10:10:33.103588+00:00,70B3D57ED0045541,Hygro#55:41,Hygro,Mains of Carmyllie (LPID NO/54289/43391),56.580815,-2.747666,564905640004066b230d10560007,16.12,13.8,4.0,16.43,89.73,4.18,7
2025-07-01 10:25:51.603069+00:00,70B3D57ED0045541,Hygro#55:41,Hygro,Mains of Carmyllie (LPID NO/54289/43391),56.580815,-2.747666,564e05640004064622ea105c0008,16.14,13.8,4.0,16.06,89.38,4.19,8
2025-07-01 10:41:10.103928+00:00,70B3D57ED0045541,Hygro#55:41,Hygro,Mains of Carmyllie (LPID NO/54289/43391),56.580815,-2.747666,56450564000506ef230f105c0009,16.11,13.8,5.0,17.75,89.75,4.19,9
2025-07-01 10:56:28.599079+00:00,70B3D57ED0045541,Hygro#55:41,Hygro,Mains of Carmyllie (LPID NO/54289/43391),56.580815,-2.747666,56400562000406cb22e61056000a,16.09,13.78,4.0,17.39,89.34,4.18,10
2025-07-01 11:11:47.099233+00:00,70B3D57ED0045541,Hygro#55:41,Hygro,Mains of Carmyllie (LPID NO/54289/43391),56.580815,-2.747666,5648055a000406ae22b41058000b,16.12,13.7,4.0,17.1,88.84,4.18,11
2025-07-01 11:27:03.831649+00:00,70B3D57ED0045541,Hygro#55:41,Hygro,Mains of Carmyllie (LPID NO/54289/43391),56.580815,-2.747666,5642055a00050699229d105c000c,16.1,13.7,5.0,16.89,88.61,4.19,12
2025-07-01 11:42:20.561469+00:00,70B3D57ED0045541,Hygro#55:41,Hygro,Mains of Carmyllie (LPID NO/54289/43391),56.580815,-2.747666,5648055a000406dc2289105a000d,16.12,13.7,4.0,17.56,88.41,4.19,13
2025-07-01 11:57:37.289270+00:00,70B3D57ED0045541,Hygro#55:41,Hygro,Mains of Carmyllie (LPID NO/54289/43391),56.580815,-2.747666,563d055a000406cf22711058000e,16.08,13.7,4.0,17.43,88.17,4.18,14
2025-07-01 12:12:54.032713+00:00,70B3D57ED0045541,Hygro#55:41,Hygro,Mains of Carmyllie (LPID NO/54289/43391),56.580815,-2.747666,5646055a0004075f2258105c000f,16.11,13.7,4.0,18.87,87.92,4.19,15
2025-07-01 12:28:10.762526+00:00,70B3D57ED0045541,Hygro#55:41,Hygro,Mains of Carmyllie (LPID NO/54289/43391),56.580815,-2.747666,563d055a00050765220b10580010,16.08,13.7,5.0,18.93,87.15,4.18,16
2025-07-01 12:43:27.497610+00:00,70B3D57ED0045541,Hygro#55:41,Hygro,Mains of Carmyllie (LPID NO/54289/43391),56.580815,-2.747666,5641055a000506cd21ec105c0011,16.09,13.7,5.0,17.41,86.84,4.19,17
2025-07-01 12:59:59.197175+00:00,70B3D57ED0045541,Hygro#55:41,Hygro,Mains of Carmyllie (LPID NO/54289/43391),56.580815,-2.747666,5637055a00050746220710580012,16.05,13.7,5.0,18.62,87.11,4.18,18
2025-07-01 13:15:15.935141+00:00,70B3D57ED0045541,Hygro#55:41,Hygro,Mains of Carmyllie (LPID NO/54289/43391),56.580815,-2.747666,5633055a000506e221de105a0013,16.04,13.7,5.0,17.62,86.7,4.19,19
2025-07-01 13:31:30.043085+00:00,70B3D57ED0045541,Hygro#55:41,Hygro,Mains of Carmyllie (LPID NO/54289/43391),56.580815,-2.747666,562f055a000506ef21f810580014,16.02,13.7,5.0,17.75,86.96,4.18,20
2025-07-01 13:46:48.545743+00:00,70B3D57ED0045541,Hygro#55:41,Hygro,Mains of Carmyllie (LPID NO/54289/43391),56.580815,-2.747666,5635055a000504652203105c0015,16.05,13.7,5.0,11.25,87.07,4.19,21
2025-07-01 14:02:10.550910+00:00,70B3D57ED0045541,Hygro#55:41,Hygro,Mains of Carmyllie (LPID NO/54289/43391),56.580815,-2.747666,5631055a000506b02213105c0016,16.03,13.7,5.0,17.12,87.23,4.19,22
2025-07-01 14:17:27.286771+00:00,70B3D57ED0045541,Hygro#55:41,Hygro,Mains of Carmyllie (LPID NO/54289/43391),56.580815,-2.747666,562f055a00040503221d105a0017,16.02,13.7,4.0,12.83,87.33,4.19,23
2025-07-01 14:32:44.012632+00:00,70B3D57ED0045541,Hygro#55:41,Hygro,Mains of Carmyllie (LPID NO/54289/43391),56.580815,-2.747666,5632055a0005049721dc105a0018,16.03,13.7,5.0,11.75,86.68,4.19,24
2025-07-01 14:48:00.757029+00:00,70B3D57ED0045541,Hygro#55:41,Hygro,Mains of Carmyllie (LPID NO/54289/43391),56.580815,-2.747666,5630055a0004025e21f510580019,16.03,13.7,4.0,6.06,86.93,4.18,25
2025-07-01 15:03:17.525191+00:00,70B3D57ED0045541,Hygro#55:41,Hygro,Mains of Carmyllie (LPID NO/54289/43391),56.580815,-2.747666,562d055a0004073521eb105c001a,16.01,13.7,4.0,18.45,86.83,4.19,26
2025-07-03 07:42:19.241835+00:00,70B3D57ED0045541,Hygro#55:41,Hygro,Mains of Carmyllie (LPID NO/54289/43391),56.580815,-2.747666,5620050000042134258c102a0000,15.96,12.8,4.0,85.0,96.12,4.14,0
2025-07-03 07:57:37.751572+00:00,70B3D57ED0045541,Hygro#55:41,Hygro,Mains of Carmyllie (LPID NO/54289/43391),56.580815,-2.747666,561905000004032425ad10350001,15.94,12.8,4.0,8.04,96.45,4.15,1
2025-07-03 08:14:18.269239+00:00,70B3D57ED0045541,Hygro#55:41,Hygro,Mains of Carmyllie (LPID NO/54289/43391),56.580815,-2.747666,561a0500000401f425dc10510002,15.94,12.8,4.0,5.0,96.92,4.18,2
2025-07-03 08:29:43.794193+00:00,70B3D57ED0045541,Hygro#55:41,Hygro,Mains of Carmyllie (LPID NO/54289/43391),56.580815,-2.747666,561805000004062025a9104f0003,15.93,12.8,4.0,15.68,96.41,4.17,3
2025-07-03 08:45:00.521008+00:00,70B3D57ED0045541,Hygro#55:41,Hygro,Mains of Carmyllie (LPID NO/54289/43391),56.580815,-2.747666,56180500000405ee251510510004,15.93,12.8,4.0,15.18,94.93,4.18,4
2025-07-03 13:04:45.910223+00:00,70B3D57ED0045541,Hygro#55:41,Hygro,Mains of Carmyllie (LPID NO/54289/43391),56.580815,-2.747666,561404f6000401df240910540000,15.92,12.7,4.0,4.79,92.25,4.18,0
2025-07-03 13:20:04.412210+00:00,70B3D57ED0045541,Hygro#55:41,Hygro,Mains of Carmyllie (LPID NO/54289/43391),56.580815,-2.747666,560304f6000403f6241c10390001,15.85,12.7,4.0,10.14,92.44,4.15,1
2025-07-03 13:35:21.151995+00:00,70B3D57ED0045541,Hygro#55:41,Hygro,Mains of Carmyllie (LPID NO/54289/43391),56.580815,-2.747666,561704f600040234244410580002,15.93,12.7,4.0,5.64,92.84,4.18,2
2025-07-03 13:51:52.853608+00:00,70B3D57ED0045541,Hygro#55:41,Hygro,Mains of Carmyllie (LPID NO/54289/43391),56.580815,-2.747666,561b04f60004020d242c10440003,15.94,12.7,4.0,5.25,92.6,4.16,3
2025-07-03 14:07:09.580827+00:00,70B3D57ED0045541,Hygro#55:41,Hygro,Mains of Carmyllie (LPID NO/54289/43391),56.580815,-2.747666,561904f60004067e243c10580004,15.94,12.7,4.0,16.62,92.76,4.18,4
2025-07-03 14:22:43.884395+00:00,70B3D57ED0045541,Hygro#55:41,Hygro,Mains of Carmyllie (LPID NO/54289/43391),56.580815,-2.747666,561904f600040776243210560005,15.94,12.7,4.0,19.1,92.66,4.18,5
2025-07-03 14:48:49.140352+00:00,70B3D57ED0045541,Hygro#55:41,Hygro,Mains of Carmyllie (LPID NO/54289/43391),56.580815,-2.747666,561e04f60004043323e110390000,15.96,12.7,4.0,10.75,91.85,4.15,0
2025-07-04 11:54:29.473443+00:00,70B3D57ED0045541,Hygro#55:41,Hygro,Mains of Carmyllie (LPID NO/54289/43391),56.580815,-2.747666,559504f6000401eb24d310300001,15.43,12.7,4.0,4.91,94.27,4.14,1
2025-07-04 12:09:46.219188+00:00,70B3D57ED0045541,Hygro#55:41,Hygro,Mains of Carmyllie (LPID NO/54289/43391),56.580815,-2.747666,561d04f600040211252110390002,15.95,12.7,4.0,5.29,95.05,4.15,2
2025-07-04 12:25:10.108638+00:00,70B3D57ED0045541,Hygro#55:41,Hygro,Mains of Carmyllie (LPID NO/54289/43391),56.580815,-2.747666,561b04f6000403fc250410300003,15.94,12.7,4.0,10.2,94.76,4.14,3
2025-07-04 12:40:32.131393+00:00,70B3D57ED0045541,Hygro#55:41,Hygro,Mains of Carmyllie (LPID NO/54289/43391),56.580815,-2.747666,553704f60004060724fa102a0004,15.06,12.7,4.0,15.43,94.66,4.14,4
2025-07-04 12:55:54.145893+00:00,70B3D57ED0045541,Hygro#55:41,Hygro,Mains of Carmyllie (LPID NO/54289/43391),56.580815,-2.747666,54f004f60004041524f510210005,14.78,12.7,4.0,10.45,94.61,4.13,5
2025-07-04 13:18:40.148294+00:00,70B3D57ED0045541,Hygro#55:41,Hygro,Mains of Carmyllie (LPID NO/54289/43391),56.580815,-2.747666,552f04f6000403df24d010280000,15.03,12.7,4.0,9.91,94.24,4.14,0
2025-07-04 13:33:58.658764+00:00,70B3D57ED0045541,Hygro#55:41,Hygro,Mains of Carmyllie (LPID NO/54289/43391),56.580815,-2.747666,552f04f60004020024e8102e0001,15.03,12.7,4.0,5.12,94.48,4.14,1
2025-07-04 13:49:17.154509+00:00,70B3D57ED0045541,Hygro#55:41,Hygro,Mains of Carmyllie (LPID NO/54289/43391),56.580815,-2.747666,55d704f60004000024f1102c0002,15.68,12.7,4.0,0.0,94.57,4.14,2
2025-07-04 14:04:35.660649+00:00,70B3D57ED0045541,Hygro#55:41,Hygro,Mains of Carmyllie (LPID NO/54289/43391),56.580815,-2.747666,552f04f60005000024cf102e0003,15.03,12.7,5.0,0.0,94.23,4.14,3
2025-07-04 14:22:11.272985+00:00,70B3D57ED0045541,Hygro#55:41,Hygro,Mains of Carmyllie (LPID NO/54289/43391),56.580815,-2.747666,552c04f60004021324cd10280000,15.02,12.7,4.0,5.31,94.21,4.14,0
2025-07-05 09:27:22.594326+00:00,70B3D57ED0045541,Hygro#55:41,Hygro,Mains of Carmyllie (LPID NO/54289/43391),56.580815,-2.747666,54aa05000004045824e610160001,14.51,12.8,4.0,11.12,94.46,4.12,1
2025-07-05 09:42:39.339962+00:00,70B3D57ED0045541,Hygro#55:41,Hygro,Mains of Carmyllie (LPID NO/54289/43391),56.580815,-2.747666,56180500000404c6259310250002,15.93,12.8,4.0,12.22,96.19,4.13,2
2025-07-05 10:02:09.225240+00:00,70B3D57ED0045541,Hygro#55:41,Hygro,Mains of Carmyllie (LPID NO/54289/43391),56.580815,-2.747666,54b60500000406cf24da10160000,14.56,12.8,4.0,17.43,94.34,4.12,0
2025-07-05 10:17:31.237701+00:00,70B3D57ED0045541,Hygro#55:41,Hygro,Mains of Carmyllie (LPID NO/54289/43391),56.580815,-2.747666,561e0500000406c52528102c0001,15.96,12.8,4.0,17.33,95.12,4.14,1
2025-07-05 10:36:03.190254+00:00,70B3D57ED0045541,Hygro#55:41,Hygro,Mains of Carmyllie (LPID NO/54289/43391),56.580815,-2.747666,552005000004025e24ee101d0000,14.97,12.8,4.0,6.06,94.54,4.12,0
2025-07-05 10:51:21.675754+00:00,70B3D57ED0045541,Hygro#55:41,Hygro,Mains of Carmyllie (LPID NO/54289/43391),56.580815,-2.747666,561005000004028324e210540001,15.9,12.8,4.0,6.43,94.42,4.18,1
2025-07-05 11:06:45.445701+00:00,70B3D57ED0045541,Hygro#55:41,Hygro,Mains of Carmyllie (LPID NO/54289/43391),56.580815,-2.747666,56160500000502af24da104f0002,15.93,12.8,5.0,6.87,94.34,4.17,2
2025-07-05 11:22:09.191246+00:00,70B3D57ED0045541,Hygro#55:41,Hygro,Mains of Carmyllie (LPID NO/54289/43391),56.580815,-2.747666,561405000004030924f910510003,15.92,12.8,4.0,7.77,94.65,4.18,3
2025-07-05 11:37:41.726855+00:00,70B3D57ED0045541,Hygro#55:41,Hygro,Mains of Carmyllie (LPID NO/54289/43391),56.580815,-2.747666,561405000004090e24cd10510004,15.92,12.8,4.0,23.18,94.21,4.18,4
2025-07-05 12:08:27.472383+00:00,70B3D57ED0045541,Hygro#55:41,Hygro,Mains of Carmyllie (LPID NO/54289/43391),56.580815,-2.747666,560c05000004059923ed10540006,15.89,12.8,4.0,14.33,91.97,4.18,6
2025-07-05 12:23:51.213540+00:00,70B3D57ED0045541,Hygro#55:41,Hygro,Mains of Carmyllie (LPID NO/54289/43391),56.580815,-2.747666,561205000005092b241710510007,15.91,12.8,5.0,23.47,92.39,4.18,7
2025-07-05 12:39:07.921911+00:00,70B3D57ED0045541,Hygro#55:41,Hygro,Mains of Carmyllie (LPID NO/54289/43391),56.580815,-2.747666,560505000004094d239f104f0008,15.86,12.8,4.0,23.81,91.19,4.17,8
2025-07-05 12:54:36.950065+00:00,70B3D57ED0045541,Hygro#55:41,Hygro,Mains of Carmyllie (LPID NO/54289/43391),56.580815,-2.747666,560a050000050981235610510009,15.88,12.8,5.0,24.33,90.46,4.18,9
2025-07-05 13:09:58.944459+00:00,70B3D57ED0045541,Hygro#55:41,Hygro,Mains of Carmyllie (LPID NO/54289/43391),56.580815,-2.747666,560a05000004060723251056000a,15.88,12.8,4.0,15.43,89.97,4.18,10
2025-07-05 13:25:19.190883+00:00,70B3D57ED0045541,Hygro#55:41,Hygro,Mains of Carmyllie (LPID NO/54289/43391),56.580815,-2.747666,56040500000402d2230a1054000b,15.86,12.8,4.0,7.22,89.7,4.18,11
2025-07-05 13:40:48.202431+00:00,70B3D57ED0045541,Hygro#55:41,Hygro,Mains of Carmyllie (LPID NO/54289/43391),56.580815,-2.747666,560905000004096023011054000c,15.87,12.8,4.0,24.0,89.61,4.18,12
2025-07-05 13:56:11.951888+00:00,70B3D57ED0045541,Hygro#55:41,Hygro,Mains of Carmyllie (LPID NO/54289/43391),56.580815,-2.747666,560705000004057523221054000d,15.87,12.8,4.0,13.97,89.94,4.18,13
2025-07-05 14:11:28.656032+00:00,70B3D57ED0045541,Hygro#55:41,Hygro,Mains of Carmyllie (LPID NO/54289/43391),56.580815,-2.747666,560205000004091b22ce1056000e,15.85,12.8,4.0,23.31,89.1,4.18,14
2025-07-05 14:26:47.132073+00:00,70B3D57ED0045541,Hygro#55:41,Hygro,Mains of Carmyllie (LPID NO/54289/43391),56.580815,-2.747666,55ff050000040953220b1054000f,15.84,12.8,4.0,23.87,87.15,4.18,15
2025-07-05 14:42:03.855735+00:00,70B3D57ED0045541,Hygro#55:41,Hygro,Mains of Carmyllie (LPID NO/54289/43391),56.580815,-2.747666,55300500000408532148102c0010,15.03,12.8,4.0,21.31,85.2,4.14,16
2025-07-05 14:57:25.847983+00:00,70B3D57ED0045541,Hygro#55:41,Hygro,Mains of Carmyllie (LPID NO/54289/43391),56.580815,-2.747666,54d50500000408722233102a0011,14.68,12.8,4.0,21.62,87.55,4.14,17
2025-07-05 15:12:42.562210+00:00,70B3D57ED0045541,Hygro#55:41,Hygro,Mains of Carmyllie (LPID NO/54289/43391),56.580815,-2.747666,5601050000050802229310580012,15.84,12.8,5.0,20.5,88.51,4.18,18
2025-07-05 15:27:59.293805+00:00,70B3D57ED0045541,Hygro#55:41,Hygro,Mains of Carmyllie (LPID NO/54289/43391),56.580815,-2.747666,560005000004084022e5105a0013,15.84,12.8,4.0,21.12,89.33,4.19,19
2025-07-05 15:43:17.774008+00:00,70B3D57ED0045541,Hygro#55:41,Hygro,Mains of Carmyllie (LPID NO/54289/43391),56.580815,-2.747666,55fa050a00040552230310580014,15.82,12.9,4.0,13.62,89.63,4.18,20
2025-07-05 16:09:44.207954+00:00,70B3D57ED0045541,Hygro#55:41,Hygro,Mains of Carmyllie (LPID NO/54289/43391),56.580815,-2.747666,55d3050a00040703228310510000,15.67,12.9,4.0,17.95,88.35,4.18,0
2025-07-05 16:25:00.914658+00:00,70B3D57ED0045541,Hygro#55:41,Hygro,Mains of Carmyllie (LPID NO/54289/43391),56.580815,-2.747666,55f5050a00050853216510560001,15.8,12.9,5.0,21.31,85.49,4.18,1
2025-07-05 17:00:58.067638+00:00,70B3D57ED0045541,Hygro#55:41,Hygro,Mains of Carmyllie (LPID NO/54289/43391),56.580815,-2.747666,5517050a00040f9522b7103b0000,14.94,12.9,4.0,39.89,88.87,4.16,0
2025-07-06 09:52:43.361246+00:00,70B3D57ED0045541,Hygro#55:41,Hygro,Mains of Carmyllie (LPID NO/54289/43391),56.580815,-2.747666,55f7051e0004040924bc10560001,15.81,13.1,4.0,10.33,94.04,4.18,1
2025-07-06 10:08:00.111793+00:00,70B3D57ED0045541,Hygro#55:41,Hygro,Mains of Carmyllie (LPID NO/54289/43391),56.580815,-2.747666,55f4051e00040627246510540002,15.79,13.1,4.0,15.75,93.17,4.18,2
2025-07-06 10:23:30.925648+00:00,70B3D57ED0045541,Hygro#55:41,Hygro,Mains of Carmyllie (LPID NO/54289/43391),56.580815,-2.747666,54c4051e000403b6243b10280003,14.61,13.1,4.0,9.5,92.75,4.14,3
2025-07-06 14:25:03.696620+00:00,70B3D57ED0045541,Hygro#55:41,Hygro,Mains of Carmyllie (LPID NO/54289/43391),56.580815,-2.747666,551705170004067822e7102e0000,14.94,13.03,4.0,16.56,89.35,4.14,0
2025-07-06 14:40:20.373322+00:00,70B3D57ED0045541,Hygro#55:41,Hygro,Mains of Carmyllie (LPID NO/54289/43391),56.580815,-2.747666,55f5051400040678233a10390001,15.8,13.0,4.0,16.56,90.18,4.15,1
2025-07-06 14:55:37.112601+00:00,70B3D57ED0045541,Hygro#55:41,Hygro,Mains of Carmyllie (LPID NO/54289/43391),56.580815,-2.747666,550c051400040659234010300002,14.89,13.0,4.0,16.25,90.24,4.14,2
2025-07-06 15:10:53.836628+00:00,70B3D57ED0045541,Hygro#55:41,Hygro,Mains of Carmyllie (LPID NO/54289/43391),56.580815,-2.747666,55f005140004066b238910540003,15.78,13.0,4.0,16.43,90.97,4.18,3
2025-07-06 15:26:10.566173+00:00,70B3D57ED0045541,Hygro#55:41,Hygro,Mains of Carmyllie (LPID NO/54289/43391),56.580815,-2.747666,55ec0514000406b6231f105a0004,15.76,13.0,4.0,17.18,89.91,4.19,4
2025-07-06 15:41:27.304935+00:00,70B3D57ED0045541,Hygro#55:41,Hygro,Mains of Carmyllie (LPID NO/54289/43391),56.580815,-2.747666,55a80514000406bd2328103b0005,15.5,13.0,4.0,17.25,90.0,4.16,5
2025-07-07 07:45:03.643303+00:00,70B3D57ED0045541,Hygro#55:41,Hygro,Mains of Carmyllie (LPID NO/54289/43391),56.580815,-2.747666,5598050a0004041c24e8101f0000,15.44,12.9,4.0,10.52,94.48,4.13,0
2025-07-07 08:18:00.414787+00:00,70B3D57ED0045541,Hygro#55:41,Hygro,Mains of Carmyllie (LPID NO/54289/43391),56.580815,-2.747666,285b0500000505d5241e10330001,-29.49,12.8,5.0,14.93,92.46,4.15,1
2025-07-07 08:33:18.897616+00:00,70B3D57ED0045541,Hygro#55:41,Hygro,Mains of Carmyllie (LPID NO/54289/43391),56.580815,-2.747666,55ea0500000407272578104f0002,15.75,12.8,4.0,18.31,95.92,4.17,2
2025-07-07 08:48:46.167923+00:00,70B3D57ED0045541,Hygro#55:41,Hygro,Mains of Carmyllie (LPID NO/54289/43391),56.580815,-2.747666,55ee0500000507b224e3104f0003,15.77,12.8,5.0,19.7,94.43,4.17,3
2025-07-07 09:04:11.662098+00:00,70B3D57ED0045541,Hygro#55:41,Hygro,Mains of Carmyllie (LPID NO/54289/43391),56.580815,-2.747666,55e205000004080e2464104f0004,15.72,12.8,4.0,20.62,93.16,4.17,4
2025-07-07 09:19:37.162463+00:00,70B3D57ED0045541,Hygro#55:41,Hygro,Mains of Carmyllie (LPID NO/54289/43391),56.580815,-2.747666,55e105000005000023d3104f0005,15.72,12.8,5.0,0.0,91.71,4.17,5
2025-07-07 09:34:53.886302+00:00,70B3D57ED0045541,Hygro#55:41,Hygro,Mains of Carmyllie (LPID NO/54289/43391),56.580815,-2.747666,55e30500000408a4234f104f0006,15.73,12.8,4.0,22.12,90.39,4.17,6
2025-07-07 09:50:12.348486+00:00,70B3D57ED0045541,Hygro#55:41,Hygro,Mains of Carmyllie (LPID NO/54289/43391),56.580815,-2.747666,55e705000004090222f910510007,15.74,12.8,4.0,23.06,89.53,4.18,7
2025-07-07 10:05:39.597081+00:00,70B3D57ED0045541,Hygro#55:41,Hygro,Mains of Carmyllie (LPID NO/54289/43391),56.580815,-2.747666,55e505000004099c22ff10540008,15.74,12.8,4.0,24.6,89.59,4.18,8
2025-07-07 10:21:08.617557+00:00,70B3D57ED0045541,Hygro#55:41,Hygro,Mains of Carmyllie (LPID NO/54289/43391),56.580815,-2.747666,55e3050000040a1522f710510009,15.73,12.8,4.0,25.81,89.51,4.18,9
2025-07-07 10:36:32.348294+00:00,70B3D57ED0045541,Hygro#55:41,Hygro,Mains of Carmyllie (LPID NO/54289/43391),56.580815,-2.747666,55df05000004162222b31051000a,15.71,12.8,4.0,56.66,88.83,4.18,10
2025-07-07 10:51:56.076540+00:00,70B3D57ED0045541,Hygro#55:41,Hygro,Mains of Carmyllie (LPID NO/54289/43391),56.580815,-2.747666,55db05000004000021f51051000b,15.7,12.8,4.0,0.0,86.93,4.18,11
2025-07-07 11:22:43.551661+00:00,70B3D57ED0045541,Hygro#55:41,Hygro,Mains of Carmyllie (LPID NO/54289/43391),56.580815,-2.747666,55d60500000403b1229a1054000d,15.68,12.8,4.0,9.45,88.58,4.18,13
2025-07-07 11:38:10.807896+00:00,70B3D57ED0045541,Hygro#55:41,Hygro,Mains of Carmyllie (LPID NO/54289/43391),56.580815,-2.747666,55d704f6000403af22861051000e,15.68,12.7,4.0,9.43,88.38,4.18,14
2025-07-07 11:53:29.271160+00:00,70B3D57ED0045541,Hygro#55:41,Hygro,Mains of Carmyllie (LPID NO/54289/43391),56.580815,-2.747666,55d704f60004036d21e01056000f,15.68,12.7,4.0,8.77,86.72,4.18,15
2025-07-07 12:10:37.131235+00:00,70B3D57ED0045541,Hygro#55:41,Hygro,Mains of Carmyllie (LPID NO/54289/43391),56.580815,-2.747666,55d604f6000508dc212b10560010,15.68,12.7,5.0,22.68,84.91,4.18,16
2025-07-07 12:25:57.346784+00:00,70B3D57ED0045541,Hygro#55:41,Hygro,Mains of Carmyllie (LPID NO/54289/43391),56.580815,-2.747666,55d904f6000403642290105c0011,15.69,12.7,4.0,8.68,88.48,4.19,17
2025-07-07 12:41:19.323256+00:00,70B3D57ED0045541,Hygro#55:41,Hygro,Mains of Carmyllie (LPID NO/54289/43391),56.580815,-2.747666,55ce04f6000409fa222610540012,15.65,12.7,4.0,25.54,87.42,4.18,18
2025-07-07 12:56:39.559635+00:00,70B3D57ED0045541,Hygro#55:41,Hygro,Mains of Carmyllie (LPID NO/54289/43391),56.580815,-2.747666,55cb04f60004035e21b810580013,15.63,12.7,4.0,8.62,86.32,4.18,19
2025-07-07 13:12:10.309798+00:00,70B3D57ED0045541,Hygro#55:41,Hygro,Mains of Carmyllie (LPID NO/54289/43391),56.580815,-2.747666,55ca04f600040000213310560014,15.63,12.7,4.0,0.0,84.99,4.18,20
2025-07-07 13:27:48.101167+00:00,70B3D57ED0045541,Hygro#55:41,Hygro,Mains of Carmyllie (LPID NO/54289/43391),56.580815,-2.747666,55ce04f60004034b215410560015,15.65,12.7,4.0,8.43,85.32,4.18,21
2025-07-07 13:43:18.857624+00:00,70B3D57ED0045541,Hygro#55:41,Hygro,Mains of Carmyllie (LPID NO/54289/43391),56.580815,-2.747666,55c404f600040a6420f510560016,15.61,12.7,4.0,26.6,84.37,4.18,22
2025-07-07 13:59:38.123706+00:00,70B3D57ED0045541,Hygro#55:41,Hygro,Mains of Carmyllie (LPID NO/54289/43391),56.580815,-2.747666,55bb04f600040381206a10540017,15.57,12.7,4.0,8.97,82.98,4.18,23
2025-07-07 14:14:56.590696+00:00,70B3D57ED0045541,Hygro#55:41,Hygro,Mains of Carmyllie (LPID NO/54289/43391),56.580815,-2.747666,55c804f6000405ec208210560018,15.62,12.7,4.0,15.16,83.22,4.18,24
2025-07-07 14:30:15.064957+00:00,70B3D57ED0045541,Hygro#55:41,Hygro,Mains of Carmyllie (LPID NO/54289/43391),56.580815,-2.747666,55c90500000402e1212e105a0019,15.63,12.8,4.0,7.37,84.94,4.19,25
2025-07-07 14:45:31.777843+00:00,70B3D57ED0045541,Hygro#55:41,Hygro,Mains of Carmyllie (LPID NO/54289/43391),56.580815,-2.747666,55c0050000040953209d1056001a,15.59,12.8,4.0,23.87,83.49,4.18,26
2025-07-07 15:00:55.517157+00:00,70B3D57ED0045541,Hygro#55:41,Hygro,Mains of Carmyllie (LPID NO/54289/43391),56.580815,-2.747666,55be05000004036820641058001b,15.58,12.8,4.0,8.72,82.92,4.18,27
2025-07-07 15:16:12.221935+00:00,70B3D57ED0045541,Hygro#55:41,Hygro,Mains of Carmyllie (LPID NO/54289/43391),56.580815,-2.747666,55c20500000506761fae1056001c,15.6,12.8,5.0,16.54,81.1,4.18,28
2025-07-07 16:39:54.911648+00:00,70B3D57ED0045541,Hygro#55:41,Hygro,Mains of Carmyllie (LPID NO/54289/43391),56.580815,-2.747666,55b9050000040b1120b90f3c0000,15.56,12.8,4.0,28.33,83.77,3.9,0
2025-07-08 07:49:23.891779+00:00,70B3D57ED0045541,Hygro#55:41,Hygro,Mains of Carmyllie (LPID NO/54289/43391),56.580815,-2.747666,54b10500000404fb2462102a0001,14.54,12.8,4.0,12.75,93.14,4.14,1
2025-07-08 08:04:45.888964+00:00,70B3D57ED0045541,Hygro#55:41,Hygro,Mains of Carmyllie (LPID NO/54289/43391),56.580815,-2.747666,55ac05000004054e24a8103e0002,15.51,12.8,4.0,13.58,93.84,4.16,2
2025-07-08 08:20:04.359144+00:00,70B3D57ED0045541,Hygro#55:41,Hygro,Mains of Carmyllie (LPID NO/54289/43391),56.580815,-2.747666,55aa050000040874246810510003,15.51,12.8,4.0,21.64,93.2,4.18,3
2025-07-08 08:35:21.078758+00:00,70B3D57ED0045541,Hygro#55:41,Hygro,Mains of Carmyllie (LPID NO/54289/43391),56.580815,-2.747666,55a20500000408d6242310510004,15.48,12.8,4.0,22.62,92.51,4.18,4
2025-07-08 08:50:37.782561+00:00,70B3D57ED0045541,Hygro#55:41,Hygro,Mains of Carmyllie (LPID NO/54289/43391),56.580815,-2.747666,55a105000003095923d710510005,15.47,12.8,3.0,23.93,91.75,4.18,5
2025-07-08 09:05:54.491947+00:00,70B3D57ED0045541,Hygro#55:41,Hygro,Mains of Carmyllie (LPID NO/54289/43391),56.580815,-2.747666,55a5050000040a15233c104f0006,15.49,12.8,4.0,25.81,90.2,4.17,6
2025-07-08 09:21:11.223572+00:00,70B3D57ED0045541,Hygro#55:41,Hygro,Mains of Carmyllie (LPID NO/54289/43391),56.580815,-2.747666,559c04fc000409fc228d10510007,15.45,12.76,4.0,25.56,88.45,4.18,7
2025-07-08 09:36:27.908689+00:00,70B3D57ED0045541,Hygro#55:41,Hygro,Mains of Carmyllie (LPID NO/54289/43391),56.580815,-2.747666,559904f6000409d621ba10540008,15.44,12.7,4.0,25.18,86.34,4.18,8
2025-07-08 09:51:46.369269+00:00,70B3D57ED0045541,Hygro#55:41,Hygro,Mains of Carmyllie (LPID NO/54289/43391),56.580815,-2.747666,55a004f600040a96226b10540009,15.47,12.7,4.0,27.1,88.11,4.18,9
2025-07-08 10:07:04.830499+00:00,70B3D57ED0045541,Hygro#55:41,Hygro,Mains of Carmyllie (LPID NO/54289/43391),56.580815,-2.747666,559504f600040b1522341054000a,15.43,12.7,4.0,28.37,87.56,4.18,10
2025-07-08 10:22:23.288903+00:00,70B3D57ED0045541,Hygro#55:41,Hygro,Mains of Carmyllie (LPID NO/54289/43391),56.580815,-2.747666,559b04f600040bab21cf104f000b,15.45,12.7,4.0,29.87,86.55,4.17,11
2025-07-08 10:38:42.562922+00:00,70B3D57ED0045541,Hygro#55:41,Hygro,Mains of Carmyllie (LPID NO/54289/43391),56.580815,-2.747666,559604f600040bd121321054000c,15.43,12.7,4.0,30.25,84.98,4.18,12
2025-07-08 10:54:01.029202+00:00,70B3D57ED0045541,Hygro#55:41,Hygro,Mains of Carmyllie (LPID NO/54289/43391),56.580815,-2.747666,558b04f60004078920ee1054000d,15.39,12.7,4.0,19.29,84.3,4.18,13
2025-07-08 11:09:23.007675+00:00,70B3D57ED0045541,Hygro#55:41,Hygro,Mains of Carmyllie (LPID NO/54289/43391),56.580815,-2.747666,559404f600040a2120c91056000e,15.42,12.7,4.0,25.93,83.93,4.18,14
2025-07-08 11:24:39.712791+00:00,70B3D57ED0045541,Hygro#55:41,Hygro,Mains of Carmyllie (LPID NO/54289/43391),56.580815,-2.747666,559004f60004093820be1056000f,15.41,12.7,4.0,23.6,83.82,4.18,15
2025-07-08 11:40:03.460253+00:00,70B3D57ED0045541,Hygro#55:41,Hygro,Mains of Carmyllie (LPID NO/54289/43391),56.580815,-2.747666,558b04f6000402f421a710540010,15.39,12.7,4.0,7.56,86.15,4.18,16
2025-07-08 11:55:20.180546+00:00,70B3D57ED0045541,Hygro#55:41,Hygro,Mains of Carmyllie (LPID NO/54289/43391),56.580815,-2.747666,558704f6000408e321e6105a0011,15.37,12.7,4.0,22.75,86.78,4.19,17
2025-07-08 12:10:40.416535+00:00,70B3D57ED0045541,Hygro#55:41,Hygro,Mains of Carmyllie (LPID NO/54289/43391),56.580815,-2.747666,558d04f6000402fc222b0f800012,15.39,12.7,4.0,7.64,87.47,3.97,18
2025-07-08 12:25:57.126580+00:00,70B3D57ED0045541,Hygro#55:41,Hygro,Mains of Carmyllie (LPID NO/54289/43391),56.580815,-2.747666,558204f60004064422950f5d0013,15.35,12.7,4.0,16.04,88.53,3.93,19
2025-07-08 12:41:19.114030+00:00,70B3D57ED0045541,Hygro#55:41,Hygro,Mains of Carmyllie (LPID NO/54289/43391),56.580815,-2.747666,558604f6000409e922b8105a0014,15.37,12.7,4.0,25.37,88.88,4.19,20
2025-07-08 12:56:35.823129+00:00,70B3D57ED0045541,Hygro#55:41,Hygro,Mains of Carmyllie (LPID NO/54289/43391),56.580815,-2.747666,558004f60004067e22e2105a0015,15.34,12.7,4.0,16.62,89.3,4.19,21
2025-07-08 13:11:52.540894+00:00,70B3D57ED0045541,Hygro#55:41,Hygro,Mains of Carmyllie (LPID NO/54289/43391),56.580815,-2.747666,558604f60004099a22bb105a0016,15.37,12.7,4.0,24.58,88.91,4.19,22
2025-07-08 13:27:11.020690+00:00,70B3D57ED0045541,Hygro#55:41,Hygro,Mains of Carmyllie (LPID NO/54289/43391),56.580815,-2.747666,557f04f6000409a422bd105a0017,15.34,12.7,4.0,24.68,88.93,4.19,23
2025-07-08 13:42:27.737343+00:00,70B3D57ED0045541,Hygro#55:41,Hygro,Mains of Carmyllie (LPID NO/54289/43391),56.580815,-2.747666,558604f600040a43229a105c0018,15.37,12.7,4.0,26.27,88.58,4.19,24
2025-07-08 13:57:46.199158+00:00,70B3D57ED0045541,Hygro#55:41,Hygro,Mains of Carmyllie (LPID NO/54289/43391),56.580815,-2.747666,557604f600040a4b223410580019,15.3,12.7,4.0,26.35,87.56,4.18,25
2025-07-08 14:13:02.921088+00:00,70B3D57ED0045541,Hygro#55:41,Hygro,Mains of Carmyllie (LPID NO/54289/43391),56.580815,-2.747666,557704f600040a2522331058001a,15.31,12.7,4.0,25.97,87.55,4.18,26
2025-07-08 14:28:19.625003+00:00,70B3D57ED0045541,Hygro#55:41,Hygro,Mains of Carmyllie (LPID NO/54289/43391),56.580815,-2.747666,557e04f600040a7021cc1058001b,15.34,12.7,4.0,26.72,86.52,4.18,27
2025-07-08 14:43:36.342765+00:00,70B3D57ED0045541,Hygro#55:41,Hygro,Mains of Carmyllie (LPID NO/54289/43391),56.580815,-2.747666,557304f600030b0921201056001c,15.29,12.7,3.0,28.25,84.8,4.18,28
2025-07-08 14:58:53.061337+00:00,70B3D57ED0045541,Hygro#55:41,Hygro,Mains of Carmyllie (LPID NO/54289/43391),56.580815,-2.747666,556f04f60004035821491058001d,15.28,12.7,4.0,8.56,85.21,4.18,29
2025-07-08 15:14:09.773362+00:00,70B3D57ED0045541,Hygro#55:41,Hygro,Mains of Carmyllie (LPID NO/54289/43391),56.580815,-2.747666,557104f6000309dd21631058001e,15.29,12.7,3.0,25.25,85.47,4.18,30
2025-07-08 15:29:26.485958+00:00,70B3D57ED0045541,Hygro#55:41,Hygro,Mains of Carmyllie (LPID NO/54289/43391),56.580815,-2.747666,556a04f600030ae7211d105a001f,15.26,12.7,3.0,27.91,84.77,4.19,31
2025-07-08 15:44:43.192408+00:00,70B3D57ED0045541,Hygro#55:41,Hygro,Mains of Carmyllie (LPID NO/54289/43391),56.580815,-2.747666,5571050000030b541fb610540020,15.29,12.8,3.0,29.0,81.18,4.18,32
2025-07-08 16:00:05.172584+00:00,70B3D57ED0045541,Hygro#55:41,Hygro,Mains of Carmyllie (LPID NO/54289/43391),56.580815,-2.747666,556f0500000407aa1e6a10560021,15.28,12.8,4.0,19.62,77.86,4.18,33
2025-07-08 16:15:34.169913+00:00,70B3D57ED0045541,Hygro#55:41,Hygro,Mains of Carmyllie (LPID NO/54289/43391),56.580815,-2.747666,556d0500000403c61d3a10560022,15.27,12.8,4.0,9.66,74.82,4.18,34
2025-07-08 16:30:54.400748+00:00,70B3D57ED0045541,Hygro#55:41,Hygro,Mains of Carmyllie (LPID NO/54289/43391),56.580815,-2.747666,55670500000503411e9910580023,15.25,12.8,5.0,8.33,78.33,4.18,35
2025-07-08 16:46:11.119729+00:00,70B3D57ED0045541,Hygro#55:41,Hygro,Mains of Carmyllie (LPID NO/54289/43391),56.580815,-2.747666,545a0500000409151f8010370024,14.2,12.8,4.0,23.25,80.64,4.15,36
2025-07-08 17:15:19.510039+00:00,70B3D57ED0045541,Hygro#55:41,Hygro,Mains of Carmyllie (LPID NO/54289/43391),56.580815,-2.747666,549005000004090020d410370000,14.41,12.8,4.0,23.04,84.04,4.15,0
2025-07-09 07:52:23.066161+00:00,70B3D57ED0045541,Hygro#55:41,Hygro,Mains of Carmyllie (LPID NO/54289/43391),56.580815,-2.747666,5452051e0003051823f210300001,14.17,13.1,3.0,13.04,92.02,4.14,1
2025-07-09 08:07:41.552375+00:00,70B3D57ED0045541,Hygro#55:41,Hygro,Mains of Carmyllie (LPID NO/54289/43391),56.580815,-2.747666,5557051e00040573240a10540002,15.18,13.1,4.0,13.95,92.26,4.18,2
2025-07-09 08:22:58.274242+00:00,70B3D57ED0045541,Hygro#55:41,Hygro,Mains of Carmyllie (LPID NO/54289/43391),56.580815,-2.747666,5555051e000408b1238e10560003,15.18,13.1,4.0,22.25,91.02,4.18,3
2025-07-09 08:38:53.647778+00:00,70B3D57ED0045541,Hygro#55:41,Hygro,Mains of Carmyllie (LPID NO/54289/43391),56.580815,-2.747666,5557051e000305fd238510540004,15.18,13.1,3.0,15.33,90.93,4.18,4
2025-07-09 08:54:20.895029+00:00,70B3D57ED0045541,Hygro#55:41,Hygro,Mains of Carmyllie (LPID NO/54289/43391),56.580815,-2.747666,554f051e00030317233010560005,15.15,13.1,3.0,7.91,90.08,4.18,5
2025-07-09 09:09:37.608793+00:00,70B3D57ED0045541,Hygro#55:41,Hygro,Mains of Carmyllie (LPID NO/54289/43391),56.580815,-2.747666,5548051e0004061e230a10540006,15.13,13.1,4.0,15.66,89.7,4.18,6
2025-07-09 09:25:01.352269+00:00,70B3D57ED0045541,Hygro#55:41,Hygro,Mains of Carmyllie (LPID NO/54289/43391),56.580815,-2.747666,5546051e0004063722d810560007,15.12,13.1,4.0,15.91,89.2,4.18,7
2025-07-09 09:40:19.811850+00:00,70B3D57ED0045541,Hygro#55:41,Hygro,Mains of Carmyllie (LPID NO/54289/43391),56.580815,-2.747666,554d051e00040366233910510008,15.15,13.1,4.0,8.7,90.17,4.18,8
2025-07-09 09:55:38.269233+00:00,70B3D57ED0045541,Hygro#55:41,Hygro,Mains of Carmyllie (LPID NO/54289/43391),56.580815,-2.747666,5543051e0004073722f410560009,15.11,13.1,4.0,18.47,89.48,4.18,9
2025-07-09 10:10:58.496993+00:00,70B3D57ED0045541,Hygro#55:41,Hygro,Mains of Carmyllie (LPID NO/54289/43391),56.580815,-2.747666,5547051e000403d122d31056000a,15.12,13.1,4.0,9.77,89.15,4.18,10
2025-07-09 10:26:16.960538+00:00,70B3D57ED0045541,Hygro#55:41,Hygro,Mains of Carmyllie (LPID NO/54289/43391),56.580815,-2.747666,5546051e00040bca227e1056000b,15.12,13.1,4.0,30.18,88.3,4.18,11
2025-07-09 10:41:35.413746+00:00,70B3D57ED0045541,Hygro#55:41,Hygro,Mains of Carmyllie (LPID NO/54289/43391),56.580815,-2.747666,5544051e00040bdd226d1054000c,15.11,13.1,4.0,30.37,88.13,4.18,12
2025-07-09 10:56:52.119338+00:00,70B3D57ED0045541,Hygro#55:41,Hygro,Mains of Carmyllie (LPID NO/54289/43391),56.580815,-2.747666,5542051e00030c09223c1051000d,15.1,13.1,3.0,30.81,87.64,4.18,13
2025-07-09 11:13:27.211505+00:00,70B3D57ED0045541,Hygro#55:41,Hygro,Mains of Carmyllie (LPID NO/54289/43391),56.580815,-2.747666,553b051e0003080a22071056000e,15.08,13.1,3.0,20.58,87.11,4.18,14
2025-07-09 11:28:45.671900+00:00,70B3D57ED0045541,Hygro#55:41,Hygro,Mains of Carmyllie (LPID NO/54289/43391),56.580815,-2.747666,5542051e0004041721e71054000f,15.1,13.1,4.0,10.47,86.79,4.18,15
2025-07-09 11:44:02.378258+00:00,70B3D57ED0045541,Hygro#55:41,Hygro,Mains of Carmyllie (LPID NO/54289/43391),56.580815,-2.747666,5535051e0003042421a910560010,15.05,13.1,3.0,10.6,86.17,4.18,16
2025-07-09 11:59:24.342382+00:00,70B3D57ED0045541,Hygro#55:41,Hygro,Mains of Carmyllie (LPID NO/54289/43391),56.580815,-2.747666,5530051e00040cbe214210540011,15.03,13.1,4.0,32.62,85.14,4.18,17
2025-07-09 12:14:41.048858+00:00,70B3D57ED0045541,Hygro#55:41,Hygro,Mains of Carmyllie (LPID NO/54289/43391),56.580815,-2.747666,5533051e0003088720c010560012,15.04,13.1,3.0,21.83,83.84,4.18,18
2025-07-09 12:31:07.345246+00:00,70B3D57ED0045541,Hygro#55:41,Hygro,Mains of Carmyllie (LPID NO/54289/43391),56.580815,-2.747666,552c051e00040d09203310510013,15.02,13.1,4.0,33.37,82.43,4.18,19
2025-07-09 12:47:19.570956+00:00,70B3D57ED0045541,Hygro#55:41,Hygro,Mains of Carmyllie (LPID NO/54289/43391),56.580815,-2.747666,5533051e00040ce41fda10540014,15.04,13.1,4.0,33.0,81.54,4.18,20
2025-07-09 13:02:38.027004+00:00,70B3D57ED0045541,Hygro#55:41,Hygro,Mains of Carmyllie (LPID NO/54289/43391),56.580815,-2.747666,552f051e00030d0f1f9010510015,15.03,13.1,3.0,33.43,80.8,4.18,21
2025-07-09 13:17:56.486396+00:00,70B3D57ED0045541,Hygro#55:41,Hygro,Mains of Carmyllie (LPID NO/54289/43391),56.580815,-2.747666,552d051e000308951f4510540016,15.02,13.1,3.0,21.97,80.05,4.18,22
2025-07-09 13:34:15.760080+00:00,70B3D57ED0045541,Hygro#55:41,Hygro,Mains of Carmyllie (LPID NO/54289/43391),56.580815,-2.747666,5522051e0004087a1f1e10540017,14.98,13.1,4.0,21.7,79.66,4.18,23
2025-07-09 13:50:28.006819+00:00,70B3D57ED0045541,Hygro#55:41,Hygro,Mains of Carmyllie (LPID NO/54289/43391),56.580815,-2.747666,551f052800030cbe1ec810540018,14.97,13.2,3.0,32.62,78.8,4.18,24
2025-07-09 14:05:49.976324+00:00,70B3D57ED0045541,Hygro#55:41,Hygro,Mains of Carmyllie (LPID NO/54289/43391),56.580815,-2.747666,551d0528000304261eb310560019,14.96,13.2,3.0,10.62,78.59,4.18,25
2025-07-09 14:21:11.954918+00:00,70B3D57ED0045541,Hygro#55:41,Hygro,Mains of Carmyllie (LPID NO/54289/43391),56.580815,-2.747666,551c0528000300001f361056001a,14.96,13.2,3.0,0.0,79.9,4.18,26
2025-07-09 14:36:30.418980+00:00,70B3D57ED0045541,Hygro#55:41,Hygro,Mains of Carmyllie (LPID NO/54289/43391),56.580815,-2.747666,55170528000307e91f3d1056001b,14.94,13.2,3.0,20.25,79.97,4.18,27
2025-07-09 14:51:48.885980+00:00,70B3D57ED0045541,Hygro#55:41,Hygro,Mains of Carmyllie (LPID NO/54289/43391),56.580815,-2.747666,55160528000307421f911058001c,14.93,13.2,3.0,18.58,80.81,4.18,28
2025-07-09 15:07:05.593701+00:00,70B3D57ED0045541,Hygro#55:41,Hygro,Mains of Carmyllie (LPID NO/54289/43391),56.580815,-2.747666,551c052800030b9f1e691056001d,14.96,13.2,3.0,29.75,77.85,4.18,29
2025-07-09 15:22:22.290657+00:00,70B3D57ED0045541,Hygro#55:41,Hygro,Mains of Carmyllie (LPID NO/54289/43391),56.580815,-2.747666,55100528000403a11f121054001e,14.91,13.2,4.0,9.29,79.54,4.18,30
2025-07-09 15:37:40.759066+00:00,70B3D57ED0045541,Hygro#55:41,Hygro,Mains of Carmyllie (LPID NO/54289/43391),56.580815,-2.747666,5513052800040b091ed21058001f,14.92,13.2,4.0,28.25,78.9,4.18,31
2025-07-09 15:52:59.223983+00:00,70B3D57ED0045541,Hygro#55:41,Hygro,Mains of Carmyllie (LPID NO/54289/43391),56.580815,-2.747666,55130528000307a21dfb10560020,14.92,13.2,3.0,19.54,76.75,4.18,32
2025-07-09 16:12:09.363190+00:00,70B3D57ED0045541,Hygro#55:41,Hygro,Mains of Carmyllie (LPID NO/54289/43391),56.580815,-2.747666,550f053200030b4d1d4e10560000,14.91,13.3,3.0,28.93,75.02,4.18,0
2025-07-09 16:27:26.072602+00:00,70B3D57ED0045541,Hygro#55:41,Hygro,Mains of Carmyllie (LPID NO/54289/43391),56.580815,-2.747666,550b053200040a9c1d6d10580001,14.89,13.3,4.0,27.16,75.33,4.18,1
2025-07-10 07:20:03.660088+00:00,70B3D57ED0045541,Hygro#55:41,Hygro,Mains of Carmyllie (LPID NO/54289/43391),56.580815,-2.747666,5424055a000400002291102c0000,13.99,13.7,4.0,0.0,88.49,4.14,0
2025-07-10 07:35:20.385227+00:00,70B3D57ED0045541,Hygro#55:41,Hygro,Mains of Carmyllie (LPID NO/54289/43391),56.580815,-2.747666,54f4055a0003058e22b4103b0001,14.8,13.7,3.0,14.22,88.84,4.16,1
2025-07-10 07:50:40.611929+00:00,70B3D57ED0045541,Hygro#55:41,Hygro,Mains of Carmyllie (LPID NO/54289/43391),56.580815,-2.747666,54f4055a000305ee227f10540002,14.8,13.7,3.0,15.18,88.31,4.18,2
2025-07-10 08:08:44.140534+00:00,70B3D57ED0045541,Hygro#55:41,Hygro,Mains of Carmyllie (LPID NO/54289/43391),56.580815,-2.747666,54ef055a00030827213c10540003,14.78,13.7,3.0,20.87,85.08,4.18,3
2025-07-10 08:24:00.867245+00:00,70B3D57ED0045541,Hygro#55:41,Hygro,Mains of Carmyllie (LPID NO/54289/43391),56.580815,-2.747666,54f0055a000405ba21a710580004,14.78,13.7,4.0,14.66,86.15,4.18,4
2025-07-10 08:39:17.586106+00:00,70B3D57ED0045541,Hygro#55:41,Hygro,Mains of Carmyllie (LPID NO/54289/43391),56.580815,-2.747666,54ec055a000402b920fa10580005,14.77,13.7,4.0,6.97,84.42,4.18,5
2025-07-10 08:54:34.318191+00:00,70B3D57ED0045541,Hygro#55:41,Hygro,Mains of Carmyllie (LPID NO/54289/43391),56.580815,-2.747666,54f0055a000308d621aa10560006,14.78,13.7,3.0,22.62,86.18,4.18,6
2025-07-10 09:09:51.017311+00:00,70B3D57ED0045541,Hygro#55:41,Hygro,Mains of Carmyllie (LPID NO/54289/43391),56.580815,-2.747666,54ef055a000308ac215d10580007,14.78,13.7,3.0,22.2,85.41,4.18,7
2025-07-10 09:25:07.722177+00:00,70B3D57ED0045541,Hygro#55:41,Hygro,Mains of Carmyllie (LPID NO/54289/43391),56.580815,-2.747666,54e7055a000409ca222e10540008,14.75,13.7,4.0,25.06,87.5,4.18,8
2025-07-10 09:40:24.437408+00:00,70B3D57ED0045541,Hygro#55:41,Hygro,Mains of Carmyllie (LPID NO/54289/43391),56.580815,-2.747666,54e2055a00030af421e210560009,14.73,13.7,3.0,28.04,86.74,4.18,9
2025-07-10 09:55:41.140009+00:00,70B3D57ED0045541,Hygro#55:41,Hygro,Mains of Carmyllie (LPID NO/54289/43391),56.580815,-2.747666,54eb055a000306ef20d01056000a,14.77,13.7,3.0,17.75,84.0,4.18,10
2025-07-10 10:10:57.855600+00:00,70B3D57ED0045541,Hygro#55:41,Hygro,Mains of Carmyllie (LPID NO/54289/43391),56.580815,-2.747666,54e1055a000306ac209f1054000b,14.73,13.7,3.0,17.08,83.51,4.18,11
2025-07-10 10:26:14.568405+00:00,70B3D57ED0045541,Hygro#55:41,Hygro,Mains of Carmyllie (LPID NO/54289/43391),56.580815,-2.747666,54df055a000306482055105a000c,14.72,13.7,3.0,16.08,82.77,4.19,12
2025-07-10 10:41:34.804027+00:00,70B3D57ED0045541,Hygro#55:41,Hygro,Mains of Carmyllie (LPID NO/54289/43391),56.580815,-2.747666,54e5055a0003060120541058000d,14.74,13.7,3.0,15.37,82.76,4.18,13
2025-07-10 10:56:51.523861+00:00,70B3D57ED0045541,Hygro#55:41,Hygro,Mains of Carmyllie (LPID NO/54289/43391),56.580815,-2.747666,54e4055a0003060520521058000e,14.74,13.7,3.0,15.41,82.74,4.18,14
2025-07-10 11:12:09.995052+00:00,70B3D57ED0045541,Hygro#55:41,Hygro,Mains of Carmyllie (LPID NO/54289/43391),56.580815,-2.747666,54dd055a0003063720641058000f,14.71,13.7,3.0,15.91,82.92,4.18,15
2025-07-10 11:27:30.217105+00:00,70B3D57ED0045541,Hygro#55:41,Hygro,Mains of Carmyllie (LPID NO/54289/43391),56.580815,-2.747666,54e2055a0003000020e310560010,14.73,13.7,3.0,0.0,84.19,4.18,16
2025-07-10 11:42:52.202918+00:00,70B3D57ED0045541,Hygro#55:41,Hygro,Mains of Carmyllie (LPID NO/54289/43391),56.580815,-2.747666,54e2055a000403c420ac10560011,14.73,13.7,4.0,9.64,83.64,4.18,17
2025-07-10 11:59:04.486857+00:00,70B3D57ED0045541,Hygro#55:41,Hygro,Mains of Carmyllie (LPID NO/54289/43391),56.580815,-2.747666,54dc055a00040b32204410540012,14.71,13.7,4.0,28.66,82.6,4.18,18
2025-07-10 12:14:21.194244+00:00,70B3D57ED0045541,Hygro#55:41,Hygro,Mains of Carmyllie (LPID NO/54289/43391),56.580815,-2.747666,54d6055a00030a7f203110580013,14.68,13.7,3.0,26.87,82.41,4.18,19
2025-07-10 12:29:41.429634+00:00,70B3D57ED0045541,Hygro#55:41,Hygro,Mains of Carmyllie (LPID NO/54289/43391),56.580815,-2.747666,54d4055a000306ef204410560014,14.68,13.7,3.0,17.75,82.6,4.18,20
2025-07-10 12:45:05.170655+00:00,70B3D57ED0045541,Hygro#55:41,Hygro,Mains of Carmyllie (LPID NO/54289/43391),56.580815,-2.747666,54d8055a00030000200710560015,14.69,13.7,3.0,0.0,81.99,4.18,21
2025-07-10 13:03:37.098131+00:00,70B3D57ED0045541,Hygro#55:41,Hygro,Mains of Carmyllie (LPID NO/54289/43391),56.580815,-2.747666,543a055a000306c11fe5103b0000,14.08,13.7,3.0,17.29,81.65,4.16,0
2025-07-10 13:19:16.653526+00:00,70B3D57ED0045541,Hygro#55:41,Hygro,Mains of Carmyllie (LPID NO/54289/43391),56.580815,-2.747666,54d3055a00030aa51fe610560001,14.67,13.7,3.0,27.25,81.66,4.18,1
2025-07-10 14:34:36.760173+00:00,70B3D57ED0045541,Hygro#55:41,Hygro,Mains of Carmyllie (LPID NO/54289/43391),56.580815,-2.747666,5411055a000409251fa7103b0000,13.92,13.7,4.0,23.41,81.03,4.16,0
2025-07-10 14:49:53.477704+00:00,70B3D57ED0045541,Hygro#55:41,Hygro,Mains of Carmyllie (LPID NO/54289/43391),56.580815,-2.747666,54ce055a000309b11fb910580001,14.65,13.7,3.0,24.81,81.21,4.18,1
2025-07-10 15:05:10.187737+00:00,70B3D57ED0045541,Hygro#55:41,Hygro,Mains of Carmyllie (LPID NO/54289/43391),56.580815,-2.747666,54c9055a000309c41f8210580002,14.63,13.7,3.0,25.0,80.66,4.18,2
2025-07-11 07:53:12.346419+00:00,70B3D57ED0045541,Hygro#55:41,Hygro,Mains of Carmyllie (LPID NO/54289/43391),56.580815,-2.747666,540b0564000309852226101f0000,13.9,13.8,3.0,24.37,87.42,4.13,0
2025-07-11 08:08:32.574514+00:00,70B3D57ED0045541,Hygro#55:41,Hygro,Mains of Carmyllie (LPID NO/54289/43391),56.580815,-2.747666,54b5056400030693221410230001,14.56,13.8,3.0,16.83,87.24,4.13,1
2025-07-11 08:23:49.275106+00:00,70B3D57ED0045541,Hygro#55:41,Hygro,Mains of Carmyllie (LPID NO/54289/43391),56.580815,-2.747666,54ae0564000306b8221a102a0002,14.53,13.8,3.0,17.2,87.3,4.14,2
2025-07-11 08:40:58.861701+00:00,70B3D57ED0045541,Hygro#55:41,Hygro,Mains of Carmyllie (LPID NO/54289/43391),56.580815,-2.747666,54b4056400030a8c219a104d0003,14.55,13.8,3.0,27.0,86.02,4.17,3
2025-07-11 08:56:34.907086+00:00,70B3D57ED0045541,Hygro#55:41,Hygro,Mains of Carmyllie (LPID NO/54289/43391),56.580815,-2.747666,54aa056400030753215c104b0004,14.51,13.8,3.0,18.75,85.4,4.17,4
2025-07-11 09:11:51.608717+00:00,70B3D57ED0045541,Hygro#55:41,Hygro,Mains of Carmyllie (LPID NO/54289/43391),56.580815,-2.747666,54ab056400030b862151104d0005,14.52,13.8,3.0,29.5,85.29,4.17,5
2025-07-11 09:29:06.456958+00:00,70B3D57ED0045541,Hygro#55:41,Hygro,Mains of Carmyllie (LPID NO/54289/43391),56.580815,-2.747666,54a4056400030b2a1ff9104f0006,14.49,13.8,3.0,28.58,81.85,4.17,6
2025-07-11 09:45:48.589541+00:00,70B3D57ED0045541,Hygro#55:41,Hygro,Mains of Carmyllie (LPID NO/54289/43391),56.580815,-2.747666,54a9056400030bd920fd104f0007,14.51,13.8,3.0,30.33,84.45,4.17,7
2025-07-11 10:02:02.597965+00:00,70B3D57ED0045541,Hygro#55:41,Hygro,Mains of Carmyllie (LPID NO/54289/43391),56.580815,-2.747666,549e056400030c092086104d0008,14.47,13.8,3.0,30.81,83.26,4.17,8
2025-07-11 10:17:19.313663+00:00,70B3D57ED0045541,Hygro#55:41,Hygro,Mains of Carmyllie (LPID NO/54289/43391),56.580815,-2.747666,54a30564000403e31fe6104f0009,14.49,13.8,4.0,9.95,81.66,4.17,9
2025-07-11 10:32:39.551301+00:00,70B3D57ED0045541,Hygro#55:41,Hygro,Mains of Carmyllie (LPID NO/54289/43391),56.580815,-2.747666,54a1056400030403200f1054000a,14.48,13.8,3.0,10.27,82.07,4.18,10
2025-07-11 10:48:03.287070+00:00,70B3D57ED0045541,Hygro#55:41,Hygro,Mains of Carmyllie (LPID NO/54289/43391),56.580815,-2.747666,54a105640003040f20361051000b,14.48,13.8,3.0,10.39,82.46,4.18,11
2025-07-11 11:03:27.026292+00:00,70B3D57ED0045541,Hygro#55:41,Hygro,Mains of Carmyllie (LPID NO/54289/43391),56.580815,-2.747666,54a105640004000020381054000c,14.48,13.8,4.0,0.0,82.48,4.18,12
2025-07-11 11:18:47.249512+00:00,70B3D57ED0045541,Hygro#55:41,Hygro,Mains of Carmyllie (LPID NO/54289/43391),56.580815,-2.747666,549a0564000304171fc21054000d,14.45,13.8,3.0,10.47,81.3,4.18,13
2025-07-11 11:37:02.923489+00:00,70B3D57ED0045541,Hygro#55:41,Hygro,Mains of Carmyllie (LPID NO/54289/43391),56.580815,-2.747666,549d056400030cbe1f731056000e,14.46,13.8,3.0,32.62,80.51,4.18,14
2025-07-11 11:52:26.657241+00:00,70B3D57ED0045541,Hygro#55:41,Hygro,Mains of Carmyllie (LPID NO/54289/43391),56.580815,-2.747666,549e056400030ccb1f251056000f,14.47,13.8,3.0,32.75,79.73,4.18,15
2025-07-11 12:08:38.896430+00:00,70B3D57ED0045541,Hygro#55:41,Hygro,Mains of Carmyllie (LPID NO/54289/43391),56.580815,-2.747666,5496056400030cb21e5a10540010,14.44,13.8,3.0,32.5,77.7,4.18,16
2025-07-11 12:23:55.599391+00:00,70B3D57ED0045541,Hygro#55:41,Hygro,Mains of Carmyllie (LPID NO/54289/43391),56.580815,-2.747666,5493056400030c961db310560011,14.42,13.8,3.0,32.22,76.03,4.18,17
2025-07-11 12:39:12.308076+00:00,70B3D57ED0045541,Hygro#55:41,Hygro,Mains of Carmyllie (LPID NO/54289/43391),56.580815,-2.747666,549b056400030c791db010560012,14.46,13.8,3.0,31.93,76.0,4.18,18
2025-07-11 12:54:41.307692+00:00,70B3D57ED0045541,Hygro#55:41,Hygro,Mains of Carmyllie (LPID NO/54289/43391),56.580815,-2.747666,548f056400030c921da110580013,14.41,13.8,3.0,32.18,75.85,4.18,19
2025-07-11 13:09:58.028693+00:00,70B3D57ED0045541,Hygro#55:41,Hygro,Mains of Carmyllie (LPID NO/54289/43391),56.580815,-2.747666,548a056400030c601d4e10510014,14.39,13.8,3.0,31.68,75.02,4.18,20
2025-07-11 13:25:32.290843+00:00,70B3D57ED0045541,Hygro#55:41,Hygro,Mains of Carmyllie (LPID NO/54289/43391),56.580815,-2.747666,548b056400030c2e1d00105a0015,14.39,13.8,3.0,31.18,74.24,4.19,21
2025-07-11 13:41:01.296157+00:00,70B3D57ED0045541,Hygro#55:41,Hygro,Mains of Carmyllie (LPID NO/54289/43391),56.580815,-2.747666,548805640003081b1cf510560016,14.38,13.8,3.0,20.75,74.13,4.18,22
2025-07-11 13:56:19.764985+00:00,70B3D57ED0045541,Hygro#55:41,Hygro,Mains of Carmyllie (LPID NO/54289/43391),56.580815,-2.747666,54850564000308341cdd10560017,14.37,13.8,3.0,21.0,73.89,4.18,23
2025-07-11 14:11:36.479016+00:00,70B3D57ED0045541,Hygro#55:41,Hygro,Mains of Carmyllie (LPID NO/54289/43391),56.580815,-2.747666,5485056400030c6d1c9010540018,14.37,13.8,3.0,31.81,73.12,4.18,24
2025-07-11 14:27:48.730896+00:00,70B3D57ED0045541,Hygro#55:41,Hygro,Mains of Carmyllie (LPID NO/54289/43391),56.580815,-2.747666,5485056400040c281c3910540019,14.37,13.8,4.0,31.12,72.25,4.18,25
2025-07-11 14:44:56.549080+00:00,70B3D57ED0045541,Hygro#55:41,Hygro,Mains of Carmyllie (LPID NO/54289/43391),56.580815,-2.747666,5480056400030bfc1ba71058001a,14.35,13.8,3.0,30.68,70.79,4.18,26
2025-07-11 15:00:13.266311+00:00,70B3D57ED0045541,Hygro#55:41,Hygro,Mains of Carmyllie (LPID NO/54289/43391),56.580815,-2.747666,5484056e00030bd71b571056001b,14.37,13.9,3.0,30.31,69.99,4.18,27
2025-07-11 15:15:31.727144+00:00,70B3D57ED0045541,Hygro#55:41,Hygro,Mains of Carmyllie (LPID NO/54289/43391),56.580815,-2.747666,547f056e00030bd11b5e1056001c,14.35,13.9,3.0,30.25,70.06,4.18,28
2025-07-11 15:31:59.786465+00:00,70B3D57ED0045541,Hygro#55:41,Hygro,Mains of Carmyllie (LPID NO/54289/43391),56.580815,-2.747666,547d056e00030b9f1ada1056001d,14.34,13.9,3.0,29.75,68.74,4.18,29
2025-07-11 15:47:35.814516+00:00,70B3D57ED0045541,Hygro#55:41,Hygro,Mains of Carmyllie (LPID NO/54289/43391),56.580815,-2.747666,547f056e00030b641ac21056001e,14.35,13.9,3.0,29.16,68.5,4.18,30
2025-07-11 16:03:03.073651+00:00,70B3D57ED0045541,Hygro#55:41,Hygro,Mains of Carmyllie (LPID NO/54289/43391),56.580815,-2.747666,547f056e00030b981abe1056001f,14.35,13.9,3.0,29.68,68.46,4.18,31
2025-07-11 16:18:19.777224+00:00,70B3D57ED0045541,Hygro#55:41,Hygro,Mains of Carmyllie (LPID NO/54289/43391),56.580815,-2.747666,547d056e00030b681ab110580020,14.34,13.9,3.0,29.2,68.33,4.18,32
2025-07-12 07:21:39.999331+00:00,70B3D57ED0045541,Hygro#55:41,Hygro,Mains of Carmyllie (LPID NO/54289/43391),56.580815,-2.747666,5438058200030725208710370000,14.07,14.1,3.0,18.29,83.27,4.15,0
2025-07-12 07:36:56.724113+00:00,70B3D57ED0045541,Hygro#55:41,Hygro,Mains of Carmyllie (LPID NO/54289/43391),56.580815,-2.747666,546f0582000307b220c910300001,14.28,14.1,3.0,19.7,83.93,4.14,1
2025-07-12 07:52:13.451481+00:00,70B3D57ED0045541,Hygro#55:41,Hygro,Mains of Carmyllie (LPID NO/54289/43391),56.580815,-2.747666,53b205820003084a210d103e0002,13.55,14.1,3.0,21.22,84.61,4.16,2
2025-07-12 08:08:25.756671+00:00,70B3D57ED0045541,Hygro#55:41,Hygro,Mains of Carmyllie (LPID NO/54289/43391),56.580815,-2.747666,546c0582000308b720d510560003,14.27,14.1,3.0,22.31,84.05,4.18,3
2025-07-12 08:25:33.659673+00:00,70B3D57ED0045541,Hygro#55:41,Hygro,Mains of Carmyllie (LPID NO/54289/43391),56.580815,-2.747666,546405820003090e207310510004,14.24,14.1,3.0,23.18,83.07,4.18,4
2025-07-12 08:41:45.963281+00:00,70B3D57ED0045541,Hygro#55:41,Hygro,Mains of Carmyllie (LPID NO/54289/43391),56.580815,-2.747666,546d05820003096c204210560005,14.28,14.1,3.0,24.12,82.58,4.18,5
2025-07-12 08:57:58.255995+00:00,70B3D57ED0045541,Hygro#55:41,Hygro,Mains of Carmyllie (LPID NO/54289/43391),56.580815,-2.747666,546b0582000309b51ff810580006,14.27,14.1,3.0,24.85,81.84,4.18,6
2025-07-12 09:13:39.574041+00:00,70B3D57ED0045541,Hygro#55:41,Hygro,Mains of Carmyllie (LPID NO/54289/43391),56.580815,-2.747666,546a0578000306c31fcd10560007,14.27,14.0,3.0,17.31,81.41,4.18,7
2025-07-12 09:29:51.855276+00:00,70B3D57ED0045541,Hygro#55:41,Hygro,Mains of Carmyllie (LPID NO/54289/43391),56.580815,-2.747666,546a057800030ad71fb410560008,14.27,14.0,3.0,27.75,81.16,4.18,8
2025-07-12 09:46:04.138688+00:00,70B3D57ED0045541,Hygro#55:41,Hygro,Mains of Carmyllie (LPID NO/54289/43391),56.580815,-2.747666,546f057800030b541f9a10540009,14.28,14.0,3.0,29.0,80.9,4.18,9
2025-07-12 10:01:31.390092+00:00,70B3D57ED0045541,Hygro#55:41,Hygro,Mains of Carmyllie (LPID NO/54289/43391),56.580815,-2.747666,5467057800030b6d1f2d1056000a,14.25,14.0,3.0,29.25,79.81,4.18,10
2025-07-12 10:16:49.861579+00:00,70B3D57ED0045541,Hygro#55:41,Hygro,Mains of Carmyllie (LPID NO/54289/43391),56.580815,-2.747666,5466057800030bca1f1a1054000b,14.25,14.0,3.0,30.18,79.62,4.18,11
2025-07-12 10:32:15.351618+00:00,70B3D57ED0045541,Hygro#55:41,Hygro,Mains of Carmyllie (LPID NO/54289/43391),56.580815,-2.747666,5467057800020bea1eff1051000c,14.25,14.0,2.0,30.5,79.35,4.18,12
2025-07-12 10:47:32.067694+00:00,70B3D57ED0045541,Hygro#55:41,Hygro,Mains of Carmyllie (LPID NO/54289/43391),56.580815,-2.747666,545e057800030b9a1ece1056000d,14.22,14.0,3.0,29.7,78.86,4.18,13
2025-07-12 11:02:48.772912+00:00,70B3D57ED0045541,Hygro#55:41,Hygro,Mains of Carmyllie (LPID NO/54289/43391),56.580815,-2.747666,54640578000307911ea81054000e,14.24,14.0,3.0,19.37,78.48,4.18,14
2025-07-12 11:18:05.498571+00:00,70B3D57ED0045541,Hygro#55:41,Hygro,Mains of Carmyllie (LPID NO/54289/43391),56.580815,-2.747666,545d057800030ba51ea31056000f,14.21,14.0,3.0,29.81,78.43,4.18,15
2025-07-12 11:33:22.211752+00:00,70B3D57ED0045541,Hygro#55:41,Hygro,Mains of Carmyllie (LPID NO/54289/43391),56.580815,-2.747666,545f057800030be31e6e10540010,14.22,14.0,3.0,30.43,77.9,4.18,16
2025-07-12 11:48:45.942966+00:00,70B3D57ED0045541,Hygro#55:41,Hygro,Mains of Carmyllie (LPID NO/54289/43391),56.580815,-2.747666,5460057800030c921e2f10510011,14.23,14.0,3.0,32.18,77.27,4.18,17
2025-07-12 12:05:28.109447+00:00,70B3D57ED0045541,Hygro#55:41,Hygro,Mains of Carmyllie (LPID NO/54289/43391),56.580815,-2.747666,545305780003089a1dc610510012,14.18,14.0,3.0,22.02,76.22,4.18,18
2025-07-12 12:20:46.569462+00:00,70B3D57ED0045541,Hygro#55:41,Hygro,Mains of Carmyllie (LPID NO/54289/43391),56.580815,-2.747666,545a05780003089a1d6b10560013,14.2,14.0,3.0,22.02,75.31,4.18,19
2025-07-12 12:36:03.279978+00:00,70B3D57ED0045541,Hygro#55:41,Hygro,Mains of Carmyllie (LPID NO/54289/43391),56.580815,-2.747666,54590578000308161ce210540014,14.2,14.0,3.0,20.7,73.94,4.18,20
2025-07-12 12:51:19.997617+00:00,70B3D57ED0045541,Hygro#55:41,Hygro,Mains of Carmyllie (LPID NO/54289/43391),56.580815,-2.747666,5459057800030bba1c9f10540015,14.2,14.0,3.0,30.02,73.27,4.18,21
2025-07-12 13:06:36.696050+00:00,70B3D57ED0045541,Hygro#55:41,Hygro,Mains of Carmyllie (LPID NO/54289/43391),56.580815,-2.747666,5453057800020ba51c7310540016,14.18,14.0,2.0,29.81,72.83,4.18,22
2025-07-12 13:21:53.414094+00:00,70B3D57ED0045541,Hygro#55:41,Hygro,Mains of Carmyllie (LPID NO/54289/43391),56.580815,-2.747666,5452057800030b021c4f10540017,14.17,14.0,3.0,28.18,72.47,4.18,23
2025-07-12 13:37:10.131793+00:00,70B3D57ED0045541,Hygro#55:41,Hygro,Mains of Carmyllie (LPID NO/54289/43391),56.580815,-2.747666,5455057800030b411c7f10560018,14.18,14.0,3.0,28.81,72.95,4.18,24
2025-07-12 13:52:49.674005+00:00,70B3D57ED0045541,Hygro#55:41,Hygro,Mains of Carmyllie (LPID NO/54289/43391),56.580815,-2.747666,54510578000307101c5c10580019,14.17,14.0,3.0,18.08,72.6,4.18,25
2025-07-12 14:08:13.432227+00:00,70B3D57ED0045541,Hygro#55:41,Hygro,Mains of Carmyllie (LPID NO/54289/43391),56.580815,-2.747666,54510578000309a81c091058001a,14.17,14.0,3.0,24.72,71.77,4.18,26
2025-07-12 14:24:25.715038+00:00,70B3D57ED0045541,Hygro#55:41,Hygro,Mains of Carmyllie (LPID NO/54289/43391),56.580815,-2.747666,543a0578000309c61c231056001b,14.08,14.0,3.0,25.02,72.03,4.18,27
2025-07-12 14:39:44.170685+00:00,70B3D57ED0045541,Hygro#55:41,Hygro,Mains of Carmyllie (LPID NO/54289/43391),56.580815,-2.747666,544d057800030a531c091058001c,14.15,14.0,3.0,26.43,71.77,4.18,28
2025-07-12 14:55:13.195565+00:00,70B3D57ED0045541,Hygro#55:41,Hygro,Mains of Carmyllie (LPID NO/54289/43391),56.580815,-2.747666,544c058200030a601bfa1058001d,14.15,14.1,3.0,26.56,71.62,4.18,29
2025-07-12 15:11:25.495581+00:00,70B3D57ED0045541,Hygro#55:41,Hygro,Mains of Carmyllie (LPID NO/54289/43391),56.580815,-2.747666,5445058200030abe1b6b105a001e,14.12,14.1,3.0,27.5,70.19,4.19,30
2025-07-12 15:26:42.206954+00:00,70B3D57ED0045541,Hygro#55:41,Hygro,Mains of Carmyllie (LPID NO/54289/43391),56.580815,-2.747666,5449058200030a2e1b51105a001f,14.14,14.1,3.0,26.06,69.93,4.19,31
2025-07-12 15:41:58.925476+00:00,70B3D57ED0045541,Hygro#55:41,Hygro,Mains of Carmyllie (LPID NO/54289/43391),56.580815,-2.747666,54460582000309121bc010560020,14.13,14.1,3.0,23.22,71.04,4.18,32
2025-07-12 15:57:15.643011+00:00,70B3D57ED0045541,Hygro#55:41,Hygro,Mains of Carmyllie (LPID NO/54289/43391),56.580815,-2.747666,54480582000308dc1c040f3e0021,14.13,14.1,3.0,22.68,71.72,3.9,33
2025-07-12 16:12:34.112680+00:00,70B3D57ED0045541,Hygro#55:41,Hygro,Mains of Carmyllie (LPID NO/54289/43391),56.580815,-2.747666,54430582000309981bbd0f410022,14.11,14.1,3.0,24.56,71.01,3.9,34
2025-07-12 16:31:50.886522+00:00,70B3D57ED0045541,Hygro#55:41,Hygro,Mains of Carmyllie (LPID NO/54289/43391),56.580815,-2.747666,54430582000308e91c4e0f490000,14.11,14.1,3.0,22.81,72.46,3.91,0
2025-07-13 08:37:23.796313+00:00,70B3D57ED0045541,Hygro#55:41,Hygro,Mains of Carmyllie (LPID NO/54289/43391),56.580815,-2.747666,5442057800030960215b10510001,14.11,14.0,3.0,24.0,85.39,4.18,1
2025-07-13 08:53:58.915251+00:00,70B3D57ED0045541,Hygro#55:41,Hygro,Mains of Carmyllie (LPID NO/54289/43391),56.580815,-2.747666,543a0578000309f620d810510002,14.08,14.0,3.0,25.5,84.08,4.18,2
2025-07-13 09:09:15.623694+00:00,70B3D57ED0045541,Hygro#55:41,Hygro,Mains of Carmyllie (LPID NO/54289/43391),56.580815,-2.747666,543b0578000309e52051104f0003,14.08,14.0,3.0,25.33,82.73,4.17,3
2025-07-13 09:24:32.344674+00:00,70B3D57ED0045541,Hygro#55:41,Hygro,Mains of Carmyllie (LPID NO/54289/43391),56.580815,-2.747666,543c0578000309e92013104f0004,14.09,14.0,3.0,25.37,82.11,4.17,4
2025-07-13 09:55:05.780314+00:00,70B3D57ED0045541,Hygro#55:41,Hygro,Mains of Carmyllie (LPID NO/54289/43391),56.580815,-2.747666,543d057800030b41202810540006,14.09,14.0,3.0,28.81,82.32,4.18,6
2025-07-13 10:10:22.485290+00:00,70B3D57ED0045541,Hygro#55:41,Hygro,Mains of Carmyllie (LPID NO/54289/43391),56.580815,-2.747666,543e057800030b9c200910540007,14.09,14.0,3.0,29.72,82.01,4.18,7
2025-07-13 10:25:39.194480+00:00,70B3D57ED0045541,Hygro#55:41,Hygro,Mains of Carmyllie (LPID NO/54289/43391),56.580815,-2.747666,5436057800020bdd1faf10580008,14.06,14.0,2.0,30.37,81.11,4.18,8
2025-07-13 10:41:01.177968+00:00,70B3D57ED0045541,Hygro#55:41,Hygro,Mains of Carmyllie (LPID NO/54289/43391),56.580815,-2.747666,5439056e00020bea1f7410580009,14.08,13.9,2.0,30.5,80.52,4.18,9
2025-07-13 10:56:17.897408+00:00,70B3D57ED0045541,Hygro#55:41,Hygro,Mains of Carmyllie (LPID NO/54289/43391),56.580815,-2.747666,5438056e00030b601f601056000a,14.07,13.9,3.0,29.12,80.32,4.18,10
2025-07-13 11:11:34.594232+00:00,70B3D57ED0045541,Hygro#55:41,Hygro,Mains of Carmyllie (LPID NO/54289/43391),56.580815,-2.747666,5437056e00020ba11f5a1058000b,14.07,13.9,2.0,29.77,80.26,4.18,11
2025-07-13 11:26:58.341669+00:00,70B3D57ED0045541,Hygro#55:41,Hygro,Mains of Carmyllie (LPID NO/54289/43391),56.580815,-2.747666,5433056e00030baf1efa1058000c,14.05,13.9,3.0,29.91,79.3,4.18,12
2025-07-13 11:42:20.321285+00:00,70B3D57ED0045541,Hygro#55:41,Hygro,Mains of Carmyllie (LPID NO/54289/43391),56.580815,-2.747666,5433056e00020bdd1eee1056000d,14.05,13.9,2.0,30.37,79.18,4.18,13
2025-07-13 12:12:53.741572+00:00,70B3D57ED0045541,Hygro#55:41,Hygro,Mains of Carmyllie (LPID NO/54289/43391),56.580815,-2.747666,542d056e00030bec1e4b1058000f,14.03,13.9,3.0,30.52,77.55,4.18,15
2025-07-13 12:28:15.781194+00:00,70B3D57ED0045541,Hygro#55:41,Hygro,Mains of Carmyllie (LPID NO/54289/43391),56.580815,-2.747666,542c056e000308041e1510540010,14.02,13.9,3.0,20.52,77.01,4.18,16
2025-07-13 12:43:32.425337+00:00,70B3D57ED0045541,Hygro#55:41,Hygro,Mains of Carmyllie (LPID NO/54289/43391),56.580815,-2.747666,542a056e00030b5a1ddf10540011,14.02,13.9,3.0,29.06,76.47,4.18,17
2025-07-13 13:14:07.607115+00:00,70B3D57ED0045541,Hygro#55:41,Hygro,Mains of Carmyllie (LPID NO/54289/43391),56.580815,-2.747666,5428056e000307f11d3310560013,14.01,13.9,3.0,20.33,74.75,4.18,19
2025-07-13 13:29:26.079361+00:00,70B3D57ED0045541,Hygro#55:41,Hygro,Mains of Carmyllie (LPID NO/54289/43391),56.580815,-2.747666,5426056e000303b61d9a10580014,14.0,13.9,3.0,9.5,75.78,4.18,20
2025-07-13 13:44:42.795262+00:00,70B3D57ED0045541,Hygro#55:41,Hygro,Mains of Carmyllie (LPID NO/54289/43391),56.580815,-2.747666,5424056e00030b621d2410580015,13.99,13.9,3.0,29.14,74.6,4.18,21
2025-07-13 13:59:59.506814+00:00,70B3D57ED0045541,Hygro#55:41,Hygro,Mains of Carmyllie (LPID NO/54289/43391),56.580815,-2.747666,5426056e00030bf61cac10560016,14.0,13.9,3.0,30.62,73.4,4.18,22
2025-07-13 14:15:17.978617+00:00,70B3D57ED0045541,Hygro#55:41,Hygro,Mains of Carmyllie (LPID NO/54289/43391),56.580815,-2.747666,5423056e000307f11c3610560017,13.99,13.9,3.0,20.33,72.22,4.18,23
2025-07-13 14:30:34.694890+00:00,70B3D57ED0045541,Hygro#55:41,Hygro,Mains of Carmyllie (LPID NO/54289/43391),56.580815,-2.747666,5420056e00030bf01bf410540018,13.98,13.9,3.0,30.56,71.56,4.18,24
2025-07-13 14:45:53.160357+00:00,70B3D57ED0045541,Hygro#55:41,Hygro,Mains of Carmyllie (LPID NO/54289/43391),56.580815,-2.747666,541c0578000203ee1bfd10540019,13.96,14.0,2.0,10.06,71.65,4.18,25
2025-07-13 15:01:09.866778+00:00,70B3D57ED0045541,Hygro#55:41,Hygro,Mains of Carmyllie (LPID NO/54289/43391),56.580815,-2.747666,541b057800030aa91d0d1058001a,13.96,14.0,3.0,27.29,74.37,4.18,26
2025-07-13 15:16:28.339974+00:00,70B3D57ED0045541,Hygro#55:41,Hygro,Mains of Carmyllie (LPID NO/54289/43391),56.580815,-2.747666,5418057800030b281c9e1058001b,13.95,14.0,3.0,28.56,73.26,4.18,27
2025-07-13 15:31:59.117082+00:00,70B3D57ED0045541,Hygro#55:41,Hygro,Mains of Carmyllie (LPID NO/54289/43391),56.580815,-2.747666,54170578000307a21bf61056001c,13.94,14.0,3.0,19.54,71.58,4.18,28
2025-07-13 15:47:24.589390+00:00,70B3D57ED0045541,Hygro#55:41,Hygro,Mains of Carmyllie (LPID NO/54289/43391),56.580815,-2.747666,5415057800030bb11b90105a001d,13.94,14.0,3.0,29.93,70.56,4.19,29
2025-07-13 16:02:46.575940+00:00,70B3D57ED0045541,Hygro#55:41,Hygro,Mains of Carmyllie (LPID NO/54289/43391),56.580815,-2.747666,5414057800030b471b811054001e,13.93,14.0,3.0,28.87,70.41,4.18,30
2025-07-13 16:18:03.294025+00:00,70B3D57ED0045541,Hygro#55:41,Hygro,Mains of Carmyllie (LPID NO/54289/43391),56.580815,-2.747666,5416057800020a961bc5105a001f,13.94,14.0,2.0,27.1,71.09,4.19,31
2025-07-13 16:33:21.770457+00:00,70B3D57ED0045541,Hygro#55:41,Hygro,Mains of Carmyllie (LPID NO/54289/43391),56.580815,-2.747666,52270578000303191cae10330020,12.02,14.0,3.0,7.93,73.42,4.15,32
2025-07-13 17:12:41.204157+00:00,70B3D57ED0045541,Hygro#55:41,Hygro,Mains of Carmyllie (LPID NO/54289/43391),56.580815,-2.747666,540a0582000407ff1e190f260000,13.89,14.1,4.0,20.47,77.05,3.88,0
2025-07-14 07:53:43.745338+00:00,70B3D57ED0045541,Hygro#55:41,Hygro,Mains of Carmyllie (LPID NO/54289/43391),56.580815,-2.747666,541205960003046d23a510560001,13.92,14.3,3.0,11.33,91.25,4.18,1
2025-07-14 08:09:00.481791+00:00,70B3D57ED0045541,Hygro#55:41,Hygro,Mains of Carmyllie (LPID NO/54289/43391),56.580815,-2.747666,53ff05960003071423fc103b0002,13.85,14.3,3.0,18.12,92.12,4.16,2
2025-07-14 08:27:08.472966+00:00,70B3D57ED0045541,Hygro#55:41,Hygro,Mains of Carmyllie (LPID NO/54289/43391),56.580815,-2.747666,541905960002072f23cd10580000,13.95,14.3,2.0,18.39,91.65,4.18,0
2025-07-15 08:17:41.321161+00:00,70B3D57ED0045541,Hygro#55:41,Hygro,Mains of Carmyllie (LPID NO/54289/43391),56.580815,-2.747666,53c9057800030437252010280001,13.64,14.0,3.0,10.79,95.04,4.14,1
2025-07-15 08:32:59.809774+00:00,70B3D57ED0045541,Hygro#55:41,Hygro,Mains of Carmyllie (LPID NO/54289/43391),56.580815,-2.747666,547405780003066524d610330002,14.3,14.0,3.0,16.37,94.3,4.15,2
2025-07-15 08:48:18.304762+00:00,70B3D57ED0045541,Hygro#55:41,Hygro,Mains of Carmyllie (LPID NO/54289/43391),56.580815,-2.747666,547605780003068424ae10370003,14.31,14.0,3.0,16.68,93.9,4.15,3
2025-07-15 09:03:35.042845+00:00,70B3D57ED0045541,Hygro#55:41,Hygro,Mains of Carmyllie (LPID NO/54289/43391),56.580815,-2.747666,54780578000306cd249110510004,14.32,14.0,3.0,17.41,93.61,4.18,4
2025-07-15 09:18:51.760451+00:00,70B3D57ED0045541,Hygro#55:41,Hygro,Mains of Carmyllie (LPID NO/54289/43391),56.580815,-2.747666,54760578000306dc240710560005,14.31,14.0,3.0,17.56,92.23,4.18,5
2025-07-15 09:34:08.492421+00:00,70B3D57ED0045541,Hygro#55:41,Hygro,Mains of Carmyllie (LPID NO/54289/43391),56.580815,-2.747666,547805780003072123ca10540006,14.32,14.0,3.0,18.25,91.62,4.18,6
2025-07-15 09:49:25.230049+00:00,70B3D57ED0045541,Hygro#55:41,Hygro,Mains of Carmyllie (LPID NO/54289/43391),56.580815,-2.747666,5452057800030733238c104d0007,14.17,14.0,3.0,18.43,91.0,4.17,7
2025-07-15 10:04:41.966706+00:00,70B3D57ED0045541,Hygro#55:41,Hygro,Mains of Carmyllie (LPID NO/54289/43391),56.580815,-2.747666,547a057800030769239e105a0008,14.33,14.0,3.0,18.97,91.18,4.19,8
2025-07-15 10:20:00.451185+00:00,70B3D57ED0045541,Hygro#55:41,Hygro,Mains of Carmyllie (LPID NO/54289/43391),56.580815,-2.747666,547c057800030290238610560009,14.34,14.0,3.0,6.56,90.94,4.18,9
2025-07-15 10:35:17.177521+00:00,70B3D57ED0045541,Hygro#55:41,Hygro,Mains of Carmyllie (LPID NO/54289/43391),56.580815,-2.747666,548005780003073723211056000a,14.35,14.0,3.0,18.47,89.93,4.18,10
2025-07-15 10:50:33.912491+00:00,70B3D57ED0045541,Hygro#55:41,Hygro,Mains of Carmyllie (LPID NO/54289/43391),56.580815,-2.747666,547b0578000306dc22ae105a000b,14.33,14.0,3.0,17.56,88.78,4.19,11
2025-07-15 11:05:50.643564+00:00,70B3D57ED0045541,Hygro#55:41,Hygro,Mains of Carmyllie (LPID NO/54289/43391),56.580815,-2.747666,54810578000304d122db1056000c,14.35,14.0,3.0,12.33,89.23,4.18,12
2025-07-15 11:21:07.379430+00:00,70B3D57ED0045541,Hygro#55:41,Hygro,Mains of Carmyllie (LPID NO/54289/43391),56.580815,-2.747666,5481056e0003073a2292105c000d,14.35,13.9,3.0,18.5,88.5,4.19,13
2025-07-15 11:36:24.107161+00:00,70B3D57ED0045541,Hygro#55:41,Hygro,Mains of Carmyllie (LPID NO/54289/43391),56.580815,-2.747666,5480056e000304e6226b105a000e,14.35,13.9,3.0,12.54,88.11,4.19,14
2025-07-15 11:51:40.845458+00:00,70B3D57ED0045541,Hygro#55:41,Hygro,Mains of Carmyllie (LPID NO/54289/43391),56.580815,-2.747666,5483056e000304ee2270105a000f,14.36,13.9,3.0,12.62,88.16,4.19,15
2025-07-16 07:17:05.707765+00:00,70B3D57ED0045541,Hygro#55:41,Hygro,Mains of Carmyllie (LPID NO/54289/43391),56.580815,-2.747666,54bb056400030f2f254810580000,14.58,13.8,3.0,38.87,95.44,4.18,0
2025-07-16 07:32:22.465592+00:00,70B3D57ED0045541,Hygro#55:41,Hygro,Mains of Carmyllie (LPID NO/54289/43391),56.580815,-2.747666,3c87056400030684255c10370001,-9.45,13.8,3.0,16.68,95.64,4.15,1
2025-07-16 07:47:39.205248+00:00,70B3D57ED0045541,Hygro#55:41,Hygro,Mains of Carmyllie (LPID NO/54289/43391),56.580815,-2.747666,545b0564000306f325a910330002,14.21,13.8,3.0,17.79,96.41,4.15,2
2025-07-16 08:14:17.705189+00:00,70B3D57ED0045541,Hygro#55:41,Hygro,Mains of Carmyllie (LPID NO/54289/43391),56.580815,-2.747666,54ba0564000206b024c710510000,14.58,13.8,2.0,17.12,94.15,4.18,0
2025-07-16 08:29:34.442390+00:00,70B3D57ED0045541,Hygro#55:41,Hygro,Mains of Carmyllie (LPID NO/54289/43391),56.580815,-2.747666,53c60564000306cf251510250001,13.63,13.8,3.0,17.43,94.93,4.13,1
2025-07-16 08:44:51.175988+00:00,70B3D57ED0045541,Hygro#55:41,Hygro,Mains of Carmyllie (LPID NO/54289/43391),56.580815,-2.747666,54c105640003074c256310560002,14.6,13.8,3.0,18.68,95.71,4.18,2
2025-07-16 09:00:09.656138+00:00,70B3D57ED0045541,Hygro#55:41,Hygro,Mains of Carmyllie (LPID NO/54289/43391),56.580815,-2.747666,54bc0564000408292504104f0003,14.58,13.8,4.0,20.89,94.76,4.17,3
2025-07-16 09:30:43.105069+00:00,70B3D57ED0045541,Hygro#55:41,Hygro,Mains of Carmyllie (LPID NO/54289/43391),56.580815,-2.747666,53b50564000307d6238c10250005,13.56,13.8,3.0,20.06,91.0,4.13,5
2025-07-16 10:26:00.576843+00:00,70B3D57ED0045541,Hygro#55:41,Hygro,Mains of Carmyllie (LPID NO/54289/43391),56.580815,-2.747666,54c0056400040761237910540000,14.6,13.8,4.0,18.89,90.81,4.18,0
2025-07-16 10:41:17.296733+00:00,70B3D57ED0045541,Hygro#55:41,Hygro,Mains of Carmyllie (LPID NO/54289/43391),56.580815,-2.747666,54c80564000308f523de10560001,14.63,13.8,3.0,22.93,91.82,4.18,1
2025-07-16 10:56:34.011662+00:00,70B3D57ED0045541,Hygro#55:41,Hygro,Mains of Carmyllie (LPID NO/54289/43391),56.580815,-2.747666,54bf05640003093a23a610540002,14.59,13.8,3.0,23.62,91.26,4.18,2
2025-07-16 11:11:50.733982+00:00,70B3D57ED0045541,Hygro#55:41,Hygro,Mains of Carmyllie (LPID NO/54289/43391),56.580815,-2.747666,54c4056400030947238110540003,14.61,13.8,3.0,23.75,90.89,4.18,3
2025-07-16 11:27:07.452585+00:00,70B3D57ED0045541,Hygro#55:41,Hygro,Mains of Carmyllie (LPID NO/54289/43391),56.580815,-2.747666,54c205640003090c22f910510004,14.61,13.8,3.0,23.16,89.53,4.18,4
2025-07-16 11:42:24.165839+00:00,70B3D57ED0045541,Hygro#55:41,Hygro,Mains of Carmyllie (LPID NO/54289/43391),56.580815,-2.747666,54be05640003095122d510540005,14.59,13.8,3.0,23.85,89.17,4.18,5
2025-07-16 12:16:50.365465+00:00,70B3D57ED0045541,Hygro#55:41,Hygro,Mains of Carmyllie (LPID NO/54289/43391),56.580815,-2.747666,54c4056400030979222110560001,14.61,13.8,3.0,24.25,87.37,4.18,1
2025-07-16 12:32:07.088524+00:00,70B3D57ED0045541,Hygro#55:41,Hygro,Mains of Carmyllie (LPID NO/54289/43391),56.580815,-2.747666,54c00564000309592193105a0002,14.6,13.8,3.0,23.93,85.95,4.19,2
2025-07-16 12:47:23.800537+00:00,70B3D57ED0045541,Hygro#55:41,Hygro,Mains of Carmyllie (LPID NO/54289/43391),56.580815,-2.747666,54c00564000409f320ed10560003,14.6,13.8,4.0,25.47,84.29,4.18,3
2025-07-16 13:02:40.516556+00:00,70B3D57ED0045541,Hygro#55:41,Hygro,Mains of Carmyllie (LPID NO/54289/43391),56.580815,-2.747666,54c40564000309ef1fe610580004,14.61,13.8,3.0,25.43,81.66,4.18,4
2025-07-16 13:17:57.237773+00:00,70B3D57ED0045541,Hygro#55:41,Hygro,Mains of Carmyllie (LPID NO/54289/43391),56.580815,-2.747666,54c90564000309a81f8f10580005,14.63,13.8,3.0,24.72,80.79,4.18,5
2025-07-16 13:33:13.943074+00:00,70B3D57ED0045541,Hygro#55:41,Hygro,Mains of Carmyllie (LPID NO/54289/43391),56.580815,-2.747666,54c3056400030a151f1f10540006,14.61,13.8,3.0,25.81,79.67,4.18,6
2025-07-16 13:48:30.661725+00:00,70B3D57ED0045541,Hygro#55:41,Hygro,Mains of Carmyllie (LPID NO/54289/43391),56.580815,-2.747666,54c8056400030a341eb510560007,14.63,13.8,3.0,26.12,78.61,4.18,7
2025-07-16 14:03:47.368173+00:00,70B3D57ED0045541,Hygro#55:41,Hygro,Mains of Carmyllie (LPID NO/54289/43391),56.580815,-2.747666,54c3056400030a411e3a10510008,14.61,13.8,3.0,26.25,77.38,4.18,8
2025-07-16 14:19:04.072025+00:00,70B3D57ED0045541,Hygro#55:41,Hygro,Mains of Carmyllie (LPID NO/54289/43391),56.580815,-2.747666,54c4056400030a0c1da710580009,14.61,13.8,3.0,25.72,75.91,4.18,9
2025-07-16 14:34:20.786020+00:00,70B3D57ED0045541,Hygro#55:41,Hygro,Mains of Carmyllie (LPID NO/54289/43391),56.580815,-2.747666,54c20564000309fc1d091054000a,14.61,13.8,3.0,25.56,74.33,4.18,10
2025-07-16 14:49:37.500375+00:00,70B3D57ED0045541,Hygro#55:41,Hygro,Mains of Carmyllie (LPID NO/54289/43391),56.580815,-2.747666,54c20564000309fa1c781056000b,14.61,13.8,3.0,25.54,72.88,4.18,11
2025-07-16 15:05:08.262689+00:00,70B3D57ED0045541,Hygro#55:41,Hygro,Mains of Carmyllie (LPID NO/54289/43391),56.580815,-2.747666,54ca0564000309fc1c951054000c,14.64,13.8,3.0,25.56,73.17,4.18,12
2025-07-16 15:20:24.980040+00:00,70B3D57ED0045541,Hygro#55:41,Hygro,Mains of Carmyllie (LPID NO/54289/43391),56.580815,-2.747666,54c7056400030a021c481054000d,14.63,13.8,3.0,25.62,72.4,4.18,13
2025-07-16 15:35:43.582006+00:00,70B3D57ED0045541,Hygro#55:41,Hygro,Mains of Carmyllie (LPID NO/54289/43391),56.580815,-2.747666,54c0056e00030a081c1f1051000e,14.6,13.9,3.0,25.68,71.99,4.18,14
2025-07-16 15:51:00.158751+00:00,70B3D57ED0045541,Hygro#55:41,Hygro,Mains of Carmyllie (LPID NO/54289/43391),56.580815,-2.747666,54cd056e00030a281c1a1054000f,14.65,13.9,3.0,26.0,71.94,4.18,15
2025-07-16 16:22:10.485230+00:00,70B3D57ED0045541,Hygro#55:41,Hygro,Mains of Carmyllie (LPID NO/54289/43391),56.580815,-2.747666,53e0056e00030a831be8102e0011,13.73,13.9,3.0,26.91,71.44,4.14,17
2025-07-17 09:11:17.053282+00:00,70B3D57ED0045541,Hygro#55:41,Hygro,Mains of Carmyllie (LPID NO/54289/43391),56.580815,-2.747666,540f056e00040878248b101f0000,13.91,13.9,4.0,21.68,93.55,4.13,0
2025-07-17 09:26:33.775343+00:00,70B3D57ED0045541,Hygro#55:41,Hygro,Mains of Carmyllie (LPID NO/54289/43391),56.580815,-2.747666,54d50564000308de2460104f0001,14.68,13.8,3.0,22.7,93.12,4.17,1
2025-07-17 09:41:50.515836+00:00,70B3D57ED0045541,Hygro#55:41,Hygro,Mains of Carmyllie (LPID NO/54289/43391),56.580815,-2.747666,54da056400030921240f10510002,14.7,13.8,3.0,23.37,92.31,4.18,2
2025-07-17 09:57:07.225412+00:00,70B3D57ED0045541,Hygro#55:41,Hygro,Mains of Carmyllie (LPID NO/54289/43391),56.580815,-2.747666,54d905640003091523ea10560003,14.7,13.8,3.0,23.25,91.94,4.18,3
2025-07-17 10:12:23.951070+00:00,70B3D57ED0045541,Hygro#55:41,Hygro,Mains of Carmyllie (LPID NO/54289/43391),56.580815,-2.747666,54da05640003097223eb104f0004,14.7,13.8,3.0,24.18,91.95,4.17,4
2025-07-17 10:27:40.676932+00:00,70B3D57ED0045541,Hygro#55:41,Hygro,Mains of Carmyllie (LPID NO/54289/43391),56.580815,-2.747666,54da0564000309b123ae10580005,14.7,13.8,3.0,24.81,91.34,4.18,5
2025-07-17 10:42:57.396060+00:00,70B3D57ED0045541,Hygro#55:41,Hygro,Mains of Carmyllie (LPID NO/54289/43391),56.580815,-2.747666,54d70564000309d6236a10560006,14.69,13.8,3.0,25.18,90.66,4.18,6
2025-07-17 10:58:14.110995+00:00,70B3D57ED0045541,Hygro#55:41,Hygro,Mains of Carmyllie (LPID NO/54289/43391),56.580815,-2.747666,54d7056400040a1b234910560007,14.69,13.8,4.0,25.87,90.33,4.18,7
2025-07-17 11:13:30.836432+00:00,70B3D57ED0045541,Hygro#55:41,Hygro,Mains of Carmyllie (LPID NO/54289/43391),56.580815,-2.747666,54d8056400030a1522f710560008,14.69,13.8,3.0,25.81,89.51,4.18,8
2025-07-17 11:29:03.374144+00:00,70B3D57ED0045541,Hygro#55:41,Hygro,Mains of Carmyllie (LPID NO/54289/43391),56.580815,-2.747666,54d80564000306d622c710560009,14.69,13.8,3.0,17.5,89.03,4.18,9
2025-07-17 11:44:20.084928+00:00,70B3D57ED0045541,Hygro#55:41,Hygro,Mains of Carmyllie (LPID NO/54289/43391),56.580815,-2.747666,54dc056400040a1b226b1056000a,14.71,13.8,4.0,25.87,88.11,4.18,10
2025-07-17 11:59:36.806312+00:00,70B3D57ED0045541,Hygro#55:41,Hygro,Mains of Carmyllie (LPID NO/54289/43391),56.580815,-2.747666,54d9056400030a6622581056000b,14.7,13.8,3.0,26.62,87.92,4.18,11
2025-07-17 12:14:53.519852+00:00,70B3D57ED0045541,Hygro#55:41,Hygro,Mains of Carmyllie (LPID NO/54289/43391),56.580815,-2.747666,54dc056400030a9221ef1058000c,14.71,13.8,3.0,27.06,86.87,4.18,12
2025-07-17 12:30:10.238505+00:00,70B3D57ED0045541,Hygro#55:41,Hygro,Mains of Carmyllie (LPID NO/54289/43391),56.580815,-2.747666,54dd056400030aa521461051000d,14.71,13.8,3.0,27.25,85.18,4.18,13
2025-07-17 12:45:26.956652+00:00,70B3D57ED0045541,Hygro#55:41,Hygro,Mains of Carmyllie (LPID NO/54289/43391),56.580815,-2.747666,54d4056400030a7f20641054000e,14.68,13.8,3.0,26.87,82.92,4.18,14
2025-07-17 13:00:43.679299+00:00,70B3D57ED0045541,Hygro#55:41,Hygro,Mains of Carmyllie (LPID NO/54289/43391),56.580815,-2.747666,54d6056400030a4d1faf1054000f,14.68,13.8,3.0,26.37,81.11,4.18,15
2025-07-17 13:16:02.152017+00:00,70B3D57ED0045541,Hygro#55:41,Hygro,Mains of Carmyllie (LPID NO/54289/43391),56.580815,-2.747666,54db056400030a471f6e10580010,14.7,13.8,3.0,26.31,80.46,4.18,16
2025-07-17 13:31:18.872765+00:00,70B3D57ED0045541,Hygro#55:41,Hygro,Mains of Carmyllie (LPID NO/54289/43391),56.580815,-2.747666,54d6056400030a411f0110540011,14.68,13.8,3.0,26.25,79.37,4.18,17
2025-07-17 13:46:35.588844+00:00,70B3D57ED0045541,Hygro#55:41,Hygro,Mains of Carmyllie (LPID NO/54289/43391),56.580815,-2.747666,54db0564000309721f0410560012,14.7,13.8,3.0,24.18,79.4,4.18,18
2025-07-17 14:01:52.299335+00:00,70B3D57ED0045541,Hygro#55:41,Hygro,Mains of Carmyllie (LPID NO/54289/43391),56.580815,-2.747666,54dc056400030a151f3510580013,14.71,13.8,3.0,25.81,79.89,4.18,19
2025-07-17 14:17:09.012970+00:00,70B3D57ED0045541,Hygro#55:41,Hygro,Mains of Carmyllie (LPID NO/54289/43391),56.580815,-2.747666,54dc056400030a531f5510560014,14.71,13.8,3.0,26.43,80.21,4.18,20
2025-07-17 14:32:25.740456+00:00,70B3D57ED0045541,Hygro#55:41,Hygro,Mains of Carmyllie (LPID NO/54289/43391),56.580815,-2.747666,54da05640003068b1ef410560015,14.7,13.8,3.0,16.75,79.24,4.18,21
2025-07-17 14:47:42.449927+00:00,70B3D57ED0045541,Hygro#55:41,Hygro,Mains of Carmyllie (LPID NO/54289/43391),56.580815,-2.747666,54da05640003091b1f4010580016,14.7,13.8,3.0,23.31,80.0,4.18,22
2025-07-17 15:08:51.343603+00:00,70B3D57ED0045541,Hygro#55:41,Hygro,Mains of Carmyllie (LPID NO/54289/43391),56.580815,-2.747666,53ea056e000305f51fd010350000,13.77,13.9,3.0,15.25,81.44,4.15,0
2025-07-17 16:13:45.724292+00:00,70B3D57ED0045541,Hygro#55:41,Hygro,Mains of Carmyllie (LPID NO/54289/43391),56.580815,-2.747666,54e0056e000309a220be105c0001,14.72,13.9,3.0,24.66,83.82,4.19,1
2025-07-18 07:56:30.005068+00:00,70B3D57ED0045541,Hygro#55:41,Hygro,Mains of Carmyllie (LPID NO/54289/43391),56.580815,-2.747666,54b7058c000307d023dc102e0000,14.56,14.2,3.0,20.0,91.8,4.14,0
2025-07-18 08:37:57.975910+00:00,70B3D57ED0045541,Hygro#55:41,Hygro,Mains of Carmyllie (LPID NO/54289/43391),56.580815,-2.747666,5412058c00030866239f10250001,13.92,14.2,3.0,21.5,91.19,4.13,1
2025-07-18 09:04:50.230798+00:00,70B3D57ED0045541,Hygro#55:41,Hygro,Mains of Carmyllie (LPID NO/54289/43391),56.580815,-2.747666,54c8058c0003081d2322102e0000,14.63,14.2,3.0,20.77,89.94,4.14,0
2025-07-18 10:45:13.543427+00:00,70B3D57ED0045541,Hygro#55:41,Hygro,Mains of Carmyllie (LPID NO/54289/43391),56.580815,-2.747666,54e0058c000309852320104f0001,14.72,14.2,3.0,24.37,89.92,4.17,1
2025-07-18 11:18:58.304075+00:00,70B3D57ED0045541,Hygro#55:41,Hygro,Mains of Carmyllie (LPID NO/54289/43391),56.580815,-2.747666,54dc058c0003089e226a10350000,14.71,14.2,3.0,22.06,88.1,4.15,0
2025-07-18 11:34:15.021069+00:00,70B3D57ED0045541,Hygro#55:41,Hygro,Mains of Carmyllie (LPID NO/54289/43391),56.580815,-2.747666,54e2058c00030a6222eb10540001,14.73,14.2,3.0,26.58,89.39,4.18,1
2025-07-18 11:49:31.737199+00:00,70B3D57ED0045541,Hygro#55:41,Hygro,Mains of Carmyllie (LPID NO/54289/43391),56.580815,-2.747666,54db058c00030a28222710510002,14.7,14.2,3.0,26.0,87.43,4.18,2
2025-07-18 12:04:48.451248+00:00,70B3D57ED0045541,Hygro#55:41,Hygro,Mains of Carmyllie (LPID NO/54289/43391),56.580815,-2.747666,54da058c00030abe221b10560003,14.7,14.2,3.0,27.5,87.31,4.18,3
2025-07-18 12:35:21.864710+00:00,70B3D57ED0045541,Hygro#55:41,Hygro,Mains of Carmyllie (LPID NO/54289/43391),56.580815,-2.747666,54df058c00030afc208810560005,14.72,14.2,3.0,28.12,83.28,4.18,5
2025-07-18 12:51:01.402326+00:00,70B3D57ED0045541,Hygro#55:41,Hygro,Mains of Carmyllie (LPID NO/54289/43391),56.580815,-2.747666,54de058c000307481fd510540006,14.72,14.2,3.0,18.64,81.49,4.18,6
2025-07-18 13:08:35.989113+00:00,70B3D57ED0045541,Hygro#55:41,Hygro,Mains of Carmyllie (LPID NO/54289/43391),56.580815,-2.747666,540c058c0003069b1fc8102e0000,13.9,14.2,3.0,16.91,81.36,4.14,0
2025-07-18 13:23:52.698836+00:00,70B3D57ED0045541,Hygro#55:41,Hygro,Mains of Carmyllie (LPID NO/54289/43391),56.580815,-2.747666,54e1058c00030a32209b10540001,14.73,14.2,3.0,26.1,83.47,4.18,1
2025-07-18 13:41:46.361807+00:00,70B3D57ED0045541,Hygro#55:41,Hygro,Mains of Carmyllie (LPID NO/54289/43391),56.580815,-2.747666,54da058c00030b191f9e10560000,14.7,14.2,3.0,28.41,80.94,4.18,0
2025-07-18 14:15:25.468462+00:00,70B3D57ED0045541,Hygro#55:41,Hygro,Mains of Carmyllie (LPID NO/54289/43391),56.580815,-2.747666,54dd058c00030ad71f1210560001,14.71,14.2,3.0,27.75,79.54,4.18,1
2025-07-18 14:32:59.065697+00:00,70B3D57ED0045541,Hygro#55:41,Hygro,Mains of Carmyllie (LPID NO/54289/43391),56.580815,-2.747666,5381058c000300001e9b10350000,13.36,14.2,3.0,0.0,78.35,4.15,0
2025-07-18 15:08:57.927267+00:00,70B3D57ED0045541,Hygro#55:41,Hygro,Mains of Carmyllie (LPID NO/54289/43391),56.580815,-2.747666,54d6058c000309fc2059105a0001,14.68,14.2,3.0,25.56,82.81,4.19,1
2025-07-18 15:24:14.633431+00:00,70B3D57ED0045541,Hygro#55:41,Hygro,Mains of Carmyllie (LPID NO/54289/43391),56.580815,-2.747666,54dd0596000309ef200b10560002,14.71,14.3,3.0,25.43,82.03,4.18,2
2025-07-18 16:31:51.125237+00:00,70B3D57ED0045541,Hygro#55:41,Hygro,Mains of Carmyllie (LPID NO/54289/43391),56.580815,-2.747666,53f6059600030859210b10370000,13.82,14.3,3.0,21.37,84.59,4.15,0
2025-07-20 10:49:39.592855+00:00,70B3D57ED0045541,Hygro#55:41,Hygro,Mains of Carmyllie (LPID NO/54289/43391),56.580815,-2.747666,564e05be000707722442104d0001,16.14,14.7,7.0,19.06,92.82,4.17,1
2025-07-20 11:04:56.324189+00:00,70B3D57ED0045541,Hygro#55:41,Hygro,Mains of Carmyllie (LPID NO/54289/43391),56.580815,-2.747666,565205be00070791242f10250002,16.16,14.7,7.0,19.37,92.63,4.13,2
2025-07-20 11:20:13.058975+00:00,70B3D57ED0045541,Hygro#55:41,Hygro,Mains of Carmyllie (LPID NO/54289/43391),56.580815,-2.747666,565605be000708082456104d0003,16.17,14.7,7.0,20.56,93.02,4.17,3
2025-07-20 11:37:23.699150+00:00,70B3D57ED0045541,Hygro#55:41,Hygro,Mains of Carmyllie (LPID NO/54289/43391),56.580815,-2.747666,557705be000707d02423101a0000,15.31,14.7,7.0,20.0,92.51,4.12,0
2025-07-20 11:52:40.432049+00:00,70B3D57ED0045541,Hygro#55:41,Hygro,Mains of Carmyllie (LPID NO/54289/43391),56.580815,-2.747666,561705be000607e9244010280001,15.93,14.7,6.0,20.25,92.8,4.14,1
2025-07-20 12:23:13.885264+00:00,70B3D57ED0045541,Hygro#55:41,Hygro,Mains of Carmyllie (LPID NO/54289/43391),56.580815,-2.747666,55ba05be0006089a23fe101f0003,15.57,14.7,6.0,22.02,92.14,4.13,3
2025-07-20 12:55:53.364087+00:00,70B3D57ED0045541,Hygro#55:41,Hygro,Mains of Carmyllie (LPID NO/54289/43391),56.580815,-2.747666,559905be0007082123d2101d0000,15.44,14.7,7.0,20.81,91.7,4.12,0
2025-07-20 13:11:10.093121+00:00,70B3D57ED0045541,Hygro#55:41,Hygro,Mains of Carmyllie (LPID NO/54289/43391),56.580815,-2.747666,560a05be0007083a23e110280001,15.88,14.7,7.0,21.06,91.85,4.14,1
2025-07-20 13:26:26.815138+00:00,70B3D57ED0045541,Hygro#55:41,Hygro,Mains of Carmyllie (LPID NO/54289/43391),56.580815,-2.747666,55c205be000708dc2401101a0002,15.6,14.7,7.0,22.68,92.17,4.12,2
2025-07-20 13:41:43.538908+00:00,70B3D57ED0045541,Hygro#55:41,Hygro,Mains of Carmyllie (LPID NO/54289/43391),56.580815,-2.747666,566a05be000708a423d510280003,16.25,14.7,7.0,22.12,91.73,4.14,3
2025-07-20 13:57:00.266971+00:00,70B3D57ED0045541,Hygro#55:41,Hygro,Mains of Carmyllie (LPID NO/54289/43391),56.580815,-2.747666,560e05be000708d423ba10230004,15.89,14.7,7.0,22.6,91.46,4.13,4
2025-07-20 14:12:16.986691+00:00,70B3D57ED0045541,Hygro#55:41,Hygro,Mains of Carmyllie (LPID NO/54289/43391),56.580815,-2.747666,56c505be00070929238910460005,16.6,14.7,7.0,23.45,90.97,4.17,5
2025-07-20 14:27:33.711903+00:00,70B3D57ED0045541,Hygro#55:41,Hygro,Mains of Carmyllie (LPID NO/54289/43391),56.580815,-2.747666,56ce05be00060985234b10510006,16.64,14.7,6.0,24.37,90.35,4.18,6
2025-07-20 14:42:50.430313+00:00,70B3D57ED0045541,Hygro#55:41,Hygro,Mains of Carmyllie (LPID NO/54289/43391),56.580815,-2.747666,55ce05be00070964223010230007,15.65,14.7,7.0,24.04,87.52,4.13,7
2025-07-20 15:19:41.906603+00:00,70B3D57ED0045541,Hygro#55:41,Hygro,Mains of Carmyllie (LPID NO/54289/43391),56.580815,-2.747666,56e705be0006089e229310510000,16.74,14.7,6.0,22.06,88.51,4.18,0
2025-07-20 15:34:58.627753+00:00,70B3D57ED0045541,Hygro#55:41,Hygro,Mains of Carmyllie (LPID NO/54289/43391),56.580815,-2.747666,56ed05be0007087f229210540001,16.76,14.7,7.0,21.75,88.5,4.18,1
2025-07-20 16:20:16.257698+00:00,70B3D57ED0045541,Hygro#55:41,Hygro,Mains of Carmyllie (LPID NO/54289/43391),56.580815,-2.747666,55c005be0007077c224c10230000,15.59,14.7,7.0,19.16,87.8,4.13,0
2025-07-20 16:35:33.000030+00:00,70B3D57ED0045541,Hygro#55:41,Hygro,Mains of Carmyllie (LPID NO/54289/43391),56.580815,-2.747666,55fc05be000707d0229310230001,15.82,14.7,7.0,20.0,88.51,4.13,1
2025-07-21 08:38:36.925515+00:00,70B3D57ED0045541,Hygro#55:41,Hygro,Mains of Carmyllie (LPID NO/54289/43391),56.580815,-2.747666,58ca05c8000706dc244510210000,18.61,14.8,7.0,17.56,92.85,4.13,0
2025-07-21 08:53:53.665768+00:00,70B3D57ED0045541,Hygro#55:41,Hygro,Mains of Carmyllie (LPID NO/54289/43391),56.580815,-2.747666,58d605c80007074c248810510001,18.66,14.8,7.0,18.68,93.52,4.18,1
2025-07-21 09:23:53.475881+00:00,70B3D57ED0045541,Hygro#55:41,Hygro,Mains of Carmyllie (LPID NO/54289/43391),56.580815,-2.747666,584505c80007070e243410210000,18.09,14.8,7.0,18.06,92.68,4.13,0
2025-07-21 09:39:10.220313+00:00,70B3D57ED0045541,Hygro#55:41,Hygro,Mains of Carmyllie (LPID NO/54289/43391),56.580815,-2.747666,57c505c800070746248010180001,17.6,14.8,7.0,18.62,93.44,4.12,1
2025-07-21 09:54:26.955646+00:00,70B3D57ED0045541,Hygro#55:41,Hygro,Mains of Carmyllie (LPID NO/54289/43391),56.580815,-2.747666,57e405c8000707422463101f0002,17.72,14.8,7.0,18.58,93.15,4.13,2
2025-07-21 10:12:08.149953+00:00,70B3D57ED0045541,Hygro#55:41,Hygro,Mains of Carmyllie (LPID NO/54289/43391),56.580815,-2.747666,590805c80007076c2471101a0000,18.85,14.8,7.0,19.0,93.29,4.12,0
2025-07-21 10:27:24.875154+00:00,70B3D57ED0045541,Hygro#55:41,Hygro,Mains of Carmyllie (LPID NO/54289/43391),56.580815,-2.747666,590f05c8000707d6249b104d0001,18.88,14.8,7.0,20.06,93.71,4.17,1
2025-07-21 10:42:50.387495+00:00,70B3D57ED0045541,Hygro#55:41,Hygro,Mains of Carmyllie (LPID NO/54289/43391),56.580815,-2.747666,591805c80007086e24ad104d0002,18.91,14.8,7.0,21.58,93.89,4.17,2
2025-07-21 11:13:23.835855+00:00,70B3D57ED0045541,Hygro#55:41,Hygro,Mains of Carmyllie (LPID NO/54289/43391),56.580815,-2.747666,589105c80007083423ef10250004,18.39,14.8,7.0,21.0,91.99,4.13,4
2025-07-21 11:28:40.568911+00:00,70B3D57ED0045541,Hygro#55:41,Hygro,Mains of Carmyllie (LPID NO/54289/43391),56.580815,-2.747666,592905c800070861240b104f0005,18.98,14.8,7.0,21.45,92.27,4.17,5
2025-07-21 11:44:02.561971+00:00,70B3D57ED0045541,Hygro#55:41,Hygro,Mains of Carmyllie (LPID NO/54289/43391),56.580815,-2.747666,593d05c8000808bb23a7104f0006,19.06,14.8,8.0,22.35,91.27,4.17,6
2025-07-21 11:59:19.280696+00:00,70B3D57ED0045541,Hygro#55:41,Hygro,Mains of Carmyllie (LPID NO/54289/43391),56.580815,-2.747666,593f05c800080915230e10540007,19.06,14.8,8.0,23.25,89.74,4.18,7
2025-07-21 12:15:33.347238+00:00,70B3D57ED0045541,Hygro#55:41,Hygro,Mains of Carmyllie (LPID NO/54289/43391),56.580815,-2.747666,594805c800070966223e10510008,19.1,14.8,7.0,24.06,87.66,4.18,8
2025-07-21 12:30:50.064253+00:00,70B3D57ED0045541,Hygro#55:41,Hygro,Mains of Carmyllie (LPID NO/54289/43391),56.580815,-2.747666,595305c800080964219b10560009,19.14,14.8,8.0,24.04,86.03,4.18,9
2025-07-21 12:49:25.608385+00:00,70B3D57ED0045541,Hygro#55:41,Hygro,Mains of Carmyllie (LPID NO/54289/43391),56.580815,-2.747666,595605c800072134213610510000,19.15,14.8,7.0,85.0,85.02,4.18,0
2025-07-21 13:05:37.931577+00:00,70B3D57ED0045541,Hygro#55:41,Hygro,Mains of Carmyllie (LPID NO/54289/43391),56.580815,-2.747666,583e05c8000808bf2142102c0001,18.07,14.8,8.0,22.39,85.14,4.14,1
2025-07-21 13:20:54.652255+00:00,70B3D57ED0045541,Hygro#55:41,Hygro,Mains of Carmyllie (LPID NO/54289/43391),56.580815,-2.747666,596c05c800080859214610300002,19.24,14.8,8.0,21.37,85.18,4.14,2
2025-07-21 13:36:13.124142+00:00,70B3D57ED0045541,Hygro#55:41,Hygro,Mains of Carmyllie (LPID NO/54289/43391),56.580815,-2.747666,596f05c8000808342165104d0003,19.25,14.8,8.0,21.0,85.49,4.17,3
2025-07-21 13:51:29.844129+00:00,70B3D57ED0045541,Hygro#55:41,Hygro,Mains of Carmyllie (LPID NO/54289/43391),56.580815,-2.747666,596705c800080834219e10300004,19.22,14.8,8.0,21.0,86.06,4.14,4
2025-07-21 14:22:05.053708+00:00,70B3D57ED0045541,Hygro#55:41,Hygro,Mains of Carmyllie (LPID NO/54289/43391),56.580815,-2.747666,598605c80008080821d9105a0006,19.34,14.8,8.0,20.56,86.65,4.19,6
2025-07-21 14:37:27.055141+00:00,70B3D57ED0045541,Hygro#55:41,Hygro,Mains of Carmyllie (LPID NO/54289/43391),56.580815,-2.747666,583305c80007082121a1102c0007,18.02,14.8,7.0,20.81,86.09,4.14,7
2025-07-21 15:05:52.476025+00:00,70B3D57ED0045541,Hygro#55:41,Hygro,Mains of Carmyllie (LPID NO/54289/43391),56.580815,-2.747666,599705d2000807d621c110580000,19.4,14.9,8.0,20.06,86.41,4.18,0
2025-07-22 08:45:33.481388+00:00,70B3D57ED0045541,Hygro#55:41,Hygro,Mains of Carmyllie (LPID NO/54289/43391),56.580815,-2.747666,5aee05d20008079124f010540001,20.74,14.9,8.0,19.37,94.56,4.18,1
2025-07-22 09:21:30.635875+00:00,70B3D57ED0045541,Hygro#55:41,Hygro,Mains of Carmyllie (LPID NO/54289/43391),56.580815,-2.747666,59be05d20008076c249210250000,19.56,14.9,8.0,19.0,93.62,4.13,0
2025-07-22 11:01:51.512628+00:00,70B3D57ED0045541,Hygro#55:41,Hygro,Mains of Carmyllie (LPID NO/54289/43391),56.580815,-2.747666,5a0805d2000808d623f510210001,19.84,14.9,8.0,22.62,92.05,4.13,1
2025-07-22 11:17:08.231255+00:00,70B3D57ED0045541,Hygro#55:41,Hygro,Mains of Carmyllie (LPID NO/54289/43391),56.580815,-2.747666,59a105d20008087223bb101f0002,19.44,14.9,8.0,21.62,91.47,4.13,2
2025-07-22 11:32:24.950653+00:00,70B3D57ED0045541,Hygro#55:41,Hygro,Mains of Carmyllie (LPID NO/54289/43391),56.580815,-2.747666,5b0f05d20008095323f410510003,20.86,14.9,8.0,23.87,92.04,4.18,3
2025-07-22 12:02:58.381829+00:00,70B3D57ED0045541,Hygro#55:41,Hygro,Mains of Carmyllie (LPID NO/54289/43391),56.580815,-2.747666,5b1605d200080983236c10540005,20.89,14.9,8.0,24.35,90.68,4.18,5
2025-07-22 12:18:15.101685+00:00,70B3D57ED0045541,Hygro#55:41,Hygro,Mains of Carmyllie (LPID NO/54289/43391),56.580815,-2.747666,5b1e05d20008094022e410560006,20.92,14.9,8.0,23.68,89.32,4.18,6
2025-07-22 12:48:50.279341+00:00,70B3D57ED0045541,Hygro#55:41,Hygro,Mains of Carmyllie (LPID NO/54289/43391),56.580815,-2.747666,5b1e05d200090afa222710510008,20.92,14.9,9.0,28.1,87.43,4.18,8
2025-07-22 14:47:48.110309+00:00,70B3D57ED0045541,Hygro#55:41,Hygro,Mains of Carmyllie (LPID NO/54289/43391),56.580815,-2.747666,5b3505d2000921342262105a0000,21.01,14.9,9.0,85.0,88.02,4.19,0
2025-07-22 15:03:10.094311+00:00,70B3D57ED0045541,Hygro#55:41,Hygro,Mains of Carmyllie (LPID NO/54289/43391),56.580815,-2.747666,5b3105d200080947228c10580001,21.0,14.9,8.0,23.75,88.44,4.18,1
2025-07-22 15:19:22.432812+00:00,70B3D57ED0045541,Hygro#55:41,Hygro,Mains of Carmyllie (LPID NO/54289/43391),56.580815,-2.747666,5b3005d20008099e226e10540002,20.99,14.9,8.0,24.62,88.14,4.18,2
2025-07-22 15:48:03.798724+00:00,70B3D57ED0045541,Hygro#55:41,Hygro,Mains of Carmyllie (LPID NO/54289/43391),56.580815,-2.747666,5b3605d2000808c7220010540000,21.01,14.9,8.0,22.47,87.04,4.18,0
2025-07-22 16:19:34.546089+00:00,70B3D57ED0045541,Hygro#55:41,Hygro,Mains of Carmyllie (LPID NO/54289/43391),56.580815,-2.747666,5b3f05d200080a2c1f5110580002,21.05,14.9,8.0,26.04,80.17,4.18,2
2025-07-22 17:04:41.926679+00:00,70B3D57ED0045541,Hygro#55:41,Hygro,Mains of Carmyllie (LPID NO/54289/43391),56.580815,-2.747666,5a3d05dc0008110221ae10370000,20.05,15.0,8.0,43.54,86.22,4.15,0
2025-07-23 09:53:36.886370+00:00,70B3D57ED0045541,Hygro#55:41,Hygro,Mains of Carmyllie (LPID NO/54289/43391),56.580815,-2.747666,5bc605dc000907c3239710300001,21.57,15.0,9.0,19.87,91.11,4.14,1
2025-07-23 10:08:53.620624+00:00,70B3D57ED0045541,Hygro#55:41,Hygro,Mains of Carmyllie (LPID NO/54289/43391),56.580815,-2.747666,5bc705dc0009080223a610300002,21.58,15.0,9.0,20.5,91.26,4.14,2
2025-07-23 10:24:38.479822+00:00,70B3D57ED0045541,Hygro#55:41,Hygro,Mains of Carmyllie (LPID NO/54289/43391),56.580815,-2.747666,5aa205dc00090838238910210003,20.44,15.0,9.0,21.04,90.97,4.13,3
2025-07-23 10:39:55.204558+00:00,70B3D57ED0045541,Hygro#55:41,Hygro,Mains of Carmyllie (LPID NO/54289/43391),56.580815,-2.747666,5bca05dc0009084d237c10390004,21.59,15.0,9.0,21.25,90.84,4.15,4
2025-07-23 10:56:23.336401+00:00,70B3D57ED0045541,Hygro#55:41,Hygro,Mains of Carmyllie (LPID NO/54289/43391),56.580815,-2.747666,5bbf05dc000908a4236110350005,21.55,15.0,9.0,22.12,90.57,4.15,5
2025-07-23 11:11:40.062691+00:00,70B3D57ED0045541,Hygro#55:41,Hygro,Mains of Carmyllie (LPID NO/54289/43391),56.580815,-2.747666,5bc805dc0009088b2343103b0006,21.58,15.0,9.0,21.87,90.27,4.16,6
2025-07-23 11:26:56.782078+00:00,70B3D57ED0045541,Hygro#55:41,Hygro,Mains of Carmyllie (LPID NO/54289/43391),56.580815,-2.747666,5bc705dc00080906235910580007,21.58,15.0,8.0,23.1,90.49,4.18,7
2025-07-23 11:42:13.504404+00:00,70B3D57ED0045541,Hygro#55:41,Hygro,Mains of Carmyllie (LPID NO/54289/43391),56.580815,-2.747666,5bd105dc00090979233410510008,21.62,15.0,9.0,24.25,90.12,4.18,8
2025-07-23 11:57:30.217979+00:00,70B3D57ED0045541,Hygro#55:41,Hygro,Mains of Carmyllie (LPID NO/54289/43391),56.580815,-2.747666,5bcb05dc00090959231110540009,21.59,15.0,9.0,23.93,89.77,4.18,9
2025-07-23 12:12:46.939793+00:00,70B3D57ED0045541,Hygro#55:41,Hygro,Mains of Carmyllie (LPID NO/54289/43391),56.580815,-2.747666,5bd105dc0009097f23021054000a,21.62,15.0,9.0,24.31,89.62,4.18,10
2025-07-23 12:28:03.661788+00:00,70B3D57ED0045541,Hygro#55:41,Hygro,Mains of Carmyllie (LPID NO/54289/43391),56.580815,-2.747666,5b3d05dc0009095922c21033000b,21.04,15.0,9.0,23.93,88.98,4.15,11
2025-07-23 13:00:34.375919+00:00,70B3D57ED0045541,Hygro#55:41,Hygro,Mains of Carmyllie (LPID NO/54289/43391),56.580815,-2.747666,5ae905dc00090827220d10390000,20.72,15.0,9.0,20.87,87.17,4.15,0
2025-07-23 13:15:51.102327+00:00,70B3D57ED0045541,Hygro#55:41,Hygro,Mains of Carmyllie (LPID NO/54289/43391),56.580815,-2.747666,5bd305dc00090885226510560001,21.62,15.0,9.0,21.81,88.05,4.18,1
2025-07-23 13:31:07.834674+00:00,70B3D57ED0045541,Hygro#55:41,Hygro,Mains of Carmyllie (LPID NO/54289/43391),56.580815,-2.747666,5bd305dc000908fc22da10580002,21.62,15.0,9.0,23.0,89.22,4.18,2
2025-07-23 13:46:24.558688+00:00,70B3D57ED0045541,Hygro#55:41,Hygro,Mains of Carmyllie (LPID NO/54289/43391),56.580815,-2.747666,5bd905dc00080979227010510003,21.65,15.0,8.0,24.25,88.16,4.18,3
2025-07-23 14:01:51.815311+00:00,70B3D57ED0045541,Hygro#55:41,Hygro,Mains of Carmyllie (LPID NO/54289/43391),56.580815,-2.747666,5bd105dc00090aa521b810560004,21.62,15.0,9.0,27.25,86.32,4.18,4
2025-07-23 14:19:55.321625+00:00,70B3D57ED0045541,Hygro#55:41,Hygro,Mains of Carmyllie (LPID NO/54289/43391),56.580815,-2.747666,5ab905dc0009092e21dd102e0005,20.53,15.0,9.0,23.5,86.69,4.14,5
2025-07-24 09:13:56.450745+00:00,70B3D57ED0045541,Hygro#55:41,Hygro,Mains of Carmyllie (LPID NO/54289/43391),56.580815,-2.747666,5c1705dc00090b11236610510000,21.89,15.0,9.0,28.33,90.62,4.18,0
2025-07-24 09:29:23.717153+00:00,70B3D57ED0045541,Hygro#55:41,Hygro,Mains of Carmyllie (LPID NO/54289/43391),56.580815,-2.747666,5c1605dc00090866236010510001,21.88,15.0,9.0,21.5,90.56,4.18,1
2025-07-24 09:44:40.443574+00:00,70B3D57ED0045541,Hygro#55:41,Hygro,Mains of Carmyllie (LPID NO/54289/43391),56.580815,-2.747666,5c1305dc00090891233010540002,21.87,15.0,9.0,21.93,90.08,4.18,2
2025-07-24 09:59:57.151925+00:00,70B3D57ED0045541,Hygro#55:41,Hygro,Mains of Carmyllie (LPID NO/54289/43391),56.580815,-2.747666,5c1805dc000908bb231a10510003,21.89,15.0,9.0,22.35,89.86,4.18,3
2025-07-24 10:15:13.881856+00:00,70B3D57ED0045541,Hygro#55:41,Hygro,Mains of Carmyllie (LPID NO/54289/43391),56.580815,-2.747666,5c1a05dc000908d022fd10540004,21.9,15.0,9.0,22.56,89.57,4.18,4
2025-07-24 10:31:27.935078+00:00,70B3D57ED0045541,Hygro#55:41,Hygro,Mains of Carmyllie (LPID NO/54289/43391),56.580815,-2.747666,5c1805dc000908e322f210560005,21.89,15.0,9.0,22.75,89.46,4.18,5
2025-07-24 10:46:56.969954+00:00,70B3D57ED0045541,Hygro#55:41,Hygro,Mains of Carmyllie (LPID NO/54289/43391),56.580815,-2.747666,5b3d05d30009090e22fe10300006,21.04,14.91,9.0,23.18,89.58,4.14,6
2025-07-24 11:02:15.446973+00:00,70B3D57ED0045541,Hygro#55:41,Hygro,Mains of Carmyllie (LPID NO/54289/43391),56.580815,-2.747666,5c1905d2000a0960231510560007,21.9,14.9,10.0,24.0,89.81,4.18,7
2025-07-24 11:17:32.167940+00:00,70B3D57ED0045541,Hygro#55:41,Hygro,Mains of Carmyllie (LPID NO/54289/43391),56.580815,-2.747666,5c1b05d20009092122e710540008,21.9,14.9,9.0,23.37,89.35,4.18,8
2025-07-24 11:56:43.631543+00:00,70B3D57ED0045541,Hygro#55:41,Hygro,Mains of Carmyllie (LPID NO/54289/43391),56.580815,-2.747666,5b0205d2000910bb225f102e0000,20.81,14.9,9.0,42.83,87.99,4.14,0
2025-07-24 12:12:00.342491+00:00,70B3D57ED0045541,Hygro#55:41,Hygro,Mains of Carmyllie (LPID NO/54289/43391),56.580815,-2.747666,5af105d2000908bd2285102e0001,20.75,14.9,9.0,22.37,88.37,4.14,1
2025-07-24 12:27:17.067285+00:00,70B3D57ED0045541,Hygro#55:41,Hygro,Mains of Carmyllie (LPID NO/54289/43391),56.580815,-2.747666,5c1705d20009090e22a910560002,21.89,14.9,9.0,23.18,88.73,4.18,2
2025-07-24 12:42:47.847306+00:00,70B3D57ED0045541,Hygro#55:41,Hygro,Mains of Carmyllie (LPID NO/54289/43391),56.580815,-2.747666,5b6d05d20008094b22ac10330003,21.23,14.9,8.0,23.79,88.76,4.15,3
2025-07-24 14:12:54.441961+00:00,70B3D57ED0045541,Hygro#55:41,Hygro,Mains of Carmyllie (LPID NO/54289/43391),56.580815,-2.747666,5ae705d20009086c2244102e0000,20.71,14.9,9.0,21.56,87.72,4.14,0
2025-07-24 14:55:23.489006+00:00,70B3D57ED0045541,Hygro#55:41,Hygro,Mains of Carmyllie (LPID NO/54289/43391),56.580815,-2.747666,5c1805d2000909a4222b10560001,21.89,14.9,9.0,24.68,87.47,4.18,1
2025-07-24 15:11:37.530115+00:00,70B3D57ED0045541,Hygro#55:41,Hygro,Mains of Carmyllie (LPID NO/54289/43391),56.580815,-2.747666,5c2405d200090a34218610580002,21.94,14.9,9.0,26.12,85.82,4.18,2
2025-07-24 15:51:02.405578+00:00,70B3D57ED0045541,Hygro#55:41,Hygro,Mains of Carmyllie (LPID NO/54289/43391),56.580815,-2.747666,5aff05dc000810fe21a9102e0000,20.8,15.0,8.0,43.5,86.17,4.14,0
2025-07-24 16:06:19.123368+00:00,70B3D57ED0045541,Hygro#55:41,Hygro,Mains of Carmyllie (LPID NO/54289/43391),56.580815,-2.747666,5bea05dc0009085321a610490001,21.71,15.0,9.0,21.31,86.14,4.17,1
2025-07-25 08:38:11.480421+00:00,70B3D57ED0045541,Hygro#55:41,Hygro,Mains of Carmyllie (LPID NO/54289/43391),56.580815,-2.747666,5c3b05c8000906dc232010300000,22.03,14.8,9.0,17.56,89.92,4.14,0
2025-07-25 08:53:47.561162+00:00,70B3D57ED0045541,Hygro#55:41,Hygro,Mains of Carmyllie (LPID NO/54289/43391),56.580815,-2.747666,5c3c05c80009028e236810540001,22.03,14.8,9.0,6.54,90.64,4.18,1
2025-07-25 09:24:10.123541+00:00,70B3D57ED0045541,Hygro#55:41,Hygro,Mains of Carmyllie (LPID NO/54289/43391),56.580815,-2.747666,5a1a05c80009213422f310210000,19.91,14.8,9.0,85.0,89.47,4.13,0
2025-07-25 09:39:28.625266+00:00,70B3D57ED0045541,Hygro#55:41,Hygro,Mains of Carmyllie (LPID NO/54289/43391),56.580815,-2.747666,5c3905c800090785237b103e0001,22.02,14.8,9.0,19.25,90.83,4.16,1
2025-07-25 09:54:54.144912+00:00,70B3D57ED0045541,Hygro#55:41,Hygro,Mains of Carmyllie (LPID NO/54289/43391),56.580815,-2.747666,5b7b05c80009078b2332102e0002,21.28,14.8,9.0,19.31,90.1,4.14,2
2025-07-25 10:10:21.436737+00:00,70B3D57ED0045541,Hygro#55:41,Hygro,Mains of Carmyllie (LPID NO/54289/43391),56.580815,-2.747666,5a6105c8000907c7232d10230003,20.19,14.8,9.0,19.91,90.05,4.13,3
2025-07-25 10:25:39.920417+00:00,70B3D57ED0045541,Hygro#55:41,Hygro,Mains of Carmyllie (LPID NO/54289/43391),56.580815,-2.747666,5c3505c8000907aa231b10370004,22.0,14.8,9.0,19.62,89.87,4.15,4
2025-07-25 10:41:03.690880+00:00,70B3D57ED0045541,Hygro#55:41,Hygro,Mains of Carmyllie (LPID NO/54289/43391),56.580815,-2.747666,5c3805c80009081b232110560005,22.02,14.8,9.0,20.75,89.93,4.18,5
2025-07-25 10:56:20.417122+00:00,70B3D57ED0045541,Hygro#55:41,Hygro,Mains of Carmyllie (LPID NO/54289/43391),56.580815,-2.747666,5c3705c800090960234410540006,22.01,14.8,9.0,24.0,90.28,4.18,6
2025-07-25 11:11:37.138521+00:00,70B3D57ED0045541,Hygro#55:41,Hygro,Mains of Carmyllie (LPID NO/54289/43391),56.580815,-2.747666,5c3905c8000908e922f310540007,22.02,14.8,9.0,22.81,89.47,4.18,7
2025-07-25 11:26:53.868650+00:00,70B3D57ED0045541,Hygro#55:41,Hygro,Mains of Carmyllie (LPID NO/54289/43391),56.580815,-2.747666,5c3b05c8000908e522d310540008,22.03,14.8,9.0,22.77,89.15,4.18,8
2025-07-25 11:42:10.594676+00:00,70B3D57ED0045541,Hygro#55:41,Hygro,Mains of Carmyllie (LPID NO/54289/43391),56.580815,-2.747666,5c3c05be0009098522b010560009,22.03,14.7,9.0,24.37,88.8,4.18,9
2025-07-25 11:57:41.387358+00:00,70B3D57ED0045541,Hygro#55:41,Hygro,Mains of Carmyllie (LPID NO/54289/43391),56.580815,-2.747666,5c3e05be0009092b22921054000a,22.04,14.7,9.0,23.47,88.5,4.18,10
2025-07-25 12:12:59.867058+00:00,70B3D57ED0045541,Hygro#55:41,Hygro,Mains of Carmyllie (LPID NO/54289/43391),56.580815,-2.747666,5c3805be000908ef227a105a000b,22.02,14.7,9.0,22.87,88.26,4.19,11
2025-07-25 12:29:22.732573+00:00,70B3D57ED0045541,Hygro#55:41,Hygro,Mains of Carmyllie (LPID NO/54289/43391),56.580815,-2.747666,5c3605be000909c8226c1054000c,22.01,14.7,9.0,25.04,88.12,4.18,12
2025-07-25 12:45:36.822744+00:00,70B3D57ED0045541,Hygro#55:41,Hygro,Mains of Carmyllie (LPID NO/54289/43391),56.580815,-2.747666,5c3405be000909df22101056000d,22.0,14.7,9.0,25.27,87.2,4.18,13
2025-07-25 13:01:09.363601+00:00,70B3D57ED0045541,Hygro#55:41,Hygro,Mains of Carmyllie (LPID NO/54289/43391),56.580815,-2.747666,5c3a05be000906b4221c1058000e,22.02,14.7,9.0,17.16,87.32,4.18,14
2025-07-25 13:41:16.121767+00:00,70B3D57ED0045541,Hygro#55:41,Hygro,Mains of Carmyllie (LPID NO/54289/43391),56.580815,-2.747666,5ad405be000908812235102e0000,20.63,14.7,9.0,21.77,87.57,4.14,0
2025-07-25 13:56:32.845592+00:00,70B3D57ED0045541,Hygro#55:41,Hygro,Mains of Carmyllie (LPID NO/54289/43391),56.580815,-2.747666,5c3805be000908aa228b10580001,22.02,14.7,9.0,22.18,88.43,4.18,1
2025-07-25 14:11:51.335225+00:00,70B3D57ED0045541,Hygro#55:41,Hygro,Mains of Carmyllie (LPID NO/54289/43391),56.580815,-2.747666,5c3805be000908d0224710580002,22.02,14.7,9.0,22.56,87.75,4.18,2
2025-07-25 14:27:09.815511+00:00,70B3D57ED0045541,Hygro#55:41,Hygro,Mains of Carmyllie (LPID NO/54289/43391),56.580815,-2.747666,5c3c05be000908d0221e105a0003,22.03,14.7,9.0,22.56,87.34,4.19,3
2025-07-25 15:25:01.971084+00:00,70B3D57ED0045541,Hygro#55:41,Hygro,Mains of Carmyllie (LPID NO/54289/43391),56.580815,-2.747666,5c3b05be000909b1205f10580001,22.03,14.7,9.0,24.81,82.87,4.18,1
2025-07-25 15:40:18.678688+00:00,70B3D57ED0045541,Hygro#55:41,Hygro,Mains of Carmyllie (LPID NO/54289/43391),56.580815,-2.747666,5c3c05c7000909e3206910540002,22.03,14.79,9.0,25.31,82.97,4.18,2
2025-07-25 15:55:35.395870+00:00,70B3D57ED0045541,Hygro#55:41,Hygro,Mains of Carmyllie (LPID NO/54289/43391),56.580815,-2.747666,5c3a05c80009095120d810580003,22.02,14.8,9.0,23.85,84.08,4.18,3
2025-07-25 16:10:52.125787+00:00,70B3D57ED0045541,Hygro#55:41,Hygro,Mains of Carmyllie (LPID NO/54289/43391),56.580815,-2.747666,5c3805c80009090220f7105a0004,22.02,14.8,9.0,23.06,84.39,4.19,4
2025-07-25 17:17:03.462680+00:00,70B3D57ED0045541,Hygro#55:41,Hygro,Mains of Carmyllie (LPID NO/54289/43391),56.580815,-2.747666,5b9405c8000907cb217410420000,21.38,14.8,9.0,19.95,85.64,4.16,0
2025-07-26 09:29:46.899048+00:00,70B3D57ED0045541,Hygro#55:41,Hygro,Mains of Carmyllie (LPID NO/54289/43391),56.580815,-2.747666,5c4505b400090721227410540001,22.07,14.6,9.0,18.25,88.2,4.18,1
2025-07-26 09:45:05.383093+00:00,70B3D57ED0045541,Hygro#55:41,Hygro,Mains of Carmyllie (LPID NO/54289/43391),56.580815,-2.747666,5c3f05b4000905a1233310540002,22.04,14.6,9.0,14.41,90.11,4.18,2
2025-07-26 10:00:22.124070+00:00,70B3D57ED0045541,Hygro#55:41,Hygro,Mains of Carmyllie (LPID NO/54289/43391),56.580815,-2.747666,5c4205b400090563227610540003,22.05,14.6,9.0,13.79,88.22,4.18,3
2025-07-26 10:15:44.123678+00:00,70B3D57ED0045541,Hygro#55:41,Hygro,Mains of Carmyllie (LPID NO/54289/43391),56.580815,-2.747666,5c3d05b400090563225510540004,22.03,14.6,9.0,13.79,87.89,4.18,4
2025-07-26 10:31:18.451516+00:00,70B3D57ED0045541,Hygro#55:41,Hygro,Mains of Carmyllie (LPID NO/54289/43391),56.580815,-2.747666,5c4405b4000902c6222910560005,22.06,14.6,9.0,7.1,87.45,4.18,5
2025-07-26 10:47:30.799604+00:00,70B3D57ED0045541,Hygro#55:41,Hygro,Mains of Carmyllie (LPID NO/54289/43391),56.580815,-2.747666,5ab505b4000907d62215102a0006,20.51,14.6,9.0,20.06,87.25,4.14,6
2025-07-26 11:13:23.117426+00:00,70B3D57ED0045541,Hygro#55:41,Hygro,Mains of Carmyllie (LPID NO/54289/43391),56.580815,-2.747666,5b3b05b40009077221dc10300000,21.03,14.6,9.0,19.06,86.68,4.14,0
2025-07-26 11:28:39.853035+00:00,70B3D57ED0045541,Hygro#55:41,Hygro,Mains of Carmyllie (LPID NO/54289/43391),56.580815,-2.747666,5b4305b40009077e21f110330001,21.07,14.6,9.0,19.18,86.89,4.15,1
2025-07-26 12:05:35.999772+00:00,70B3D57ED0045541,Hygro#55:41,Hygro,Mains of Carmyllie (LPID NO/54289/43391),56.580815,-2.747666,5b4a05b40009071e21b210370000,21.09,14.6,9.0,18.22,86.26,4.15,0
2025-07-26 12:20:52.730729+00:00,70B3D57ED0045541,Hygro#55:41,Hygro,Mains of Carmyllie (LPID NO/54289/43391),56.580815,-2.747666,5c4305b4000908a421e110580001,22.06,14.6,9.0,22.12,86.73,4.18,1
2025-07-26 12:36:09.446215+00:00,70B3D57ED0045541,Hygro#55:41,Hygro,Mains of Carmyllie (LPID NO/54289/43391),56.580815,-2.747666,5c3c05b4000908d621db10580002,22.03,14.6,9.0,22.62,86.67,4.18,2
2025-07-26 12:51:40.232276+00:00,70B3D57ED0045541,Hygro#55:41,Hygro,Mains of Carmyllie (LPID NO/54289/43391),56.580815,-2.747666,5c4805b4000908e7217a10580003,22.08,14.6,9.0,22.79,85.7,4.18,3
2025-07-26 13:07:05.739147+00:00,70B3D57ED0045541,Hygro#55:41,Hygro,Mains of Carmyllie (LPID NO/54289/43391),56.580815,-2.747666,5c4305b400090a3420da10540004,22.06,14.6,9.0,26.12,84.1,4.18,4
2025-07-26 13:22:22.465070+00:00,70B3D57ED0045541,Hygro#55:41,Hygro,Mains of Carmyllie (LPID NO/54289/43391),56.580815,-2.747666,5c3f05b400090992211210560005,22.04,14.6,9.0,24.5,84.66,4.18,5
2025-07-26 13:56:42.544812+00:00,70B3D57ED0045541,Hygro#55:41,Hygro,Mains of Carmyllie (LPID NO/54289/43391),56.580815,-2.747666,5c3e05b40009087020e110560000,22.04,14.6,9.0,21.6,84.17,4.18,0
2025-07-26 14:12:01.027693+00:00,70B3D57ED0045541,Hygro#55:41,Hygro,Mains of Carmyllie (LPID NO/54289/43391),56.580815,-2.747666,5c3b05b4000909152107105a0001,22.03,14.6,9.0,23.25,84.55,4.19,1
2025-07-26 14:27:17.743709+00:00,70B3D57ED0045541,Hygro#55:41,Hygro,Mains of Carmyllie (LPID NO/54289/43391),56.580815,-2.747666,5c4405b4000908ef20f9105a0002,22.06,14.6,9.0,22.87,84.41,4.19,2
2025-07-26 14:42:34.469078+00:00,70B3D57ED0045541,Hygro#55:41,Hygro,Mains of Carmyllie (LPID NO/54289/43391),56.580815,-2.747666,5c3c05b4000908e92113105a0003,22.03,14.6,9.0,22.81,84.67,4.19,3
2025-07-26 14:57:51.189965+00:00,70B3D57ED0045541,Hygro#55:41,Hygro,Mains of Carmyllie (LPID NO/54289/43391),56.580815,-2.747666,5b3905b40009084d210110330004,21.03,14.6,9.0,21.25,84.49,4.15,4
2025-07-26 15:13:07.907549+00:00,70B3D57ED0045541,Hygro#55:41,Hygro,Mains of Carmyllie (LPID NO/54289/43391),56.580815,-2.747666,5c4105b4000908e320b2105a0005,22.05,14.6,9.0,22.75,83.7,4.19,5
2025-07-26 15:28:24.629534+00:00,70B3D57ED0045541,Hygro#55:41,Hygro,Mains of Carmyllie (LPID NO/54289/43391),56.580815,-2.747666,5c3d05b4000a09ca1f8810580006,22.03,14.6,10.0,25.06,80.72,4.18,6
2025-07-26 15:43:58.925433+00:00,70B3D57ED0045541,Hygro#55:41,Hygro,Mains of Carmyllie (LPID NO/54289/43391),56.580815,-2.747666,5c3f05b4000a06541f0210560007,22.04,14.6,10.0,16.2,79.38,4.18,7
2025-07-26 16:24:13.283266+00:00,70B3D57ED0045541,Hygro#55:41,Hygro,Mains of Carmyllie (LPID NO/54289/43391),56.580815,-2.747666,5aa005b4000918b220a010300000,20.43,14.6,9.0,63.22,83.52,4.14,0
2025-07-26 16:39:30.010352+00:00,70B3D57ED0045541,Hygro#55:41,Hygro,Mains of Carmyllie (LPID NO/54289/43391),56.580815,-2.747666,5c3805b40009086620b4105a0001,22.02,14.6,9.0,21.5,83.72,4.19,1
2025-07-26 16:54:46.738988+00:00,70B3D57ED0045541,Hygro#55:41,Hygro,Mains of Carmyllie (LPID NO/54289/43391),56.580815,-2.747666,5c3d05b4000907c120ce105a0002,22.03,14.6,9.0,19.85,83.98,4.19,2
2025-07-27 12:14:29.847124+00:00,70B3D57ED0045541,Hygro#55:41,Hygro,Mains of Carmyllie (LPID NO/54289/43391),56.580815,-2.747666,5c3505a0000906c922af10560000,22.0,14.4,9.0,17.37,88.79,4.18,0
2025-07-27 12:29:46.573957+00:00,70B3D57ED0045541,Hygro#55:41,Hygro,Mains of Carmyllie (LPID NO/54289/43391),56.580815,-2.747666,5c3c05a0000907b0226d10510001,22.03,14.4,9.0,19.68,88.13,4.18,1
2025-07-27 12:45:08.590439+00:00,70B3D57ED0045541,Hygro#55:41,Hygro,Mains of Carmyllie (LPID NO/54289/43391),56.580815,-2.747666,5c3805a000090810226210540002,22.02,14.4,9.0,20.64,88.02,4.18,2
2025-07-27 13:00:25.312490+00:00,70B3D57ED0045541,Hygro#55:41,Hygro,Mains of Carmyllie (LPID NO/54289/43391),56.580815,-2.747666,5c3b05a00009094021c810540003,22.03,14.4,9.0,23.68,86.48,4.18,3
2025-07-27 13:15:47.312731+00:00,70B3D57ED0045541,Hygro#55:41,Hygro,Mains of Carmyllie (LPID NO/54289/43391),56.580815,-2.747666,5c3805a00009089e21c710540004,22.02,14.4,9.0,22.06,86.47,4.18,4
2025-07-27 13:31:04.036802+00:00,70B3D57ED0045541,Hygro#55:41,Hygro,Mains of Carmyllie (LPID NO/54289/43391),56.580815,-2.747666,5c3a05a0000908ef218810540005,22.02,14.4,9.0,22.87,85.84,4.18,5
2025-07-27 13:46:20.763609+00:00,70B3D57ED0045541,Hygro#55:41,Hygro,Mains of Carmyllie (LPID NO/54289/43391),56.580815,-2.747666,5c4105a000090846218b10540006,22.05,14.4,9.0,21.18,85.87,4.18,6
2025-07-27 14:01:37.499016+00:00,70B3D57ED0045541,Hygro#55:41,Hygro,Mains of Carmyllie (LPID NO/54289/43391),56.580815,-2.747666,5c4005a000090846218610540007,22.05,14.4,9.0,21.18,85.82,4.18,7
2025-07-27 14:17:04.782702+00:00,70B3D57ED0045541,Hygro#55:41,Hygro,Mains of Carmyllie (LPID NO/54289/43391),56.580815,-2.747666,5c3e05a000090889216510580008,22.04,14.4,9.0,21.85,85.49,4.18,8
2025-07-27 14:32:21.502825+00:00,70B3D57ED0045541,Hygro#55:41,Hygro,Mains of Carmyllie (LPID NO/54289/43391),56.580815,-2.747666,5c3905a00009087f2116105a0009,22.02,14.4,9.0,21.75,84.7,4.19,9
2025-07-27 14:47:48.779315+00:00,70B3D57ED0045541,Hygro#55:41,Hygro,Mains of Carmyllie (LPID NO/54289/43391),56.580815,-2.747666,5c3a05a00009083e21141056000a,22.02,14.4,9.0,21.1,84.68,4.18,10
2025-07-27 15:03:05.563242+00:00,70B3D57ED0045541,Hygro#55:41,Hygro,Mains of Carmyllie (LPID NO/54289/43391),56.580815,-2.747666,5c3e05a000090814211f1056000b,22.04,14.4,9.0,20.68,84.79,4.18,11
2025-07-27 15:19:33.703701+00:00,70B3D57ED0045541,Hygro#55:41,Hygro,Mains of Carmyllie (LPID NO/54289/43391),56.580815,-2.747666,5b1c05a00009082d21241033000c,20.91,14.4,9.0,20.93,84.84,4.15,12
2025-07-27 15:43:12.878262+00:00,70B3D57ED0045541,Hygro#55:41,Hygro,Mains of Carmyllie (LPID NO/54289/43391),56.580815,-2.747666,5b5a05a0000918de20a510370000,21.15,14.4,9.0,63.66,83.57,4.15,0
2025-07-27 15:58:36.558386+00:00,70B3D57ED0045541,Hygro#55:41,Hygro,Mains of Carmyllie (LPID NO/54289/43391),56.580815,-2.747666,5c3d05a0000908d4209310580001,22.03,14.4,9.0,22.6,83.39,4.18,1
2025-07-27 16:13:53.286144+00:00,70B3D57ED0045541,Hygro#55:41,Hygro,Mains of Carmyllie (LPID NO/54289/43391),56.580815,-2.747666,5c3d05a000090853202510580002,22.03,14.4,9.0,21.31,82.29,4.18,2
2025-07-27 16:29:31.126234+00:00,70B3D57ED0045541,Hygro#55:41,Hygro,Mains of Carmyllie (LPID NO/54289/43391),56.580815,-2.747666,527305a00009081f202c10350003,12.31,14.4,9.0,20.79,82.36,4.15,3
2025-07-27 16:49:34.660556+00:00,70B3D57ED0045541,Hygro#55:41,Hygro,Mains of Carmyllie (LPID NO/54289/43391),56.580815,-2.747666,5ae405a00009082d2099102c0000,20.7,14.4,9.0,20.93,83.45,4.14,0
2025-07-28 07:38:32.099479+00:00,70B3D57ED0045541,Hygro#55:41,Hygro,Mains of Carmyllie (LPID NO/54289/43391),56.580815,-2.747666,5c3105960009074623c210390001,21.99,14.3,9.0,18.62,91.54,4.15,1
2025-07-28 08:27:24.183838+00:00,70B3D57ED0045541,Hygro#55:41,Hygro,Mains of Carmyllie (LPID NO/54289/43391),56.580815,-2.747666,5c3105960009065d221b10560000,21.99,14.3,9.0,16.29,87.31,4.18,0
2025-07-28 08:42:40.896772+00:00,70B3D57ED0045541,Hygro#55:41,Hygro,Mains of Carmyllie (LPID NO/54289/43391),56.580815,-2.747666,5c3805960008083c236610540001,22.02,14.3,8.0,21.08,90.62,4.18,1
2025-07-28 08:57:57.611787+00:00,70B3D57ED0045541,Hygro#55:41,Hygro,Mains of Carmyllie (LPID NO/54289/43391),56.580815,-2.747666,5c320596000a089322a610510002,21.99,14.3,10.0,21.95,88.7,4.18,2
2025-07-28 09:13:21.367121+00:00,70B3D57ED0045541,Hygro#55:41,Hygro,Mains of Carmyllie (LPID NO/54289/43391),56.580815,-2.747666,5aab0596000907c921b310250003,20.48,14.3,9.0,19.93,86.27,4.13,3
2025-07-28 09:28:39.844098+00:00,70B3D57ED0045541,Hygro#55:41,Hygro,Mains of Carmyllie (LPID NO/54289/43391),56.580815,-2.747666,5c3705960009080e220310540004,22.01,14.3,9.0,20.62,87.07,4.18,4
2025-07-28 09:43:58.328723+00:00,70B3D57ED0045541,Hygro#55:41,Hygro,Mains of Carmyllie (LPID NO/54289/43391),56.580815,-2.747666,5c390596000905f5226e10560005,22.02,14.3,9.0,15.25,88.14,4.18,5
2025-07-28 09:59:15.040724+00:00,70B3D57ED0045541,Hygro#55:41,Hygro,Mains of Carmyllie (LPID NO/54289/43391),56.580815,-2.747666,5c36059600090a08225e10540006,22.01,14.3,9.0,25.68,87.98,4.18,6
2025-07-28 10:14:38.789827+00:00,70B3D57ED0045541,Hygro#55:41,Hygro,Mains of Carmyllie (LPID NO/54289/43391),56.580815,-2.747666,5c36059600090a8121fc10540007,22.01,14.3,9.0,26.89,87.0,4.18,7
2025-07-28 10:29:55.501993+00:00,70B3D57ED0045541,Hygro#55:41,Hygro,Mains of Carmyllie (LPID NO/54289/43391),56.580815,-2.747666,5c340596000a0ac421a910540008,22.0,14.3,10.0,27.56,86.17,4.18,8
2025-07-28 10:45:13.969237+00:00,70B3D57ED0045541,Hygro#55:41,Hygro,Mains of Carmyllie (LPID NO/54289/43391),56.580815,-2.747666,5c320596000909c120f510510009,21.99,14.3,9.0,24.97,84.37,4.18,9
2025-07-28 11:00:30.683474+00:00,70B3D57ED0045541,Hygro#55:41,Hygro,Mains of Carmyllie (LPID NO/54289/43391),56.580815,-2.747666,5c2d059400090a7021091056000a,21.97,14.28,9.0,26.72,84.57,4.18,10
2025-07-28 11:15:47.395272+00:00,70B3D57ED0045541,Hygro#55:41,Hygro,Mains of Carmyllie (LPID NO/54289/43391),56.580815,-2.747666,5c2c058c00090b9821401051000b,21.97,14.2,9.0,29.68,85.12,4.18,11
2025-07-28 11:31:04.103295+00:00,70B3D57ED0045541,Hygro#55:41,Hygro,Mains of Carmyllie (LPID NO/54289/43391),56.580815,-2.747666,5c2e058c0009094020261058000c,21.98,14.2,9.0,23.68,82.3,4.18,12
2025-07-28 11:46:27.851861+00:00,70B3D57ED0045541,Hygro#55:41,Hygro,Mains of Carmyllie (LPID NO/54289/43391),56.580815,-2.747666,5c33058c0009068620721058000d,22.0,14.2,9.0,16.7,83.06,4.18,13
2025-07-28 12:01:55.119352+00:00,70B3D57ED0045541,Hygro#55:41,Hygro,Mains of Carmyllie (LPID NO/54289/43391),56.580815,-2.747666,5c34058c0009031120291054000e,22.0,14.2,9.0,7.85,82.33,4.18,14
2025-07-28 12:17:24.143726+00:00,70B3D57ED0045541,Hygro#55:41,Hygro,Mains of Carmyllie (LPID NO/54289/43391),56.580815,-2.747666,5c30058c0009034b2047105a000f,21.98,14.2,9.0,8.43,82.63,4.19,15
2025-07-28 12:32:46.145841+00:00,70B3D57ED0045541,Hygro#55:41,Hygro,Mains of Carmyllie (LPID NO/54289/43391),56.580815,-2.747666,5c2a058c00090697204a10560010,21.96,14.2,9.0,16.87,82.66,4.18,16
2025-07-28 12:48:02.854930+00:00,70B3D57ED0045541,Hygro#55:41,Hygro,Mains of Carmyllie (LPID NO/54289/43391),56.580815,-2.747666,5c2c058c00090a02203710580011,21.97,14.2,9.0,25.62,82.47,4.18,17
2025-07-28 13:04:15.169338+00:00,70B3D57ED0045541,Hygro#55:41,Hygro,Mains of Carmyllie (LPID NO/54289/43391),56.580815,-2.747666,5c29058c000909602011105a0012,21.96,14.2,9.0,24.0,82.09,4.19,18
2025-07-28 13:19:33.652147+00:00,70B3D57ED0045541,Hygro#55:41,Hygro,Mains of Carmyllie (LPID NO/54289/43391),56.580815,-2.747666,5c30058c000909532017105a0013,21.98,14.2,9.0,23.87,82.15,4.19,19
2025-07-28 13:34:52.120604+00:00,70B3D57ED0045541,Hygro#55:41,Hygro,Mains of Carmyllie (LPID NO/54289/43391),56.580815,-2.747666,5c34059600090a4d1ff810580014,22.0,14.3,9.0,26.37,81.84,4.18,20
2025-07-28 13:50:12.354950+00:00,70B3D57ED0045541,Hygro#55:41,Hygro,Mains of Carmyllie (LPID NO/54289/43391),56.580815,-2.747666,5c2e05960009075f1f8b10580015,21.98,14.3,9.0,18.87,80.75,4.18,21
2025-07-28 14:05:29.059353+00:00,70B3D57ED0045541,Hygro#55:41,Hygro,Mains of Carmyllie (LPID NO/54289/43391),56.580815,-2.747666,5c2e059600090c111e8110560016,21.98,14.3,9.0,30.89,78.09,4.18,22
2025-07-28 14:20:47.527783+00:00,70B3D57ED0045541,Hygro#55:41,Hygro,Mains of Carmyllie (LPID NO/54289/43391),56.580815,-2.747666,5c2b059600090b731e0410540017,21.97,14.3,9.0,29.31,76.84,4.18,23
2025-07-28 14:36:05.997824+00:00,70B3D57ED0045541,Hygro#55:41,Hygro,Mains of Carmyllie (LPID NO/54289/43391),56.580815,-2.747666,5c260596000909e71e5610580018,21.95,14.3,9.0,25.35,77.66,4.18,24
2025-07-28 14:51:22.706590+00:00,70B3D57ED0045541,Hygro#55:41,Hygro,Mains of Carmyllie (LPID NO/54289/43391),56.580815,-2.747666,5c2f059600090ad91e5210580019,21.98,14.3,9.0,27.77,77.62,4.18,25
2025-07-28 15:06:39.420507+00:00,70B3D57ED0045541,Hygro#55:41,Hygro,Mains of Carmyllie (LPID NO/54289/43391),56.580815,-2.747666,5c2b059600090b021ddf1054001a,21.97,14.3,9.0,28.18,76.47,4.18,26
2025-07-28 15:21:57.888205+00:00,70B3D57ED0045541,Hygro#55:41,Hygro,Mains of Carmyllie (LPID NO/54289/43391),56.580815,-2.747666,5c240596000906c51e291054001b,21.94,14.3,9.0,17.33,77.21,4.18,27
2025-07-28 15:48:17.838512+00:00,70B3D57ED0045541,Hygro#55:41,Hygro,Mains of Carmyllie (LPID NO/54289/43391),56.580815,-2.747666,5b0b0596000900001eef10300000,20.85,14.3,9.0,0.0,79.19,4.14,0
2025-07-28 16:03:34.554135+00:00,70B3D57ED0045541,Hygro#55:41,Hygro,Mains of Carmyllie (LPID NO/54289/43391),56.580815,-2.747666,5aaf0596000908981f4d10300001,20.49,14.3,9.0,22.0,80.13,4.14,1
2025-07-28 16:47:11.383785+00:00,70B3D57ED0045541,Hygro#55:41,Hygro,Mains of Carmyllie (LPID NO/54289/43391),56.580815,-2.747666,5c19059e000907ef1f5f0f430000,21.9,14.38,9.0,20.31,80.31,3.91,0
2025-07-29 09:36:56.925839+00:00,70B3D57ED0045541,Hygro#55:41,Hygro,Mains of Carmyllie (LPID NO/54289/43391),56.580815,-2.747666,5c22058c0009055c205b10560002,21.93,14.2,9.0,13.72,82.83,4.18,2
2025-07-29 09:52:13.648689+00:00,70B3D57ED0045541,Hygro#55:41,Hygro,Mains of Carmyllie (LPID NO/54289/43391),56.580815,-2.747666,5b36058c0009080a2021102e0003,21.01,14.2,9.0,20.58,82.25,4.14,3
2025-07-29 10:08:05.530518+00:00,70B3D57ED0045541,Hygro#55:41,Hygro,Mains of Carmyllie (LPID NO/54289/43391),56.580815,-2.747666,5c1d058c0009095720c310580004,21.91,14.2,9.0,23.91,83.87,4.18,4
2025-07-29 10:23:27.522163+00:00,70B3D57ED0045541,Hygro#55:41,Hygro,Mains of Carmyllie (LPID NO/54289/43391),56.580815,-2.747666,5b57058c000903071ff4102a0005,21.14,14.2,9.0,7.75,81.8,4.14,5
2025-07-29 10:48:53.773099+00:00,70B3D57ED0045541,Hygro#55:41,Hygro,Mains of Carmyllie (LPID NO/54289/43391),56.580815,-2.747666,5a03058c000910441fb810280000,19.82,14.2,9.0,41.64,81.2,4.14,0
2025-07-29 11:04:19.285730+00:00,70B3D57ED0045541,Hygro#55:41,Hygro,Mains of Carmyllie (LPID NO/54289/43391),56.580815,-2.747666,5c1b058c00090866200810580001,21.9,14.2,9.0,21.5,82.0,4.18,1
2025-07-29 11:20:00.630728+00:00,70B3D57ED0045541,Hygro#55:41,Hygro,Mains of Carmyllie (LPID NO/54289/43391),56.580815,-2.747666,5c1e058c000905c52001105a0002,21.91,14.2,9.0,14.77,81.93,4.19,2
2025-07-29 11:35:19.123653+00:00,70B3D57ED0045541,Hygro#55:41,Hygro,Mains of Carmyllie (LPID NO/54289/43391),56.580815,-2.747666,5c23058c000908a61fe710540003,21.93,14.2,9.0,22.14,81.67,4.18,3
2025-07-29 11:51:31.494366+00:00,70B3D57ED0045541,Hygro#55:41,Hygro,Mains of Carmyllie (LPID NO/54289/43391),56.580815,-2.747666,5c0f058c000a08a41fce10560004,21.86,14.2,10.0,22.12,81.42,4.18,4
2025-07-29 12:19:43.690578+00:00,70B3D57ED0045541,Hygro#55:41,Hygro,Mains of Carmyllie (LPID NO/54289/43391),56.580815,-2.747666,5b37058c000921341f7610390000,21.02,14.2,9.0,85.0,80.54,4.15,0
2025-07-29 12:35:05.691556+00:00,70B3D57ED0045541,Hygro#55:41,Hygro,Mains of Carmyllie (LPID NO/54289/43391),56.580815,-2.747666,5c18058c0009088b1fa610540001,21.89,14.2,9.0,21.87,81.02,4.18,1
2025-07-29 12:50:27.672218+00:00,70B3D57ED0045541,Hygro#55:41,Hygro,Mains of Carmyllie (LPID NO/54289/43391),56.580815,-2.747666,5c1a058c000909531f4b10580002,21.9,14.2,9.0,23.87,80.11,4.18,2
2025-07-29 13:05:49.664302+00:00,70B3D57ED0045541,Hygro#55:41,Hygro,Mains of Carmyllie (LPID NO/54289/43391),56.580815,-2.747666,5c16058c000909e11e4110540003,21.88,14.2,9.0,25.29,77.45,4.18,3
2025-07-29 13:21:06.367591+00:00,70B3D57ED0045541,Hygro#55:41,Hygro,Mains of Carmyllie (LPID NO/54289/43391),56.580815,-2.747666,5c17058c00090af01dc810510004,21.89,14.2,9.0,28.0,76.24,4.18,4
2025-07-29 13:36:38.892524+00:00,70B3D57ED0045541,Hygro#55:41,Hygro,Mains of Carmyllie (LPID NO/54289/43391),56.580815,-2.747666,5c18058c00090b1b1d8110540005,21.89,14.2,9.0,28.43,75.53,4.18,5
2025-07-29 14:08:32.529957+00:00,70B3D57ED0045541,Hygro#55:41,Hygro,Mains of Carmyllie (LPID NO/54289/43391),56.580815,-2.747666,5c19058c0009098b1e8b10560007,21.9,14.2,9.0,24.43,78.19,4.18,7
2025-07-29 14:23:49.248552+00:00,70B3D57ED0045541,Hygro#55:41,Hygro,Mains of Carmyllie (LPID NO/54289/43391),56.580815,-2.747666,5c17058c000909a41e0610540008,21.89,14.2,9.0,24.68,76.86,4.18,8
2025-07-29 14:39:05.951450+00:00,70B3D57ED0045541,Hygro#55:41,Hygro,Mains of Carmyllie (LPID NO/54289/43391),56.580815,-2.747666,5c1d058c00090ab71d3b10560009,21.91,14.2,9.0,27.43,74.83,4.18,9
2025-07-29 14:58:16.228072+00:00,70B3D57ED0045541,Hygro#55:41,Hygro,Mains of Carmyllie (LPID NO/54289/43391),56.580815,-2.747666,5b34058c000916221d8c10350000,21.01,14.2,9.0,56.66,75.64,4.15,0
2025-07-29 15:13:32.937269+00:00,70B3D57ED0045541,Hygro#55:41,Hygro,Mains of Carmyllie (LPID NO/54289/43391),56.580815,-2.747666,5c18058c000909d01d1410580001,21.89,14.2,9.0,25.12,74.44,4.18,1
2025-07-29 15:28:49.643123+00:00,70B3D57ED0045541,Hygro#55:41,Hygro,Mains of Carmyllie (LPID NO/54289/43391),56.580815,-2.747666,5c14058c00090a151c5110580002,21.88,14.2,9.0,25.81,72.49,4.18,2
2025-07-29 15:45:01.920512+00:00,70B3D57ED0045541,Hygro#55:41,Hygro,Mains of Carmyllie (LPID NO/54289/43391),56.580815,-2.747666,5c1e058c00090a021c5d10560003,21.91,14.2,9.0,25.62,72.61,4.18,3
2025-07-29 16:17:00.551396+00:00,70B3D57ED0045541,Hygro#55:41,Hygro,Mains of Carmyllie (LPID NO/54289/43391),56.580815,-2.747666,5bf4058c000908531dca105a0000,21.75,14.2,9.0,21.31,76.26,4.19,0
2025-07-30 08:16:00.681768+00:00,70B3D57ED0045541,Hygro#55:41,Hygro,Mains of Carmyllie (LPID NO/54289/43391),56.580815,-2.747666,5ae30582000907e4207d102a0001,20.69,14.1,9.0,20.2,83.17,4.14,1
2025-07-30 08:31:22.688468+00:00,70B3D57ED0045541,Hygro#55:41,Hygro,Mains of Carmyllie (LPID NO/54289/43391),56.580815,-2.747666,5b460582000908212076102e0002,21.08,14.1,9.0,20.81,83.1,4.14,2
2025-07-30 08:46:42.932710+00:00,70B3D57ED0045541,Hygro#55:41,Hygro,Mains of Carmyllie (LPID NO/54289/43391),56.580815,-2.747666,5b3c0582000905882066102c0003,21.04,14.1,9.0,14.16,82.94,4.14,3
2025-07-30 09:01:59.662372+00:00,70B3D57ED0045541,Hygro#55:41,Hygro,Mains of Carmyllie (LPID NO/54289/43391),56.580815,-2.747666,5c0b057800090876205310300004,21.84,14.0,9.0,21.66,82.75,4.14,4
2025-07-30 09:17:21.655210+00:00,70B3D57ED0045541,Hygro#55:41,Hygro,Mains of Carmyllie (LPID NO/54289/43391),56.580815,-2.747666,5c090578000908aa204210540005,21.83,14.0,9.0,22.18,82.58,4.18,5
2025-07-30 09:32:38.372435+00:00,70B3D57ED0045541,Hygro#55:41,Hygro,Mains of Carmyllie (LPID NO/54289/43391),56.580815,-2.747666,5c10057800090915202a10580006,21.86,14.0,9.0,23.25,82.34,4.18,6
2025-07-30 09:48:00.362440+00:00,70B3D57ED0045541,Hygro#55:41,Hygro,Mains of Carmyllie (LPID NO/54289/43391),56.580815,-2.747666,5c0d05780009091b1ffa10510007,21.85,14.0,9.0,23.31,81.86,4.18,7
2025-07-30 10:03:17.082510+00:00,70B3D57ED0045541,Hygro#55:41,Hygro,Mains of Carmyllie (LPID NO/54289/43391),56.580815,-2.747666,5c1105780009094d1fde10540008,21.86,14.0,9.0,23.81,81.58,4.18,8
2025-07-30 10:18:33.804391+00:00,70B3D57ED0045541,Hygro#55:41,Hygro,Mains of Carmyllie (LPID NO/54289/43391),56.580815,-2.747666,5c080578000809851fd210510009,21.83,14.0,8.0,24.37,81.46,4.18,9
2025-07-30 10:33:50.521003+00:00,70B3D57ED0045541,Hygro#55:41,Hygro,Mains of Carmyllie (LPID NO/54289/43391),56.580815,-2.747666,5c110578000809601fa11056000a,21.86,14.0,8.0,24.0,80.97,4.18,10
2025-07-30 10:49:12.506147+00:00,70B3D57ED0045541,Hygro#55:41,Hygro,Mains of Carmyllie (LPID NO/54289/43391),56.580815,-2.747666,5c0d057800080a0f1fa51056000b,21.85,14.0,8.0,25.75,81.01,4.18,11
2025-07-30 11:04:30.969816+00:00,70B3D57ED0045541,Hygro#55:41,Hygro,Mains of Carmyllie (LPID NO/54289/43391),56.580815,-2.747666,5c09057800090b7f1ff41056000c,21.83,14.0,9.0,29.43,81.8,4.18,12
2025-07-30 11:19:47.689455+00:00,70B3D57ED0045541,Hygro#55:41,Hygro,Mains of Carmyllie (LPID NO/54289/43391),56.580815,-2.747666,5c06057800090b2a1f7e1056000d,21.82,14.0,9.0,28.58,80.62,4.18,13
2025-07-30 11:35:06.148489+00:00,70B3D57ED0045541,Hygro#55:41,Hygro,Mains of Carmyllie (LPID NO/54289/43391),56.580815,-2.747666,5c11057800090b241f641056000e,21.86,14.0,9.0,28.52,80.36,4.18,14
2025-07-30 11:50:22.868122+00:00,70B3D57ED0045541,Hygro#55:41,Hygro,Mains of Carmyllie (LPID NO/54289/43391),56.580815,-2.747666,5c0e057800080b921f001051000f,21.85,14.0,8.0,29.62,79.36,4.18,15
2025-07-30 12:05:39.570627+00:00,70B3D57ED0045541,Hygro#55:41,Hygro,Mains of Carmyllie (LPID NO/54289/43391),56.580815,-2.747666,5c0e057800090ab51ec010560010,21.85,14.0,9.0,27.41,78.72,4.18,16
2025-07-30 12:20:56.294209+00:00,70B3D57ED0045541,Hygro#55:41,Hygro,Mains of Carmyllie (LPID NO/54289/43391),56.580815,-2.747666,5c0a057800090bce1e7a10580011,21.84,14.0,9.0,30.22,78.02,4.18,17
2025-07-30 12:36:12.984856+00:00,70B3D57ED0045541,Hygro#55:41,Hygro,Mains of Carmyllie (LPID NO/54289/43391),56.580815,-2.747666,5c0b057800090cab1dee10560012,21.84,14.0,9.0,32.43,76.62,4.18,18
2025-07-30 12:51:29.696102+00:00,70B3D57ED0045541,Hygro#55:41,Hygro,Mains of Carmyllie (LPID NO/54289/43391),56.580815,-2.747666,5c10057800090bd31d8b10560013,21.86,14.0,9.0,30.27,75.63,4.18,19
2025-07-30 13:07:41.986299+00:00,70B3D57ED0045541,Hygro#55:41,Hygro,Mains of Carmyllie (LPID NO/54289/43391),56.580815,-2.747666,5bf9057800090a791de710560014,21.77,14.0,9.0,26.81,76.55,4.18,20
2025-07-30 13:23:00.457033+00:00,70B3D57ED0045541,Hygro#55:41,Hygro,Mains of Carmyllie (LPID NO/54289/43391),56.580815,-2.747666,5c06057800090b751de6105a0015,21.82,14.0,9.0,29.33,76.54,4.19,21
2025-07-30 13:38:24.187909+00:00,70B3D57ED0045541,Hygro#55:41,Hygro,Mains of Carmyllie (LPID NO/54289/43391),56.580815,-2.747666,5bff057800080c031d6310560016,21.79,14.0,8.0,30.75,75.23,4.18,22
2025-07-30 13:53:42.652985+00:00,70B3D57ED0045541,Hygro#55:41,Hygro,Mains of Carmyllie (LPID NO/54289/43391),56.580815,-2.747666,5c0a057800090ac21e0710580017,21.84,14.0,9.0,27.54,76.87,4.18,23
2025-07-30 14:08:59.364093+00:00,70B3D57ED0045541,Hygro#55:41,Hygro,Mains of Carmyllie (LPID NO/54289/43391),56.580815,-2.747666,5c02057800090b7f1d7610540018,21.81,14.0,9.0,29.43,75.42,4.18,24
2025-07-30 14:24:16.075610+00:00,70B3D57ED0045541,Hygro#55:41,Hygro,Mains of Carmyllie (LPID NO/54289/43391),56.580815,-2.747666,5c0b057800090b451d4710580019,21.84,14.0,9.0,28.85,74.95,4.18,25
2025-07-30 14:39:32.782790+00:00,70B3D57ED0045541,Hygro#55:41,Hygro,Mains of Carmyllie (LPID NO/54289/43391),56.580815,-2.747666,5c03058200080a661d951058001a,21.81,14.1,8.0,26.62,75.73,4.18,26
2025-07-30 14:54:49.491400+00:00,70B3D57ED0045541,Hygro#55:41,Hygro,Mains of Carmyllie (LPID NO/54289/43391),56.580815,-2.747666,5b0e058200090ba51c97102e001b,20.86,14.1,9.0,29.81,73.19,4.14,27
2025-07-30 15:10:06.209365+00:00,70B3D57ED0045541,Hygro#55:41,Hygro,Mains of Carmyllie (LPID NO/54289/43391),56.580815,-2.747666,5c08058200090a731d55105a001c,21.83,14.1,9.0,26.75,75.09,4.19,28
2025-07-30 15:25:22.952235+00:00,70B3D57ED0045541,Hygro#55:41,Hygro,Mains of Carmyllie (LPID NO/54289/43391),56.580815,-2.747666,5bfd058200090b3b1c5a105a001d,21.79,14.1,9.0,28.75,72.58,4.19,29
2025-07-30 15:40:39.638397+00:00,70B3D57ED0045541,Hygro#55:41,Hygro,Mains of Carmyllie (LPID NO/54289/43391),56.580815,-2.747666,5c05058200090a921c5d1058001e,21.82,14.1,9.0,27.06,72.61,4.18,30
2025-07-30 16:20:09.663022+00:00,70B3D57ED0045541,Hygro#55:41,Hygro,Mains of Carmyllie (LPID NO/54289/43391),56.580815,-2.747666,5bf60582000809941d31105a0000,21.76,14.1,8.0,24.52,74.73,4.19,0
2025-07-31 10:37:40.864124+00:00,70B3D57ED0045541,Hygro#55:41,Hygro,Mains of Carmyllie (LPID NO/54289/43391),56.580815,-2.747666,5bec05aa000909791f4210510001,21.72,14.5,9.0,24.25,80.02,4.18,1
2025-08-02 07:37:27.834509+00:00,70B3D57ED0045541,Hygro#55:41,Hygro,Mains of Carmyllie (LPID NO/54289/43391),56.580815,-2.747666,5a7f05780009000022c4101f0000,20.3,14.0,9.0,0.0,89.0,4.13,0
2025-08-02 07:52:44.570856+00:00,70B3D57ED0045541,Hygro#55:41,Hygro,Mains of Carmyllie (LPID NO/54289/43391),56.580815,-2.747666,5aa80578000906ea22e810140001,20.46,14.0,9.0,17.7,89.36,4.12,1
2025-08-02 08:08:01.287235+00:00,70B3D57ED0045541,Hygro#55:41,Hygro,Mains of Carmyllie (LPID NO/54289/43391),56.580815,-2.747666,5bd605780009076522fd102c0002,21.64,14.0,9.0,18.93,89.57,4.14,2
2025-08-02 08:23:18.008657+00:00,70B3D57ED0045541,Hygro#55:41,Hygro,Mains of Carmyllie (LPID NO/54289/43391),56.580815,-2.747666,5bd8057800090785227810210003,21.64,14.0,9.0,19.25,88.24,4.13,3
2025-08-02 08:45:13.251930+00:00,70B3D57ED0045541,Hygro#55:41,Hygro,Mains of Carmyllie (LPID NO/54289/43391),56.580815,-2.747666,5aed057800090778211410180000,20.73,14.0,9.0,19.12,84.68,4.12,0
2025-08-02 09:00:29.978401+00:00,70B3D57ED0045541,Hygro#55:41,Hygro,Mains of Carmyllie (LPID NO/54289/43391),56.580815,-2.747666,5bd20578000907e221a6104f0001,21.62,14.0,9.0,20.18,86.14,4.17,1
2025-08-02 09:16:00.766685+00:00,70B3D57ED0045541,Hygro#55:41,Hygro,Mains of Carmyllie (LPID NO/54289/43391),56.580815,-2.747666,5b2d0578000907a0210110230002,20.98,14.0,9.0,19.52,84.49,4.13,2
2025-08-02 09:31:17.488595+00:00,70B3D57ED0045541,Hygro#55:41,Hygro,Mains of Carmyllie (LPID NO/54289/43391),56.580815,-2.747666,5bd805780009088f2136104f0003,21.64,14.0,9.0,21.91,85.02,4.17,3
2025-08-02 09:46:34.200603+00:00,70B3D57ED0045541,Hygro#55:41,Hygro,Mains of Carmyllie (LPID NO/54289/43391),56.580815,-2.747666,5bd00578000907ef20a3104f0004,21.61,14.0,9.0,20.31,83.55,4.17,4
2025-08-02 10:01:50.928407+00:00,70B3D57ED0045541,Hygro#55:41,Hygro,Mains of Carmyllie (LPID NO/54289/43391),56.580815,-2.747666,5bce05780008091520ff104f0005,21.6,14.0,8.0,23.25,84.47,4.17,5
2025-08-02 10:17:14.683567+00:00,70B3D57ED0045541,Hygro#55:41,Hygro,Mains of Carmyllie (LPID NO/54289/43391),56.580815,-2.747666,5bd205780008089520a310510006,21.62,14.0,8.0,21.97,83.55,4.18,6
2025-08-02 10:47:48.122742+00:00,70B3D57ED0045541,Hygro#55:41,Hygro,Mains of Carmyllie (LPID NO/54289/43391),56.580815,-2.747666,5bce05780009092120b410560008,21.6,14.0,9.0,23.37,83.72,4.18,8
2025-08-02 11:03:04.848365+00:00,70B3D57ED0045541,Hygro#55:41,Hygro,Mains of Carmyllie (LPID NO/54289/43391),56.580815,-2.747666,5bd20578000808a8205610510009,21.62,14.0,8.0,22.16,82.78,4.18,9
2025-08-02 11:18:21.566315+00:00,70B3D57ED0045541,Hygro#55:41,Hygro,Mains of Carmyllie (LPID NO/54289/43391),56.580815,-2.747666,5bce0578000909ef207a1051000a,21.6,14.0,9.0,25.43,83.14,4.18,10
2025-08-02 11:33:38.277090+00:00,70B3D57ED0045541,Hygro#55:41,Hygro,Mains of Carmyllie (LPID NO/54289/43391),56.580815,-2.747666,5bd3056f00090a7f1ffc1054000b,21.62,13.91,9.0,26.87,81.88,4.18,11
2025-08-02 11:49:00.266451+00:00,70B3D57ED0045541,Hygro#55:41,Hygro,Mains of Carmyllie (LPID NO/54289/43391),56.580815,-2.747666,5bcd056e00090a281f5a1056000c,21.6,13.9,9.0,26.0,80.26,4.18,12
2025-08-02 12:04:38.067797+00:00,70B3D57ED0045541,Hygro#55:41,Hygro,Mains of Carmyllie (LPID NO/54289/43391),56.580815,-2.747666,5bcd056e000809ab1ede1054000d,21.6,13.9,8.0,24.75,79.02,4.18,13
2025-08-02 12:19:54.777911+00:00,70B3D57ED0045541,Hygro#55:41,Hygro,Mains of Carmyllie (LPID NO/54289/43391),56.580815,-2.747666,5bc5056e00090a4d1e841054000e,21.57,13.9,9.0,26.37,78.12,4.18,14
2025-08-02 12:35:11.488559+00:00,70B3D57ED0045541,Hygro#55:41,Hygro,Mains of Carmyllie (LPID NO/54289/43391),56.580815,-2.747666,5bc8056e00080a131e0a1054000f,21.58,13.9,8.0,25.79,76.9,4.18,15
2025-08-02 12:50:28.195912+00:00,70B3D57ED0045541,Hygro#55:41,Hygro,Mains of Carmyllie (LPID NO/54289/43391),56.580815,-2.747666,5bc9056e00080a551d9210540010,21.58,13.9,8.0,26.45,75.7,4.18,16
2025-08-02 13:05:44.908568+00:00,70B3D57ED0045541,Hygro#55:41,Hygro,Mains of Carmyllie (LPID NO/54289/43391),56.580815,-2.747666,5bc7056e00080a901d8210560011,21.58,13.9,8.0,27.04,75.54,4.18,17
2025-08-02 13:21:01.617532+00:00,70B3D57ED0045541,Hygro#55:41,Hygro,Mains of Carmyllie (LPID NO/54289/43391),56.580815,-2.747666,5bc7056e00080ab11dba10510012,21.58,13.9,8.0,27.37,76.1,4.18,18
2025-08-02 13:36:18.321883+00:00,70B3D57ED0045541,Hygro#55:41,Hygro,Mains of Carmyllie (LPID NO/54289/43391),56.580815,-2.747666,5bc4056e00090ab71d0d10540013,21.57,13.9,9.0,27.43,74.37,4.18,19
2025-08-02 13:52:35.852725+00:00,70B3D57ED0045541,Hygro#55:41,Hygro,Mains of Carmyllie (LPID NO/54289/43391),56.580815,-2.747666,5bc0057800090aa71cab10540014,21.55,14.0,9.0,27.27,73.39,4.18,20
2025-08-02 14:10:39.241594+00:00,70B3D57ED0045541,Hygro#55:41,Hygro,Mains of Carmyllie (LPID NO/54289/43391),56.580815,-2.747666,5bbf057800090a9e1c2e10540015,21.55,14.0,9.0,27.18,72.14,4.18,21
2025-08-02 14:26:56.744659+00:00,70B3D57ED0045541,Hygro#55:41,Hygro,Mains of Carmyllie (LPID NO/54289/43391),56.580815,-2.747666,5bb6057800080a9c1c7f10540016,21.51,14.0,8.0,27.16,72.95,4.18,22
2025-08-02 14:43:09.021110+00:00,70B3D57ED0045541,Hygro#55:41,Hygro,Mains of Carmyllie (LPID NO/54289/43391),56.580815,-2.747666,5bc0057800090a791bfb10540017,21.55,14.0,9.0,26.81,71.63,4.18,23
2025-08-02 14:59:21.286602+00:00,70B3D57ED0045541,Hygro#55:41,Hygro,Mains of Carmyllie (LPID NO/54289/43391),56.580815,-2.747666,5bbd057800080a471b9010540018,21.54,14.0,8.0,26.31,70.56,4.18,24
2025-08-02 15:15:33.551172+00:00,70B3D57ED0045541,Hygro#55:41,Hygro,Mains of Carmyllie (LPID NO/54289/43391),56.580815,-2.747666,5bc30578000809e71b4710580019,21.56,14.0,8.0,25.35,69.83,4.18,25
2025-08-02 15:30:52.012399+00:00,70B3D57ED0045541,Hygro#55:41,Hygro,Mains of Carmyllie (LPID NO/54289/43391),56.580815,-2.747666,5bc70578000909a21b351056001a,21.58,14.0,9.0,24.66,69.65,4.18,26
2025-08-02 15:46:08.728526+00:00,70B3D57ED0045541,Hygro#55:41,Hygro,Mains of Carmyllie (LPID NO/54289/43391),56.580815,-2.747666,5bbf0578000909601b4a1058001b,21.55,14.0,9.0,24.0,69.86,4.18,27
2025-08-02 16:01:37.738682+00:00,70B3D57ED0045541,Hygro#55:41,Hygro,Mains of Carmyllie (LPID NO/54289/43391),56.580815,-2.747666,5bc40578000909441bb61056001c,21.57,14.0,9.0,23.72,70.94,4.18,28
2025-08-02 16:17:22.570745+00:00,70B3D57ED0045541,Hygro#55:41,Hygro,Mains of Carmyllie (LPID NO/54289/43391),56.580815,-2.747666,5bc20578000909661cee1056001d,21.56,14.0,9.0,24.06,74.06,4.18,29
2025-08-02 16:34:58.576658+00:00,70B3D57ED0045541,Hygro#55:41,Hygro,Mains of Carmyllie (LPID NO/54289/43391),56.580815,-2.747666,5af00578000921341d6d10460000,20.74,14.0,9.0,85.0,75.33,4.17,0
2025-08-02 16:50:15.288374+00:00,70B3D57ED0045541,Hygro#55:41,Hygro,Mains of Carmyllie (LPID NO/54289/43391),56.580815,-2.747666,5bc205780009096c1e10105a0001,21.56,14.0,9.0,24.12,76.96,4.19,1
2025-08-03 08:46:01.472801+00:00,70B3D57ED0045541,Hygro#55:41,Hygro,Mains of Carmyllie (LPID NO/54289/43391),56.580815,-2.747666,5bb8058c0008043722c610560000,21.52,14.2,8.0,10.79,89.02,4.18,0
2025-08-03 09:01:18.210500+00:00,70B3D57ED0045541,Hygro#55:41,Hygro,Mains of Carmyllie (LPID NO/54289/43391),56.580815,-2.747666,5bac058c00080697239810560001,21.47,14.2,8.0,16.87,91.12,4.18,1
2025-08-03 09:16:34.951437+00:00,70B3D57ED0045541,Hygro#55:41,Hygro,Mains of Carmyllie (LPID NO/54289/43391),56.580815,-2.747666,5baf058c0008072724f110540002,21.48,14.2,8.0,18.31,94.57,4.18,2
2025-08-03 09:31:51.679605+00:00,70B3D57ED0045541,Hygro#55:41,Hygro,Mains of Carmyllie (LPID NO/54289/43391),56.580815,-2.747666,5bb0058c0009074024fe10560003,21.49,14.2,9.0,18.56,94.7,4.18,3
2025-08-03 09:47:08.393221+00:00,70B3D57ED0045541,Hygro#55:41,Hygro,Mains of Carmyllie (LPID NO/54289/43391),56.580815,-2.747666,5bb6058c000807c124f810510004,21.51,14.2,8.0,19.85,94.64,4.18,4
2025-08-03 10:02:25.114651+00:00,70B3D57ED0045541,Hygro#55:41,Hygro,Mains of Carmyllie (LPID NO/54289/43391),56.580815,-2.747666,5bb6058c0009082d248a10560005,21.51,14.2,9.0,20.93,93.54,4.18,5
2025-08-03 10:17:41.838433+00:00,70B3D57ED0045541,Hygro#55:41,Hygro,Mains of Carmyllie (LPID NO/54289/43391),56.580815,-2.747666,5bb0058c000908aa242310580006,21.49,14.2,9.0,22.18,92.51,4.18,6
2025-08-03 10:32:58.551733+00:00,70B3D57ED0045541,Hygro#55:41,Hygro,Mains of Carmyllie (LPID NO/54289/43391),56.580815,-2.747666,5bb7058c000908ef242d10560007,21.52,14.2,9.0,22.87,92.61,4.18,7
2025-08-03 10:48:15.270849+00:00,70B3D57ED0045541,Hygro#55:41,Hygro,Mains of Carmyllie (LPID NO/54289/43391),56.580815,-2.747666,5bb8058c00090aa5239a10560008,21.52,14.2,9.0,27.25,91.14,4.18,8
2025-08-03 11:23:06.445567+00:00,70B3D57ED0045541,Hygro#55:41,Hygro,Mains of Carmyllie (LPID NO/54289/43391),56.580815,-2.747666,5bb0058c00080979231010560001,21.49,14.2,8.0,24.25,89.76,4.18,1
2025-08-03 11:38:23.156873+00:00,70B3D57ED0045541,Hygro#55:41,Hygro,Mains of Carmyllie (LPID NO/54289/43391),56.580815,-2.747666,5bb0058c00080a28228210580002,21.49,14.2,8.0,26.0,88.34,4.18,2
2025-08-03 11:53:39.867714+00:00,70B3D57ED0045541,Hygro#55:41,Hygro,Mains of Carmyllie (LPID NO/54289/43391),56.580815,-2.747666,5bb0058c000909d622b910580003,21.49,14.2,9.0,25.18,88.89,4.18,3
2025-08-03 12:08:56.577571+00:00,70B3D57ED0045541,Hygro#55:41,Hygro,Mains of Carmyllie (LPID NO/54289/43391),56.580815,-2.747666,5bb1058c0009096021ca10540004,21.49,14.2,9.0,24.0,86.5,4.18,4
2025-08-03 12:24:13.286480+00:00,70B3D57ED0045541,Hygro#55:41,Hygro,Mains of Carmyllie (LPID NO/54289/43391),56.580815,-2.747666,5bb0058c000809592105105a0005,21.49,14.2,8.0,23.93,84.53,4.19,5
2025-08-03 12:39:37.029774+00:00,70B3D57ED0045541,Hygro#55:41,Hygro,Mains of Carmyllie (LPID NO/54289/43391),56.580815,-2.747666,5bb3058c0009063720da10560006,21.5,14.2,9.0,15.91,84.1,4.18,6
2025-08-03 12:55:51.069494+00:00,70B3D57ED0045541,Hygro#55:41,Hygro,Mains of Carmyllie (LPID NO/54289/43391),56.580815,-2.747666,5b99058c0009065920f810560007,21.4,14.2,9.0,16.25,84.4,4.18,7
2025-08-03 13:11:18.330158+00:00,70B3D57ED0045541,Hygro#55:41,Hygro,Mains of Carmyllie (LPID NO/54289/43391),56.580815,-2.747666,5bb6058c0009063120d410580008,21.51,14.2,9.0,15.85,84.04,4.18,8
2025-08-03 13:26:36.797767+00:00,70B3D57ED0045541,Hygro#55:41,Hygro,Mains of Carmyllie (LPID NO/54289/43391),56.580815,-2.747666,5baa059600090a2820b410540009,21.46,14.3,9.0,26.0,83.72,4.18,9
2025-08-03 13:41:53.513982+00:00,70B3D57ED0045541,Hygro#55:41,Hygro,Mains of Carmyllie (LPID NO/54289/43391),56.580815,-2.747666,5bb0059600090a85204d1054000a,21.49,14.3,9.0,26.93,82.69,4.18,10
2025-08-03 13:57:10.215849+00:00,70B3D57ED0045541,Hygro#55:41,Hygro,Mains of Carmyllie (LPID NO/54289/43391),56.580815,-2.747666,5bb6059600080ab120351054000b,21.51,14.3,8.0,27.37,82.45,4.18,11
2025-08-03 14:12:32.194321+00:00,70B3D57ED0045541,Hygro#55:41,Hygro,Mains of Carmyllie (LPID NO/54289/43391),56.580815,-2.747666,5baf059600080a5a20641056000c,21.48,14.3,8.0,26.5,82.92,4.18,12
2025-08-03 14:27:48.895926+00:00,70B3D57ED0045541,Hygro#55:41,Hygro,Mains of Carmyllie (LPID NO/54289/43391),56.580815,-2.747666,5bb0059600090ac41fe51054000d,21.49,14.3,9.0,27.56,81.65,4.18,13
2025-08-03 14:43:07.380307+00:00,70B3D57ED0045541,Hygro#55:41,Hygro,Mains of Carmyllie (LPID NO/54289/43391),56.580815,-2.747666,5bab059600090ace1fe61054000e,21.47,14.3,9.0,27.66,81.66,4.18,14
2025-08-03 14:58:24.077554+00:00,70B3D57ED0045541,Hygro#55:41,Hygro,Mains of Carmyllie (LPID NO/54289/43391),56.580815,-2.747666,5bb0059600090a341faf1056000f,21.49,14.3,9.0,26.12,81.11,4.18,15
2025-08-03 15:18:36.283241+00:00,70B3D57ED0045541,Hygro#55:41,Hygro,Mains of Carmyllie (LPID NO/54289/43391),56.580815,-2.747666,5bb0059600091119201c10560000,21.49,14.3,9.0,43.77,82.2,4.18,0
2025-08-03 15:33:52.994001+00:00,70B3D57ED0045541,Hygro#55:41,Hygro,Mains of Carmyllie (LPID NO/54289/43391),56.580815,-2.747666,5baf059600080a15202510580001,21.48,14.3,8.0,25.81,82.29,4.18,1
2025-08-03 15:49:09.716564+00:00,70B3D57ED0045541,Hygro#55:41,Hygro,Mains of Carmyllie (LPID NO/54289/43391),56.580815,-2.747666,5ba9059b00080a151f8710560002,21.46,14.35,8.0,25.81,80.71,4.18,2
2025-08-03 16:04:26.416209+00:00,70B3D57ED0045541,Hygro#55:41,Hygro,Mains of Carmyllie (LPID NO/54289/43391),56.580815,-2.747666,5bac05a000090a3a1f38105c0003,21.47,14.4,9.0,26.18,79.92,4.19,3
2025-08-03 16:19:43.125966+00:00,70B3D57ED0045541,Hygro#55:41,Hygro,Mains of Carmyllie (LPID NO/54289/43391),56.580815,-2.747666,5ba205a000080a771f4810560004,21.43,14.4,8.0,26.79,80.08,4.18,4
2025-08-03 16:34:59.853782+00:00,70B3D57ED0045541,Hygro#55:41,Hygro,Mains of Carmyllie (LPID NO/54289/43391),56.580815,-2.747666,5a9c05a00009097f1fd8102e0005,20.42,14.4,9.0,24.31,81.52,4.14,5
2025-08-03 17:12:28.451084+00:00,70B3D57ED0045541,Hygro#55:41,Hygro,Mains of Carmyllie (LPID NO/54289/43391),56.580815,-2.747666,5ab005a000090917208e103b0000,20.49,14.4,9.0,23.27,83.34,4.16,0
2025-08-05 07:58:29.727245+00:00,70B3D57ED0045541,Hygro#55:41,Hygro,Mains of Carmyllie (LPID NO/54289/43391),56.580815,-2.747666,5c34057800090558256010330001,22.0,14.0,9.0,13.68,95.68,4.15,1
2025-08-05 08:13:53.515747+00:00,70B3D57ED0045541,Hygro#55:41,Hygro,Mains of Carmyllie (LPID NO/54289/43391),56.580815,-2.747666,5c3d056e0009059324f010510002,22.03,13.9,9.0,14.27,94.56,4.18,2
2025-08-05 08:29:17.292753+00:00,70B3D57ED0045541,Hygro#55:41,Hygro,Mains of Carmyllie (LPID NO/54289/43391),56.580815,-2.747666,5c3a056e000905dc24bd10540003,22.02,13.9,9.0,15.0,94.05,4.18,3
2025-08-05 08:44:34.027987+00:00,70B3D57ED0045541,Hygro#55:41,Hygro,Mains of Carmyllie (LPID NO/54289/43391),56.580815,-2.747666,5c41056e0009065924bf10540004,22.05,13.9,9.0,16.25,94.07,4.18,4
2025-08-05 08:59:50.762698+00:00,70B3D57ED0045541,Hygro#55:41,Hygro,Mains of Carmyllie (LPID NO/54289/43391),56.580815,-2.747666,5c43056e00090684244b10510005,22.06,13.9,9.0,16.68,92.91,4.18,5
2025-08-05 09:15:07.503026+00:00,70B3D57ED0045541,Hygro#55:41,Hygro,Mains of Carmyllie (LPID NO/54289/43391),56.580815,-2.747666,5c3b056e0009069d23f610560006,22.03,13.9,9.0,16.93,92.06,4.18,6
2025-08-05 09:35:59.953298+00:00,70B3D57ED0045541,Hygro#55:41,Hygro,Mains of Carmyllie (LPID NO/54289/43391),56.580815,-2.747666,5c3f056e00090665231810560000,22.04,13.9,9.0,16.37,89.84,4.18,0
2025-08-05 10:16:10.271605+00:00,70B3D57ED0045541,Hygro#55:41,Hygro,Mains of Carmyllie (LPID NO/54289/43391),56.580815,-2.747666,5c3c056e0009077623d410560001,22.03,13.9,9.0,19.1,91.72,4.18,1
2025-08-05 10:31:26.993234+00:00,70B3D57ED0045541,Hygro#55:41,Hygro,Mains of Carmyllie (LPID NO/54289/43391),56.580815,-2.747666,5af0056e00090672229f10280002,20.74,13.9,9.0,16.5,88.63,4.14,2
2025-08-05 10:46:45.498322+00:00,70B3D57ED0045541,Hygro#55:41,Hygro,Mains of Carmyllie (LPID NO/54289/43391),56.580815,-2.747666,5c3d0564000904a3232210560003,22.03,13.8,9.0,11.87,89.94,4.18,3
2025-08-05 11:02:02.221304+00:00,70B3D57ED0045541,Hygro#55:41,Hygro,Mains of Carmyllie (LPID NO/54289/43391),56.580815,-2.747666,5c3f0564000907a0236910560004,22.04,13.8,9.0,19.52,90.65,4.18,4
2025-08-05 11:17:18.941417+00:00,70B3D57ED0045541,Hygro#55:41,Hygro,Mains of Carmyllie (LPID NO/54289/43391),56.580815,-2.747666,5c41056400090785232410560005,22.05,13.8,9.0,19.25,89.96,4.18,5
2025-08-05 11:32:35.684259+00:00,70B3D57ED0045541,Hygro#55:41,Hygro,Mains of Carmyllie (LPID NO/54289/43391),56.580815,-2.747666,5c4305640009075922ba10560006,22.06,13.8,9.0,18.81,88.9,4.18,6
2025-08-05 11:47:52.411773+00:00,70B3D57ED0045541,Hygro#55:41,Hygro,Mains of Carmyllie (LPID NO/54289/43391),56.580815,-2.747666,5c4105640009079722ed10560007,22.05,13.8,9.0,19.43,89.41,4.18,7
2025-08-05 12:03:09.142901+00:00,70B3D57ED0045541,Hygro#55:41,Hygro,Mains of Carmyllie (LPID NO/54289/43391),56.580815,-2.747666,5c4605640009073a226710560008,22.07,13.8,9.0,18.5,88.07,4.18,8
2025-08-05 12:25:12.514179+00:00,70B3D57ED0045541,Hygro#55:41,Hygro,Mains of Carmyllie (LPID NO/54289/43391),56.580815,-2.747666,5b710564000906a8224b103e0000,21.24,13.8,9.0,17.04,87.79,4.16,0
2025-08-05 12:40:29.251093+00:00,70B3D57ED0045541,Hygro#55:41,Hygro,Mains of Carmyllie (LPID NO/54289/43391),56.580815,-2.747666,5c3f056400090701229710580001,22.04,13.8,9.0,17.93,88.55,4.18,1
2025-08-05 12:55:45.985409+00:00,70B3D57ED0045541,Hygro#55:41,Hygro,Mains of Carmyllie (LPID NO/54289/43391),56.580815,-2.747666,5c440564000907b0229b10560002,22.06,13.8,9.0,19.68,88.59,4.18,2
2025-08-05 13:11:02.698983+00:00,70B3D57ED0045541,Hygro#55:41,Hygro,Mains of Carmyllie (LPID NO/54289/43391),56.580815,-2.747666,5c430564000908cc226410560003,22.06,13.8,9.0,22.52,88.04,4.18,3
2025-08-05 13:26:19.427688+00:00,70B3D57ED0045541,Hygro#55:41,Hygro,Mains of Carmyllie (LPID NO/54289/43391),56.580815,-2.747666,5c4705640009084021f610580004,22.07,13.8,9.0,21.12,86.94,4.18,4
2025-08-05 13:41:36.142496+00:00,70B3D57ED0045541,Hygro#55:41,Hygro,Mains of Carmyllie (LPID NO/54289/43391),56.580815,-2.747666,5c4205640009085321d810560005,22.05,13.8,9.0,21.31,86.64,4.18,5
2025-08-05 13:56:52.867491+00:00,70B3D57ED0045541,Hygro#55:41,Hygro,Mains of Carmyllie (LPID NO/54289/43391),56.580815,-2.747666,5c4b05640009086c216a10560006,22.09,13.8,9.0,21.56,85.54,4.18,6
2025-08-05 14:12:09.589716+00:00,70B3D57ED0045541,Hygro#55:41,Hygro,Mains of Carmyllie (LPID NO/54289/43391),56.580815,-2.747666,5c44056400090885215e10560007,22.06,13.8,9.0,21.81,85.42,4.18,7
2025-08-05 14:27:26.321595+00:00,70B3D57ED0045541,Hygro#55:41,Hygro,Mains of Carmyllie (LPID NO/54289/43391),56.580815,-2.747666,5c4b0564000a086c214810580008,22.09,13.8,10.0,21.56,85.2,4.18,8
2025-08-05 14:42:44.794776+00:00,70B3D57ED0045541,Hygro#55:41,Hygro,Mains of Carmyllie (LPID NO/54289/43391),56.580815,-2.747666,5c47056400090872213610580009,22.07,13.8,9.0,21.62,85.02,4.18,9
2025-08-05 14:58:06.793604+00:00,70B3D57ED0045541,Hygro#55:41,Hygro,Mains of Carmyllie (LPID NO/54289/43391),56.580815,-2.747666,5c4405640009085920b8105a000a,22.06,13.8,9.0,21.37,83.76,4.19,10
2025-08-05 15:13:25.276438+00:00,70B3D57ED0045541,Hygro#55:41,Hygro,Mains of Carmyllie (LPID NO/54289/43391),56.580815,-2.747666,5c4805640009084d20581058000b,22.08,13.8,9.0,21.25,82.8,4.18,11
2025-08-05 15:28:42.005086+00:00,70B3D57ED0045541,Hygro#55:41,Hygro,Mains of Carmyllie (LPID NO/54289/43391),56.580815,-2.747666,5c4a05640009082d20581054000c,22.09,13.8,9.0,20.93,82.8,4.18,12
2025-08-05 15:44:04.005268+00:00,70B3D57ED0045541,Hygro#55:41,Hygro,Mains of Carmyllie (LPID NO/54289/43391),56.580815,-2.747666,5b430564000907e920621058000d,21.07,13.8,9.0,20.25,82.9,4.18,13
2025-08-05 15:59:20.728044+00:00,70B3D57ED0045541,Hygro#55:41,Hygro,Mains of Carmyllie (LPID NO/54289/43391),56.580815,-2.747666,5c45056e00090825207c1058000e,22.07,13.9,9.0,20.85,83.16,4.18,14
2025-08-05 16:14:37.466763+00:00,70B3D57ED0045541,Hygro#55:41,Hygro,Mains of Carmyllie (LPID NO/54289/43391),56.580815,-2.747666,52af056e00090866208a103b000f,12.55,13.9,9.0,21.5,83.3,4.16,15
2025-08-05 16:29:54.204448+00:00,70B3D57ED0045541,Hygro#55:41,Hygro,Mains of Carmyllie (LPID NO/54289/43391),56.580815,-2.747666,5c4a056e0009079120f610580010,22.09,13.9,9.0,19.37,84.38,4.18,16
2025-08-06 07:45:30.086727+00:00,70B3D57ED0045541,Hygro#55:41,Hygro,Mains of Carmyllie (LPID NO/54289/43391),56.580815,-2.747666,5c25056e000905542338103e0000,21.94,13.9,9.0,13.64,90.16,4.16,0
2025-08-06 08:00:46.824094+00:00,70B3D57ED0045541,Hygro#55:41,Hygro,Mains of Carmyllie (LPID NO/54289/43391),56.580815,-2.747666,5c68056e000a05c323ec10560001,22.2,13.9,10.0,14.75,91.96,4.18,1
2025-08-06 08:16:03.566916+00:00,70B3D57ED0045541,Hygro#55:41,Hygro,Mains of Carmyllie (LPID NO/54289/43391),56.580815,-2.747666,5c67056e000a0607241b10560002,22.2,13.9,10.0,15.43,92.43,4.18,2
2025-08-06 08:31:20.324677+00:00,70B3D57ED0045541,Hygro#55:41,Hygro,Mains of Carmyllie (LPID NO/54289/43391),56.580815,-2.747666,5c64056e0009067c241210560003,22.19,13.9,9.0,16.6,92.34,4.18,3
2025-08-06 08:46:37.048195+00:00,70B3D57ED0045541,Hygro#55:41,Hygro,Mains of Carmyllie (LPID NO/54289/43391),56.580815,-2.747666,5c6305640009069123dd10560004,22.18,13.8,9.0,16.81,91.81,4.18,4
2025-08-06 09:01:53.778670+00:00,70B3D57ED0045541,Hygro#55:41,Hygro,Mains of Carmyllie (LPID NO/54289/43391),56.580815,-2.747666,5c620564000906bf23d610580005,22.18,13.8,9.0,17.27,91.74,4.18,5
2025-08-06 09:17:10.511231+00:00,70B3D57ED0045541,Hygro#55:41,Hygro,Mains of Carmyllie (LPID NO/54289/43391),56.580815,-2.747666,5c6205640009072723ca10540006,22.18,13.8,9.0,18.31,91.62,4.18,6
2025-08-06 09:32:27.242424+00:00,70B3D57ED0045541,Hygro#55:41,Hygro,Mains of Carmyllie (LPID NO/54289/43391),56.580815,-2.747666,5c68056400090746236a10580007,22.2,13.8,9.0,18.62,90.66,4.18,7
2025-08-06 09:47:43.965054+00:00,70B3D57ED0045541,Hygro#55:41,Hygro,Mains of Carmyllie (LPID NO/54289/43391),56.580815,-2.747666,5c670564000a07aa235810540008,22.2,13.8,10.0,19.62,90.48,4.18,8
2025-08-06 10:03:00.694887+00:00,70B3D57ED0045541,Hygro#55:41,Hygro,Mains of Carmyllie (LPID NO/54289/43391),56.580815,-2.747666,5c650564000a0808234f105a0009,22.19,13.8,10.0,20.56,90.39,4.19,9
2025-08-06 10:18:17.424792+00:00,70B3D57ED0045541,Hygro#55:41,Hygro,Mains of Carmyllie (LPID NO/54289/43391),56.580815,-2.747666,5c620564000a085323001054000a,22.18,13.8,10.0,21.31,89.6,4.18,10
2025-08-06 10:33:34.146011+00:00,70B3D57ED0045541,Hygro#55:41,Hygro,Mains of Carmyllie (LPID NO/54289/43391),56.580815,-2.747666,5c640564000a084222c31058000b,22.19,13.8,10.0,21.14,88.99,4.18,11
2025-08-06 10:48:50.871763+00:00,70B3D57ED0045541,Hygro#55:41,Hygro,Mains of Carmyllie (LPID NO/54289/43391),56.580815,-2.747666,5c6305640009089e22b81058000c,22.18,13.8,9.0,22.06,88.88,4.18,12
2025-08-06 11:04:14.626952+00:00,70B3D57ED0045541,Hygro#55:41,Hygro,Mains of Carmyllie (LPID NO/54289/43391),56.580815,-2.747666,5c6a0564000908ca22701056000d,22.21,13.8,9.0,22.5,88.16,4.18,13
2025-08-06 11:19:31.357206+00:00,70B3D57ED0045541,Hygro#55:41,Hygro,Mains of Carmyllie (LPID NO/54289/43391),56.580815,-2.747666,5c640564000b090222241056000e,22.19,13.8,11.0,23.06,87.4,4.18,14
2025-08-06 11:34:48.074477+00:00,70B3D57ED0045541,Hygro#55:41,Hygro,Mains of Carmyllie (LPID NO/54289/43391),56.580815,-2.747666,5c6805640009090a22221056000f,22.2,13.8,9.0,23.14,87.38,4.18,15
2025-08-06 11:50:04.801234+00:00,70B3D57ED0045541,Hygro#55:41,Hygro,Mains of Carmyllie (LPID NO/54289/43391),56.580815,-2.747666,5c640564000908f121e510540010,22.19,13.8,9.0,22.89,86.77,4.18,16
2025-08-06 12:05:21.516184+00:00,70B3D57ED0045541,Hygro#55:41,Hygro,Mains of Carmyllie (LPID NO/54289/43391),56.580815,-2.747666,5c6c056400090915218c10560011,22.22,13.8,9.0,23.25,85.88,4.18,17
2025-08-06 12:20:38.240946+00:00,70B3D57ED0045541,Hygro#55:41,Hygro,Mains of Carmyllie (LPID NO/54289/43391),56.580815,-2.747666,5c6305640009089e20e210580012,22.18,13.8,9.0,22.06,84.18,4.18,18
2025-08-06 12:35:54.968785+00:00,70B3D57ED0045541,Hygro#55:41,Hygro,Mains of Carmyllie (LPID NO/54289/43391),56.580815,-2.747666,5c6405640009083420c510560013,22.19,13.8,9.0,21.0,83.89,4.18,19
2025-08-06 12:51:11.699417+00:00,70B3D57ED0045541,Hygro#55:41,Hygro,Mains of Carmyllie (LPID NO/54289/43391),56.580815,-2.747666,5c6805640009082d20eb10580014,22.2,13.8,9.0,20.93,84.27,4.18,20
2025-08-06 13:06:28.426873+00:00,70B3D57ED0045541,Hygro#55:41,Hygro,Mains of Carmyllie (LPID NO/54289/43391),56.580815,-2.747666,5c6c0564000a084620fa105a0015,22.22,13.8,10.0,21.18,84.42,4.19,21
2025-08-06 13:21:45.148382+00:00,70B3D57ED0045541,Hygro#55:41,Hygro,Mains of Carmyllie (LPID NO/54289/43391),56.580815,-2.747666,5c6b05640009089e20ef10580016,22.21,13.8,9.0,22.06,84.31,4.18,22
2025-08-06 13:37:01.877365+00:00,70B3D57ED0045541,Hygro#55:41,Hygro,Mains of Carmyllie (LPID NO/54289/43391),56.580815,-2.747666,5c6a0564000908ce211110580017,22.21,13.8,9.0,22.54,84.65,4.18,23
2025-08-06 13:52:18.584618+00:00,70B3D57ED0045541,Hygro#55:41,Hygro,Mains of Carmyllie (LPID NO/54289/43391),56.580815,-2.747666,5c650564000a09a21fdc10560018,22.19,13.8,10.0,24.66,81.56,4.18,24
2025-08-06 14:08:51.948648+00:00,70B3D57ED0045541,Hygro#55:41,Hygro,Mains of Carmyllie (LPID NO/54289/43391),56.580815,-2.747666,5c650564000909b71f3c10560019,22.19,13.8,9.0,24.87,79.96,4.18,25
2025-08-06 14:24:13.931602+00:00,70B3D57ED0045541,Hygro#55:41,Hygro,Mains of Carmyllie (LPID NO/54289/43391),56.580815,-2.747666,5c620564000906591f3d1058001a,22.18,13.8,9.0,16.25,79.97,4.18,26
2025-08-06 14:39:39.445720+00:00,70B3D57ED0045541,Hygro#55:41,Hygro,Mains of Carmyllie (LPID NO/54289/43391),56.580815,-2.747666,5c690564000903391f2a1058001b,22.21,13.8,9.0,8.25,79.78,4.18,27
2025-08-06 14:55:24.280047+00:00,70B3D57ED0045541,Hygro#55:41,Hygro,Mains of Carmyllie (LPID NO/54289/43391),56.580815,-2.747666,5c610567000906bd1e841056001c,22.17,13.83,9.0,17.25,78.12,4.18,28
2025-08-06 15:10:44.499601+00:00,70B3D57ED0045541,Hygro#55:41,Hygro,Mains of Carmyllie (LPID NO/54289/43391),56.580815,-2.747666,5c68056e0009068d1e271054001d,22.2,13.9,9.0,16.77,77.19,4.18,29
2025-08-06 15:26:01.216556+00:00,70B3D57ED0045541,Hygro#55:41,Hygro,Mains of Carmyllie (LPID NO/54289/43391),56.580815,-2.747666,5c61056e000909981e101054001e,22.17,13.9,9.0,24.56,76.96,4.18,30
2025-08-06 15:41:17.928969+00:00,70B3D57ED0045541,Hygro#55:41,Hygro,Mains of Carmyllie (LPID NO/54289/43391),56.580815,-2.747666,5c6a056e000a09921dd01054001f,22.21,13.9,10.0,24.5,76.32,4.18,31
2025-08-06 15:56:36.409615+00:00,70B3D57ED0045541,Hygro#55:41,Hygro,Mains of Carmyllie (LPID NO/54289/43391),56.580815,-2.747666,5c64056e0009098b1e0b10560020,22.19,13.9,9.0,24.43,76.91,4.18,32
2025-08-06 16:11:53.130034+00:00,70B3D57ED0045541,Hygro#55:41,Hygro,Mains of Carmyllie (LPID NO/54289/43391),56.580815,-2.747666,5b69056e000a089c1ed710300021,21.21,13.9,10.0,22.04,78.95,4.14,33
2025-08-06 16:27:34.487434+00:00,70B3D57ED0045541,Hygro#55:41,Hygro,Mains of Carmyllie (LPID NO/54289/43391),56.580815,-2.747666,5c69056e000908611f71105a0022,22.21,13.9,9.0,21.45,80.49,4.19,34
2025-08-08 07:53:04.420967+00:00,70B3D57ED0045541,Hygro#55:41,Hygro,Mains of Carmyllie (LPID NO/54289/43391),56.580815,-2.747666,5c860578000904f821d010560000,22.32,14.0,9.0,12.72,86.56,4.18,0
2025-08-08 08:08:21.169550+00:00,70B3D57ED0045541,Hygro#55:41,Hygro,Mains of Carmyllie (LPID NO/54289/43391),56.580815,-2.747666,5c82056e000a0565223010580001,22.3,13.9,10.0,13.81,87.52,4.18,1
2025-08-08 08:23:39.693190+00:00,70B3D57ED0045541,Hygro#55:41,Hygro,Mains of Carmyllie (LPID NO/54289/43391),56.580815,-2.747666,5c03056e000a05b2226210510002,21.81,13.9,10.0,14.58,88.02,4.18,2
2025-08-08 08:40:40.706707+00:00,70B3D57ED0045541,Hygro#55:41,Hygro,Mains of Carmyllie (LPID NO/54289/43391),56.580815,-2.747666,5b84056e000a05ee224a10230000,21.32,13.9,10.0,15.18,87.78,4.13,0
2025-08-08 08:55:57.466237+00:00,70B3D57ED0045541,Hygro#55:41,Hygro,Mains of Carmyllie (LPID NO/54289/43391),56.580815,-2.747666,5c80056e000a060e228e104f0001,22.29,13.9,10.0,15.5,88.46,4.17,1
2025-08-08 09:11:14.215973+00:00,70B3D57ED0045541,Hygro#55:41,Hygro,Mains of Carmyllie (LPID NO/54289/43391),56.580815,-2.747666,5c89056e000a065f22c710560002,22.33,13.9,10.0,16.31,89.03,4.18,2
2025-08-08 09:34:26.215232+00:00,70B3D57ED0045541,Hygro#55:41,Hygro,Mains of Carmyllie (LPID NO/54289/43391),56.580815,-2.747666,5c86056e000a05ee21f910540000,22.32,13.9,10.0,15.18,86.97,4.18,0
2025-08-08 09:49:42.952560+00:00,70B3D57ED0045541,Hygro#55:41,Hygro,Mains of Carmyllie (LPID NO/54289/43391),56.580815,-2.747666,5c83056e0009065f224410540001,22.31,13.9,9.0,16.31,87.72,4.18,1
2025-08-08 10:04:59.690214+00:00,70B3D57ED0045541,Hygro#55:41,Hygro,Mains of Carmyllie (LPID NO/54289/43391),56.580815,-2.747666,5c89056e00090712221010560002,22.33,13.9,9.0,18.1,87.2,4.18,2
2025-08-08 10:44:11.821401+00:00,70B3D57ED0045541,Hygro#55:41,Hygro,Mains of Carmyllie (LPID NO/54289/43391),56.580815,-2.747666,5b920564000a045421f5102a0000,21.37,13.8,10.0,11.08,86.93,4.14,0
2025-08-08 10:59:28.558427+00:00,70B3D57ED0045541,Hygro#55:41,Hygro,Mains of Carmyllie (LPID NO/54289/43391),56.580815,-2.747666,5c820564000a0672221610580001,22.3,13.8,10.0,16.5,87.26,4.18,1
2025-08-08 11:14:45.335312+00:00,70B3D57ED0045541,Hygro#55:41,Hygro,Mains of Carmyllie (LPID NO/54289/43391),56.580815,-2.747666,5c890564000a0785223810560002,22.33,13.8,10.0,19.25,87.6,4.18,2
2025-08-08 11:30:02.021628+00:00,70B3D57ED0045541,Hygro#55:41,Hygro,Mains of Carmyllie (LPID NO/54289/43391),56.580815,-2.747666,5c860564000a084d220910560003,22.32,13.8,10.0,21.25,87.13,4.18,3
2025-08-08 11:45:18.766382+00:00,70B3D57ED0045541,Hygro#55:41,Hygro,Mains of Carmyllie (LPID NO/54289/43391),56.580815,-2.747666,5c860564000907c9218e10540004,22.32,13.8,9.0,19.93,85.9,4.18,4
2025-08-08 12:00:35.510085+00:00,70B3D57ED0045541,Hygro#55:41,Hygro,Mains of Carmyllie (LPID NO/54289/43391),56.580815,-2.747666,5c840564000a0787216f10510005,22.31,13.8,10.0,19.27,85.59,4.18,5
2025-08-08 12:15:52.240687+00:00,70B3D57ED0045541,Hygro#55:41,Hygro,Mains of Carmyllie (LPID NO/54289/43391),56.580815,-2.747666,5c8d0564000907e2215910540006,22.35,13.8,9.0,20.18,85.37,4.18,6
2025-08-08 12:31:08.967983+00:00,70B3D57ED0045541,Hygro#55:41,Hygro,Mains of Carmyllie (LPID NO/54289/43391),56.580815,-2.747666,5c840564000a080220fa10560007,22.31,13.8,10.0,20.5,84.42,4.18,7
2025-08-08 12:46:25.700888+00:00,70B3D57ED0045541,Hygro#55:41,Hygro,Mains of Carmyllie (LPID NO/54289/43391),56.580815,-2.747666,5c820564000a077820f210580008,22.3,13.8,10.0,19.12,84.34,4.18,8
2025-08-08 13:01:42.434327+00:00,70B3D57ED0045541,Hygro#55:41,Hygro,Mains of Carmyllie (LPID NO/54289/43391),56.580815,-2.747666,5c820564000a0765210610560009,22.3,13.8,10.0,18.93,84.54,4.18,9
2025-08-08 13:47:59.735064+00:00,70B3D57ED0045541,Hygro#55:41,Hygro,Mains of Carmyllie (LPID NO/54289/43391),56.580815,-2.747666,5c820564000a06b6210c105c0000,22.3,13.8,10.0,17.18,84.6,4.19,0
2025-08-08 14:22:47.914906+00:00,70B3D57ED0045541,Hygro#55:41,Hygro,Mains of Carmyllie (LPID NO/54289/43391),56.580815,-2.747666,5bb40564000a072d20f310370001,21.5,13.8,10.0,18.37,84.35,4.15,1
2025-08-08 14:39:39.772529+00:00,70B3D57ED0045541,Hygro#55:41,Hygro,Mains of Carmyllie (LPID NO/54289/43391),56.580815,-2.747666,5b8e0564000a070120f110390000,21.36,13.8,10.0,17.93,84.33,4.15,0
2025-08-08 16:00:36.718875+00:00,70B3D57ED0045541,Hygro#55:41,Hygro,Mains of Carmyllie (LPID NO/54289/43391),56.580815,-2.747666,5c860564000a07b7201f10580001,22.32,13.8,10.0,19.75,82.23,4.18,1
2025-08-08 16:15:53.463571+00:00,70B3D57ED0045541,Hygro#55:41,Hygro,Mains of Carmyllie (LPID NO/54289/43391),56.580815,-2.747666,5b0b0564000a07402048102e0002,20.85,13.8,10.0,18.56,82.64,4.14,2
2025-08-08 16:31:10.203234+00:00,70B3D57ED0045541,Hygro#55:41,Hygro,Mains of Carmyllie (LPID NO/54289/43391),56.580815,-2.747666,5b0c0564000a0701205d102c0003,20.85,13.8,10.0,17.93,82.85,4.14,3
2025-08-09 07:54:58.047556+00:00,70B3D57ED0045541,Hygro#55:41,Hygro,Mains of Carmyllie (LPID NO/54289/43391),56.580815,-2.747666,5bdb0564000a04f422e010370000,21.65,13.8,10.0,12.68,89.28,4.15,0
2025-08-09 08:10:14.801972+00:00,70B3D57ED0045541,Hygro#55:41,Hygro,Mains of Carmyllie (LPID NO/54289/43391),56.580815,-2.747666,5c920564000905092340105a0001,22.36,13.8,9.0,12.89,90.24,4.19,1
2025-08-09 08:25:31.558986+00:00,70B3D57ED0045541,Hygro#55:41,Hygro,Mains of Carmyllie (LPID NO/54289/43391),56.580815,-2.747666,5c8e0564000905b624ad10560002,22.35,13.8,9.0,14.62,93.89,4.18,2
2025-08-09 08:40:48.339953+00:00,70B3D57ED0045541,Hygro#55:41,Hygro,Mains of Carmyllie (LPID NO/54289/43391),56.580815,-2.747666,5c8d0564000a05ba248710580003,22.35,13.8,10.0,14.66,93.51,4.18,3
2025-08-09 08:56:05.060256+00:00,70B3D57ED0045541,Hygro#55:41,Hygro,Mains of Carmyllie (LPID NO/54289/43391),56.580815,-2.747666,5c8c0564000905ee245010560004,22.34,13.8,9.0,15.18,92.96,4.18,4
2025-08-09 09:11:21.784329+00:00,70B3D57ED0045541,Hygro#55:41,Hygro,Mains of Carmyllie (LPID NO/54289/43391),56.580815,-2.747666,5c880564000a0646241110560005,22.33,13.8,10.0,16.06,92.33,4.18,5
2025-08-09 09:26:38.535444+00:00,70B3D57ED0045541,Hygro#55:41,Hygro,Mains of Carmyllie (LPID NO/54289/43391),56.580815,-2.747666,5c8b0564000a067e240c10580006,22.34,13.8,10.0,16.62,92.28,4.18,6
2025-08-09 09:41:55.281039+00:00,70B3D57ED0045541,Hygro#55:41,Hygro,Mains of Carmyllie (LPID NO/54289/43391),56.580815,-2.747666,5c900564000a06cb23e610580007,22.36,13.8,10.0,17.39,91.9,4.18,7
2025-08-09 09:57:12.008495+00:00,70B3D57ED0045541,Hygro#55:41,Hygro,Mains of Carmyllie (LPID NO/54289/43391),56.580815,-2.747666,5c9005640009071423ba10580008,22.36,13.8,9.0,18.12,91.46,4.18,8
2025-08-09 10:12:28.749307+00:00,70B3D57ED0045541,Hygro#55:41,Hygro,Mains of Carmyllie (LPID NO/54289/43391),56.580815,-2.747666,5b820564000a071e232d10400009,21.31,13.8,10.0,18.22,90.05,4.16,9
2025-08-09 10:29:18.557364+00:00,70B3D57ED0045541,Hygro#55:41,Hygro,Mains of Carmyllie (LPID NO/54289/43391),56.580815,-2.747666,5ab50564000a06aa2292102c0000,20.51,13.8,10.0,17.06,88.5,4.14,0
2025-08-09 10:44:37.071378+00:00,70B3D57ED0045541,Hygro#55:41,Hygro,Mains of Carmyllie (LPID NO/54289/43391),56.580815,-2.747666,5c8e0564000a0631228c105a0001,22.35,13.8,10.0,15.85,88.44,4.19,1
2025-08-09 10:59:53.805242+00:00,70B3D57ED0045541,Hygro#55:41,Hygro,Mains of Carmyllie (LPID NO/54289/43391),56.580815,-2.747666,5c8b055a000a075f238210580002,22.34,13.7,10.0,18.87,90.9,4.18,2
2025-08-09 11:15:10.531021+00:00,70B3D57ED0045541,Hygro#55:41,Hygro,Mains of Carmyllie (LPID NO/54289/43391),56.580815,-2.747666,5c8a055a00090797232e10560003,22.33,13.7,9.0,19.43,90.06,4.18,3
2025-08-09 11:30:27.269147+00:00,70B3D57ED0045541,Hygro#55:41,Hygro,Mains of Carmyllie (LPID NO/54289/43391),56.580815,-2.747666,5c8a055a000a07dc22b810580004,22.33,13.7,10.0,20.12,88.88,4.18,4
2025-08-09 11:45:44.020143+00:00,70B3D57ED0045541,Hygro#55:41,Hygro,Mains of Carmyllie (LPID NO/54289/43391),56.580815,-2.747666,5c8b055a000907482273105a0005,22.34,13.7,9.0,18.64,88.19,4.19,5
2025-08-09 12:01:00.728127+00:00,70B3D57ED0045541,Hygro#55:41,Hygro,Mains of Carmyllie (LPID NO/54289/43391),56.580815,-2.747666,5c90055a000a0802226210540006,22.36,13.7,10.0,20.5,88.02,4.18,6
2025-08-09 12:16:17.451916+00:00,70B3D57ED0045541,Hygro#55:41,Hygro,Mains of Carmyllie (LPID NO/54289/43391),56.580815,-2.747666,5c89055a000b085f2237105a0007,22.33,13.7,11.0,21.43,87.59,4.19,7
2025-08-09 12:31:34.197601+00:00,70B3D57ED0045541,Hygro#55:41,Hygro,Mains of Carmyllie (LPID NO/54289/43391),56.580815,-2.747666,5c8d055a000a071c225010580008,22.35,13.7,10.0,18.2,87.84,4.18,8
2025-08-09 12:46:50.922524+00:00,70B3D57ED0045541,Hygro#55:41,Hygro,Mains of Carmyllie (LPID NO/54289/43391),56.580815,-2.747666,5c8d055a0009077221ea10580009,22.35,13.7,9.0,19.06,86.82,4.18,9
2025-08-09 13:02:07.666710+00:00,70B3D57ED0045541,Hygro#55:41,Hygro,Mains of Carmyllie (LPID NO/54289/43391),56.580815,-2.747666,5c8c055a000a0746220a105a000a,22.34,13.7,10.0,18.62,87.14,4.19,10
2025-08-09 13:17:24.392298+00:00,70B3D57ED0045541,Hygro#55:41,Hygro,Mains of Carmyllie (LPID NO/54289/43391),56.580815,-2.747666,5c8e055a000a07ef21bd105a000b,22.35,13.7,10.0,20.31,86.37,4.19,11
2025-08-09 13:40:07.496384+00:00,70B3D57ED0045541,Hygro#55:41,Hygro,Mains of Carmyllie (LPID NO/54289/43391),56.580815,-2.747666,5b77055a000906fb21f410330000,21.27,13.7,9.0,17.87,86.92,4.15,0
2025-08-09 15:15:44.051629+00:00,70B3D57ED0045541,Hygro#55:41,Hygro,Mains of Carmyllie (LPID NO/54289/43391),56.580815,-2.747666,5c8d0564000a069b23cd105c0002,22.35,13.8,10.0,16.91,91.65,4.19,2
2025-08-09 15:38:26.966204+00:00,70B3D57ED0045541,Hygro#55:41,Hygro,Mains of Carmyllie (LPID NO/54289/43391),56.580815,-2.747666,5b880564000a0f4c22ff10390000,21.33,13.8,10.0,39.16,89.59,4.15,0
2025-08-09 15:53:43.702104+00:00,70B3D57ED0045541,Hygro#55:41,Hygro,Mains of Carmyllie (LPID NO/54289/43391),56.580815,-2.747666,5c830564000907532150105f0001,22.31,13.8,9.0,18.75,85.28,4.19,1
2025-08-09 16:09:00.437020+00:00,70B3D57ED0045541,Hygro#55:41,Hygro,Mains of Carmyllie (LPID NO/54289/43391),56.580815,-2.747666,5c8505640009079e2132105c0002,22.31,13.8,9.0,19.5,84.98,4.19,2
2025-08-09 16:24:17.163656+00:00,70B3D57ED0045541,Hygro#55:41,Hygro,Mains of Carmyllie (LPID NO/54289/43391),56.580815,-2.747666,5b960564000a07d021e2103b0003,21.39,13.8,10.0,20.0,86.74,4.16,3
2025-08-10 08:02:07.953132+00:00,70B3D57ED0045541,Hygro#55:41,Hygro,Mains of Carmyllie (LPID NO/54289/43391),56.580815,-2.747666,5c8c0550000a05a524c810540000,22.34,13.6,10.0,14.45,94.16,4.18,0
2025-08-10 08:17:24.685564+00:00,70B3D57ED0045541,Hygro#55:41,Hygro,Mains of Carmyllie (LPID NO/54289/43391),56.580815,-2.747666,5c94054d000a0620245f10540001,22.37,13.57,10.0,15.68,93.11,4.18,1
2025-08-10 08:32:41.422686+00:00,70B3D57ED0045541,Hygro#55:41,Hygro,Mains of Carmyllie (LPID NO/54289/43391),56.580815,-2.747666,5c910546000a0665241310540002,22.36,13.5,10.0,16.37,92.35,4.18,2
2025-08-10 08:47:58.160992+00:00,70B3D57ED0045541,Hygro#55:41,Hygro,Mains of Carmyllie (LPID NO/54289/43391),56.580815,-2.747666,5c930546000a072d238d10540003,22.37,13.5,10.0,18.37,91.01,4.18,3
2025-08-10 09:18:31.620716+00:00,70B3D57ED0045541,Hygro#55:41,Hygro,Mains of Carmyllie (LPID NO/54289/43391),56.580815,-2.747666,5c8c0546000a079123d010560005,22.34,13.5,10.0,19.37,91.68,4.18,5
2025-08-10 09:33:48.361734+00:00,70B3D57ED0045541,Hygro#55:41,Hygro,Mains of Carmyllie (LPID NO/54289/43391),56.580815,-2.747666,5bbf0546000a07722310102e0006,21.55,13.5,10.0,19.06,89.76,4.14,6
2025-08-10 09:49:05.098903+00:00,70B3D57ED0045541,Hygro#55:41,Hygro,Mains of Carmyllie (LPID NO/54289/43391),56.580815,-2.747666,5c8b05460009078b232610560007,22.34,13.5,9.0,19.31,89.98,4.18,7
2025-08-10 10:19:38.551688+00:00,70B3D57ED0045541,Hygro#55:41,Hygro,Mains of Carmyllie (LPID NO/54289/43391),56.580815,-2.747666,5c930546000907da231d10580009,22.37,13.5,9.0,20.1,89.89,4.18,9
2025-08-10 10:39:12.283809+00:00,70B3D57ED0045541,Hygro#55:41,Hygro,Mains of Carmyllie (LPID NO/54289/43391),56.580815,-2.747666,5c220546000a0774222f103e0000,21.93,13.5,10.0,19.08,87.51,4.16,0
2025-08-10 10:54:29.014661+00:00,70B3D57ED0045541,Hygro#55:41,Hygro,Mains of Carmyllie (LPID NO/54289/43391),56.580815,-2.747666,5c930546000a07a8228010560001,22.37,13.5,10.0,19.6,88.32,4.18,1
2025-08-10 11:09:45.747469+00:00,70B3D57ED0045541,Hygro#55:41,Hygro,Mains of Carmyllie (LPID NO/54289/43391),56.580815,-2.747666,5b7a053c000a076c224d10330002,21.28,13.4,10.0,19.0,87.81,4.15,2
2025-08-10 11:25:02.486459+00:00,70B3D57ED0045541,Hygro#55:41,Hygro,Mains of Carmyllie (LPID NO/54289/43391),56.580815,-2.747666,5c90053c000b0772224d10580003,22.36,13.4,11.0,19.06,87.81,4.18,3
2025-08-10 11:40:19.221641+00:00,70B3D57ED0045541,Hygro#55:41,Hygro,Mains of Carmyllie (LPID NO/54289/43391),56.580815,-2.747666,5b80053c000a078b223f10300004,21.3,13.4,10.0,19.31,87.67,4.14,4
2025-08-10 11:55:35.955877+00:00,70B3D57ED0045541,Hygro#55:41,Hygro,Mains of Carmyllie (LPID NO/54289/43391),56.580815,-2.747666,5c8b053c000a0797226d10580005,22.34,13.4,10.0,19.43,88.13,4.18,5
2025-08-10 12:10:52.733430+00:00,70B3D57ED0045541,Hygro#55:41,Hygro,Mains of Carmyllie (LPID NO/54289/43391),56.580815,-2.747666,5c8d053c000a08042272105a0006,22.35,13.4,10.0,20.52,88.18,4.19,6
2025-08-10 12:26:09.433748+00:00,70B3D57ED0045541,Hygro#55:41,Hygro,Mains of Carmyllie (LPID NO/54289/43391),56.580815,-2.747666,5c91053c000a07dc224510560007,22.36,13.4,10.0,20.12,87.73,4.18,7
2025-08-10 12:41:26.177356+00:00,70B3D57ED0045541,Hygro#55:41,Hygro,Mains of Carmyllie (LPID NO/54289/43391),56.580815,-2.747666,5c8f053c0009086e22a4105c0008,22.35,13.4,9.0,21.58,88.68,4.19,8
2025-08-10 12:56:42.904550+00:00,70B3D57ED0045541,Hygro#55:41,Hygro,Mains of Carmyllie (LPID NO/54289/43391),56.580815,-2.747666,5c8a053c000a0851225310560009,22.33,13.4,10.0,21.29,87.87,4.18,9
2025-08-10 13:11:59.636488+00:00,70B3D57ED0045541,Hygro#55:41,Hygro,Mains of Carmyllie (LPID NO/54289/43391),56.580815,-2.747666,5c900546000a0859221f105a000a,22.36,13.5,10.0,21.37,87.35,4.19,10
2025-08-10 13:27:16.386286+00:00,70B3D57ED0045541,Hygro#55:41,Hygro,Mains of Carmyllie (LPID NO/54289/43391),56.580815,-2.747666,5c950546000a07ef22221058000b,22.38,13.5,10.0,20.31,87.38,4.18,11
2025-08-10 13:42:33.104142+00:00,70B3D57ED0045541,Hygro#55:41,Hygro,Mains of Carmyllie (LPID NO/54289/43391),56.580815,-2.747666,5c890546000a087221e51058000c,22.33,13.5,10.0,21.62,86.77,4.18,12
2025-08-10 13:57:49.841745+00:00,70B3D57ED0045541,Hygro#55:41,Hygro,Mains of Carmyllie (LPID NO/54289/43391),56.580815,-2.747666,5c9305460009090221341058000d,22.37,13.5,9.0,23.06,85.0,4.18,13
2025-08-10 14:13:06.569653+00:00,70B3D57ED0045541,Hygro#55:41,Hygro,Mains of Carmyllie (LPID NO/54289/43391),56.580815,-2.747666,5c8c0546000a0942211f1058000e,22.34,13.5,10.0,23.7,84.79,4.18,14
2025-08-10 14:28:23.293290+00:00,70B3D57ED0045541,Hygro#55:41,Hygro,Mains of Carmyllie (LPID NO/54289/43391),56.580815,-2.747666,5c880546000a092e20611056000f,22.33,13.5,10.0,23.5,82.89,4.18,15
2025-08-10 14:43:40.007707+00:00,70B3D57ED0045541,Hygro#55:41,Hygro,Mains of Carmyllie (LPID NO/54289/43391),56.580815,-2.747666,5c8c05460009094d1f9e10540010,22.34,13.5,9.0,23.81,80.94,4.18,16
2025-08-10 14:58:56.737180+00:00,70B3D57ED0045541,Hygro#55:41,Hygro,Mains of Carmyllie (LPID NO/54289/43391),56.580815,-2.747666,5c8b0546000908d01fcb10580011,22.34,13.5,9.0,22.56,81.39,4.18,17
2025-08-10 15:29:30.193494+00:00,70B3D57ED0045541,Hygro#55:41,Hygro,Mains of Carmyllie (LPID NO/54289/43391),56.580815,-2.747666,5c880546000a08d61fb510560013,22.33,13.5,10.0,22.62,81.17,4.18,19
2025-08-10 15:44:46.919926+00:00,70B3D57ED0045541,Hygro#55:41,Hygro,Mains of Carmyllie (LPID NO/54289/43391),56.580815,-2.747666,5c8d0546000a09151f3510580014,22.35,13.5,10.0,23.25,79.89,4.18,20
2025-08-10 16:00:03.638825+00:00,70B3D57ED0045541,Hygro#55:41,Hygro,Mains of Carmyllie (LPID NO/54289/43391),56.580815,-2.747666,5c890546000908851f4b10560015,22.33,13.5,9.0,21.81,80.11,4.18,21
2025-08-10 16:26:06.094387+00:00,70B3D57ED0045541,Hygro#55:41,Hygro,Mains of Carmyllie (LPID NO/54289/43391),56.580815,-2.747666,5b9e0546000a0812207310350000,21.42,13.5,10.0,20.66,83.07,4.15,0
2025-08-11 10:10:36.444734+00:00,70B3D57ED0045541,Hygro#55:41,Hygro,Mains of Carmyllie (LPID NO/54289/43391),56.580815,-2.747666,5ba3055a000a06ef247b102c0001,21.44,13.7,10.0,17.75,93.39,4.14,1
2025-08-11 10:25:53.175776+00:00,70B3D57ED0045541,Hygro#55:41,Hygro,Mains of Carmyllie (LPID NO/54289/43391),56.580815,-2.747666,5c90055a00090810252510540002,22.36,13.7,9.0,20.64,95.09,4.18,2
2025-08-11 10:41:11.653631+00:00,70B3D57ED0045541,Hygro#55:41,Hygro,Mains of Carmyllie (LPID NO/54289/43391),56.580815,-2.747666,5c8b055a000a08c124df10540003,22.34,13.7,10.0,22.41,94.39,4.18,3
2025-08-11 10:56:28.384983+00:00,70B3D57ED0045541,Hygro#55:41,Hygro,Mains of Carmyllie (LPID NO/54289/43391),56.580815,-2.747666,5c86055a000a08b12470104f0004,22.32,13.7,10.0,22.25,93.28,4.17,4
2025-08-11 11:11:45.116050+00:00,70B3D57ED0045541,Hygro#55:41,Hygro,Mains of Carmyllie (LPID NO/54289/43391),56.580815,-2.747666,5c89055a000a08f52479104f0005,22.33,13.7,10.0,22.93,93.37,4.17,5
2025-08-11 11:27:01.846842+00:00,70B3D57ED0045541,Hygro#55:41,Hygro,Mains of Carmyllie (LPID NO/54289/43391),56.580815,-2.747666,5c89055a000a087f237c10540006,22.33,13.7,10.0,21.75,90.84,4.18,6
2025-08-11 11:42:18.575764+00:00,70B3D57ED0045541,Hygro#55:41,Hygro,Mains of Carmyllie (LPID NO/54289/43391),56.580815,-2.747666,5c87055a000a0906237810540007,22.32,13.7,10.0,23.1,90.8,4.18,7
2025-08-11 11:57:35.293568+00:00,70B3D57ED0045541,Hygro#55:41,Hygro,Mains of Carmyllie (LPID NO/54289/43391),56.580815,-2.747666,5c88055a000a097f236a10540008,22.33,13.7,10.0,24.31,90.66,4.18,8
2025-08-11 12:12:52.023978+00:00,70B3D57ED0045541,Hygro#55:41,Hygro,Mains of Carmyllie (LPID NO/54289/43391),56.580815,-2.747666,5c88055a000a0934230010540009,22.33,13.7,10.0,23.56,89.6,4.18,9
2025-08-11 12:28:08.757621+00:00,70B3D57ED0045541,Hygro#55:41,Hygro,Mains of Carmyllie (LPID NO/54289/43391),56.580815,-2.747666,5c88055a000a08e522e11051000a,22.33,13.7,10.0,22.77,89.29,4.18,10
2025-08-11 12:43:25.489520+00:00,70B3D57ED0045541,Hygro#55:41,Hygro,Mains of Carmyllie (LPID NO/54289/43391),56.580815,-2.747666,5b380564000a08b522d0102a000b,21.02,13.8,10.0,22.29,89.12,4.14,11
2025-08-11 13:03:32.039682+00:00,70B3D57ED0045541,Hygro#55:41,Hygro,Mains of Carmyllie (LPID NO/54289/43391),56.580815,-2.747666,5b6a0564000a086c2337102e0000,21.22,13.8,10.0,21.56,90.15,4.14,0
2025-08-11 15:49:28.207590+00:00,70B3D57ED0045541,Hygro#55:41,Hygro,Mains of Carmyllie (LPID NO/54289/43391),56.580815,-2.747666,5c870564000908e52314105a0001,22.32,13.8,9.0,22.77,89.8,4.19,1
2025-08-11 16:04:44.932366+00:00,70B3D57ED0045541,Hygro#55:41,Hygro,Mains of Carmyllie (LPID NO/54289/43391),56.580815,-2.747666,5c840564000a09ca222d10580002,22.31,13.8,10.0,25.06,87.49,4.18,2
2025-08-11 16:20:01.655340+00:00,70B3D57ED0045541,Hygro#55:41,Hygro,Mains of Carmyllie (LPID NO/54289/43391),56.580815,-2.747666,5c7a0564000a094422b1105c0003,22.27,13.8,10.0,23.72,88.81,4.19,3
2025-08-11 16:51:56.065726+00:00,70B3D57ED0045541,Hygro#55:41,Hygro,Mains of Carmyllie (LPID NO/54289/43391),56.580815,-2.747666,5b27056e000a08b122e6102c0000,20.96,13.9,10.0,22.25,89.34,4.14,0
2025-08-12 08:27:58.987306+00:00,70B3D57ED0045541,Hygro#55:41,Hygro,Mains of Carmyllie (LPID NO/54289/43391),56.580815,-2.747666,5c7a058c000a08b12532103b0001,22.27,14.2,10.0,22.25,95.22,4.16,1
2025-08-12 08:43:15.697226+00:00,70B3D57ED0045541,Hygro#55:41,Hygro,Mains of Carmyllie (LPID NO/54289/43391),56.580815,-2.747666,5c7b058c000a092e24f6104d0002,22.28,14.2,10.0,23.5,94.62,4.17,2
2025-08-12 09:26:34.943880+00:00,70B3D57ED0045541,Hygro#55:41,Hygro,Mains of Carmyllie (LPID NO/54289/43391),56.580815,-2.747666,5c7c058c000a085b22bd104f0000,22.28,14.2,10.0,21.39,88.93,4.17,0
2025-08-12 09:41:51.674637+00:00,70B3D57ED0045541,Hygro#55:41,Hygro,Mains of Carmyllie (LPID NO/54289/43391),56.580815,-2.747666,5c7f058c000a0ace2475104f0001,22.29,14.2,10.0,27.66,93.33,4.17,1
2025-08-12 09:57:08.379104+00:00,70B3D57ED0045541,Hygro#55:41,Hygro,Mains of Carmyllie (LPID NO/54289/43391),56.580815,-2.747666,5c7b058c000a0aab23a0104f0002,22.28,14.2,10.0,27.31,91.2,4.17,2
2025-08-12 10:12:25.103822+00:00,70B3D57ED0045541,Hygro#55:41,Hygro,Mains of Carmyllie (LPID NO/54289/43391),56.580815,-2.747666,5c78058c000a0a512375104d0003,22.26,14.2,10.0,26.41,90.77,4.17,3
2025-08-12 10:27:41.822902+00:00,70B3D57ED0045541,Hygro#55:41,Hygro,Mains of Carmyllie (LPID NO/54289/43391),56.580815,-2.747666,5c82058c000a0a98230e104f0004,22.3,14.2,10.0,27.12,89.74,4.17,4
2025-08-12 10:42:58.533885+00:00,70B3D57ED0045541,Hygro#55:41,Hygro,Mains of Carmyllie (LPID NO/54289/43391),56.580815,-2.747666,5c7e058c000a0ab7224e104d0005,22.29,14.2,10.0,27.43,87.82,4.17,5
2025-08-12 10:58:15.262663+00:00,70B3D57ED0045541,Hygro#55:41,Hygro,Mains of Carmyllie (LPID NO/54289/43391),56.580815,-2.747666,5c81058c000a0ae1224510540006,22.3,14.2,10.0,27.85,87.73,4.18,6
2025-08-12 11:13:31.983173+00:00,70B3D57ED0045541,Hygro#55:41,Hygro,Mains of Carmyllie (LPID NO/54289/43391),56.580815,-2.747666,5c7e058c000a0ab9224110540007,22.29,14.2,10.0,27.45,87.69,4.18,7
2025-08-12 11:28:48.698168+00:00,70B3D57ED0045541,Hygro#55:41,Hygro,Mains of Carmyllie (LPID NO/54289/43391),56.580815,-2.747666,5c78058c000a0bf0228510540008,22.26,14.2,10.0,30.56,88.37,4.18,8
2025-08-12 11:44:05.418779+00:00,70B3D57ED0045541,Hygro#55:41,Hygro,Mains of Carmyllie (LPID NO/54289/43391),56.580815,-2.747666,5c7f058c000a0c56224a10510009,22.29,14.2,10.0,31.58,87.78,4.18,9
2025-08-12 11:59:22.133419+00:00,70B3D57ED0045541,Hygro#55:41,Hygro,Mains of Carmyllie (LPID NO/54289/43391),56.580815,-2.747666,5c79058c000a0c8a21981054000a,22.27,14.2,10.0,32.1,86.0,4.18,10
2025-08-12 12:14:38.852605+00:00,70B3D57ED0045541,Hygro#55:41,Hygro,Mains of Carmyllie (LPID NO/54289/43391),56.580815,-2.747666,5c7d058e000a0b79215d1051000b,22.28,14.22,10.0,29.37,85.41,4.18,11
2025-08-12 12:29:55.571763+00:00,70B3D57ED0045541,Hygro#55:41,Hygro,Mains of Carmyllie (LPID NO/54289/43391),56.580815,-2.747666,5c7d0596000a0b6f211c1056000c,22.28,14.3,10.0,29.27,84.76,4.18,12
2025-08-12 12:45:12.279010+00:00,70B3D57ED0045541,Hygro#55:41,Hygro,Mains of Carmyllie (LPID NO/54289/43391),56.580815,-2.747666,5c770596000a0c5a21681054000d,22.26,14.3,10.0,31.62,85.52,4.18,13
2025-08-12 13:15:45.708587+00:00,70B3D57ED0045541,Hygro#55:41,Hygro,Mains of Carmyllie (LPID NO/54289/43391),56.580815,-2.747666,5c740596000a0a151f6d1054000f,22.25,14.3,10.0,25.81,80.45,4.18,15
2025-08-12 13:31:02.538638+00:00,70B3D57ED0045541,Hygro#55:41,Hygro,Mains of Carmyllie (LPID NO/54289/43391),56.580815,-2.747666,5b170596000a0947200710300010,20.89,14.3,10.0,23.75,81.99,4.14,16
2025-08-12 13:46:19.152201+00:00,70B3D57ED0045541,Hygro#55:41,Hygro,Mains of Carmyllie (LPID NO/54289/43391),56.580815,-2.747666,5c760596000a094720d210580011,22.26,14.3,10.0,23.75,84.02,4.18,17
2025-08-12 14:01:35.880461+00:00,70B3D57ED0045541,Hygro#55:41,Hygro,Mains of Carmyllie (LPID NO/54289/43391),56.580815,-2.747666,5c750596000a0947213d105a0012,22.25,14.3,10.0,23.75,85.09,4.19,18
2025-08-12 14:16:52.603904+00:00,70B3D57ED0045541,Hygro#55:41,Hygro,Mains of Carmyllie (LPID NO/54289/43391),56.580815,-2.747666,5c730596000a0934214d0f3c0013,22.24,14.3,10.0,23.56,85.25,3.9,19
2025-08-12 14:32:09.325258+00:00,70B3D57ED0045541,Hygro#55:41,Hygro,Mains of Carmyllie (LPID NO/54289/43391),56.580815,-2.747666,5c7705a0000a090a210f0f3e0014,22.26,14.4,10.0,23.14,84.63,3.9,20
2025-08-12 14:47:26.039963+00:00,70B3D57ED0045541,Hygro#55:41,Hygro,Mains of Carmyllie (LPID NO/54289/43391),56.580815,-2.747666,5c7205a0000a0a901f030f4c0015,22.24,14.4,10.0,27.04,79.39,3.92,21
2025-08-12 15:02:42.754518+00:00,70B3D57ED0045541,Hygro#55:41,Hygro,Mains of Carmyllie (LPID NO/54289/43391),56.580815,-2.747666,5c7505a0000b0a871db5105a0016,22.25,14.4,11.0,26.95,76.05,4.19,22
2025-08-12 15:17:59.470088+00:00,70B3D57ED0045541,Hygro#55:41,Hygro,Mains of Carmyllie (LPID NO/54289/43391),56.580815,-2.747666,5c7005a0000a0a231d3810560017,22.23,14.4,10.0,25.95,74.8,4.18,23
2025-08-12 15:33:16.179468+00:00,70B3D57ED0045541,Hygro#55:41,Hygro,Mains of Carmyllie (LPID NO/54289/43391),56.580815,-2.747666,5c7605a0000a0a231d2f10580018,22.26,14.4,10.0,25.95,74.71,4.18,24
2025-08-12 15:48:32.905611+00:00,70B3D57ED0045541,Hygro#55:41,Hygro,Mains of Carmyllie (LPID NO/54289/43391),56.580815,-2.747666,5c7105a0000a09fc1d13105c0019,22.24,14.4,10.0,25.56,74.43,4.19,25
2025-08-12 16:03:49.620703+00:00,70B3D57ED0045541,Hygro#55:41,Hygro,Mains of Carmyllie (LPID NO/54289/43391),56.580815,-2.747666,5c7a05a0000a09661eab1056001a,22.27,14.4,10.0,24.06,78.51,4.18,26
2025-08-12 16:19:06.349507+00:00,70B3D57ED0045541,Hygro#55:41,Hygro,Mains of Carmyllie (LPID NO/54289/43391),56.580815,-2.747666,5b9405aa000a09f61f8d103b001b,21.38,14.5,10.0,25.5,80.77,4.16,27
2025-08-13 07:33:45.443046+00:00,70B3D57ED0045541,Hygro#55:41,Hygro,Mains of Carmyllie (LPID NO/54289/43391),56.580815,-2.747666,5b6505c8000a07f1233e10330000,21.2,14.8,10.0,20.33,90.22,4.15,0
2025-08-13 07:49:02.176891+00:00,70B3D57ED0045541,Hygro#55:41,Hygro,Mains of Carmyllie (LPID NO/54289/43391),56.580815,-2.747666,5c6e05c8000a0872231d10300001,22.22,14.8,10.0,21.62,89.89,4.14,1
2025-08-13 08:04:18.900679+00:00,70B3D57ED0045541,Hygro#55:41,Hygro,Mains of Carmyllie (LPID NO/54289/43391),56.580815,-2.747666,5c6805be000a0902230110400002,22.2,14.7,10.0,23.06,89.61,4.16,2
2025-08-13 08:19:35.622023+00:00,70B3D57ED0045541,Hygro#55:41,Hygro,Mains of Carmyllie (LPID NO/54289/43391),56.580815,-2.747666,5ba305be000a092e22b2102a0003,21.44,14.7,10.0,23.5,88.82,4.14,3
2025-08-13 08:34:52.348659+00:00,70B3D57ED0045541,Hygro#55:41,Hygro,Mains of Carmyllie (LPID NO/54289/43391),56.580815,-2.747666,5bdd05be000b093a2296102e0004,21.66,14.7,11.0,23.62,88.54,4.14,4
2025-08-13 08:50:09.190678+00:00,70B3D57ED0045541,Hygro#55:41,Hygro,Mains of Carmyllie (LPID NO/54289/43391),56.580815,-2.747666,5c6805be000a097222d4104f0005,22.2,14.7,10.0,24.18,89.16,4.17,5
2025-08-13 09:05:25.774287+00:00,70B3D57ED0045541,Hygro#55:41,Hygro,Mains of Carmyllie (LPID NO/54289/43391),56.580815,-2.747666,5c6f05be000a0a9c22ff10510006,22.23,14.7,10.0,27.16,89.59,4.18,6
2025-08-13 09:20:42.485305+00:00,70B3D57ED0045541,Hygro#55:41,Hygro,Mains of Carmyllie (LPID NO/54289/43391),56.580815,-2.747666,5c6d05be000a0a9e221710510007,22.22,14.7,10.0,27.18,87.27,4.18,7
2025-08-13 09:35:59.193259+00:00,70B3D57ED0045541,Hygro#55:41,Hygro,Mains of Carmyllie (LPID NO/54289/43391),56.580815,-2.747666,5c6c05be000b0b0221bf10560008,22.22,14.7,11.0,28.18,86.39,4.18,8
2025-08-13 09:51:15.913667+00:00,70B3D57ED0045541,Hygro#55:41,Hygro,Mains of Carmyllie (LPID NO/54289/43391),56.580815,-2.747666,5c6e05be000a0ac4218510510009,22.22,14.7,10.0,27.56,85.81,4.18,9
2025-08-13 10:06:32.616020+00:00,70B3D57ED0045541,Hygro#55:41,Hygro,Mains of Carmyllie (LPID NO/54289/43391),56.580815,-2.747666,5c6905be000a0bbe21b61054000a,22.21,14.7,10.0,30.06,86.3,4.18,10
2025-08-13 10:21:49.319801+00:00,70B3D57ED0045541,Hygro#55:41,Hygro,Mains of Carmyllie (LPID NO/54289/43391),56.580815,-2.747666,5c6705be000a0c4721891054000b,22.2,14.7,10.0,31.43,85.85,4.18,11
2025-08-13 10:37:06.043962+00:00,70B3D57ED0045541,Hygro#55:41,Hygro,Mains of Carmyllie (LPID NO/54289/43391),56.580815,-2.747666,5c6c05be000a0c4e21301056000c,22.22,14.7,10.0,31.5,84.96,4.18,12
2025-08-13 10:52:24.501308+00:00,70B3D57ED0045541,Hygro#55:41,Hygro,Mains of Carmyllie (LPID NO/54289/43391),56.580815,-2.747666,5c7105be000a0cab20ff1051000d,22.24,14.7,10.0,32.43,84.47,4.18,13
2025-08-13 11:07:41.411837+00:00,70B3D57ED0045541,Hygro#55:41,Hygro,Mains of Carmyllie (LPID NO/54289/43391),56.580815,-2.747666,5c6d05be000c0c9f20d11051000e,22.22,14.7,12.0,32.31,84.01,4.18,14
2025-08-13 11:22:57.916538+00:00,70B3D57ED0045541,Hygro#55:41,Hygro,Mains of Carmyllie (LPID NO/54289/43391),56.580815,-2.747666,5c6c05be000a0bc8208f1054000f,22.22,14.7,10.0,30.16,83.35,4.18,15
2025-08-13 11:38:14.638775+00:00,70B3D57ED0045541,Hygro#55:41,Hygro,Mains of Carmyllie (LPID NO/54289/43391),56.580815,-2.747666,5c6405be000a0aca201810540010,22.19,14.7,10.0,27.62,82.16,4.18,16
2025-08-13 11:53:31.346262+00:00,70B3D57ED0045541,Hygro#55:41,Hygro,Mains of Carmyllie (LPID NO/54289/43391),56.580815,-2.747666,5c6a05be000a0a921fd610540011,22.21,14.7,10.0,27.06,81.5,4.18,17
2025-08-13 12:08:48.064722+00:00,70B3D57ED0045541,Hygro#55:41,Hygro,Mains of Carmyllie (LPID NO/54289/43391),56.580815,-2.747666,5c6205be000a0a231f9410580012,22.18,14.7,10.0,25.95,80.84,4.18,18
2025-08-13 12:24:04.783969+00:00,70B3D57ED0045541,Hygro#55:41,Hygro,Mains of Carmyllie (LPID NO/54289/43391),56.580815,-2.747666,5c6605be000a0a731f4710560013,22.19,14.7,10.0,26.75,80.07,4.18,19
2025-08-13 12:39:21.501303+00:00,70B3D57ED0045541,Hygro#55:41,Hygro,Mains of Carmyllie (LPID NO/54289/43391),56.580815,-2.747666,5c6a05be000a0a411ef410560014,22.21,14.7,10.0,26.25,79.24,4.18,20
2025-08-13 12:54:38.212112+00:00,70B3D57ED0045541,Hygro#55:41,Hygro,Mains of Carmyllie (LPID NO/54289/43391),56.580815,-2.747666,5c6905be000a0ab11ea610580015,22.21,14.7,10.0,27.37,78.46,4.18,21
2025-08-13 13:09:55.169721+00:00,70B3D57ED0045541,Hygro#55:41,Hygro,Mains of Carmyllie (LPID NO/54289/43391),56.580815,-2.747666,5c6905c8000a0abe1e9d10580016,22.21,14.8,10.0,27.5,78.37,4.18,22
2025-08-13 13:25:11.642554+00:00,70B3D57ED0045541,Hygro#55:41,Hygro,Mains of Carmyllie (LPID NO/54289/43391),56.580815,-2.747666,5c6105c8000b0b1b1e7c10560017,22.17,14.8,11.0,28.43,78.04,4.18,23
2025-08-13 13:40:28.353385+00:00,70B3D57ED0045541,Hygro#55:41,Hygro,Mains of Carmyllie (LPID NO/54289/43391),56.580815,-2.747666,5c6105c8000a0b281e0f10580018,22.17,14.8,10.0,28.56,76.95,4.18,24
2025-08-13 13:55:46.816855+00:00,70B3D57ED0045541,Hygro#55:41,Hygro,Mains of Carmyllie (LPID NO/54289/43391),56.580815,-2.747666,5c6105c8000a0b341dd410560019,22.17,14.8,10.0,28.68,76.36,4.18,25
2025-08-13 14:11:03.531923+00:00,70B3D57ED0045541,Hygro#55:41,Hygro,Mains of Carmyllie (LPID NO/54289/43391),56.580815,-2.747666,5c6205c8000a0b3d1d911054001a,22.18,14.8,10.0,28.77,75.69,4.18,26
2025-08-13 14:26:20.235665+00:00,70B3D57ED0045541,Hygro#55:41,Hygro,Mains of Carmyllie (LPID NO/54289/43391),56.580815,-2.747666,5c6005c8000a0b191d881054001b,22.17,14.8,10.0,28.41,75.6,4.18,27
2025-08-13 14:41:36.952585+00:00,70B3D57ED0045541,Hygro#55:41,Hygro,Mains of Carmyllie (LPID NO/54289/43391),56.580815,-2.747666,5c5d05c8000a0a6c1d581054001c,22.16,14.8,10.0,26.68,75.12,4.18,28
2025-08-13 14:56:53.667152+00:00,70B3D57ED0045541,Hygro#55:41,Hygro,Mains of Carmyllie (LPID NO/54289/43391),56.580815,-2.747666,5c6105c8000a0a471d0e1058001d,22.17,14.8,10.0,26.31,74.38,4.18,29
2025-08-13 15:12:17.401106+00:00,70B3D57ED0045541,Hygro#55:41,Hygro,Mains of Carmyllie (LPID NO/54289/43391),56.580815,-2.747666,5c6305d2000a06b41d091056001e,22.18,14.9,10.0,17.16,74.33,4.18,30
2025-08-13 15:27:34.113344+00:00,70B3D57ED0045541,Hygro#55:41,Hygro,Mains of Carmyllie (LPID NO/54289/43391),56.580815,-2.747666,5c5b05d2000a09f61d1b1058001f,22.15,14.9,10.0,25.5,74.51,4.18,31
2025-08-13 15:42:50.830119+00:00,70B3D57ED0045541,Hygro#55:41,Hygro,Mains of Carmyllie (LPID NO/54289/43391),56.580815,-2.747666,5c5b05d2000a09d21d46105a0020,22.15,14.9,10.0,25.14,74.94,4.19,32
2025-08-13 15:58:07.547886+00:00,70B3D57ED0045541,Hygro#55:41,Hygro,Mains of Carmyllie (LPID NO/54289/43391),56.580815,-2.747666,5c6205d2000a09ce1d7e10560021,22.18,14.9,10.0,25.1,75.5,4.18,33
2025-08-13 16:13:24.265329+00:00,70B3D57ED0045541,Hygro#55:41,Hygro,Mains of Carmyllie (LPID NO/54289/43391),56.580815,-2.747666,5c6205d2000a099e1e7210560022,22.18,14.9,10.0,24.62,77.94,4.18,34
2025-08-14 08:21:10.372566+00:00,70B3D57ED0045541,Hygro#55:41,Hygro,Mains of Carmyllie (LPID NO/54289/43391),56.580815,-2.747666,5c5605e4000b213422ac10330000,22.13,15.08,11.0,85.0,88.76,4.15,0
2025-08-14 08:36:27.098495+00:00,70B3D57ED0045541,Hygro#55:41,Hygro,Mains of Carmyllie (LPID NO/54289/43391),56.580815,-2.747666,5c5905dc000b087222b510490001,22.14,15.0,11.0,21.62,88.85,4.17,1
2025-08-14 08:51:43.813987+00:00,70B3D57ED0045541,Hygro#55:41,Hygro,Mains of Carmyllie (LPID NO/54289/43391),56.580815,-2.747666,5c5405dc000a094b2265104f0002,22.12,15.0,10.0,23.79,88.05,4.17,2
2025-08-14 09:07:00.546489+00:00,70B3D57ED0045541,Hygro#55:41,Hygro,Mains of Carmyllie (LPID NO/54289/43391),56.580815,-2.747666,5c5a05dc000a08c3227110560003,22.15,15.0,10.0,22.43,88.17,4.18,3
2025-08-14 09:22:17.255194+00:00,70B3D57ED0045541,Hygro#55:41,Hygro,Mains of Carmyllie (LPID NO/54289/43391),56.580815,-2.747666,5c5305dc000b097b226b10510004,22.12,15.0,11.0,24.27,88.11,4.18,4
2025-08-14 09:37:33.974039+00:00,70B3D57ED0045541,Hygro#55:41,Hygro,Mains of Carmyllie (LPID NO/54289/43391),56.580815,-2.747666,5c5905dc000b0a3c220010540005,22.14,15.0,11.0,26.2,87.04,4.18,5
2025-08-14 09:52:50.696286+00:00,70B3D57ED0045541,Hygro#55:41,Hygro,Mains of Carmyllie (LPID NO/54289/43391),56.580815,-2.747666,5c5b05dc000b0a5a220810510006,22.15,15.0,11.0,26.5,87.12,4.18,6
2025-08-14 10:08:07.401099+00:00,70B3D57ED0045541,Hygro#55:41,Hygro,Mains of Carmyllie (LPID NO/54289/43391),56.580815,-2.747666,5c5305dc000b0a8c219210510007,22.12,15.0,11.0,27.0,85.94,4.18,7
2025-08-14 10:23:24.111146+00:00,70B3D57ED0045541,Hygro#55:41,Hygro,Mains of Carmyllie (LPID NO/54289/43391),56.580815,-2.747666,5c5005dc000b0b32212610510008,22.11,15.0,11.0,28.66,84.86,4.18,8
2025-08-14 10:38:40.831281+00:00,70B3D57ED0045541,Hygro#55:41,Hygro,Mains of Carmyllie (LPID NO/54289/43391),56.580815,-2.747666,5c5405dc000b0b6d2122104f0009,22.12,15.0,11.0,29.25,84.82,4.17,9
2025-08-14 11:09:14.269914+00:00,70B3D57ED0045541,Hygro#55:41,Hygro,Mains of Carmyllie (LPID NO/54289/43391),56.580815,-2.747666,5c5305dc000b0c1520981054000b,22.12,15.0,11.0,30.93,83.44,4.18,11
2025-08-14 11:24:30.978464+00:00,70B3D57ED0045541,Hygro#55:41,Hygro,Mains of Carmyllie (LPID NO/54289/43391),56.580815,-2.747666,5c5705dc000b0ce11fd81054000c,22.14,15.0,11.0,32.97,81.52,4.18,12
2025-08-14 11:39:47.695390+00:00,70B3D57ED0045541,Hygro#55:41,Hygro,Mains of Carmyllie (LPID NO/54289/43391),56.580815,-2.747666,5c4d05dc000b0ccd1f6e1056000d,22.1,15.0,11.0,32.77,80.46,4.18,13
2025-08-14 11:55:04.406549+00:00,70B3D57ED0045541,Hygro#55:41,Hygro,Mains of Carmyllie (LPID NO/54289/43391),56.580815,-2.747666,5c5205dc000b0c3d1f9d1054000e,22.12,15.0,11.0,31.33,80.93,4.18,14
2025-08-14 12:10:21.121730+00:00,70B3D57ED0045541,Hygro#55:41,Hygro,Mains of Carmyllie (LPID NO/54289/43391),56.580815,-2.747666,5c5905dc000a0c9f1f5b104f000f,22.14,15.0,10.0,32.31,80.27,4.17,15
2025-08-14 12:25:37.818898+00:00,70B3D57ED0045541,Hygro#55:41,Hygro,Mains of Carmyllie (LPID NO/54289/43391),56.580815,-2.747666,5c5205dc000a0d4a1ecc10510010,22.12,15.0,10.0,34.02,78.84,4.18,16
2025-08-14 12:40:54.539980+00:00,70B3D57ED0045541,Hygro#55:41,Hygro,Mains of Carmyllie (LPID NO/54289/43391),56.580815,-2.747666,5c4e05dc000b0d0b1e5810510011,22.1,15.0,11.0,33.39,77.68,4.18,17
2025-08-14 12:56:13.010508+00:00,70B3D57ED0045541,Hygro#55:41,Hygro,Mains of Carmyllie (LPID NO/54289/43391),56.580815,-2.747666,5c5305dc000b0c091f3e10540012,22.12,15.0,11.0,30.81,79.98,4.18,18
2025-08-14 13:11:29.717850+00:00,70B3D57ED0045541,Hygro#55:41,Hygro,Mains of Carmyllie (LPID NO/54289/43391),56.580815,-2.747666,5c5005dc000b0c491f7d10540013,22.11,15.0,11.0,31.45,80.61,4.18,19
2025-08-14 13:26:46.433772+00:00,70B3D57ED0045541,Hygro#55:41,Hygro,Mains of Carmyllie (LPID NO/54289/43391),56.580815,-2.747666,5c4705dc000b0bd11f3210540014,22.07,15.0,11.0,30.25,79.86,4.18,20
2025-08-15 13:11:56.155213+00:00,70B3D57ED0045541,Hygro#55:41,Hygro,Mains of Carmyllie (LPID NO/54289/43391),56.580815,-2.747666,5dc20604000d06462432103e0000,23.54,15.4,13.0,16.06,92.66,4.16,0
2025-08-15 13:47:33.012128+00:00,70B3D57ED0045541,Hygro#55:41,Hygro,Mains of Carmyllie (LPID NO/54289/43391),56.580815,-2.747666,5dc30604000d06ef23bc10580001,23.55,15.4,13.0,17.75,91.48,4.18,1
2025-08-15 14:02:49.749466+00:00,70B3D57ED0045541,Hygro#55:41,Hygro,Mains of Carmyllie (LPID NO/54289/43391),56.580815,-2.747666,5dc80604000c06ef239110560002,23.57,15.4,12.0,17.75,91.05,4.18,2
2025-08-15 14:23:53.615488+00:00,70B3D57ED0045541,Hygro#55:41,Hygro,Mains of Carmyllie (LPID NO/54289/43391),56.580815,-2.747666,5d0a0604000e06b0236810350000,22.83,15.4,14.0,17.12,90.64,4.15,0
2025-08-15 15:32:59.934172+00:00,70B3D57ED0045541,Hygro#55:41,Hygro,Mains of Carmyllie (LPID NO/54289/43391),56.580815,-2.747666,5d0b0604000d0712236f10370001,22.83,15.4,13.0,18.1,90.71,4.15,1
2025-08-16 11:06:21.343068+00:00,70B3D57ED0045541,Hygro#55:41,Hygro,Mains of Carmyllie (LPID NO/54289/43391),56.580815,-2.747666,5e2705dc000e068b23ed10350000,23.94,15.0,14.0,16.75,91.97,4.15,0
2025-08-16 11:21:38.121417+00:00,70B3D57ED0045541,Hygro#55:41,Hygro,Mains of Carmyllie (LPID NO/54289/43391),56.580815,-2.747666,5e2905dc000e06e823e210350001,23.94,15.0,14.0,17.68,91.86,4.15,1
2025-08-16 11:36:54.823338+00:00,70B3D57ED0045541,Hygro#55:41,Hygro,Mains of Carmyllie (LPID NO/54289/43391),56.580815,-2.747666,5e2705dc000e06fb23ba10300002,23.94,15.0,14.0,17.87,91.46,4.14,2
2025-08-16 12:07:28.304780+00:00,70B3D57ED0045541,Hygro#55:41,Hygro,Mains of Carmyllie (LPID NO/54289/43391),56.580815,-2.747666,5e2705dc000d0746239010560004,23.94,15.0,13.0,18.62,91.04,4.18,4
2025-08-16 12:22:45.033495+00:00,70B3D57ED0045541,Hygro#55:41,Hygro,Mains of Carmyllie (LPID NO/54289/43391),56.580815,-2.747666,5e2b05dc000e0748232d10510005,23.95,15.0,14.0,18.64,90.05,4.18,5
2025-08-16 12:38:01.767177+00:00,70B3D57ED0045541,Hygro#55:41,Hygro,Mains of Carmyllie (LPID NO/54289/43391),56.580815,-2.747666,5e2905dc000e081f21e810510006,23.94,15.0,14.0,20.79,86.8,4.18,6
2025-08-16 12:53:18.491409+00:00,70B3D57ED0045541,Hygro#55:41,Hygro,Mains of Carmyllie (LPID NO/54289/43391),56.580815,-2.747666,5e2b05d2000d0891223a10560007,23.95,14.9,13.0,21.93,87.62,4.18,7
2025-08-16 13:08:35.199847+00:00,70B3D57ED0045541,Hygro#55:41,Hygro,Mains of Carmyllie (LPID NO/54289/43391),56.580815,-2.747666,5e2c05d2000e08d621df10510008,23.95,14.9,14.0,22.62,86.71,4.18,8
2025-08-16 13:23:51.931807+00:00,70B3D57ED0045541,Hygro#55:41,Hygro,Mains of Carmyllie (LPID NO/54289/43391),56.580815,-2.747666,5e3105d2000d08aa20c910540009,23.97,14.9,13.0,22.18,83.93,4.18,9
2025-08-16 13:39:08.648931+00:00,70B3D57ED0045541,Hygro#55:41,Hygro,Mains of Carmyllie (LPID NO/54289/43391),56.580815,-2.747666,5e2d05d2000e08e31fc8104f000a,23.96,14.9,14.0,22.75,81.36,4.17,10
2025-08-16 13:54:25.377662+00:00,70B3D57ED0045541,Hygro#55:41,Hygro,Mains of Carmyllie (LPID NO/54289/43391),56.580815,-2.747666,5e2d05d2000e08c31fd61051000b,23.96,14.9,14.0,22.43,81.5,4.18,11
2025-08-16 14:09:42.093543+00:00,70B3D57ED0045541,Hygro#55:41,Hygro,Mains of Carmyllie (LPID NO/54289/43391),56.580815,-2.747666,5e3005d2000d097f1e9c1054000c,23.97,14.9,13.0,24.31,78.36,4.18,12
2025-08-16 14:24:58.805774+00:00,70B3D57ED0045541,Hygro#55:41,Hygro,Mains of Carmyllie (LPID NO/54289/43391),56.580815,-2.747666,5e2e05d2000e09811e141054000d,23.96,14.9,14.0,24.33,77.0,4.18,13
2025-08-16 14:40:15.526094+00:00,70B3D57ED0045541,Hygro#55:41,Hygro,Mains of Carmyllie (LPID NO/54289/43391),56.580815,-2.747666,5e3005d2000e09a41db21054000e,23.97,14.9,14.0,24.68,76.02,4.18,14
2025-08-16 14:55:32.236964+00:00,70B3D57ED0045541,Hygro#55:41,Hygro,Mains of Carmyllie (LPID NO/54289/43391),56.580815,-2.747666,5e3305d2000e09921cbb1056000f,23.98,14.9,14.0,24.5,73.55,4.18,15
2025-08-16 15:10:48.950778+00:00,70B3D57ED0045541,Hygro#55:41,Hygro,Mains of Carmyllie (LPID NO/54289/43391),56.580815,-2.747666,5e2f05d2000d08f31c5b10540010,23.97,14.9,13.0,22.91,72.59,4.18,16
2025-08-16 15:26:05.677634+00:00,70B3D57ED0045541,Hygro#55:41,Hygro,Mains of Carmyllie (LPID NO/54289/43391),56.580815,-2.747666,5e2f05d2000d085f1c3410540011,23.97,14.9,13.0,21.43,72.2,4.18,17
2025-08-16 15:41:22.397241+00:00,70B3D57ED0045541,Hygro#55:41,Hygro,Mains of Carmyllie (LPID NO/54289/43391),56.580815,-2.747666,5e2f05d2000e08531ca510580012,23.97,14.9,14.0,21.31,73.33,4.18,18
2025-08-16 15:56:39.110320+00:00,70B3D57ED0045541,Hygro#55:41,Hygro,Mains of Carmyllie (LPID NO/54289/43391),56.580815,-2.747666,5e3005d2000d08141ca010580013,23.97,14.9,13.0,20.68,73.28,4.18,19
2025-08-17 08:16:46.429417+00:00,70B3D57ED0045541,Hygro#55:41,Hygro,Mains of Carmyllie (LPID NO/54289/43391),56.580815,-2.747666,5e4405be000e074c24df10330000,24.05,14.7,14.0,18.68,94.39,4.15,0
2025-08-17 08:32:04.919618+00:00,70B3D57ED0045541,Hygro#55:41,Hygro,Mains of Carmyllie (LPID NO/54289/43391),56.580815,-2.747666,5e4e05be000e07a4251510490001,24.09,14.7,14.0,19.56,94.93,4.17,1
2025-08-17 08:47:21.649008+00:00,70B3D57ED0045541,Hygro#55:41,Hygro,Mains of Carmyllie (LPID NO/54289/43391),56.580815,-2.747666,5e4805be000d083a249910540002,24.06,14.7,13.0,21.06,93.69,4.18,2
2025-08-17 09:02:38.371481+00:00,70B3D57ED0045541,Hygro#55:41,Hygro,Mains of Carmyllie (LPID NO/54289/43391),56.580815,-2.747666,5e4905be000d087f240e10540003,24.07,14.7,13.0,21.75,92.3,4.18,3
2025-08-17 09:17:55.093030+00:00,70B3D57ED0045541,Hygro#55:41,Hygro,Mains of Carmyllie (LPID NO/54289/43391),56.580815,-2.747666,5e4b05be000d0908239710540004,24.08,14.7,13.0,23.12,91.11,4.18,4
2025-08-17 09:33:11.818831+00:00,70B3D57ED0045541,Hygro#55:41,Hygro,Mains of Carmyllie (LPID NO/54289/43391),56.580815,-2.747666,5e4705be000e0938231510540005,24.06,14.7,14.0,23.6,89.81,4.18,5
2025-08-17 09:48:28.547039+00:00,70B3D57ED0045541,Hygro#55:41,Hygro,Mains of Carmyllie (LPID NO/54289/43391),56.580815,-2.747666,5e4805be000d0927227b10540006,24.06,14.7,13.0,23.43,88.27,4.18,6
2025-08-17 10:03:45.274149+00:00,70B3D57ED0045541,Hygro#55:41,Hygro,Mains of Carmyllie (LPID NO/54289/43391),56.580815,-2.747666,5e4905be000e0972223510510007,24.07,14.7,14.0,24.18,87.57,4.18,7
2025-08-17 10:19:01.988685+00:00,70B3D57ED0045541,Hygro#55:41,Hygro,Mains of Carmyllie (LPID NO/54289/43391),56.580815,-2.747666,5e4605b4000e093421df10510008,24.06,14.6,14.0,23.56,86.71,4.18,8
2025-08-17 10:34:18.716429+00:00,70B3D57ED0045541,Hygro#55:41,Hygro,Mains of Carmyllie (LPID NO/54289/43391),56.580815,-2.747666,5e4705b4000e099821c4105a0009,24.06,14.6,14.0,24.56,86.44,4.19,9
2025-08-17 10:49:35.442826+00:00,70B3D57ED0045541,Hygro#55:41,Hygro,Mains of Carmyllie (LPID NO/54289/43391),56.580815,-2.747666,5e4705b4000e098b21861056000a,24.06,14.6,14.0,24.43,85.82,4.18,10
2025-08-17 11:04:52.149391+00:00,70B3D57ED0045541,Hygro#55:41,Hygro,Mains of Carmyllie (LPID NO/54289/43391),56.580815,-2.747666,5e4805b4000d09e1219e1058000b,24.06,14.6,13.0,25.29,86.06,4.18,11
2025-08-17 11:20:10.632863+00:00,70B3D57ED0045541,Hygro#55:41,Hygro,Mains of Carmyllie (LPID NO/54289/43391),56.580815,-2.747666,5e4805b4000e09bd213d1058000c,24.06,14.6,14.0,24.93,85.09,4.18,12
2025-08-17 11:35:27.353427+00:00,70B3D57ED0045541,Hygro#55:41,Hygro,Mains of Carmyllie (LPID NO/54289/43391),56.580815,-2.747666,5e4c05b4000d09ed20e41058000d,24.08,14.6,13.0,25.41,84.2,4.18,13
2025-08-17 11:50:44.069581+00:00,70B3D57ED0045541,Hygro#55:41,Hygro,Mains of Carmyllie (LPID NO/54289/43391),56.580815,-2.747666,5e4a05b4000e09eb206c1058000e,24.07,14.6,14.0,25.39,83.0,4.18,14
2025-08-17 12:06:00.782503+00:00,70B3D57ED0045541,Hygro#55:41,Hygro,Mains of Carmyllie (LPID NO/54289/43391),56.580815,-2.747666,5e4905b4000d09e31ffa1051000f,24.07,14.6,13.0,25.31,81.86,4.18,15
2025-08-17 12:21:17.510854+00:00,70B3D57ED0045541,Hygro#55:41,Hygro,Mains of Carmyllie (LPID NO/54289/43391),56.580815,-2.747666,5e4605be000f09dd1f3910560010,24.06,14.7,15.0,25.25,79.93,4.18,16
2025-08-17 12:36:34.221161+00:00,70B3D57ED0045541,Hygro#55:41,Hygro,Mains of Carmyllie (LPID NO/54289/43391),56.580815,-2.747666,5e4805be000e09fc1ea210540011,24.06,14.7,14.0,25.56,78.42,4.18,17
2025-08-17 12:51:50.937384+00:00,70B3D57ED0045541,Hygro#55:41,Hygro,Mains of Carmyllie (LPID NO/54289/43391),56.580815,-2.747666,5e4905be000f09da1e0b10540012,24.07,14.7,15.0,25.22,76.91,4.18,18
2025-08-17 13:07:07.667051+00:00,70B3D57ED0045541,Hygro#55:41,Hygro,Mains of Carmyllie (LPID NO/54289/43391),56.580815,-2.747666,5e4905be000d09ca1dae10540013,24.07,14.7,13.0,25.06,75.98,4.18,19
2025-08-17 13:22:24.373172+00:00,70B3D57ED0045541,Hygro#55:41,Hygro,Mains of Carmyllie (LPID NO/54289/43391),56.580815,-2.747666,5e4c05be000f09c81d7010540014,24.08,14.7,15.0,25.04,75.36,4.18,20
2025-08-17 13:37:41.096627+00:00,70B3D57ED0045541,Hygro#55:41,Hygro,Mains of Carmyllie (LPID NO/54289/43391),56.580815,-2.747666,5e4b05be000e09851cff10580015,24.08,14.7,14.0,24.37,74.23,4.18,21
2025-08-17 13:52:57.809812+00:00,70B3D57ED0045541,Hygro#55:41,Hygro,Mains of Carmyllie (LPID NO/54289/43391),56.580815,-2.747666,5e4d05be000e093a1cc510560016,24.08,14.7,14.0,23.62,73.65,4.18,22
2025-08-17 14:08:14.524250+00:00,70B3D57ED0045541,Hygro#55:41,Hygro,Mains of Carmyllie (LPID NO/54289/43391),56.580815,-2.747666,5e4805be000e092e1ca010560017,24.06,14.7,14.0,23.5,73.28,4.18,23
2025-08-17 14:23:31.248941+00:00,70B3D57ED0045541,Hygro#55:41,Hygro,Mains of Carmyllie (LPID NO/54289/43391),56.580815,-2.747666,5e4705be000d09341c7610540018,24.06,14.7,13.0,23.56,72.86,4.18,24
2025-08-17 14:38:47.962245+00:00,70B3D57ED0045541,Hygro#55:41,Hygro,Mains of Carmyllie (LPID NO/54289/43391),56.580815,-2.747666,5e4805be000e08dc1c3410580019,24.06,14.7,14.0,22.68,72.2,4.18,25
2025-08-17 14:54:04.691388+00:00,70B3D57ED0045541,Hygro#55:41,Hygro,Mains of Carmyllie (LPID NO/54289/43391),56.580815,-2.747666,5e4b05be000e08c31c431056001a,24.08,14.7,14.0,22.43,72.35,4.18,26
2025-08-17 15:09:35.461743+00:00,70B3D57ED0045541,Hygro#55:41,Hygro,Mains of Carmyllie (LPID NO/54289/43391),56.580815,-2.747666,5e4605be000e08981c411056001b,24.06,14.7,14.0,22.0,72.33,4.18,27
2025-08-17 15:24:52.177595+00:00,70B3D57ED0045541,Hygro#55:41,Hygro,Mains of Carmyllie (LPID NO/54289/43391),56.580815,-2.747666,5e4805be000e084f1c341056001c,24.06,14.7,14.0,21.27,72.2,4.18,28
2025-08-17 15:40:08.901413+00:00,70B3D57ED0045541,Hygro#55:41,Hygro,Mains of Carmyllie (LPID NO/54289/43391),56.580815,-2.747666,5e4805c8000d082d1c421056001d,24.06,14.8,13.0,20.93,72.34,4.18,29
2025-08-17 15:55:25.631226+00:00,70B3D57ED0045541,Hygro#55:41,Hygro,Mains of Carmyllie (LPID NO/54289/43391),56.580815,-2.747666,5e4605c8000d08141c341056001e,24.06,14.8,13.0,20.68,72.2,4.18,30
2025-08-17 16:10:42.354796+00:00,70B3D57ED0045541,Hygro#55:41,Hygro,Mains of Carmyllie (LPID NO/54289/43391),56.580815,-2.747666,5e2f05c8000e07ef1d201044001f,23.97,14.8,14.0,20.31,74.56,4.16,31
2025-08-18 09:05:36.345155+00:00,70B3D57ED0045541,Hygro#55:41,Hygro,Mains of Carmyllie (LPID NO/54289/43391),56.580815,-2.747666,5e4f05c8000e1825239710580000,24.09,14.8,14.0,61.81,91.11,4.18,0
2025-08-18 16:06:36.482069+00:00,70B3D57ED0045541,Hygro#55:41,Hygro,Mains of Carmyllie (LPID NO/54289/43391),56.580815,-2.747666,5e5405be000e07011dab0f780001,24.11,14.7,14.0,17.93,75.95,3.96,1
2025-08-18 16:35:08.062421+00:00,70B3D57ED0045541,Hygro#55:41,Hygro,Mains of Carmyllie (LPID NO/54289/43391),56.580815,-2.747666,5e4f05be000e06b61fb80f360000,24.09,14.7,14.0,17.18,81.2,3.89,0
2025-08-19 09:34:46.902045+00:00,70B3D57ED0045541,Hygro#55:41,Hygro,Mains of Carmyllie (LPID NO/54289/43391),56.580815,-2.747666,5d5c05aa000f0622242e102c0001,23.15,14.5,15.0,15.7,92.62,4.14,1
2025-08-19 09:50:03.654662+00:00,70B3D57ED0045541,Hygro#55:41,Hygro,Mains of Carmyllie (LPID NO/54289/43391),56.580815,-2.747666,5d5905aa000e06202411102a0002,23.14,14.5,14.0,15.68,92.33,4.14,2
2025-08-19 10:05:20.389527+00:00,70B3D57ED0045541,Hygro#55:41,Hygro,Mains of Carmyllie (LPID NO/54289/43391),56.580815,-2.747666,5e5205aa000e078b246c105a0003,24.1,14.5,14.0,19.31,93.24,4.19,3
2025-08-19 10:20:37.134490+00:00,70B3D57ED0045541,Hygro#55:41,Hygro,Mains of Carmyllie (LPID NO/54289/43391),56.580815,-2.747666,5e5505aa000d06da23f910560004,24.11,14.5,13.0,17.54,92.09,4.18,4
2025-08-19 10:35:53.870229+00:00,70B3D57ED0045541,Hygro#55:41,Hygro,Mains of Carmyllie (LPID NO/54289/43391),56.580815,-2.747666,5e5305aa000e06ef23e2105a0005,24.11,14.5,14.0,17.75,91.86,4.19,5
2025-08-19 11:12:44.939403+00:00,70B3D57ED0045541,Hygro#55:41,Hygro,Mains of Carmyllie (LPID NO/54289/43391),56.580815,-2.747666,5e5705aa000e06c3238a10490000,24.12,14.5,14.0,17.31,90.98,4.17,0
2025-08-19 11:28:01.675914+00:00,70B3D57ED0045541,Hygro#55:41,Hygro,Mains of Carmyllie (LPID NO/54289/43391),56.580815,-2.747666,5da805aa000e06fb23af10330001,23.44,14.5,14.0,17.87,91.35,4.15,1
2025-08-19 12:18:44.831629+00:00,70B3D57ED0045541,Hygro#55:41,Hygro,Mains of Carmyllie (LPID NO/54289/43391),56.580815,-2.747666,5d5e05a0000e183c237310370000,23.16,14.4,14.0,62.04,90.75,4.15,0
2025-08-20 08:35:12.304802+00:00,70B3D57ED0045541,Hygro#55:41,Hygro,Mains of Carmyllie (LPID NO/54289/43391),56.580815,-2.747666,5e550578000e05ee244910580001,24.11,14.0,14.0,15.18,92.89,4.18,1
2025-08-20 08:54:24.243216+00:00,70B3D57ED0045541,Hygro#55:41,Hygro,Mains of Carmyllie (LPID NO/54289/43391),56.580815,-2.747666,5d7e0578000e05b623d110510000,23.28,14.0,14.0,14.62,91.69,4.18,0
2025-08-20 09:52:21.586985+00:00,70B3D57ED0045541,Hygro#55:41,Hygro,Mains of Carmyllie (LPID NO/54289/43391),56.580815,-2.747666,5cf50578000e0659238e10250001,22.75,14.0,14.0,16.25,91.02,4.13,1
2025-08-20 10:22:55.076198+00:00,70B3D57ED0045541,Hygro#55:41,Hygro,Mains of Carmyllie (LPID NO/54289/43391),56.580815,-2.747666,5d750578000e0684236610300003,23.25,14.0,14.0,16.68,90.62,4.14,3
2025-08-20 10:38:11.813479+00:00,70B3D57ED0045541,Hygro#55:41,Hygro,Mains of Carmyllie (LPID NO/54289/43391),56.580815,-2.747666,5e500578000e07aa241510540004,24.09,14.0,14.0,19.62,92.37,4.18,4
2025-08-20 10:53:28.559878+00:00,70B3D57ED0045541,Hygro#55:41,Hygro,Mains of Carmyllie (LPID NO/54289/43391),56.580815,-2.747666,5e4f0578000e06c722ee10560005,24.09,14.0,14.0,17.35,89.42,4.18,5
2025-08-20 11:08:45.286122+00:00,70B3D57ED0045541,Hygro#55:41,Hygro,Mains of Carmyllie (LPID NO/54289/43391),56.580815,-2.747666,5e500578000e0827234110540006,24.09,14.0,14.0,20.87,90.25,4.18,6
2025-08-20 11:24:02.023592+00:00,70B3D57ED0045541,Hygro#55:41,Hygro,Mains of Carmyllie (LPID NO/54289/43391),56.580815,-2.747666,5e4f0578000e07c922c710560007,24.09,14.0,14.0,19.93,89.03,4.18,7
2025-08-20 11:39:18.764508+00:00,70B3D57ED0045541,Hygro#55:41,Hygro,Mains of Carmyllie (LPID NO/54289/43391),56.580815,-2.747666,5e500578000e079722d0105a0008,24.09,14.0,14.0,19.43,89.12,4.19,8
2025-08-20 11:54:35.495553+00:00,70B3D57ED0045541,Hygro#55:41,Hygro,Mains of Carmyllie (LPID NO/54289/43391),56.580815,-2.747666,5e4c0578000e089c225a10560009,24.08,14.0,14.0,22.04,87.94,4.18,9
2025-08-20 12:09:52.217415+00:00,70B3D57ED0045541,Hygro#55:41,Hygro,Mains of Carmyllie (LPID NO/54289/43391),56.580815,-2.747666,5e500578000e088b2167105a000a,24.09,14.0,14.0,21.87,85.51,4.19,10
2025-08-20 12:25:08.942531+00:00,70B3D57ED0045541,Hygro#55:41,Hygro,Mains of Carmyllie (LPID NO/54289/43391),56.580815,-2.747666,5e4e0578000e093621021058000b,24.09,14.0,14.0,23.58,84.5,4.18,11
2025-08-20 12:40:25.664028+00:00,70B3D57ED0045541,Hygro#55:41,Hygro,Mains of Carmyllie (LPID NO/54289/43391),56.580815,-2.747666,5e4e0578000e089820911056000c,24.09,14.0,14.0,22.0,83.37,4.18,12
2025-08-20 12:55:42.390853+00:00,70B3D57ED0045541,Hygro#55:41,Hygro,Mains of Carmyllie (LPID NO/54289/43391),56.580815,-2.747666,5e4a0578000e0808202e1058000d,24.07,14.0,14.0,20.56,82.38,4.18,13
2025-08-20 13:10:59.118682+00:00,70B3D57ED0045541,Hygro#55:41,Hygro,Mains of Carmyllie (LPID NO/54289/43391),56.580815,-2.747666,5e4c0578000f08e01fdb1058000e,24.08,14.0,15.0,22.72,81.55,4.18,14
2025-08-20 13:26:15.844212+00:00,70B3D57ED0045541,Hygro#55:41,Hygro,Mains of Carmyllie (LPID NO/54289/43391),56.580815,-2.747666,5e4b0578000e0889200f1058000f,24.08,14.0,14.0,21.85,82.07,4.18,15
2025-08-20 13:41:32.576008+00:00,70B3D57ED0045541,Hygro#55:41,Hygro,Mains of Carmyllie (LPID NO/54289/43391),56.580815,-2.747666,5e4d0578000e0727203510580010,24.08,14.0,14.0,18.31,82.45,4.18,16
2025-08-20 13:56:49.306419+00:00,70B3D57ED0045541,Hygro#55:41,Hygro,Mains of Carmyllie (LPID NO/54289/43391),56.580815,-2.747666,5e4c0578000e07c91f2710560011,24.08,14.0,14.0,19.93,79.75,4.18,17
2025-08-20 14:12:06.035468+00:00,70B3D57ED0045541,Hygro#55:41,Hygro,Mains of Carmyllie (LPID NO/54289/43391),56.580815,-2.747666,5e4a0578000e07c31eb110580012,24.07,14.0,14.0,19.87,78.57,4.18,18
2025-08-20 14:27:22.768825+00:00,70B3D57ED0045541,Hygro#55:41,Hygro,Mains of Carmyllie (LPID NO/54289/43391),56.580815,-2.747666,5e490578000e07651e90105a0013,24.07,14.0,14.0,18.93,78.24,4.19,19
2025-08-20 14:42:39.501182+00:00,70B3D57ED0045541,Hygro#55:41,Hygro,Mains of Carmyllie (LPID NO/54289/43391),56.580815,-2.747666,5e480578000e073a1e6c10580014,24.06,14.0,14.0,18.5,77.88,4.18,20
2025-08-20 14:57:56.227555+00:00,70B3D57ED0045541,Hygro#55:41,Hygro,Mains of Carmyllie (LPID NO/54289/43391),56.580815,-2.747666,5e480578000e072d1e3610580015,24.06,14.0,14.0,18.37,77.34,4.18,21
2025-08-20 15:13:12.967433+00:00,70B3D57ED0045541,Hygro#55:41,Hygro,Mains of Carmyllie (LPID NO/54289/43391),56.580815,-2.747666,5e470578000f06ea1e99105a0016,24.06,14.0,15.0,17.7,78.33,4.19,22
2025-08-20 15:28:29.704126+00:00,70B3D57ED0045541,Hygro#55:41,Hygro,Mains of Carmyllie (LPID NO/54289/43391),56.580815,-2.747666,5e480578000f06e81ea610580017,24.06,14.0,15.0,17.68,78.46,4.18,23
2025-08-20 15:43:46.443512+00:00,70B3D57ED0045541,Hygro#55:41,Hygro,Mains of Carmyllie (LPID NO/54289/43391),56.580815,-2.747666,5e4a0578000e065d1f4010580018,24.07,14.0,14.0,16.29,80.0,4.18,24
2025-08-20 15:59:03.170778+00:00,70B3D57ED0045541,Hygro#55:41,Hygro,Mains of Carmyllie (LPID NO/54289/43391),56.580815,-2.747666,5e480578000e06aa1fb1105c0019,24.06,14.0,14.0,17.06,81.13,4.19,25
2025-08-20 16:14:21.673070+00:00,70B3D57ED0045541,Hygro#55:41,Hygro,Mains of Carmyllie (LPID NO/54289/43391),56.580815,-2.747666,5e460578000e06912063105a001a,24.06,14.0,14.0,16.81,82.91,4.19,26
2025-08-21 08:36:47.817428+00:00,70B3D57ED0045541,Hygro#55:41,Hygro,Mains of Carmyllie (LPID NO/54289/43391),56.580815,-2.747666,5d7d0564000e05b4235a102a0000,23.28,13.8,14.0,14.6,90.5,4.14,0
2025-08-21 10:10:23.343481+00:00,70B3D57ED0045541,Hygro#55:41,Hygro,Mains of Carmyllie (LPID NO/54289/43391),56.580815,-2.747666,5e410561000e069d22f710400001,24.04,13.77,14.0,16.93,89.51,4.16,1
2025-08-21 10:25:40.077117+00:00,70B3D57ED0045541,Hygro#55:41,Hygro,Mains of Carmyllie (LPID NO/54289/43391),56.580815,-2.747666,5e40055a000e06e222e210540002,24.03,13.7,14.0,17.62,89.3,4.18,2
2025-08-21 10:40:56.811736+00:00,70B3D57ED0045541,Hygro#55:41,Hygro,Mains of Carmyllie (LPID NO/54289/43391),56.580815,-2.747666,5d64055a000f06f522dd10280003,23.18,13.7,15.0,17.81,89.25,4.14,3
2025-08-21 10:56:13.552584+00:00,70B3D57ED0045541,Hygro#55:41,Hygro,Mains of Carmyllie (LPID NO/54289/43391),56.580815,-2.747666,5e40055a000f074a22d010560004,24.03,13.7,15.0,18.66,89.12,4.18,4
2025-08-21 11:11:30.276917+00:00,70B3D57ED0045541,Hygro#55:41,Hygro,Mains of Carmyllie (LPID NO/54289/43391),56.580815,-2.747666,5e3f055a000e0770228810560005,24.03,13.7,14.0,19.04,88.4,4.18,5
2025-08-21 11:26:47.021945+00:00,70B3D57ED0045541,Hygro#55:41,Hygro,Mains of Carmyllie (LPID NO/54289/43391),56.580815,-2.747666,5d56055a000e075f22ab102a0006,23.12,13.7,14.0,18.87,88.75,4.14,6
2025-08-21 14:54:38.541472+00:00,70B3D57ED0045541,Hygro#55:41,Hygro,Mains of Carmyllie (LPID NO/54289/43391),56.580815,-2.747666,5e3b055a000e075f1cc610580000,24.01,13.7,14.0,18.87,73.66,4.18,0
2025-08-21 15:34:27.492108+00:00,70B3D57ED0045541,Hygro#55:41,Hygro,Mains of Carmyllie (LPID NO/54289/43391),56.580815,-2.747666,5e3a055a000e06721fa6105a0001,24.01,13.7,14.0,16.5,81.02,4.19,1
2025-08-21 15:52:19.774525+00:00,70B3D57ED0045541,Hygro#55:41,Hygro,Mains of Carmyllie (LPID NO/54289/43391),56.580815,-2.747666,5e3d055a000f05e21f6b105c0000,24.02,13.7,15.0,15.06,80.43,4.19,0
2025-08-22 11:09:12.228469+00:00,70B3D57ED0045541,Hygro#55:41,Hygro,Mains of Carmyllie (LPID NO/54289/43391),56.580815,-2.747666,5e280546000e070321ef10540001,23.94,13.5,14.0,17.95,86.87,4.18,1
2025-08-22 11:24:28.966552+00:00,70B3D57ED0045541,Hygro#55:41,Hygro,Mains of Carmyllie (LPID NO/54289/43391),56.580815,-2.747666,5e270546000e0735219810580002,23.94,13.5,14.0,18.45,86.0,4.18,2
2025-08-22 11:39:45.697811+00:00,70B3D57ED0045541,Hygro#55:41,Hygro,Mains of Carmyllie (LPID NO/54289/43391),56.580815,-2.747666,5e260546000e07dc216c10560003,23.93,13.5,14.0,20.12,85.56,4.18,3
2025-08-22 11:55:02.425684+00:00,70B3D57ED0045541,Hygro#55:41,Hygro,Mains of Carmyllie (LPID NO/54289/43391),56.580815,-2.747666,5e2a0546000f0846211210540004,23.95,13.5,15.0,21.18,84.66,4.18,4
2025-08-22 12:10:19.247619+00:00,70B3D57ED0045541,Hygro#55:41,Hygro,Mains of Carmyllie (LPID NO/54289/43391),56.580815,-2.747666,5e250546000e06e22121103b0005,23.93,13.5,14.0,17.62,84.81,4.16,5
2025-08-22 12:25:35.902901+00:00,70B3D57ED0045541,Hygro#55:41,Hygro,Mains of Carmyllie (LPID NO/54289/43391),56.580815,-2.747666,5e260546000e07d0214810560006,23.93,13.5,14.0,20.0,85.2,4.18,6
2025-08-22 12:40:52.636290+00:00,70B3D57ED0045541,Hygro#55:41,Hygro,Mains of Carmyllie (LPID NO/54289/43391),56.580815,-2.747666,5e280546000e06f3210610580007,23.94,13.5,14.0,17.79,84.54,4.18,7
2025-08-23 10:10:05.698645+00:00,70B3D57ED0045541,Hygro#55:41,Hygro,Mains of Carmyllie (LPID NO/54289/43391),56.580815,-2.747666,5e14053c000e069121d810510000,23.86,13.4,14.0,16.81,86.64,4.18,0
2025-08-23 10:25:22.430545+00:00,70B3D57ED0045541,Hygro#55:41,Hygro,Mains of Carmyllie (LPID NO/54289/43391),56.580815,-2.747666,5e11053c000e06ba21af10280001,23.85,13.4,14.0,17.22,86.23,4.14,1
2025-08-23 10:54:12.018483+00:00,70B3D57ED0045541,Hygro#55:41,Hygro,Mains of Carmyllie (LPID NO/54289/43391),56.580815,-2.747666,5d35053c000e06b0217810230000,23.0,13.4,14.0,17.12,85.68,4.13,0
2025-08-23 11:09:28.764768+00:00,70B3D57ED0045541,Hygro#55:41,Hygro,Mains of Carmyllie (LPID NO/54289/43391),56.580815,-2.747666,5d55053c000e06e8219f10280001,23.12,13.4,14.0,17.68,86.07,4.14,1
2025-08-23 11:24:45.505738+00:00,70B3D57ED0045541,Hygro#55:41,Hygro,Mains of Carmyllie (LPID NO/54289/43391),56.580815,-2.747666,5d4a053c000e06e6219510280002,23.08,13.4,14.0,17.66,85.97,4.14,2
2025-08-23 11:40:02.255171+00:00,70B3D57ED0045541,Hygro#55:41,Hygro,Mains of Carmyllie (LPID NO/54289/43391),56.580815,-2.747666,5e0c053c000e0708218b10330003,23.83,13.4,14.0,18.0,85.87,4.15,3
2025-08-23 11:55:18.988072+00:00,70B3D57ED0045541,Hygro#55:41,Hygro,Mains of Carmyllie (LPID NO/54289/43391),56.580815,-2.747666,5e10053c000e071a2166104f0004,23.85,13.4,14.0,18.18,85.5,4.17,4
2025-08-23 12:10:35.731309+00:00,70B3D57ED0045541,Hygro#55:41,Hygro,Mains of Carmyllie (LPID NO/54289/43391),56.580815,-2.747666,5e0f0532000e0742213b10560005,23.84,13.3,14.0,18.58,85.07,4.18,5
2025-08-23 12:25:52.462552+00:00,70B3D57ED0045541,Hygro#55:41,Hygro,Mains of Carmyllie (LPID NO/54289/43391),56.580815,-2.747666,5e0e0532000d079b212110540006,23.84,13.3,13.0,19.47,84.81,4.18,6
2025-08-23 12:41:09.190176+00:00,70B3D57ED0045541,Hygro#55:41,Hygro,Mains of Carmyllie (LPID NO/54289/43391),56.580815,-2.747666,5e100532000d0770211510540007,23.85,13.3,13.0,19.04,84.69,4.18,7
2025-08-23 12:56:25.924044+00:00,70B3D57ED0045541,Hygro#55:41,Hygro,Mains of Carmyllie (LPID NO/54289/43391),56.580815,-2.747666,5e110532000d07c920ee10540008,23.85,13.3,13.0,19.93,84.3,4.18,8
2025-08-23 13:11:42.660394+00:00,70B3D57ED0045541,Hygro#55:41,Hygro,Mains of Carmyllie (LPID NO/54289/43391),56.580815,-2.747666,5e0b0532000e076c20f110560009,23.83,13.3,14.0,19.0,84.33,4.18,9
2025-08-23 13:26:59.390723+00:00,70B3D57ED0045541,Hygro#55:41,Hygro,Mains of Carmyllie (LPID NO/54289/43391),56.580815,-2.747666,5e0a0532000d078520f91056000a,23.82,13.3,13.0,19.25,84.41,4.18,10
2025-08-23 13:42:16.115736+00:00,70B3D57ED0045541,Hygro#55:41,Hygro,Mains of Carmyllie (LPID NO/54289/43391),56.580815,-2.747666,5e0f0532000d079720c71054000b,23.84,13.3,13.0,19.43,83.91,4.18,11
2025-08-23 13:57:32.840871+00:00,70B3D57ED0045541,Hygro#55:41,Hygro,Mains of Carmyllie (LPID NO/54289/43391),56.580815,-2.747666,5e0b0532000d07c3206d1058000c,23.83,13.3,13.0,19.87,83.01,4.18,12
2025-08-23 14:12:49.562334+00:00,70B3D57ED0045541,Hygro#55:41,Hygro,Mains of Carmyllie (LPID NO/54289/43391),56.580815,-2.747666,5e0a0532000e08021fab1056000d,23.82,13.3,14.0,20.5,81.07,4.18,13
2025-08-23 14:28:06.294870+00:00,70B3D57ED0045541,Hygro#55:41,Hygro,Mains of Carmyllie (LPID NO/54289/43391),56.580815,-2.747666,5e090532000e07fd1e871056000e,23.82,13.3,14.0,20.45,78.15,4.18,14
2025-08-23 14:43:23.004117+00:00,70B3D57ED0045541,Hygro#55:41,Hygro,Mains of Carmyllie (LPID NO/54289/43391),56.580815,-2.747666,5e0a053c000e081b1dfb1058000f,23.82,13.4,14.0,20.75,76.75,4.18,15
2025-08-23 14:58:39.734033+00:00,70B3D57ED0045541,Hygro#55:41,Hygro,Mains of Carmyllie (LPID NO/54289/43391),56.580815,-2.747666,5e06053c000e07b01e4610540010,23.81,13.4,14.0,19.68,77.5,4.18,16
2025-08-23 15:13:56.458782+00:00,70B3D57ED0045541,Hygro#55:41,Hygro,Mains of Carmyllie (LPID NO/54289/43391),56.580815,-2.747666,5e0a053c000d07b71e6b10560011,23.82,13.4,13.0,19.75,77.87,4.18,17
2025-08-23 15:29:13.181316+00:00,70B3D57ED0045541,Hygro#55:41,Hygro,Mains of Carmyllie (LPID NO/54289/43391),56.580815,-2.747666,5e0c053c000d07b01efb105a0012,23.83,13.4,13.0,19.68,79.31,4.19,18
2025-08-23 15:44:29.915778+00:00,70B3D57ED0045541,Hygro#55:41,Hygro,Mains of Carmyllie (LPID NO/54289/43391),56.580815,-2.747666,5e0b053c000e07591f8110580013,23.83,13.4,14.0,18.81,80.65,4.18,19
2025-08-24 08:35:20.784610+00:00,70B3D57ED0045541,Hygro#55:41,Hygro,Mains of Carmyllie (LPID NO/54289/43391),56.580815,-2.747666,5df40546000e08082393103e0001,23.74,13.5,14.0,20.56,91.07,4.16,1
2025-08-24 08:50:37.505696+00:00,70B3D57ED0045541,Hygro#55:41,Hygro,Mains of Carmyllie (LPID NO/54289/43391),56.580815,-2.747666,5df70546000d08d022eb10510002,23.75,13.5,13.0,22.56,89.39,4.18,2
2025-08-24 09:05:54.236866+00:00,70B3D57ED0045541,Hygro#55:41,Hygro,Mains of Carmyllie (LPID NO/54289/43391),56.580815,-2.747666,5df40546000d08a422ee104f0003,23.74,13.5,13.0,22.12,89.42,4.17,3
2025-08-24 09:21:10.957014+00:00,70B3D57ED0045541,Hygro#55:41,Hygro,Mains of Carmyllie (LPID NO/54289/43391),56.580815,-2.747666,5df40546000d092722db10510004,23.74,13.5,13.0,23.43,89.23,4.18,4
2025-08-24 09:36:27.681593+00:00,70B3D57ED0045541,Hygro#55:41,Hygro,Mains of Carmyllie (LPID NO/54289/43391),56.580815,-2.747666,5df50546000d0a252262104f0005,23.74,13.5,13.0,25.97,88.02,4.17,5
2025-08-24 09:51:44.402494+00:00,70B3D57ED0045541,Hygro#55:41,Hygro,Mains of Carmyllie (LPID NO/54289/43391),56.580815,-2.747666,5df40550000e09fc21c010510006,23.74,13.6,14.0,25.56,86.4,4.18,6
2025-08-24 10:07:01.120467+00:00,70B3D57ED0045541,Hygro#55:41,Hygro,Mains of Carmyllie (LPID NO/54289/43391),56.580815,-2.747666,5df10550000d0a7f22af10540007,23.73,13.6,13.0,26.87,88.79,4.18,7
2025-08-24 10:22:17.849899+00:00,70B3D57ED0045541,Hygro#55:41,Hygro,Mains of Carmyllie (LPID NO/54289/43391),56.580815,-2.747666,5d1a0550000e09b121b410250008,22.89,13.6,14.0,24.81,86.28,4.13,8
2025-08-24 10:52:51.308944+00:00,70B3D57ED0045541,Hygro#55:41,Hygro,Mains of Carmyllie (LPID NO/54289/43391),56.580815,-2.747666,5d120550000e08fc21c81025000a,22.86,13.6,14.0,23.0,86.48,4.13,10
2025-08-24 11:08:08.063218+00:00,70B3D57ED0045541,Hygro#55:41,Hygro,Mains of Carmyllie (LPID NO/54289/43391),56.580815,-2.747666,5df20550000e091721881056000b,23.73,13.6,14.0,23.27,85.84,4.18,11
2025-08-24 11:23:24.749310+00:00,70B3D57ED0045541,Hygro#55:41,Hygro,Mains of Carmyllie (LPID NO/54289/43391),56.580815,-2.747666,5ded0550000e0a4d214f1054000c,23.71,13.6,14.0,26.37,85.27,4.18,12
2025-08-24 11:38:41.475368+00:00,70B3D57ED0045541,Hygro#55:41,Hygro,Mains of Carmyllie (LPID NO/54289/43391),56.580815,-2.747666,5deb0550000e0a2820e51056000d,23.7,13.6,14.0,26.0,84.21,4.18,13
2025-08-24 11:53:58.190319+00:00,70B3D57ED0045541,Hygro#55:41,Hygro,Mains of Carmyllie (LPID NO/54289/43391),56.580815,-2.747666,5dee0550000d0b5a2050105a000e,23.71,13.6,13.0,29.06,82.72,4.19,14
2025-08-24 12:09:14.901050+00:00,70B3D57ED0045541,Hygro#55:41,Hygro,Mains of Carmyllie (LPID NO/54289/43391),56.580815,-2.747666,5deb0550000e0af220161054000f,23.7,13.6,14.0,28.02,82.14,4.18,15
2025-08-24 12:24:31.631410+00:00,70B3D57ED0045541,Hygro#55:41,Hygro,Mains of Carmyllie (LPID NO/54289/43391),56.580815,-2.747666,5de90550000d0a791fce10540010,23.7,13.6,13.0,26.81,81.42,4.18,16
2025-08-24 12:39:48.352263+00:00,70B3D57ED0045541,Hygro#55:41,Hygro,Mains of Carmyllie (LPID NO/54289/43391),56.580815,-2.747666,5dec0550000d098b1ff610560011,23.71,13.6,13.0,24.43,81.82,4.18,17
2025-08-24 13:11:10.967180+00:00,70B3D57ED0045541,Hygro#55:41,Hygro,Mains of Carmyllie (LPID NO/54289/43391),56.580815,-2.747666,5cf70550000e0853201f10370000,22.76,13.6,14.0,21.31,82.23,4.15,0
2025-08-24 13:44:22.584472+00:00,70B3D57ED0045541,Hygro#55:41,Hygro,Mains of Carmyllie (LPID NO/54289/43391),56.580815,-2.747666,5de6055a000e08fc202610580001,23.68,13.7,14.0,23.0,82.3,4.18,1
2025-08-24 13:59:39.307461+00:00,70B3D57ED0045541,Hygro#55:41,Hygro,Mains of Carmyllie (LPID NO/54289/43391),56.580815,-2.747666,5de7055a000f09a41f9610580002,23.69,13.7,15.0,24.68,80.86,4.18,2
2025-08-24 14:39:34.370937+00:00,70B3D57ED0045541,Hygro#55:41,Hygro,Mains of Carmyllie (LPID NO/54289/43391),56.580815,-2.747666,5cf7055a000e082d201410370000,22.76,13.7,14.0,20.93,82.12,4.15,0
2025-08-24 14:54:51.098525+00:00,70B3D57ED0045541,Hygro#55:41,Hygro,Mains of Carmyllie (LPID NO/54289/43391),56.580815,-2.747666,5d180564000d0878202a103b0001,22.88,13.8,13.0,21.68,82.34,4.16,1
2025-08-25 08:17:53.696274+00:00,70B3D57ED0045541,Hygro#55:41,Hygro,Mains of Carmyllie (LPID NO/54289/43391),56.580815,-2.747666,5dd00578000e070822f510350000,23.6,14.0,14.0,18.0,89.49,4.15,0
2025-08-25 08:33:10.439828+00:00,70B3D57ED0045541,Hygro#55:41,Hygro,Mains of Carmyllie (LPID NO/54289/43391),56.580815,-2.747666,5dd30578000e077c22aa10580001,23.61,14.0,14.0,19.16,88.74,4.18,1
2025-08-25 08:48:27.165494+00:00,70B3D57ED0045541,Hygro#55:41,Hygro,Mains of Carmyllie (LPID NO/54289/43391),56.580815,-2.747666,5dd20578000d07d622b810540002,23.61,14.0,13.0,20.06,88.88,4.18,2
2025-08-25 09:03:43.893763+00:00,70B3D57ED0045541,Hygro#55:41,Hygro,Mains of Carmyllie (LPID NO/54289/43391),56.580815,-2.747666,5dcf0578000e084622a110510003,23.59,14.0,14.0,21.18,88.65,4.18,3
2025-08-25 09:19:00.627838+00:00,70B3D57ED0045541,Hygro#55:41,Hygro,Mains of Carmyllie (LPID NO/54289/43391),56.580815,-2.747666,5dcf0578000e08c3228b10560004,23.59,14.0,14.0,22.43,88.43,4.18,4
2025-08-25 09:34:17.360290+00:00,70B3D57ED0045541,Hygro#55:41,Hygro,Mains of Carmyllie (LPID NO/54289/43391),56.580815,-2.747666,5dcc0578000e092b227710560005,23.58,14.0,14.0,23.47,88.23,4.18,5
2025-08-25 09:49:34.072460+00:00,70B3D57ED0045541,Hygro#55:41,Hygro,Mains of Carmyllie (LPID NO/54289/43391),56.580815,-2.747666,5dce0578000d0992226c10580006,23.59,14.0,13.0,24.5,88.12,4.18,6
2025-08-25 10:04:50.799983+00:00,70B3D57ED0045541,Hygro#55:41,Hygro,Mains of Carmyllie (LPID NO/54289/43391),56.580815,-2.747666,5dd00578000d0a1521c410560007,23.6,14.0,13.0,25.81,86.44,4.18,7
2025-08-25 10:20:07.515143+00:00,70B3D57ED0045541,Hygro#55:41,Hygro,Mains of Carmyllie (LPID NO/54289/43391),56.580815,-2.747666,5dcc0578000e0a6c214110540008,23.58,14.0,14.0,26.68,85.13,4.18,8
2025-08-25 10:35:24.229895+00:00,70B3D57ED0045541,Hygro#55:41,Hygro,Mains of Carmyllie (LPID NO/54289/43391),56.580815,-2.747666,5dcc0578000d0a8c20f010510009,23.58,14.0,13.0,27.0,84.32,4.18,9
2025-08-25 10:50:40.951148+00:00,70B3D57ED0045541,Hygro#55:41,Hygro,Mains of Carmyllie (LPID NO/54289/43391),56.580815,-2.747666,5dc90578000e095320681056000a,23.57,14.0,14.0,23.87,82.96,4.18,10
2025-08-25 11:05:57.654605+00:00,70B3D57ED0045541,Hygro#55:41,Hygro,Mains of Carmyllie (LPID NO/54289/43391),56.580815,-2.747666,5dcb0578000e09f3208c1058000b,23.58,14.0,14.0,25.47,83.32,4.18,11
2025-08-25 11:21:14.381153+00:00,70B3D57ED0045541,Hygro#55:41,Hygro,Mains of Carmyllie (LPID NO/54289/43391),56.580815,-2.747666,5dce0578000d0a41206a1058000c,23.59,14.0,13.0,26.25,82.98,4.18,12
2025-08-25 11:36:31.093737+00:00,70B3D57ED0045541,Hygro#55:41,Hygro,Mains of Carmyllie (LPID NO/54289/43391),56.580815,-2.747666,5dcb0578000d09981fe91056000d,23.58,14.0,13.0,24.56,81.69,4.18,13
2025-08-25 11:51:47.818235+00:00,70B3D57ED0045541,Hygro#55:41,Hygro,Mains of Carmyllie (LPID NO/54289/43391),56.580815,-2.747666,5dc70578000d09ef1fb41056000e,23.56,14.0,13.0,25.43,81.16,4.18,14
2025-08-25 12:07:04.549790+00:00,70B3D57ED0045541,Hygro#55:41,Hygro,Mains of Carmyllie (LPID NO/54289/43391),56.580815,-2.747666,5dc80578000d09401fb91058000f,23.57,14.0,13.0,23.68,81.21,4.18,15
2025-08-25 12:22:21.258249+00:00,70B3D57ED0045541,Hygro#55:41,Hygro,Mains of Carmyllie (LPID NO/54289/43391),56.580815,-2.747666,5dc80578000d09791fbc10580010,23.57,14.0,13.0,24.25,81.24,4.18,16
2025-08-25 12:37:37.981105+00:00,70B3D57ED0045541,Hygro#55:41,Hygro,Mains of Carmyllie (LPID NO/54289/43391),56.580815,-2.747666,5dc80578000e09401f9610580011,23.57,14.0,14.0,23.68,80.86,4.18,17
2025-08-25 12:52:54.705408+00:00,70B3D57ED0045541,Hygro#55:41,Hygro,Mains of Carmyllie (LPID NO/54289/43391),56.580815,-2.747666,5dc30578000d0a4d1ed610560012,23.55,14.0,13.0,26.37,78.94,4.18,18
2025-08-25 13:08:11.409188+00:00,70B3D57ED0045541,Hygro#55:41,Hygro,Mains of Carmyllie (LPID NO/54289/43391),56.580815,-2.747666,5dc20578000e0a471e9310540013,23.54,14.0,14.0,26.31,78.27,4.18,19
2025-08-25 13:23:28.129815+00:00,70B3D57ED0045541,Hygro#55:41,Hygro,Mains of Carmyllie (LPID NO/54289/43391),56.580815,-2.747666,5dc30578000d096c1efe10580014,23.55,14.0,13.0,24.12,79.34,4.18,20
2025-08-25 13:38:44.851540+00:00,70B3D57ED0045541,Hygro#55:41,Hygro,Mains of Carmyllie (LPID NO/54289/43391),56.580815,-2.747666,5dc10578000f08e01f7a10560015,23.54,14.0,15.0,22.72,80.58,4.18,21
2025-08-25 13:54:01.578850+00:00,70B3D57ED0045541,Hygro#55:41,Hygro,Mains of Carmyllie (LPID NO/54289/43391),56.580815,-2.747666,5dc30578000e08ef1f2110560016,23.55,14.0,14.0,22.87,79.69,4.18,22
2025-08-25 14:09:18.286178+00:00,70B3D57ED0045541,Hygro#55:41,Hygro,Mains of Carmyllie (LPID NO/54289/43391),56.580815,-2.747666,5dbd0582000e098b1e3910560017,23.52,14.1,14.0,24.43,77.37,4.18,23
2025-08-25 14:24:35.000890+00:00,70B3D57ED0045541,Hygro#55:41,Hygro,Mains of Carmyllie (LPID NO/54289/43391),56.580815,-2.747666,5dbf0582000d09981da710580018,23.53,14.1,13.0,24.56,75.91,4.18,24
2025-08-25 14:39:51.718583+00:00,70B3D57ED0045541,Hygro#55:41,Hygro,Mains of Carmyllie (LPID NO/54289/43391),56.580815,-2.747666,5dbe0582000d09271df3105a0019,23.53,14.1,13.0,23.43,76.67,4.19,25
2025-08-25 14:55:08.436388+00:00,70B3D57ED0045541,Hygro#55:41,Hygro,Mains of Carmyllie (LPID NO/54289/43391),56.580815,-2.747666,5dbf0582000e09271db41058001a,23.53,14.1,14.0,23.43,76.04,4.18,26
2025-08-25 15:10:25.169318+00:00,70B3D57ED0045541,Hygro#55:41,Hygro,Mains of Carmyllie (LPID NO/54289/43391),56.580815,-2.747666,5dbe0582000e09081dba1056001b,23.53,14.1,14.0,23.12,76.1,4.18,27
2025-08-25 15:25:41.878160+00:00,70B3D57ED0045541,Hygro#55:41,Hygro,Mains of Carmyllie (LPID NO/54289/43391),56.580815,-2.747666,5dbc0582000d08d61d95105a001c,23.52,14.1,13.0,22.62,75.73,4.19,28
2025-08-25 15:40:58.592772+00:00,70B3D57ED0045541,Hygro#55:41,Hygro,Mains of Carmyllie (LPID NO/54289/43391),56.580815,-2.747666,5dbb0582000d08aa1d551056001d,23.52,14.1,13.0,22.18,75.09,4.18,29
2025-08-26 07:56:35.015616+00:00,70B3D57ED0045541,Hygro#55:41,Hygro,Mains of Carmyllie (LPID NO/54289/43391),56.580815,-2.747666,5d9e05aa000d065d239010280000,23.4,14.5,13.0,16.29,91.04,4.14,0
2025-08-26 08:11:51.759669+00:00,70B3D57ED0045541,Hygro#55:41,Hygro,Mains of Carmyllie (LPID NO/54289/43391),56.580815,-2.747666,5d9d05a0000e06f9244610540001,23.4,14.4,14.0,17.85,92.86,4.18,1
2025-08-26 08:36:03.996806+00:00,70B3D57ED0045541,Hygro#55:41,Hygro,Mains of Carmyllie (LPID NO/54289/43391),56.580815,-2.747666,5d9c05a0000e069d23b910540000,23.4,14.4,14.0,16.93,91.45,4.18,0
2025-08-26 08:51:20.731691+00:00,70B3D57ED0045541,Hygro#55:41,Hygro,Mains of Carmyllie (LPID NO/54289/43391),56.580815,-2.747666,5d9f05a0000d075f24b310560001,23.41,14.4,13.0,18.87,93.95,4.18,1
2025-08-26 09:06:37.470707+00:00,70B3D57ED0045541,Hygro#55:41,Hygro,Mains of Carmyllie (LPID NO/54289/43391),56.580815,-2.747666,5da105a0000d078b244110560002,23.42,14.4,13.0,19.31,92.81,4.18,2
2025-08-26 09:21:54.196583+00:00,70B3D57ED0045541,Hygro#55:41,Hygro,Mains of Carmyllie (LPID NO/54289/43391),56.580815,-2.747666,5d9b05a0000d07a4248210580003,23.39,14.4,13.0,19.56,93.46,4.18,3
2025-08-26 09:37:10.919796+00:00,70B3D57ED0045541,Hygro#55:41,Hygro,Mains of Carmyllie (LPID NO/54289/43391),56.580815,-2.747666,5c4605a0000e0840245d10330004,22.07,14.4,14.0,21.12,93.09,4.15,4
2025-08-26 09:52:27.651325+00:00,70B3D57ED0045541,Hygro#55:41,Hygro,Mains of Carmyllie (LPID NO/54289/43391),56.580815,-2.747666,5d9c05a0000e07d623b610580005,23.4,14.4,14.0,20.06,91.42,4.18,5
2025-08-26 10:07:44.370648+00:00,70B3D57ED0045541,Hygro#55:41,Hygro,Mains of Carmyllie (LPID NO/54289/43391),56.580815,-2.747666,5ccf05a0000d07e9239110300006,22.6,14.4,13.0,20.25,91.05,4.14,6
2025-08-26 10:23:01.112650+00:00,70B3D57ED0045541,Hygro#55:41,Hygro,Mains of Carmyllie (LPID NO/54289/43391),56.580815,-2.747666,5d9d05a0000e07ff239410560007,23.4,14.4,14.0,20.47,91.08,4.18,7
2025-08-26 10:53:34.557537+00:00,70B3D57ED0045541,Hygro#55:41,Hygro,Mains of Carmyllie (LPID NO/54289/43391),56.580815,-2.747666,5d9a05a0000e094d22fb10580009,23.39,14.4,14.0,23.81,89.55,4.18,9
2025-08-26 11:08:51.268862+00:00,70B3D57ED0045541,Hygro#55:41,Hygro,Mains of Carmyllie (LPID NO/54289/43391),56.580815,-2.747666,5d9805a0000d099623331058000a,23.38,14.4,13.0,24.54,90.11,4.18,10
2025-08-26 11:24:07.989203+00:00,70B3D57ED0045541,Hygro#55:41,Hygro,Mains of Carmyllie (LPID NO/54289/43391),56.580815,-2.747666,5d9805a0000e0a4522a31058000b,23.38,14.4,14.0,26.29,88.67,4.18,11
2025-08-26 11:39:24.698422+00:00,70B3D57ED0045541,Hygro#55:41,Hygro,Mains of Carmyllie (LPID NO/54289/43391),56.580815,-2.747666,5d9705a0000e0a5321da1056000c,23.38,14.4,14.0,26.43,86.66,4.18,12
2025-08-26 11:54:41.419430+00:00,70B3D57ED0045541,Hygro#55:41,Hygro,Mains of Carmyllie (LPID NO/54289/43391),56.580815,-2.747666,5d9505aa000d096c210b1056000d,23.37,14.5,13.0,24.12,84.59,4.18,13
2025-08-26 12:12:11.854073+00:00,70B3D57ED0045541,Hygro#55:41,Hygro,Mains of Carmyllie (LPID NO/54289/43391),56.580815,-2.747666,5d9505aa000d0802211810580000,23.37,14.5,13.0,20.5,84.72,4.18,0
2025-08-26 12:27:28.578112+00:00,70B3D57ED0045541,Hygro#55:41,Hygro,Mains of Carmyllie (LPID NO/54289/43391),56.580815,-2.747666,5d9405aa000d081b2187105a0001,23.37,14.5,13.0,20.75,85.83,4.19,1
2025-08-26 13:08:43.482366+00:00,70B3D57ED0045541,Hygro#55:41,Hygro,Mains of Carmyllie (LPID NO/54289/43391),56.580815,-2.747666,5d6705aa000d074421f510560000,23.19,14.5,13.0,18.6,86.93,4.18,0
2025-08-26 13:24:00.217085+00:00,70B3D57ED0045541,Hygro#55:41,Hygro,Mains of Carmyllie (LPID NO/54289/43391),56.580815,-2.747666,5d9205aa000e08022242105a0001,23.36,14.5,14.0,20.5,87.7,4.19,1
2025-08-27 07:58:05.769747+00:00,70B3D57ED0045541,Hygro#55:41,Hygro,Mains of Carmyllie (LPID NO/54289/43391),56.580815,-2.747666,5d8905a0000d05ee253b10560000,23.32,14.4,13.0,15.18,95.31,4.18,0
2025-08-27 08:13:22.516255+00:00,70B3D57ED0045541,Hygro#55:41,Hygro,Mains of Carmyllie (LPID NO/54289/43391),56.580815,-2.747666,5d8a05a0000d068b250d105a0001,23.33,14.4,13.0,16.75,94.85,4.19,1
2025-08-27 08:28:39.250735+00:00,70B3D57ED0045541,Hygro#55:41,Hygro,Mains of Carmyllie (LPID NO/54289/43391),56.580815,-2.747666,5c6405a0000e0695251c10280002,22.19,14.4,14.0,16.85,95.0,4.14,2
2025-08-27 09:13:28.824684+00:00,70B3D57ED0045541,Hygro#55:41,Hygro,Mains of Carmyllie (LPID NO/54289/43391),56.580815,-2.747666,5d8b05a0000d060124c810400000,23.33,14.4,13.0,15.37,94.16,4.16,0
2025-08-27 10:05:22.424461+00:00,70B3D57ED0045541,Hygro#55:41,Hygro,Mains of Carmyllie (LPID NO/54289/43391),56.580815,-2.747666,5d8a05a0000d068424a6105a0001,23.33,14.4,13.0,16.68,93.82,4.19,1
2025-08-27 10:20:39.148001+00:00,70B3D57ED0045541,Hygro#55:41,Hygro,Mains of Carmyllie (LPID NO/54289/43391),56.580815,-2.747666,5d8705a0000d0697244c10580002,23.31,14.4,13.0,16.87,92.92,4.18,2
2025-08-27 10:35:55.889899+00:00,70B3D57ED0045541,Hygro#55:41,Hygro,Mains of Carmyllie (LPID NO/54289/43391),56.580815,-2.747666,5d8c05a0000d06ff243310580003,23.33,14.4,13.0,17.91,92.67,4.18,3
2025-08-27 10:51:12.616822+00:00,70B3D57ED0045541,Hygro#55:41,Hygro,Mains of Carmyllie (LPID NO/54289/43391),56.580815,-2.747666,5d8905a0000e06f523f8105a0004,23.32,14.4,14.0,17.81,92.08,4.19,4
2025-08-27 11:06:29.338746+00:00,70B3D57ED0045541,Hygro#55:41,Hygro,Mains of Carmyllie (LPID NO/54289/43391),56.580815,-2.747666,5d8a05a0000d07c723eb105a0005,23.33,14.4,13.0,19.91,91.95,4.19,5
2025-08-27 11:21:46.063368+00:00,70B3D57ED0045541,Hygro#55:41,Hygro,Mains of Carmyllie (LPID NO/54289/43391),56.580815,-2.747666,5d8705a0000d07bd23ad105a0006,23.31,14.4,13.0,19.81,91.33,4.19,6
2025-08-27 11:37:02.794944+00:00,70B3D57ED0045541,Hygro#55:41,Hygro,Mains of Carmyllie (LPID NO/54289/43391),56.580815,-2.747666,5d8805a0000d076c231f10580007,23.32,14.4,13.0,19.0,89.91,4.18,7
2025-08-27 11:52:19.523398+00:00,70B3D57ED0045541,Hygro#55:41,Hygro,Mains of Carmyllie (LPID NO/54289/43391),56.580815,-2.747666,5d840596000d08022292105a0008,23.3,14.3,13.0,20.5,88.5,4.19,8
2025-08-27 12:07:36.432996+00:00,70B3D57ED0045541,Hygro#55:41,Hygro,Mains of Carmyllie (LPID NO/54289/43391),56.580815,-2.747666,5d880596000d084021cb10580009,23.32,14.3,13.0,21.12,86.51,4.18,9
2025-08-27 12:22:52.965664+00:00,70B3D57ED0045541,Hygro#55:41,Hygro,Mains of Carmyllie (LPID NO/54289/43391),56.580815,-2.747666,5d860596000e082120fd1056000a,23.31,14.3,14.0,20.81,84.45,4.18,10
2025-08-27 12:38:09.681354+00:00,70B3D57ED0045541,Hygro#55:41,Hygro,Mains of Carmyllie (LPID NO/54289/43391),56.580815,-2.747666,5d850596000f083a20641058000b,23.31,14.3,15.0,21.06,82.92,4.18,11
2025-08-27 12:53:26.401473+00:00,70B3D57ED0045541,Hygro#55:41,Hygro,Mains of Carmyllie (LPID NO/54289/43391),56.580815,-2.747666,5d830596000d08082035105a000c,23.3,14.3,13.0,20.56,82.45,4.19,12
2025-08-27 13:08:43.134394+00:00,70B3D57ED0045541,Hygro#55:41,Hygro,Mains of Carmyllie (LPID NO/54289/43391),56.580815,-2.747666,5d8a0596000e08341fd51056000d,23.33,14.3,14.0,21.0,81.49,4.18,13
2025-08-27 13:23:59.861703+00:00,70B3D57ED0045541,Hygro#55:41,Hygro,Mains of Carmyllie (LPID NO/54289/43391),56.580815,-2.747666,5d840596000d07ef2039105a000e,23.3,14.3,13.0,20.31,82.49,4.19,14
2025-08-27 13:39:16.587954+00:00,70B3D57ED0045541,Hygro#55:41,Hygro,Mains of Carmyllie (LPID NO/54289/43391),56.580815,-2.747666,5d870596000e081b202e1058000f,23.31,14.3,14.0,20.75,82.38,4.18,15
2025-08-27 13:54:33.306832+00:00,70B3D57ED0045541,Hygro#55:41,Hygro,Mains of Carmyllie (LPID NO/54289/43391),56.580815,-2.747666,5d8105a0000d07b91fec10580010,23.29,14.4,13.0,19.77,81.72,4.18,16
2025-08-27 14:09:50.037749+00:00,70B3D57ED0045541,Hygro#55:41,Hygro,Mains of Carmyllie (LPID NO/54289/43391),56.580815,-2.747666,5d8305a0000e07f52034105a0011,23.3,14.4,14.0,20.37,82.44,4.19,17
2025-08-27 14:25:06.770467+00:00,70B3D57ED0045541,Hygro#55:41,Hygro,Mains of Carmyllie (LPID NO/54289/43391),56.580815,-2.747666,5d7f05a0000d078b204f10580012,23.28,14.4,13.0,19.31,82.71,4.18,18
2025-08-27 14:44:01.437664+00:00,70B3D57ED0045541,Hygro#55:41,Hygro,Mains of Carmyllie (LPID NO/54289/43391),56.580815,-2.747666,5d8405a0000e0701215110560000,23.3,14.4,14.0,17.93,85.29,4.18,0
2025-08-29 09:32:59.839166+00:00,70B3D57ED0045541,Hygro#55:41,Hygro,Mains of Carmyllie (LPID NO/54289/43391),56.580815,-2.747666,5d6d0582000d070e253f10580001,23.21,14.1,13.0,18.06,95.35,4.18,1
2025-08-29 09:48:16.580742+00:00,70B3D57ED0045541,Hygro#55:41,Hygro,Mains of Carmyllie (LPID NO/54289/43391),56.580815,-2.747666,5d6a0582000d06bd250410580002,23.2,14.1,13.0,17.25,94.76,4.18,2
2025-08-29 10:03:33.320134+00:00,70B3D57ED0045541,Hygro#55:41,Hygro,Mains of Carmyllie (LPID NO/54289/43391),56.580815,-2.747666,5d6d0582000d069724de10560003,23.21,14.1,13.0,16.87,94.38,4.18,3
2025-08-29 10:18:50.053642+00:00,70B3D57ED0045541,Hygro#55:41,Hygro,Mains of Carmyllie (LPID NO/54289/43391),56.580815,-2.747666,5d6e0582000d07b224dc10560004,23.22,14.1,13.0,19.7,94.36,4.18,4
2025-08-29 10:34:06.802555+00:00,70B3D57ED0045541,Hygro#55:41,Hygro,Mains of Carmyllie (LPID NO/54289/43391),56.580815,-2.747666,5d6a0582000d070123eb10580005,23.2,14.1,13.0,17.93,91.95,4.18,5
2025-08-29 10:49:23.522001+00:00,70B3D57ED0045541,Hygro#55:41,Hygro,Mains of Carmyllie (LPID NO/54289/43391),56.580815,-2.747666,5d6f0582000d077e23e910560006,23.22,14.1,13.0,19.18,91.93,4.18,6
2025-08-29 11:19:56.985197+00:00,70B3D57ED0045541,Hygro#55:41,Hygro,Mains of Carmyllie (LPID NO/54289/43391),56.580815,-2.747666,5d69057e000d07bd236a10580008,23.2,14.06,13.0,19.81,90.66,4.18,8
2025-08-29 11:35:13.718416+00:00,70B3D57ED0045541,Hygro#55:41,Hygro,Mains of Carmyllie (LPID NO/54289/43391),56.580815,-2.747666,5d6e0578000d07bd233b10580009,23.22,14.0,13.0,19.81,90.19,4.18,9
2025-08-29 11:50:30.447861+00:00,70B3D57ED0045541,Hygro#55:41,Hygro,Mains of Carmyllie (LPID NO/54289/43391),56.580815,-2.747666,5d670578000d085322991056000a,23.19,14.0,13.0,21.31,88.57,4.18,10
2025-08-29 12:05:47.165940+00:00,70B3D57ED0045541,Hygro#55:41,Hygro,Mains of Carmyllie (LPID NO/54289/43391),56.580815,-2.747666,5d6a0578000d07fb21f71056000b,23.2,14.0,13.0,20.43,86.95,4.18,11
2025-08-29 12:21:03.886677+00:00,70B3D57ED0045541,Hygro#55:41,Hygro,Mains of Carmyllie (LPID NO/54289/43391),56.580815,-2.747666,5d6c0578000d07d6216a1058000c,23.21,14.0,13.0,20.06,85.54,4.18,12
2025-08-29 12:36:20.602194+00:00,70B3D57ED0045541,Hygro#55:41,Hygro,Mains of Carmyllie (LPID NO/54289/43391),56.580815,-2.747666,5d6b0578000d07e920a61058000d,23.21,14.0,13.0,20.25,83.58,4.18,13
2025-08-29 12:51:37.331485+00:00,70B3D57ED0045541,Hygro#55:41,Hygro,Mains of Carmyllie (LPID NO/54289/43391),56.580815,-2.747666,5d690578000d07dc2032105a000e,23.2,14.0,13.0,20.12,82.42,4.19,14
2025-08-29 13:06:54.052432+00:00,70B3D57ED0045541,Hygro#55:41,Hygro,Mains of Carmyllie (LPID NO/54289/43391),56.580815,-2.747666,5d690578000d07bd20011058000f,23.2,14.0,13.0,19.81,81.93,4.18,15
2025-08-29 13:22:10.781088+00:00,70B3D57ED0045541,Hygro#55:41,Hygro,Mains of Carmyllie (LPID NO/54289/43391),56.580815,-2.747666,5d660578000d07aa1fc210580010,23.19,14.0,13.0,19.62,81.3,4.18,16
2025-08-29 13:37:27.504091+00:00,70B3D57ED0045541,Hygro#55:41,Hygro,Mains of Carmyllie (LPID NO/54289/43391),56.580815,-2.747666,5d69057d000d07a01fe9105a0011,23.2,14.05,13.0,19.52,81.69,4.19,17
2025-08-29 13:52:44.225918+00:00,70B3D57ED0045541,Hygro#55:41,Hygro,Mains of Carmyllie (LPID NO/54289/43391),56.580815,-2.747666,5d640582000e07bd1ff510580012,23.18,14.1,14.0,19.81,81.81,4.18,18
2025-08-29 14:08:00.946624+00:00,70B3D57ED0045541,Hygro#55:41,Hygro,Mains of Carmyllie (LPID NO/54289/43391),56.580815,-2.747666,5d640582000d07b71f9f10580013,23.18,14.1,13.0,19.75,80.95,4.18,19
2025-08-29 14:23:17.671303+00:00,70B3D57ED0045541,Hygro#55:41,Hygro,Mains of Carmyllie (LPID NO/54289/43391),56.580815,-2.747666,5d690582000e08081f3610560014,23.2,14.1,14.0,20.56,79.9,4.18,20
2025-08-29 14:38:34.394286+00:00,70B3D57ED0045541,Hygro#55:41,Hygro,Mains of Carmyllie (LPID NO/54289/43391),56.580815,-2.747666,5d640582000d076c1ff610580015,23.18,14.1,13.0,19.0,81.82,4.18,21
2025-08-29 14:53:51.125291+00:00,70B3D57ED0045541,Hygro#55:41,Hygro,Mains of Carmyllie (LPID NO/54289/43391),56.580815,-2.747666,5d660582000d073a204f105a0016,23.19,14.1,13.0,18.5,82.71,4.19,22
2025-08-29 15:09:07.867155+00:00,70B3D57ED0045541,Hygro#55:41,Hygro,Mains of Carmyllie (LPID NO/54289/43391),56.580815,-2.747666,5bd70582000d069d2093102e0017,21.64,14.1,13.0,16.93,83.39,4.14,23
2025-08-30 07:58:36.452805+00:00,70B3D57ED0045541,Hygro#55:41,Hygro,Mains of Carmyllie (LPID NO/54289/43391),56.580815,-2.747666,5d5c058c000d05b6259e103e0000,23.15,14.2,13.0,14.62,96.3,4.16,0
2025-08-30 08:13:53.200979+00:00,70B3D57ED0045541,Hygro#55:41,Hygro,Mains of Carmyllie (LPID NO/54289/43391),56.580815,-2.747666,5d4b058c000d05f5260610490001,23.08,14.2,13.0,15.25,97.34,4.17,1
2025-08-30 08:29:09.951938+00:00,70B3D57ED0045541,Hygro#55:41,Hygro,Mains of Carmyllie (LPID NO/54289/43391),56.580815,-2.747666,5d5b058c000d0640258f10560002,23.14,14.2,13.0,16.0,96.15,4.18,2
2025-08-30 08:44:26.686079+00:00,70B3D57ED0045541,Hygro#55:41,Hygro,Mains of Carmyllie (LPID NO/54289/43391),56.580815,-2.747666,5d5b058c000d068d257b10580003,23.14,14.2,13.0,16.77,95.95,4.18,3
2025-08-30 08:59:43.428116+00:00,70B3D57ED0045541,Hygro#55:41,Hygro,Mains of Carmyllie (LPID NO/54289/43391),56.580815,-2.747666,5d5c058c000d069f2527105a0004,23.15,14.2,13.0,16.95,95.11,4.19,4
2025-08-30 09:15:00.159838+00:00,70B3D57ED0045541,Hygro#55:41,Hygro,Mains of Carmyllie (LPID NO/54289/43391),56.580815,-2.747666,5d590589000d0733255f10580005,23.14,14.17,13.0,18.43,95.67,4.18,5
2025-08-30 09:30:16.897967+00:00,70B3D57ED0045541,Hygro#55:41,Hygro,Mains of Carmyllie (LPID NO/54289/43391),56.580815,-2.747666,5d570582000d0797248810580006,23.13,14.1,13.0,19.43,93.52,4.18,6
2025-08-30 09:45:33.618728+00:00,70B3D57ED0045541,Hygro#55:41,Hygro,Mains of Carmyllie (LPID NO/54289/43391),56.580815,-2.747666,5d570582000d07e224a610580007,23.13,14.1,13.0,20.18,93.82,4.18,7
2025-08-30 10:00:50.337157+00:00,70B3D57ED0045541,Hygro#55:41,Hygro,Mains of Carmyllie (LPID NO/54289/43391),56.580815,-2.747666,5d590582000d0866246e10580008,23.14,14.1,13.0,21.5,93.26,4.18,8
2025-08-30 10:16:07.067965+00:00,70B3D57ED0045541,Hygro#55:41,Hygro,Mains of Carmyllie (LPID NO/54289/43391),56.580815,-2.747666,5d570582000d08a2247410580009,23.13,14.1,13.0,22.1,93.32,4.18,9
2025-08-30 10:31:23.790329+00:00,70B3D57ED0045541,Hygro#55:41,Hygro,Mains of Carmyllie (LPID NO/54289/43391),56.580815,-2.747666,5d590582000d096624861056000a,23.14,14.1,13.0,24.06,93.5,4.18,10
2025-08-30 10:46:40.521956+00:00,70B3D57ED0045541,Hygro#55:41,Hygro,Mains of Carmyllie (LPID NO/54289/43391),56.580815,-2.747666,5d570582000d096624261056000b,23.13,14.1,13.0,24.06,92.54,4.18,11
2025-08-30 11:01:57.240077+00:00,70B3D57ED0045541,Hygro#55:41,Hygro,Mains of Carmyllie (LPID NO/54289/43391),56.580815,-2.747666,5d560582000c09c424131056000c,23.12,14.1,12.0,25.0,92.35,4.18,12
2025-08-30 11:17:13.960344+00:00,70B3D57ED0045541,Hygro#55:41,Hygro,Mains of Carmyllie (LPID NO/54289/43391),56.580815,-2.747666,5d540582000d097f23c3105a000d,23.12,14.1,13.0,24.31,91.55,4.19,13
2025-08-30 11:32:30.685009+00:00,70B3D57ED0045541,Hygro#55:41,Hygro,Mains of Carmyllie (LPID NO/54289/43391),56.580815,-2.747666,5d590582000d08212307105a000e,23.14,14.1,13.0,20.81,89.67,4.19,14
2025-08-30 11:47:47.411156+00:00,70B3D57ED0045541,Hygro#55:41,Hygro,Mains of Carmyllie (LPID NO/54289/43391),56.580815,-2.747666,5d58058c000d0866234b105a000f,23.13,14.2,13.0,21.5,90.35,4.19,15
2025-08-30 12:03:04.148805+00:00,70B3D57ED0045541,Hygro#55:41,Hygro,Mains of Carmyllie (LPID NO/54289/43391),56.580815,-2.747666,5d52058c000d078b232c105c0010,23.11,14.2,13.0,19.31,90.04,4.19,16
2025-08-30 12:18:20.890585+00:00,70B3D57ED0045541,Hygro#55:41,Hygro,Mains of Carmyllie (LPID NO/54289/43391),56.580815,-2.747666,5d55058c000c078b22f9105a0011,23.12,14.2,12.0,19.31,89.53,4.19,17
2025-08-30 12:58:00.888528+00:00,70B3D57ED0045541,Hygro#55:41,Hygro,Mains of Carmyllie (LPID NO/54289/43391),56.580815,-2.747666,5d51058c000d07c32309105a0001,23.11,14.2,13.0,19.87,89.69,4.19,1
2025-08-30 13:13:17.619951+00:00,70B3D57ED0045541,Hygro#55:41,Hygro,Mains of Carmyllie (LPID NO/54289/43391),56.580815,-2.747666,5d50058c000d081b22fd10580002,23.1,14.2,13.0,20.75,89.57,4.18,2
2025-08-31 07:49:20.917907+00:00,70B3D57ED0045541,Hygro#55:41,Hygro,Mains of Carmyllie (LPID NO/54289/43391),56.580815,-2.747666,5d5c0596000d05822506103b0000,23.15,14.3,13.0,14.1,94.78,4.16,0
2025-08-31 08:04:37.658544+00:00,70B3D57ED0045541,Hygro#55:41,Hygro,Mains of Carmyllie (LPID NO/54289/43391),56.580815,-2.747666,5d5a0596000d05c32559104b0001,23.14,14.3,13.0,14.75,95.61,4.17,1
2025-08-31 08:19:54.409672+00:00,70B3D57ED0045541,Hygro#55:41,Hygro,Mains of Carmyllie (LPID NO/54289/43391),56.580815,-2.747666,5d5b0596000d0607254f105c0002,23.14,14.3,13.0,15.43,95.51,4.19,2
2025-08-31 08:35:11.159011+00:00,70B3D57ED0045541,Hygro#55:41,Hygro,Mains of Carmyllie (LPID NO/54289/43391),56.580815,-2.747666,5d5e058c000d068b257710580003,23.16,14.2,13.0,16.75,95.91,4.18,3
2025-08-31 08:50:27.909876+00:00,70B3D57ED0045541,Hygro#55:41,Hygro,Mains of Carmyllie (LPID NO/54289/43391),56.580815,-2.747666,5d59058c000d069b2538105a0004,23.14,14.2,13.0,16.91,95.28,4.19,4
2025-08-31 09:05:44.650151+00:00,70B3D57ED0045541,Hygro#55:41,Hygro,Mains of Carmyllie (LPID NO/54289/43391),56.580815,-2.747666,5d5e058c000d064024bc105a0005,23.16,14.2,13.0,16.0,94.04,4.19,5
2025-08-31 09:21:01.388433+00:00,70B3D57ED0045541,Hygro#55:41,Hygro,Mains of Carmyllie (LPID NO/54289/43391),56.580815,-2.747666,5d5c058c000d066f248b10580006,23.15,14.2,13.0,16.47,93.55,4.18,6
2025-08-31 09:40:27.439355+00:00,70B3D57ED0045541,Hygro#55:41,Hygro,Mains of Carmyllie (LPID NO/54289/43391),56.580815,-2.747666,5d5a058c000d0627240e105f0000,23.14,14.2,13.0,15.75,92.3,4.19,0
2025-08-31 09:55:44.175363+00:00,70B3D57ED0045541,Hygro#55:41,Hygro,Mains of Carmyllie (LPID NO/54289/43391),56.580815,-2.747666,5d5b058c000d074c24d5105a0001,23.14,14.2,13.0,18.68,94.29,4.19,1
2025-08-31 10:11:00.907224+00:00,70B3D57ED0045541,Hygro#55:41,Hygro,Mains of Carmyllie (LPID NO/54289/43391),56.580815,-2.747666,5d5d058c000d06d6242a105c0002,23.15,14.2,13.0,17.5,92.58,4.19,2
2025-08-31 10:26:17.651474+00:00,70B3D57ED0045541,Hygro#55:41,Hygro,Mains of Carmyllie (LPID NO/54289/43391),56.580815,-2.747666,5d5a058c000d06aa241410580003,23.14,14.2,13.0,17.06,92.36,4.18,3
2025-08-31 10:41:34.370198+00:00,70B3D57ED0045541,Hygro#55:41,Hygro,Mains of Carmyllie (LPID NO/54289/43391),56.580815,-2.747666,5d5c058c000c0753243410580004,23.15,14.2,12.0,18.75,92.68,4.18,4
2025-08-31 10:56:51.108205+00:00,70B3D57ED0045541,Hygro#55:41,Hygro,Mains of Carmyllie (LPID NO/54289/43391),56.580815,-2.747666,5d5e058c000d0774243510560005,23.16,14.2,13.0,19.08,92.69,4.18,5
2025-08-31 11:12:07.845056+00:00,70B3D57ED0045541,Hygro#55:41,Hygro,Mains of Carmyllie (LPID NO/54289/43391),56.580815,-2.747666,5d5a058c000d07652408105a0006,23.14,14.2,13.0,18.93,92.24,4.19,6
2025-08-31 11:27:24.585401+00:00,70B3D57ED0045541,Hygro#55:41,Hygro,Mains of Carmyllie (LPID NO/54289/43391),56.580815,-2.747666,5d5c058c000d074423b810580007,23.15,14.2,13.0,18.6,91.44,4.18,7
2025-08-31 11:42:41.314866+00:00,70B3D57ED0045541,Hygro#55:41,Hygro,Mains of Carmyllie (LPID NO/54289/43391),56.580815,-2.747666,5d58058c000d07c323a2105a0008,23.13,14.2,13.0,19.87,91.22,4.19,8
2025-08-31 11:57:58.052191+00:00,70B3D57ED0045541,Hygro#55:41,Hygro,Mains of Carmyllie (LPID NO/54289/43391),56.580815,-2.747666,5d59058c000c077e22fc10580009,23.14,14.2,12.0,19.18,89.56,4.18,9
2025-08-31 12:13:14.790777+00:00,70B3D57ED0045541,Hygro#55:41,Hygro,Mains of Carmyllie (LPID NO/54289/43391),56.580815,-2.747666,5d5b058c000d072122a81058000a,23.14,14.2,13.0,18.25,88.72,4.18,10
2025-08-31 12:28:31.523657+00:00,70B3D57ED0045541,Hygro#55:41,Hygro,Mains of Carmyllie (LPID NO/54289/43391),56.580815,-2.747666,5d5e058c000d07352229105a000b,23.16,14.2,13.0,18.45,87.45,4.19,11
2025-08-31 12:43:48.251838+00:00,70B3D57ED0045541,Hygro#55:41,Hygro,Mains of Carmyllie (LPID NO/54289/43391),56.580815,-2.747666,5d5c058c000d06bd22ae105c000c,23.15,14.2,13.0,17.25,88.78,4.19,12
2025-08-31 12:59:04.988557+00:00,70B3D57ED0045541,Hygro#55:41,Hygro,Mains of Carmyllie (LPID NO/54289/43391),56.580815,-2.747666,5c91058c000d075b228b103b000d,22.36,14.2,13.0,18.83,88.43,4.16,13
2025-08-31 13:14:21.711999+00:00,70B3D57ED0045541,Hygro#55:41,Hygro,Mains of Carmyllie (LPID NO/54289/43391),56.580815,-2.747666,5d5d058c000d075322701056000e,23.15,14.2,13.0,18.75,88.16,4.18,14
2025-08-31 13:29:38.447238+00:00,70B3D57ED0045541,Hygro#55:41,Hygro,Mains of Carmyllie (LPID NO/54289/43391),56.580815,-2.747666,5d5e058c000d0797223c1058000f,23.16,14.2,13.0,19.43,87.64,4.18,15
2025-08-31 13:44:55.181377+00:00,70B3D57ED0045541,Hygro#55:41,Hygro,Mains of Carmyllie (LPID NO/54289/43391),56.580815,-2.747666,5d59058c000d07b7217010560010,23.14,14.2,13.0,19.75,85.6,4.18,16
2025-08-31 14:00:11.909655+00:00,70B3D57ED0045541,Hygro#55:41,Hygro,Mains of Carmyllie (LPID NO/54289/43391),56.580815,-2.747666,5d5b058c000d07d620f110560011,23.14,14.2,13.0,20.06,84.33,4.18,17
2025-08-31 14:15:28.641263+00:00,70B3D57ED0045541,Hygro#55:41,Hygro,Mains of Carmyllie (LPID NO/54289/43391),56.580815,-2.747666,5d57058c000d07e420f310540012,23.13,14.2,13.0,20.2,84.35,4.18,18
2025-08-31 14:30:45.366116+00:00,70B3D57ED0045541,Hygro#55:41,Hygro,Mains of Carmyllie (LPID NO/54289/43391),56.580815,-2.747666,5d59058c000d07dc206810580013,23.14,14.2,13.0,20.12,82.96,4.18,19
2025-08-31 14:46:02.109299+00:00,70B3D57ED0045541,Hygro#55:41,Hygro,Mains of Carmyllie (LPID NO/54289/43391),56.580815,-2.747666,472d058c000d07a6202310580014,1.12,14.2,13.0,19.58,82.27,4.18,20
2025-08-31 15:01:18.842687+00:00,70B3D57ED0045541,Hygro#55:41,Hygro,Mains of Carmyllie (LPID NO/54289/43391),56.580815,-2.747666,5d57058c000d078b204b10540015,23.13,14.2,13.0,19.31,82.67,4.18,21
2025-08-31 15:16:35.569175+00:00,70B3D57ED0045541,Hygro#55:41,Hygro,Mains of Carmyllie (LPID NO/54289/43391),56.580815,-2.747666,5d57058c000d07401fdb105a0016,23.13,14.2,13.0,18.56,81.55,4.19,22
2025-09-01 13:46:04.445390+00:00,70B3D57ED0045541,Hygro#55:41,Hygro,Mains of Carmyllie (LPID NO/54289/43391),56.580815,-2.747666,5d4f0578000d0740236d10510000,23.1,14.0,13.0,18.56,90.69,4.18,0
2025-09-01 14:59:13.910032+00:00,70B3D57ED0045541,Hygro#55:41,Hygro,Mains of Carmyllie (LPID NO/54289/43391),56.580815,-2.747666,5d540578000d07ef21bf10390001,23.12,14.0,13.0,20.31,86.39,4.15,1
2025-09-01 15:14:30.634999+00:00,70B3D57ED0045541,Hygro#55:41,Hygro,Mains of Carmyllie (LPID NO/54289/43391),56.580815,-2.747666,5d500578000d07ff211c104f0002,23.1,14.0,13.0,20.47,84.76,4.17,2
2025-09-01 15:52:53.046152+00:00,70B3D57ED0045541,Hygro#55:41,Hygro,Mains of Carmyllie (LPID NO/54289/43391),56.580815,-2.747666,5d4e0578000d06b6232110370000,23.09,14.0,13.0,17.18,89.93,4.15,0
2025-09-02 08:13:09.025430+00:00,70B3D57ED0045541,Hygro#55:41,Hygro,Mains of Carmyllie (LPID NO/54289/43391),56.580815,-2.747666,5d520578000d0614254410560001,23.11,14.0,13.0,15.56,95.4,4.18,1
2025-09-02 08:37:00.314266+00:00,70B3D57ED0045541,Hygro#55:41,Hygro,Mains of Carmyllie (LPID NO/54289/43391),56.580815,-2.747666,5d520578000d05fb24cc10560000,23.11,14.0,13.0,15.31,94.2,4.18,0
2025-09-02 09:09:08.193593+00:00,70B3D57ED0045541,Hygro#55:41,Hygro,Mains of Carmyllie (LPID NO/54289/43391),56.580815,-2.747666,5d540578000d065d254c10540001,23.12,14.0,13.0,16.29,95.48,4.18,1
2025-09-02 09:24:24.947445+00:00,70B3D57ED0045541,Hygro#55:41,Hygro,Mains of Carmyllie (LPID NO/54289/43391),56.580815,-2.747666,5d550578000c060524d210560002,23.12,14.0,12.0,15.41,94.26,4.18,2
2025-09-02 09:39:41.688463+00:00,70B3D57ED0045541,Hygro#55:41,Hygro,Mains of Carmyllie (LPID NO/54289/43391),56.580815,-2.747666,5d500578000c06c7257a10560003,23.1,14.0,12.0,17.35,95.94,4.18,3
2025-09-02 10:00:40.286885+00:00,70B3D57ED0045541,Hygro#55:41,Hygro,Mains of Carmyllie (LPID NO/54289/43391),56.580815,-2.747666,5d4e0578000d071a24ab103e0000,23.09,14.0,13.0,18.18,93.87,4.16,0
2025-09-02 10:15:57.017383+00:00,70B3D57ED0045541,Hygro#55:41,Hygro,Mains of Carmyllie (LPID NO/54289/43391),56.580815,-2.747666,5c8b0578000d06f5245f102a0001,22.34,14.0,13.0,17.81,93.11,4.14,1
2025-09-02 10:31:13.757922+00:00,70B3D57ED0045541,Hygro#55:41,Hygro,Mains of Carmyllie (LPID NO/54289/43391),56.580815,-2.747666,5d510578000d06a4242110420002,23.11,14.0,13.0,17.0,92.49,4.16,2
2025-09-02 10:46:30.499741+00:00,70B3D57ED0045541,Hygro#55:41,Hygro,Mains of Carmyllie (LPID NO/54289/43391),56.580815,-2.747666,5d550578000c06972413103e0003,23.12,14.0,12.0,16.87,92.35,4.16,3
2025-09-02 11:10:04.056505+00:00,70B3D57ED0045541,Hygro#55:41,Hygro,Mains of Carmyllie (LPID NO/54289/43391),56.580815,-2.747666,5c380578000d06c723d210230000,22.02,14.0,13.0,17.35,91.7,4.13,0
2025-09-02 11:25:20.785258+00:00,70B3D57ED0045541,Hygro#55:41,Hygro,Mains of Carmyllie (LPID NO/54289/43391),56.580815,-2.747666,5d4c0578000c071a23ea10560001,23.09,14.0,12.0,18.18,91.94,4.18,1
2025-09-02 11:50:41.636089+00:00,70B3D57ED0045541,Hygro#55:41,Hygro,Mains of Carmyllie (LPID NO/54289/43391),56.580815,-2.747666,5c520578000d070e23ab102c0000,22.12,14.0,13.0,18.06,91.31,4.14,0
2025-09-02 12:05:58.361631+00:00,70B3D57ED0045541,Hygro#55:41,Hygro,Mains of Carmyllie (LPID NO/54289/43391),56.580815,-2.747666,5c890578000d076523b710330001,22.33,14.0,13.0,18.93,91.43,4.15,1
2025-09-02 13:23:37.570630+00:00,70B3D57ED0045541,Hygro#55:41,Hygro,Mains of Carmyllie (LPID NO/54289/43391),56.580815,-2.747666,5c280578000c07012366102e0000,21.95,14.0,12.0,17.93,90.62,4.14,0
2025-09-02 13:38:54.319594+00:00,70B3D57ED0045541,Hygro#55:41,Hygro,Mains of Carmyllie (LPID NO/54289/43391),56.580815,-2.747666,5c450578000c0753235810280001,22.07,14.0,12.0,18.75,90.48,4.14,1
2025-09-02 14:46:08.251931+00:00,70B3D57ED0045541,Hygro#55:41,Hygro,Mains of Carmyllie (LPID NO/54289/43391),56.580815,-2.747666,5d470578000c074622f410540000,23.07,14.0,12.0,18.62,89.48,4.18,0
2025-09-02 15:01:24.983588+00:00,70B3D57ED0045541,Hygro#55:41,Hygro,Mains of Carmyllie (LPID NO/54289/43391),56.580815,-2.747666,5d470578000c07d422d410580001,23.07,14.0,12.0,20.04,89.16,4.18,1
2025-09-04 08:18:55.156747+00:00,70B3D57ED0045541,Hygro#55:41,Hygro,Mains of Carmyllie (LPID NO/54289/43391),56.580815,-2.747666,5d4e0564000c04c0254e10510000,23.09,13.8,12.0,12.16,95.5,4.18,0
2025-09-04 08:34:11.911186+00:00,70B3D57ED0045541,Hygro#55:41,Hygro,Mains of Carmyllie (LPID NO/54289/43391),56.580815,-2.747666,5d4f0564000c052d259310540001,23.1,13.8,12.0,13.25,96.19,4.18,1
2025-09-04 08:49:28.661659+00:00,70B3D57ED0045541,Hygro#55:41,Hygro,Mains of Carmyllie (LPID NO/54289/43391),56.580815,-2.747666,5d520564000c0554255f104f0002,23.11,13.8,12.0,13.64,95.67,4.17,2
2025-09-04 09:04:45.412230+00:00,70B3D57ED0045541,Hygro#55:41,Hygro,Mains of Carmyllie (LPID NO/54289/43391),56.580815,-2.747666,5d4d0564000c05cf2596104f0003,23.09,13.8,12.0,14.87,96.22,4.17,3
2025-09-04 09:20:02.139919+00:00,70B3D57ED0045541,Hygro#55:41,Hygro,Mains of Carmyllie (LPID NO/54289/43391),56.580815,-2.747666,5d4f0564000d061a257e10510004,23.1,13.8,13.0,15.62,95.98,4.18,4
2025-09-04 09:35:18.885937+00:00,70B3D57ED0045541,Hygro#55:41,Hygro,Mains of Carmyllie (LPID NO/54289/43391),56.580815,-2.747666,5d530564000d063924fb10510005,23.11,13.8,13.0,15.93,94.67,4.18,5
2025-09-04 09:50:35.629321+00:00,70B3D57ED0045541,Hygro#55:41,Hygro,Mains of Carmyllie (LPID NO/54289/43391),56.580815,-2.747666,5d500564000c0640249910510006,23.1,13.8,12.0,16.0,93.69,4.18,6
2025-09-04 10:05:52.362128+00:00,70B3D57ED0045541,Hygro#55:41,Hygro,Mains of Carmyllie (LPID NO/54289/43391),56.580815,-2.747666,5d4d0564000d06912494104f0007,23.09,13.8,13.0,16.81,93.64,4.17,7
2025-09-04 10:21:09.097842+00:00,70B3D57ED0045541,Hygro#55:41,Hygro,Mains of Carmyllie (LPID NO/54289/43391),56.580815,-2.747666,5d4d0564000c06fb247b10540008,23.09,13.8,12.0,17.87,93.39,4.18,8
2025-09-04 10:36:25.820885+00:00,70B3D57ED0045541,Hygro#55:41,Hygro,Mains of Carmyllie (LPID NO/54289/43391),56.580815,-2.747666,5d4f0564000c071a242a104f0009,23.1,13.8,12.0,18.18,92.58,4.17,9
2025-09-04 10:51:42.552523+00:00,70B3D57ED0045541,Hygro#55:41,Hygro,Mains of Carmyllie (LPID NO/54289/43391),56.580815,-2.747666,5d4a0564000c06b623a31051000a,23.08,13.8,12.0,17.18,91.23,4.18,10
2025-09-04 11:06:59.274905+00:00,70B3D57ED0045541,Hygro#55:41,Hygro,Mains of Carmyllie (LPID NO/54289/43391),56.580815,-2.747666,5c230564000d06a423761021000b,21.93,13.8,13.0,17.0,90.78,4.13,11
2025-09-04 11:22:16.003510+00:00,70B3D57ED0045541,Hygro#55:41,Hygro,Mains of Carmyllie (LPID NO/54289/43391),56.580815,-2.747666,5d4a0564000d072523cf1051000c,23.08,13.8,13.0,18.29,91.67,4.18,12
2025-09-04 11:37:32.724878+00:00,70B3D57ED0045541,Hygro#55:41,Hygro,Mains of Carmyllie (LPID NO/54289/43391),56.580815,-2.747666,5d4b0564000c077a23931054000d,23.08,13.8,12.0,19.14,91.07,4.18,13
2025-09-04 11:52:49.461639+00:00,70B3D57ED0045541,Hygro#55:41,Hygro,Mains of Carmyllie (LPID NO/54289/43391),56.580815,-2.747666,5d4e0564000d077e229a1054000e,23.09,13.8,13.0,19.18,88.58,4.18,14
2025-09-04 12:08:06.185919+00:00,70B3D57ED0045541,Hygro#55:41,Hygro,Mains of Carmyllie (LPID NO/54289/43391),56.580815,-2.747666,5d4b0564000c076522ac1056000f,23.08,13.8,12.0,18.93,88.76,4.18,15
2025-09-04 12:23:22.903539+00:00,70B3D57ED0045541,Hygro#55:41,Hygro,Mains of Carmyllie (LPID NO/54289/43391),56.580815,-2.747666,5c630564000c07b0223f10230010,22.18,13.8,12.0,19.68,87.67,4.13,16
2025-09-04 12:40:54.902543+00:00,70B3D57ED0045541,Hygro#55:41,Hygro,Mains of Carmyllie (LPID NO/54289/43391),56.580815,-2.747666,5d490564000c070e224710460000,23.07,13.8,12.0,18.06,87.75,4.17,0
2025-09-04 12:56:11.641317+00:00,70B3D57ED0045541,Hygro#55:41,Hygro,Mains of Carmyllie (LPID NO/54289/43391),56.580815,-2.747666,5d4a0564000c07e221e4103b0001,23.08,13.8,12.0,20.18,86.76,4.16,1
2025-09-04 13:11:28.368118+00:00,70B3D57ED0045541,Hygro#55:41,Hygro,Mains of Carmyllie (LPID NO/54289/43391),56.580815,-2.747666,5d510564000d07aa21e210540002,23.11,13.8,13.0,19.62,86.74,4.18,2
2025-09-04 13:26:45.101903+00:00,70B3D57ED0045541,Hygro#55:41,Hygro,Mains of Carmyllie (LPID NO/54289/43391),56.580815,-2.747666,5c840564000d0806219410280003,22.31,13.8,13.0,20.54,85.96,4.14,3
2025-09-04 13:47:30.633237+00:00,70B3D57ED0045541,Hygro#55:41,Hygro,Mains of Carmyllie (LPID NO/54289/43391),56.580815,-2.747666,5c3b0564000c072d221610300000,22.03,13.8,12.0,18.37,87.26,4.14,0
2025-09-04 14:02:47.358051+00:00,70B3D57ED0045541,Hygro#55:41,Hygro,Mains of Carmyllie (LPID NO/54289/43391),56.580815,-2.747666,5d4d0564000c083a21a210560001,23.09,13.8,12.0,21.06,86.1,4.18,1
2025-09-04 14:18:04.083709+00:00,70B3D57ED0045541,Hygro#55:41,Hygro,Mains of Carmyllie (LPID NO/54289/43391),56.580815,-2.747666,5d4e0564000d0844210610560002,23.09,13.8,13.0,21.16,84.54,4.18,2
2025-09-04 14:33:20.800257+00:00,70B3D57ED0045541,Hygro#55:41,Hygro,Mains of Carmyllie (LPID NO/54289/43391),56.580815,-2.747666,5d4d0564000c08701ffd10560003,23.09,13.8,12.0,21.6,81.89,4.18,3
2025-09-04 14:48:37.529711+00:00,70B3D57ED0045541,Hygro#55:41,Hygro,Mains of Carmyllie (LPID NO/54289/43391),56.580815,-2.747666,5d4e0564000c0808203210540004,23.09,13.8,12.0,20.56,82.42,4.18,4
2025-09-04 15:06:15.109714+00:00,70B3D57ED0045541,Hygro#55:41,Hygro,Mains of Carmyllie (LPID NO/54289/43391),56.580815,-2.747666,5d490564000c07f51fd6105a0000,23.07,13.8,12.0,20.37,81.5,4.19,0
2025-09-05 08:19:58.854794+00:00,70B3D57ED0045541,Hygro#55:41,Hygro,Mains of Carmyllie (LPID NO/54289/43391),56.580815,-2.747666,5d4e0564000c059125ef10560001,23.09,13.8,12.0,14.25,97.11,4.18,1
2025-09-05 08:50:32.344838+00:00,70B3D57ED0045541,Hygro#55:41,Hygro,Mains of Carmyllie (LPID NO/54289/43391),56.580815,-2.747666,5d490564000d061425e510560003,23.07,13.8,13.0,15.56,97.01,4.18,3
2025-09-05 09:07:35.940565+00:00,70B3D57ED0045541,Hygro#55:41,Hygro,Mains of Carmyllie (LPID NO/54289/43391),56.580815,-2.747666,5ce40564000c05b62558102e0000,22.68,13.8,12.0,14.62,95.6,4.14,0
2025-09-05 09:22:52.678652+00:00,70B3D57ED0045541,Hygro#55:41,Hygro,Mains of Carmyllie (LPID NO/54289/43391),56.580815,-2.747666,5d4b0564000c06332583105a0001,23.08,13.8,12.0,15.87,96.03,4.19,1
2025-09-05 09:38:09.415803+00:00,70B3D57ED0045541,Hygro#55:41,Hygro,Mains of Carmyllie (LPID NO/54289/43391),56.580815,-2.747666,5d4a0564000c05dc254310390002,23.08,13.8,12.0,15.0,95.39,4.15,2
2025-09-05 09:53:26.175591+00:00,70B3D57ED0045541,Hygro#55:41,Hygro,Mains of Carmyllie (LPID NO/54289/43391),56.580815,-2.747666,5d4b0564000c06b2257c10580003,23.08,13.8,12.0,17.14,95.96,4.18,3
2025-09-05 10:08:42.896308+00:00,70B3D57ED0045541,Hygro#55:41,Hygro,Mains of Carmyllie (LPID NO/54289/43391),56.580815,-2.747666,5d48055a000c070e24f810580004,23.07,13.7,12.0,18.06,94.64,4.18,4
2025-09-05 10:23:59.650131+00:00,70B3D57ED0045541,Hygro#55:41,Hygro,Mains of Carmyllie (LPID NO/54289/43391),56.580815,-2.747666,5d49055a000c06e224d410580005,23.07,13.7,12.0,17.62,94.28,4.18,5
2025-09-05 10:39:16.376560+00:00,70B3D57ED0045541,Hygro#55:41,Hygro,Mains of Carmyllie (LPID NO/54289/43391),56.580815,-2.747666,5d47055a000c0740252410580006,23.07,13.7,12.0,18.56,95.08,4.18,6
2025-09-05 10:54:33.099955+00:00,70B3D57ED0045541,Hygro#55:41,Hygro,Mains of Carmyllie (LPID NO/54289/43391),56.580815,-2.747666,5d48055a000c0767248d10580007,23.07,13.7,12.0,18.95,93.57,4.18,7
2025-09-05 11:09:49.829448+00:00,70B3D57ED0045541,Hygro#55:41,Hygro,Mains of Carmyllie (LPID NO/54289/43391),56.580815,-2.747666,5d45055a000c07802400105a0008,23.06,13.7,12.0,19.2,92.16,4.19,8
2025-09-05 11:30:56.123790+00:00,70B3D57ED0045541,Hygro#55:41,Hygro,Mains of Carmyllie (LPID NO/54289/43391),56.580815,-2.747666,5d46055a000d0759235610580000,23.06,13.7,13.0,18.81,90.46,4.18,0
2025-09-05 11:46:12.846708+00:00,70B3D57ED0045541,Hygro#55:41,Hygro,Mains of Carmyllie (LPID NO/54289/43391),56.580815,-2.747666,5d45055a000c07dc235110580001,23.06,13.7,12.0,20.12,90.41,4.18,1
2025-09-05 12:01:29.560805+00:00,70B3D57ED0045541,Hygro#55:41,Hygro,Mains of Carmyllie (LPID NO/54289/43391),56.580815,-2.747666,5d47055a000c07ac22a010580002,23.07,13.7,12.0,19.64,88.64,4.18,2
2025-09-05 12:16:46.291809+00:00,70B3D57ED0045541,Hygro#55:41,Hygro,Mains of Carmyllie (LPID NO/54289/43391),56.580815,-2.747666,5c57055a000d082d224d102e0003,22.14,13.7,13.0,20.93,87.81,4.14,3
2025-09-05 12:32:03.011497+00:00,70B3D57ED0045541,Hygro#55:41,Hygro,Mains of Carmyllie (LPID NO/54289/43391),56.580815,-2.747666,5d44055a000c079722df10580004,23.06,13.7,12.0,19.43,89.27,4.18,4
2025-09-05 12:47:19.734246+00:00,70B3D57ED0045541,Hygro#55:41,Hygro,Mains of Carmyllie (LPID NO/54289/43391),56.580815,-2.747666,5d45055a000d077222c3105a0005,23.06,13.7,13.0,19.06,88.99,4.19,5
2025-09-05 13:04:20.202442+00:00,70B3D57ED0045541,Hygro#55:41,Hygro,Mains of Carmyllie (LPID NO/54289/43391),56.580815,-2.747666,5c2e055a000c07b02223102e0000,21.98,13.7,12.0,19.68,87.39,4.14,0
2025-09-05 13:19:36.925028+00:00,70B3D57ED0045541,Hygro#55:41,Hygro,Mains of Carmyllie (LPID NO/54289/43391),56.580815,-2.747666,5d49055a000c083c21ff10580001,23.07,13.7,12.0,21.08,87.03,4.18,1
2025-09-05 13:34:53.637909+00:00,70B3D57ED0045541,Hygro#55:41,Hygro,Mains of Carmyllie (LPID NO/54289/43391),56.580815,-2.747666,5d46055a000c0885218010580002,23.06,13.7,12.0,21.81,85.76,4.18,2
2025-09-05 13:51:42.915241+00:00,70B3D57ED0045541,Hygro#55:41,Hygro,Mains of Carmyllie (LPID NO/54289/43391),56.580815,-2.747666,5d490564000c0846216810580000,23.07,13.8,12.0,21.18,85.52,4.18,0
2025-09-05 14:07:01.379571+00:00,70B3D57ED0045541,Hygro#55:41,Hygro,Mains of Carmyllie (LPID NO/54289/43391),56.580815,-2.747666,5d410564000c084220f210580001,23.04,13.8,12.0,21.14,84.34,4.18,1
2025-09-05 14:22:18.096507+00:00,70B3D57ED0045541,Hygro#55:41,Hygro,Mains of Carmyllie (LPID NO/54289/43391),56.580815,-2.747666,5d400564000c0891202f10560002,23.04,13.8,12.0,21.93,82.39,4.18,2
2025-09-05 14:37:34.801200+00:00,70B3D57ED0045541,Hygro#55:41,Hygro,Mains of Carmyllie (LPID NO/54289/43391),56.580815,-2.747666,5d410564000c089a20da10580003,23.04,13.8,12.0,22.02,84.1,4.18,3
2025-09-05 14:52:51.511683+00:00,70B3D57ED0045541,Hygro#55:41,Hygro,Mains of Carmyllie (LPID NO/54289/43391),56.580815,-2.747666,5d460564000c08aa208c10560004,23.06,13.8,12.0,22.18,83.32,4.18,4
2025-09-05 15:08:08.238543+00:00,70B3D57ED0045541,Hygro#55:41,Hygro,Mains of Carmyllie (LPID NO/54289/43391),56.580815,-2.747666,5d410564000c0821204f105a0005,23.04,13.8,12.0,20.81,82.71,4.19,5
2025-09-05 15:29:06.544077+00:00,70B3D57ED0045541,Hygro#55:41,Hygro,Mains of Carmyllie (LPID NO/54289/43391),56.580815,-2.747666,5d3d0564000c079720f810580000,23.03,13.8,12.0,19.43,84.4,4.18,0
2025-09-06 14:49:35.433627+00:00,70B3D57ED0045541,Hygro#55:41,Hygro,Mains of Carmyllie (LPID NO/54289/43391),56.580815,-2.747666,5d330550000c067c21f810540001,22.99,13.6,12.0,16.6,86.96,4.18,1
2025-09-06 15:04:52.167304+00:00,70B3D57ED0045541,Hygro#55:41,Hygro,Mains of Carmyllie (LPID NO/54289/43391),56.580815,-2.747666,5d340550000c06dc215f10510002,22.99,13.6,12.0,17.56,85.43,4.18,2
2025-09-08 08:20:59.421487+00:00,70B3D57ED0045541,Hygro#55:41,Hygro,Mains of Carmyllie (LPID NO/54289/43391),56.580815,-2.747666,5b9c0564000c04bc24fe10140000,21.41,13.8,12.0,12.12,94.7,4.12,0
2025-09-08 11:39:10.209325+00:00,70B3D57ED0045541,Hygro#55:41,Hygro,Mains of Carmyllie (LPID NO/54289/43391),56.580815,-2.747666,5d27055a000c0733230c104d0002,22.94,13.7,12.0,18.43,89.72,4.17,2
2025-09-08 11:54:26.922714+00:00,70B3D57ED0045541,Hygro#55:41,Hygro,Mains of Carmyllie (LPID NO/54289/43391),56.580815,-2.747666,5d2e055a000c071a224310460003,22.97,13.7,12.0,18.18,87.71,4.17,3
2025-09-08 12:09:43.647176+00:00,70B3D57ED0045541,Hygro#55:41,Hygro,Mains of Carmyllie (LPID NO/54289/43391),56.580815,-2.747666,5d28055a000c072d21ad104d0004,22.95,13.7,12.0,18.37,86.21,4.17,4
2025-09-08 12:25:00.366322+00:00,70B3D57ED0045541,Hygro#55:41,Hygro,Mains of Carmyllie (LPID NO/54289/43391),56.580815,-2.747666,5d28055a000c07482112104d0005,22.95,13.7,12.0,18.64,84.66,4.17,5
2025-09-08 12:40:17.085905+00:00,70B3D57ED0045541,Hygro#55:41,Hygro,Mains of Carmyllie (LPID NO/54289/43391),56.580815,-2.747666,5d2c055a000c070820c8104b0006,22.96,13.7,12.0,18.0,83.92,4.17,6
2025-09-08 12:55:33.808530+00:00,70B3D57ED0045541,Hygro#55:41,Hygro,Mains of Carmyllie (LPID NO/54289/43391),56.580815,-2.747666,5d29055a000c074620e7104f0007,22.95,13.7,12.0,18.62,84.23,4.17,7
2025-09-08 13:10:50.547895+00:00,70B3D57ED0045541,Hygro#55:41,Hygro,Mains of Carmyllie (LPID NO/54289/43391),56.580815,-2.747666,5d2a055a000c077620e610510008,22.95,13.7,12.0,19.1,84.22,4.18,8
2025-09-08 13:26:07.263266+00:00,70B3D57ED0045541,Hygro#55:41,Hygro,Mains of Carmyllie (LPID NO/54289/43391),56.580815,-2.747666,5d29055a000c079e2059104f0009,22.95,13.7,12.0,19.5,82.81,4.17,9
2025-09-08 13:41:23.992926+00:00,70B3D57ED0045541,Hygro#55:41,Hygro,Mains of Carmyllie (LPID NO/54289/43391),56.580815,-2.747666,5d29055a000c07c92001104d000a,22.95,13.7,12.0,19.93,81.93,4.17,10
2025-09-08 13:58:13.396617+00:00,70B3D57ED0045541,Hygro#55:41,Hygro,Mains of Carmyllie (LPID NO/54289/43391),56.580815,-2.747666,5d2a055a000c074c200b104f0000,22.95,13.7,12.0,18.68,82.03,4.17,0
2025-09-08 14:13:30.111011+00:00,70B3D57ED0045541,Hygro#55:41,Hygro,Mains of Carmyllie (LPID NO/54289/43391),56.580815,-2.747666,5d29055a000c07de1f90104f0001,22.95,13.7,12.0,20.14,80.8,4.17,1
2025-09-08 14:28:46.832857+00:00,70B3D57ED0045541,Hygro#55:41,Hygro,Mains of Carmyllie (LPID NO/54289/43391),56.580815,-2.747666,5d2c055a000d07c91f03104f0002,22.96,13.7,13.0,19.93,79.39,4.17,2
2025-09-08 14:44:03.554015+00:00,70B3D57ED0045541,Hygro#55:41,Hygro,Mains of Carmyllie (LPID NO/54289/43391),56.580815,-2.747666,5d26055a000c079e1eca10510003,22.94,13.7,12.0,19.5,78.82,4.18,3
2025-09-08 15:14:36.991202+00:00,70B3D57ED0045541,Hygro#55:41,Hygro,Mains of Carmyllie (LPID NO/54289/43391),56.580815,-2.747666,5d29055a000c076c1e55104f0005,22.95,13.7,12.0,19.0,77.65,4.17,5
2025-09-09 07:57:49.900917+00:00,70B3D57ED0045541,Hygro#55:41,Hygro,Mains of Carmyllie (LPID NO/54289/43391),56.580815,-2.747666,5d280546000b053f249e10540000,22.95,13.5,11.0,13.43,93.74,4.18,0
2025-09-09 08:13:06.659272+00:00,70B3D57ED0045541,Hygro#55:41,Hygro,Mains of Carmyllie (LPID NO/54289/43391),56.580815,-2.747666,5d27053c000c0597245810540001,22.94,13.4,12.0,14.31,93.04,4.18,1
2025-09-09 08:28:23.410907+00:00,70B3D57ED0045541,Hygro#55:41,Hygro,Mains of Carmyllie (LPID NO/54289/43391),56.580815,-2.747666,5d23053c000c05d52466104d0002,22.93,13.4,12.0,14.93,93.18,4.17,2
2025-09-09 08:43:40.155460+00:00,70B3D57ED0045541,Hygro#55:41,Hygro,Mains of Carmyllie (LPID NO/54289/43391),56.580815,-2.747666,5d24053c000b0601247210510003,22.93,13.4,11.0,15.37,93.3,4.18,3
2025-09-09 09:14:13.624241+00:00,70B3D57ED0045541,Hygro#55:41,Hygro,Mains of Carmyllie (LPID NO/54289/43391),56.580815,-2.747666,5d25053c000c069b242510540005,22.93,13.4,12.0,16.91,92.53,4.18,5
2025-09-09 09:29:30.366713+00:00,70B3D57ED0045541,Hygro#55:41,Hygro,Mains of Carmyllie (LPID NO/54289/43391),56.580815,-2.747666,5d25053c000c06b623ef104f0006,22.93,13.4,12.0,17.18,91.99,4.17,6
2025-09-09 09:44:47.100810+00:00,70B3D57ED0045541,Hygro#55:41,Hygro,Mains of Carmyllie (LPID NO/54289/43391),56.580815,-2.747666,5d22053c000b070e23c710540007,22.92,13.4,11.0,18.06,91.59,4.18,7
2025-09-09 10:00:03.832576+00:00,70B3D57ED0045541,Hygro#55:41,Hygro,Mains of Carmyllie (LPID NO/54289/43391),56.580815,-2.747666,5d25053c000c0737237510540008,22.93,13.4,12.0,18.47,90.77,4.18,8
2025-09-09 10:15:20.566576+00:00,70B3D57ED0045541,Hygro#55:41,Hygro,Mains of Carmyllie (LPID NO/54289/43391),56.580815,-2.747666,5d23053c000b073e22fc10540009,22.93,13.4,11.0,18.54,89.56,4.18,9
2025-09-09 10:30:37.288573+00:00,70B3D57ED0045541,Hygro#55:41,Hygro,Mains of Carmyllie (LPID NO/54289/43391),56.580815,-2.747666,5d24053c000c075022b71054000a,22.93,13.4,12.0,18.72,88.87,4.18,10
2025-09-09 10:45:54.022228+00:00,70B3D57ED0045541,Hygro#55:41,Hygro,Mains of Carmyllie (LPID NO/54289/43391),56.580815,-2.747666,5d1f053c000b07c922ac1056000b,22.91,13.4,11.0,19.93,88.76,4.18,11
2025-09-09 11:01:10.740449+00:00,70B3D57ED0045541,Hygro#55:41,Hygro,Mains of Carmyllie (LPID NO/54289/43391),56.580815,-2.747666,5d24053c000c079e223b1051000c,22.93,13.4,12.0,19.5,87.63,4.18,12
2025-09-09 11:16:27.467831+00:00,70B3D57ED0045541,Hygro#55:41,Hygro,Mains of Carmyllie (LPID NO/54289/43391),56.580815,-2.747666,5d20053c000c072121b71054000d,22.92,13.4,12.0,18.25,86.31,4.18,13
2025-09-09 11:31:44.203462+00:00,70B3D57ED0045541,Hygro#55:41,Hygro,Mains of Carmyllie (LPID NO/54289/43391),56.580815,-2.747666,5d21053a000b069721501054000e,22.92,13.38,11.0,16.87,85.28,4.18,14
2025-09-09 11:47:00.931212+00:00,70B3D57ED0045541,Hygro#55:41,Hygro,Mains of Carmyllie (LPID NO/54289/43391),56.580815,-2.747666,5d220532000b0708213f1058000f,22.92,13.3,11.0,18.0,85.11,4.18,15
2025-09-09 12:02:17.651179+00:00,70B3D57ED0045541,Hygro#55:41,Hygro,Mains of Carmyllie (LPID NO/54289/43391),56.580815,-2.747666,5d230532000b06ef20f410560010,22.93,13.3,11.0,17.75,84.36,4.18,16
2025-09-09 12:17:34.379163+00:00,70B3D57ED0045541,Hygro#55:41,Hygro,Mains of Carmyllie (LPID NO/54289/43391),56.580815,-2.747666,5d1f0532000c06d120ae10580011,22.91,13.3,12.0,17.45,83.66,4.18,17
2025-09-09 12:32:51.101287+00:00,70B3D57ED0045541,Hygro#55:41,Hygro,Mains of Carmyllie (LPID NO/54289/43391),56.580815,-2.747666,5d200532000b06bd205d105a0012,22.92,13.3,11.0,17.25,82.85,4.19,18
2025-09-09 12:48:07.824192+00:00,70B3D57ED0045541,Hygro#55:41,Hygro,Mains of Carmyllie (LPID NO/54289/43391),56.580815,-2.747666,5d1d0532000b06e6201310580013,22.9,13.3,11.0,17.66,82.11,4.18,19
2025-09-09 13:03:24.544542+00:00,70B3D57ED0045541,Hygro#55:41,Hygro,Mains of Carmyllie (LPID NO/54289/43391),56.580815,-2.747666,5d23053c000b06bd1ff910580014,22.93,13.4,11.0,17.25,81.85,4.18,20
2025-09-09 13:18:41.264521+00:00,70B3D57ED0045541,Hygro#55:41,Hygro,Mains of Carmyllie (LPID NO/54289/43391),56.580815,-2.747666,5d1d053c000b06c9203d105a0015,22.9,13.4,11.0,17.37,82.53,4.19,21
2025-09-09 13:33:58.001124+00:00,70B3D57ED0045541,Hygro#55:41,Hygro,Mains of Carmyllie (LPID NO/54289/43391),56.580815,-2.747666,5d1d053c000b06b6202c10580016,22.9,13.4,11.0,17.18,82.36,4.18,22
2025-09-09 13:49:14.732245+00:00,70B3D57ED0045541,Hygro#55:41,Hygro,Mains of Carmyllie (LPID NO/54289/43391),56.580815,-2.747666,5d1f053c000c06a4201e10580017,22.91,13.4,12.0,17.0,82.22,4.18,23
2025-09-09 14:04:31.454003+00:00,70B3D57ED0045541,Hygro#55:41,Hygro,Mains of Carmyllie (LPID NO/54289/43391),56.580815,-2.747666,5d1b053c000c06b01ff9105a0018,22.9,13.4,12.0,17.12,81.85,4.19,24
2025-09-09 14:19:48.183688+00:00,70B3D57ED0045541,Hygro#55:41,Hygro,Mains of Carmyllie (LPID NO/54289/43391),56.580815,-2.747666,5d1d053c000b061a1ff1105a0019,22.9,13.4,11.0,15.62,81.77,4.19,25
2025-09-09 14:35:04.914306+00:00,70B3D57ED0045541,Hygro#55:41,Hygro,Mains of Carmyllie (LPID NO/54289/43391),56.580815,-2.747666,5d19053c000c067a1fd71058001a,22.89,13.4,12.0,16.58,81.51,4.18,26
2025-09-09 14:50:21.655050+00:00,70B3D57ED0045541,Hygro#55:41,Hygro,Mains of Carmyllie (LPID NO/54289/43391),56.580815,-2.747666,5d1e053c000b06071fe0105a001b,22.91,13.4,11.0,15.43,81.6,4.19,27
2025-09-09 15:05:38.402978+00:00,70B3D57ED0045541,Hygro#55:41,Hygro,Mains of Carmyllie (LPID NO/54289/43391),56.580815,-2.747666,5d1c053c000b05ea20f91058001c,22.9,13.4,11.0,15.14,84.41,4.18,28
2025-09-09 15:29:13.217328+00:00,70B3D57ED0045541,Hygro#55:41,Hygro,Mains of Carmyllie (LPID NO/54289/43391),56.580815,-2.747666,5c3f053c000b05b0218d103e0000,22.04,13.4,11.0,14.56,85.89,4.16,0
2025-09-11 09:13:18.441442+00:00,70B3D57ED0045541,Hygro#55:41,Hygro,Mains of Carmyllie (LPID NO/54289/43391),56.580815,-2.747666,5d790532000b04ee25aa10540001,23.26,13.3,11.0,12.62,96.42,4.18,1
2025-09-11 09:30:23.869950+00:00,70B3D57ED0045541,Hygro#55:41,Hygro,Mains of Carmyllie (LPID NO/54289/43391),56.580815,-2.747666,5d7a0532000b04c9255e10540000,23.26,13.3,11.0,12.25,95.66,4.18,0
2025-09-11 09:45:40.625558+00:00,70B3D57ED0045541,Hygro#55:41,Hygro,Mains of Carmyllie (LPID NO/54289/43391),56.580815,-2.747666,5d7c0528000c0479255b10540001,23.27,13.2,12.0,11.45,95.63,4.18,1
2025-09-11 10:00:57.376857+00:00,70B3D57ED0045541,Hygro#55:41,Hygro,Mains of Carmyllie (LPID NO/54289/43391),56.580815,-2.747666,5d7c0528000c0546256210560002,23.27,13.2,12.0,13.5,95.7,4.18,2
2025-09-11 10:18:34.631143+00:00,70B3D57ED0045541,Hygro#55:41,Hygro,Mains of Carmyllie (LPID NO/54289/43391),56.580815,-2.747666,5d7e0528000b0543253210560000,23.28,13.2,11.0,13.47,95.22,4.18,0
2025-09-11 10:33:51.384681+00:00,70B3D57ED0045541,Hygro#55:41,Hygro,Mains of Carmyllie (LPID NO/54289/43391),56.580815,-2.747666,5d7f0528000b0597257310560001,23.28,13.2,11.0,14.31,95.87,4.18,1
2025-09-11 12:43:39.312010+00:00,70B3D57ED0045541,Hygro#55:41,Hygro,Mains of Carmyllie (LPID NO/54289/43391),56.580815,-2.747666,5d8b0528000b066522d210540000,23.33,13.2,11.0,16.37,89.14,4.18,0
2025-09-11 12:58:56.044133+00:00,70B3D57ED0045541,Hygro#55:41,Hygro,Mains of Carmyllie (LPID NO/54289/43391),56.580815,-2.747666,5d880528000b069122a210560001,23.32,13.2,11.0,16.81,88.66,4.18,1
2025-09-11 13:14:12.771895+00:00,70B3D57ED0045541,Hygro#55:41,Hygro,Mains of Carmyllie (LPID NO/54289/43391),56.580815,-2.747666,5d870528000b06e4229510540002,23.31,13.2,11.0,17.64,88.53,4.18,2
2025-09-11 13:29:29.514777+00:00,70B3D57ED0045541,Hygro#55:41,Hygro,Mains of Carmyllie (LPID NO/54289/43391),56.580815,-2.747666,5d8d0528000c064022e210510003,23.34,13.2,12.0,16.0,89.3,4.18,3
2025-09-11 13:44:46.244585+00:00,70B3D57ED0045541,Hygro#55:41,Hygro,Mains of Carmyllie (LPID NO/54289/43391),56.580815,-2.747666,5d8a0528000c0644227310580004,23.33,13.2,12.0,16.04,88.19,4.18,4
2025-09-12 09:50:47.344921+00:00,70B3D57ED0045541,Hygro#55:41,Hygro,Mains of Carmyllie (LPID NO/54289/43391),56.580815,-2.747666,5dc50514000c04b024f4102e0000,23.56,13.0,12.0,12.0,94.6,4.14,0
2025-09-12 10:06:04.109668+00:00,70B3D57ED0045541,Hygro#55:41,Hygro,Mains of Carmyllie (LPID NO/54289/43391),56.580815,-2.747666,5dc3050a000c04d52554102c0001,23.55,12.9,12.0,12.37,95.56,4.14,1
2025-09-12 10:21:20.875417+00:00,70B3D57ED0045541,Hygro#55:41,Hygro,Mains of Carmyllie (LPID NO/54289/43391),56.580815,-2.747666,5dcb050a000b052f258410510002,23.58,12.9,11.0,13.27,96.04,4.18,2
2025-09-12 10:36:37.620194+00:00,70B3D57ED0045541,Hygro#55:41,Hygro,Mains of Carmyllie (LPID NO/54289/43391),56.580815,-2.747666,5dc9050a000c0578258010560003,23.57,12.9,12.0,14.0,96.0,4.18,3
2025-09-12 10:51:54.376220+00:00,70B3D57ED0045541,Hygro#55:41,Hygro,Mains of Carmyllie (LPID NO/54289/43391),56.580815,-2.747666,5dc8050a000b062025c610560004,23.57,12.9,11.0,15.68,96.7,4.18,4
2025-09-12 11:07:11.115178+00:00,70B3D57ED0045541,Hygro#55:41,Hygro,Mains of Carmyllie (LPID NO/54289/43391),56.580815,-2.747666,5dc6050a000c0684259a104f0005,23.56,12.9,12.0,16.68,96.26,4.17,5
2025-09-12 11:22:27.867909+00:00,70B3D57ED0045541,Hygro#55:41,Hygro,Mains of Carmyllie (LPID NO/54289/43391),56.580815,-2.747666,5cbf050a000c05b6250b101f0006,22.54,12.9,12.0,14.62,94.83,4.13,6
2025-09-12 11:37:44.620402+00:00,70B3D57ED0045541,Hygro#55:41,Hygro,Mains of Carmyllie (LPID NO/54289/43391),56.580815,-2.747666,5dca050a000c05e2254510560007,23.57,12.9,12.0,15.06,95.41,4.18,7
2025-09-12 11:53:01.352702+00:00,70B3D57ED0045541,Hygro#55:41,Hygro,Mains of Carmyllie (LPID NO/54289/43391),56.580815,-2.747666,5dc9050a000c06e8246910540008,23.57,12.9,12.0,17.68,93.21,4.18,8
2025-09-12 12:08:18.094627+00:00,70B3D57ED0045541,Hygro#55:41,Hygro,Mains of Carmyllie (LPID NO/54289/43391),56.580815,-2.747666,5dcc050a000c066b239410560009,23.58,12.9,12.0,16.43,91.08,4.18,9
2025-09-12 12:23:34.844585+00:00,70B3D57ED0045541,Hygro#55:41,Hygro,Mains of Carmyllie (LPID NO/54289/43391),56.580815,-2.747666,5dcc050a000c069b235a1056000a,23.58,12.9,12.0,16.91,90.5,4.18,10
2025-09-12 12:40:24.341811+00:00,70B3D57ED0045541,Hygro#55:41,Hygro,Mains of Carmyllie (LPID NO/54289/43391),56.580815,-2.747666,5dc7050a000c0633232610580000,23.56,12.9,12.0,15.87,89.98,4.18,0
2025-09-12 13:23:36.797226+00:00,70B3D57ED0045541,Hygro#55:41,Hygro,Mains of Carmyllie (LPID NO/54289/43391),56.580815,-2.747666,5dc8050a000b0610245910560001,23.57,12.9,11.0,15.52,93.05,4.18,1
2025-09-12 13:43:35.209385+00:00,70B3D57ED0045541,Hygro#55:41,Hygro,Mains of Carmyllie (LPID NO/54289/43391),56.580815,-2.747666,5cc5050a000c05d52387102e0000,22.56,12.9,12.0,14.93,90.95,4.14,0
2025-09-12 14:15:44.901327+00:00,70B3D57ED0045541,Hygro#55:41,Hygro,Mains of Carmyllie (LPID NO/54289/43391),56.580815,-2.747666,5c93050a000c064c225210300001,22.37,12.9,12.0,16.12,87.86,4.14,1
2025-09-12 14:31:01.633963+00:00,70B3D57ED0045541,Hygro#55:41,Hygro,Mains of Carmyllie (LPID NO/54289/43391),56.580815,-2.747666,5ced050a000c0633222710580002,22.72,12.9,12.0,15.87,87.43,4.18,2
2025-09-12 14:46:18.380226+00:00,70B3D57ED0045541,Hygro#55:41,Hygro,Mains of Carmyllie (LPID NO/54289/43391),56.580815,-2.747666,5dc9050a000c068420af10560003,23.57,12.9,12.0,16.68,83.67,4.18,3
2025-09-12 15:01:35.107673+00:00,70B3D57ED0045541,Hygro#55:41,Hygro,Mains of Carmyllie (LPID NO/54289/43391),56.580815,-2.747666,5dca050a000c061220ec105a0004,23.57,12.9,12.0,15.54,84.28,4.19,4
2025-09-12 15:16:51.849580+00:00,70B3D57ED0045541,Hygro#55:41,Hygro,Mains of Carmyllie (LPID NO/54289/43391),56.580815,-2.747666,5dcd050a000b063320e210560005,23.59,12.9,11.0,15.87,84.18,4.18,5
2025-09-12 15:33:41.271272+00:00,70B3D57ED0045541,Hygro#55:41,Hygro,Mains of Carmyllie (LPID NO/54289/43391),56.580815,-2.747666,5cab050a000c0558221910350000,22.46,12.9,12.0,13.68,87.29,4.15,0
2025-09-13 08:15:10.941648+00:00,70B3D57ED0045541,Hygro#55:41,Hygro,Mains of Carmyllie (LPID NO/54289/43391),56.580815,-2.747666,5dec04f6000b0424258d10560001,23.71,12.7,11.0,10.6,96.13,4.18,1
2025-09-14 08:16:55.040302+00:00,70B3D57ED0045541,Hygro#55:41,Hygro,Mains of Carmyllie (LPID NO/54289/43391),56.580815,-2.747666,5d8f04ce000c035e253610330002,23.35,12.3,12.0,8.62,95.26,4.15,2
2025-09-14 08:32:11.809531+00:00,70B3D57ED0045541,Hygro#55:41,Hygro,Mains of Carmyllie (LPID NO/54289/43391),56.580815,-2.747666,5e3804ce000c03df25db104d0003,24.0,12.3,12.0,9.91,96.91,4.17,3
2025-09-14 08:47:28.564186+00:00,70B3D57ED0045541,Hygro#55:41,Hygro,Mains of Carmyllie (LPID NO/54289/43391),56.580815,-2.747666,5e3e04ce000c043925a8105a0004,24.02,12.3,12.0,10.81,96.4,4.19,4
2025-09-14 09:02:45.323483+00:00,70B3D57ED0045541,Hygro#55:41,Hygro,Mains of Carmyllie (LPID NO/54289/43391),56.580815,-2.747666,5e3d04ce000d04e82574105a0005,24.02,12.3,13.0,12.56,95.88,4.19,5
2025-09-14 09:18:02.080414+00:00,70B3D57ED0045541,Hygro#55:41,Hygro,Mains of Carmyllie (LPID NO/54289/43391),56.580815,-2.747666,5e3d04ce000c05142548105a0006,24.02,12.3,12.0,13.0,95.44,4.19,6
2025-09-14 09:33:20.581662+00:00,70B3D57ED0045541,Hygro#55:41,Hygro,Mains of Carmyllie (LPID NO/54289/43391),56.580815,-2.747666,5e4104ce000d04ee2536105a0007,24.04,12.3,13.0,12.62,95.26,4.19,7
2025-09-14 09:48:37.325402+00:00,70B3D57ED0045541,Hygro#55:41,Hygro,Mains of Carmyllie (LPID NO/54289/43391),56.580815,-2.747666,5e4004ce000c05372525105a0008,24.03,12.3,12.0,13.35,95.09,4.19,8
2025-09-14 10:03:54.086293+00:00,70B3D57ED0045541,Hygro#55:41,Hygro,Mains of Carmyllie (LPID NO/54289/43391),56.580815,-2.747666,5e3f04ce000c059d24e210580009,24.03,12.3,12.0,14.37,94.42,4.18,9
2025-09-14 10:19:10.832818+00:00,70B3D57ED0045541,Hygro#55:41,Hygro,Mains of Carmyllie (LPID NO/54289/43391),56.580815,-2.747666,5e4204ce000c0584247c1056000a,24.04,12.3,12.0,14.12,93.4,4.18,10
2025-09-14 10:34:27.589088+00:00,70B3D57ED0045541,Hygro#55:41,Hygro,Mains of Carmyllie (LPID NO/54289/43391),56.580815,-2.747666,5e4104ce000c057e246b105c000b,24.04,12.3,12.0,14.06,93.23,4.19,11
2025-09-14 10:49:44.331060+00:00,70B3D57ED0045541,Hygro#55:41,Hygro,Mains of Carmyllie (LPID NO/54289/43391),56.580815,-2.747666,5e4304c4000b0578245e105a000c,24.04,12.2,11.0,14.0,93.1,4.19,12
2025-09-14 11:05:01.082821+00:00,70B3D57ED0045541,Hygro#55:41,Hygro,Mains of Carmyllie (LPID NO/54289/43391),56.580815,-2.747666,5e4204c4000c057e2471105a000d,24.04,12.2,12.0,14.06,93.29,4.19,13
2025-09-14 11:20:17.833340+00:00,70B3D57ED0045541,Hygro#55:41,Hygro,Mains of Carmyllie (LPID NO/54289/43391),56.580815,-2.747666,5e4404c4000c05a324b0105c000e,24.05,12.2,12.0,14.43,93.92,4.19,14
2025-09-14 11:35:34.580971+00:00,70B3D57ED0045541,Hygro#55:41,Hygro,Mains of Carmyllie (LPID NO/54289/43391),56.580815,-2.747666,5d7104c4000c0558245e1033000f,23.23,12.2,12.0,13.68,93.1,4.15,15
2025-09-15 07:48:22.732308+00:00,70B3D57ED0045541,Hygro#55:41,Hygro,Mains of Carmyllie (LPID NO/54289/43391),56.580815,-2.747666,5efe04c4000d0407259e10560000,24.77,12.2,13.0,10.31,96.3,4.18,0
2025-09-15 08:32:19.407683+00:00,70B3D57ED0045541,Hygro#55:41,Hygro,Mains of Carmyllie (LPID NO/54289/43391),56.580815,-2.747666,5f0504c4000d044c2601105a0001,24.8,12.2,13.0,11.0,97.29,4.19,1
2025-09-15 08:47:36.165572+00:00,70B3D57ED0045541,Hygro#55:41,Hygro,Mains of Carmyllie (LPID NO/54289/43391),56.580815,-2.747666,5e9e04c4000c047e262510210002,24.4,12.2,12.0,11.5,97.65,4.13,2
2025-09-15 09:02:52.924660+00:00,70B3D57ED0045541,Hygro#55:41,Hygro,Mains of Carmyllie (LPID NO/54289/43391),56.580815,-2.747666,5f1204c4000d049025fd10540003,24.85,12.2,13.0,11.68,97.25,4.18,3
2025-09-15 09:19:46.934580+00:00,70B3D57ED0045541,Hygro#55:41,Hygro,Mains of Carmyllie (LPID NO/54289/43391),56.580815,-2.747666,5f1004c4000d0467259a10540000,24.84,12.2,13.0,11.27,96.26,4.18,0
2025-09-15 09:35:03.695644+00:00,70B3D57ED0045541,Hygro#55:41,Hygro,Mains of Carmyllie (LPID NO/54289/43391),56.580815,-2.747666,5f1504c4000d04f42612105a0001,24.86,12.2,13.0,12.68,97.46,4.19,1
2025-09-15 09:50:20.448592+00:00,70B3D57ED0045541,Hygro#55:41,Hygro,Mains of Carmyllie (LPID NO/54289/43391),56.580815,-2.747666,5f1a04c4000d051e25be10560002,24.88,12.2,13.0,13.1,96.62,4.18,2
2025-09-15 10:05:38.956363+00:00,70B3D57ED0045541,Hygro#55:41,Hygro,Mains of Carmyllie (LPID NO/54289/43391),56.580815,-2.747666,5f1d04c4000d0537257d10580003,24.89,12.2,13.0,13.35,95.97,4.18,3
2025-09-15 10:20:55.692160+00:00,70B3D57ED0045541,Hygro#55:41,Hygro,Mains of Carmyllie (LPID NO/54289/43391),56.580815,-2.747666,5e1104c4000d0526250310250004,23.85,12.2,13.0,13.18,94.75,4.13,4
2025-09-15 10:36:12.448329+00:00,70B3D57ED0045541,Hygro#55:41,Hygro,Mains of Carmyllie (LPID NO/54289/43391),56.580815,-2.747666,5f2004c4000d04ee253b104b0005,24.9,12.2,13.0,12.62,95.31,4.17,5
2025-09-15 10:51:29.197321+00:00,70B3D57ED0045541,Hygro#55:41,Hygro,Mains of Carmyllie (LPID NO/54289/43391),56.580815,-2.747666,5f2704c4000d056b257910580006,24.93,12.2,13.0,13.87,95.93,4.18,6
2025-09-15 11:06:45.944312+00:00,70B3D57ED0045541,Hygro#55:41,Hygro,Mains of Carmyllie (LPID NO/54289/43391),56.580815,-2.747666,5f2904c4000d0567252410560007,24.94,12.2,13.0,13.83,95.08,4.18,7
2025-09-15 11:22:02.692392+00:00,70B3D57ED0045541,Hygro#55:41,Hygro,Mains of Carmyllie (LPID NO/54289/43391),56.580815,-2.747666,5f2a04c4000d052024be105a0008,24.94,12.2,13.0,13.12,94.06,4.19,8
2025-09-15 11:37:19.450563+00:00,70B3D57ED0045541,Hygro#55:41,Hygro,Mains of Carmyllie (LPID NO/54289/43391),56.580815,-2.747666,5f2b04c4000c053924b3105a0009,24.94,12.2,12.0,13.37,93.95,4.19,9
2025-09-15 11:52:36.191064+00:00,70B3D57ED0045541,Hygro#55:41,Hygro,Mains of Carmyllie (LPID NO/54289/43391),56.580815,-2.747666,5f2b04c4000d05162475105c000a,24.94,12.2,13.0,13.02,93.33,4.19,10
2025-09-15 12:07:52.940104+00:00,70B3D57ED0045541,Hygro#55:41,Hygro,Mains of Carmyllie (LPID NO/54289/43391),56.580815,-2.747666,5f3004c4000d051424721058000b,24.96,12.2,13.0,13.0,93.3,4.18,11
2025-09-16 08:00:14.171344+00:00,70B3D57ED0045541,Hygro#55:41,Hygro,Mains of Carmyllie (LPID NO/54289/43391),56.580815,-2.747666,60dd04d8000f03ab25dc103e0000,26.63,12.4,15.0,9.39,96.92,4.16,0
2025-09-16 08:15:30.935979+00:00,70B3D57ED0045541,Hygro#55:41,Hygro,Mains of Carmyllie (LPID NO/54289/43391),56.580815,-2.747666,60de04d8000f03c6263e10460001,26.63,12.4,15.0,9.66,97.9,4.17,1
2025-09-16 08:30:49.466313+00:00,70B3D57ED0045541,Hygro#55:41,Hygro,Mains of Carmyllie (LPID NO/54289/43391),56.580815,-2.747666,60dd04d8000f03db2671104f0002,26.63,12.4,15.0,9.87,98.41,4.17,2
2025-09-16 08:46:06.239194+00:00,70B3D57ED0045541,Hygro#55:41,Hygro,Mains of Carmyllie (LPID NO/54289/43391),56.580815,-2.747666,60df04d8000f03d5264410580003,26.64,12.4,15.0,9.81,97.96,4.18,3
2025-09-16 09:01:22.990566+00:00,70B3D57ED0045541,Hygro#55:41,Hygro,Mains of Carmyllie (LPID NO/54289/43391),56.580815,-2.747666,60e104d8000f0407260210580004,26.64,12.4,15.0,10.31,97.3,4.18,4
2025-09-16 09:16:39.773589+00:00,70B3D57ED0045541,Hygro#55:41,Hygro,Mains of Carmyllie (LPID NO/54289/43391),56.580815,-2.747666,60e204d8000e042425dc10580005,26.65,12.4,14.0,10.6,96.92,4.18,5
2025-09-16 09:31:56.503305+00:00,70B3D57ED0045541,Hygro#55:41,Hygro,Mains of Carmyllie (LPID NO/54289/43391),56.580815,-2.747666,60e404d8000f045225d510560006,26.65,12.4,15.0,11.06,96.85,4.18,6
2025-09-16 09:47:13.250148+00:00,70B3D57ED0045541,Hygro#55:41,Hygro,Mains of Carmyllie (LPID NO/54289/43391),56.580815,-2.747666,60e604d8001004652596105a0007,26.66,12.4,16.0,11.25,96.22,4.19,7
2025-09-16 10:02:30.015540+00:00,70B3D57ED0045541,Hygro#55:41,Hygro,Mains of Carmyllie (LPID NO/54289/43391),56.580815,-2.747666,60e504d8000f04b42583105a0008,26.66,12.4,15.0,12.04,96.03,4.19,8
2025-09-16 10:17:46.747661+00:00,70B3D57ED0045541,Hygro#55:41,Hygro,Mains of Carmyllie (LPID NO/54289/43391),56.580815,-2.747666,60e504d8000f05202584105a0009,26.66,12.4,15.0,13.12,96.04,4.19,9
2025-09-16 10:33:03.492775+00:00,70B3D57ED0045541,Hygro#55:41,Hygro,Mains of Carmyllie (LPID NO/54289/43391),56.580815,-2.747666,60e704d800100552254a105a000a,26.67,12.4,16.0,13.62,95.46,4.19,10
2025-09-16 10:48:20.240674+00:00,70B3D57ED0045541,Hygro#55:41,Hygro,Mains of Carmyllie (LPID NO/54289/43391),56.580815,-2.747666,60eb04d8000f057825231058000b,26.68,12.4,15.0,14.0,95.07,4.18,11
2025-09-16 11:03:36.975781+00:00,70B3D57ED0045541,Hygro#55:41,Hygro,Mains of Carmyllie (LPID NO/54289/43391),56.580815,-2.747666,60ea04d8000f0595250e105c000c,26.68,12.4,15.0,14.29,94.86,4.19,12
2025-09-16 11:18:53.723706+00:00,70B3D57ED0045541,Hygro#55:41,Hygro,Mains of Carmyllie (LPID NO/54289/43391),56.580815,-2.747666,60ea04d8000e05c324f71058000d,26.68,12.4,14.0,14.75,94.63,4.18,13
2025-09-16 11:34:10.463183+00:00,70B3D57ED0045541,Hygro#55:41,Hygro,Mains of Carmyllie (LPID NO/54289/43391),56.580815,-2.747666,60eb04d8000f05f224d3105a000e,26.68,12.4,15.0,15.22,94.27,4.19,14
2025-09-16 11:49:27.186286+00:00,70B3D57ED0045541,Hygro#55:41,Hygro,Mains of Carmyllie (LPID NO/54289/43391),56.580815,-2.747666,60ea04d8000f05ea2428105a000f,26.68,12.4,15.0,15.14,92.56,4.19,15
2025-09-16 12:04:43.911712+00:00,70B3D57ED0045541,Hygro#55:41,Hygro,Mains of Carmyllie (LPID NO/54289/43391),56.580815,-2.747666,60ec04d8000f0614242310580010,26.69,12.4,15.0,15.56,92.51,4.18,16
2025-09-16 12:20:00.658336+00:00,70B3D57ED0045541,Hygro#55:41,Hygro,Mains of Carmyllie (LPID NO/54289/43391),56.580815,-2.747666,60ec04d8000f05fb23ab105a0011,26.69,12.4,15.0,15.31,91.31,4.19,17
2025-09-16 12:35:17.395689+00:00,70B3D57ED0045541,Hygro#55:41,Hygro,Mains of Carmyllie (LPID NO/54289/43391),56.580815,-2.747666,60ee04d8000f05fb2316105a0012,26.69,12.4,15.0,15.31,89.82,4.19,18
2025-09-16 12:50:34.127857+00:00,70B3D57ED0045541,Hygro#55:41,Hygro,Mains of Carmyllie (LPID NO/54289/43391),56.580815,-2.747666,60ee04d8000f05fb22c1105c0013,26.69,12.4,15.0,15.31,88.97,4.19,19
2025-09-16 13:05:50.840280+00:00,70B3D57ED0045541,Hygro#55:41,Hygro,Mains of Carmyllie (LPID NO/54289/43391),56.580815,-2.747666,60ee04d8000f060e22de105a0014,26.69,12.4,15.0,15.5,89.26,4.19,20
2025-09-16 13:21:07.576366+00:00,70B3D57ED0045541,Hygro#55:41,Hygro,Mains of Carmyllie (LPID NO/54289/43391),56.580815,-2.747666,60f004d8000f05d522f7105c0015,26.7,12.4,15.0,14.93,89.51,4.19,21
2025-09-16 13:36:24.319175+00:00,70B3D57ED0045541,Hygro#55:41,Hygro,Mains of Carmyllie (LPID NO/54289/43391),56.580815,-2.747666,5eef04d8000f05712311105a0016,24.71,12.4,15.0,13.93,89.77,4.19,22
2025-09-16 13:51:41.077703+00:00,70B3D57ED0045541,Hygro#55:41,Hygro,Mains of Carmyllie (LPID NO/54289/43391),56.580815,-2.747666,5e9f04d8000f058a235f105c0017,24.4,12.4,15.0,14.18,90.55,4.19,23
2025-09-16 14:06:57.822314+00:00,70B3D57ED0045541,Hygro#55:41,Hygro,Mains of Carmyllie (LPID NO/54289/43391),56.580815,-2.747666,60f004d8000f05dc231c105a0018,26.7,12.4,15.0,15.0,89.88,4.19,24
2025-09-16 14:27:09.025789+00:00,70B3D57ED0045541,Hygro#55:41,Hygro,Mains of Carmyllie (LPID NO/54289/43391),56.580815,-2.747666,60ef04d8000f05542359105c0000,26.7,12.4,15.0,13.64,90.49,4.19,0
2025-09-16 14:59:12.808446+00:00,70B3D57ED0045541,Hygro#55:41,Hygro,Mains of Carmyllie (LPID NO/54289/43391),56.580815,-2.747666,60ef04d8000f05ec21a5105f0001,26.7,12.4,15.0,15.16,86.13,4.19,1
2025-09-16 15:14:29.546673+00:00,70B3D57ED0045541,Hygro#55:41,Hygro,Mains of Carmyllie (LPID NO/54289/43391),56.580815,-2.747666,601d04d8000f05dc211a10300002,25.88,12.4,15.0,15.0,84.74,4.14,2
2025-09-17 15:05:07.277746+00:00,70B3D57ED0045541,Hygro#55:41,Hygro,Mains of Carmyllie (LPID NO/54289/43391),56.580815,-2.747666,5f8f04c4000f0573253c10330000,25.33,12.2,15.0,13.95,95.32,4.15,0
2025-09-18 08:02:19.053046+00:00,70B3D57ED0045541,Hygro#55:41,Hygro,Mains of Carmyllie (LPID NO/54289/43391),56.580815,-2.747666,610804ce000f04c2258f10330001,26.79,12.3,15.0,12.18,96.15,4.15,1
2025-09-18 08:17:41.102707+00:00,70B3D57ED0045541,Hygro#55:41,Hygro,Mains of Carmyllie (LPID NO/54289/43391),56.580815,-2.747666,610904ce000f04e62616103e0002,26.8,12.3,15.0,12.54,97.5,4.16,2
2025-09-18 08:32:57.855783+00:00,70B3D57ED0045541,Hygro#55:41,Hygro,Mains of Carmyllie (LPID NO/54289/43391),56.580815,-2.747666,610704cb000f050d25f810540003,26.79,12.27,15.0,12.93,97.2,4.18,3
2025-09-18 08:48:14.620889+00:00,70B3D57ED0045541,Hygro#55:41,Hygro,Mains of Carmyllie (LPID NO/54289/43391),56.580815,-2.747666,544e04c6000f053d25df10510004,14.16,12.22,15.0,13.41,96.95,4.18,4
2025-09-18 09:03:31.367022+00:00,70B3D57ED0045541,Hygro#55:41,Hygro,Mains of Carmyllie (LPID NO/54289/43391),56.580815,-2.747666,610604c4000f057825d610560005,26.79,12.2,15.0,14.0,96.86,4.18,5
2025-09-18 09:18:48.124823+00:00,70B3D57ED0045541,Hygro#55:41,Hygro,Mains of Carmyllie (LPID NO/54289/43391),56.580815,-2.747666,610804c4000e059725c810510006,26.79,12.2,14.0,14.31,96.72,4.18,6
2025-09-18 09:34:04.865361+00:00,70B3D57ED0045541,Hygro#55:41,Hygro,Mains of Carmyllie (LPID NO/54289/43391),56.580815,-2.747666,610504c4000f05cd25a910540007,26.78,12.2,15.0,14.85,96.41,4.18,7
2025-09-18 09:49:21.610427+00:00,70B3D57ED0045541,Hygro#55:41,Hygro,Mains of Carmyllie (LPID NO/54289/43391),56.580815,-2.747666,610604c4000f05e2259310540008,26.79,12.2,15.0,15.06,96.19,4.18,8
2025-09-18 10:04:38.356202+00:00,70B3D57ED0045541,Hygro#55:41,Hygro,Mains of Carmyllie (LPID NO/54289/43391),56.580815,-2.747666,610404c4001005f9256210540009,26.78,12.2,16.0,15.29,95.7,4.18,9
2025-09-18 10:19:55.103779+00:00,70B3D57ED0045541,Hygro#55:41,Hygro,Mains of Carmyllie (LPID NO/54289/43391),56.580815,-2.747666,610404c4000f05fb25531058000a,26.78,12.2,15.0,15.31,95.55,4.18,10
2025-09-18 10:35:11.838637+00:00,70B3D57ED0045541,Hygro#55:41,Hygro,Mains of Carmyllie (LPID NO/54289/43391),56.580815,-2.747666,610604c4000f060325441054000b,26.79,12.2,15.0,15.39,95.4,4.18,11
2025-09-18 10:50:28.576953+00:00,70B3D57ED0045541,Hygro#55:41,Hygro,Mains of Carmyllie (LPID NO/54289/43391),56.580815,-2.747666,610404c4000f05e6250a1051000c,26.78,12.2,15.0,15.1,94.82,4.18,12
2025-09-18 11:05:45.327033+00:00,70B3D57ED0045541,Hygro#55:41,Hygro,Mains of Carmyllie (LPID NO/54289/43391),56.580815,-2.747666,610404c4000f062025201056000d,26.78,12.2,15.0,15.68,95.04,4.18,13
2025-09-18 11:21:02.065375+00:00,70B3D57ED0045541,Hygro#55:41,Hygro,Mains of Carmyllie (LPID NO/54289/43391),56.580815,-2.747666,60b504c4000f062024fc1028000e,26.47,12.2,15.0,15.68,94.68,4.14,14
2025-09-18 11:36:18.806994+00:00,70B3D57ED0045541,Hygro#55:41,Hygro,Mains of Carmyllie (LPID NO/54289/43391),56.580815,-2.747666,610104c4000f0612248e1058000f,26.77,12.2,15.0,15.54,93.58,4.18,15
2025-09-18 11:51:35.536496+00:00,70B3D57ED0045541,Hygro#55:41,Hygro,Mains of Carmyllie (LPID NO/54289/43391),56.580815,-2.747666,610204c4000f0639244f10540010,26.77,12.2,15.0,15.93,92.95,4.18,16
2025-09-18 12:06:52.277471+00:00,70B3D57ED0045541,Hygro#55:41,Hygro,Mains of Carmyllie (LPID NO/54289/43391),56.580815,-2.747666,610104c4000f063923ff10580011,26.77,12.2,15.0,15.93,92.15,4.18,17
2025-09-18 12:22:09.017939+00:00,70B3D57ED0045541,Hygro#55:41,Hygro,Mains of Carmyllie (LPID NO/54289/43391),56.580815,-2.747666,610404c4000f062d23e7105a0012,26.78,12.2,15.0,15.81,91.91,4.19,18
2025-09-18 12:37:25.750570+00:00,70B3D57ED0045541,Hygro#55:41,Hygro,Mains of Carmyllie (LPID NO/54289/43391),56.580815,-2.747666,610104c4000f067e23ad10580013,26.77,12.2,15.0,16.62,91.33,4.18,19
2025-09-18 12:52:42.482026+00:00,70B3D57ED0045541,Hygro#55:41,Hygro,Mains of Carmyllie (LPID NO/54289/43391),56.580815,-2.747666,610004c4000e069d239c10580014,26.76,12.2,14.0,16.93,91.16,4.18,20
2025-09-18 13:07:59.220699+00:00,70B3D57ED0045541,Hygro#55:41,Hygro,Mains of Carmyllie (LPID NO/54289/43391),56.580815,-2.747666,610204c4000e06b023bc105a0015,26.77,12.2,14.0,17.12,91.48,4.19,21
2025-09-18 13:23:15.959084+00:00,70B3D57ED0045541,Hygro#55:41,Hygro,Mains of Carmyllie (LPID NO/54289/43391),56.580815,-2.747666,610104c4000e06aa239b10580016,26.77,12.2,14.0,17.06,91.15,4.18,22
2025-09-18 13:38:32.692977+00:00,70B3D57ED0045541,Hygro#55:41,Hygro,Mains of Carmyllie (LPID NO/54289/43391),56.580815,-2.747666,60ff04c4000f068b235e10580017,26.76,12.2,15.0,16.75,90.54,4.18,23
2025-09-18 13:53:49.421746+00:00,70B3D57ED0045541,Hygro#55:41,Hygro,Mains of Carmyllie (LPID NO/54289/43391),56.580815,-2.747666,610004c4000f069b2309105a0018,26.76,12.2,15.0,16.91,89.69,4.19,24
2025-09-18 14:09:06.161759+00:00,70B3D57ED0045541,Hygro#55:41,Hygro,Mains of Carmyllie (LPID NO/54289/43391),56.580815,-2.747666,60ff04ce000e068b2312105a0019,26.76,12.3,14.0,16.75,89.78,4.19,25
2025-09-18 14:24:22.890396+00:00,70B3D57ED0045541,Hygro#55:41,Hygro,Mains of Carmyllie (LPID NO/54289/43391),56.580815,-2.747666,60fd04ce000f069922ce1058001a,26.75,12.3,15.0,16.89,89.1,4.18,26
2025-09-18 14:39:39.618848+00:00,70B3D57ED0045541,Hygro#55:41,Hygro,Mains of Carmyllie (LPID NO/54289/43391),56.580815,-2.747666,60fd04ce000e06972298105a001b,26.75,12.3,14.0,16.87,88.56,4.19,27
2025-09-18 14:54:56.353405+00:00,70B3D57ED0045541,Hygro#55:41,Hygro,Mains of Carmyllie (LPID NO/54289/43391),56.580815,-2.747666,60fe04ce000e0684228f105a001c,26.76,12.3,14.0,16.68,88.47,4.19,28
2025-09-18 15:10:13.082893+00:00,70B3D57ED0045541,Hygro#55:41,Hygro,Mains of Carmyllie (LPID NO/54289/43391),56.580815,-2.747666,60fd04ce000f069722051058001d,26.75,12.3,15.0,16.87,87.09,4.18,29
2025-09-20 08:44:15.885180+00:00,70B3D57ED0045541,Hygro#55:41,Hygro,Mains of Carmyllie (LPID NO/54289/43391),56.580815,-2.747666,5fe004ec000f04cf2511101d0000,25.65,12.6,15.0,12.31,94.89,4.12,0
2025-09-20 08:59:32.637584+00:00,70B3D57ED0045541,Hygro#55:41,Hygro,Mains of Carmyllie (LPID NO/54289/43391),56.580815,-2.747666,60e704ec000f052d24f510540001,26.67,12.6,15.0,13.25,94.61,4.18,1
2025-09-20 11:51:54.010594+00:00,70B3D57ED0045541,Hygro#55:41,Hygro,Mains of Carmyllie (LPID NO/54289/43391),56.580815,-2.747666,602e04e2000e052d23c210210000,25.95,12.5,14.0,13.25,91.54,4.13,0
2025-09-21 08:08:52.318977+00:00,70B3D57ED0045541,Hygro#55:41,Hygro,Mains of Carmyllie (LPID NO/54289/43391),56.580815,-2.747666,60cd04a6000e033f24b910390001,26.57,11.9,14.0,8.31,94.01,4.15,1
2025-09-21 08:24:09.090353+00:00,70B3D57ED0045541,Hygro#55:41,Hygro,Mains of Carmyllie (LPID NO/54289/43391),56.580815,-2.747666,60ce04a6000e037724f610460002,26.57,11.9,14.0,8.87,94.62,4.17,2
2025-09-21 08:39:25.850767+00:00,70B3D57ED0045541,Hygro#55:41,Hygro,Mains of Carmyllie (LPID NO/54289/43391),56.580815,-2.747666,60cd04a6000e0377254c10460003,26.57,11.9,14.0,8.87,95.48,4.17,3
2025-09-21 08:54:42.613459+00:00,70B3D57ED0045541,Hygro#55:41,Hygro,Mains of Carmyllie (LPID NO/54289/43391),56.580815,-2.747666,60ce04a6000e039a254310510004,26.57,11.9,14.0,9.22,95.39,4.18,4
2025-09-21 09:09:59.371928+00:00,70B3D57ED0045541,Hygro#55:41,Hygro,Mains of Carmyllie (LPID NO/54289/43391),56.580815,-2.747666,60ce04a6000e03e8254e10540005,26.57,11.9,14.0,10.0,95.5,4.18,5
2025-09-21 09:25:16.125294+00:00,70B3D57ED0045541,Hygro#55:41,Hygro,Mains of Carmyllie (LPID NO/54289/43391),56.580815,-2.747666,60cc049c000e0420254d10540006,26.56,11.8,14.0,10.56,95.49,4.18,6
2025-09-21 09:40:32.875103+00:00,70B3D57ED0045541,Hygro#55:41,Hygro,Mains of Carmyllie (LPID NO/54289/43391),56.580815,-2.747666,60cd049c000f0458253210510007,26.57,11.8,15.0,11.12,95.22,4.18,7
2025-09-21 09:55:49.621679+00:00,70B3D57ED0045541,Hygro#55:41,Hygro,Mains of Carmyllie (LPID NO/54289/43391),56.580815,-2.747666,60cc049c000e0458250710510008,26.56,11.8,14.0,11.12,94.79,4.18,8
2025-09-21 10:11:06.367961+00:00,70B3D57ED0045541,Hygro#55:41,Hygro,Mains of Carmyllie (LPID NO/54289/43391),56.580815,-2.747666,60ca049c000e048424e610540009,26.55,11.8,14.0,11.56,94.46,4.18,9
2025-09-21 10:26:23.120800+00:00,70B3D57ED0045541,Hygro#55:41,Hygro,Mains of Carmyllie (LPID NO/54289/43391),56.580815,-2.747666,60ca049c000e047e24af1051000a,26.55,11.8,14.0,11.5,93.91,4.18,10
2025-09-21 10:41:39.861251+00:00,70B3D57ED0045541,Hygro#55:41,Hygro,Mains of Carmyllie (LPID NO/54289/43391),56.580815,-2.747666,60cb049c000e04f624a51058000b,26.56,11.8,14.0,12.7,93.81,4.18,11
2025-09-21 10:56:56.609964+00:00,70B3D57ED0045541,Hygro#55:41,Hygro,Mains of Carmyllie (LPID NO/54289/43391),56.580815,-2.747666,60ca049c000e04f4247c1054000c,26.55,11.8,14.0,12.68,93.4,4.18,12
2025-09-21 11:12:13.351858+00:00,70B3D57ED0045541,Hygro#55:41,Hygro,Mains of Carmyllie (LPID NO/54289/43391),56.580815,-2.747666,60cb049c000e0501241e1051000d,26.56,11.8,14.0,12.81,92.46,4.18,13
2025-09-21 11:42:46.842172+00:00,70B3D57ED0045541,Hygro#55:41,Hygro,Mains of Carmyllie (LPID NO/54289/43391),56.580815,-2.747666,60c90495000e04b0235c1051000f,26.55,11.73,14.0,12.0,90.52,4.18,15
2025-09-21 11:58:03.571186+00:00,70B3D57ED0045541,Hygro#55:41,Hygro,Mains of Carmyllie (LPID NO/54289/43391),56.580815,-2.747666,60c80492000e053522ee10580010,26.55,11.7,14.0,13.33,89.42,4.18,16
2025-09-21 12:13:20.317389+00:00,70B3D57ED0045541,Hygro#55:41,Hygro,Mains of Carmyllie (LPID NO/54289/43391),56.580815,-2.747666,60c80492000e052d22ac10580011,26.55,11.7,14.0,13.25,88.76,4.18,17
2025-09-21 12:28:37.056142+00:00,70B3D57ED0045541,Hygro#55:41,Hygro,Mains of Carmyllie (LPID NO/54289/43391),56.580815,-2.747666,60c70492000e053f227210540012,26.54,11.7,14.0,13.43,88.18,4.18,18
2025-09-21 12:43:53.786042+00:00,70B3D57ED0045541,Hygro#55:41,Hygro,Mains of Carmyllie (LPID NO/54289/43391),56.580815,-2.747666,60c60492000e053f228810580013,26.54,11.7,14.0,13.43,88.4,4.18,19
2025-09-21 12:59:10.533988+00:00,70B3D57ED0045541,Hygro#55:41,Hygro,Mains of Carmyllie (LPID NO/54289/43391),56.580815,-2.747666,60c60492000e046022e8105a0014,26.54,11.7,14.0,11.2,89.36,4.19,20
2025-09-21 13:14:27.277852+00:00,70B3D57ED0045541,Hygro#55:41,Hygro,Mains of Carmyllie (LPID NO/54289/43391),56.580815,-2.747666,60c40492000e04ff228e10560015,26.53,11.7,14.0,12.79,88.46,4.18,21
2025-09-21 13:29:44.017902+00:00,70B3D57ED0045541,Hygro#55:41,Hygro,Mains of Carmyllie (LPID NO/54289/43391),56.580815,-2.747666,60c50492000f050d229e105a0016,26.53,11.7,15.0,12.93,88.62,4.19,22
2025-09-21 13:45:00.761781+00:00,70B3D57ED0045541,Hygro#55:41,Hygro,Mains of Carmyllie (LPID NO/54289/43391),56.580815,-2.747666,60c70492000e05672257105a0017,26.54,11.7,14.0,13.83,87.91,4.19,23
2025-09-21 14:00:17.508183+00:00,70B3D57ED0045541,Hygro#55:41,Hygro,Mains of Carmyllie (LPID NO/54289/43391),56.580815,-2.747666,60c00492000e04be226310580018,26.52,11.7,14.0,12.14,88.03,4.18,24
2025-09-21 14:15:34.237904+00:00,70B3D57ED0045541,Hygro#55:41,Hygro,Mains of Carmyllie (LPID NO/54289/43391),56.580815,-2.747666,60c10492000e055221f310580019,26.52,11.7,14.0,13.62,86.91,4.18,25
2025-09-21 14:57:08.464792+00:00,70B3D57ED0045541,Hygro#55:41,Hygro,Mains of Carmyllie (LPID NO/54289/43391),56.580815,-2.747666,60c10492000e03bc20ac10580000,26.52,11.7,14.0,9.56,83.64,4.18,0
2025-09-22 08:45:48.093979+00:00,70B3D57ED0045541,Hygro#55:41,Hygro,Mains of Carmyllie (LPID NO/54289/43391),56.580815,-2.747666,60b70460000d02c625ca10560001,26.48,11.2,13.0,7.1,96.74,4.18,1
2025-09-22 09:01:04.860421+00:00,70B3D57ED0045541,Hygro#55:41,Hygro,Mains of Carmyllie (LPID NO/54289/43391),56.580815,-2.747666,60b70460000e032625b3105a0002,26.48,11.2,14.0,8.06,96.51,4.19,2
2025-09-22 09:16:21.625962+00:00,70B3D57ED0045541,Hygro#55:41,Hygro,Mains of Carmyllie (LPID NO/54289/43391),56.580815,-2.747666,60b80460000f037125a4105a0003,26.48,11.2,15.0,8.81,96.36,4.19,3
2025-09-22 09:31:38.396696+00:00,70B3D57ED0045541,Hygro#55:41,Hygro,Mains of Carmyllie (LPID NO/54289/43391),56.580815,-2.747666,5fc40460000e0364257510300004,25.54,11.2,14.0,8.68,95.89,4.14,4
2025-09-22 09:46:55.168437+00:00,70B3D57ED0045541,Hygro#55:41,Hygro,Mains of Carmyllie (LPID NO/54289/43391),56.580815,-2.747666,60b80460000f03a325ee10580005,26.48,11.2,15.0,9.31,97.1,4.18,5
2025-09-22 10:02:11.918725+00:00,70B3D57ED0045541,Hygro#55:41,Hygro,Mains of Carmyllie (LPID NO/54289/43391),56.580815,-2.747666,60b60460000e03af255310580006,26.48,11.2,14.0,9.43,95.55,4.18,6
2025-09-22 10:17:28.679795+00:00,70B3D57ED0045541,Hygro#55:41,Hygro,Mains of Carmyllie (LPID NO/54289/43391),56.580815,-2.747666,60b60460000e03db256d10580007,26.48,11.2,14.0,9.87,95.81,4.18,7
2025-09-22 10:32:45.437022+00:00,70B3D57ED0045541,Hygro#55:41,Hygro,Mains of Carmyllie (LPID NO/54289/43391),56.580815,-2.747666,60b60460000e03fa255310580008,26.48,11.2,14.0,10.18,95.55,4.18,8
2025-09-22 14:50:44.211571+00:00,70B3D57ED0045541,Hygro#55:41,Hygro,Mains of Carmyllie (LPID NO/54289/43391),56.580815,-2.747666,60ac0456000e0e3d2487104d0000,26.44,11.1,14.0,36.45,93.51,4.17,0
2025-09-22 15:06:00.943966+00:00,70B3D57ED0045541,Hygro#55:41,Hygro,Mains of Carmyllie (LPID NO/54289/43391),56.580815,-2.747666,60ac0456000e057e238010560001,26.44,11.1,14.0,14.06,90.88,4.18,1
2025-09-23 08:58:28.941491+00:00,70B3D57ED0045541,Hygro#55:41,Hygro,Mains of Carmyllie (LPID NO/54289/43391),56.580815,-2.747666,60a70456000e036425ab10560000,26.42,11.1,14.0,8.68,96.43,4.18,0
2025-09-23 14:59:30.682103+00:00,70B3D57ED0045541,Hygro#55:41,Hygro,Mains of Carmyllie (LPID NO/54289/43391),56.580815,-2.747666,5fcf044c000d05b41aa610120001,25.58,11.0,13.0,14.6,68.22,4.11,1
2025-09-24 08:06:02.957486+00:00,70B3D57ED0045541,Hygro#55:41,Hygro,Mains of Carmyllie (LPID NO/54289/43391),56.580815,-2.747666,608f044c000d044c249810540000,26.33,11.0,13.0,11.0,93.68,4.18,0
2025-09-24 09:59:00.690218+00:00,70B3D57ED0045541,Hygro#55:41,Hygro,Mains of Carmyllie (LPID NO/54289/43391),56.580815,-2.747666,608e0442000e05582380104d0001,26.32,10.9,14.0,13.68,90.88,4.17,1
2025-09-24 10:14:17.429870+00:00,70B3D57ED0045541,Hygro#55:41,Hygro,Mains of Carmyllie (LPID NO/54289/43391),56.580815,-2.747666,608d0442000d060923cb104f0002,26.32,10.9,13.0,15.45,91.63,4.17,2
2025-09-24 10:29:34.157713+00:00,70B3D57ED0045541,Hygro#55:41,Hygro,Mains of Carmyllie (LPID NO/54289/43391),56.580815,-2.747666,60920442000e066b23cc104f0003,26.34,10.9,14.0,16.43,91.64,4.17,3
2025-09-24 10:44:50.907288+00:00,70B3D57ED0045541,Hygro#55:41,Hygro,Mains of Carmyllie (LPID NO/54289/43391),56.580815,-2.747666,608f0442000d063923b1104f0004,26.33,10.9,13.0,15.93,91.37,4.17,4
2025-09-24 11:00:07.632189+00:00,70B3D57ED0045541,Hygro#55:41,Hygro,Mains of Carmyllie (LPID NO/54289/43391),56.580815,-2.747666,608f0442000d061a235f104f0005,26.33,10.9,13.0,15.62,90.55,4.17,5
2025-09-24 11:15:24.372169+00:00,70B3D57ED0045541,Hygro#55:41,Hygro,Mains of Carmyllie (LPID NO/54289/43391),56.580815,-2.747666,60900442000e05aa2267104f0006,26.33,10.9,14.0,14.5,88.07,4.17,6
2025-09-24 11:30:41.124851+00:00,70B3D57ED0045541,Hygro#55:41,Hygro,Mains of Carmyllie (LPID NO/54289/43391),56.580815,-2.747666,608f0442000d05f9221f10510007,26.33,10.9,13.0,15.29,87.35,4.18,7
2025-09-24 11:45:57.847510+00:00,70B3D57ED0045541,Hygro#55:41,Hygro,Mains of Carmyllie (LPID NO/54289/43391),56.580815,-2.747666,608f0442000d059721c310540008,26.33,10.9,13.0,14.31,86.43,4.18,8
2025-09-24 12:01:14.571586+00:00,70B3D57ED0045541,Hygro#55:41,Hygro,Mains of Carmyllie (LPID NO/54289/43391),56.580815,-2.747666,608d0442000d05e4217e10510009,26.32,10.9,13.0,15.08,85.74,4.18,9
2025-09-24 12:16:31.315120+00:00,70B3D57ED0045541,Hygro#55:41,Hygro,Mains of Carmyllie (LPID NO/54289/43391),56.580815,-2.747666,608c0442000d0567219d1054000a,26.31,10.9,13.0,13.83,86.05,4.18,10
2025-09-24 12:31:48.050394+00:00,70B3D57ED0045541,Hygro#55:41,Hygro,Mains of Carmyllie (LPID NO/54289/43391),56.580815,-2.747666,5ef80442000d059721321021000b,24.75,10.9,13.0,14.31,84.98,4.13,11
2025-09-24 12:50:50.209505+00:00,70B3D57ED0045541,Hygro#55:41,Hygro,Mains of Carmyllie (LPID NO/54289/43391),56.580815,-2.747666,5fac0442000d057a211f10250000,25.44,10.9,13.0,14.02,84.79,4.13,0
2025-09-24 13:06:06.950508+00:00,70B3D57ED0045541,Hygro#55:41,Hygro,Mains of Carmyllie (LPID NO/54289/43391),56.580815,-2.747666,5fa40442000d058a219810280001,25.41,10.9,13.0,14.18,86.0,4.14,1
2025-09-24 13:21:23.690945+00:00,70B3D57ED0045541,Hygro#55:41,Hygro,Mains of Carmyllie (LPID NO/54289/43391),56.580815,-2.747666,608b0442000e055621d310560002,26.31,10.9,14.0,13.66,86.59,4.18,2
2025-09-24 13:38:18.527361+00:00,70B3D57ED0045541,Hygro#55:41,Hygro,Mains of Carmyllie (LPID NO/54289/43391),56.580815,-2.747666,608b0442000d057e218c10580000,26.31,10.9,13.0,14.06,85.88,4.18,0
2025-09-25 08:34:28.222260+00:00,70B3D57ED0045541,Hygro#55:41,Hygro,Mains of Carmyllie (LPID NO/54289/43391),56.580815,-2.747666,60730460000d057a250d104f0001,26.22,11.2,13.0,14.02,94.85,4.17,1
2025-09-25 08:49:44.959942+00:00,70B3D57ED0045541,Hygro#55:41,Hygro,Mains of Carmyllie (LPID NO/54289/43391),56.580815,-2.747666,60770460000d05c924ca10510002,26.23,11.2,13.0,14.81,94.18,4.18,2
2025-09-25 09:05:01.711467+00:00,70B3D57ED0045541,Hygro#55:41,Hygro,Mains of Carmyllie (LPID NO/54289/43391),56.580815,-2.747666,60750460000d05f7249f10540003,26.22,11.2,13.0,15.27,93.75,4.18,3
2025-09-25 09:20:18.450377+00:00,70B3D57ED0045541,Hygro#55:41,Hygro,Mains of Carmyllie (LPID NO/54289/43391),56.580815,-2.747666,60750460000d0639248b104d0004,26.22,11.2,13.0,15.93,93.55,4.17,4
2025-09-25 09:35:35.177068+00:00,70B3D57ED0045541,Hygro#55:41,Hygro,Mains of Carmyllie (LPID NO/54289/43391),56.580815,-2.747666,60740460000d064e241a10510005,26.22,11.2,13.0,16.14,92.42,4.18,5
2025-09-25 09:50:51.913993+00:00,70B3D57ED0045541,Hygro#55:41,Hygro,Mains of Carmyllie (LPID NO/54289/43391),56.580815,-2.747666,60760460000d0659237a10540006,26.23,11.2,13.0,16.25,90.82,4.18,6
2025-09-25 10:06:08.647403+00:00,70B3D57ED0045541,Hygro#55:41,Hygro,Mains of Carmyllie (LPID NO/54289/43391),56.580815,-2.747666,60730460000e0684234410510007,26.22,11.2,14.0,16.68,90.28,4.18,7
2025-09-25 10:21:25.384173+00:00,70B3D57ED0045541,Hygro#55:41,Hygro,Mains of Carmyllie (LPID NO/54289/43391),56.580815,-2.747666,60740460000d067822fb10540008,26.22,11.2,13.0,16.56,89.55,4.18,8
2025-09-25 10:36:42.116259+00:00,70B3D57ED0045541,Hygro#55:41,Hygro,Mains of Carmyllie (LPID NO/54289/43391),56.580815,-2.747666,60740460000d0712231610540009,26.22,11.2,13.0,18.1,89.82,4.18,9
2025-09-25 10:51:58.852639+00:00,70B3D57ED0045541,Hygro#55:41,Hygro,Mains of Carmyllie (LPID NO/54289/43391),56.580815,-2.747666,60700460000d0691226a1056000a,26.2,11.2,13.0,16.81,88.1,4.18,10
2025-09-25 11:07:15.581191+00:00,70B3D57ED0045541,Hygro#55:41,Hygro,Mains of Carmyllie (LPID NO/54289/43391),56.580815,-2.747666,60710460000d0665222b1054000b,26.21,11.2,13.0,16.37,87.47,4.18,11
2025-09-25 11:22:32.314493+00:00,70B3D57ED0045541,Hygro#55:41,Hygro,Mains of Carmyllie (LPID NO/54289/43391),56.580815,-2.747666,60700460000d066921ee1054000c,26.2,11.2,13.0,16.41,86.86,4.18,12
2025-09-25 11:53:05.772632+00:00,70B3D57ED0045541,Hygro#55:41,Hygro,Mains of Carmyllie (LPID NO/54289/43391),56.580815,-2.747666,60700460000e064c212d1054000e,26.2,11.2,14.0,16.12,84.93,4.18,14
2025-09-25 12:08:22.527999+00:00,70B3D57ED0045541,Hygro#55:41,Hygro,Mains of Carmyllie (LPID NO/54289/43391),56.580815,-2.747666,606f0460000d063920e21056000f,26.2,11.2,13.0,15.93,84.18,4.18,15
2025-09-25 12:23:39.249463+00:00,70B3D57ED0045541,Hygro#55:41,Hygro,Mains of Carmyllie (LPID NO/54289/43391),56.580815,-2.747666,606e0460000d061a20bd10560010,26.2,11.2,13.0,15.62,83.81,4.18,16
2025-09-25 12:38:55.966657+00:00,70B3D57ED0045541,Hygro#55:41,Hygro,Mains of Carmyllie (LPID NO/54289/43391),56.580815,-2.747666,606e0460000d063320a610560011,26.2,11.2,13.0,15.87,83.58,4.18,17
2025-09-25 12:54:12.698289+00:00,70B3D57ED0045541,Hygro#55:41,Hygro,Mains of Carmyllie (LPID NO/54289/43391),56.580815,-2.747666,606c0460000d064c20ab10560012,26.19,11.2,13.0,16.12,83.63,4.18,18
2025-09-25 13:09:29.423522+00:00,70B3D57ED0045541,Hygro#55:41,Hygro,Mains of Carmyllie (LPID NO/54289/43391),56.580815,-2.747666,606d0460000d060720ad105a0013,26.19,11.2,13.0,15.43,83.65,4.19,19
2025-09-25 13:24:46.165283+00:00,70B3D57ED0045541,Hygro#55:41,Hygro,Mains of Carmyllie (LPID NO/54289/43391),56.580815,-2.747666,606c0460000d062020a5105a0014,26.19,11.2,13.0,15.68,83.57,4.19,20
2025-09-25 13:40:02.894785+00:00,70B3D57ED0045541,Hygro#55:41,Hygro,Mains of Carmyllie (LPID NO/54289/43391),56.580815,-2.747666,606b0460000d05fb206510580015,26.19,11.2,13.0,15.31,82.93,4.18,21
2025-09-25 13:55:19.616735+00:00,70B3D57ED0045541,Hygro#55:41,Hygro,Mains of Carmyllie (LPID NO/54289/43391),56.580815,-2.747666,606a0460000c05e81ffb10560016,26.18,11.2,12.0,15.12,81.87,4.18,22
2025-09-25 14:25:53.083555+00:00,70B3D57ED0045541,Hygro#55:41,Hygro,Mains of Carmyllie (LPID NO/54289/43391),56.580815,-2.747666,60680460000d05b01f09105a0018,26.17,11.2,13.0,14.56,79.45,4.19,24
2025-09-25 14:41:09.815058+00:00,70B3D57ED0045541,Hygro#55:41,Hygro,Mains of Carmyllie (LPID NO/54289/43391),56.580815,-2.747666,60680460000d05841e7c10490019,26.17,11.2,13.0,14.12,78.04,4.17,25
2025-09-26 08:12:32.248846+00:00,70B3D57ED0045541,Hygro#55:41,Hygro,Mains of Carmyllie (LPID NO/54289/43391),56.580815,-2.747666,5f9e046a000d0497241d102c0000,25.39,11.3,13.0,11.75,92.45,4.14,0
2025-09-26 11:08:57.653250+00:00,70B3D57ED0045541,Hygro#55:41,Hygro,Mains of Carmyllie (LPID NO/54289/43391),56.580815,-2.747666,5f7d046a000d0584241e10210001,25.26,11.3,13.0,14.12,92.46,4.13,1
2025-09-26 11:24:14.398645+00:00,70B3D57ED0045541,Hygro#55:41,Hygro,Mains of Carmyllie (LPID NO/54289/43391),56.580815,-2.747666,5fae046a000d0597240e10330002,25.45,11.3,13.0,14.31,92.3,4.15,2
2025-09-26 11:56:56.117635+00:00,70B3D57ED0045541,Hygro#55:41,Hygro,Mains of Carmyllie (LPID NO/54289/43391),56.580815,-2.747666,6057046a000d05b4235d105a0000,26.11,11.3,13.0,14.6,90.53,4.19,0
2025-09-26 12:29:07.733310+00:00,70B3D57ED0045541,Hygro#55:41,Hygro,Mains of Carmyllie (LPID NO/54289/43391),56.580815,-2.747666,6058046a000d05c9231410540001,26.11,11.3,13.0,14.81,89.8,4.18,1
2025-09-26 12:44:24.466123+00:00,70B3D57ED0045541,Hygro#55:41,Hygro,Mains of Carmyllie (LPID NO/54289/43391),56.580815,-2.747666,6054046a000d05d922a310540002,26.1,11.3,13.0,14.97,88.67,4.18,2
2025-09-26 12:59:41.215497+00:00,70B3D57ED0045541,Hygro#55:41,Hygro,Mains of Carmyllie (LPID NO/54289/43391),56.580815,-2.747666,6054046a000d05862260105a0003,26.1,11.3,13.0,14.14,88.0,4.19,3
2025-09-26 13:14:57.949391+00:00,70B3D57ED0045541,Hygro#55:41,Hygro,Mains of Carmyllie (LPID NO/54289/43391),56.580815,-2.747666,6054046a000d059722ba10560004,26.1,11.3,13.0,14.31,88.9,4.18,4
2025-09-26 13:30:14.681640+00:00,70B3D57ED0045541,Hygro#55:41,Hygro,Mains of Carmyllie (LPID NO/54289/43391),56.580815,-2.747666,6056046a000d059922df10580005,26.1,11.3,13.0,14.33,89.27,4.18,5
2025-09-26 13:49:41.088334+00:00,70B3D57ED0045541,Hygro#55:41,Hygro,Mains of Carmyllie (LPID NO/54289/43391),56.580815,-2.747666,6053046a000d0546232510580000,26.09,11.3,13.0,13.5,89.97,4.18,0
2025-09-26 14:04:57.832670+00:00,70B3D57ED0045541,Hygro#55:41,Hygro,Mains of Carmyllie (LPID NO/54289/43391),56.580815,-2.747666,6053046a000d057c229110580001,26.09,11.3,13.0,14.04,88.49,4.18,1
2025-09-26 14:20:14.572024+00:00,70B3D57ED0045541,Hygro#55:41,Hygro,Mains of Carmyllie (LPID NO/54289/43391),56.580815,-2.747666,6052046a000d05782213105c0002,26.09,11.3,13.0,14.0,87.23,4.19,2
2025-09-26 14:35:31.308217+00:00,70B3D57ED0045541,Hygro#55:41,Hygro,Mains of Carmyllie (LPID NO/54289/43391),56.580815,-2.747666,6051046a000d05782224105a0003,26.08,11.3,13.0,14.0,87.4,4.19,3
2025-09-28 07:56:40.886717+00:00,70B3D57ED0045541,Hygro#55:41,Hygro,Mains of Carmyllie (LPID NO/54289/43391),56.580815,-2.747666,6022047e000d02f4244710300000,25.9,11.5,13.0,7.56,92.87,4.14,0
2025-09-28 08:11:57.674782+00:00,70B3D57ED0045541,Hygro#55:41,Hygro,Mains of Carmyllie (LPID NO/54289/43391),56.580815,-2.747666,5f12047e000d02f2249d10230001,24.85,11.5,13.0,7.54,93.73,4.13,1
2025-09-28 08:27:14.442747+00:00,70B3D57ED0045541,Hygro#55:41,Hygro,Mains of Carmyllie (LPID NO/54289/43391),56.580815,-2.747666,6021047e000d034d25e0103e0002,25.9,11.5,13.0,8.45,96.96,4.16,2
2025-09-28 08:42:31.203034+00:00,70B3D57ED0045541,Hygro#55:41,Hygro,Mains of Carmyllie (LPID NO/54289/43391),56.580815,-2.747666,6023047e000d037d25f210420003,25.91,11.5,13.0,8.93,97.14,4.16,3
2025-09-28 08:57:47.968851+00:00,70B3D57ED0045541,Hygro#55:41,Hygro,Mains of Carmyllie (LPID NO/54289/43391),56.580815,-2.747666,6022047e000d03a325ca10560004,25.9,11.5,13.0,9.31,96.74,4.18,4
2025-09-28 09:13:04.726494+00:00,70B3D57ED0045541,Hygro#55:41,Hygro,Mains of Carmyllie (LPID NO/54289/43391),56.580815,-2.747666,6022047e000c03e125a710540005,25.9,11.5,12.0,9.93,96.39,4.18,5
2025-09-28 09:28:21.479612+00:00,70B3D57ED0045541,Hygro#55:41,Hygro,Mains of Carmyllie (LPID NO/54289/43391),56.580815,-2.747666,6023047e000d0471258110510006,25.91,11.5,13.0,11.37,96.01,4.18,6
2025-09-28 09:43:38.227487+00:00,70B3D57ED0045541,Hygro#55:41,Hygro,Mains of Carmyllie (LPID NO/54289/43391),56.580815,-2.747666,6022047e000d04a524ff10510007,25.9,11.5,13.0,11.89,94.71,4.18,7
2025-09-28 10:14:11.721719+00:00,70B3D57ED0045541,Hygro#55:41,Hygro,Mains of Carmyllie (LPID NO/54289/43391),56.580815,-2.747666,6023047e000c04b6248910560009,25.91,11.5,12.0,12.06,93.53,4.18,9
2025-09-28 10:32:05.111080+00:00,70B3D57ED0045541,Hygro#55:41,Hygro,Mains of Carmyllie (LPID NO/54289/43391),56.580815,-2.747666,6025047e000d04f4243c10510000,25.91,11.5,13.0,12.68,92.76,4.18,0
2025-09-28 10:47:21.839593+00:00,70B3D57ED0045541,Hygro#55:41,Hygro,Mains of Carmyllie (LPID NO/54289/43391),56.580815,-2.747666,60230474000d05dc244810560001,25.91,11.4,13.0,15.0,92.88,4.18,1
2025-09-28 11:02:38.585572+00:00,70B3D57ED0045541,Hygro#55:41,Hygro,Mains of Carmyllie (LPID NO/54289/43391),56.580815,-2.747666,5f400474000d0637238210390002,25.03,11.4,13.0,15.91,90.9,4.15,2
2025-09-28 11:25:41.821218+00:00,70B3D57ED0045541,Hygro#55:41,Hygro,Mains of Carmyllie (LPID NO/54289/43391),56.580815,-2.747666,60230474000d056f234110560000,25.91,11.4,13.0,13.91,90.25,4.18,0
2025-09-28 14:03:08.132335+00:00,70B3D57ED0045541,Hygro#55:41,Hygro,Mains of Carmyllie (LPID NO/54289/43391),56.580815,-2.747666,5eba0474000d05782179104b0001,24.51,11.4,13.0,14.0,85.69,4.17,1
2025-09-29 08:17:36.535814+00:00,70B3D57ED0045541,Hygro#55:41,Hygro,Mains of Carmyllie (LPID NO/54289/43391),56.580815,-2.747666,60220460000c02c2252d10580000,25.9,11.2,12.0,7.06,95.17,4.18,0
2025-09-29 08:32:53.305184+00:00,70B3D57ED0045541,Hygro#55:41,Hygro,Mains of Carmyllie (LPID NO/54289/43391),56.580815,-2.747666,6023045d000c0307251210540001,25.91,11.17,12.0,7.75,94.9,4.18,1
2025-09-29 08:48:10.059920+00:00,70B3D57ED0045541,Hygro#55:41,Hygro,Mains of Carmyllie (LPID NO/54289/43391),56.580815,-2.747666,60240456000c034b250710580002,25.91,11.1,12.0,8.43,94.79,4.18,2
2025-09-29 09:03:26.822270+00:00,70B3D57ED0045541,Hygro#55:41,Hygro,Mains of Carmyllie (LPID NO/54289/43391),56.580815,-2.747666,601e0456000d033924cd10300003,25.89,11.1,13.0,8.25,94.21,4.14,3
2025-09-29 09:18:43.584569+00:00,70B3D57ED0045541,Hygro#55:41,Hygro,Mains of Carmyllie (LPID NO/54289/43391),56.580815,-2.747666,60210456000c03bc258a10560004,25.9,11.1,12.0,9.56,96.1,4.18,4
2025-09-29 09:34:00.326303+00:00,70B3D57ED0045541,Hygro#55:41,Hygro,Mains of Carmyllie (LPID NO/54289/43391),56.580815,-2.747666,60260456000c0433256910540005,25.92,11.1,12.0,10.75,95.77,4.18,5
2025-09-29 09:49:17.070252+00:00,70B3D57ED0045541,Hygro#55:41,Hygro,Mains of Carmyllie (LPID NO/54289/43391),56.580815,-2.747666,60230456000d04f6252f10510006,25.91,11.1,13.0,12.7,95.19,4.18,6
2025-09-29 10:04:33.810469+00:00,70B3D57ED0045541,Hygro#55:41,Hygro,Mains of Carmyllie (LPID NO/54289/43391),56.580815,-2.747666,60220456000c052024c510560007,25.9,11.1,12.0,13.12,94.13,4.18,7
2025-09-29 10:19:50.548301+00:00,70B3D57ED0045541,Hygro#55:41,Hygro,Mains of Carmyllie (LPID NO/54289/43391),56.580815,-2.747666,60230456000d04d524aa10560008,25.91,11.1,13.0,12.37,93.86,4.18,8
2025-09-29 10:35:07.290782+00:00,70B3D57ED0045541,Hygro#55:41,Hygro,Mains of Carmyllie (LPID NO/54289/43391),56.580815,-2.747666,60220456000c050124cd10580009,25.9,11.1,12.0,12.81,94.21,4.18,9
2025-09-29 10:50:24.032893+00:00,70B3D57ED0045541,Hygro#55:41,Hygro,Mains of Carmyllie (LPID NO/54289/43391),56.580815,-2.747666,60230456000d059124881056000a,25.91,11.1,13.0,14.25,93.52,4.18,10
2025-09-29 11:05:40.760521+00:00,70B3D57ED0045541,Hygro#55:41,Hygro,Mains of Carmyllie (LPID NO/54289/43391),56.580815,-2.747666,5f4a0456000d056523eb102c000b,25.06,11.1,13.0,13.81,91.95,4.14,11
2025-09-29 11:20:57.505057+00:00,70B3D57ED0045541,Hygro#55:41,Hygro,Mains of Carmyllie (LPID NO/54289/43391),56.580815,-2.747666,60250456000d053b23f91056000c,25.91,11.1,13.0,13.39,92.09,4.18,12
2025-09-30 10:54:37.475286+00:00,70B3D57ED0045541,Hygro#55:41,Hygro,Mains of Carmyllie (LPID NO/54289/43391),56.580815,-2.747666,601a0456000d05cf250810280000,25.87,11.1,13.0,14.87,94.8,4.14,0
2025-09-30 11:09:54.215161+00:00,70B3D57ED0045541,Hygro#55:41,Hygro,Mains of Carmyllie (LPID NO/54289/43391),56.580815,-2.747666,601b0456000d062724ef10280001,25.88,11.1,13.0,15.75,94.55,4.14,1
2025-09-30 11:40:27.690991+00:00,70B3D57ED0045541,Hygro#55:41,Hygro,Mains of Carmyllie (LPID NO/54289/43391),56.580815,-2.747666,5f570456000d064024d2101a0003,25.11,11.1,13.0,16.0,94.26,4.12,3
2025-09-30 11:55:44.427734+00:00,70B3D57ED0045541,Hygro#55:41,Hygro,Mains of Carmyllie (LPID NO/54289/43391),56.580815,-2.747666,60190456000d066b2481104f0004,25.87,11.1,13.0,16.43,93.45,4.17,4
2025-09-30 12:11:01.166462+00:00,70B3D57ED0045541,Hygro#55:41,Hygro,Mains of Carmyllie (LPID NO/54289/43391),56.580815,-2.747666,601a0456000c068b240710510005,25.87,11.1,12.0,16.75,92.23,4.18,5
2025-09-30 12:32:05.733403+00:00,70B3D57ED0045541,Hygro#55:41,Hygro,Mains of Carmyllie (LPID NO/54289/43391),56.580815,-2.747666,5d450456000c0646231c10140000,23.06,11.1,12.0,16.06,89.88,4.12,0
2025-10-05 08:25:33.342332+00:00,70B3D57ED0045541,Hygro#55:41,Hygro,Mains of Carmyllie (LPID NO/54289/43391),56.580815,-2.747666,61fd0456000e037725cc10210001,27.74,11.1,14.0,8.87,96.76,4.13,1
2025-10-05 08:40:50.109554+00:00,70B3D57ED0045541,Hygro#55:41,Hygro,Mains of Carmyllie (LPID NO/54289/43391),56.580815,-2.747666,62020456000f03a9262e102e0002,27.76,11.1,15.0,9.37,97.74,4.14,2
2025-10-05 08:56:06.865644+00:00,70B3D57ED0045541,Hygro#55:41,Hygro,Mains of Carmyllie (LPID NO/54289/43391),56.580815,-2.747666,61f90456000f03c2264a10400003,27.73,11.1,15.0,9.62,98.02,4.16,3
2025-10-05 09:11:23.622723+00:00,70B3D57ED0045541,Hygro#55:41,Hygro,Mains of Carmyllie (LPID NO/54289/43391),56.580815,-2.747666,61ff0456000f03ec267d10400004,27.75,11.1,15.0,10.04,98.53,4.16,4
2025-10-05 09:26:40.382414+00:00,70B3D57ED0045541,Hygro#55:41,Hygro,Mains of Carmyllie (LPID NO/54289/43391),56.580815,-2.747666,62020456000f03f4265c103b0005,27.76,11.1,15.0,10.12,98.2,4.16,5
2025-10-05 09:41:57.146574+00:00,70B3D57ED0045541,Hygro#55:41,Hygro,Mains of Carmyllie (LPID NO/54289/43391),56.580815,-2.747666,62010456000f0405264010280006,27.76,11.1,15.0,10.29,97.92,4.14,6
2025-10-05 09:57:13.912689+00:00,70B3D57ED0045541,Hygro#55:41,Hygro,Mains of Carmyllie (LPID NO/54289/43391),56.580815,-2.747666,61ff0456000e03f425ec10230007,27.75,11.1,14.0,10.12,97.08,4.13,7
2025-10-05 10:12:30.670813+00:00,70B3D57ED0045541,Hygro#55:41,Hygro,Mains of Carmyllie (LPID NO/54289/43391),56.580815,-2.747666,620204560010044e2653104b0008,27.76,11.1,16.0,11.02,98.11,4.17,8
2025-10-05 10:27:47.413440+00:00,70B3D57ED0045541,Hygro#55:41,Hygro,Mains of Carmyllie (LPID NO/54289/43391),56.580815,-2.747666,61fe044c000f0471259810490009,27.75,11.0,15.0,11.37,96.24,4.17,9
2025-10-05 10:43:04.167822+00:00,70B3D57ED0045541,Hygro#55:41,Hygro,Mains of Carmyllie (LPID NO/54289/43391),56.580815,-2.747666,6202044c0010048a255c1046000a,27.76,11.0,16.0,11.62,95.64,4.17,10
2025-10-05 10:58:20.935143+00:00,70B3D57ED0045541,Hygro#55:41,Hygro,Mains of Carmyllie (LPID NO/54289/43391),56.580815,-2.747666,6200044c000e04972518104b000b,27.76,11.0,14.0,11.75,94.96,4.17,11
2025-10-05 11:13:37.663867+00:00,70B3D57ED0045541,Hygro#55:41,Hygro,Mains of Carmyllie (LPID NO/54289/43391),56.580815,-2.747666,61fb044c000e049024b91044000c,27.74,11.0,14.0,11.68,94.01,4.16,12
2025-10-05 11:28:54.423865+00:00,70B3D57ED0045541,Hygro#55:41,Hygro,Mains of Carmyllie (LPID NO/54289/43391),56.580815,-2.747666,61f6044c0010047724501049000d,27.72,11.0,16.0,11.43,92.96,4.17,13
2025-10-05 11:44:11.171791+00:00,70B3D57ED0045541,Hygro#55:41,Hygro,Mains of Carmyllie (LPID NO/54289/43391),56.580815,-2.747666,61fb044c000e047724661025000e,27.74,11.0,14.0,11.43,93.18,4.13,14
2025-10-05 11:59:27.908531+00:00,70B3D57ED0045541,Hygro#55:41,Hygro,Mains of Carmyllie (LPID NO/54289/43391),56.580815,-2.747666,61fa044c000e04e823ed1046000f,27.73,11.0,14.0,12.56,91.97,4.17,15
2025-10-05 12:14:44.651307+00:00,70B3D57ED0045541,Hygro#55:41,Hygro,Mains of Carmyllie (LPID NO/54289/43391),56.580815,-2.747666,61fb044c000f052623d610490010,27.74,11.0,15.0,13.18,91.74,4.17,16
2025-10-05 12:31:35.449128+00:00,70B3D57ED0045541,Hygro#55:41,Hygro,Mains of Carmyllie (LPID NO/54289/43391),56.580815,-2.747666,6040044c000e04ee23c710120000,26.02,11.0,14.0,12.62,91.59,4.11,0
2025-10-06 08:23:14.366092+00:00,70B3D57ED0045541,Hygro#55:41,Hygro,Mains of Carmyllie (LPID NO/54289/43391),56.580815,-2.747666,61e20456000f055f267d10280001,27.64,11.1,15.0,13.75,98.53,4.14,1
2025-10-06 08:38:31.105857+00:00,70B3D57ED0045541,Hygro#55:41,Hygro,Mains of Carmyllie (LPID NO/54289/43391),56.580815,-2.747666,61e20456000f05b626a0103e0002,27.64,11.1,15.0,14.62,98.88,4.16,2
2025-10-06 08:56:02.546822+00:00,70B3D57ED0045541,Hygro#55:41,Hygro,Mains of Carmyllie (LPID NO/54289/43391),56.580815,-2.747666,61e30456000e05b6264810440000,27.64,11.1,14.0,14.62,98.0,4.16,0
2025-10-06 09:11:19.298870+00:00,70B3D57ED0045541,Hygro#55:41,Hygro,Mains of Carmyllie (LPID NO/54289/43391),56.580815,-2.747666,606b0456000f05aa264f10000001,26.19,11.1,15.0,14.5,98.07,4.1,1
2025-10-06 11:21:23.649259+00:00,70B3D57ED0045541,Hygro#55:41,Hygro,Mains of Carmyllie (LPID NO/54289/43391),56.580815,-2.747666,61680460000e062d256b0ffc0000,27.17,11.2,14.0,15.81,95.79,4.09,0
2025-10-06 11:36:40.370736+00:00,70B3D57ED0045541,Hygro#55:41,Hygro,Mains of Carmyllie (LPID NO/54289/43391),56.580815,-2.747666,61e40460000e065f25b9101f0001,27.65,11.2,14.0,16.31,96.57,4.13,1
2025-10-06 11:51:57.103120+00:00,70B3D57ED0045541,Hygro#55:41,Hygro,Mains of Carmyllie (LPID NO/54289/43391),56.580815,-2.747666,61480460000f0639259310020002,27.04,11.2,15.0,15.93,96.19,4.1,2
2025-10-07 09:57:27.515834+00:00,70B3D57ED0045541,Hygro#55:41,Hygro,Mains of Carmyllie (LPID NO/54289/43391),56.580815,-2.747666,61c3047e000f051a2585100d0000,27.52,11.5,15.0,13.06,96.05,4.11,0
2025-10-07 11:05:36.952970+00:00,70B3D57ED0045541,Hygro#55:41,Hygro,Mains of Carmyllie (LPID NO/54289/43391),56.580815,-2.747666,61b1047e000e059d260e10070001,27.45,11.5,14.0,14.37,97.42,4.1,1
2025-10-07 11:20:53.687456+00:00,70B3D57ED0045541,Hygro#55:41,Hygro,Mains of Carmyllie (LPID NO/54289/43391),56.580815,-2.747666,60ed047e000e05c32604100d0002,26.69,11.5,14.0,14.75,97.32,4.11,2
2025-10-07 11:36:10.430767+00:00,70B3D57ED0045541,Hygro#55:41,Hygro,Mains of Carmyllie (LPID NO/54289/43391),56.580815,-2.747666,61c3047e000e05e8260410390003,27.52,11.5,14.0,15.12,97.32,4.15,3
2025-10-07 11:51:27.155666+00:00,70B3D57ED0045541,Hygro#55:41,Hygro,Mains of Carmyllie (LPID NO/54289/43391),56.580815,-2.747666,61c1047e000e05f525c3100d0004,27.51,11.5,14.0,15.25,96.67,4.11,4
2025-10-08 11:17:05.264497+00:00,70B3D57ED0045541,Hygro#55:41,Hygro,Mains of Carmyllie (LPID NO/54289/43391),56.580815,-2.747666,61a4046a000e046b24b50ffc0000,27.4,11.3,14.0,11.31,93.97,4.09,0
2025-10-09 13:18:19.041504+00:00,70B3D57ED0045541,Hygro#55:41,Hygro,Mains of Carmyllie (LPID NO/54289/43391),56.580815,-2.747666,61900474000e059f251c101a0001,27.32,11.4,14.0,14.39,95.0,4.12,1
2025-10-09 13:33:35.777902+00:00,70B3D57ED0045541,Hygro#55:41,Hygro,Mains of Carmyllie (LPID NO/54289/43391),56.580815,-2.747666,61710474000e05a3251f0ffe0002,27.2,11.4,14.0,14.43,95.03,4.09,2
2025-10-09 13:48:52.510683+00:00,70B3D57ED0045541,Hygro#55:41,Hygro,Mains of Carmyllie (LPID NO/54289/43391),56.580815,-2.747666,61900474000e05c3254c10090003,27.32,11.4,14.0,14.75,95.48,4.11,3
2025-10-09 14:04:09.239200+00:00,70B3D57ED0045541,Hygro#55:41,Hygro,Mains of Carmyllie (LPID NO/54289/43391),56.580815,-2.747666,60240474000e0601247e0ff10004,25.91,11.4,14.0,15.37,93.42,4.08,4
2025-10-10 08:18:45.511304+00:00,70B3D57ED0045541,Hygro#55:41,Hygro,Mains of Carmyllie (LPID NO/54289/43391),56.580815,-2.747666,617c0474000e047e256110040000,27.24,11.4,14.0,11.5,95.69,4.1,0
2025-10-10 08:34:02.266939+00:00,70B3D57ED0045541,Hygro#55:41,Hygro,Mains of Carmyllie (LPID NO/54289/43391),56.580815,-2.747666,617d0474000e049725eb10120001,27.25,11.4,14.0,11.75,97.07,4.11,1
2025-10-10 08:49:19.012183+00:00,70B3D57ED0045541,Hygro#55:41,Hygro,Mains of Carmyllie (LPID NO/54289/43391),56.580815,-2.747666,617c0474000e04ab263f10230002,27.24,11.4,14.0,11.95,97.91,4.13,2
2025-10-10 09:04:35.769494+00:00,70B3D57ED0045541,Hygro#55:41,Hygro,Mains of Carmyllie (LPID NO/54289/43391),56.580815,-2.747666,61810474000e04e2266510280003,27.26,11.4,14.0,12.5,98.29,4.14,3
2025-10-10 09:19:52.511650+00:00,70B3D57ED0045541,Hygro#55:41,Hygro,Mains of Carmyllie (LPID NO/54289/43391),56.580815,-2.747666,617c0474000e04ee266a102a0004,27.24,11.4,14.0,12.62,98.34,4.14,4
2025-10-10 09:35:09.256390+00:00,70B3D57ED0045541,Hygro#55:41,Hygro,Mains of Carmyllie (LPID NO/54289/43391),56.580815,-2.747666,61830474000e050d266b10180005,27.27,11.4,14.0,12.93,98.35,4.12,5
2025-10-10 09:50:25.995063+00:00,70B3D57ED0045541,Hygro#55:41,Hygro,Mains of Carmyllie (LPID NO/54289/43391),56.580815,-2.747666,61810474000e052d266a10300006,27.26,11.4,14.0,13.25,98.34,4.14,6
2025-10-10 10:05:42.735057+00:00,70B3D57ED0045541,Hygro#55:41,Hygro,Mains of Carmyllie (LPID NO/54289/43391),56.580815,-2.747666,617b0474000e054c266710350007,27.24,11.4,14.0,13.56,98.31,4.15,7
2025-10-10 10:20:59.479011+00:00,70B3D57ED0045541,Hygro#55:41,Hygro,Mains of Carmyllie (LPID NO/54289/43391),56.580815,-2.747666,617b0474000e056b265210300008,27.24,11.4,14.0,13.87,98.1,4.14,8
2025-10-10 10:36:16.221634+00:00,70B3D57ED0045541,Hygro#55:41,Hygro,Mains of Carmyllie (LPID NO/54289/43391),56.580815,-2.747666,61780474000e0591263610370009,27.23,11.4,14.0,14.25,97.82,4.15,9
2025-10-10 10:51:32.958930+00:00,70B3D57ED0045541,Hygro#55:41,Hygro,Mains of Carmyllie (LPID NO/54289/43391),56.580815,-2.747666,617d0474000e059126001037000a,27.25,11.4,14.0,14.25,97.28,4.15,10
2025-10-10 11:06:49.692157+00:00,70B3D57ED0045541,Hygro#55:41,Hygro,Mains of Carmyllie (LPID NO/54289/43391),56.580815,-2.747666,61780474000e05aa25e21033000b,27.23,11.4,14.0,14.5,96.98,4.15,11
2025-10-10 11:22:06.433263+00:00,70B3D57ED0045541,Hygro#55:41,Hygro,Mains of Carmyllie (LPID NO/54289/43391),56.580815,-2.747666,61790474000f05cf25b21021000c,27.23,11.4,15.0,14.87,96.5,4.13,12
2025-10-10 11:37:23.160332+00:00,70B3D57ED0045541,Hygro#55:41,Hygro,Mains of Carmyllie (LPID NO/54289/43391),56.580815,-2.747666,617c0474000e05cf25301028000d,27.24,11.4,14.0,14.87,95.2,4.14,13
2025-10-10 11:52:39.895777+00:00,70B3D57ED0045541,Hygro#55:41,Hygro,Mains of Carmyllie (LPID NO/54289/43391),56.580815,-2.747666,61740474000e05fb24bd101d000e,27.21,11.4,14.0,15.31,94.05,4.12,14
2025-10-10 12:10:05.005450+00:00,70B3D57ED0045541,Hygro#55:41,Hygro,Mains of Carmyllie (LPID NO/54289/43391),56.580815,-2.747666,61750474000e05cf249110420000,27.22,11.4,14.0,14.87,93.61,4.16,0
2025-10-10 12:25:21.730761+00:00,70B3D57ED0045541,Hygro#55:41,Hygro,Mains of Carmyllie (LPID NO/54289/43391),56.580815,-2.747666,61760474000d05e8241b10400001,27.22,11.4,13.0,15.12,92.43,4.16,1
2025-10-10 12:40:38.459149+00:00,70B3D57ED0045541,Hygro#55:41,Hygro,Mains of Carmyllie (LPID NO/54289/43391),56.580815,-2.747666,61770474000e060e23f310230002,27.22,11.4,14.0,15.5,92.03,4.13,2
2025-10-10 12:55:55.184306+00:00,70B3D57ED0045541,Hygro#55:41,Hygro,Mains of Carmyllie (LPID NO/54289/43391),56.580815,-2.747666,617a0474000e062d2390101f0003,27.24,11.4,14.0,15.81,91.04,4.13,3
2025-10-10 13:11:11.906396+00:00,70B3D57ED0045541,Hygro#55:41,Hygro,Mains of Carmyllie (LPID NO/54289/43391),56.580815,-2.747666,617b0474000e06522375101d0004,27.24,11.4,14.0,16.18,90.77,4.12,4
2025-10-10 13:26:28.629808+00:00,70B3D57ED0045541,Hygro#55:41,Hygro,Mains of Carmyllie (LPID NO/54289/43391),56.580815,-2.747666,61720474000e0667234510330005,27.21,11.4,14.0,16.39,90.29,4.15,5
2025-10-10 13:41:45.359125+00:00,70B3D57ED0045541,Hygro#55:41,Hygro,Mains of Carmyllie (LPID NO/54289/43391),56.580815,-2.747666,61710474000e0678233e102e0006,27.2,11.4,14.0,16.56,90.22,4.14,6
2025-10-10 13:57:02.083594+00:00,70B3D57ED0045541,Hygro#55:41,Hygro,Mains of Carmyllie (LPID NO/54289/43391),56.580815,-2.747666,61780474000e067822df102a0007,27.23,11.4,14.0,16.56,89.27,4.14,7
2025-10-10 14:12:18.807931+00:00,70B3D57ED0045541,Hygro#55:41,Hygro,Mains of Carmyllie (LPID NO/54289/43391),56.580815,-2.747666,61770474000e0665225610280008,27.22,11.4,14.0,16.37,87.9,4.14,8
2025-10-10 14:27:35.534905+00:00,70B3D57ED0045541,Hygro#55:41,Hygro,Mains of Carmyllie (LPID NO/54289/43391),56.580815,-2.747666,61770474000e064621ba10070009,27.22,11.4,14.0,16.06,86.34,4.1,9
2025-10-11 09:37:43.161862+00:00,70B3D57ED0045541,Hygro#55:41,Hygro,Mains of Carmyllie (LPID NO/54289/43391),56.580815,-2.747666,615b046a000e049d2611100b0000,27.12,11.3,14.0,11.81,97.45,4.11,0
2025-10-11 09:52:59.904569+00:00,70B3D57ED0045541,Hygro#55:41,Hygro,Mains of Carmyllie (LPID NO/54289/43391),56.580815,-2.747666,6160046a000e055a268710390001,27.14,11.3,14.0,13.7,98.63,4.15,1
2025-10-11 10:08:16.650738+00:00,70B3D57ED0045541,Hygro#55:41,Hygro,Mains of Carmyllie (LPID NO/54289/43391),56.580815,-2.747666,6058046a000e0558267b0ffe0002,26.11,11.3,14.0,13.68,98.51,4.09,2
2025-10-11 10:23:33.386927+00:00,70B3D57ED0045541,Hygro#55:41,Hygro,Mains of Carmyllie (LPID NO/54289/43391),56.580815,-2.747666,615e046a000e05712690101d0003,27.13,11.3,14.0,13.93,98.72,4.12,3
2025-10-11 10:38:50.127083+00:00,70B3D57ED0045541,Hygro#55:41,Hygro,Mains of Carmyllie (LPID NO/54289/43391),56.580815,-2.747666,615b046a000e05aa268d10400004,27.12,11.3,14.0,14.5,98.69,4.16,4
2025-10-11 10:54:06.862756+00:00,70B3D57ED0045541,Hygro#55:41,Hygro,Mains of Carmyllie (LPID NO/54289/43391),56.580815,-2.747666,615f046a000e05e825ed10440005,27.13,11.3,14.0,15.12,97.09,4.16,5
2025-10-11 11:09:23.582316+00:00,70B3D57ED0045541,Hygro#55:41,Hygro,Mains of Carmyllie (LPID NO/54289/43391),56.580815,-2.747666,615e046a000e0620258910420006,27.13,11.3,14.0,15.68,96.09,4.16,6
2025-10-11 11:24:40.312171+00:00,70B3D57ED0045541,Hygro#55:41,Hygro,Mains of Carmyllie (LPID NO/54289/43391),56.580815,-2.747666,615f046a000e067e250c10440007,27.13,11.3,14.0,16.62,94.84,4.16,7
2025-10-11 11:39:57.038859+00:00,70B3D57ED0045541,Hygro#55:41,Hygro,Mains of Carmyllie (LPID NO/54289/43391),56.580815,-2.747666,6162046a000e066b247410400008,27.14,11.3,14.0,16.43,93.32,4.16,8
2025-10-11 11:55:13.762433+00:00,70B3D57ED0045541,Hygro#55:41,Hygro,Mains of Carmyllie (LPID NO/54289/43391),56.580815,-2.747666,6159046a000e068423e310420009,27.11,11.3,14.0,16.68,91.87,4.16,9
2025-10-11 12:10:30.479521+00:00,70B3D57ED0045541,Hygro#55:41,Hygro,Mains of Carmyllie (LPID NO/54289/43391),56.580815,-2.747666,6157046a000d0691235b1042000a,27.1,11.3,13.0,16.81,90.51,4.16,10
2025-10-11 12:25:47.199546+00:00,70B3D57ED0045541,Hygro#55:41,Hygro,Mains of Carmyllie (LPID NO/54289/43391),56.580815,-2.747666,615b046a000e06aa22e91044000b,27.12,11.3,14.0,17.06,89.37,4.16,11
2025-10-11 12:42:49.482927+00:00,70B3D57ED0045541,Hygro#55:41,Hygro,Mains of Carmyllie (LPID NO/54289/43391),56.580815,-2.747666,6156046a000e0672227e10120000,27.1,11.3,14.0,16.5,88.3,4.11,0
2025-10-11 12:58:06.205665+00:00,70B3D57ED0045541,Hygro#55:41,Hygro,Mains of Carmyllie (LPID NO/54289/43391),56.580815,-2.747666,6156046a000e06ae22b3101f0001,27.1,11.3,14.0,17.1,88.83,4.13,1
2025-10-11 13:13:22.923895+00:00,70B3D57ED0045541,Hygro#55:41,Hygro,Mains of Carmyllie (LPID NO/54289/43391),56.580815,-2.747666,6156046a000e06ef22ba10210002,27.1,11.3,14.0,17.75,88.9,4.13,2
2025-10-11 13:28:39.645179+00:00,70B3D57ED0045541,Hygro#55:41,Hygro,Mains of Carmyllie (LPID NO/54289/43391),56.580815,-2.747666,6155046a000e071422ba10210003,27.09,11.3,14.0,18.12,88.9,4.13,3
2025-10-11 13:43:56.370008+00:00,70B3D57ED0045541,Hygro#55:41,Hygro,Mains of Carmyllie (LPID NO/54289/43391),56.580815,-2.747666,6152046a000e072d22de10330004,27.08,11.3,14.0,18.37,89.26,4.15,4
2025-10-11 13:59:13.083834+00:00,70B3D57ED0045541,Hygro#55:41,Hygro,Mains of Carmyllie (LPID NO/54289/43391),56.580815,-2.747666,6154046a000e072d22c7101f0005,27.09,11.3,14.0,18.37,89.03,4.13,5
2025-10-12 08:29:06.373995+00:00,70B3D57ED0045541,Hygro#55:41,Hygro,Mains of Carmyllie (LPID NO/54289/43391),56.580815,-2.747666,61440488000d045e255a101a0000,27.03,11.6,13.0,11.18,95.62,4.12,0
2025-10-12 08:44:23.124666+00:00,70B3D57ED0045541,Hygro#55:41,Hygro,Mains of Carmyllie (LPID NO/54289/43391),56.580815,-2.747666,614a0488000e04ab25ef10250001,27.05,11.6,14.0,11.95,97.11,4.13,1
2025-10-12 08:59:39.874175+00:00,70B3D57ED0045541,Hygro#55:41,Hygro,Mains of Carmyllie (LPID NO/54289/43391),56.580815,-2.747666,6143047e000e057c263410350002,27.02,11.5,14.0,14.04,97.8,4.15,2
2025-10-12 09:14:56.618754+00:00,70B3D57ED0045541,Hygro#55:41,Hygro,Mains of Carmyllie (LPID NO/54289/43391),56.580815,-2.747666,6145047e000e0607264610370003,27.03,11.5,14.0,15.43,97.98,4.15,3
2025-10-12 09:30:13.364710+00:00,70B3D57ED0045541,Hygro#55:41,Hygro,Mains of Carmyllie (LPID NO/54289/43391),56.580815,-2.747666,6147047e000e0648262910330004,27.04,11.5,14.0,16.08,97.69,4.15,4
2025-10-12 09:45:30.104998+00:00,70B3D57ED0045541,Hygro#55:41,Hygro,Mains of Carmyllie (LPID NO/54289/43391),56.580815,-2.747666,6141047e000e06a125e610180005,27.02,11.5,14.0,16.97,97.02,4.12,5
2025-10-12 10:02:31.550398+00:00,70B3D57ED0045541,Hygro#55:41,Hygro,Mains of Carmyllie (LPID NO/54289/43391),56.580815,-2.747666,6132047e000d0672254c10140000,26.96,11.5,13.0,16.5,95.48,4.12,0
2025-10-12 10:17:48.278825+00:00,70B3D57ED0045541,Hygro#55:41,Hygro,Mains of Carmyllie (LPID NO/54289/43391),56.580815,-2.747666,6140047e000e070124fa10440001,27.01,11.5,14.0,17.93,94.66,4.16,1
2025-10-12 10:33:05.007465+00:00,70B3D57ED0045541,Hygro#55:41,Hygro,Mains of Carmyllie (LPID NO/54289/43391),56.580815,-2.747666,613f047e000e0714248e10400002,27.01,11.5,14.0,18.12,93.58,4.16,2
2025-10-12 10:48:21.744517+00:00,70B3D57ED0045541,Hygro#55:41,Hygro,Mains of Carmyllie (LPID NO/54289/43391),56.580815,-2.747666,613c047e000e071a245e10420003,27.0,11.5,14.0,18.18,93.1,4.16,3
2025-10-12 11:03:38.462469+00:00,70B3D57ED0045541,Hygro#55:41,Hygro,Mains of Carmyllie (LPID NO/54289/43391),56.580815,-2.747666,6141047e000d0746242d103b0004,27.02,11.5,13.0,18.62,92.61,4.16,4
2025-10-12 11:18:55.190952+00:00,70B3D57ED0045541,Hygro#55:41,Hygro,Mains of Carmyllie (LPID NO/54289/43391),56.580815,-2.747666,613c047e000e077e23e8102e0005,27.0,11.5,14.0,19.18,91.92,4.14,5
2025-10-12 11:34:11.908560+00:00,70B3D57ED0045541,Hygro#55:41,Hygro,Mains of Carmyllie (LPID NO/54289/43391),56.580815,-2.747666,613b047e000d077e235310330006,26.99,11.5,13.0,19.18,90.43,4.15,6
2025-10-12 11:49:28.646363+00:00,70B3D57ED0045541,Hygro#55:41,Hygro,Mains of Carmyllie (LPID NO/54289/43391),56.580815,-2.747666,613d047e000e077e22cd102a0007,27.0,11.5,14.0,19.18,89.09,4.14,7
2025-10-12 12:04:45.359424+00:00,70B3D57ED0045541,Hygro#55:41,Hygro,Mains of Carmyllie (LPID NO/54289/43391),56.580815,-2.747666,6140047e000e0731225d10210008,27.01,11.5,14.0,18.41,87.97,4.13,8
2025-10-12 12:20:02.081889+00:00,70B3D57ED0045541,Hygro#55:41,Hygro,Mains of Carmyllie (LPID NO/54289/43391),56.580815,-2.747666,613b047e000e074c220c10250009,26.99,11.5,14.0,18.68,87.16,4.13,9
2025-10-12 12:35:18.801104+00:00,70B3D57ED0045541,Hygro#55:41,Hygro,Mains of Carmyllie (LPID NO/54289/43391),56.580815,-2.747666,613b047e000e072721be1033000a,26.99,11.5,14.0,18.31,86.38,4.15,10
2025-10-12 12:50:35.522239+00:00,70B3D57ED0045541,Hygro#55:41,Hygro,Mains of Carmyllie (LPID NO/54289/43391),56.580815,-2.747666,6141047e000e0721215d1025000b,27.02,11.5,14.0,18.25,85.41,4.13,11
2025-10-12 13:05:52.240862+00:00,70B3D57ED0045541,Hygro#55:41,Hygro,Mains of Carmyllie (LPID NO/54289/43391),56.580815,-2.747666,613b047e000e06ef20e81021000c,26.99,11.5,14.0,17.75,84.24,4.13,12
2025-10-12 13:21:08.965848+00:00,70B3D57ED0045541,Hygro#55:41,Hygro,Mains of Carmyllie (LPID NO/54289/43391),56.580815,-2.747666,6139047e000d06ef20b31025000d,26.98,11.5,13.0,17.75,83.71,4.13,13
2025-10-12 13:36:25.677286+00:00,70B3D57ED0045541,Hygro#55:41,Hygro,Mains of Carmyllie (LPID NO/54289/43391),56.580815,-2.747666,613a047e000e06f1207d101f000e,26.99,11.5,14.0,17.77,83.17,4.13,14
2025-10-12 13:51:42.393896+00:00,70B3D57ED0045541,Hygro#55:41,Hygro,Mains of Carmyllie (LPID NO/54289/43391),56.580815,-2.747666,613a047e000d06fb1fda1028000f,26.99,11.5,13.0,17.87,81.54,4.14,15
2025-10-12 14:06:59.111179+00:00,70B3D57ED0045541,Hygro#55:41,Hygro,Mains of Carmyllie (LPID NO/54289/43391),56.580815,-2.747666,613b047e000f06f51eee101d0010,26.99,11.5,15.0,17.81,79.18,4.12,16
2025-10-13 13:14:01.888159+00:00,70B3D57ED0045541,Hygro#55:41,Hygro,Mains of Carmyllie (LPID NO/54289/43391),56.580815,-2.747666,61240488000e05a323ee10460000,26.9,11.6,14.0,14.43,91.98,4.17,0
2025-10-13 13:29:18.614360+00:00,70B3D57ED0045541,Hygro#55:41,Hygro,Mains of Carmyllie (LPID NO/54289/43391),56.580815,-2.747666,612c0488000d0676221e10440001,26.93,11.6,13.0,16.54,87.34,4.16,1
2025-10-13 13:44:35.347130+00:00,70B3D57ED0045541,Hygro#55:41,Hygro,Mains of Carmyllie (LPID NO/54289/43391),56.580815,-2.747666,61260488000e0633217f10330002,26.91,11.6,14.0,15.87,85.75,4.15,2
2025-10-13 13:59:53.831829+00:00,70B3D57ED0045541,Hygro#55:41,Hygro,Mains of Carmyllie (LPID NO/54289/43391),56.580815,-2.747666,61290488000e0646204c10210003,26.92,11.6,14.0,16.06,82.68,4.13,3
2025-10-13 14:15:10.554002+00:00,70B3D57ED0045541,Hygro#55:41,Hygro,Mains of Carmyllie (LPID NO/54289/43391),56.580815,-2.747666,61250488000e061a2019101d0004,26.91,11.6,14.0,15.62,82.17,4.12,4
2025-10-15 08:27:19.231970+00:00,70B3D57ED0045541,Hygro#55:41,Hygro,Mains of Carmyllie (LPID NO/54289/43391),56.580815,-2.747666,610e0460000e0332253410180000,26.82,11.2,14.0,8.18,95.24,4.12,0
2025-10-15 08:42:36.001677+00:00,70B3D57ED0045541,Hygro#55:41,Hygro,Mains of Carmyllie (LPID NO/54289/43391),56.580815,-2.747666,610e0460000d036b25d410280001,26.82,11.2,13.0,8.75,96.84,4.14,1
2025-10-15 08:57:52.767921+00:00,70B3D57ED0045541,Hygro#55:41,Hygro,Mains of Carmyllie (LPID NO/54289/43391),56.580815,-2.747666,610d0460000e0388262610300002,26.81,11.2,14.0,9.04,97.66,4.14,2
2025-10-15 09:13:09.523504+00:00,70B3D57ED0045541,Hygro#55:41,Hygro,Mains of Carmyllie (LPID NO/54289/43391),56.580815,-2.747666,610c0460000e03c6263010070003,26.81,11.2,14.0,9.66,97.76,4.1,3
2025-10-15 12:03:20.918891+00:00,70B3D57ED0045541,Hygro#55:41,Hygro,Mains of Carmyllie (LPID NO/54289/43391),56.580815,-2.747666,61060460000e0516222210400000,26.79,11.2,14.0,13.02,87.38,4.16,0
2025-10-15 12:18:37.642518+00:00,70B3D57ED0045541,Hygro#55:41,Hygro,Mains of Carmyllie (LPID NO/54289/43391),56.580815,-2.747666,61090460000d0526220310140001,26.8,11.2,13.0,13.18,87.07,4.12,1
2025-10-15 12:33:54.367623+00:00,70B3D57ED0045541,Hygro#55:41,Hygro,Mains of Carmyllie (LPID NO/54289/43391),56.580815,-2.747666,61070460000e05142209101a0002,26.79,11.2,14.0,13.0,87.13,4.12,2
2025-10-15 12:49:11.090189+00:00,70B3D57ED0045541,Hygro#55:41,Hygro,Mains of Carmyllie (LPID NO/54289/43391),56.580815,-2.747666,61090460000d055821e3100f0003,26.8,11.2,13.0,13.68,86.75,4.11,3
2025-10-15 13:04:27.812445+00:00,70B3D57ED0045541,Hygro#55:41,Hygro,Mains of Carmyllie (LPID NO/54289/43391),56.580815,-2.747666,61090460000d057821ed10120004,26.8,11.2,13.0,14.0,86.85,4.11,4
2025-10-15 13:19:44.536070+00:00,70B3D57ED0045541,Hygro#55:41,Hygro,Mains of Carmyllie (LPID NO/54289/43391),56.580815,-2.747666,61080460000e05e821d2101f0005,26.79,11.2,14.0,15.12,86.58,4.13,5
2025-10-15 13:35:01.261988+00:00,70B3D57ED0045541,Hygro#55:41,Hygro,Mains of Carmyllie (LPID NO/54289/43391),56.580815,-2.747666,610b0460000d05e021d310140006,26.81,11.2,13.0,15.04,86.59,4.12,6
2025-10-15 13:50:17.980416+00:00,70B3D57ED0045541,Hygro#55:41,Hygro,Mains of Carmyllie (LPID NO/54289/43391),56.580815,-2.747666,61070460000e05ee2184100f0007,26.79,11.2,14.0,15.18,85.8,4.11,7
2025-10-15 14:05:34.707404+00:00,70B3D57ED0045541,Hygro#55:41,Hygro,Mains of Carmyllie (LPID NO/54289/43391),56.580815,-2.747666,61060460000f05c920cf100b0008,26.79,11.2,15.0,14.81,83.99,4.11,8
2025-10-15 14:20:51.432830+00:00,70B3D57ED0045541,Hygro#55:41,Hygro,Mains of Carmyllie (LPID NO/54289/43391),56.580815,-2.747666,61060460000d05d51fb610160009,26.79,11.2,13.0,14.93,81.18,4.12,9
2025-10-16 08:28:25.148898+00:00,70B3D57ED0045541,Hygro#55:41,Hygro,Mains of Carmyllie (LPID NO/54289/43391),56.580815,-2.747666,60fb0442000d025124f710180000,26.74,10.9,13.0,5.93,94.63,4.12,0
2025-10-16 08:43:41.940153+00:00,70B3D57ED0045541,Hygro#55:41,Hygro,Mains of Carmyllie (LPID NO/54289/43391),56.580815,-2.747666,60fa0442000d02a025a410250001,26.74,10.9,13.0,6.72,96.36,4.13,1
2025-10-16 08:58:58.701556+00:00,70B3D57ED0045541,Hygro#55:41,Hygro,Mains of Carmyllie (LPID NO/54289/43391),56.580815,-2.747666,60fb0442000e02e1261210350002,26.74,10.9,14.0,7.37,97.46,4.15,2
2025-10-16 09:14:15.477603+00:00,70B3D57ED0045541,Hygro#55:41,Hygro,Mains of Carmyllie (LPID NO/54289/43391),56.580815,-2.747666,60fa0442000d030d264410350003,26.74,10.9,13.0,7.81,97.96,4.15,3
2025-10-16 09:29:32.241102+00:00,70B3D57ED0045541,Hygro#55:41,Hygro,Mains of Carmyllie (LPID NO/54289/43391),56.580815,-2.747666,60fa0442000d03452659102e0004,26.74,10.9,13.0,8.37,98.17,4.14,4
2025-10-16 09:44:49.006458+00:00,70B3D57ED0045541,Hygro#55:41,Hygro,Mains of Carmyllie (LPID NO/54289/43391),56.580815,-2.747666,60ff0442000d0379264610300005,26.76,10.9,13.0,8.89,97.98,4.14,5
2025-10-16 10:00:05.764136+00:00,70B3D57ED0045541,Hygro#55:41,Hygro,Mains of Carmyllie (LPID NO/54289/43391),56.580815,-2.747666,60fa0442000d039025fa104b0006,26.74,10.9,13.0,9.12,97.22,4.17,6
2025-10-16 10:15:22.515868+00:00,70B3D57ED0045541,Hygro#55:41,Hygro,Mains of Carmyllie (LPID NO/54289/43391),56.580815,-2.747666,60fa0442000d03f4259610490007,26.74,10.9,13.0,10.12,96.22,4.17,7
2025-10-16 10:30:39.258822+00:00,70B3D57ED0045541,Hygro#55:41,Hygro,Mains of Carmyllie (LPID NO/54289/43391),56.580815,-2.747666,60fb0442000d04522548104b0008,26.74,10.9,13.0,11.06,95.44,4.17,8
2025-10-16 10:45:56.012709+00:00,70B3D57ED0045541,Hygro#55:41,Hygro,Mains of Carmyllie (LPID NO/54289/43391),56.580815,-2.747666,60fb0442000d048a250f10120009,26.74,10.9,13.0,11.62,94.87,4.11,9
2025-10-16 11:01:12.758426+00:00,70B3D57ED0045541,Hygro#55:41,Hygro,Mains of Carmyllie (LPID NO/54289/43391),56.580815,-2.747666,60fd0442000e047324eb1039000a,26.75,10.9,14.0,11.39,94.51,4.15,10
2025-10-16 11:16:29.497631+00:00,70B3D57ED0045541,Hygro#55:41,Hygro,Mains of Carmyllie (LPID NO/54289/43391),56.580815,-2.747666,60f90438000d04b624c4102a000b,26.74,10.8,13.0,12.06,94.12,4.14,11
2025-10-16 11:31:46.235988+00:00,70B3D57ED0045541,Hygro#55:41,Hygro,Mains of Carmyllie (LPID NO/54289/43391),56.580815,-2.747666,60f90438000d04bc2437102c000c,26.74,10.8,13.0,12.12,92.71,4.14,12
2025-10-16 11:47:02.981056+00:00,70B3D57ED0045541,Hygro#55:41,Hygro,Mains of Carmyllie (LPID NO/54289/43391),56.580815,-2.747666,60fa0438000d054c23ea1023000d,26.74,10.8,13.0,13.56,91.94,4.13,13
2025-10-16 12:02:19.702889+00:00,70B3D57ED0045541,Hygro#55:41,Hygro,Mains of Carmyllie (LPID NO/54289/43391),56.580815,-2.747666,60f00438000d054c239a1014000e,26.7,10.8,13.0,13.56,91.14,4.12,14
2025-10-16 12:32:53.155689+00:00,70B3D57ED0045541,Hygro#55:41,Hygro,Mains of Carmyllie (LPID NO/54289/43391),56.580815,-2.747666,60f90438000d05c32335102e0010,26.74,10.8,13.0,14.75,90.13,4.14,16
2025-10-20 08:37:18.388563+00:00,70B3D57ED0045541,Hygro#55:41,Hygro,Mains of Carmyllie (LPID NO/54289/43391),56.580815,-2.747666,628d0442000f040725e510000000,28.3,10.9,15.0,10.31,97.01,4.1,0
2025-10-20 08:53:30.815871+00:00,70B3D57ED0045541,Hygro#55:41,Hygro,Mains of Carmyllie (LPID NO/54289/43391),56.580815,-2.747666,628d0442000f042e265210020001,28.3,10.9,15.0,10.7,98.1,4.1,1
2025-10-20 09:08:47.577672+00:00,70B3D57ED0045541,Hygro#55:41,Hygro,Mains of Carmyllie (LPID NO/54289/43391),56.580815,-2.747666,628f0442000f0458267110020002,28.31,10.9,15.0,11.12,98.41,4.1,2
2025-10-20 09:24:04.334174+00:00,70B3D57ED0045541,Hygro#55:41,Hygro,Mains of Carmyllie (LPID NO/54289/43391),56.580815,-2.747666,628f0442000f048a267610070003,28.31,10.9,15.0,11.62,98.46,4.1,3
2025-10-20 09:39:21.089331+00:00,70B3D57ED0045541,Hygro#55:41,Hygro,Mains of Carmyllie (LPID NO/54289/43391),56.580815,-2.747666,62930442000f04f0268b100d0004,28.33,10.9,15.0,12.64,98.67,4.11,4
2025-10-20 09:54:37.834421+00:00,70B3D57ED0045541,Hygro#55:41,Hygro,Mains of Carmyllie (LPID NO/54289/43391),56.580815,-2.747666,62930442000f04c22646100f0005,28.33,10.9,15.0,12.18,97.98,4.11,5
2025-10-20 10:09:54.585875+00:00,70B3D57ED0045541,Hygro#55:41,Hygro,Mains of Carmyllie (LPID NO/54289/43391),56.580815,-2.747666,62950442000f04c92639102c0006,28.33,10.9,15.0,12.25,97.85,4.14,6
2025-10-20 10:25:11.331836+00:00,70B3D57ED0045541,Hygro#55:41,Hygro,Mains of Carmyllie (LPID NO/54289/43391),56.580815,-2.747666,62940442000f04d5261110300007,28.33,10.9,15.0,12.37,97.45,4.14,7
2025-10-20 10:42:23.936701+00:00,70B3D57ED0045541,Hygro#55:41,Hygro,Mains of Carmyllie (LPID NO/54289/43391),56.580815,-2.747666,629a0442000f051625b910400000,28.35,10.9,15.0,13.02,96.57,4.16,0
2025-10-20 10:57:40.680548+00:00,70B3D57ED0045541,Hygro#55:41,Hygro,Mains of Carmyllie (LPID NO/54289/43391),56.580815,-2.747666,62a40442000f04ee258610180001,28.39,10.9,15.0,12.62,96.06,4.12,1
2025-10-20 11:14:31.564039+00:00,70B3D57ED0045541,Hygro#55:41,Hygro,Mains of Carmyllie (LPID NO/54289/43391),56.580815,-2.747666,62a304420010051a2572103b0000,28.39,10.9,16.0,13.06,95.86,4.16,0
2025-10-20 11:29:48.285962+00:00,70B3D57ED0045541,Hygro#55:41,Hygro,Mains of Carmyllie (LPID NO/54289/43391),56.580815,-2.747666,62a10442000f05f52556102c0001,28.38,10.9,15.0,15.25,95.58,4.14,1
2025-10-20 11:45:05.025087+00:00,70B3D57ED0045541,Hygro#55:41,Hygro,Mains of Carmyllie (LPID NO/54289/43391),56.580815,-2.747666,62a80442000f05b6254b100b0002,28.41,10.9,15.0,14.62,95.47,4.11,2
2025-10-20 12:16:35.075754+00:00,70B3D57ED0045541,Hygro#55:41,Hygro,Mains of Carmyllie (LPID NO/54289/43391),56.580815,-2.747666,62a50442000f0556253c103e0000,28.4,10.9,15.0,13.66,95.32,4.16,0
2025-10-22 08:51:03.857090+00:00,70B3D57ED0045541,Hygro#55:41,Hygro,Mains of Carmyllie (LPID NO/54289/43391),56.580815,-2.747666,62980442000f026225f410020001,28.35,10.9,15.0,6.1,97.16,4.1,1
2025-10-22 09:06:20.643454+00:00,70B3D57ED0045541,Hygro#55:41,Hygro,Mains of Carmyllie (LPID NO/54289/43391),56.580815,-2.747666,628d0442000f0290263710000002,28.3,10.9,15.0,6.56,97.83,4.1,2
2025-10-22 09:21:37.433017+00:00,70B3D57ED0045541,Hygro#55:41,Hygro,Mains of Carmyllie (LPID NO/54289/43391),56.580815,-2.747666,628d0442000f02af265f10090003,28.3,10.9,15.0,6.87,98.23,4.11,3
2025-10-22 09:36:54.204149+00:00,70B3D57ED0045541,Hygro#55:41,Hygro,Mains of Carmyllie (LPID NO/54289/43391),56.580815,-2.747666,62920438000f0311267310180004,28.32,10.8,15.0,7.85,98.43,4.12,4
2025-10-22 09:52:10.985404+00:00,70B3D57ED0045541,Hygro#55:41,Hygro,Mains of Carmyllie (LPID NO/54289/43391),56.580815,-2.747666,628f0438000f035e2670101f0005,28.31,10.8,15.0,8.62,98.4,4.13,5
2025-10-22 10:07:29.516440+00:00,70B3D57ED0045541,Hygro#55:41,Hygro,Mains of Carmyllie (LPID NO/54289/43391),56.580815,-2.747666,628f0438000f0390266c10330006,28.31,10.8,15.0,9.12,98.36,4.15,6
2025-10-22 10:22:46.273526+00:00,70B3D57ED0045541,Hygro#55:41,Hygro,Mains of Carmyllie (LPID NO/54289/43391),56.580815,-2.747666,6291043800100390265810350007,28.32,10.8,16.0,9.12,98.16,4.15,7
2025-10-22 10:38:03.045542+00:00,70B3D57ED0045541,Hygro#55:41,Hygro,Mains of Carmyllie (LPID NO/54289/43391),56.580815,-2.747666,62900438000f03b6264d10210008,28.31,10.8,15.0,9.5,98.05,4.13,8
2025-10-22 10:53:19.812056+00:00,70B3D57ED0045541,Hygro#55:41,Hygro,Mains of Carmyllie (LPID NO/54289/43391),56.580815,-2.747666,628c0438000f041a264310180009,28.3,10.8,15.0,10.5,97.95,4.12,9
2025-10-22 11:08:36.570101+00:00,70B3D57ED0045541,Hygro#55:41,Hygro,Mains of Carmyllie (LPID NO/54289/43391),56.580815,-2.747666,62950438000f042c2612101d000a,28.33,10.8,15.0,10.68,97.46,4.12,10
2025-10-22 11:24:05.644391+00:00,70B3D57ED0045541,Hygro#55:41,Hygro,Mains of Carmyllie (LPID NO/54289/43391),56.580815,-2.747666,62940438000f03d525af1023000b,28.33,10.8,15.0,9.81,96.47,4.13,11
2025-10-22 11:39:22.386021+00:00,70B3D57ED0045541,Hygro#55:41,Hygro,Mains of Carmyllie (LPID NO/54289/43391),56.580815,-2.747666,62900438000f0439257b1009000c,28.31,10.8,15.0,10.81,95.95,4.11,12
2025-10-22 11:54:39.137151+00:00,70B3D57ED0045541,Hygro#55:41,Hygro,Mains of Carmyllie (LPID NO/54289/43391),56.580815,-2.747666,62950438000f0420252b1004000d,28.33,10.8,15.0,10.56,95.15,4.1,13
2025-10-22 12:11:29.406325+00:00,70B3D57ED0045541,Hygro#55:41,Hygro,Mains of Carmyllie (LPID NO/54289/43391),56.580815,-2.747666,54c70438001003f225130ff50000,14.63,10.8,16.0,10.1,94.91,4.08,0
2025-10-22 12:26:46.147523+00:00,70B3D57ED0045541,Hygro#55:41,Hygro,Mains of Carmyllie (LPID NO/54289/43391),56.580815,-2.747666,628c0438000f048a255010020001,28.3,10.8,15.0,11.62,95.52,4.1,1
2025-10-22 12:42:02.889777+00:00,70B3D57ED0045541,Hygro#55:41,Hygro,Mains of Carmyllie (LPID NO/54289/43391),56.580815,-2.747666,628f0438000f04972518100b0002,28.31,10.8,15.0,11.75,94.96,4.11,2
2025-10-22 12:57:19.626233+00:00,70B3D57ED0045541,Hygro#55:41,Hygro,Mains of Carmyllie (LPID NO/54289/43391),56.580815,-2.747666,628a0438000f049724e210090003,28.29,10.8,15.0,11.75,94.42,4.11,3
2025-10-22 13:12:36.377278+00:00,70B3D57ED0045541,Hygro#55:41,Hygro,Mains of Carmyllie (LPID NO/54289/43391),56.580815,-2.747666,61c2042e0010046b246f0ff50004,27.52,10.7,16.0,11.31,93.27,4.08,4
2025-10-22 13:27:53.115795+00:00,70B3D57ED0045541,Hygro#55:41,Hygro,Mains of Carmyllie (LPID NO/54289/43391),56.580815,-2.747666,6153042e000f047e244c0fec0005,27.09,10.7,15.0,11.5,92.92,4.08,5
2025-10-22 13:43:09.867687+00:00,70B3D57ED0045541,Hygro#55:41,Hygro,Mains of Carmyllie (LPID NO/54289/43391),56.580815,-2.747666,6154042e000f049024290ff30006,27.09,10.7,15.0,11.68,92.57,4.08,6
2025-10-22 13:58:26.600737+00:00,70B3D57ED0045541,Hygro#55:41,Hygro,Mains of Carmyllie (LPID NO/54289/43391),56.580815,-2.747666,60f3042e000f046b23c80ff70007,26.71,10.7,15.0,11.31,91.6,4.09,7
2025-10-25 08:34:05.568903+00:00,70B3D57ED0045541,Hygro#55:41,Hygro,Mains of Carmyllie (LPID NO/54289/43391),56.580815,-2.747666,627203b6000f0c6b25770ff30000,28.2,9.5,15.0,31.79,95.91,4.08,0
2025-10-25 08:49:22.355501+00:00,70B3D57ED0045541,Hygro#55:41,Hygro,Mains of Carmyllie (LPID NO/54289/43391),56.580815,-2.747666,627003b6000f021926330ff30001,28.19,9.5,15.0,5.37,97.79,4.08,1
2025-10-25 09:10:49.429665+00:00,70B3D57ED0045541,Hygro#55:41,Hygro,Mains of Carmyllie (LPID NO/54289/43391),56.580815,-2.747666,627503b6000f022c260110090000,28.21,9.5,15.0,5.56,97.29,4.11,0
2025-10-25 09:26:06.219268+00:00,70B3D57ED0045541,Hygro#55:41,Hygro,Mains of Carmyllie (LPID NO/54289/43391),56.580815,-2.747666,626a03b6000f0251262f10000001,28.17,9.5,15.0,5.93,97.75,4.1,1
2025-10-25 09:41:24.766902+00:00,70B3D57ED0045541,Hygro#55:41,Hygro,Mains of Carmyllie (LPID NO/54289/43391),56.580815,-2.747666,627603b6000f0271261910120002,28.21,9.5,15.0,6.25,97.53,4.11,2
2025-10-25 09:57:02.672865+00:00,70B3D57ED0045541,Hygro#55:41,Hygro,Mains of Carmyllie (LPID NO/54289/43391),56.580815,-2.747666,51fc03b6000f026c261510210003,11.85,9.5,15.0,6.2,97.49,4.13,3
2025-10-25 10:12:19.451471+00:00,70B3D57ED0045541,Hygro#55:41,Hygro,Mains of Carmyllie (LPID NO/54289/43391),56.580815,-2.747666,627003b6000f023825f110300004,28.19,9.5,15.0,5.68,97.13,4.14,4
2025-10-25 10:27:36.256029+00:00,70B3D57ED0045541,Hygro#55:41,Hygro,Mains of Carmyllie (LPID NO/54289/43391),56.580815,-2.747666,600103ab000f023225fc0fee0005,25.77,9.39,15.0,5.62,97.24,4.08,5
2025-10-25 10:42:53.021681+00:00,70B3D57ED0045541,Hygro#55:41,Hygro,Mains of Carmyllie (LPID NO/54289/43391),56.580815,-2.747666,626f03ab000f023f25d7102e0006,28.19,9.39,15.0,5.75,96.87,4.14,6
2025-10-25 10:58:09.790203+00:00,70B3D57ED0045541,Hygro#55:41,Hygro,Mains of Carmyllie (LPID NO/54289/43391),56.580815,-2.747666,626c03ab000f028325d310300007,28.18,9.39,15.0,6.43,96.83,4.14,7
2025-10-25 11:13:26.564942+00:00,70B3D57ED0045541,Hygro#55:41,Hygro,Mains of Carmyllie (LPID NO/54289/43391),56.580815,-2.747666,626b03ab000f027725a210140008,28.17,9.39,15.0,6.31,96.34,4.12,8
2025-10-25 11:28:43.358403+00:00,70B3D57ED0045541,Hygro#55:41,Hygro,Mains of Carmyllie (LPID NO/54289/43391),56.580815,-2.747666,626b03ab000f02982591100d0009,28.17,9.39,15.0,6.64,96.17,4.11,9
2025-10-25 11:44:15.984805+00:00,70B3D57ED0045541,Hygro#55:41,Hygro,Mains of Carmyllie (LPID NO/54289/43391),56.580815,-2.747666,626c03ab000f026a25740ffe000a,28.18,9.39,15.0,6.18,95.88,4.09,10
2025-10-25 11:59:32.754540+00:00,70B3D57ED0045541,Hygro#55:41,Hygro,Mains of Carmyllie (LPID NO/54289/43391),56.580815,-2.747666,626c03ab000f028c25590ff9000b,28.18,9.39,15.0,6.52,95.61,4.09,11
2025-10-25 12:27:56.233121+00:00,70B3D57ED0045541,Hygro#55:41,Hygro,Mains of Carmyllie (LPID NO/54289/43391),56.580815,-2.747666,618c03ab000f027d24c60ff50000,27.31,9.39,15.0,6.37,94.14,4.08,0
2025-10-25 12:43:13.004493+00:00,70B3D57ED0045541,Hygro#55:41,Hygro,Mains of Carmyllie (LPID NO/54289/43391),56.580815,-2.747666,626903ab000f028e24f110000001,28.16,9.39,15.0,6.54,94.57,4.1,1
2025-10-25 12:58:29.771000+00:00,70B3D57ED0045541,Hygro#55:41,Hygro,Mains of Carmyllie (LPID NO/54289/43391),56.580815,-2.747666,616203ab000f029024c80ff70002,27.14,9.39,15.0,6.56,94.16,4.09,2
2025-10-25 13:28:51.084702+00:00,70B3D57ED0045541,Hygro#55:41,Hygro,Mains of Carmyllie (LPID NO/54289/43391),56.580815,-2.747666,61f303ab000f0290247f0ff70000,27.71,9.39,15.0,6.56,93.43,4.09,0
2025-10-25 14:27:27.889564+00:00,70B3D57ED0045541,Hygro#55:41,Hygro,Mains of Carmyllie (LPID NO/54289/43391),56.580815,-2.747666,619703a2000f01d223ca0ffe0001,27.35,9.3,15.0,4.66,91.62,4.09,1
2025-10-27 09:22:00.009811+00:00,70B3D57ED0045541,Hygro#55:41,Hygro,Mains of Carmyllie (LPID NO/54289/43391),56.580815,-2.747666,625a0366000f01f425e40ff10000,28.11,8.7,15.0,5.0,97.0,4.08,0
2025-10-27 09:37:18.559568+00:00,70B3D57ED0045541,Hygro#55:41,Hygro,Mains of Carmyllie (LPID NO/54289/43391),56.580815,-2.747666,625f0366000f020d260d0ff10001,28.12,8.7,15.0,5.25,97.41,4.08,1
2025-10-27 09:52:37.112065+00:00,70B3D57ED0045541,Hygro#55:41,Hygro,Mains of Carmyllie (LPID NO/54289/43391),56.580815,-2.747666,625f0366000f017d262910020002,28.12,8.7,15.0,3.81,97.69,4.1,2
2025-10-27 10:07:53.888673+00:00,70B3D57ED0045541,Hygro#55:41,Hygro,Mains of Carmyllie (LPID NO/54289/43391),56.580815,-2.747666,62580366000f024b263410000003,28.1,8.7,15.0,5.87,97.8,4.1,3
2025-10-27 10:23:28.278144+00:00,70B3D57ED0045541,Hygro#55:41,Hygro,Mains of Carmyllie (LPID NO/54289/43391),56.580815,-2.747666,62590366000f026a263210040004,28.1,8.7,15.0,6.18,97.78,4.1,4
2025-10-27 10:38:45.058524+00:00,70B3D57ED0045541,Hygro#55:41,Hygro,Mains of Carmyllie (LPID NO/54289/43391),56.580815,-2.747666,625c0366000f0290263010070005,28.11,8.7,15.0,6.56,97.76,4.1,5
2025-10-27 10:54:01.844675+00:00,70B3D57ED0045541,Hygro#55:41,Hygro,Mains of Carmyllie (LPID NO/54289/43391),56.580815,-2.747666,625c0366000f02af261110120006,28.11,8.7,15.0,6.87,97.45,4.11,6
2025-10-27 11:09:18.617059+00:00,70B3D57ED0045541,Hygro#55:41,Hygro,Mains of Carmyllie (LPID NO/54289/43391),56.580815,-2.747666,625b0366000e02db25e710000007,28.11,8.7,14.0,7.31,97.03,4.1,7
2025-10-27 11:24:35.396962+00:00,70B3D57ED0045541,Hygro#55:41,Hygro,Mains of Carmyllie (LPID NO/54289/43391),56.580815,-2.747666,62590366000e02d5259d0ff50008,28.1,8.7,14.0,7.25,96.29,4.08,8
2025-10-27 11:39:52.170416+00:00,70B3D57ED0045541,Hygro#55:41,Hygro,Mains of Carmyllie (LPID NO/54289/43391),56.580815,-2.747666,611d0366000e02db256e0fe30009,26.88,8.7,14.0,7.31,95.82,4.07,9
2025-10-27 11:55:08.936219+00:00,70B3D57ED0045541,Hygro#55:41,Hygro,Mains of Carmyllie (LPID NO/54289/43391),56.580815,-2.747666,61520366000f02db253a0fec000a,27.08,8.7,15.0,7.31,95.3,4.08,10
2025-10-27 12:20:38.472797+00:00,70B3D57ED0045541,Hygro#55:41,Hygro,Mains of Carmyllie (LPID NO/54289/43391),56.580815,-2.747666,61230366000f031324620fe80000,26.9,8.7,15.0,7.87,93.14,4.07,0
2025-10-27 12:35:55.225115+00:00,70B3D57ED0045541,Hygro#55:41,Hygro,Mains of Carmyllie (LPID NO/54289/43391),56.580815,-2.747666,616a035c000f034524a90ff10001,27.17,8.6,15.0,8.37,93.85,4.08,1
2025-10-27 12:51:11.972264+00:00,70B3D57ED0045541,Hygro#55:41,Hygro,Mains of Carmyllie (LPID NO/54289/43391),56.580815,-2.747666,6259035c000f035824640ff90002,28.1,8.6,15.0,8.56,93.16,4.09,2
2025-10-27 13:29:16.910307+00:00,70B3D57ED0045541,Hygro#55:41,Hygro,Mains of Carmyllie (LPID NO/54289/43391),56.580815,-2.747666,6164035c000f0343240c0fea0000,27.15,8.6,15.0,8.35,92.28,4.07,0
2025-10-27 13:44:33.668543+00:00,70B3D57ED0045541,Hygro#55:41,Hygro,Mains of Carmyllie (LPID NO/54289/43391),56.580815,-2.747666,6126035c000f033924240fe60001,26.91,8.6,15.0,8.25,92.52,4.07,1
2025-10-27 13:59:50.424832+00:00,70B3D57ED0045541,Hygro#55:41,Hygro,Mains of Carmyllie (LPID NO/54289/43391),56.580815,-2.747666,60ce035c000f033f23e70fe60002,26.57,8.6,15.0,8.31,91.91,4.07,2
2025-10-27 14:15:07.181825+00:00,70B3D57ED0045541,Hygro#55:41,Hygro,Mains of Carmyllie (LPID NO/54289/43391),56.580815,-2.747666,6121035c000f033222f50fe60003,26.89,8.6,15.0,8.18,89.49,4.07,3
2025-10-28 09:18:09.048418+00:00,70B3D57ED0045541,Hygro#55:41,Hygro,Mains of Carmyllie (LPID NO/54289/43391),56.580815,-2.747666,62360352000f028e263e0fe80000,27.97,8.5,15.0,6.54,97.9,4.07,0
2025-10-28 09:33:25.814502+00:00,70B3D57ED0045541,Hygro#55:41,Hygro,Mains of Carmyllie (LPID NO/54289/43391),56.580815,-2.747666,5bee0352000e02f426a00ff50001,21.73,8.5,14.0,7.56,98.88,4.08,1
2025-10-29 10:49:16.970393+00:00,70B3D57ED0045541,Hygro#55:41,Hygro,Mains of Carmyllie (LPID NO/54289/43391),56.580815,-2.747666,6243035c000f000025dd0ff30000,28.02,8.6,15.0,0.0,96.93,4.08,0
2025-10-29 11:04:40.779162+00:00,70B3D57ED0045541,Hygro#55:41,Hygro,Mains of Carmyllie (LPID NO/54289/43391),56.580815,-2.747666,6245035c000f021f25de0fe80001,28.02,8.6,15.0,5.43,96.94,4.07,1
2025-10-29 11:19:57.548154+00:00,70B3D57ED0045541,Hygro#55:41,Hygro,Mains of Carmyllie (LPID NO/54289/43391),56.580815,-2.747666,6247035c000f022c25c50fe10002,28.03,8.6,15.0,5.56,96.69,4.07,2
2025-10-29 12:19:07.736758+00:00,70B3D57ED0045541,Hygro#55:41,Hygro,Mains of Carmyllie (LPID NO/54289/43391),56.580815,-2.747666,6147035c000f0219251e0fdd0000,27.04,8.6,15.0,5.37,95.02,4.06,0
2025-10-29 13:35:57.316931+00:00,70B3D57ED0045541,Hygro#55:41,Hygro,Mains of Carmyllie (LPID NO/54289/43391),56.580815,-2.747666,60b0035c000f02e7249f0fd00001,26.45,8.6,15.0,7.43,93.75,4.05,1
2025-10-29 13:51:14.069691+00:00,70B3D57ED0045541,Hygro#55:41,Hygro,Mains of Carmyllie (LPID NO/54289/43391),56.580815,-2.747666,614d035c000f02c824b50fdf0002,27.06,8.6,15.0,7.12,93.97,4.06,2
2025-10-29 14:06:30.814684+00:00,70B3D57ED0045541,Hygro#55:41,Hygro,Mains of Carmyllie (LPID NO/54289/43391),56.580815,-2.747666,61e7035c000f02ce24040fe10003,27.66,8.6,15.0,7.18,92.2,4.07,3
2025-10-30 10:20:34.504288+00:00,70B3D57ED0045541,Hygro#55:41,Hygro,Mains of Carmyllie (LPID NO/54289/43391),56.580815,-2.747666,6268033e000f026c25440fdf0000,28.16,8.3,15.0,6.2,95.4,4.06,0
2025-10-30 10:35:51.283103+00:00,70B3D57ED0045541,Hygro#55:41,Hygro,Mains of Carmyllie (LPID NO/54289/43391),56.580815,-2.747666,6248033e000e02d5257c0fdb0001,28.04,8.3,14.0,7.25,95.96,4.06,1
2025-10-30 10:51:08.067917+00:00,70B3D57ED0045541,Hygro#55:41,Hygro,Mains of Carmyllie (LPID NO/54289/43391),56.580815,-2.747666,626d033e000f02db259f0fea0002,28.18,8.3,15.0,7.31,96.31,4.07,2
2025-10-30 11:06:26.594104+00:00,70B3D57ED0045541,Hygro#55:41,Hygro,Mains of Carmyllie (LPID NO/54289/43391),56.580815,-2.747666,626e033e000f030d25aa0fdf0003,28.18,8.3,15.0,7.81,96.42,4.06,3
2025-10-30 11:21:43.362229+00:00,70B3D57ED0045541,Hygro#55:41,Hygro,Mains of Carmyllie (LPID NO/54289/43391),56.580815,-2.747666,626b033e000f032625890fdf0004,28.17,8.3,15.0,8.06,96.09,4.06,4
2025-10-30 11:43:45.344642+00:00,70B3D57ED0045541,Hygro#55:41,Hygro,Mains of Carmyllie (LPID NO/54289/43391),56.580815,-2.747666,6167033e000f0326250b0fd20000,27.16,8.3,15.0,8.06,94.83,4.05,0
2025-11-01 10:51:45.091740+00:00,70B3D57ED0045541,Hygro#55:41,Hygro,Mains of Carmyllie (LPID NO/54289/43391),56.580815,-2.747666,62ba038e000f030d26810fd00001,28.48,9.1,15.0,7.81,98.57,4.05,1
2025-11-01 11:07:08.908041+00:00,70B3D57ED0045541,Hygro#55:41,Hygro,Mains of Carmyllie (LPID NO/54289/43391),56.580815,-2.747666,62c1038e0010033426a70fdb0002,28.5,9.1,16.0,8.2,98.95,4.06,2
2025-11-01 12:18:04.372880+00:00,70B3D57ED0045541,Hygro#55:41,Hygro,Mains of Carmyllie (LPID NO/54289/43391),56.580815,-2.747666,61ec038e000f0d4126030fc20000,27.68,9.1,15.0,33.93,97.31,4.03,0
2025-11-01 12:33:26.415428+00:00,70B3D57ED0045541,Hygro#55:41,Hygro,Mains of Carmyllie (LPID NO/54289/43391),56.580815,-2.747666,61e5038e0010162226370fc00001,27.65,9.1,16.0,56.66,97.83,4.03,1
2025-11-04 12:44:53.320297+00:00,70B3D57ED0045541,Hygro#55:41,Hygro,Mains of Carmyllie (LPID NO/54289/43391),56.580815,-2.747666,62fb03ab001004a326180f850000,28.73,9.39,16.0,11.87,97.52,3.97,0
2025-11-10 10:45:00.228939+00:00,70B3D57ED0045541,Hygro#55:41,Hygro,Mains of Carmyllie (LPID NO/54289/43391),56.580815,-2.747666,641c03ca0013040d26ac0eaf0001,29.85,9.7,19.0,10.37,99.0,3.76,1
2025-11-10 11:07:22.358049+00:00,70B3D57ED0045541,Hygro#55:41,Hygro,Mains of Carmyllie (LPID NO/54289/43391),56.580815,-2.747666,61c903ca0013041126810e990000,27.54,9.7,19.0,10.41,98.57,3.74,0
2025-11-14 09:37:52.860401+00:00,70B3D57ED0045541,Hygro#55:41,Hygro,Mains of Carmyllie (LPID NO/54289/43391),56.580815,-2.747666,608903470015011926360cb50001,26.3,8.39,21.0,2.81,97.82,3.25,1
2025-11-14 09:53:20.245157+00:00,70B3D57ED0045541,Hygro#55:41,Hygro,Mains of Carmyllie (LPID NO/54289/43391),56.580815,-2.747666,618703470015013e26610d700002,27.29,8.39,21.0,3.18,98.25,3.44,2
2025-11-14 10:09:11.057390+00:00,70B3D57ED0045541,Hygro#55:41,Hygro,Mains of Carmyllie (LPID NO/54289/43391),56.580815,-2.747666,61eb034700150000266e0e060003,27.67,8.39,21.0,0.0,98.38,3.59,3
2025-11-14 10:24:27.856714+00:00,70B3D57ED0045541,Hygro#55:41,Hygro,Mains of Carmyllie (LPID NO/54289/43391),56.580815,-2.747666,6484033e0015017d266e0e3f0004,30.25,8.3,21.0,3.81,98.38,3.65,4
2025-11-14 10:39:56.990052+00:00,70B3D57ED0045541,Hygro#55:41,Hygro,Mains of Carmyllie (LPID NO/54289/43391),56.580815,-2.747666,6482033e0015010e26650e440005,30.25,8.3,21.0,2.7,98.29,3.65,5
2025-11-14 10:55:20.824996+00:00,70B3D57ED0045541,Hygro#55:41,Hygro,Mains of Carmyllie (LPID NO/54289/43391),56.580815,-2.747666,636e033e0016011b265f0e4a0006,29.18,8.3,22.0,2.83,98.23,3.66,6
2025-11-14 11:10:41.143781+00:00,70B3D57ED0045541,Hygro#55:41,Hygro,Mains of Carmyllie (LPID NO/54289/43391),56.580815,-2.747666,631e033e0015013026520e570007,28.87,8.3,21.0,3.04,98.1,3.67,7
2025-11-14 13:41:22.571703+00:00,70B3D57ED0045541,Hygro#55:41,Hygro,Mains of Carmyllie (LPID NO/54289/43391),56.580815,-2.747666,61f803340015014525810e3b0000,27.73,8.2,21.0,3.25,96.01,3.64,0
2025-11-14 13:56:44.624427+00:00,70B3D57ED0045541,Hygro#55:41,Hygro,Mains of Carmyllie (LPID NO/54289/43391),56.580815,-2.747666,61ae03340015000025c90e320001,27.44,8.2,21.0,0.0,96.73,3.63,1
2025-11-14 14:12:20.777401+00:00,70B3D57ED0045541,Hygro#55:41,Hygro,Mains of Carmyllie (LPID NO/54289/43391),56.580815,-2.747666,61bc0334001600fa25b10e410002,27.49,8.2,22.0,2.5,96.49,3.65,2
2025-11-16 09:34:41.209457+00:00,70B3D57ED0045541,Hygro#55:41,Hygro,Mains of Carmyllie (LPID NO/54289/43391),56.580815,-2.747666,492a02f800130b1125610a420000,3.09,7.6,19.0,28.33,95.69,2.63,0
2025-11-16 09:50:09.274319+00:00,70B3D57ED0045541,Hygro#55:41,Hygro,Mains of Carmyllie (LPID NO/54289/43391),56.580815,-2.747666,604602f80015008725b20d180001,26.04,7.6,21.0,1.35,96.5,3.35,1
2025-11-16 10:05:40.167767+00:00,70B3D57ED0045541,Hygro#55:41,Hygro,Mains of Carmyllie (LPID NO/54289/43391),56.580815,-2.747666,619202f80015003825e90dac0002,27.33,7.6,21.0,0.56,97.05,3.5,2
2025-11-16 10:21:11.051375+00:00,70B3D57ED0045541,Hygro#55:41,Hygro,Mains of Carmyllie (LPID NO/54289/43391),56.580815,-2.747666,622002f8001500e1260b0e040003,27.88,7.6,21.0,2.25,97.39,3.59,3
2025-11-16 10:36:29.596749+00:00,70B3D57ED0045541,Hygro#55:41,Hygro,Mains of Carmyllie (LPID NO/54289/43391),56.580815,-2.747666,63f602f80015009e26010e4c0004,29.7,7.6,21.0,1.58,97.29,3.66,4
2025-11-16 10:53:44.768351+00:00,70B3D57ED0045541,Hygro#55:41,Hygro,Mains of Carmyllie (LPID NO/54289/43391),56.580815,-2.747666,618c02f80015000025f10e230000,27.31,7.6,21.0,0.0,97.13,3.62,0
2025-11-16 11:09:04.223157+00:00,70B3D57ED0045541,Hygro#55:41,Hygro,Mains of Carmyllie (LPID NO/54289/43391),56.580815,-2.747666,63f302f8001500a626140e720001,29.69,7.6,21.0,1.66,97.48,3.7,1
2025-11-16 11:24:40.371346+00:00,70B3D57ED0045541,Hygro#55:41,Hygro,Mains of Carmyllie (LPID NO/54289/43391),56.580815,-2.747666,63f502f80015012525e10e810002,29.7,7.6,21.0,2.93,96.97,3.71,2
2025-11-16 11:40:32.455133+00:00,70B3D57ED0045541,Hygro#55:41,Hygro,Mains of Carmyllie (LPID NO/54289/43391),56.580815,-2.747666,61c502f80015000025d90e6b0003,27.53,7.6,21.0,0.0,96.89,3.69,3
2025-11-16 11:56:10.341561+00:00,70B3D57ED0045541,Hygro#55:41,Hygro,Mains of Carmyllie (LPID NO/54289/43391),56.580815,-2.747666,625602ee0015000025c60e740004,28.09,7.5,21.0,0.0,96.7,3.7,4
2025-11-17 09:45:15.000591+00:00,70B3D57ED0045541,Hygro#55:41,Hygro,Mains of Carmyllie (LPID NO/54289/43391),56.580815,-2.747666,60b502d00015000025660d020000,26.47,7.2,21.0,0.0,95.74,3.33,0
2025-11-17 10:00:31.905029+00:00,70B3D57ED0045541,Hygro#55:41,Hygro,Mains of Carmyllie (LPID NO/54289/43391),56.580815,-2.747666,604702d00015007d25900daa0001,26.05,7.2,21.0,1.25,96.16,3.5,1
2025-11-17 10:15:50.476068+00:00,70B3D57ED0045541,Hygro#55:41,Hygro,Mains of Carmyllie (LPID NO/54289/43391),56.580815,-2.747666,612902d00015008f25a30de10002,26.92,7.2,21.0,1.43,96.35,3.55,2
2025-11-17 10:31:18.554938+00:00,70B3D57ED0045541,Hygro#55:41,Hygro,Mains of Carmyllie (LPID NO/54289/43391),56.580815,-2.747666,62f802d00015007425b70e150003,28.72,7.2,21.0,1.16,96.55,3.6,3
2025-11-17 10:46:51.629179+00:00,70B3D57ED0045541,Hygro#55:41,Hygro,Mains of Carmyllie (LPID NO/54289/43391),56.580815,-2.747666,63a402d00017004025b20e390004,29.39,7.2,23.0,0.64,96.5,3.64,4
2025-11-17 11:02:33.079129+00:00,70B3D57ED0045541,Hygro#55:41,Hygro,Mains of Carmyllie (LPID NO/54289/43391),56.580815,-2.747666,635f02d00015004b25b50e480005,29.12,7.2,21.0,0.75,96.53,3.66,5
2025-11-17 11:18:02.801967+00:00,70B3D57ED0045541,Hygro#55:41,Hygro,Mains of Carmyllie (LPID NO/54289/43391),56.580815,-2.747666,63a202c60015000025a50e5c0006,29.38,7.1,21.0,0.0,96.37,3.68,6
2025-11-17 11:33:30.172621+00:00,70B3D57ED0045541,Hygro#55:41,Hygro,Mains of Carmyllie (LPID NO/54289/43391),56.580815,-2.747666,613202c600150b1125a00e510007,26.96,7.1,21.0,28.33,96.32,3.67,7
2025-11-19 09:32:40.751412+00:00,70B3D57ED0045541,Hygro#55:41,Hygro,Mains of Carmyllie (LPID NO/54289/43391),56.580815,-2.747666,796a027600150000253509c90000,51.01,6.3,21.0,0.0,95.25,2.5,0
2025-11-19 10:04:57.331926+00:00,70B3D57ED0045541,Hygro#55:41,Hygro,Mains of Carmyllie (LPID NO/54289/43391),56.580815,-2.747666,603c027600140b3b25a90d440001,26.0,6.3,20.0,28.75,96.41,3.4,1
2025-11-19 10:20:16.719949+00:00,70B3D57ED0045541,Hygro#55:41,Hygro,Mains of Carmyllie (LPID NO/54289/43391),56.580815,-2.747666,612b02760015162225c90dd80002,26.93,6.3,21.0,56.66,96.73,3.54,2
2025-11-19 10:36:57.951781+00:00,70B3D57ED0045541,Hygro#55:41,Hygro,Mains of Carmyllie (LPID NO/54289/43391),56.580815,-2.747666,634d02760015003a25ba0e110003,29.05,6.3,21.0,0.58,96.58,3.6,3
2025-11-19 10:52:44.710318+00:00,70B3D57ED0045541,Hygro#55:41,Hygro,Mains of Carmyllie (LPID NO/54289/43391),56.580815,-2.747666,619902760015005725b30e1a0004,27.36,6.3,21.0,0.87,96.51,3.61,4
2025-11-19 11:08:01.514412+00:00,70B3D57ED0045541,Hygro#55:41,Hygro,Mains of Carmyllie (LPID NO/54289/43391),56.580815,-2.747666,624c026c0014005325a80e360005,28.05,6.2,20.0,0.83,96.4,3.64,5
2025-11-19 11:23:46.805849+00:00,70B3D57ED0045541,Hygro#55:41,Hygro,Mains of Carmyllie (LPID NO/54289/43391),56.580815,-2.747666,611f026c0014000025980e360006,26.88,6.2,20.0,0.0,96.24,3.64,6
2025-11-19 11:39:07.231218+00:00,70B3D57ED0045541,Hygro#55:41,Hygro,Mains of Carmyllie (LPID NO/54289/43391),56.580815,-2.747666,6114026c00140068258a0e3b0007,26.84,6.2,20.0,1.04,96.1,3.64,7
2025-11-20 11:09:33.386650+00:00,70B3D57ED0045541,Hygro#55:41,Hygro,Mains of Carmyllie (LPID NO/54289/43391),56.580815,-2.747666,796a023a001400552520097c0000,51.01,5.7,20.0,0.85,95.04,2.43,0
2025-11-21 10:08:37.653284+00:00,70B3D57ED0045541,Hygro#55:41,Hygro,Mains of Carmyllie (LPID NO/54289/43391),56.580815,-2.747666,5ff7021c0014ffe724650c920001,25.74,5.4,20.0,655.11,93.17,3.22,1
2025-11-21 10:23:54.518592+00:00,70B3D57ED0045541,Hygro#55:41,Hygro,Mains of Carmyllie (LPID NO/54289/43391),56.580815,-2.747666,6004021c0014000624a90d520002,25.79,5.4,20.0,0.06,93.85,3.41,2
2025-11-21 10:39:11.323601+00:00,70B3D57ED0045541,Hygro#55:41,Hygro,Mains of Carmyllie (LPID NO/54289/43391),56.580815,-2.747666,60f9021c0015005124cf0e060003,26.74,5.4,21.0,0.81,94.23,3.59,3
2025-11-22 10:23:09.114349+00:00,70B3D57ED0045541,Hygro#55:41,Hygro,Mains of Carmyllie (LPID NO/54289/43391),56.580815,-2.747666,40c9021c0016000025fd0a1f0000,-5.23,5.4,22.0,0.0,97.25,2.59,0
2025-11-22 10:38:53.030499+00:00,70B3D57ED0045541,Hygro#55:41,Hygro,Mains of Carmyllie (LPID NO/54289/43391),56.580815,-2.747666,6055021c0015005b26680cc30001,26.1,5.4,21.0,0.91,98.32,3.27,1
2025-11-22 10:54:33.681789+00:00,70B3D57ED0045541,Hygro#55:41,Hygro,Mains of Carmyllie (LPID NO/54289/43391),56.580815,-2.747666,609c021c00160000268c0d650002,26.38,5.4,22.0,0.0,98.68,3.43,2
2025-11-22 11:09:53.994677+00:00,70B3D57ED0045541,Hygro#55:41,Hygro,Mains of Carmyllie (LPID NO/54289/43391),56.580815,-2.747666,6055021c0014000026910db90003,26.1,5.4,20.0,0.0,98.73,3.51,3
2025-11-24 11:00:47.526654+00:00,70B3D57ED0045541,Hygro#55:41,Hygro,Mains of Carmyllie (LPID NO/54289/43391),56.580815,-2.747666,796a024e001b00002690092b0000,51.01,5.9,27.0,0.0,98.72,2.35,0
2025-11-25 10:30:50.043506+00:00,70B3D57ED0045541,Hygro#55:41,Hygro,Mains of Carmyllie (LPID NO/54289/43391),56.580815,-2.747666,6129023a0018000026360c6b0001,26.92,5.7,24.0,0.0,97.82,3.18,1
2025-11-25 10:47:27.313422+00:00,70B3D57ED0045541,Hygro#55:41,Hygro,Mains of Carmyllie (LPID NO/54289/43391),56.580815,-2.747666,6189023a0017000026660d420002,27.29,5.7,23.0,0.0,98.3,3.39,2
2025-11-25 11:02:47.609741+00:00,70B3D57ED0045541,Hygro#55:41,Hygro,Mains of Carmyllie (LPID NO/54289/43391),56.580815,-2.747666,61a9023a0017000026700db50003,27.42,5.7,23.0,0.0,98.4,3.51,3
2025-11-25 11:18:07.916468+00:00,70B3D57ED0045541,Hygro#55:41,Hygro,Mains of Carmyllie (LPID NO/54289/43391),56.580815,-2.747666,61a8023a0018000026640dcb0004,27.41,5.7,24.0,0.0,98.28,3.53,4
2025-11-30 10:06:01.914568+00:00,70B3D57ED0045541,Hygro#55:41,Hygro,Mains of Carmyllie (LPID NO/54289/43391),56.580815,-2.747666,796a024e0018000025c308ff0000,51.01,5.9,24.0,0.0,96.67,2.3,0
2025-11-30 10:21:19.654845+00:00,70B3D57ED0045541,Hygro#55:41,Hygro,Mains of Carmyllie (LPID NO/54289/43391),56.580815,-2.747666,5e1f0244001800af25f00c360001,23.9,5.8,24.0,1.75,97.12,3.13,1
2025-11-30 10:45:15.965394+00:00,70B3D57ED0045541,Hygro#55:41,Hygro,Mains of Carmyllie (LPID NO/54289/43391),56.580815,-2.747666,5fe9024400170053260f0c5d0000,25.68,5.8,23.0,0.83,97.43,3.17,0
2025-11-30 11:00:32.771107+00:00,70B3D57ED0045541,Hygro#55:41,Hygro,Mains of Carmyllie (LPID NO/54289/43391),56.580815,-2.747666,61730244001700b3262b0d3e0001,27.21,5.8,23.0,1.79,97.71,3.39,1
2025-11-30 11:15:49.583384+00:00,70B3D57ED0045541,Hygro#55:41,Hygro,Mains of Carmyllie (LPID NO/54289/43391),56.580815,-2.747666,61860244001800af25fc0d750002,27.28,5.8,24.0,1.75,97.24,3.44,2
2025-12-08 12:23:43.603899+00:00,70B3D57ED0045541,Hygro#55:41,Hygro,Mains of Carmyllie (LPID NO/54289/43391),56.580815,-2.747666,796a0294002000000000092d0000,51.01,6.6,32.0,0.0,0.0,2.35,0
