timestamp,device_eui,device_name,device_type,site_name,latitude,longitude,payload,soil_moisture,soil_temp,soil_conductivity,air_temp,air_humidity,battery_volt,status
2023-05-04 21:51:54.933350+00:00,70B3D51C20000092,Hygro#00:92,Hygro,Black Burn @ Milton of Conon,56.58248250313473,-2.7031439317435857,66a3033e004202a72710105100cd,32.36,8.3,66.0,6.79,100.0,4.18,205
2023-05-04 23:23:35.969303+00:00,70B3D51C20000092,Hygro#00:92,Hygro,Black Burn @ Milton of Conon,56.58248250313473,-2.7031439317435857,66a403340043029e2710104900d3,32.36,8.2,67.0,6.7,100.0,4.17,211
2023-05-04 23:54:09.649674+00:00,70B3D51C20000092,Hygro#00:92,Hygro,Black Burn @ Milton of Conon,56.58248250313473,-2.7031439317435857,66a2032a004302a52710104b00d5,32.36,8.1,67.0,6.77,100.0,4.17,213
2023-05-05 00:09:26.485331+00:00,70B3D51C20000092,Hygro#00:92,Hygro,Black Burn @ Milton of Conon,56.58248250313473,-2.7031439317435857,66a7032a004302a72710104b00d6,32.38,8.1,67.0,6.79,100.0,4.17,214
2023-05-05 00:24:43.337341+00:00,70B3D51C20000092,Hygro#00:92,Hygro,Black Burn @ Milton of Conon,56.58248250313473,-2.7031439317435857,66a3032a004302902710104900d7,32.36,8.1,67.0,6.56,100.0,4.17,215
2023-05-05 00:40:00.172868+00:00,70B3D51C20000092,Hygro#00:92,Hygro,Black Burn @ Milton of Conon,56.58248250313473,-2.7031439317435857,66a2032a0042028c2710104b00d8,32.36,8.1,66.0,6.52,100.0,4.17,216
2023-05-05 01:10:33.863012+00:00,70B3D51C20000092,Hygro#00:92,Hygro,Black Burn @ Milton of Conon,56.58248250313473,-2.7031439317435857,66a6032a0043029c2710104600da,32.37,8.1,67.0,6.68,100.0,4.17,218
2023-05-05 01:25:50.710195+00:00,70B3D51C20000092,Hygro#00:92,Hygro,Black Burn @ Milton of Conon,56.58248250313473,-2.7031439317435857,66a5032a0043029e2710104600db,32.37,8.1,67.0,6.7,100.0,4.17,219
2023-05-05 01:41:07.549552+00:00,70B3D51C20000092,Hygro#00:92,Hygro,Black Burn @ Milton of Conon,56.58248250313473,-2.7031439317435857,66a1032a0043029c2710104600dc,32.35,8.1,67.0,6.68,100.0,4.17,220
2023-05-05 02:11:41.232051+00:00,70B3D51C20000092,Hygro#00:92,Hygro,Black Burn @ Milton of Conon,56.58248250313473,-2.7031439317435857,66a20320004402a72710104200de,32.36,8.0,68.0,6.79,100.0,4.16,222
2023-05-05 02:26:58.078734+00:00,70B3D51C20000092,Hygro#00:92,Hygro,Black Burn @ Milton of Conon,56.58248250313473,-2.7031439317435857,66a10320004302af2710104600df,32.35,8.0,67.0,6.87,100.0,4.17,223
2023-05-05 02:42:14.915125+00:00,70B3D51C20000092,Hygro#00:92,Hygro,Black Burn @ Milton of Conon,56.58248250313473,-2.7031439317435857,66a40320004202b52710104400e0,32.36,8.0,66.0,6.93,100.0,4.16,224
2023-05-05 03:12:48.591851+00:00,70B3D51C20000092,Hygro#00:92,Hygro,Black Burn @ Milton of Conon,56.58248250313473,-2.7031439317435857,66a00320004202c22710104200e2,32.35,8.0,66.0,7.06,100.0,4.16,226
2023-05-05 03:28:05.444408+00:00,70B3D51C20000092,Hygro#00:92,Hygro,Black Burn @ Milton of Conon,56.58248250313473,-2.7031439317435857,66a10320004202c82710104000e3,32.35,8.0,66.0,7.12,100.0,4.16,227
2023-05-05 03:43:22.288379+00:00,70B3D51C20000092,Hygro#00:92,Hygro,Black Burn @ Milton of Conon,56.58248250313473,-2.7031439317435857,669e0320004202d02710104000e4,32.34,8.0,66.0,7.2,100.0,4.16,228
2023-05-05 04:13:55.970481+00:00,70B3D51C20000092,Hygro#00:92,Hygro,Black Burn @ Milton of Conon,56.58248250313473,-2.7031439317435857,66a40320004202d22710104000e6,32.36,8.0,66.0,7.22,100.0,4.16,230
2023-05-05 04:29:12.818723+00:00,70B3D51C20000092,Hygro#00:92,Hygro,Black Burn @ Milton of Conon,56.58248250313473,-2.7031439317435857,669f0320004202d92710104000e7,32.35,8.0,66.0,7.29,100.0,4.16,231
2023-05-05 05:15:03.328928+00:00,70B3D51C20000092,Hygro#00:92,Hygro,Black Burn @ Milton of Conon,56.58248250313473,-2.7031439317435857,669c0320004202e92710103e00ea,32.33,8.0,66.0,7.45,100.0,4.16,234
2023-05-05 05:30:20.173123+00:00,70B3D51C20000092,Hygro#00:92,Hygro,Black Burn @ Milton of Conon,56.58248250313473,-2.7031439317435857,66a10316004202e72710104000eb,32.35,7.9,66.0,7.43,100.0,4.16,235
2023-05-05 05:45:37.001097+00:00,70B3D51C20000092,Hygro#00:92,Hygro,Black Burn @ Milton of Conon,56.58248250313473,-2.7031439317435857,66a40316004202fe2710103b00ec,32.36,7.9,66.0,7.66,100.0,4.16,236
2023-05-05 06:16:10.681360+00:00,70B3D51C20000092,Hygro#00:92,Hygro,Black Burn @ Milton of Conon,56.58248250313473,-2.7031439317435857,66a20316004203092710103e00ee,32.36,7.9,66.0,7.77,100.0,4.16,238
2023-05-05 07:17:18.043864+00:00,70B3D51C20000092,Hygro#00:92,Hygro,Black Burn @ Milton of Conon,56.58248250313473,-2.7031439317435857,669d0316004203022710103300f2,32.34,7.9,66.0,7.7,100.0,4.15,242
2023-05-05 07:32:34.886477+00:00,70B3D51C20000092,Hygro#00:92,Hygro,Black Burn @ Milton of Conon,56.58248250313473,-2.7031439317435857,669b0316004303002710103900f3,32.33,7.9,67.0,7.68,100.0,4.15,243
2023-05-05 07:47:51.723955+00:00,70B3D51C20000092,Hygro#00:92,Hygro,Black Burn @ Milton of Conon,56.58248250313473,-2.7031439317435857,66970316004202fe2710103500f4,32.31,7.9,66.0,7.66,100.0,4.15,244
2023-05-05 08:03:08.559866+00:00,70B3D51C20000092,Hygro#00:92,Hygro,Black Burn @ Milton of Conon,56.58248250313473,-2.7031439317435857,66970316004202fe2710103900f5,32.31,7.9,66.0,7.66,100.0,4.15,245
2023-05-05 08:18:25.407469+00:00,70B3D51C20000092,Hygro#00:92,Hygro,Black Burn @ Milton of Conon,56.58248250313473,-2.7031439317435857,66950316004302fc2710103700f6,32.31,7.9,67.0,7.64,100.0,4.15,246
2023-05-05 08:33:42.250290+00:00,70B3D51C20000092,Hygro#00:92,Hygro,Black Burn @ Milton of Conon,56.58248250313473,-2.7031439317435857,669a0316004202fe2710103500f7,32.33,7.9,66.0,7.66,100.0,4.15,247
2023-05-05 08:48:59.077642+00:00,70B3D51C20000092,Hygro#00:92,Hygro,Black Burn @ Milton of Conon,56.58248250313473,-2.7031439317435857,698f0316004b03042710103300f8,35.26,7.9,75.0,7.72,100.0,4.15,248
2023-05-05 09:04:15.909967+00:00,70B3D51C20000092,Hygro#00:92,Hygro,Black Burn @ Milton of Conon,56.58248250313473,-2.7031439317435857,6aa30316005003132710103500f9,36.33,7.9,80.0,7.87,100.0,4.15,249
2023-05-05 09:19:32.751601+00:00,70B3D51C20000092,Hygro#00:92,Hygro,Black Burn @ Milton of Conon,56.58248250313473,-2.7031439317435857,6b4c0316005503092710103700fa,36.99,7.9,85.0,7.77,100.0,4.15,250
2023-05-05 10:05:23.266299+00:00,70B3D51C20000092,Hygro#00:92,Hygro,Black Burn @ Milton of Conon,56.58248250313473,-2.7031439317435857,6afe0316005403192710103300fd,36.69,7.9,84.0,7.93,100.0,4.15,253
2023-05-05 10:20:40.101511+00:00,70B3D51C20000092,Hygro#00:92,Hygro,Black Burn @ Milton of Conon,56.58248250313473,-2.7031439317435857,6ac30316005303132710103000fe,36.46,7.9,83.0,7.87,100.0,4.14,254
2023-05-05 10:35:56.948855+00:00,70B3D51C20000092,Hygro#00:92,Hygro,Black Burn @ Milton of Conon,56.58248250313473,-2.7031439317435857,6aac0316005303172710103300ff,36.37,7.9,83.0,7.91,100.0,4.15,255
2023-05-05 10:51:13.790508+00:00,70B3D51C20000092,Hygro#00:92,Hygro,Black Burn @ Milton of Conon,56.58248250313473,-2.7031439317435857,6a8f03160053032c271010330000,36.26,7.9,83.0,8.12,100.0,4.15,0
2023-05-05 11:06:30.629197+00:00,70B3D51C20000092,Hygro#00:92,Hygro,Black Burn @ Milton of Conon,56.58248250313473,-2.7031439317435857,6a7203160053032c271010330001,36.14,7.9,83.0,8.12,100.0,4.15,1
2023-05-05 11:21:47.488299+00:00,70B3D51C20000092,Hygro#00:92,Hygro,Black Burn @ Milton of Conon,56.58248250313473,-2.7031439317435857,6a54031600520326271010300002,36.03,7.9,82.0,8.06,100.0,4.14,2
2023-05-05 11:37:04.320042+00:00,70B3D51C20000092,Hygro#00:92,Hygro,Black Burn @ Milton of Conon,56.58248250313473,-2.7031439317435857,6a4e03160052032c271010300003,36.0,7.9,82.0,8.12,100.0,4.14,3
2023-05-05 12:07:38.017346+00:00,70B3D51C20000092,Hygro#00:92,Hygro,Black Burn @ Milton of Conon,56.58248250313473,-2.7031439317435857,6a280316005103392710102e0005,35.86,7.9,81.0,8.25,100.0,4.14,5
2023-05-05 12:22:54.845324+00:00,70B3D51C20000092,Hygro#00:92,Hygro,Black Burn @ Milton of Conon,56.58248250313473,-2.7031439317435857,6a17031600510343271010330006,35.79,7.9,81.0,8.35,100.0,4.15,6
2023-05-05 12:38:11.696646+00:00,70B3D51C20000092,Hygro#00:92,Hygro,Black Burn @ Milton of Conon,56.58248250313473,-2.7031439317435857,6a0b0316005103562710102e0007,35.74,7.9,81.0,8.54,100.0,4.14,7
2023-05-05 13:08:45.378136+00:00,70B3D51C20000092,Hygro#00:92,Hygro,Black Burn @ Milton of Conon,56.58248250313473,-2.7031439317435857,69f40316005103522710102c0009,35.65,7.9,81.0,8.5,100.0,4.14,9
2023-05-05 13:24:02.236972+00:00,70B3D51C20000092,Hygro#00:92,Hygro,Black Burn @ Milton of Conon,56.58248250313473,-2.7031439317435857,69f10316005103712710102a000a,35.64,7.9,81.0,8.81,100.0,4.14,10
2023-05-05 13:54:35.907360+00:00,70B3D51C20000092,Hygro#00:92,Hygro,Black Burn @ Milton of Conon,56.58248250313473,-2.7031439317435857,69da03200051036b2710102a000c,35.55,8.0,81.0,8.75,100.0,4.14,12
2023-05-05 14:09:52.772328+00:00,70B3D51C20000092,Hygro#00:92,Hygro,Black Burn @ Milton of Conon,56.58248250313473,-2.7031439317435857,69cf03200050036d2710102e000d,35.51,8.0,80.0,8.77,100.0,4.14,13
2023-05-05 14:25:09.603387+00:00,70B3D51C20000092,Hygro#00:92,Hygro,Black Burn @ Milton of Conon,56.58248250313473,-2.7031439317435857,69cc03200050036827101028000e,35.5,8.0,80.0,8.72,100.0,4.14,14
2023-05-05 14:40:26.447983+00:00,70B3D51C20000092,Hygro#00:92,Hygro,Black Burn @ Milton of Conon,56.58248250313473,-2.7031439317435857,69bc03200050037f2710102a000f,35.44,8.0,80.0,8.95,100.0,4.14,15
2023-05-05 14:55:43.308533+00:00,70B3D51C20000092,Hygro#00:92,Hygro,Black Burn @ Milton of Conon,56.58248250313473,-2.7031439317435857,69bf0320004f03772710102a0010,35.45,8.0,79.0,8.87,100.0,4.14,16
2023-05-05 15:26:16.994008+00:00,70B3D51C20000092,Hygro#00:92,Hygro,Black Burn @ Milton of Conon,56.58248250313473,-2.7031439317435857,69b003200050037d271010280012,35.39,8.0,80.0,8.93,100.0,4.14,18
2023-05-05 15:56:50.682970+00:00,70B3D51C20000092,Hygro#00:92,Hygro,Black Burn @ Milton of Conon,56.58248250313473,-2.7031439317435857,699f0320004f036b2710102a0014,35.32,8.0,79.0,8.75,100.0,4.14,20
2023-05-05 16:12:07.531913+00:00,70B3D51C20000092,Hygro#00:92,Hygro,Black Burn @ Milton of Conon,56.58248250313473,-2.7031439317435857,69a20320004f0362271010280015,35.34,8.0,79.0,8.66,100.0,4.14,21
2023-05-05 16:27:24.377421+00:00,70B3D51C20000092,Hygro#00:92,Hygro,Black Burn @ Milton of Conon,56.58248250313473,-2.7031439317435857,69950320004f03562710102a0016,35.29,8.0,79.0,8.54,100.0,4.14,22
2023-05-05 16:42:41.219300+00:00,70B3D51C20000092,Hygro#00:92,Hygro,Black Burn @ Milton of Conon,56.58248250313473,-2.7031439317435857,698f03200050033f271010250017,35.26,8.0,80.0,8.31,100.0,4.13,23
2023-05-05 17:13:14.914589+00:00,70B3D51C20000092,Hygro#00:92,Hygro,Black Burn @ Milton of Conon,56.58248250313473,-2.7031439317435857,69880320004f033f271010280019,35.24,8.0,79.0,8.31,100.0,4.14,25
2023-05-05 17:28:31.762979+00:00,70B3D51C20000092,Hygro#00:92,Hygro,Black Burn @ Milton of Conon,56.58248250313473,-2.7031439317435857,6990032a004f033d27101023001a,35.27,8.1,79.0,8.29,100.0,4.13,26
2023-05-05 17:43:48.625796+00:00,70B3D51C20000092,Hygro#00:92,Hygro,Black Burn @ Milton of Conon,56.58248250313473,-2.7031439317435857,6982032a004f033227101021001b,35.21,8.1,79.0,8.18,100.0,4.13,27
2023-05-05 17:59:05.466420+00:00,70B3D51C20000092,Hygro#00:92,Hygro,Black Burn @ Milton of Conon,56.58248250313473,-2.7031439317435857,6973032a004f032c27101021001c,35.15,8.1,79.0,8.12,100.0,4.13,28
2023-05-05 18:14:22.312412+00:00,70B3D51C20000092,Hygro#00:92,Hygro,Black Burn @ Milton of Conon,56.58248250313473,-2.7031439317435857,6979032a004f032627101025001d,35.18,8.1,79.0,8.06,100.0,4.13,29
2023-05-05 18:29:39.158163+00:00,70B3D51C20000092,Hygro#00:92,Hygro,Black Burn @ Milton of Conon,56.58248250313473,-2.7031439317435857,6973032a004e032827101023001e,35.15,8.1,78.0,8.08,100.0,4.13,30
2023-05-05 18:44:56.022061+00:00,70B3D51C20000092,Hygro#00:92,Hygro,Black Burn @ Milton of Conon,56.58248250313473,-2.7031439317435857,6973032a004e032627101021001f,35.15,8.1,78.0,8.06,100.0,4.13,31
2023-05-05 19:00:12.860880+00:00,70B3D51C20000092,Hygro#00:92,Hygro,Black Burn @ Milton of Conon,56.58248250313473,-2.7031439317435857,696e032a004f0324271010210020,35.13,8.1,79.0,8.04,100.0,4.13,32
2023-05-05 19:30:46.558585+00:00,70B3D51C20000092,Hygro#00:92,Hygro,Black Burn @ Milton of Conon,56.58248250313473,-2.7031439317435857,6963032a004f03192710101f0022,35.09,8.1,79.0,7.93,100.0,4.13,34
2023-05-05 19:46:03.409406+00:00,70B3D51C20000092,Hygro#00:92,Hygro,Black Burn @ Milton of Conon,56.58248250313473,-2.7031439317435857,6959032a004f03132710101f0023,35.05,8.1,79.0,7.87,100.0,4.13,35
2023-05-05 20:01:20.261735+00:00,70B3D51C20000092,Hygro#00:92,Hygro,Black Burn @ Milton of Conon,56.58248250313473,-2.7031439317435857,6959032a004f03132710101f0024,35.05,8.1,79.0,7.87,100.0,4.13,36
2023-05-05 20:16:37.105539+00:00,70B3D51C20000092,Hygro#00:92,Hygro,Black Burn @ Milton of Conon,56.58248250313473,-2.7031439317435857,694f032a004e03132710101f0025,35.01,8.1,78.0,7.87,100.0,4.13,37
2023-05-05 20:31:53.954648+00:00,70B3D51C20000092,Hygro#00:92,Hygro,Black Burn @ Milton of Conon,56.58248250313473,-2.7031439317435857,6951032a004e03112710101f0026,35.02,8.1,78.0,7.85,100.0,4.13,38
2023-05-05 20:47:10.809015+00:00,70B3D51C20000092,Hygro#00:92,Hygro,Black Burn @ Milton of Conon,56.58248250313473,-2.7031439317435857,694b032a004e030d2710101f0027,35.0,8.1,78.0,7.81,100.0,4.13,39
2023-05-05 21:02:27.651023+00:00,70B3D51C20000092,Hygro#00:92,Hygro,Black Burn @ Milton of Conon,56.58248250313473,-2.7031439317435857,6950032a004e030d2710101f0028,35.02,8.1,78.0,7.81,100.0,4.13,40
2023-05-05 21:17:44.488793+00:00,70B3D51C20000092,Hygro#00:92,Hygro,Black Burn @ Milton of Conon,56.58248250313473,-2.7031439317435857,6946032a004d030d2710101f0029,34.98,8.1,77.0,7.81,100.0,4.13,41
2023-05-05 21:33:01.336959+00:00,70B3D51C20000092,Hygro#00:92,Hygro,Black Burn @ Milton of Conon,56.58248250313473,-2.7031439317435857,6943032a004e030f2710101f002a,34.97,8.1,78.0,7.83,100.0,4.13,42
2023-05-05 21:48:18.185383+00:00,70B3D51C20000092,Hygro#00:92,Hygro,Black Burn @ Milton of Conon,56.58248250313473,-2.7031439317435857,693d032a004e030b2710101d002b,34.94,8.1,78.0,7.79,100.0,4.12,43
2023-05-05 22:03:35.030091+00:00,70B3D51C20000092,Hygro#00:92,Hygro,Black Burn @ Milton of Conon,56.58248250313473,-2.7031439317435857,6938032a004e030d2710101a002c,34.92,8.1,78.0,7.81,100.0,4.12,44
2023-05-05 22:18:51.874702+00:00,70B3D51C20000092,Hygro#00:92,Hygro,Black Burn @ Milton of Conon,56.58248250313473,-2.7031439317435857,6940032a004d030b2710101f002d,34.96,8.1,77.0,7.79,100.0,4.13,45
2023-05-05 22:34:08.719141+00:00,70B3D51C20000092,Hygro#00:92,Hygro,Black Burn @ Milton of Conon,56.58248250313473,-2.7031439317435857,693c032a004e030d2710101a002e,34.94,8.1,78.0,7.81,100.0,4.12,46
2023-05-05 23:04:42.423484+00:00,70B3D51C20000092,Hygro#00:92,Hygro,Black Burn @ Milton of Conon,56.58248250313473,-2.7031439317435857,692d032a004d03072710101d0030,34.88,8.1,77.0,7.75,100.0,4.12,48
2023-05-05 23:19:59.256960+00:00,70B3D51C20000092,Hygro#00:92,Hygro,Black Burn @ Milton of Conon,56.58248250313473,-2.7031439317435857,692b032a004e02fe271010180031,34.87,8.1,78.0,7.66,100.0,4.12,49
2023-05-05 23:35:16.106771+00:00,70B3D51C20000092,Hygro#00:92,Hygro,Black Burn @ Milton of Conon,56.58248250313473,-2.7031439317435857,6926032a004e02fa2710101a0032,34.85,8.1,78.0,7.62,100.0,4.12,50
2023-05-05 23:50:32.942291+00:00,70B3D51C20000092,Hygro#00:92,Hygro,Black Burn @ Milton of Conon,56.58248250313473,-2.7031439317435857,6922032a004e02fc271010180033,34.84,8.1,78.0,7.64,100.0,4.12,51
2023-05-06 00:05:49.790072+00:00,70B3D51C20000092,Hygro#00:92,Hygro,Black Burn @ Milton of Conon,56.58248250313473,-2.7031439317435857,6929032a004e02fc2710101a0034,34.87,8.1,78.0,7.64,100.0,4.12,52
2023-05-06 00:36:23.490428+00:00,70B3D51C20000092,Hygro#00:92,Hygro,Black Burn @ Milton of Conon,56.58248250313473,-2.7031439317435857,691f032a004e0300271010160036,34.83,8.1,78.0,7.68,100.0,4.12,54
2023-05-06 00:51:40.333699+00:00,70B3D51C20000092,Hygro#00:92,Hygro,Black Burn @ Milton of Conon,56.58248250313473,-2.7031439317435857,691e032a004e0300271010140037,34.82,8.1,78.0,7.68,100.0,4.12,55
2023-05-06 01:22:14.014820+00:00,70B3D51C20000092,Hygro#00:92,Hygro,Black Burn @ Milton of Conon,56.58248250313473,-2.7031439317435857,691c032a004d0300271010140039,34.82,8.1,77.0,7.68,100.0,4.12,57
2023-05-06 01:37:30.865569+00:00,70B3D51C20000092,Hygro#00:92,Hygro,Black Burn @ Milton of Conon,56.58248250313473,-2.7031439317435857,691a032a004d030727101014003a,34.81,8.1,77.0,7.75,100.0,4.12,58
2023-05-06 01:52:47.703420+00:00,70B3D51C20000092,Hygro#00:92,Hygro,Black Burn @ Milton of Conon,56.58248250313473,-2.7031439317435857,6917032a004d030727101018003b,34.8,8.1,77.0,7.75,100.0,4.12,59
2023-05-06 02:08:04.555395+00:00,70B3D51C20000092,Hygro#00:92,Hygro,Black Burn @ Milton of Conon,56.58248250313473,-2.7031439317435857,6910032a004d030427101016003c,34.77,8.1,77.0,7.72,100.0,4.12,60
2023-05-06 02:23:21.402735+00:00,70B3D51C20000092,Hygro#00:92,Hygro,Black Burn @ Milton of Conon,56.58248250313473,-2.7031439317435857,6913032a004d030227101018003d,34.78,8.1,77.0,7.7,100.0,4.12,61
2023-05-06 02:38:38.252683+00:00,70B3D51C20000092,Hygro#00:92,Hygro,Black Burn @ Milton of Conon,56.58248250313473,-2.7031439317435857,6913032a004d030027101012003e,34.78,8.1,77.0,7.68,100.0,4.11,62
2023-05-06 02:53:55.091060+00:00,70B3D51C20000092,Hygro#00:92,Hygro,Black Burn @ Milton of Conon,56.58248250313473,-2.7031439317435857,690e0320004d02f62710100f003f,34.76,8.0,77.0,7.58,100.0,4.11,63
2023-05-06 03:09:11.941646+00:00,70B3D51C20000092,Hygro#00:92,Hygro,Black Burn @ Milton of Conon,56.58248250313473,-2.7031439317435857,69130320004d02f2271010140040,34.78,8.0,77.0,7.54,100.0,4.12,64
2023-05-06 03:24:28.776295+00:00,70B3D51C20000092,Hygro#00:92,Hygro,Black Burn @ Milton of Conon,56.58248250313473,-2.7031439317435857,69040320004d02ee2710100f0041,34.72,8.0,77.0,7.5,100.0,4.11,65
2023-05-06 03:39:45.617379+00:00,70B3D51C20000092,Hygro#00:92,Hygro,Black Burn @ Milton of Conon,56.58248250313473,-2.7031439317435857,69080320004d02ee271010120042,34.74,8.0,77.0,7.5,100.0,4.11,66
2023-05-06 03:55:02.452336+00:00,70B3D51C20000092,Hygro#00:92,Hygro,Black Burn @ Milton of Conon,56.58248250313473,-2.7031439317435857,69050320004d02f42710100f0043,34.73,8.0,77.0,7.56,100.0,4.11,67
2023-05-06 04:10:19.307898+00:00,70B3D51C20000092,Hygro#00:92,Hygro,Black Burn @ Milton of Conon,56.58248250313473,-2.7031439317435857,69000320004d02f0271010140044,34.71,8.0,77.0,7.52,100.0,4.12,68
2023-05-06 04:25:36.153168+00:00,70B3D51C20000092,Hygro#00:92,Hygro,Black Burn @ Milton of Conon,56.58248250313473,-2.7031439317435857,690b0320004d02f2271010120045,34.75,8.0,77.0,7.54,100.0,4.11,69
2023-05-06 05:26:43.532310+00:00,70B3D51C20000092,Hygro#00:92,Hygro,Black Burn @ Milton of Conon,56.58248250313473,-2.7031439317435857,68f90320004d03112710100b0049,34.68,8.0,77.0,7.85,100.0,4.11,73
2023-05-06 05:57:17.227182+00:00,70B3D51C20000092,Hygro#00:92,Hygro,Black Burn @ Milton of Conon,56.58248250313473,-2.7031439317435857,68fd0320004d031b2710100d004b,34.7,8.0,77.0,7.95,100.0,4.11,75
2023-05-06 06:12:34.064618+00:00,70B3D51C20000092,Hygro#00:92,Hygro,Black Burn @ Milton of Conon,56.58248250313473,-2.7031439317435857,68f10320004d033027101007004c,34.65,8.0,77.0,8.16,100.0,4.1,76
2023-05-06 06:27:50.909313+00:00,70B3D51C20000092,Hygro#00:92,Hygro,Black Burn @ Milton of Conon,56.58248250313473,-2.7031439317435857,68f80320004d033227101009004d,34.68,8.0,77.0,8.18,100.0,4.11,77
2023-05-06 06:43:07.747757+00:00,70B3D51C20000092,Hygro#00:92,Hygro,Black Burn @ Milton of Conon,56.58248250313473,-2.7031439317435857,68ee0320004d033b27101009004e,34.64,8.0,77.0,8.27,100.0,4.11,78
2023-05-06 06:58:24.602582+00:00,70B3D51C20000092,Hygro#00:92,Hygro,Black Burn @ Milton of Conon,56.58248250313473,-2.7031439317435857,68ea0320004c033f2710100b004f,34.62,8.0,76.0,8.31,100.0,4.11,79
2023-05-06 07:13:41.445497+00:00,70B3D51C20000092,Hygro#00:92,Hygro,Black Burn @ Milton of Conon,56.58248250313473,-2.7031439317435857,68eb0320004d0345271010090050,34.63,8.0,77.0,8.37,100.0,4.11,80
2023-05-06 07:28:58.289483+00:00,70B3D51C20000092,Hygro#00:92,Hygro,Black Burn @ Milton of Conon,56.58248250313473,-2.7031439317435857,68eb0320004d0354271010070051,34.63,8.0,77.0,8.52,100.0,4.1,81
2023-05-06 07:44:15.124923+00:00,70B3D51C20000092,Hygro#00:92,Hygro,Black Burn @ Milton of Conon,56.58248250313473,-2.7031439317435857,68ea0320004d0364271010070052,34.62,8.0,77.0,8.68,100.0,4.1,82
2023-05-06 07:59:31.970817+00:00,70B3D51C20000092,Hygro#00:92,Hygro,Black Burn @ Milton of Conon,56.58248250313473,-2.7031439317435857,68e80320004d03712710100d0053,34.61,8.0,77.0,8.81,100.0,4.11,83
2023-05-06 08:14:48.816720+00:00,70B3D51C20000092,Hygro#00:92,Hygro,Black Burn @ Milton of Conon,56.58248250313473,-2.7031439317435857,68e90320004d0379271010090054,34.62,8.0,77.0,8.89,100.0,4.11,84
2023-05-06 08:30:05.692033+00:00,70B3D51C20000092,Hygro#00:92,Hygro,Black Burn @ Milton of Conon,56.58248250313473,-2.7031439317435857,68df0320004d0384271010040055,34.58,8.0,77.0,9.0,100.0,4.1,85
2023-05-06 08:45:22.506831+00:00,70B3D51C20000092,Hygro#00:92,Hygro,Black Burn @ Milton of Conon,56.58248250313473,-2.7031439317435857,68e90320004d038e271010090056,34.62,8.0,77.0,9.1,100.0,4.11,86
2023-05-06 09:00:39.348291+00:00,70B3D51C20000092,Hygro#00:92,Hygro,Black Burn @ Milton of Conon,56.58248250313473,-2.7031439317435857,68dd0320004d0384271010090057,34.57,8.0,77.0,9.0,100.0,4.11,87
2023-05-06 09:15:56.198057+00:00,70B3D51C20000092,Hygro#00:92,Hygro,Black Burn @ Milton of Conon,56.58248250313473,-2.7031439317435857,68de0320004d039f271010070058,34.58,8.0,77.0,9.27,100.0,4.1,88
2023-05-06 09:31:13.034678+00:00,70B3D51C20000092,Hygro#00:92,Hygro,Black Burn @ Milton of Conon,56.58248250313473,-2.7031439317435857,68e30320004d039a271010040059,34.6,8.0,77.0,9.22,100.0,4.1,89
2023-05-06 09:46:29.883242+00:00,70B3D51C20000092,Hygro#00:92,Hygro,Black Burn @ Milton of Conon,56.58248250313473,-2.7031439317435857,68e50320004c03ab27101007005a,34.6,8.0,76.0,9.39,100.0,4.1,90
2023-05-06 10:01:46.711141+00:00,70B3D51C20000092,Hygro#00:92,Hygro,Black Burn @ Milton of Conon,56.58248250313473,-2.7031439317435857,68d90320004d03c827101007005b,34.56,8.0,77.0,9.68,100.0,4.1,91
2023-05-06 10:17:03.571553+00:00,70B3D51C20000092,Hygro#00:92,Hygro,Black Burn @ Milton of Conon,56.58248250313473,-2.7031439317435857,68de0320004d03bc27101004005c,34.58,8.0,77.0,9.56,100.0,4.1,92
2023-05-06 10:32:20.393626+00:00,70B3D51C20000092,Hygro#00:92,Hygro,Black Burn @ Milton of Conon,56.58248250313473,-2.7031439317435857,68d80323004d03a327101007005d,34.55,8.03,77.0,9.31,100.0,4.1,93
2023-05-06 10:47:37.255217+00:00,70B3D51C20000092,Hygro#00:92,Hygro,Black Burn @ Milton of Conon,56.58248250313473,-2.7031439317435857,68d9032a004c03b127101002005e,34.56,8.1,76.0,9.45,100.0,4.1,94
2023-05-06 11:02:54.093294+00:00,70B3D51C20000092,Hygro#00:92,Hygro,Black Burn @ Milton of Conon,56.58248250313473,-2.7031439317435857,68d7032a004c03cf27101009005f,34.55,8.1,76.0,9.75,100.0,4.11,95
2023-05-06 11:18:10.938104+00:00,70B3D51C20000092,Hygro#00:92,Hygro,Black Burn @ Milton of Conon,56.58248250313473,-2.7031439317435857,68cf032a004c03ba2710100d0060,34.52,8.1,76.0,9.54,100.0,4.11,96
2023-05-06 11:33:27.794019+00:00,70B3D51C20000092,Hygro#00:92,Hygro,Black Burn @ Milton of Conon,56.58248250313473,-2.7031439317435857,68d8032a004d03bc2710100b0061,34.55,8.1,77.0,9.56,100.0,4.11,97
2023-05-06 11:48:44.653221+00:00,70B3D51C20000092,Hygro#00:92,Hygro,Black Burn @ Milton of Conon,56.58248250313473,-2.7031439317435857,68d1032a004c03be271010090062,34.53,8.1,76.0,9.58,100.0,4.11,98
2023-05-06 12:04:01.484036+00:00,70B3D51C20000092,Hygro#00:92,Hygro,Black Burn @ Milton of Conon,56.58248250313473,-2.7031439317435857,68cf032a004c03bc2710100b0063,34.52,8.1,76.0,9.56,100.0,4.11,99
2023-05-06 12:19:18.342165+00:00,70B3D51C20000092,Hygro#00:92,Hygro,Black Burn @ Milton of Conon,56.58248250313473,-2.7031439317435857,68ce032a004d03ab2710100f0064,34.51,8.1,77.0,9.39,100.0,4.11,100
2023-05-06 12:34:35.186247+00:00,70B3D51C20000092,Hygro#00:92,Hygro,Black Burn @ Milton of Conon,56.58248250313473,-2.7031439317435857,68cb032a004c03af2710100f0065,34.5,8.1,76.0,9.43,100.0,4.11,101
2023-05-06 12:49:52.052000+00:00,70B3D51C20000092,Hygro#00:92,Hygro,Black Burn @ Milton of Conon,56.58248250313473,-2.7031439317435857,68c7032a004d03d7271010120066,34.49,8.1,77.0,9.83,100.0,4.11,102
2023-05-06 13:05:08.893202+00:00,70B3D51C20000092,Hygro#00:92,Hygro,Black Burn @ Milton of Conon,56.58248250313473,-2.7031439317435857,68cb032a004d03ba271010140067,34.5,8.1,77.0,9.54,100.0,4.12,103
2023-05-06 13:20:25.755102+00:00,70B3D51C20000092,Hygro#00:92,Hygro,Black Burn @ Milton of Conon,56.58248250313473,-2.7031439317435857,68ce0334004b03cf271010140068,34.51,8.2,75.0,9.75,100.0,4.12,104
2023-05-06 13:35:42.604057+00:00,70B3D51C20000092,Hygro#00:92,Hygro,Black Burn @ Milton of Conon,56.58248250313473,-2.7031439317435857,68be0334004c03c8271010120069,34.45,8.2,76.0,9.68,100.0,4.11,105
2023-05-06 13:50:59.450668+00:00,70B3D51C20000092,Hygro#00:92,Hygro,Black Burn @ Milton of Conon,56.58248250313473,-2.7031439317435857,68cc0334004c03b627101016006a,34.51,8.2,76.0,9.5,100.0,4.12,106
2023-05-06 14:06:16.310003+00:00,70B3D51C20000092,Hygro#00:92,Hygro,Black Burn @ Milton of Conon,56.58248250313473,-2.7031439317435857,68c50334004c03a927101016006b,34.48,8.2,76.0,9.37,100.0,4.12,107
2023-05-06 14:21:33.170625+00:00,70B3D51C20000092,Hygro#00:92,Hygro,Black Burn @ Milton of Conon,56.58248250313473,-2.7031439317435857,68bd0334004c03a527101014006c,34.45,8.2,76.0,9.33,100.0,4.12,108
2023-05-06 14:36:50.027137+00:00,70B3D51C20000092,Hygro#00:92,Hygro,Black Burn @ Milton of Conon,56.58248250313473,-2.7031439317435857,68bd0334004c039d27101014006d,34.45,8.2,76.0,9.25,100.0,4.12,109
2023-05-06 14:52:06.889793+00:00,70B3D51C20000092,Hygro#00:92,Hygro,Black Burn @ Milton of Conon,56.58248250313473,-2.7031439317435857,68be0334004c038827101016006e,34.45,8.2,76.0,9.04,100.0,4.12,110
2023-05-06 15:07:23.721014+00:00,70B3D51C20000092,Hygro#00:92,Hygro,Black Burn @ Milton of Conon,56.58248250313473,-2.7031439317435857,68bb033e004c038e27101016006f,34.44,8.3,76.0,9.1,100.0,4.12,111
2023-05-06 15:22:40.576326+00:00,70B3D51C20000092,Hygro#00:92,Hygro,Black Burn @ Milton of Conon,56.58248250313473,-2.7031439317435857,68b8033e004c0398271010180070,34.43,8.3,76.0,9.2,100.0,4.12,112
2023-05-06 15:37:57.455098+00:00,70B3D51C20000092,Hygro#00:92,Hygro,Black Burn @ Milton of Conon,56.58248250313473,-2.7031439317435857,68b9033e004d038a271010160071,34.43,8.3,77.0,9.06,100.0,4.12,113
2023-05-06 15:53:14.309034+00:00,70B3D51C20000092,Hygro#00:92,Hygro,Black Burn @ Milton of Conon,56.58248250313473,-2.7031439317435857,68b4033e004c0364271010160072,34.41,8.3,76.0,8.68,100.0,4.12,114
2023-05-06 16:08:31.167524+00:00,70B3D51C20000092,Hygro#00:92,Hygro,Black Burn @ Milton of Conon,56.58248250313473,-2.7031439317435857,68b0033e004c035e271010180073,34.4,8.3,76.0,8.62,100.0,4.12,115
2023-05-06 16:23:48.035387+00:00,70B3D51C20000092,Hygro#00:92,Hygro,Black Burn @ Milton of Conon,56.58248250313473,-2.7031439317435857,68af033e004d0364271010180074,34.39,8.3,77.0,8.68,100.0,4.12,116
2023-05-06 16:39:04.891273+00:00,70B3D51C20000092,Hygro#00:92,Hygro,Black Burn @ Milton of Conon,56.58248250313473,-2.7031439317435857,68b2033e004c035c271010160075,34.4,8.3,76.0,8.6,100.0,4.12,117
2023-05-06 16:54:21.738556+00:00,70B3D51C20000092,Hygro#00:92,Hygro,Black Burn @ Milton of Conon,56.58248250313473,-2.7031439317435857,68a6033e004c034b271010160076,34.36,8.3,76.0,8.43,100.0,4.12,118
2023-05-06 17:09:38.594686+00:00,70B3D51C20000092,Hygro#00:92,Hygro,Black Burn @ Milton of Conon,56.58248250313473,-2.7031439317435857,68a5033e004c034b271010140077,34.35,8.3,76.0,8.43,100.0,4.12,119
2023-05-06 17:24:55.457760+00:00,70B3D51C20000092,Hygro#00:92,Hygro,Black Burn @ Milton of Conon,56.58248250313473,-2.7031439317435857,68af0347004c0345271010120078,34.39,8.39,76.0,8.37,100.0,4.11,120
2023-05-06 17:40:12.315456+00:00,70B3D51C20000092,Hygro#00:92,Hygro,Black Burn @ Milton of Conon,56.58248250313473,-2.7031439317435857,68a50347004c034b271010140079,34.35,8.39,76.0,8.43,100.0,4.12,121
2023-05-06 17:55:29.181765+00:00,70B3D51C20000092,Hygro#00:92,Hygro,Black Burn @ Milton of Conon,56.58248250313473,-2.7031439317435857,68a60347004c03412710100f007a,34.36,8.39,76.0,8.33,100.0,4.11,122
2023-05-06 18:10:46.031652+00:00,70B3D51C20000092,Hygro#00:92,Hygro,Black Burn @ Milton of Conon,56.58248250313473,-2.7031439317435857,68ab0347004d033027101012007b,34.38,8.39,77.0,8.16,100.0,4.11,123
2023-05-06 18:26:02.894911+00:00,70B3D51C20000092,Hygro#00:92,Hygro,Black Burn @ Milton of Conon,56.58248250313473,-2.7031439317435857,68ac0347004c033027101014007c,34.38,8.39,76.0,8.16,100.0,4.12,124
2023-05-06 18:41:19.746035+00:00,70B3D51C20000092,Hygro#00:92,Hygro,Black Burn @ Milton of Conon,56.58248250313473,-2.7031439317435857,689f0347004c032e27101012007d,34.33,8.39,76.0,8.14,100.0,4.11,125
2023-05-06 18:56:36.605749+00:00,70B3D51C20000092,Hygro#00:92,Hygro,Black Burn @ Milton of Conon,56.58248250313473,-2.7031439317435857,68a40347004c032827101012007e,34.35,8.39,76.0,8.08,100.0,4.11,126
2023-05-06 19:11:53.447259+00:00,70B3D51C20000092,Hygro#00:92,Hygro,Black Burn @ Milton of Conon,56.58248250313473,-2.7031439317435857,68a40347004c032827101012007f,34.35,8.39,76.0,8.08,100.0,4.11,127
2023-05-06 19:27:10.303760+00:00,70B3D51C20000092,Hygro#00:92,Hygro,Black Burn @ Milton of Conon,56.58248250313473,-2.7031439317435857,689b0347004c03282710100f0080,34.32,8.39,76.0,8.08,100.0,4.11,128
2023-05-06 19:42:27.144480+00:00,70B3D51C20000092,Hygro#00:92,Hygro,Black Burn @ Milton of Conon,56.58248250313473,-2.7031439317435857,68a40347004c0320271010120081,34.35,8.39,76.0,8.0,100.0,4.11,129
2023-05-06 19:57:43.990242+00:00,70B3D51C20000092,Hygro#00:92,Hygro,Black Burn @ Milton of Conon,56.58248250313473,-2.7031439317435857,68970347004c03132710100f0082,34.3,8.39,76.0,7.87,100.0,4.11,130
2023-05-06 20:13:00.844980+00:00,70B3D51C20000092,Hygro#00:92,Hygro,Black Burn @ Milton of Conon,56.58248250313473,-2.7031439317435857,68a20347004c03132710100f0083,34.34,8.39,76.0,7.87,100.0,4.11,131
2023-05-06 20:28:17.692579+00:00,70B3D51C20000092,Hygro#00:92,Hygro,Black Burn @ Milton of Conon,56.58248250313473,-2.7031439317435857,689c0347004c0313271010120084,34.32,8.39,76.0,7.87,100.0,4.11,132
2023-05-06 20:43:34.528302+00:00,70B3D51C20000092,Hygro#00:92,Hygro,Black Burn @ Milton of Conon,56.58248250313473,-2.7031439317435857,68950347004c030f2710100d0085,34.29,8.39,76.0,7.83,100.0,4.11,133
2023-05-06 20:58:51.380332+00:00,70B3D51C20000092,Hygro#00:92,Hygro,Black Burn @ Milton of Conon,56.58248250313473,-2.7031439317435857,68960347004c030d2710100b0086,34.3,8.39,76.0,7.81,100.0,4.11,134
2023-05-06 21:14:08.220923+00:00,70B3D51C20000092,Hygro#00:92,Hygro,Black Burn @ Milton of Conon,56.58248250313473,-2.7031439317435857,689b0347004c030f271010090087,34.32,8.39,76.0,7.83,100.0,4.11,135
2023-05-06 21:29:25.069299+00:00,70B3D51C20000092,Hygro#00:92,Hygro,Black Burn @ Milton of Conon,56.58248250313473,-2.7031439317435857,68990347004b0307271010090088,34.31,8.39,75.0,7.75,100.0,4.11,136
2023-05-06 21:44:41.917808+00:00,70B3D51C20000092,Hygro#00:92,Hygro,Black Burn @ Milton of Conon,56.58248250313473,-2.7031439317435857,689d0347004b03072710100d0089,34.32,8.39,75.0,7.75,100.0,4.11,137
2023-05-06 21:59:58.757663+00:00,70B3D51C20000092,Hygro#00:92,Hygro,Black Burn @ Milton of Conon,56.58248250313473,-2.7031439317435857,68990347004b030427101009008a,34.31,8.39,75.0,7.72,100.0,4.11,138
2023-05-06 22:15:15.618986+00:00,70B3D51C20000092,Hygro#00:92,Hygro,Black Burn @ Milton of Conon,56.58248250313473,-2.7031439317435857,68960344004c03072710100b008b,34.3,8.36,76.0,7.75,100.0,4.11,139
2023-05-06 22:30:32.460038+00:00,70B3D51C20000092,Hygro#00:92,Hygro,Black Burn @ Milton of Conon,56.58248250313473,-2.7031439317435857,6892033e004b030227101007008c,34.28,8.3,75.0,7.7,100.0,4.1,140
2023-05-06 22:45:49.308729+00:00,70B3D51C20000092,Hygro#00:92,Hygro,Black Burn @ Milton of Conon,56.58248250313473,-2.7031439317435857,6894033e004b030027101009008d,34.29,8.3,75.0,7.68,100.0,4.11,141
2023-05-06 23:01:06.158294+00:00,70B3D51C20000092,Hygro#00:92,Hygro,Black Burn @ Milton of Conon,56.58248250313473,-2.7031439317435857,688e033e004c030427101007008e,34.27,8.3,76.0,7.72,100.0,4.1,142
2023-05-06 23:16:23.002057+00:00,70B3D51C20000092,Hygro#00:92,Hygro,Black Burn @ Milton of Conon,56.58248250313473,-2.7031439317435857,6888033e004b02fc27101009008f,34.24,8.3,75.0,7.64,100.0,4.11,143
2023-05-06 23:31:39.843519+00:00,70B3D51C20000092,Hygro#00:92,Hygro,Black Burn @ Milton of Conon,56.58248250313473,-2.7031439317435857,6892033e004b02fa271010070090,34.28,8.3,75.0,7.62,100.0,4.1,144
2023-05-06 23:46:56.708038+00:00,70B3D51C20000092,Hygro#00:92,Hygro,Black Burn @ Milton of Conon,56.58248250313473,-2.7031439317435857,68c4033e004b02fa271010000091,34.47,8.3,75.0,7.62,100.0,4.1,145
2023-05-07 00:02:13.529936+00:00,70B3D51C20000092,Hygro#00:92,Hygro,Black Burn @ Milton of Conon,56.58248250313473,-2.7031439317435857,69c1033e004c02f4271010070092,35.46,8.3,76.0,7.56,100.0,4.1,146
2023-05-07 00:32:47.224069+00:00,70B3D51C20000092,Hygro#00:92,Hygro,Black Burn @ Milton of Conon,56.58248250313473,-2.7031439317435857,6a96033e00500300271010020094,36.28,8.3,80.0,7.68,100.0,4.1,148
2023-05-07 00:48:04.069985+00:00,70B3D51C20000092,Hygro#00:92,Hygro,Black Burn @ Milton of Conon,56.58248250313473,-2.7031439317435857,6aee033e005202fa271010070095,36.62,8.3,82.0,7.62,100.0,4.1,149
2023-05-07 01:03:20.919607+00:00,70B3D51C20000092,Hygro#00:92,Hygro,Black Burn @ Milton of Conon,56.58248250313473,-2.7031439317435857,6afe033e00520300271010040096,36.69,8.3,82.0,7.68,100.0,4.1,150
2023-05-07 01:18:37.766740+00:00,70B3D51C20000092,Hygro#00:92,Hygro,Black Burn @ Milton of Conon,56.58248250313473,-2.7031439317435857,6af4033e0053030027100ffe0097,36.65,8.3,83.0,7.68,100.0,4.09,151
2023-05-07 01:33:54.613504+00:00,70B3D51C20000092,Hygro#00:92,Hygro,Black Burn @ Milton of Conon,56.58248250313473,-2.7031439317435857,6af8033e005302fe271010020098,36.66,8.3,83.0,7.66,100.0,4.1,152
2023-05-07 02:04:28.309912+00:00,70B3D51C20000092,Hygro#00:92,Hygro,Black Burn @ Milton of Conon,56.58248250313473,-2.7031439317435857,6acb033e0053030027101000009a,36.49,8.3,83.0,7.68,100.0,4.1,154
2023-05-07 02:19:45.155164+00:00,70B3D51C20000092,Hygro#00:92,Hygro,Black Burn @ Milton of Conon,56.58248250313473,-2.7031439317435857,6ac7033e005302fa27101002009b,36.47,8.3,83.0,7.62,100.0,4.1,155
2023-05-07 02:35:02.013184+00:00,70B3D51C20000092,Hygro#00:92,Hygro,Black Burn @ Milton of Conon,56.58248250313473,-2.7031439317435857,6ab3033e005302fe27100ffe009c,36.39,8.3,83.0,7.66,100.0,4.09,156
2023-05-07 02:50:18.860043+00:00,70B3D51C20000092,Hygro#00:92,Hygro,Black Burn @ Milton of Conon,56.58248250313473,-2.7031439317435857,6aae0334005302fe27101000009d,36.38,8.2,83.0,7.66,100.0,4.1,157
2023-05-07 03:05:35.696509+00:00,70B3D51C20000092,Hygro#00:92,Hygro,Black Burn @ Milton of Conon,56.58248250313473,-2.7031439317435857,6aa40334005202f827101000009e,36.34,8.2,82.0,7.6,100.0,4.1,158
2023-05-07 03:20:52.541157+00:00,70B3D51C20000092,Hygro#00:92,Hygro,Black Burn @ Milton of Conon,56.58248250313473,-2.7031439317435857,6a9f0334005302fe27101000009f,36.32,8.2,83.0,7.66,100.0,4.1,159
2023-05-07 03:36:09.395522+00:00,70B3D51C20000092,Hygro#00:92,Hygro,Black Burn @ Milton of Conon,56.58248250313473,-2.7031439317435857,6a920334005302fa2710100000a0,36.27,8.2,83.0,7.62,100.0,4.1,160
2023-05-07 03:51:26.234134+00:00,70B3D51C20000092,Hygro#00:92,Hygro,Black Burn @ Milton of Conon,56.58248250313473,-2.7031439317435857,6a8703340052030027100ffc00a1,36.22,8.2,82.0,7.68,100.0,4.09,161
2023-05-07 04:06:43.083578+00:00,70B3D51C20000092,Hygro#00:92,Hygro,Black Burn @ Milton of Conon,56.58248250313473,-2.7031439317435857,6a7d03340052030027100ffe00a2,36.19,8.2,82.0,7.68,100.0,4.09,162
2023-05-07 04:21:59.927768+00:00,70B3D51C20000092,Hygro#00:92,Hygro,Black Burn @ Milton of Conon,56.58248250313473,-2.7031439317435857,6a6c03340052030227100ffe00a3,36.12,8.2,82.0,7.7,100.0,4.09,163
2023-05-07 04:37:16.772650+00:00,70B3D51C20000092,Hygro#00:92,Hygro,Black Burn @ Milton of Conon,56.58248250313473,-2.7031439317435857,6a6e03340052030727100ffc00a4,36.13,8.2,82.0,7.75,100.0,4.09,164
2023-05-07 04:52:33.611980+00:00,70B3D51C20000092,Hygro#00:92,Hygro,Black Burn @ Milton of Conon,56.58248250313473,-2.7031439317435857,6a5c03340053030b27100ffc00a5,36.06,8.2,83.0,7.79,100.0,4.09,165
2023-05-07 05:07:50.456614+00:00,70B3D51C20000092,Hygro#00:92,Hygro,Black Burn @ Milton of Conon,56.58248250313473,-2.7031439317435857,6a5403340052031127100ffc00a6,36.03,8.2,82.0,7.85,100.0,4.09,166
2023-05-07 05:23:07.305716+00:00,70B3D51C20000092,Hygro#00:92,Hygro,Black Burn @ Milton of Conon,56.58248250313473,-2.7031439317435857,6a4f03340052031727100ffc00a7,36.01,8.2,82.0,7.91,100.0,4.09,167
2023-05-07 05:38:24.149959+00:00,70B3D51C20000092,Hygro#00:92,Hygro,Black Burn @ Milton of Conon,56.58248250313473,-2.7031439317435857,6a5103340052032027100ffc00a8,36.01,8.2,82.0,8.0,100.0,4.09,168
2023-05-07 05:53:41.006779+00:00,70B3D51C20000092,Hygro#00:92,Hygro,Black Burn @ Milton of Conon,56.58248250313473,-2.7031439317435857,6a5103340052032e27100ff500a9,36.01,8.2,82.0,8.14,100.0,4.08,169
2023-05-07 06:08:57.846591+00:00,70B3D51C20000092,Hygro#00:92,Hygro,Black Burn @ Milton of Conon,56.58248250313473,-2.7031439317435857,6a4603340052033427100ffc00aa,35.97,8.2,82.0,8.2,100.0,4.09,170
2023-05-07 06:24:14.694489+00:00,70B3D51C20000092,Hygro#00:92,Hygro,Black Burn @ Milton of Conon,56.58248250313473,-2.7031439317435857,6a4703340052033d27100ff900ab,35.98,8.2,82.0,8.29,100.0,4.09,171
2023-05-07 06:39:31.538204+00:00,70B3D51C20000092,Hygro#00:92,Hygro,Black Burn @ Milton of Conon,56.58248250313473,-2.7031439317435857,6a4203340052034527100ff700ac,35.96,8.2,82.0,8.37,100.0,4.09,172
2023-05-07 06:54:48.378639+00:00,70B3D51C20000092,Hygro#00:92,Hygro,Black Burn @ Milton of Conon,56.58248250313473,-2.7031439317435857,6a4203340052036027100ff900ad,35.96,8.2,82.0,8.64,100.0,4.09,173
2023-05-07 07:10:05.217505+00:00,70B3D51C20000092,Hygro#00:92,Hygro,Black Burn @ Milton of Conon,56.58248250313473,-2.7031439317435857,6a4103340051037727100ff700ae,35.95,8.2,81.0,8.87,100.0,4.09,174
2023-05-07 07:25:22.057576+00:00,70B3D51C20000092,Hygro#00:92,Hygro,Black Burn @ Milton of Conon,56.58248250313473,-2.7031439317435857,6a5103340052038a27100ff700af,36.01,8.2,82.0,9.06,100.0,4.09,175
2023-05-07 07:40:38.899732+00:00,70B3D51C20000092,Hygro#00:92,Hygro,Black Burn @ Milton of Conon,56.58248250313473,-2.7031439317435857,6a4303340052039027100ff500b0,35.96,8.2,82.0,9.12,100.0,4.08,176
2023-05-07 07:55:55.744879+00:00,70B3D51C20000092,Hygro#00:92,Hygro,Black Burn @ Milton of Conon,56.58248250313473,-2.7031439317435857,6a500334005203a327100ff300b1,36.01,8.2,82.0,9.31,100.0,4.08,177
2023-05-07 08:11:12.601001+00:00,70B3D51C20000092,Hygro#00:92,Hygro,Black Burn @ Milton of Conon,56.58248250313473,-2.7031439317435857,6a430334005203ad27100ff700b2,35.96,8.2,82.0,9.41,100.0,4.09,178
2023-05-07 08:26:29.440385+00:00,70B3D51C20000092,Hygro#00:92,Hygro,Black Burn @ Milton of Conon,56.58248250313473,-2.7031439317435857,6a420334005103b627100ff300b3,35.96,8.2,81.0,9.5,100.0,4.08,179
2023-05-07 08:41:46.282486+00:00,70B3D51C20000092,Hygro#00:92,Hygro,Black Burn @ Milton of Conon,56.58248250313473,-2.7031439317435857,6a3b0334005203c427100ff300b4,35.93,8.2,82.0,9.64,100.0,4.08,180
2023-05-07 08:57:03.130802+00:00,70B3D51C20000092,Hygro#00:92,Hygro,Black Burn @ Milton of Conon,56.58248250313473,-2.7031439317435857,6a450334005203bc27100ff500b5,35.97,8.2,82.0,9.56,100.0,4.08,181
2023-05-07 09:12:19.974261+00:00,70B3D51C20000092,Hygro#00:92,Hygro,Black Burn @ Milton of Conon,56.58248250313473,-2.7031439317435857,6a410334005203af27100ff300b6,35.95,8.2,82.0,9.43,100.0,4.08,182
2023-05-07 09:27:36.826703+00:00,70B3D51C20000092,Hygro#00:92,Hygro,Black Burn @ Milton of Conon,56.58248250313473,-2.7031439317435857,6a3d0334005103af27100fee00b7,35.94,8.2,81.0,9.43,100.0,4.08,183
2023-05-07 09:42:53.647697+00:00,70B3D51C20000092,Hygro#00:92,Hygro,Black Burn @ Milton of Conon,56.58248250313473,-2.7031439317435857,6a3f0334005103ab27100ff300b8,35.94,8.2,81.0,9.39,100.0,4.08,184
2023-05-07 09:58:10.486819+00:00,70B3D51C20000092,Hygro#00:92,Hygro,Black Burn @ Milton of Conon,56.58248250313473,-2.7031439317435857,6a2b0334005203ba27100ff100b9,35.87,8.2,82.0,9.54,100.0,4.08,185
2023-05-07 10:13:27.334940+00:00,70B3D51C20000092,Hygro#00:92,Hygro,Black Burn @ Milton of Conon,56.58248250313473,-2.7031439317435857,6a2c0334005203a927100fee00ba,35.87,8.2,82.0,9.37,100.0,4.08,186
2023-05-07 10:28:44.171164+00:00,70B3D51C20000092,Hygro#00:92,Hygro,Black Burn @ Milton of Conon,56.58248250313473,-2.7031439317435857,6a290334005103af27100fee00bb,35.86,8.2,81.0,9.43,100.0,4.08,187
2023-05-07 10:44:01.015503+00:00,70B3D51C20000092,Hygro#00:92,Hygro,Black Burn @ Milton of Conon,56.58248250313473,-2.7031439317435857,6a240334005103af27100ff100bc,35.84,8.2,81.0,9.43,100.0,4.08,188
2023-05-07 10:59:17.846708+00:00,70B3D51C20000092,Hygro#00:92,Hygro,Black Burn @ Milton of Conon,56.58248250313473,-2.7031439317435857,6a230334005103f427100ff700bd,35.84,8.2,81.0,10.12,100.0,4.09,189
2023-05-07 11:14:34.697923+00:00,70B3D51C20000092,Hygro#00:92,Hygro,Black Burn @ Milton of Conon,56.58248250313473,-2.7031439317435857,6a1a03340052040527100ffc00be,35.8,8.2,82.0,10.29,100.0,4.09,190
2023-05-07 11:29:51.545202+00:00,70B3D51C20000092,Hygro#00:92,Hygro,Black Burn @ Milton of Conon,56.58248250313473,-2.7031439317435857,6a260334005103ee27100ff900bf,35.85,8.2,81.0,10.06,100.0,4.09,191
2023-05-07 11:45:08.384544+00:00,70B3D51C20000092,Hygro#00:92,Hygro,Black Burn @ Milton of Conon,56.58248250313473,-2.7031439317435857,6a2303340051040127100ffe00c0,35.84,8.2,81.0,10.25,100.0,4.09,192
2023-05-07 12:00:25.244420+00:00,70B3D51C20000092,Hygro#00:92,Hygro,Black Burn @ Milton of Conon,56.58248250313473,-2.7031439317435857,6a17033e005203e827100ffe00c1,35.79,8.3,82.0,10.0,100.0,4.09,193
2023-05-07 12:15:42.087096+00:00,70B3D51C20000092,Hygro#00:92,Hygro,Black Burn @ Milton of Conon,56.58248250313473,-2.7031439317435857,6a1b033e005204012710100000c2,35.81,8.3,82.0,10.25,100.0,4.1,194
2023-05-07 12:30:58.933591+00:00,70B3D51C20000092,Hygro#00:92,Hygro,Black Burn @ Milton of Conon,56.58248250313473,-2.7031439317435857,6a0d033e005103f02710100000c3,35.75,8.3,81.0,10.08,100.0,4.1,195
2023-05-07 12:46:15.795800+00:00,70B3D51C20000092,Hygro#00:92,Hygro,Black Burn @ Milton of Conon,56.58248250313473,-2.7031439317435857,6a11033e005104132710100200c4,35.77,8.3,81.0,10.43,100.0,4.1,196
2023-05-07 13:01:32.644055+00:00,70B3D51C20000092,Hygro#00:92,Hygro,Black Burn @ Milton of Conon,56.58248250313473,-2.7031439317435857,6a0a033e0051040d2710100200c5,35.74,8.3,81.0,10.37,100.0,4.1,197
2023-05-07 13:16:49.485673+00:00,70B3D51C20000092,Hygro#00:92,Hygro,Black Burn @ Milton of Conon,56.58248250313473,-2.7031439317435857,69ff033e005104202710100400c6,35.7,8.3,81.0,10.56,100.0,4.1,198
2023-05-07 13:32:06.338718+00:00,70B3D51C20000092,Hygro#00:92,Hygro,Black Burn @ Milton of Conon,56.58248250313473,-2.7031439317435857,69ff033e005104112710100700c7,35.7,8.3,81.0,10.41,100.0,4.1,199
2023-05-07 13:47:23.192287+00:00,70B3D51C20000092,Hygro#00:92,Hygro,Black Burn @ Milton of Conon,56.58248250313473,-2.7031439317435857,69f403470051040d2710100900c8,35.65,8.39,81.0,10.37,100.0,4.11,200
2023-05-07 14:02:40.048476+00:00,70B3D51C20000092,Hygro#00:92,Hygro,Black Burn @ Milton of Conon,56.58248250313473,-2.7031439317435857,69f303470051046b2710101200c9,35.65,8.39,81.0,11.31,100.0,4.11,201
2023-05-07 14:17:56.902199+00:00,70B3D51C20000092,Hygro#00:92,Hygro,Black Burn @ Milton of Conon,56.58248250313473,-2.7031439317435857,69ed03470051046b2710100b00ca,35.63,8.39,81.0,11.31,100.0,4.11,202
2023-05-07 14:33:13.758728+00:00,70B3D51C20000092,Hygro#00:92,Hygro,Black Burn @ Milton of Conon,56.58248250313473,-2.7031439317435857,69fc03470051046f2710100b00cb,35.69,8.39,81.0,11.35,100.0,4.11,203
2023-05-07 14:48:30.606749+00:00,70B3D51C20000092,Hygro#00:92,Hygro,Black Burn @ Milton of Conon,56.58248250313473,-2.7031439317435857,69e80347005104332710100f00cc,35.61,8.39,81.0,10.75,100.0,4.11,204
2023-05-07 15:03:47.459382+00:00,70B3D51C20000092,Hygro#00:92,Hygro,Black Burn @ Milton of Conon,56.58248250313473,-2.7031439317435857,69e503470051041a2710100d00cd,35.6,8.39,81.0,10.5,100.0,4.11,205
2023-05-07 15:19:04.321380+00:00,70B3D51C20000092,Hygro#00:92,Hygro,Black Burn @ Milton of Conon,56.58248250313473,-2.7031439317435857,69eb0347005104602710100d00ce,35.62,8.39,81.0,11.2,100.0,4.11,206
2023-05-07 15:34:21.169078+00:00,70B3D51C20000092,Hygro#00:92,Hygro,Black Burn @ Milton of Conon,56.58248250313473,-2.7031439317435857,69e90352005104152710100f00cf,35.61,8.5,81.0,10.45,100.0,4.11,207
2023-05-07 15:49:38.030729+00:00,70B3D51C20000092,Hygro#00:92,Hygro,Black Burn @ Milton of Conon,56.58248250313473,-2.7031439317435857,69e103520051041a2710100f00d0,35.58,8.5,81.0,10.5,100.0,4.11,208
2023-05-07 16:04:54.896299+00:00,70B3D51C20000092,Hygro#00:92,Hygro,Black Burn @ Milton of Conon,56.58248250313473,-2.7031439317435857,69da0352005104032710101200d1,35.55,8.5,81.0,10.27,100.0,4.11,209
2023-05-07 16:20:11.734785+00:00,70B3D51C20000092,Hygro#00:92,Hygro,Black Burn @ Milton of Conon,56.58248250313473,-2.7031439317435857,69dd0352005003fa2710101200d2,35.56,8.5,80.0,10.18,100.0,4.11,210
2023-05-07 16:35:28.595533+00:00,70B3D51C20000092,Hygro#00:92,Hygro,Black Burn @ Milton of Conon,56.58248250313473,-2.7031439317435857,69d80352005103ea2710100f00d3,35.55,8.5,81.0,10.02,100.0,4.11,211
2023-05-07 16:50:45.452952+00:00,70B3D51C20000092,Hygro#00:92,Hygro,Black Burn @ Milton of Conon,56.58248250313473,-2.7031439317435857,69d00352005104012710101400d4,35.51,8.5,81.0,10.25,100.0,4.12,212
2023-05-07 17:06:02.304347+00:00,70B3D51C20000092,Hygro#00:92,Hygro,Black Burn @ Milton of Conon,56.58248250313473,-2.7031439317435857,69cc035c0050041a2710100d00d5,35.5,8.6,80.0,10.5,100.0,4.11,213
2023-05-07 17:21:19.166414+00:00,70B3D51C20000092,Hygro#00:92,Hygro,Black Burn @ Milton of Conon,56.58248250313473,-2.7031439317435857,69d0035c005003a92710100f00d6,35.51,8.6,80.0,9.37,100.0,4.11,214
2023-05-07 17:36:36.014198+00:00,70B3D51C20000092,Hygro#00:92,Hygro,Black Burn @ Milton of Conon,56.58248250313473,-2.7031439317435857,69d3035c005103bc2710100d00d7,35.53,8.6,81.0,9.56,100.0,4.11,215
2023-05-07 17:51:52.888364+00:00,70B3D51C20000092,Hygro#00:92,Hygro,Black Burn @ Milton of Conon,56.58248250313473,-2.7031439317435857,69cb035c005103ab2710101200d8,35.49,8.6,81.0,9.39,100.0,4.11,216
2023-05-07 18:07:09.742862+00:00,70B3D51C20000092,Hygro#00:92,Hygro,Black Burn @ Milton of Conon,56.58248250313473,-2.7031439317435857,69c0035c005103772710100d00d9,35.45,8.6,81.0,8.87,100.0,4.11,217
2023-05-07 18:22:26.597874+00:00,70B3D51C20000092,Hygro#00:92,Hygro,Black Burn @ Milton of Conon,56.58248250313473,-2.7031439317435857,69c7035c0051037b2710100b00da,35.48,8.6,81.0,8.91,100.0,4.11,218
2023-05-07 18:37:43.457931+00:00,70B3D51C20000092,Hygro#00:92,Hygro,Black Burn @ Milton of Conon,56.58248250313473,-2.7031439317435857,69b8035c005103602710100d00db,35.42,8.6,81.0,8.64,100.0,4.11,219
2023-05-07 18:53:00.317461+00:00,70B3D51C20000092,Hygro#00:92,Hygro,Black Burn @ Milton of Conon,56.58248250313473,-2.7031439317435857,69bd035c0051035e2710100d00dc,35.44,8.6,81.0,8.62,100.0,4.11,220
2023-05-07 19:08:17.168582+00:00,70B3D51C20000092,Hygro#00:92,Hygro,Black Burn @ Milton of Conon,56.58248250313473,-2.7031439317435857,69c3035c0050035a2710100b00dd,35.46,8.6,80.0,8.58,100.0,4.11,221
2023-05-07 19:23:34.026448+00:00,70B3D51C20000092,Hygro#00:92,Hygro,Black Burn @ Milton of Conon,56.58248250313473,-2.7031439317435857,69c00366005103642710100900de,35.45,8.7,81.0,8.68,100.0,4.11,222
2023-05-07 19:38:50.882923+00:00,70B3D51C20000092,Hygro#00:92,Hygro,Black Burn @ Milton of Conon,56.58248250313473,-2.7031439317435857,69c00366005103622710100d00df,35.45,8.7,81.0,8.66,100.0,4.11,223
2023-05-07 19:54:07.745481+00:00,70B3D51C20000092,Hygro#00:92,Hygro,Black Burn @ Milton of Conon,56.58248250313473,-2.7031439317435857,69b50366005103642710100900e0,35.41,8.7,81.0,8.68,100.0,4.11,224
2023-05-07 20:09:24.577315+00:00,70B3D51C20000092,Hygro#00:92,Hygro,Black Burn @ Milton of Conon,56.58248250313473,-2.7031439317435857,69ac03660050035e2710100b00e1,35.37,8.7,80.0,8.62,100.0,4.11,225
2023-05-07 20:24:41.429666+00:00,70B3D51C20000092,Hygro#00:92,Hygro,Black Burn @ Milton of Conon,56.58248250313473,-2.7031439317435857,69a903660051035e2710100700e2,35.36,8.7,81.0,8.62,100.0,4.1,226
2023-05-07 20:39:58.281384+00:00,70B3D51C20000092,Hygro#00:92,Hygro,Black Burn @ Milton of Conon,56.58248250313473,-2.7031439317435857,69b80366005103582710100700e3,35.42,8.7,81.0,8.56,100.0,4.1,227
2023-05-07 20:55:15.121693+00:00,70B3D51C20000092,Hygro#00:92,Hygro,Black Burn @ Milton of Conon,56.58248250313473,-2.7031439317435857,69a803660051034f2710100700e4,35.36,8.7,81.0,8.47,100.0,4.1,228
2023-05-07 21:10:31.969002+00:00,70B3D51C20000092,Hygro#00:92,Hygro,Black Burn @ Milton of Conon,56.58248250313473,-2.7031439317435857,69a80366005003492710100400e5,35.36,8.7,80.0,8.41,100.0,4.1,229
2023-05-07 21:25:48.807341+00:00,70B3D51C20000092,Hygro#00:92,Hygro,Black Burn @ Milton of Conon,56.58248250313473,-2.7031439317435857,69a30366005103452710100700e6,35.34,8.7,81.0,8.37,100.0,4.1,230
2023-05-07 21:41:05.653448+00:00,70B3D51C20000092,Hygro#00:92,Hygro,Black Burn @ Milton of Conon,56.58248250313473,-2.7031439317435857,69a80366005103322710100400e7,35.36,8.7,81.0,8.18,100.0,4.1,231
2023-05-07 21:56:22.493732+00:00,70B3D51C20000092,Hygro#00:92,Hygro,Black Burn @ Milton of Conon,56.58248250313473,-2.7031439317435857,69a703660051032c2710100200e8,35.36,8.7,81.0,8.12,100.0,4.1,232
2023-05-07 22:11:39.338647+00:00,70B3D51C20000092,Hygro#00:92,Hygro,Black Burn @ Milton of Conon,56.58248250313473,-2.7031439317435857,699f0366005003282710100700e9,35.32,8.7,80.0,8.08,100.0,4.1,233
2023-05-07 22:26:56.189342+00:00,70B3D51C20000092,Hygro#00:92,Hygro,Black Burn @ Milton of Conon,56.58248250313473,-2.7031439317435857,69a2035c005003282710100200ea,35.34,8.6,80.0,8.08,100.0,4.1,234
2023-05-07 22:42:13.026159+00:00,70B3D51C20000092,Hygro#00:92,Hygro,Black Burn @ Milton of Conon,56.58248250313473,-2.7031439317435857,699a035c005003302710100400eb,35.3,8.6,80.0,8.16,100.0,4.1,235
2023-05-07 22:57:29.875575+00:00,70B3D51C20000092,Hygro#00:92,Hygro,Black Burn @ Milton of Conon,56.58248250313473,-2.7031439317435857,6996035c005003302710100400ec,35.29,8.6,80.0,8.16,100.0,4.1,236
2023-05-07 23:12:46.733393+00:00,70B3D51C20000092,Hygro#00:92,Hygro,Black Burn @ Milton of Conon,56.58248250313473,-2.7031439317435857,69a5035c005103322710100400ed,35.35,8.6,81.0,8.18,100.0,4.1,237
2023-05-07 23:28:03.570890+00:00,70B3D51C20000092,Hygro#00:92,Hygro,Black Burn @ Milton of Conon,56.58248250313473,-2.7031439317435857,699e035c0050032a2710100000ee,35.32,8.6,80.0,8.1,100.0,4.1,238
2023-05-07 23:43:20.408332+00:00,70B3D51C20000092,Hygro#00:92,Hygro,Black Burn @ Milton of Conon,56.58248250313473,-2.7031439317435857,698f035c0050032c27100ffe00ef,35.26,8.6,80.0,8.12,100.0,4.09,239
2023-05-07 23:58:37.260775+00:00,70B3D51C20000092,Hygro#00:92,Hygro,Black Burn @ Milton of Conon,56.58248250313473,-2.7031439317435857,699f035c005003242710100200f0,35.32,8.6,80.0,8.04,100.0,4.1,240
2023-05-08 00:13:54.092526+00:00,70B3D51C20000092,Hygro#00:92,Hygro,Black Burn @ Milton of Conon,56.58248250313473,-2.7031439317435857,6997035c005003242710100200f1,35.29,8.6,80.0,8.04,100.0,4.1,241
2023-05-08 00:29:10.934800+00:00,70B3D51C20000092,Hygro#00:92,Hygro,Black Burn @ Milton of Conon,56.58248250313473,-2.7031439317435857,698e035c0051032027100ffe00f2,35.26,8.6,81.0,8.0,100.0,4.09,242
2023-05-08 00:44:27.778096+00:00,70B3D51C20000092,Hygro#00:92,Hygro,Black Burn @ Milton of Conon,56.58248250313473,-2.7031439317435857,6997035c0050030727100ffe00f3,35.29,8.6,80.0,7.75,100.0,4.09,243
2023-05-08 00:59:44.625508+00:00,70B3D51C20000092,Hygro#00:92,Hygro,Black Burn @ Milton of Conon,56.58248250313473,-2.7031439317435857,698d035c005002f827100ffe00f4,35.25,8.6,80.0,7.6,100.0,4.09,244
2023-05-08 01:15:01.459780+00:00,70B3D51C20000092,Hygro#00:92,Hygro,Black Burn @ Milton of Conon,56.58248250313473,-2.7031439317435857,6989035c005002fa2710100000f5,35.24,8.6,80.0,7.62,100.0,4.1,245
2023-05-08 01:30:18.298581+00:00,70B3D51C20000092,Hygro#00:92,Hygro,Black Burn @ Milton of Conon,56.58248250313473,-2.7031439317435857,6988035c005002f42710100000f6,35.24,8.6,80.0,7.56,100.0,4.1,246
2023-05-08 01:45:35.134094+00:00,70B3D51C20000092,Hygro#00:92,Hygro,Black Burn @ Milton of Conon,56.58248250313473,-2.7031439317435857,698c035c005002f827100ffc00f7,35.25,8.6,80.0,7.6,100.0,4.09,247
2023-05-08 02:00:51.969615+00:00,70B3D51C20000092,Hygro#00:92,Hygro,Black Burn @ Milton of Conon,56.58248250313473,-2.7031439317435857,6985035c005002e127100ffe00f8,35.22,8.6,80.0,7.37,100.0,4.09,248
2023-05-08 02:16:08.801916+00:00,70B3D51C20000092,Hygro#00:92,Hygro,Black Burn @ Milton of Conon,56.58248250313473,-2.7031439317435857,6989035c005002c427100ff700f9,35.24,8.6,80.0,7.08,100.0,4.09,249
2023-05-08 02:31:25.648632+00:00,70B3D51C20000092,Hygro#00:92,Hygro,Black Burn @ Milton of Conon,56.58248250313473,-2.7031439317435857,69870352005102e527100ff700fa,35.23,8.5,81.0,7.41,100.0,4.09,250
2023-05-08 02:46:42.484122+00:00,70B3D51C20000092,Hygro#00:92,Hygro,Black Burn @ Milton of Conon,56.58248250313473,-2.7031439317435857,69880352005002fc27100ff700fb,35.24,8.5,80.0,7.64,100.0,4.09,251
2023-05-08 03:01:59.321489+00:00,70B3D51C20000092,Hygro#00:92,Hygro,Black Burn @ Milton of Conon,56.58248250313473,-2.7031439317435857,698903520050030b27100ff900fc,35.24,8.5,80.0,7.79,100.0,4.09,252
2023-05-08 03:17:16.160679+00:00,70B3D51C20000092,Hygro#00:92,Hygro,Black Burn @ Milton of Conon,56.58248250313473,-2.7031439317435857,698703520050033627100ff900fd,35.23,8.5,80.0,8.22,100.0,4.09,253
2023-05-08 03:32:33.013532+00:00,70B3D51C20000092,Hygro#00:92,Hygro,Black Burn @ Milton of Conon,56.58248250313473,-2.7031439317435857,698603520050033f27100ff900fe,35.23,8.5,80.0,8.31,100.0,4.09,254
2023-05-08 03:47:49.845593+00:00,70B3D51C20000092,Hygro#00:92,Hygro,Black Burn @ Milton of Conon,56.58248250313473,-2.7031439317435857,698703520050034327100ff900ff,35.23,8.5,80.0,8.35,100.0,4.09,255
2023-05-08 04:03:06.683044+00:00,70B3D51C20000092,Hygro#00:92,Hygro,Black Burn @ Milton of Conon,56.58248250313473,-2.7031439317435857,698503520050035827100ff70000,35.22,8.5,80.0,8.56,100.0,4.09,0
2023-05-08 04:18:23.534796+00:00,70B3D51C20000092,Hygro#00:92,Hygro,Black Burn @ Milton of Conon,56.58248250313473,-2.7031439317435857,697a0352004f035c27100ffc0001,35.18,8.5,79.0,8.6,100.0,4.09,1
2023-05-08 04:33:40.367437+00:00,70B3D51C20000092,Hygro#00:92,Hygro,Black Burn @ Milton of Conon,56.58248250313473,-2.7031439317435857,698203520050038427100ff70002,35.21,8.5,80.0,9.0,100.0,4.09,2
2023-05-08 04:48:57.208243+00:00,70B3D51C20000092,Hygro#00:92,Hygro,Black Burn @ Milton of Conon,56.58248250313473,-2.7031439317435857,697803520050039627100ff90003,35.17,8.5,80.0,9.18,100.0,4.09,3
2023-05-08 05:04:14.047542+00:00,70B3D51C20000092,Hygro#00:92,Hygro,Black Burn @ Milton of Conon,56.58248250313473,-2.7031439317435857,697703470050039427100ff50004,35.17,8.39,80.0,9.16,100.0,4.08,4
2023-05-08 05:19:30.885649+00:00,70B3D51C20000092,Hygro#00:92,Hygro,Black Burn @ Milton of Conon,56.58248250313473,-2.7031439317435857,697703470050039627100ff30005,35.17,8.39,80.0,9.18,100.0,4.08,5
2023-05-08 05:34:47.724357+00:00,70B3D51C20000092,Hygro#00:92,Hygro,Black Burn @ Milton of Conon,56.58248250313473,-2.7031439317435857,69750347005003a127100ff30006,35.16,8.39,80.0,9.29,100.0,4.08,6
2023-05-08 05:50:04.567881+00:00,70B3D51C20000092,Hygro#00:92,Hygro,Black Burn @ Milton of Conon,56.58248250313473,-2.7031439317435857,69720347005003ab27100ff50007,35.15,8.39,80.0,9.39,100.0,4.08,7
2023-05-08 06:05:21.395861+00:00,70B3D51C20000092,Hygro#00:92,Hygro,Black Burn @ Milton of Conon,56.58248250313473,-2.7031439317435857,69820347004f03c227100ff30008,35.21,8.39,79.0,9.62,100.0,4.08,8
2023-05-08 06:20:38.238880+00:00,70B3D51C20000092,Hygro#00:92,Hygro,Black Burn @ Milton of Conon,56.58248250313473,-2.7031439317435857,69730347005003d727100ff10009,35.15,8.39,80.0,9.83,100.0,4.08,9
2023-05-08 06:35:55.082856+00:00,70B3D51C20000092,Hygro#00:92,Hygro,Black Burn @ Milton of Conon,56.58248250313473,-2.7031439317435857,69750347005003df27100ff3000a,35.16,8.39,80.0,9.91,100.0,4.08,10
2023-05-08 06:51:11.939448+00:00,70B3D51C20000092,Hygro#00:92,Hygro,Black Burn @ Milton of Conon,56.58248250313473,-2.7031439317435857,69790347005003d727100ff5000b,35.18,8.39,80.0,9.83,100.0,4.08,11
2023-05-08 07:06:28.749167+00:00,70B3D51C20000092,Hygro#00:92,Hygro,Black Burn @ Milton of Conon,56.58248250313473,-2.7031439317435857,69790347005003d927100ff3000c,35.18,8.39,80.0,9.85,100.0,4.08,12
2023-05-08 07:21:45.587429+00:00,70B3D51C20000092,Hygro#00:92,Hygro,Black Burn @ Milton of Conon,56.58248250313473,-2.7031439317435857,69880347005003d927100fec000d,35.24,8.39,80.0,9.85,100.0,4.08,13
2023-05-08 07:37:02.427738+00:00,70B3D51C20000092,Hygro#00:92,Hygro,Black Burn @ Milton of Conon,56.58248250313473,-2.7031439317435857,6a230347005003d527100ff1000e,35.84,8.39,80.0,9.81,100.0,4.08,14
2023-05-08 07:52:19.261561+00:00,70B3D51C20000092,Hygro#00:92,Hygro,Black Burn @ Milton of Conon,56.58248250313473,-2.7031439317435857,6b420347005303d327100ff3000f,36.95,8.39,83.0,9.79,100.0,4.08,15
2023-05-08 08:07:36.113785+00:00,70B3D51C20000092,Hygro#00:92,Hygro,Black Burn @ Milton of Conon,56.58248250313473,-2.7031439317435857,6bec0347005603df27100fee0010,37.61,8.39,86.0,9.91,100.0,4.08,16
2023-05-08 08:22:52.941319+00:00,70B3D51C20000092,Hygro#00:92,Hygro,Black Burn @ Milton of Conon,56.58248250313473,-2.7031439317435857,6be50347005703fa27100fee0011,37.58,8.39,87.0,10.18,100.0,4.08,17
2023-05-08 08:38:09.770815+00:00,70B3D51C20000092,Hygro#00:92,Hygro,Black Burn @ Milton of Conon,56.58248250313473,-2.7031439317435857,6c0c03470058040927100ff10012,37.73,8.39,88.0,10.33,100.0,4.08,18
2023-05-08 08:53:26.617731+00:00,70B3D51C20000092,Hygro#00:92,Hygro,Black Burn @ Milton of Conon,56.58248250313473,-2.7031439317435857,6bee03470058040127100fee0013,37.62,8.39,88.0,10.25,100.0,4.08,19
2023-05-08 09:08:43.445681+00:00,70B3D51C20000092,Hygro#00:92,Hygro,Black Burn @ Milton of Conon,56.58248250313473,-2.7031439317435857,6bc303470056040727100fee0014,37.45,8.39,86.0,10.31,100.0,4.08,20
2023-05-08 09:24:00.289194+00:00,70B3D51C20000092,Hygro#00:92,Hygro,Black Burn @ Milton of Conon,56.58248250313473,-2.7031439317435857,6b9803470057042027100fec0015,37.28,8.39,87.0,10.56,100.0,4.08,21
2023-05-08 09:39:17.110074+00:00,70B3D51C20000092,Hygro#00:92,Hygro,Black Burn @ Milton of Conon,56.58248250313473,-2.7031439317435857,6b9003470057041a27100ff10016,37.25,8.39,87.0,10.5,100.0,4.08,22
2023-05-08 09:54:33.945856+00:00,70B3D51C20000092,Hygro#00:92,Hygro,Black Burn @ Milton of Conon,56.58248250313473,-2.7031439317435857,6b8c03520056042227100fec0017,37.24,8.5,86.0,10.58,100.0,4.08,23
2023-05-08 10:09:50.775883+00:00,70B3D51C20000092,Hygro#00:92,Hygro,Black Burn @ Milton of Conon,56.58248250313473,-2.7031439317435857,6b7803520057042027100fec0018,37.16,8.5,87.0,10.56,100.0,4.08,24
2023-05-08 10:40:24.448391+00:00,70B3D51C20000092,Hygro#00:92,Hygro,Black Burn @ Milton of Conon,56.58248250313473,-2.7031439317435857,6b7403520055043327100fea001a,37.14,8.5,85.0,10.75,100.0,4.07,26
2023-05-08 10:55:41.281971+00:00,70B3D51C20000092,Hygro#00:92,Hygro,Black Burn @ Milton of Conon,56.58248250313473,-2.7031439317435857,6b7a03520056043927100fee001b,37.17,8.5,86.0,10.81,100.0,4.08,27
2023-05-08 11:10:58.109975+00:00,70B3D51C20000092,Hygro#00:92,Hygro,Black Burn @ Milton of Conon,56.58248250313473,-2.7031439317435857,6b7603520056044e27100fe8001c,37.15,8.5,86.0,11.02,100.0,4.07,28
2023-05-08 11:26:14.949141+00:00,70B3D51C20000092,Hygro#00:92,Hygro,Black Burn @ Milton of Conon,56.58248250313473,-2.7031439317435857,6b6703520056045827100fea001d,37.09,8.5,86.0,11.12,100.0,4.07,29
2023-05-08 11:41:31.782516+00:00,70B3D51C20000092,Hygro#00:92,Hygro,Black Burn @ Milton of Conon,56.58248250313473,-2.7031439317435857,6b6803520056045c27100fec001e,37.1,8.5,86.0,11.16,100.0,4.08,30
2023-05-08 11:56:48.619443+00:00,70B3D51C20000092,Hygro#00:92,Hygro,Black Burn @ Milton of Conon,56.58248250313473,-2.7031439317435857,6b6003520055046027100fec001f,37.07,8.5,85.0,11.2,100.0,4.08,31
2023-05-08 12:12:05.453746+00:00,70B3D51C20000092,Hygro#00:92,Hygro,Black Burn @ Milton of Conon,56.58248250313473,-2.7031439317435857,6b4003520055049027100fe80020,36.94,8.5,85.0,11.68,100.0,4.07,32
2023-05-08 12:27:22.284804+00:00,70B3D51C20000092,Hygro#00:92,Hygro,Black Burn @ Milton of Conon,56.58248250313473,-2.7031439317435857,6b2b035c005504a527100fe80021,36.86,8.6,85.0,11.89,100.0,4.07,33
2023-05-08 12:42:39.120636+00:00,70B3D51C20000092,Hygro#00:92,Hygro,Black Burn @ Milton of Conon,56.58248250313473,-2.7031439317435857,6b19035c005504b627100fe80022,36.79,8.6,85.0,12.06,100.0,4.07,34
2023-05-08 12:57:55.949781+00:00,70B3D51C20000092,Hygro#00:92,Hygro,Black Burn @ Milton of Conon,56.58248250313473,-2.7031439317435857,6b0f035c005504c027100fe80023,36.75,8.6,85.0,12.16,100.0,4.07,35
2023-05-08 13:13:12.786789+00:00,70B3D51C20000092,Hygro#00:92,Hygro,Black Burn @ Milton of Conon,56.58248250313473,-2.7031439317435857,6b07035c005504c927100fe80024,36.72,8.6,85.0,12.25,100.0,4.07,36
2023-05-08 13:28:29.602664+00:00,70B3D51C20000092,Hygro#00:92,Hygro,Black Burn @ Milton of Conon,56.58248250313473,-2.7031439317435857,6b1d035c005504d527100fe30025,36.81,8.6,85.0,12.37,100.0,4.07,37
2023-05-08 13:43:46.438887+00:00,70B3D51C20000092,Hygro#00:92,Hygro,Black Burn @ Milton of Conon,56.58248250313473,-2.7031439317435857,6b66035c005604f427100fe80026,37.09,8.6,86.0,12.68,100.0,4.07,38
2023-05-08 13:59:03.271119+00:00,70B3D51C20000092,Hygro#00:92,Hygro,Black Burn @ Milton of Conon,56.58248250313473,-2.7031439317435857,6b72035c005504db27100fe60027,37.14,8.6,85.0,12.43,100.0,4.07,39
2023-05-08 14:14:20.086320+00:00,70B3D51C20000092,Hygro#00:92,Hygro,Black Burn @ Milton of Conon,56.58248250313473,-2.7031439317435857,6b8d035c005604fd27100fe60028,37.24,8.6,86.0,12.77,100.0,4.07,40
2023-05-08 14:29:36.919241+00:00,70B3D51C20000092,Hygro#00:92,Hygro,Black Burn @ Milton of Conon,56.58248250313473,-2.7031439317435857,6b9303660056052627100fe10029,37.26,8.7,86.0,13.18,100.0,4.07,41
2023-05-08 15:00:10.577478+00:00,70B3D51C20000092,Hygro#00:92,Hygro,Black Burn @ Milton of Conon,56.58248250313473,-2.7031439317435857,6b7703660056058027100fee002b,37.16,8.7,86.0,14.08,100.0,4.08,43
2023-05-08 15:15:27.403709+00:00,70B3D51C20000092,Hygro#00:92,Hygro,Black Burn @ Milton of Conon,56.58248250313473,-2.7031439317435857,6b720366005605be27100ff1002c,37.14,8.7,86.0,14.7,100.0,4.08,44
2023-05-08 15:30:44.237986+00:00,70B3D51C20000092,Hygro#00:92,Hygro,Black Burn @ Milton of Conon,56.58248250313473,-2.7031439317435857,6b540366005605cf27100ff3002d,37.02,8.7,86.0,14.87,100.0,4.08,45
2023-05-08 15:46:01.082442+00:00,70B3D51C20000092,Hygro#00:92,Hygro,Black Burn @ Milton of Conon,56.58248250313473,-2.7031439317435857,6b460366005605b627100ff1002e,36.97,8.7,86.0,14.62,100.0,4.08,46
2023-05-08 16:01:17.924758+00:00,70B3D51C20000092,Hygro#00:92,Hygro,Black Burn @ Milton of Conon,56.58248250313473,-2.7031439317435857,6b3403700055060727100ff5002f,36.9,8.8,85.0,15.43,100.0,4.08,47
2023-05-08 16:16:34.755282+00:00,70B3D51C20000092,Hygro#00:92,Hygro,Black Burn @ Milton of Conon,56.58248250313473,-2.7031439317435857,6b2a03700055058427100ff30030,36.86,8.8,85.0,14.12,100.0,4.08,48
2023-05-08 16:31:51.599603+00:00,70B3D51C20000092,Hygro#00:92,Hygro,Black Burn @ Milton of Conon,56.58248250313473,-2.7031439317435857,6b0703700055057827100ff10031,36.72,8.8,85.0,14.0,100.0,4.08,49
2023-05-08 16:47:08.436364+00:00,70B3D51C20000092,Hygro#00:92,Hygro,Black Burn @ Milton of Conon,56.58248250313473,-2.7031439317435857,6b080370005505ac27100ff70032,36.72,8.8,85.0,14.52,100.0,4.09,50
2023-05-08 17:02:25.272989+00:00,70B3D51C20000092,Hygro#00:92,Hygro,Black Burn @ Milton of Conon,56.58248250313473,-2.7031439317435857,6afb0379005505be27100ff30033,36.67,8.89,85.0,14.7,100.0,4.08,51
2023-05-08 17:17:42.109011+00:00,70B3D51C20000092,Hygro#00:92,Hygro,Black Burn @ Milton of Conon,56.58248250313473,-2.7031439317435857,6ae00379005405c927100ff70034,36.57,8.89,84.0,14.81,100.0,4.09,52
2023-05-08 17:32:58.959256+00:00,70B3D51C20000092,Hygro#00:92,Hygro,Black Burn @ Milton of Conon,56.58248250313473,-2.7031439317435857,6ae20379005405d527100ff70035,36.58,8.89,84.0,14.93,100.0,4.09,53
2023-05-08 17:48:15.792222+00:00,70B3D51C20000092,Hygro#00:92,Hygro,Black Burn @ Milton of Conon,56.58248250313473,-2.7031439317435857,6ae40379005405b427100ff50036,36.58,8.89,84.0,14.6,100.0,4.08,54
2023-05-08 18:03:32.636778+00:00,70B3D51C20000092,Hygro#00:92,Hygro,Black Burn @ Milton of Conon,56.58248250313473,-2.7031439317435857,6acc03840054058427100ff30037,36.49,9.0,84.0,14.12,100.0,4.08,55
2023-05-08 18:18:49.455175+00:00,70B3D51C20000092,Hygro#00:92,Hygro,Black Burn @ Milton of Conon,56.58248250313473,-2.7031439317435857,6acf03840054055027100ff30038,36.5,9.0,84.0,13.6,100.0,4.08,56
2023-05-08 18:34:06.298418+00:00,70B3D51C20000092,Hygro#00:92,Hygro,Black Burn @ Milton of Conon,56.58248250313473,-2.7031439317435857,6ab40384005404fb27100ff30039,36.4,9.0,84.0,12.75,100.0,4.08,57
2023-05-08 18:49:23.133285+00:00,70B3D51C20000092,Hygro#00:92,Hygro,Black Burn @ Milton of Conon,56.58248250313473,-2.7031439317435857,6aa60384005404d127100ff3003a,36.34,9.0,84.0,12.33,100.0,4.08,58
2023-05-08 19:04:39.952213+00:00,70B3D51C20000092,Hygro#00:92,Hygro,Black Burn @ Milton of Conon,56.58248250313473,-2.7031439317435857,6aac0384005404cb27100ff3003b,36.37,9.0,84.0,12.27,100.0,4.08,59
2023-05-08 19:19:56.779479+00:00,70B3D51C20000092,Hygro#00:92,Hygro,Black Burn @ Milton of Conon,56.58248250313473,-2.7031439317435857,6ab6038e005404c927100ff1003c,36.41,9.1,84.0,12.25,100.0,4.08,60
2023-05-08 19:35:13.607897+00:00,70B3D51C20000092,Hygro#00:92,Hygro,Black Burn @ Milton of Conon,56.58248250313473,-2.7031439317435857,6ac0038e005404d727100fee003d,36.45,9.1,84.0,12.39,100.0,4.08,61
2023-05-08 20:05:47.271654+00:00,70B3D51C20000092,Hygro#00:92,Hygro,Black Burn @ Milton of Conon,56.58248250313473,-2.7031439317435857,6b7d038e005504e227100fee003f,37.18,9.1,85.0,12.5,100.0,4.08,63
2023-05-08 20:21:04.097954+00:00,70B3D51C20000092,Hygro#00:92,Hygro,Black Burn @ Milton of Conon,56.58248250313473,-2.7031439317435857,6bc5038e005604d527100fec0040,37.46,9.1,86.0,12.37,100.0,4.08,64
2023-05-08 20:36:20.927244+00:00,70B3D51C20000092,Hygro#00:92,Hygro,Black Burn @ Milton of Conon,56.58248250313473,-2.7031439317435857,6bc5038e005604db27100fee0041,37.46,9.1,86.0,12.43,100.0,4.08,65
2023-05-08 20:51:37.757386+00:00,70B3D51C20000092,Hygro#00:92,Hygro,Black Burn @ Milton of Conon,56.58248250313473,-2.7031439317435857,6ba10398005604f427100fee0042,37.32,9.2,86.0,12.68,100.0,4.08,66
2023-05-08 21:06:54.576065+00:00,70B3D51C20000092,Hygro#00:92,Hygro,Black Burn @ Milton of Conon,56.58248250313473,-2.7031439317435857,6b8f03980056050127100fec0043,37.25,9.2,86.0,12.81,100.0,4.08,67
2023-05-08 21:22:11.402277+00:00,70B3D51C20000092,Hygro#00:92,Hygro,Black Burn @ Milton of Conon,56.58248250313473,-2.7031439317435857,6b6703980056050f27100fec0044,37.09,9.2,86.0,12.95,100.0,4.08,68
2023-05-08 21:37:28.222464+00:00,70B3D51C20000092,Hygro#00:92,Hygro,Black Burn @ Milton of Conon,56.58248250313473,-2.7031439317435857,6b5d03980056050d27100fee0045,37.05,9.2,86.0,12.93,100.0,4.08,69
2023-05-08 21:52:45.051345+00:00,70B3D51C20000092,Hygro#00:92,Hygro,Black Burn @ Milton of Conon,56.58248250313473,-2.7031439317435857,6b480398005604fb27100fea0046,36.97,9.2,86.0,12.75,100.0,4.07,70
2023-05-08 22:08:01.877663+00:00,70B3D51C20000092,Hygro#00:92,Hygro,Black Burn @ Milton of Conon,56.58248250313473,-2.7031439317435857,6b2f0398005504ea27100fec0047,36.88,9.2,85.0,12.58,100.0,4.08,71
2023-05-08 22:23:18.687196+00:00,70B3D51C20000092,Hygro#00:92,Hygro,Black Burn @ Milton of Conon,56.58248250313473,-2.7031439317435857,6b260398005604e827100fec0048,36.84,9.2,86.0,12.56,100.0,4.08,72
2023-05-08 22:38:35.511341+00:00,70B3D51C20000092,Hygro#00:92,Hygro,Black Burn @ Milton of Conon,56.58248250313473,-2.7031439317435857,6b0f0398005504e227100fe60049,36.75,9.2,85.0,12.5,100.0,4.07,73
2023-05-08 22:53:52.344877+00:00,70B3D51C20000092,Hygro#00:92,Hygro,Black Burn @ Milton of Conon,56.58248250313473,-2.7031439317435857,6b110398005504cb27100fe8004a,36.76,9.2,85.0,12.27,100.0,4.07,74
2023-05-08 23:09:09.166972+00:00,70B3D51C20000092,Hygro#00:92,Hygro,Black Burn @ Milton of Conon,56.58248250313473,-2.7031439317435857,6af90398005504b427100fea004b,36.67,9.2,85.0,12.04,100.0,4.07,75
2023-05-08 23:39:42.813501+00:00,70B3D51C20000092,Hygro#00:92,Hygro,Black Burn @ Milton of Conon,56.58248250313473,-2.7031439317435857,6af203980055048e27100fe8004d,36.64,9.2,85.0,11.66,100.0,4.07,77
2023-05-08 23:54:59.638960+00:00,70B3D51C20000092,Hygro#00:92,Hygro,Black Burn @ Milton of Conon,56.58248250313473,-2.7031439317435857,6aea03a20055047b27100fe6004e,36.61,9.3,85.0,11.47,100.0,4.07,78
2023-05-09 00:10:16.461584+00:00,70B3D51C20000092,Hygro#00:92,Hygro,Black Burn @ Milton of Conon,56.58248250313473,-2.7031439317435857,6ae003a20055048027100fe8004f,36.57,9.3,85.0,11.52,100.0,4.07,79
2023-05-09 00:25:33.287199+00:00,70B3D51C20000092,Hygro#00:92,Hygro,Black Burn @ Milton of Conon,56.58248250313473,-2.7031439317435857,6adb03a20054047e27100fe30050,36.55,9.3,84.0,11.5,100.0,4.07,80
2023-05-09 00:40:50.099452+00:00,70B3D51C20000092,Hygro#00:92,Hygro,Black Burn @ Milton of Conon,56.58248250313473,-2.7031439317435857,6abb03a20055047127100fe60051,36.43,9.3,85.0,11.37,100.0,4.07,81
2023-05-09 00:56:06.923440+00:00,70B3D51C20000092,Hygro#00:92,Hygro,Black Burn @ Milton of Conon,56.58248250313473,-2.7031439317435857,6abd03a20054046d27100fe30052,36.43,9.3,84.0,11.33,100.0,4.07,82
2023-05-09 01:11:23.753636+00:00,70B3D51C20000092,Hygro#00:92,Hygro,Black Burn @ Milton of Conon,56.58248250313473,-2.7031439317435857,6ab303a20055045227100fe10053,36.39,9.3,85.0,11.06,100.0,4.07,83
2023-05-09 01:26:40.578582+00:00,70B3D51C20000092,Hygro#00:92,Hygro,Black Burn @ Milton of Conon,56.58248250313473,-2.7031439317435857,6ab603a20054043727100fe10054,36.41,9.3,84.0,10.79,100.0,4.07,84
2023-05-09 01:41:57.400714+00:00,70B3D51C20000092,Hygro#00:92,Hygro,Black Burn @ Milton of Conon,56.58248250313473,-2.7031439317435857,6aa003a20055043727100fdf0055,36.32,9.3,85.0,10.79,100.0,4.06,85
2023-05-09 01:57:14.237906+00:00,70B3D51C20000092,Hygro#00:92,Hygro,Black Burn @ Milton of Conon,56.58248250313473,-2.7031439317435857,6aa303a20055043f27100fe10056,36.33,9.3,85.0,10.87,100.0,4.07,86
2023-05-09 02:12:31.071710+00:00,70B3D51C20000092,Hygro#00:92,Hygro,Black Burn @ Milton of Conon,56.58248250313473,-2.7031439317435857,6a9803a20055043927100fe30057,36.29,9.3,85.0,10.81,100.0,4.07,87
2023-05-09 02:27:47.891457+00:00,70B3D51C20000092,Hygro#00:92,Hygro,Black Burn @ Milton of Conon,56.58248250313473,-2.7031439317435857,6a9403a20054042c27100fe30058,36.27,9.3,84.0,10.68,100.0,4.07,88
2023-05-09 02:43:04.714312+00:00,70B3D51C20000092,Hygro#00:92,Hygro,Black Burn @ Milton of Conon,56.58248250313473,-2.7031439317435857,6a8803a20053042627100fe30059,36.23,9.3,83.0,10.62,100.0,4.07,89
2023-05-09 02:58:21.542070+00:00,70B3D51C20000092,Hygro#00:92,Hygro,Black Burn @ Milton of Conon,56.58248250313473,-2.7031439317435857,6a7f03a20054044727100fdf005a,36.19,9.3,84.0,10.95,100.0,4.06,90
2023-05-09 03:13:38.376253+00:00,70B3D51C20000092,Hygro#00:92,Hygro,Black Burn @ Milton of Conon,56.58248250313473,-2.7031439317435857,6a8603980054044927100fe1005b,36.22,9.2,84.0,10.97,100.0,4.07,91
2023-05-09 03:28:55.202839+00:00,70B3D51C20000092,Hygro#00:92,Hygro,Black Burn @ Milton of Conon,56.58248250313473,-2.7031439317435857,6a8603980054045c27100fe1005c,36.22,9.2,84.0,11.16,100.0,4.07,92
2023-05-09 03:44:12.022476+00:00,70B3D51C20000092,Hygro#00:92,Hygro,Black Burn @ Milton of Conon,56.58248250313473,-2.7031439317435857,6a7603980053045e27100fdb005d,36.16,9.2,83.0,11.18,100.0,4.06,93
2023-05-09 03:59:28.846533+00:00,70B3D51C20000092,Hygro#00:92,Hygro,Black Burn @ Milton of Conon,56.58248250313473,-2.7031439317435857,6a7303980054046b27100fdf005e,36.15,9.2,84.0,11.31,100.0,4.06,94
2023-05-09 04:14:45.672028+00:00,70B3D51C20000092,Hygro#00:92,Hygro,Black Burn @ Milton of Conon,56.58248250313473,-2.7031439317435857,6a7f03980054046727100fdd005f,36.19,9.2,84.0,11.27,100.0,4.06,95
2023-05-09 04:30:02.497339+00:00,70B3D51C20000092,Hygro#00:92,Hygro,Black Burn @ Milton of Conon,56.58248250313473,-2.7031439317435857,6a7703980054045e27100fdd0060,36.16,9.2,84.0,11.18,100.0,4.06,96
2023-05-09 04:45:19.332159+00:00,70B3D51C20000092,Hygro#00:92,Hygro,Black Burn @ Milton of Conon,56.58248250313473,-2.7031439317435857,6a6b03980054046b27100fdb0061,36.12,9.2,84.0,11.31,100.0,4.06,97
2023-05-09 05:00:36.153015+00:00,70B3D51C20000092,Hygro#00:92,Hygro,Black Burn @ Milton of Conon,56.58248250313473,-2.7031439317435857,6a6703980053047127100fdf0062,36.1,9.2,83.0,11.37,100.0,4.06,98
2023-05-09 05:15:52.973355+00:00,70B3D51C20000092,Hygro#00:92,Hygro,Black Burn @ Milton of Conon,56.58248250313473,-2.7031439317435857,6a7003980053046b27100fdd0063,36.13,9.2,83.0,11.31,100.0,4.06,99
2023-05-09 05:31:09.804953+00:00,70B3D51C20000092,Hygro#00:92,Hygro,Black Burn @ Milton of Conon,56.58248250313473,-2.7031439317435857,6a5903980053045e27100fdf0064,36.05,9.2,83.0,11.18,100.0,4.06,100
2023-05-09 05:46:26.624325+00:00,70B3D51C20000092,Hygro#00:92,Hygro,Black Burn @ Milton of Conon,56.58248250313473,-2.7031439317435857,6a5503980054045e27100fdb0065,36.03,9.2,84.0,11.18,100.0,4.06,101
2023-05-09 06:01:43.441566+00:00,70B3D51C20000092,Hygro#00:92,Hygro,Black Burn @ Milton of Conon,56.58248250313473,-2.7031439317435857,6a4d03980053048a27100fdd0066,36.0,9.2,83.0,11.62,100.0,4.06,102
2023-05-09 06:17:00.274363+00:00,70B3D51C20000092,Hygro#00:92,Hygro,Black Burn @ Milton of Conon,56.58248250313473,-2.7031439317435857,6a5203980053049f27100fd80067,36.02,9.2,83.0,11.83,100.0,4.06,103
2023-05-09 06:32:17.096018+00:00,70B3D51C20000092,Hygro#00:92,Hygro,Black Burn @ Milton of Conon,56.58248250313473,-2.7031439317435857,6a590398005304ab27100fd80068,36.05,9.2,83.0,11.95,100.0,4.06,104
2023-05-09 06:47:33.929300+00:00,70B3D51C20000092,Hygro#00:92,Hygro,Black Burn @ Milton of Conon,56.58248250313473,-2.7031439317435857,6a450398005304e827100fdb0069,35.97,9.2,83.0,12.56,100.0,4.06,105
2023-05-09 07:02:50.759611+00:00,70B3D51C20000092,Hygro#00:92,Hygro,Black Burn @ Milton of Conon,56.58248250313473,-2.7031439317435857,6a5503980054051427100fd6006a,36.03,9.2,84.0,13.0,100.0,4.05,106
2023-05-09 07:18:07.603600+00:00,70B3D51C20000092,Hygro#00:92,Hygro,Black Burn @ Milton of Conon,56.58248250313473,-2.7031439317435857,6a4403980053053b27100fd6006b,35.96,9.2,83.0,13.39,100.0,4.05,107
2023-05-09 07:33:24.417660+00:00,70B3D51C20000092,Hygro#00:92,Hygro,Black Burn @ Milton of Conon,56.58248250313473,-2.7031439317435857,6a3c03980053056527100fe3006c,35.93,9.2,83.0,13.81,100.0,4.07,108
2023-05-09 07:48:41.258161+00:00,70B3D51C20000092,Hygro#00:92,Hygro,Black Burn @ Milton of Conon,56.58248250313473,-2.7031439317435857,6a370398005305dc27100ff1006d,35.91,9.2,83.0,15.0,100.0,4.08,109
2023-05-09 08:03:58.110408+00:00,70B3D51C20000092,Hygro#00:92,Hygro,Black Burn @ Milton of Conon,56.58248250313473,-2.7031439317435857,6a3003980053060727100ff5006e,35.89,9.2,83.0,15.43,100.0,4.08,110
2023-05-09 08:19:14.935302+00:00,70B3D51C20000092,Hygro#00:92,Hygro,Black Burn @ Milton of Conon,56.58248250313473,-2.7031439317435857,6a3203980053065227100ffc006f,35.89,9.2,83.0,16.18,100.0,4.09,111
2023-05-09 08:34:31.779206+00:00,70B3D51C20000092,Hygro#00:92,Hygro,Black Burn @ Milton of Conon,56.58248250313473,-2.7031439317435857,6a2e039800520686271010090070,35.88,9.2,82.0,16.7,100.0,4.11,112
2023-05-09 08:49:48.615847+00:00,70B3D51C20000092,Hygro#00:92,Hygro,Black Burn @ Milton of Conon,56.58248250313473,-2.7031439317435857,6a1d0398005206c1271010120071,35.81,9.2,82.0,17.29,100.0,4.11,113
2023-05-09 09:05:05.457158+00:00,70B3D51C20000092,Hygro#00:92,Hygro,Black Burn @ Milton of Conon,56.58248250313473,-2.7031439317435857,6a1a039800520759271010210072,35.8,9.2,82.0,18.81,100.0,4.13,114
2023-05-09 09:20:22.291816+00:00,70B3D51C20000092,Hygro#00:92,Hygro,Black Burn @ Milton of Conon,56.58248250313473,-2.7031439317435857,6a1c039800520772271010280073,35.81,9.2,82.0,19.06,100.0,4.14,115
2023-05-09 09:35:39.128805+00:00,70B3D51C20000092,Hygro#00:92,Hygro,Black Burn @ Milton of Conon,56.58248250313473,-2.7031439317435857,6a1403980052078b271010390074,35.78,9.2,82.0,19.31,100.0,4.15,116
2023-05-09 09:50:55.967274+00:00,70B3D51C20000092,Hygro#00:92,Hygro,Black Burn @ Milton of Conon,56.58248250313473,-2.7031439317435857,69fd0398005207d2271010420075,35.69,9.2,82.0,20.02,100.0,4.16,117
2023-05-09 10:06:12.802432+00:00,70B3D51C20000092,Hygro#00:92,Hygro,Black Burn @ Milton of Conon,56.58248250313473,-2.7031439317435857,6a0503a20052077e271010440076,35.72,9.3,82.0,19.18,100.0,4.16,118
2023-05-09 10:21:29.643484+00:00,70B3D51C20000092,Hygro#00:92,Hygro,Black Burn @ Milton of Conon,56.58248250313473,-2.7031439317435857,69ec03a2005207652710104b0077,35.62,9.3,82.0,18.93,100.0,4.17,119
2023-05-09 10:36:46.484253+00:00,70B3D51C20000092,Hygro#00:92,Hygro,Black Burn @ Milton of Conon,56.58248250313473,-2.7031439317435857,69ee03a2005207f7271010510078,35.63,9.3,82.0,20.39,100.0,4.18,120
2023-05-09 10:52:03.337289+00:00,70B3D51C20000092,Hygro#00:92,Hygro,Black Burn @ Milton of Conon,56.58248250313473,-2.7031439317435857,69de03a200520870271010510079,35.57,9.3,82.0,21.6,100.0,4.18,121
2023-05-09 11:07:20.172535+00:00,70B3D51C20000092,Hygro#00:92,Hygro,Black Burn @ Milton of Conon,56.58248250313473,-2.7031439317435857,69db03a2005207ed27101058007a,35.56,9.3,82.0,20.29,100.0,4.18,122
2023-05-09 11:22:37.025195+00:00,70B3D51C20000092,Hygro#00:92,Hygro,Black Burn @ Milton of Conon,56.58248250313473,-2.7031439317435857,69c303a20052081b27101058007b,35.46,9.3,82.0,20.75,100.0,4.18,123
2023-05-09 11:37:53.853445+00:00,70B3D51C20000092,Hygro#00:92,Hygro,Black Burn @ Milton of Conon,56.58248250313473,-2.7031439317435857,69c003ab005108042710105f007c,35.45,9.39,81.0,20.52,100.0,4.19,124
2023-05-09 11:53:10.689828+00:00,70B3D51C20000092,Hygro#00:92,Hygro,Black Burn @ Milton of Conon,56.58248250313473,-2.7031439317435857,69b103ab005108442710105f007d,35.39,9.39,81.0,21.16,100.0,4.19,125
2023-05-09 12:08:27.530568+00:00,70B3D51C20000092,Hygro#00:92,Hygro,Black Burn @ Milton of Conon,56.58248250313473,-2.7031439317435857,69a903ab005106b62710105f007e,35.36,9.39,81.0,17.18,100.0,4.19,126
2023-05-09 12:23:44.363329+00:00,70B3D51C20000092,Hygro#00:92,Hygro,Black Burn @ Milton of Conon,56.58248250313473,-2.7031439317435857,699b03ab0050082d27101063007f,35.31,9.39,80.0,20.93,100.0,4.2,127
2023-05-09 12:39:01.201813+00:00,70B3D51C20000092,Hygro#00:92,Hygro,Black Burn @ Milton of Conon,56.58248250313473,-2.7031439317435857,699703b600500859271010650080,35.29,9.5,80.0,21.37,100.0,4.2,128
2023-05-09 12:54:18.027212+00:00,70B3D51C20000092,Hygro#00:92,Hygro,Black Burn @ Milton of Conon,56.58248250313473,-2.7031439317435857,699003b60050081f271010650081,35.27,9.5,80.0,20.79,100.0,4.2,129
2023-05-09 13:09:34.874014+00:00,70B3D51C20000092,Hygro#00:92,Hygro,Black Burn @ Milton of Conon,56.58248250313473,-2.7031439317435857,697f03b6005007d0271010670082,35.2,9.5,80.0,20.0,100.0,4.2,130
2023-05-09 13:24:51.705338+00:00,70B3D51C20000092,Hygro#00:92,Hygro,Black Burn @ Milton of Conon,56.58248250313473,-2.7031439317435857,697a03c00050082d271010670083,35.18,9.6,80.0,20.93,100.0,4.2,131
2023-05-09 13:40:08.546975+00:00,70B3D51C20000092,Hygro#00:92,Hygro,Black Burn @ Milton of Conon,56.58248250313473,-2.7031439317435857,697503c0005008212710106a0084,35.16,9.6,80.0,20.81,100.0,4.2,132
2023-05-09 13:55:25.381284+00:00,70B3D51C20000092,Hygro#00:92,Hygro,Black Burn @ Milton of Conon,56.58248250313473,-2.7031439317435857,696d03c0005007f52710106c0085,35.13,9.6,80.0,20.37,100.0,4.2,133
2023-05-09 14:10:42.225824+00:00,70B3D51C20000092,Hygro#00:92,Hygro,Black Burn @ Milton of Conon,56.58248250313473,-2.7031439317435857,695603ca00500808271010670086,35.04,9.7,80.0,20.56,100.0,4.2,134
2023-05-09 14:25:59.070680+00:00,70B3D51C20000092,Hygro#00:92,Hygro,Black Burn @ Milton of Conon,56.58248250313473,-2.7031439317435857,695103ca004f07a8271010630087,35.02,9.7,79.0,19.6,100.0,4.2,135
2023-05-09 14:41:15.907757+00:00,70B3D51C20000092,Hygro#00:92,Hygro,Black Burn @ Milton of Conon,56.58248250313473,-2.7031439317435857,694603ca004f081f271010650088,34.98,9.7,79.0,20.79,100.0,4.2,136
2023-05-09 14:56:32.744338+00:00,70B3D51C20000092,Hygro#00:92,Hygro,Black Burn @ Milton of Conon,56.58248250313473,-2.7031439317435857,694003d4004f0838271010630089,34.96,9.8,79.0,21.04,100.0,4.2,137
2023-05-09 15:11:49.580218+00:00,70B3D51C20000092,Hygro#00:92,Hygro,Black Burn @ Milton of Conon,56.58248250313473,-2.7031439317435857,693c03d40050085327101063008a,34.94,9.8,80.0,21.31,100.0,4.2,138
2023-05-09 15:27:06.426924+00:00,70B3D51C20000092,Hygro#00:92,Hygro,Black Burn @ Milton of Conon,56.58248250313473,-2.7031439317435857,692c03d4004f07ff27101061008b,34.88,9.8,79.0,20.47,100.0,4.19,139
2023-05-09 15:42:23.260795+00:00,70B3D51C20000092,Hygro#00:92,Hygro,Black Burn @ Milton of Conon,56.58248250313473,-2.7031439317435857,692603dd004f08042710105f008c,34.85,9.89,79.0,20.52,100.0,4.19,140
2023-05-09 15:57:40.095533+00:00,70B3D51C20000092,Hygro#00:92,Hygro,Black Burn @ Milton of Conon,56.58248250313473,-2.7031439317435857,691b03dd004f083127101061008d,34.81,9.89,79.0,20.97,100.0,4.19,141
2023-05-09 16:12:56.935488+00:00,70B3D51C20000092,Hygro#00:92,Hygro,Black Burn @ Milton of Conon,56.58248250313473,-2.7031439317435857,691f03dd004f07442710105f008e,34.83,9.89,79.0,18.6,100.0,4.19,142
2023-05-09 16:28:13.780753+00:00,70B3D51C20000092,Hygro#00:92,Hygro,Black Burn @ Milton of Conon,56.58248250313473,-2.7031439317435857,691203e8004f07722710105f008f,34.78,10.0,79.0,19.06,100.0,4.19,143
2023-05-09 16:43:30.629390+00:00,70B3D51C20000092,Hygro#00:92,Hygro,Black Burn @ Milton of Conon,56.58248250313473,-2.7031439317435857,690b03e8004f06e82710105a0090,34.75,10.0,79.0,17.68,100.0,4.19,144
2023-05-09 16:58:47.470007+00:00,70B3D51C20000092,Hygro#00:92,Hygro,Black Burn @ Milton of Conon,56.58248250313473,-2.7031439317435857,690303e8004f05fb2710105c0091,34.72,10.0,79.0,15.31,100.0,4.19,145
2023-05-09 17:14:04.325264+00:00,70B3D51C20000092,Hygro#00:92,Hygro,Black Burn @ Milton of Conon,56.58248250313473,-2.7031439317435857,690103e8004f05802710105c0092,34.71,10.0,79.0,14.08,100.0,4.19,146
2023-05-09 17:29:21.185791+00:00,70B3D51C20000092,Hygro#00:92,Hygro,Black Burn @ Milton of Conon,56.58248250313473,-2.7031439317435857,68fd03f2004e04cf2710105a0093,34.7,10.1,78.0,12.31,100.0,4.19,147
2023-05-09 17:44:38.048629+00:00,70B3D51C20000092,Hygro#00:92,Hygro,Black Burn @ Milton of Conon,56.58248250313473,-2.7031439317435857,68f903f2004f04b22710105c0094,34.68,10.1,79.0,12.02,100.0,4.19,148
2023-05-09 17:59:54.907689+00:00,70B3D51C20000092,Hygro#00:92,Hygro,Black Burn @ Milton of Conon,56.58248250313473,-2.7031439317435857,690303f2004f04882710105c0095,34.72,10.1,79.0,11.6,100.0,4.19,149
2023-05-09 18:15:11.767148+00:00,70B3D51C20000092,Hygro#00:92,Hygro,Black Burn @ Milton of Conon,56.58248250313473,-2.7031439317435857,68fa03f2004f048a271010580096,34.68,10.1,79.0,11.62,100.0,4.18,150
2023-05-09 18:30:28.630846+00:00,70B3D51C20000092,Hygro#00:92,Hygro,Black Burn @ Milton of Conon,56.58248250313473,-2.7031439317435857,68f403f2004f04d52710105a0097,34.66,10.1,79.0,12.37,100.0,4.19,151
2023-05-09 18:45:45.503792+00:00,70B3D51C20000092,Hygro#00:92,Hygro,Black Burn @ Milton of Conon,56.58248250313473,-2.7031439317435857,68f203f2004f04a92710105a0098,34.65,10.1,79.0,11.93,100.0,4.19,152
2023-05-09 19:01:02.369543+00:00,70B3D51C20000092,Hygro#00:92,Hygro,Black Burn @ Milton of Conon,56.58248250313473,-2.7031439317435857,68f503fc004f047e271010580099,34.66,10.2,79.0,11.5,100.0,4.18,153
2023-05-09 19:16:19.228201+00:00,70B3D51C20000092,Hygro#00:92,Hygro,Black Burn @ Milton of Conon,56.58248250313473,-2.7031439317435857,68ef03fc004e045227101058009a,34.64,10.2,78.0,11.06,100.0,4.18,154
2023-05-09 19:31:36.088155+00:00,70B3D51C20000092,Hygro#00:92,Hygro,Black Burn @ Milton of Conon,56.58248250313473,-2.7031439317435857,68f203fc004f041a27101054009b,34.65,10.2,79.0,10.5,100.0,4.18,155
2023-05-09 19:46:52.945521+00:00,70B3D51C20000092,Hygro#00:92,Hygro,Black Burn @ Milton of Conon,56.58248250313473,-2.7031439317435857,68ef03fc004f041327101054009c,34.64,10.2,79.0,10.43,100.0,4.18,156
2023-05-09 20:02:09.801524+00:00,70B3D51C20000092,Hygro#00:92,Hygro,Black Burn @ Milton of Conon,56.58248250313473,-2.7031439317435857,68f003fc004f03fa27101054009d,34.65,10.2,79.0,10.18,100.0,4.18,157
2023-05-09 20:17:26.643001+00:00,70B3D51C20000092,Hygro#00:92,Hygro,Black Burn @ Milton of Conon,56.58248250313473,-2.7031439317435857,68f403fc004f03d727101054009e,34.66,10.2,79.0,9.83,100.0,4.18,158
2023-05-09 20:32:43.476659+00:00,70B3D51C20000092,Hygro#00:92,Hygro,Black Burn @ Milton of Conon,56.58248250313473,-2.7031439317435857,68e503fc004f03f027101054009f,34.6,10.2,79.0,10.08,100.0,4.18,159
2023-05-09 20:48:00.312394+00:00,70B3D51C20000092,Hygro#00:92,Hygro,Black Burn @ Milton of Conon,56.58248250313473,-2.7031439317435857,68e903fc004f03f42710105100a0,34.62,10.2,79.0,10.12,100.0,4.18,160
2023-05-09 21:03:17.161810+00:00,70B3D51C20000092,Hygro#00:92,Hygro,Black Burn @ Milton of Conon,56.58248250313473,-2.7031439317435857,68e603fc004f03e12710104f00a1,34.61,10.2,79.0,9.93,100.0,4.17,161
2023-05-09 21:18:34.008330+00:00,70B3D51C20000092,Hygro#00:92,Hygro,Black Burn @ Milton of Conon,56.58248250313473,-2.7031439317435857,68e503f8004f03d92710105400a2,34.6,10.16,79.0,9.85,100.0,4.18,162
2023-05-09 21:33:50.833330+00:00,70B3D51C20000092,Hygro#00:92,Hygro,Black Burn @ Milton of Conon,56.58248250313473,-2.7031439317435857,68ed03f2004f03d32710104f00a3,34.63,10.1,79.0,9.79,100.0,4.17,163
2023-05-09 21:49:07.673295+00:00,70B3D51C20000092,Hygro#00:92,Hygro,Black Burn @ Milton of Conon,56.58248250313473,-2.7031439317435857,68e803f2004f03c82710104f00a4,34.61,10.1,79.0,9.68,100.0,4.17,164
2023-05-09 22:04:24.503985+00:00,70B3D51C20000092,Hygro#00:92,Hygro,Black Burn @ Milton of Conon,56.58248250313473,-2.7031439317435857,68e103f2004f03c22710104f00a5,34.59,10.1,79.0,9.62,100.0,4.17,165
2023-05-09 22:19:41.346086+00:00,70B3D51C20000092,Hygro#00:92,Hygro,Black Burn @ Milton of Conon,56.58248250313473,-2.7031439317435857,68e503f2004f03ba2710105100a6,34.6,10.1,79.0,9.54,100.0,4.18,166
2023-05-09 22:34:58.191076+00:00,70B3D51C20000092,Hygro#00:92,Hygro,Black Burn @ Milton of Conon,56.58248250313473,-2.7031439317435857,68de03f2004f03b12710104d00a7,34.58,10.1,79.0,9.45,100.0,4.17,167
2023-05-09 22:50:15.032141+00:00,70B3D51C20000092,Hygro#00:92,Hygro,Black Burn @ Milton of Conon,56.58248250313473,-2.7031439317435857,68e203f2004f03a72710104d00a8,34.59,10.1,79.0,9.35,100.0,4.17,168
2023-05-09 23:05:31.859804+00:00,70B3D51C20000092,Hygro#00:92,Hygro,Black Burn @ Milton of Conon,56.58248250313473,-2.7031439317435857,68e103f2004e039f2710104d00a9,34.59,10.1,78.0,9.27,100.0,4.17,169
2023-05-09 23:20:48.714018+00:00,70B3D51C20000092,Hygro#00:92,Hygro,Black Burn @ Milton of Conon,56.58248250313473,-2.7031439317435857,68e103f2004e039d2710104b00aa,34.59,10.1,78.0,9.25,100.0,4.17,170
2023-05-09 23:36:05.542604+00:00,70B3D51C20000092,Hygro#00:92,Hygro,Black Burn @ Milton of Conon,56.58248250313473,-2.7031439317435857,68e203f2004e03862710104d00ab,34.59,10.1,78.0,9.02,100.0,4.17,171
2023-05-09 23:51:22.391420+00:00,70B3D51C20000092,Hygro#00:92,Hygro,Black Burn @ Milton of Conon,56.58248250313473,-2.7031439317435857,68dd03e8004f03942710104900ac,34.57,10.0,79.0,9.16,100.0,4.17,172
2023-05-10 00:06:39.225574+00:00,70B3D51C20000092,Hygro#00:92,Hygro,Black Burn @ Milton of Conon,56.58248250313473,-2.7031439317435857,68e103e8004f03942710104900ad,34.59,10.0,79.0,9.16,100.0,4.17,173
2023-05-10 00:21:56.058581+00:00,70B3D51C20000092,Hygro#00:92,Hygro,Black Burn @ Milton of Conon,56.58248250313473,-2.7031439317435857,68eb03e80050038a2710104d00ae,34.63,10.0,80.0,9.06,100.0,4.17,174
2023-05-10 00:37:12.892172+00:00,70B3D51C20000092,Hygro#00:92,Hygro,Black Burn @ Milton of Conon,56.58248250313473,-2.7031439317435857,68db03e8004f038a2710104b00af,34.56,10.0,79.0,9.06,100.0,4.17,175
2023-05-10 00:52:29.727235+00:00,70B3D51C20000092,Hygro#00:92,Hygro,Black Burn @ Milton of Conon,56.58248250313473,-2.7031439317435857,68e603e8004f03882710104900b0,34.61,10.0,79.0,9.04,100.0,4.17,176
2023-05-10 01:07:46.564882+00:00,70B3D51C20000092,Hygro#00:92,Hygro,Black Burn @ Milton of Conon,56.58248250313473,-2.7031439317435857,68e003e8004f03882710104600b1,34.58,10.0,79.0,9.04,100.0,4.17,177
2023-05-10 01:23:03.405129+00:00,70B3D51C20000092,Hygro#00:92,Hygro,Black Burn @ Milton of Conon,56.58248250313473,-2.7031439317435857,68e203e8004f03842710104600b2,34.59,10.0,79.0,9.0,100.0,4.17,178
2023-05-10 01:38:20.246739+00:00,70B3D51C20000092,Hygro#00:92,Hygro,Black Burn @ Milton of Conon,56.58248250313473,-2.7031439317435857,68df03dd004f03842710104900b3,34.58,9.89,79.0,9.0,100.0,4.17,179
2023-05-10 01:53:37.085749+00:00,70B3D51C20000092,Hygro#00:92,Hygro,Black Burn @ Milton of Conon,56.58248250313473,-2.7031439317435857,68dc03dd004f03712710104900b4,34.57,9.89,79.0,8.81,100.0,4.17,180
2023-05-10 02:08:53.922859+00:00,70B3D51C20000092,Hygro#00:92,Hygro,Black Burn @ Milton of Conon,56.58248250313473,-2.7031439317435857,68df03dd004f03582710104600b5,34.58,9.89,79.0,8.56,100.0,4.17,181
2023-05-10 02:24:10.763112+00:00,70B3D51C20000092,Hygro#00:92,Hygro,Black Burn @ Milton of Conon,56.58248250313473,-2.7031439317435857,68dd03dd0050035e2710104900b6,34.57,9.89,80.0,8.62,100.0,4.17,182
2023-05-10 02:39:27.597695+00:00,70B3D51C20000092,Hygro#00:92,Hygro,Black Burn @ Milton of Conon,56.58248250313473,-2.7031439317435857,68e903dd004f03392710104900b7,34.62,9.89,79.0,8.25,100.0,4.17,183
2023-05-10 02:54:44.439266+00:00,70B3D51C20000092,Hygro#00:92,Hygro,Black Burn @ Milton of Conon,56.58248250313473,-2.7031439317435857,68da03dd004f03302710104600b8,34.56,9.89,79.0,8.16,100.0,4.17,184
2023-05-10 03:10:01.276250+00:00,70B3D51C20000092,Hygro#00:92,Hygro,Black Burn @ Milton of Conon,56.58248250313473,-2.7031439317435857,68da03dd004f03582710104200b9,34.56,9.89,79.0,8.56,100.0,4.16,185
2023-05-10 03:25:18.112399+00:00,70B3D51C20000092,Hygro#00:92,Hygro,Black Burn @ Milton of Conon,56.58248250313473,-2.7031439317435857,68de03d4004f036d2710104200ba,34.58,9.8,79.0,8.77,100.0,4.16,186
2023-05-10 03:40:34.950192+00:00,70B3D51C20000092,Hygro#00:92,Hygro,Black Burn @ Milton of Conon,56.58248250313473,-2.7031439317435857,68d803d4004f034f2710104200bb,34.55,9.8,79.0,8.47,100.0,4.16,187
2023-05-10 03:55:51.788938+00:00,70B3D51C20000092,Hygro#00:92,Hygro,Black Burn @ Milton of Conon,56.58248250313473,-2.7031439317435857,68d703d4004e03582710104400bc,34.55,9.8,78.0,8.56,100.0,4.16,188
2023-05-10 04:11:08.631561+00:00,70B3D51C20000092,Hygro#00:92,Hygro,Black Burn @ Milton of Conon,56.58248250313473,-2.7031439317435857,68e203d4004f03682710104200bd,34.59,9.8,79.0,8.72,100.0,4.16,189
2023-05-10 04:26:25.474194+00:00,70B3D51C20000092,Hygro#00:92,Hygro,Black Burn @ Milton of Conon,56.58248250313473,-2.7031439317435857,68db03d4004f03712710104200be,34.56,9.8,79.0,8.81,100.0,4.16,190
2023-05-10 04:41:42.306442+00:00,70B3D51C20000092,Hygro#00:92,Hygro,Black Burn @ Milton of Conon,56.58248250313473,-2.7031439317435857,68dd03d4004f036d2710104400bf,34.57,9.8,79.0,8.77,100.0,4.16,191
2023-05-10 04:56:59.141003+00:00,70B3D51C20000092,Hygro#00:92,Hygro,Black Burn @ Milton of Conon,56.58248250313473,-2.7031439317435857,68e003d4004f03582710104200c0,34.58,9.8,79.0,8.56,100.0,4.16,192
2023-05-10 05:12:15.980574+00:00,70B3D51C20000092,Hygro#00:92,Hygro,Black Burn @ Milton of Conon,56.58248250313473,-2.7031439317435857,68db03ca004f03772710104200c1,34.56,9.7,79.0,8.87,100.0,4.16,193
2023-05-10 05:27:32.807199+00:00,70B3D51C20000092,Hygro#00:92,Hygro,Black Burn @ Milton of Conon,56.58248250313473,-2.7031439317435857,68de03ca004f037d2710103e00c2,34.58,9.7,79.0,8.93,100.0,4.16,194
2023-05-10 05:42:49.641039+00:00,70B3D51C20000092,Hygro#00:92,Hygro,Black Burn @ Milton of Conon,56.58248250313473,-2.7031439317435857,68dd03ca0050037d2710103e00c3,34.57,9.7,80.0,8.93,100.0,4.16,195
2023-05-10 05:58:06.487635+00:00,70B3D51C20000092,Hygro#00:92,Hygro,Black Burn @ Milton of Conon,56.58248250313473,-2.7031439317435857,68d803ca004f03ad2710104000c4,34.55,9.7,79.0,9.41,100.0,4.16,196
2023-05-10 06:13:23.315260+00:00,70B3D51C20000092,Hygro#00:92,Hygro,Black Burn @ Milton of Conon,56.58248250313473,-2.7031439317435857,68d703ca004f04502710103e00c5,34.55,9.7,79.0,11.04,100.0,4.16,197
2023-05-10 06:28:40.143615+00:00,70B3D51C20000092,Hygro#00:92,Hygro,Black Burn @ Milton of Conon,56.58248250313473,-2.7031439317435857,68d303ca004f046f2710104000c6,34.53,9.7,79.0,11.35,100.0,4.16,198
2023-05-10 06:43:56.977512+00:00,70B3D51C20000092,Hygro#00:92,Hygro,Black Burn @ Milton of Conon,56.58248250313473,-2.7031439317435857,68d903ca004f04a12710104000c7,34.56,9.7,79.0,11.85,100.0,4.16,199
2023-05-10 06:59:13.814109+00:00,70B3D51C20000092,Hygro#00:92,Hygro,Black Burn @ Milton of Conon,56.58248250313473,-2.7031439317435857,68d503c0004e048a2710104b00c8,34.54,9.6,78.0,11.62,100.0,4.17,200
2023-05-10 07:14:30.657535+00:00,70B3D51C20000092,Hygro#00:92,Hygro,Black Burn @ Milton of Conon,56.58248250313473,-2.7031439317435857,68d503c0004e049d2710104600c9,34.54,9.6,78.0,11.81,100.0,4.17,201
2023-05-10 07:29:47.506022+00:00,70B3D51C20000092,Hygro#00:92,Hygro,Black Burn @ Milton of Conon,56.58248250313473,-2.7031439317435857,68d603c0004f04db2710104d00ca,34.54,9.6,79.0,12.43,100.0,4.17,202
2023-05-10 07:45:04.349949+00:00,70B3D51C20000092,Hygro#00:92,Hygro,Black Burn @ Milton of Conon,56.58248250313473,-2.7031439317435857,68d303c0004f05262710105600cb,34.53,9.6,79.0,13.18,100.0,4.18,203
2023-05-10 08:00:21.187540+00:00,70B3D51C20000092,Hygro#00:92,Hygro,Black Burn @ Milton of Conon,56.58248250313473,-2.7031439317435857,68ce03c0004f06142710105a00cc,34.51,9.6,79.0,15.56,100.0,4.19,204
2023-05-10 08:15:38.028803+00:00,70B3D51C20000092,Hygro#00:92,Hygro,Black Burn @ Milton of Conon,56.58248250313473,-2.7031439317435857,68ce03c0004e05f92710106100cd,34.51,9.6,78.0,15.29,100.0,4.19,205
2023-05-10 08:30:54.868841+00:00,70B3D51C20000092,Hygro#00:92,Hygro,Black Burn @ Milton of Conon,56.58248250313473,-2.7031439317435857,68d303c0004e06352710106100ce,34.53,9.6,78.0,15.89,100.0,4.19,206
2023-05-10 08:46:11.704530+00:00,70B3D51C20000092,Hygro#00:92,Hygro,Black Burn @ Milton of Conon,56.58248250313473,-2.7031439317435857,68be03c0004e06762710106100cf,34.45,9.6,78.0,16.54,100.0,4.19,207
2023-05-10 09:01:28.548726+00:00,70B3D51C20000092,Hygro#00:92,Hygro,Black Burn @ Milton of Conon,56.58248250313473,-2.7031439317435857,68ba03c0004e07212710106300d0,34.44,9.6,78.0,18.25,100.0,4.2,208
2023-05-10 09:16:45.379894+00:00,70B3D51C20000092,Hygro#00:92,Hygro,Black Burn @ Milton of Conon,56.58248250313473,-2.7031439317435857,68ba03c0004e07ef2710106700d1,34.44,9.6,78.0,20.31,100.0,4.2,209
2023-05-10 09:32:02.225113+00:00,70B3D51C20000092,Hygro#00:92,Hygro,Black Burn @ Milton of Conon,56.58248250313473,-2.7031439317435857,68b203c0004e07592710106a00d2,34.4,9.6,78.0,18.81,100.0,4.2,210
2023-05-10 09:47:19.043316+00:00,70B3D51C20000092,Hygro#00:92,Hygro,Black Burn @ Milton of Conon,56.58248250313473,-2.7031439317435857,68b703c0004e08082710106700d3,34.42,9.6,78.0,20.56,100.0,4.2,211
2023-05-10 10:02:35.888788+00:00,70B3D51C20000092,Hygro#00:92,Hygro,Black Burn @ Milton of Conon,56.58248250313473,-2.7031439317435857,68a903c0004e06162710106c00d4,34.37,9.6,78.0,15.58,100.0,4.2,212
2023-05-10 10:17:52.727023+00:00,70B3D51C20000092,Hygro#00:92,Hygro,Black Burn @ Milton of Conon,56.58248250313473,-2.7031439317435857,68a403ca004e05352710106c00d5,34.35,9.7,78.0,13.33,100.0,4.2,213
2023-05-10 10:33:09.554209+00:00,70B3D51C20000092,Hygro#00:92,Hygro,Black Burn @ Milton of Conon,56.58248250313473,-2.7031439317435857,689b03ca004e064c2710106300d6,34.32,9.7,78.0,16.12,100.0,4.2,214
2023-05-10 10:48:26.385977+00:00,70B3D51C20000092,Hygro#00:92,Hygro,Black Burn @ Milton of Conon,56.58248250313473,-2.7031439317435857,68a303ca004e05912710106500d7,34.35,9.7,78.0,14.25,100.0,4.2,215
2023-05-10 11:03:43.207251+00:00,70B3D51C20000092,Hygro#00:92,Hygro,Black Burn @ Milton of Conon,56.58248250313473,-2.7031439317435857,689a03ca004e070e2710106300d8,34.31,9.7,78.0,18.06,100.0,4.2,216
2023-05-10 11:19:00.053448+00:00,70B3D51C20000092,Hygro#00:92,Hygro,Black Burn @ Milton of Conon,56.58248250313473,-2.7031439317435857,689803ca004e070e2710105f00d9,34.3,9.7,78.0,18.06,100.0,4.19,217
2023-05-10 11:34:16.876737+00:00,70B3D51C20000092,Hygro#00:92,Hygro,Black Burn @ Milton of Conon,56.58248250313473,-2.7031439317435857,688c03ca004d06932710106100da,34.26,9.7,77.0,16.83,100.0,4.19,218
2023-05-10 11:49:33.702021+00:00,70B3D51C20000092,Hygro#00:92,Hygro,Black Burn @ Milton of Conon,56.58248250313473,-2.7031439317435857,688d03d4004d077c2710106300db,34.26,9.8,77.0,19.16,100.0,4.2,219
2023-05-10 12:04:50.540262+00:00,70B3D51C20000092,Hygro#00:92,Hygro,Black Burn @ Milton of Conon,56.58248250313473,-2.7031439317435857,688103d4004d073a2710106100dc,34.21,9.8,77.0,18.5,100.0,4.19,220
2023-05-10 12:20:07.384908+00:00,70B3D51C20000092,Hygro#00:92,Hygro,Black Burn @ Milton of Conon,56.58248250313473,-2.7031439317435857,688003d4004d06862710105f00dd,34.21,9.8,77.0,16.7,100.0,4.19,221
2023-05-10 12:35:24.219818+00:00,70B3D51C20000092,Hygro#00:92,Hygro,Black Burn @ Milton of Conon,56.58248250313473,-2.7031439317435857,687403d4004d073a2710105f00de,34.16,9.8,77.0,18.5,100.0,4.19,222
2023-05-10 12:50:41.055655+00:00,70B3D51C20000092,Hygro#00:92,Hygro,Black Burn @ Milton of Conon,56.58248250313473,-2.7031439317435857,687003dd004e06072710105f00df,34.15,9.89,78.0,15.43,100.0,4.19,223
2023-05-10 13:05:57.875306+00:00,70B3D51C20000092,Hygro#00:92,Hygro,Black Burn @ Milton of Conon,56.58248250313473,-2.7031439317435857,686a03dd004d05182710105c00e0,34.13,9.89,77.0,13.04,100.0,4.19,224
2023-05-10 13:21:14.695225+00:00,70B3D51C20000092,Hygro#00:92,Hygro,Black Burn @ Milton of Conon,56.58248250313473,-2.7031439317435857,686003dd004d07592710105c00e1,34.09,9.89,77.0,18.81,100.0,4.19,225
2023-05-10 13:36:31.519669+00:00,70B3D51C20000092,Hygro#00:92,Hygro,Black Burn @ Milton of Conon,56.58248250313473,-2.7031439317435857,686303dd004d08532710105c00e2,34.1,9.89,77.0,21.31,100.0,4.19,226
2023-05-10 13:51:48.343160+00:00,70B3D51C20000092,Hygro#00:92,Hygro,Black Burn @ Milton of Conon,56.58248250313473,-2.7031439317435857,685d03e8004d084a2710105c00e3,34.08,10.0,77.0,21.22,100.0,4.19,227
2023-05-10 14:07:05.171462+00:00,70B3D51C20000092,Hygro#00:92,Hygro,Black Burn @ Milton of Conon,56.58248250313473,-2.7031439317435857,685703e8004c087c2710105c00e4,34.05,10.0,76.0,21.72,100.0,4.19,228
2023-05-10 14:37:38.808893+00:00,70B3D51C20000092,Hygro#00:92,Hygro,Black Burn @ Milton of Conon,56.58248250313473,-2.7031439317435857,684b03f2004c05912710105a00e6,34.01,10.1,76.0,14.25,100.0,4.19,230
2023-05-10 14:52:55.619003+00:00,70B3D51C20000092,Hygro#00:92,Hygro,Black Burn @ Milton of Conon,56.58248250313473,-2.7031439317435857,684403f2004c07a82710105a00e7,33.98,10.1,76.0,19.6,100.0,4.19,231
2023-05-10 15:08:12.425710+00:00,70B3D51C20000092,Hygro#00:92,Hygro,Black Burn @ Milton of Conon,56.58248250313473,-2.7031439317435857,683d03f2004c08832710105800e8,33.95,10.1,76.0,21.79,100.0,4.18,232
2023-05-10 15:23:29.222473+00:00,70B3D51C20000092,Hygro#00:92,Hygro,Black Burn @ Milton of Conon,56.58248250313473,-2.7031439317435857,683803f2004c08232710105600e9,33.93,10.1,76.0,20.83,100.0,4.18,233
2023-05-10 15:38:46.010255+00:00,70B3D51C20000092,Hygro#00:92,Hygro,Black Burn @ Milton of Conon,56.58248250313473,-2.7031439317435857,683403fc004c06372710105400ea,33.92,10.2,76.0,15.91,100.0,4.18,234
2023-05-10 16:09:19.595448+00:00,70B3D51C20000092,Hygro#00:92,Hygro,Black Burn @ Milton of Conon,56.58248250313473,-2.7031439317435857,683003fc004c05a32710105800ec,33.9,10.2,76.0,14.43,100.0,4.18,236
2023-05-10 16:24:36.416087+00:00,70B3D51C20000092,Hygro#00:92,Hygro,Black Burn @ Milton of Conon,56.58248250313473,-2.7031439317435857,682c0406004c05222710105400ed,33.89,10.3,76.0,13.14,100.0,4.18,237
2023-05-10 16:39:53.228833+00:00,70B3D51C20000092,Hygro#00:92,Hygro,Black Burn @ Milton of Conon,56.58248250313473,-2.7031439317435857,68290406004c05282710105100ee,33.87,10.3,76.0,13.2,100.0,4.18,238
2023-05-10 16:55:10.017591+00:00,70B3D51C20000092,Hygro#00:92,Hygro,Black Burn @ Milton of Conon,56.58248250313473,-2.7031439317435857,68280406004c051e2710105400ef,33.87,10.3,76.0,13.1,100.0,4.18,239
2023-05-10 17:10:26.831507+00:00,70B3D51C20000092,Hygro#00:92,Hygro,Black Burn @ Milton of Conon,56.58248250313473,-2.7031439317435857,68210406004c04fb2710105600f0,33.84,10.3,76.0,12.75,100.0,4.18,240
2023-05-10 17:25:43.642093+00:00,70B3D51C20000092,Hygro#00:92,Hygro,Black Burn @ Milton of Conon,56.58248250313473,-2.7031439317435857,681e0406004c04802710105100f1,33.83,10.3,76.0,11.52,100.0,4.18,241
2023-05-10 17:41:00.455012+00:00,70B3D51C20000092,Hygro#00:92,Hygro,Black Burn @ Milton of Conon,56.58248250313473,-2.7031439317435857,68280410004c046b2710105600f2,33.87,10.4,76.0,11.31,100.0,4.18,242
2023-05-10 17:56:17.273080+00:00,70B3D51C20000092,Hygro#00:92,Hygro,Black Burn @ Milton of Conon,56.58248250313473,-2.7031439317435857,681c0410004c04902710105400f3,33.82,10.4,76.0,11.68,100.0,4.18,243
2023-05-10 18:11:34.085508+00:00,70B3D51C20000092,Hygro#00:92,Hygro,Black Burn @ Milton of Conon,56.58248250313473,-2.7031439317435857,681a0410004c05932710105600f4,33.82,10.4,76.0,14.27,100.0,4.18,244
2023-05-10 18:26:50.895391+00:00,70B3D51C20000092,Hygro#00:92,Hygro,Black Burn @ Milton of Conon,56.58248250313473,-2.7031439317435857,681c0410004c04cb2710105600f5,33.82,10.4,76.0,12.27,100.0,4.18,245
2023-05-10 18:42:07.715399+00:00,70B3D51C20000092,Hygro#00:92,Hygro,Black Burn @ Milton of Conon,56.58248250313473,-2.7031439317435857,68150410004d049d2710105600f6,33.8,10.4,77.0,11.81,100.0,4.18,246
2023-05-10 18:57:24.530070+00:00,70B3D51C20000092,Hygro#00:92,Hygro,Black Burn @ Milton of Conon,56.58248250313473,-2.7031439317435857,68160410004c04772710105600f7,33.8,10.4,76.0,11.43,100.0,4.18,247
2023-05-10 19:12:41.356196+00:00,70B3D51C20000092,Hygro#00:92,Hygro,Black Burn @ Milton of Conon,56.58248250313473,-2.7031439317435857,68160410004c04842710104f00f8,33.8,10.4,76.0,11.56,100.0,4.17,248
2023-05-10 19:27:58.162494+00:00,70B3D51C20000092,Hygro#00:92,Hygro,Black Burn @ Milton of Conon,56.58248250313473,-2.7031439317435857,681c0410004c047b2710105100f9,33.82,10.4,76.0,11.47,100.0,4.18,249
2023-05-10 19:43:14.986259+00:00,70B3D51C20000092,Hygro#00:92,Hygro,Black Burn @ Milton of Conon,56.58248250313473,-2.7031439317435857,681c0410004c04772710105100fa,33.82,10.4,76.0,11.43,100.0,4.18,250
2023-05-10 19:58:31.802377+00:00,70B3D51C20000092,Hygro#00:92,Hygro,Black Burn @ Milton of Conon,56.58248250313473,-2.7031439317435857,687f0410004c043b2710105100fb,34.21,10.4,76.0,10.83,100.0,4.18,251
2023-05-10 20:13:48.616305+00:00,70B3D51C20000092,Hygro#00:92,Hygro,Black Burn @ Milton of Conon,56.58248250313473,-2.7031439317435857,688a0410004d04332710105100fc,34.25,10.4,77.0,10.75,100.0,4.18,252
2023-05-10 20:29:05.432126+00:00,70B3D51C20000092,Hygro#00:92,Hygro,Black Burn @ Milton of Conon,56.58248250313473,-2.7031439317435857,68f60410004d04242710104f00fd,34.67,10.4,77.0,10.6,100.0,4.17,253
2023-05-10 20:44:22.246300+00:00,70B3D51C20000092,Hygro#00:92,Hygro,Black Burn @ Milton of Conon,56.58248250313473,-2.7031439317435857,69310410004d04072710104d00fe,34.9,10.4,77.0,10.31,100.0,4.17,254
2023-05-10 20:59:39.082531+00:00,70B3D51C20000092,Hygro#00:92,Hygro,Black Burn @ Milton of Conon,56.58248250313473,-2.7031439317435857,69430406004e03fe2710105100ff,34.97,10.3,78.0,10.22,100.0,4.18,255
2023-05-10 21:14:55.905105+00:00,70B3D51C20000092,Hygro#00:92,Hygro,Black Burn @ Milton of Conon,56.58248250313473,-2.7031439317435857,69440406004e03cf2710104d0000,34.97,10.3,78.0,9.75,100.0,4.17,0
2023-05-10 21:30:12.727186+00:00,70B3D51C20000092,Hygro#00:92,Hygro,Black Burn @ Milton of Conon,56.58248250313473,-2.7031439317435857,69450406004e03cf2710104d0001,34.98,10.3,78.0,9.75,100.0,4.17,1
2023-05-10 21:45:29.569673+00:00,70B3D51C20000092,Hygro#00:92,Hygro,Black Burn @ Milton of Conon,56.58248250313473,-2.7031439317435857,694c0406004d03982710104d0002,35.0,10.3,77.0,9.2,100.0,4.17,2
2023-05-10 22:00:46.393102+00:00,70B3D51C20000092,Hygro#00:92,Hygro,Black Burn @ Milton of Conon,56.58248250313473,-2.7031439317435857,69420406004e038e2710104d0003,34.96,10.3,78.0,9.1,100.0,4.17,3
2023-05-10 22:16:03.213591+00:00,70B3D51C20000092,Hygro#00:92,Hygro,Black Burn @ Milton of Conon,56.58248250313473,-2.7031439317435857,694a0406004e0394271010490004,34.99,10.3,78.0,9.16,100.0,4.17,4
2023-05-10 22:31:20.045186+00:00,70B3D51C20000092,Hygro#00:92,Hygro,Black Burn @ Milton of Conon,56.58248250313473,-2.7031439317435857,69460406004e038a271010490005,34.98,10.3,78.0,9.06,100.0,4.17,5
2023-05-22 02:26:31.646905+00:00,70B3D51C20000092,Hygro#00:92,Hygro,Black Burn @ Milton of Conon,56.58248250313473,-2.7031439317435857,64f50410003e03c8271010460021,30.69,10.4,62.0,9.68,100.0,4.17,33
2023-05-22 02:41:48.478570+00:00,70B3D51C20000092,Hygro#00:92,Hygro,Black Burn @ Milton of Conon,56.58248250313473,-2.7031439317435857,65000410003e0386271010460022,30.74,10.4,62.0,9.02,100.0,4.17,34
2023-05-22 02:57:05.308813+00:00,70B3D51C20000092,Hygro#00:92,Hygro,Black Burn @ Milton of Conon,56.58248250313473,-2.7031439317435857,64f60410003d0379271010440023,30.7,10.4,61.0,8.89,100.0,4.16,35
2023-05-22 15:41:06.826537+00:00,70B3D51C20000092,Hygro#00:92,Hygro,Black Burn @ Milton of Conon,56.58248250313473,-2.7031439317435857,64db041a003d051c271010650055,30.59,10.5,61.0,13.08,100.0,4.2,85
2023-05-23 16:52:40.096718+00:00,70B3D51C20000092,Hygro#00:92,Hygro,Black Burn @ Milton of Conon,56.58248250313473,-2.7031439317435857,643803f20039060e271010560000,29.96,10.1,57.0,15.5,100.0,4.18,0
2023-05-23 17:07:56.940199+00:00,70B3D51C20000092,Hygro#00:92,Hygro,Black Burn @ Milton of Conon,56.58248250313473,-2.7031439317435857,642d03f200380601271010560001,29.92,10.1,56.0,15.37,100.0,4.18,1
2023-05-23 17:23:13.794291+00:00,70B3D51C20000092,Hygro#00:92,Hygro,Black Burn @ Milton of Conon,56.58248250313473,-2.7031439317435857,643003f200390620271010560002,29.93,10.1,57.0,15.68,100.0,4.18,2
