timestamp,device_eui,device_name,device_type,site_name,latitude,longitude,payload,soil_moisture,soil_temp,soil_conductivity,air_temp,air_humidity,battery_volt,status
2025-03-27 15:19:08.067828+00:00,70B3D57ED004558D,Hygro#55:8D,Hygro,Crofts South West Field,56.57950324451966,-2.7063292005198787,6cc902f8006403ba2475104600c2,38.47,7.6,100.0,9.54,93.33,4.17,194
2025-03-27 15:34:24.813895+00:00,70B3D57ED004558D,Hygro#55:8D,Hygro,Crofts South West Field,56.57950324451966,-2.7063292005198787,6cce02f8006403b82477104900c3,38.49,7.6,100.0,9.52,93.35,4.17,195
2025-03-27 15:49:41.581327+00:00,70B3D57ED004558D,Hygro#55:8D,Hygro,Crofts South West Field,56.57950324451966,-2.7063292005198787,6cc70302006403bc2467104600c4,38.46,7.7,100.0,9.56,93.19,4.17,196
2025-03-27 16:04:58.345035+00:00,70B3D57ED004558D,Hygro#55:8D,Hygro,Crofts South West Field,56.57950324451966,-2.7063292005198787,6cc60302006403c22456104900c5,38.45,7.7,100.0,9.62,93.02,4.17,197
2025-03-27 16:20:15.104826+00:00,70B3D57ED004558D,Hygro#55:8D,Hygro,Crofts South West Field,56.57950324451966,-2.7063292005198787,6ccc0302006403b82455104600c6,38.48,7.7,100.0,9.52,93.01,4.17,198
2025-03-27 16:35:31.859788+00:00,70B3D57ED004558D,Hygro#55:8D,Hygro,Crofts South West Field,56.57950324451966,-2.7063292005198787,6ccc03020065039a245b104600c7,38.48,7.7,101.0,9.22,93.07,4.17,199
2025-03-27 16:50:48.624711+00:00,70B3D57ED004558D,Hygro#55:8D,Hygro,Crofts South West Field,56.57950324451966,-2.7063292005198787,6cd103020064039d246a104600c8,38.5,7.7,100.0,9.25,93.22,4.17,200
2025-03-27 17:06:05.392845+00:00,70B3D57ED004558D,Hygro#55:8D,Hygro,Crofts South West Field,56.57950324451966,-2.7063292005198787,6ccf0302006403882469104600c9,38.49,7.7,100.0,9.04,93.21,4.17,201
2025-03-27 17:21:22.158884+00:00,70B3D57ED004558D,Hygro#55:8D,Hygro,Crofts South West Field,56.57950324451966,-2.7063292005198787,6cc903020064037b246a104900ca,38.47,7.7,100.0,8.91,93.22,4.17,202
2025-03-27 17:36:38.929852+00:00,70B3D57ED004558D,Hygro#55:8D,Hygro,Crofts South West Field,56.57950324451966,-2.7063292005198787,6ccc03020065036d246f104400cb,38.48,7.7,101.0,8.77,93.27,4.16,203
2025-03-27 17:51:55.693040+00:00,70B3D57ED004558D,Hygro#55:8D,Hygro,Crofts South West Field,56.57950324451966,-2.7063292005198787,6cda030200630360246c104600cc,38.53,7.7,99.0,8.64,93.24,4.17,204
2025-03-27 18:07:12.464520+00:00,70B3D57ED004558D,Hygro#55:8D,Hygro,Crofts South West Field,56.57950324451966,-2.7063292005198787,6cd7030200630358246f104b00cd,38.52,7.7,99.0,8.56,93.27,4.17,205
2025-03-27 18:22:29.230259+00:00,70B3D57ED004558D,Hygro#55:8D,Hygro,Crofts South West Field,56.57950324451966,-2.7063292005198787,6ce203040064035c2471104b00ce,38.56,7.72,100.0,8.6,93.29,4.17,206
2025-03-27 18:37:45.995556+00:00,70B3D57ED004558D,Hygro#55:8D,Hygro,Crofts South West Field,56.57950324451966,-2.7063292005198787,6ce9030c00640362246c104900cf,38.59,7.8,100.0,8.66,93.24,4.17,207
2025-03-27 18:53:02.758840+00:00,70B3D57ED004558D,Hygro#55:8D,Hygro,Crofts South West Field,56.57950324451966,-2.7063292005198787,6cfc030c0064036b2469104600d0,38.66,7.8,100.0,8.75,93.21,4.17,208
2025-03-27 19:08:19.529169+00:00,70B3D57ED004558D,Hygro#55:8D,Hygro,Crofts South West Field,56.57950324451966,-2.7063292005198787,6d06030c006503642466104600d1,38.7,7.8,101.0,8.68,93.18,4.17,209
2025-03-27 19:38:53.063503+00:00,70B3D57ED004558D,Hygro#55:8D,Hygro,Crofts South West Field,56.57950324451966,-2.7063292005198787,6dac030c006902b32484104900d3,39.35,7.8,105.0,6.91,93.48,4.17,211
2025-03-27 19:54:09.834004+00:00,70B3D57ED004558D,Hygro#55:8D,Hygro,Crofts South West Field,56.57950324451966,-2.7063292005198787,6dca030c006b02a3248b104400d4,39.46,7.8,107.0,6.75,93.55,4.16,212
2025-03-27 20:09:26.607990+00:00,70B3D57ED004558D,Hygro#55:8D,Hygro,Crofts South West Field,56.57950324451966,-2.7063292005198787,6dd3030c006a028e247e104400d5,39.5,7.8,106.0,6.54,93.42,4.16,213
2025-03-27 20:24:43.387189+00:00,70B3D57ED004558D,Hygro#55:8D,Hygro,Crofts South West Field,56.57950324451966,-2.7063292005198787,6de9030c006c02732475104b00d6,39.58,7.8,108.0,6.27,93.33,4.17,214
2025-03-27 20:40:00.161591+00:00,70B3D57ED004558D,Hygro#55:8D,Hygro,Crofts South West Field,56.57950324451966,-2.7063292005198787,6df5030c006c025e246a104400d7,39.63,7.8,108.0,6.06,93.22,4.16,215
2025-03-27 20:55:16.938725+00:00,70B3D57ED004558D,Hygro#55:8D,Hygro,Crofts South West Field,56.57950324451966,-2.7063292005198787,6df9030c006c0253245f104b00d8,39.65,7.8,108.0,5.95,93.11,4.17,216
2025-03-27 21:10:33.720517+00:00,70B3D57ED004558D,Hygro#55:8D,Hygro,Crofts South West Field,56.57950324451966,-2.7063292005198787,6dfc030c006c024d2464104600d9,39.66,7.8,108.0,5.89,93.16,4.17,217
2025-03-27 21:25:50.498899+00:00,70B3D57ED004558D,Hygro#55:8D,Hygro,Crofts South West Field,56.57950324451966,-2.7063292005198787,6e00030c006e025a245c104900da,39.67,7.8,110.0,6.02,93.08,4.17,218
2025-03-27 21:41:07.278173+00:00,70B3D57ED004558D,Hygro#55:8D,Hygro,Crofts South West Field,56.57950324451966,-2.7063292005198787,6e000302006d02532440104400db,39.67,7.7,109.0,5.95,92.8,4.16,219
2025-03-27 21:56:24.057198+00:00,70B3D57ED004558D,Hygro#55:8D,Hygro,Crofts South West Field,56.57950324451966,-2.7063292005198787,6e060302006d0262244d104600dc,39.7,7.7,109.0,6.1,92.93,4.17,220
2025-03-27 22:11:40.828559+00:00,70B3D57ED004558D,Hygro#55:8D,Hygro,Crofts South West Field,56.57950324451966,-2.7063292005198787,6e010302006d02642435104900dd,39.68,7.7,109.0,6.12,92.69,4.17,221
2025-03-27 22:26:57.598644+00:00,70B3D57ED004558D,Hygro#55:8D,Hygro,Crofts South West Field,56.57950324451966,-2.7063292005198787,6e000302006d0255241f104400de,39.67,7.7,109.0,5.97,92.47,4.16,222
2025-03-27 22:42:14.378402+00:00,70B3D57ED004558D,Hygro#55:8D,Hygro,Crofts South West Field,56.57950324451966,-2.7063292005198787,6e080302006d025e2434104600df,39.7,7.7,109.0,6.06,92.68,4.17,223
2025-03-27 22:57:31.161188+00:00,70B3D57ED004558D,Hygro#55:8D,Hygro,Crofts South West Field,56.57950324451966,-2.7063292005198787,6e050302006d024b2417104b00e0,39.69,7.7,109.0,5.87,92.39,4.17,224
2025-03-27 23:28:04.718095+00:00,70B3D57ED004558D,Hygro#55:8D,Hygro,Crofts South West Field,56.57950324451966,-2.7063292005198787,6e050302006f025a2420104200e2,39.69,7.7,111.0,6.02,92.48,4.16,226
2025-03-27 23:43:21.495425+00:00,70B3D57ED004558D,Hygro#55:8D,Hygro,Crofts South West Field,56.57950324451966,-2.7063292005198787,6e1002f9006e023423fe104400e3,39.73,7.61,110.0,5.64,92.14,4.16,227
2025-03-27 23:58:38.282219+00:00,70B3D57ED004558D,Hygro#55:8D,Hygro,Crofts South West Field,56.57950324451966,-2.7063292005198787,6e0a02f8006e020a2412104900e4,39.71,7.6,110.0,5.22,92.34,4.17,228
2025-03-28 00:13:55.054677+00:00,70B3D57ED004558D,Hygro#55:8D,Hygro,Crofts South West Field,56.57950324451966,-2.7063292005198787,6e0e02f8006e01fe2413104600e5,39.73,7.6,110.0,5.1,92.35,4.17,229
2025-03-28 00:29:11.835410+00:00,70B3D57ED004558D,Hygro#55:8D,Hygro,Crofts South West Field,56.57950324451966,-2.7063292005198787,6e1302f8006e01f62413104600e6,39.75,7.6,110.0,5.02,92.35,4.17,230
2025-03-28 00:44:28.617184+00:00,70B3D57ED004558D,Hygro#55:8D,Hygro,Crofts South West Field,56.57950324451966,-2.7063292005198787,6e0f02f8006e01dd2400104400e7,39.73,7.6,110.0,4.77,92.16,4.16,231
2025-03-28 00:59:45.391470+00:00,70B3D57ED004558D,Hygro#55:8D,Hygro,Crofts South West Field,56.57950324451966,-2.7063292005198787,6e0b02f8006f01c823fc104400e8,39.72,7.6,111.0,4.56,92.12,4.16,232
2025-03-28 01:15:02.175659+00:00,70B3D57ED004558D,Hygro#55:8D,Hygro,Crofts South West Field,56.57950324451966,-2.7063292005198787,6e1102ee006e01a923f8104400e9,39.74,7.5,110.0,4.25,92.08,4.16,233
2025-03-28 01:30:18.952709+00:00,70B3D57ED004558D,Hygro#55:8D,Hygro,Crofts South West Field,56.57950324451966,-2.7063292005198787,6e1502ee006e01a223f7104400ea,39.75,7.5,110.0,4.18,92.07,4.16,234
2025-03-28 01:45:35.735027+00:00,70B3D57ED004558D,Hygro#55:8D,Hygro,Crofts South West Field,56.57950324451966,-2.7063292005198787,6e1602ee006e019623e9104000eb,39.76,7.5,110.0,4.06,91.93,4.16,235
2025-03-28 02:00:52.512377+00:00,70B3D57ED004558D,Hygro#55:8D,Hygro,Crofts South West Field,56.57950324451966,-2.7063292005198787,6e1102ee006f019c23e3104900ec,39.74,7.5,111.0,4.12,91.87,4.17,236
2025-03-28 02:16:09.288785+00:00,70B3D57ED004558D,Hygro#55:8D,Hygro,Crofts South West Field,56.57950324451966,-2.7063292005198787,6e1c02ee006e018323e1104b00ed,39.78,7.5,110.0,3.87,91.85,4.17,237
2025-03-28 02:31:26.077885+00:00,70B3D57ED004558D,Hygro#55:8D,Hygro,Crofts South West Field,56.57950324451966,-2.7063292005198787,6e1702e4006f016e23d7104200ee,39.76,7.4,111.0,3.66,91.75,4.16,238
2025-03-28 02:46:42.862733+00:00,70B3D57ED004558D,Hygro#55:8D,Hygro,Crofts South West Field,56.57950324451966,-2.7063292005198787,6e2402e4006e016a23e1104400ef,39.81,7.4,110.0,3.62,91.85,4.16,239
2025-03-28 03:01:59.642296+00:00,70B3D57ED004558D,Hygro#55:8D,Hygro,Crofts South West Field,56.57950324451966,-2.7063292005198787,6e2102e4006d015e23dd104200f0,39.8,7.4,109.0,3.5,91.81,4.16,240
2025-03-28 03:17:16.427745+00:00,70B3D57ED004558D,Hygro#55:8D,Hygro,Crofts South West Field,56.57950324451966,-2.7063292005198787,6e1802e4006d014d23da104400f1,39.77,7.4,109.0,3.33,91.78,4.16,241
2025-03-28 03:32:33.217298+00:00,70B3D57ED004558D,Hygro#55:8D,Hygro,Crofts South West Field,56.57950324451966,-2.7063292005198787,6e1e02e4006e017223dc104600f2,39.79,7.4,110.0,3.7,91.8,4.17,242
2025-03-28 03:47:49.998350+00:00,70B3D57ED004558D,Hygro#55:8D,Hygro,Crofts South West Field,56.57950324451966,-2.7063292005198787,6e2202da006e017023e8104000f3,39.8,7.3,110.0,3.68,91.92,4.16,243
2025-03-28 04:03:06.770882+00:00,70B3D57ED004558D,Hygro#55:8D,Hygro,Crofts South West Field,56.57950324451966,-2.7063292005198787,6e2002da006f017d23fd104400f4,39.8,7.3,111.0,3.81,92.13,4.16,244
2025-03-28 04:18:23.561709+00:00,70B3D57ED004558D,Hygro#55:8D,Hygro,Crofts South West Field,56.57950324451966,-2.7063292005198787,6e1d02da006e014b23c0104200f5,39.79,7.3,110.0,3.31,91.52,4.16,245
2025-03-28 04:33:40.339832+00:00,70B3D57ED004558D,Hygro#55:8D,Hygro,Crofts South West Field,56.57950324451966,-2.7063292005198787,6e1d02da006e011d23e5104400f6,39.79,7.3,110.0,2.85,91.89,4.16,246
2025-03-28 04:48:57.126549+00:00,70B3D57ED004558D,Hygro#55:8D,Hygro,Crofts South West Field,56.57950324451966,-2.7063292005198787,6e1902da006e010623e3104600f7,39.77,7.3,110.0,2.62,91.87,4.17,247
2025-03-28 05:04:13.922431+00:00,70B3D57ED004558D,Hygro#55:8D,Hygro,Crofts South West Field,56.57950324451966,-2.7063292005198787,6e1d02d0006d010423e3104900f8,39.79,7.2,109.0,2.6,91.87,4.17,248
2025-03-28 05:19:30.696307+00:00,70B3D57ED004558D,Hygro#55:8D,Hygro,Crofts South West Field,56.57950324451966,-2.7063292005198787,6e1d02d0006d00fa23d8104400f9,39.79,7.2,109.0,2.5,91.76,4.16,249
2025-03-28 05:34:47.515247+00:00,70B3D57ED004558D,Hygro#55:8D,Hygro,Crofts South West Field,56.57950324451966,-2.7063292005198787,6e2002d0006e00f323d6104600fa,39.8,7.2,110.0,2.43,91.74,4.17,250
2025-03-28 05:50:04.269435+00:00,70B3D57ED004558D,Hygro#55:8D,Hygro,Crofts South West Field,56.57950324451966,-2.7063292005198787,6e2602d0006d00eb23d4104400fb,39.82,7.2,109.0,2.35,91.72,4.16,251
2025-03-28 06:20:37.842312+00:00,70B3D57ED004558D,Hygro#55:8D,Hygro,Crofts South West Field,56.57950324451966,-2.7063292005198787,6e2502c6006d015123dc104200fd,39.82,7.1,109.0,3.37,91.8,4.16,253
2025-03-28 06:35:54.627104+00:00,70B3D57ED004558D,Hygro#55:8D,Hygro,Crofts South West Field,56.57950324451966,-2.7063292005198787,6e2102c6006d01a623c0104000fe,39.8,7.1,109.0,4.22,91.52,4.16,254
2025-03-28 06:51:11.399881+00:00,70B3D57ED004558D,Hygro#55:8D,Hygro,Crofts South West Field,56.57950324451966,-2.7063292005198787,6e2602c6006d017d23d9104400ff,39.82,7.1,109.0,3.81,91.77,4.16,255
2025-03-28 07:06:28.177371+00:00,70B3D57ED004558D,Hygro#55:8D,Hygro,Crofts South West Field,56.57950324451966,-2.7063292005198787,6e1f02c6006c0213242f10440000,39.79,7.1,108.0,5.31,92.63,4.16,0
2025-03-28 07:52:18.489331+00:00,70B3D57ED004558D,Hygro#55:8D,Hygro,Crofts South West Field,56.57950324451966,-2.7063292005198787,6e2002bc006d0247241e10400003,39.8,7.0,109.0,5.83,92.46,4.16,3
2025-03-28 08:07:35.252981+00:00,70B3D57ED004558D,Hygro#55:8D,Hygro,Crofts South West Field,56.57950324451966,-2.7063292005198787,6e2802bc006d029623c2104d0004,39.83,7.0,109.0,6.62,91.54,4.17,4
2025-03-28 08:22:52.019004+00:00,70B3D57ED004558D,Hygro#55:8D,Hygro,Crofts South West Field,56.57950324451966,-2.7063292005198787,6e2802bc006d02e5238610510005,39.83,7.0,109.0,7.41,90.94,4.18,5
2025-03-28 08:38:08.781916+00:00,70B3D57ED004558D,Hygro#55:8D,Hygro,Crofts South West Field,56.57950324451966,-2.7063292005198787,6e1d02bc006c0315235110560006,39.79,7.0,108.0,7.89,90.41,4.18,6
2025-03-28 08:53:25.537394+00:00,70B3D57ED004558D,Hygro#55:8D,Hygro,Crofts South West Field,56.57950324451966,-2.7063292005198787,6e1f02bc006c0358230310490007,39.79,7.0,108.0,8.56,89.63,4.17,7
2025-03-28 09:23:59.045050+00:00,70B3D57ED004558D,Hygro#55:8D,Hygro,Crofts South West Field,56.57950324451966,-2.7063292005198787,6e1f02bb006c03ee230110490009,39.79,6.99,108.0,10.06,89.61,4.17,9
2025-03-28 09:39:15.797616+00:00,70B3D57ED004558D,Hygro#55:8D,Hygro,Crofts South West Field,56.57950324451966,-2.7063292005198787,6e2502bc006c0415237f104b000a,39.82,7.0,108.0,10.45,90.87,4.17,10
2025-03-28 09:54:32.552561+00:00,70B3D57ED004558D,Hygro#55:8D,Hygro,Crofts South West Field,56.57950324451966,-2.7063292005198787,6e1d02bc006c044724361046000b,39.79,7.0,108.0,10.95,92.7,4.17,11
2025-03-28 10:09:49.314542+00:00,70B3D57ED004558D,Hygro#55:8D,Hygro,Crofts South West Field,56.57950324451966,-2.7063292005198787,6e2702bc006c04672492104b000c,39.82,7.0,108.0,11.27,93.62,4.17,12
2025-03-28 10:25:06.070696+00:00,70B3D57ED004558D,Hygro#55:8D,Hygro,Crofts South West Field,56.57950324451966,-2.7063292005198787,6e2602bc006c04a7247a1049000d,39.82,7.0,108.0,11.91,93.38,4.17,13
2025-03-28 10:40:22.821070+00:00,70B3D57ED004558D,Hygro#55:8D,Hygro,Crofts South West Field,56.57950324451966,-2.7063292005198787,6e1902bc006d04bc249e104b000e,39.77,7.0,109.0,12.12,93.74,4.17,14
2025-03-28 10:55:39.576513+00:00,70B3D57ED004558D,Hygro#55:8D,Hygro,Crofts South West Field,56.57950324451966,-2.7063292005198787,6e1a02bc006d051424d51049000f,39.77,7.0,109.0,13.0,94.29,4.17,15
2025-03-28 11:10:56.339199+00:00,70B3D57ED004558D,Hygro#55:8D,Hygro,Crofts South West Field,56.57950324451966,-2.7063292005198787,6e1702bc006d055624b610490010,39.76,7.0,109.0,13.66,93.98,4.17,16
2025-03-28 11:26:13.096037+00:00,70B3D57ED004558D,Hygro#55:8D,Hygro,Crofts South West Field,56.57950324451966,-2.7063292005198787,6e2402c6006c0526249e10490011,39.81,7.1,108.0,13.18,93.74,4.17,17
2025-03-28 11:41:29.852448+00:00,70B3D57ED004558D,Hygro#55:8D,Hygro,Crofts South West Field,56.57950324451966,-2.7063292005198787,6e1502c6006c056b249c10490012,39.75,7.1,108.0,13.87,93.72,4.17,18
2025-03-28 11:56:46.598625+00:00,70B3D57ED004558D,Hygro#55:8D,Hygro,Crofts South West Field,56.57950324451966,-2.7063292005198787,6e1702c6006c049d24aa10490013,39.76,7.1,108.0,11.81,93.86,4.17,19
2025-03-28 12:12:03.362577+00:00,70B3D57ED004558D,Hygro#55:8D,Hygro,Crofts South West Field,56.57950324451966,-2.7063292005198787,6e1602c6006c051c250210460014,39.76,7.1,108.0,13.08,94.74,4.17,20
2025-03-28 12:27:20.128813+00:00,70B3D57ED004558D,Hygro#55:8D,Hygro,Crofts South West Field,56.57950324451966,-2.7063292005198787,6e1a02d0006c051124bf10460015,39.77,7.2,108.0,12.97,94.07,4.17,21
2025-03-28 12:42:36.886765+00:00,70B3D57ED004558D,Hygro#55:8D,Hygro,Crofts South West Field,56.57950324451966,-2.7063292005198787,6e1002d0006c05fb245f104b0016,39.73,7.2,108.0,15.31,93.11,4.17,22
2025-03-28 13:13:10.390893+00:00,70B3D57ED004558D,Hygro#55:8D,Hygro,Crofts South West Field,56.57950324451966,-2.7063292005198787,6e1102da006c0546246b104b0018,39.74,7.3,108.0,13.5,93.23,4.17,24
2025-03-28 13:28:27.165169+00:00,70B3D57ED004558D,Hygro#55:8D,Hygro,Crofts South West Field,56.57950324451966,-2.7063292005198787,6e0e02da006b0488247410490019,39.73,7.3,107.0,11.6,93.32,4.17,25
2025-03-28 13:43:43.914287+00:00,70B3D57ED004558D,Hygro#55:8D,Hygro,Crofts South West Field,56.57950324451966,-2.7063292005198787,6e1602da006b0591248d1049001a,39.76,7.3,107.0,14.25,93.57,4.17,26
2025-03-28 13:59:00.679876+00:00,70B3D57ED004558D,Hygro#55:8D,Hygro,Crofts South West Field,56.57950324451966,-2.7063292005198787,6dd302e4006a059f245d1049001b,39.5,7.4,106.0,14.39,93.09,4.17,27
2025-03-28 14:14:17.438397+00:00,70B3D57ED004558D,Hygro#55:8D,Hygro,Crofts South West Field,56.57950324451966,-2.7063292005198787,6dd702e4006a04e4248a1049001c,39.51,7.4,106.0,12.52,93.54,4.17,28
2025-03-28 14:29:34.190260+00:00,70B3D57ED004558D,Hygro#55:8D,Hygro,Crofts South West Field,56.57950324451966,-2.7063292005198787,6dd302e4006904ea24a11046001d,39.5,7.4,105.0,12.58,93.77,4.17,29
2025-03-28 14:44:50.951879+00:00,70B3D57ED004558D,Hygro#55:8D,Hygro,Crofts South West Field,56.57950324451966,-2.7063292005198787,6dc802e4006a05ae24651049001e,39.46,7.4,106.0,14.54,93.17,4.17,30
2025-03-28 15:00:07.716822+00:00,70B3D57ED004558D,Hygro#55:8D,Hygro,Crofts South West Field,56.57950324451966,-2.7063292005198787,6dc102ee006a058024611049001f,39.43,7.5,106.0,14.08,93.13,4.17,31
2025-03-28 15:15:24.471283+00:00,70B3D57ED004558D,Hygro#55:8D,Hygro,Crofts South West Field,56.57950324451966,-2.7063292005198787,6db102ee00690573248d10490020,39.37,7.5,105.0,13.95,93.57,4.17,32
2025-03-28 15:30:41.233367+00:00,70B3D57ED004558D,Hygro#55:8D,Hygro,Crofts South West Field,56.57950324451966,-2.7063292005198787,6db002ee006a05a124a310440021,39.36,7.5,106.0,14.41,93.79,4.16,33
2025-03-28 15:45:57.988118+00:00,70B3D57ED004558D,Hygro#55:8D,Hygro,Crofts South West Field,56.57950324451966,-2.7063292005198787,6daf02ee006a050f246710460022,39.36,7.5,106.0,12.95,93.19,4.17,34
2025-03-28 16:16:31.519849+00:00,70B3D57ED004558D,Hygro#55:8D,Hygro,Crofts South West Field,56.57950324451966,-2.7063292005198787,6da502f8006a03a3244610460024,39.32,7.6,106.0,9.31,92.86,4.17,36
2025-03-28 16:47:05.051479+00:00,70B3D57ED004558D,Hygro#55:8D,Hygro,Crofts South West Field,56.57950324451966,-2.7063292005198787,6da602f8006a03d5241210440026,39.32,7.6,106.0,9.81,92.34,4.16,38
2025-03-28 17:17:38.581787+00:00,70B3D57ED004558D,Hygro#55:8D,Hygro,Crofts South West Field,56.57950324451966,-2.7063292005198787,6da402f8006902fe234e10440028,39.32,7.6,105.0,7.66,90.38,4.16,40
2025-03-28 17:32:55.335841+00:00,70B3D57ED004558D,Hygro#55:8D,Hygro,Crofts South West Field,56.57950324451966,-2.7063292005198787,6d9902f8006902d5237e10490029,39.27,7.6,105.0,7.25,90.86,4.17,41
2025-03-28 18:03:28.893046+00:00,70B3D57ED004558D,Hygro#55:8D,Hygro,Crofts South West Field,56.57950324451966,-2.7063292005198787,6da302f800690258239f1046002b,39.31,7.6,105.0,6.0,91.19,4.17,43
2025-03-28 18:34:02.441131+00:00,70B3D57ED004558D,Hygro#55:8D,Hygro,Crofts South West Field,56.57950324451966,-2.7063292005198787,6d9002f80069021323b7104b002d,39.24,7.6,105.0,5.31,91.43,4.17,45
2025-03-28 18:49:19.227882+00:00,70B3D57ED004558D,Hygro#55:8D,Hygro,Crofts South West Field,56.57950324451966,-2.7063292005198787,6d9202f8006901d8239a1046002e,39.25,7.6,105.0,4.72,91.14,4.17,46
2025-03-28 19:04:35.996160+00:00,70B3D57ED004558D,Hygro#55:8D,Hygro,Crofts South West Field,56.57950324451966,-2.7063292005198787,6d8b02f8006801a423a01042002f,39.22,7.6,104.0,4.2,91.2,4.16,47
2025-03-28 19:19:52.772185+00:00,70B3D57ED004558D,Hygro#55:8D,Hygro,Crofts South West Field,56.57950324451966,-2.7063292005198787,6d8f02ee0068019023a410460030,39.23,7.5,104.0,4.0,91.24,4.17,48
2025-03-28 19:35:09.561056+00:00,70B3D57ED004558D,Hygro#55:8D,Hygro,Crofts South West Field,56.57950324451966,-2.7063292005198787,6d8f02ee0069019623a7104b0031,39.23,7.5,105.0,4.06,91.27,4.17,49
2025-03-28 20:20:59.900904+00:00,70B3D57ED004558D,Hygro#55:8D,Hygro,Crofts South West Field,56.57950324451966,-2.7063292005198787,6d8d02ee0069014f238e10490034,39.23,7.5,105.0,3.35,91.02,4.17,52
2025-03-28 20:36:16.686725+00:00,70B3D57ED004558D,Hygro#55:8D,Hygro,Crofts South West Field,56.57950324451966,-2.7063292005198787,6d8b02e400690123237810490035,39.22,7.4,105.0,2.91,90.8,4.17,53
2025-03-28 20:51:33.472165+00:00,70B3D57ED004558D,Hygro#55:8D,Hygro,Crofts South West Field,56.57950324451966,-2.7063292005198787,6d8302e4006900fc2359104b0036,39.19,7.4,105.0,2.52,90.49,4.17,54
2025-03-28 21:06:50.260183+00:00,70B3D57ED004558D,Hygro#55:8D,Hygro,Crofts South West Field,56.57950324451966,-2.7063292005198787,6d9102e4006800c8236710440037,39.24,7.4,104.0,2.0,90.63,4.16,55
2025-03-28 21:22:07.037434+00:00,70B3D57ED004558D,Hygro#55:8D,Hygro,Crofts South West Field,56.57950324451966,-2.7063292005198787,6d9002e4006900ce235a10440038,39.24,7.4,105.0,2.06,90.5,4.16,56
2025-03-28 21:37:23.831181+00:00,70B3D57ED004558D,Hygro#55:8D,Hygro,Crofts South West Field,56.57950324451966,-2.7063292005198787,6d8802e4006900a6234e10460039,39.21,7.4,105.0,1.66,90.38,4.17,57
2025-03-28 21:52:40.615539+00:00,70B3D57ED004558D,Hygro#55:8D,Hygro,Crofts South West Field,56.57950324451966,-2.7063292005198787,6d8702da0068006a234f1049003a,39.2,7.3,104.0,1.06,90.39,4.17,58
2025-03-28 22:07:57.415186+00:00,70B3D57ED004558D,Hygro#55:8D,Hygro,Crofts South West Field,56.57950324451966,-2.7063292005198787,6d7f02da0069006423551044003b,39.17,7.3,105.0,1.0,90.45,4.16,59
2025-03-28 22:23:14.195110+00:00,70B3D57ED004558D,Hygro#55:8D,Hygro,Crofts South West Field,56.57950324451966,-2.7063292005198787,6d7f02da006900a823541044003c,39.17,7.3,105.0,1.68,90.44,4.16,60
2025-03-28 22:38:30.982696+00:00,70B3D57ED004558D,Hygro#55:8D,Hygro,Crofts South West Field,56.57950324451966,-2.7063292005198787,6d7d02da006900a223361042003d,39.16,7.3,105.0,1.62,90.14,4.16,61
2025-03-28 22:53:47.775589+00:00,70B3D57ED004558D,Hygro#55:8D,Hygro,Crofts South West Field,56.57950324451966,-2.7063292005198787,6d8902d0006900b723371042003e,39.21,7.2,105.0,1.83,90.15,4.16,62
2025-03-28 23:09:04.549944+00:00,70B3D57ED004558D,Hygro#55:8D,Hygro,Crofts South West Field,56.57950324451966,-2.7063292005198787,6d8402d0006900af232b1044003f,39.19,7.2,105.0,1.75,90.03,4.16,63
2025-03-28 23:24:21.348397+00:00,70B3D57ED004558D,Hygro#55:8D,Hygro,Crofts South West Field,56.57950324451966,-2.7063292005198787,6d8702d00069008f234d10440040,39.2,7.2,105.0,1.43,90.37,4.16,64
2025-03-28 23:39:38.126803+00:00,70B3D57ED004558D,Hygro#55:8D,Hygro,Crofts South West Field,56.57950324451966,-2.7063292005198787,6d7b02c60069005d234210490041,39.16,7.1,105.0,0.93,90.26,4.17,65
2025-03-28 23:54:54.919767+00:00,70B3D57ED004558D,Hygro#55:8D,Hygro,Crofts South West Field,56.57950324451966,-2.7063292005198787,6d8a02c600690014233710460042,39.21,7.1,105.0,0.2,90.15,4.17,66
2025-03-29 00:10:11.697288+00:00,70B3D57ED004558D,Hygro#55:8D,Hygro,Crofts South West Field,56.57950324451966,-2.7063292005198787,6d7c02c60068ffbc234910440043,39.16,7.1,104.0,654.68,90.33,4.16,67
2025-03-29 00:25:28.508220+00:00,70B3D57ED004558D,Hygro#55:8D,Hygro,Crofts South West Field,56.57950324451966,-2.7063292005198787,6d7902bc0068ff83235810460044,39.15,7.0,104.0,654.11,90.48,4.17,68
2025-03-29 00:40:45.304586+00:00,70B3D57ED004558D,Hygro#55:8D,Hygro,Crofts South West Field,56.57950324451966,-2.7063292005198787,6d7c02bc0068ff4b236a10460045,39.16,7.0,104.0,653.55,90.66,4.17,69
2025-03-29 00:56:02.109174+00:00,70B3D57ED004558D,Hygro#55:8D,Hygro,Crofts South West Field,56.57950324451966,-2.7063292005198787,6d7702bc0068ff45235910440046,39.14,7.0,104.0,653.49,90.49,4.16,70
2025-03-29 01:11:18.896926+00:00,70B3D57ED004558D,Hygro#55:8D,Hygro,Crofts South West Field,56.57950324451966,-2.7063292005198787,6d7c02bc0069000e236d10420047,39.16,7.0,105.0,0.14,90.69,4.16,71
2025-03-29 01:26:35.694114+00:00,70B3D57ED004558D,Hygro#55:8D,Hygro,Crofts South West Field,56.57950324451966,-2.7063292005198787,6d7302b200690038231a10440048,39.13,6.9,105.0,0.56,89.86,4.16,72
2025-03-29 01:41:52.481627+00:00,70B3D57ED004558D,Hygro#55:8D,Hygro,Crofts South West Field,56.57950324451966,-2.7063292005198787,6d7a02b200690044231e10460049,39.15,6.9,105.0,0.68,89.9,4.17,73
2025-03-29 01:57:09.285505+00:00,70B3D57ED004558D,Hygro#55:8D,Hygro,Crofts South West Field,56.57950324451966,-2.7063292005198787,6d7602b20068004b23131044004a,39.14,6.9,104.0,0.75,89.79,4.16,74
2025-03-29 02:12:26.082577+00:00,70B3D57ED004558D,Hygro#55:8D,Hygro,Crofts South West Field,56.57950324451966,-2.7063292005198787,6d7202a80068006c23211042004b,39.12,6.8,104.0,1.08,89.93,4.16,75
2025-03-29 02:27:42.862693+00:00,70B3D57ED004558D,Hygro#55:8D,Hygro,Crofts South West Field,56.57950324451966,-2.7063292005198787,6d7702a800680061232e1044004c,39.14,6.8,104.0,0.97,90.06,4.16,76
2025-03-29 02:42:59.644250+00:00,70B3D57ED004558D,Hygro#55:8D,Hygro,Crofts South West Field,56.57950324451966,-2.7063292005198787,6d7902a800690078233a1044004d,39.15,6.8,105.0,1.2,90.18,4.16,77
2025-03-29 02:58:16.441447+00:00,70B3D57ED004558D,Hygro#55:8D,Hygro,Crofts South West Field,56.57950324451966,-2.7063292005198787,6d6e029e0069007d23431042004e,39.11,6.7,105.0,1.25,90.27,4.16,78
2025-03-29 03:13:33.230913+00:00,70B3D57ED004558D,Hygro#55:8D,Hygro,Crofts South West Field,56.57950324451966,-2.7063292005198787,6d6d029e0068007823521040004f,39.1,6.7,104.0,1.2,90.42,4.16,79
2025-03-29 03:28:50.015810+00:00,70B3D57ED004558D,Hygro#55:8D,Hygro,Crofts South West Field,56.57950324451966,-2.7063292005198787,6d6e029e0069008b236d10440050,39.11,6.7,105.0,1.39,90.69,4.16,80
2025-03-29 03:44:06.805676+00:00,70B3D57ED004558D,Hygro#55:8D,Hygro,Crofts South West Field,56.57950324451966,-2.7063292005198787,6d6b029e00680078236210400051,39.09,6.7,104.0,1.2,90.58,4.16,81
2025-03-29 03:59:23.594729+00:00,70B3D57ED004558D,Hygro#55:8D,Hygro,Crofts South West Field,56.57950324451966,-2.7063292005198787,6d68029400690076237410420052,39.08,6.6,105.0,1.18,90.76,4.16,82
2025-03-29 04:14:40.388107+00:00,70B3D57ED004558D,Hygro#55:8D,Hygro,Crofts South West Field,56.57950324451966,-2.7063292005198787,6d6f02940068008f237410420053,39.11,6.6,104.0,1.43,90.76,4.16,83
2025-03-29 04:29:57.176514+00:00,70B3D57ED004558D,Hygro#55:8D,Hygro,Crofts South West Field,56.57950324451966,-2.7063292005198787,6d6902940068004f237010420054,39.09,6.6,104.0,0.79,90.72,4.16,84
2025-03-29 04:45:13.972880+00:00,70B3D57ED004558D,Hygro#55:8D,Hygro,Crofts South West Field,56.57950324451966,-2.7063292005198787,6d6c029400680066239710440055,39.1,6.6,104.0,1.02,91.11,4.16,85
2025-03-29 05:00:30.757733+00:00,70B3D57ED004558D,Hygro#55:8D,Hygro,Crofts South West Field,56.57950324451966,-2.7063292005198787,6d66028a0069008f238d10460056,39.08,6.5,105.0,1.43,91.01,4.17,86
2025-03-29 05:15:47.545464+00:00,70B3D57ED004558D,Hygro#55:8D,Hygro,Crofts South West Field,56.57950324451966,-2.7063292005198787,6d68028a00690057238010400057,39.08,6.5,105.0,0.87,90.88,4.16,87
2025-03-29 05:46:21.122273+00:00,70B3D57ED004558D,Hygro#55:8D,Hygro,Crofts South West Field,56.57950324451966,-2.7063292005198787,6d6e028a0069008323a810460059,39.11,6.5,105.0,1.31,91.28,4.17,89
2025-03-29 06:01:37.912942+00:00,70B3D57ED004558D,Hygro#55:8D,Hygro,Crofts South West Field,56.57950324451966,-2.7063292005198787,6d6e028a006700af23a91042005a,39.11,6.5,103.0,1.75,91.29,4.16,90
2025-03-29 06:16:54.707798+00:00,70B3D57ED004558D,Hygro#55:8D,Hygro,Crofts South West Field,56.57950324451966,-2.7063292005198787,6d60028a006800d2239c1044005b,39.05,6.5,104.0,2.1,91.16,4.16,91
2025-03-29 06:47:28.264965+00:00,70B3D57ED004558D,Hygro#55:8D,Hygro,Crofts South West Field,56.57950324451966,-2.7063292005198787,6d6d02800068011d239c1046005d,39.1,6.4,104.0,2.85,91.16,4.17,93
2025-03-29 07:02:45.040615+00:00,70B3D57ED004558D,Hygro#55:8D,Hygro,Crofts South West Field,56.57950324451966,-2.7063292005198787,6d6302800069013c23b21040005e,39.06,6.4,105.0,3.16,91.38,4.16,94
2025-03-29 07:18:01.828249+00:00,70B3D57ED004558D,Hygro#55:8D,Hygro,Crofts South West Field,56.57950324451966,-2.7063292005198787,6d6502800069015e23c21042005f,39.07,6.4,105.0,3.5,91.54,4.16,95
2025-03-29 07:33:18.606320+00:00,70B3D57ED004558D,Hygro#55:8D,Hygro,Crofts South West Field,56.57950324451966,-2.7063292005198787,6d6302800069017d23c710440060,39.06,6.4,105.0,3.81,91.59,4.16,96
2025-03-29 08:34:25.725354+00:00,70B3D57ED004558D,Hygro#55:8D,Hygro,Crofts South West Field,56.57950324451966,-2.7063292005198787,6d610276006802452417103e0064,39.06,6.3,104.0,5.81,92.39,4.16,100
2025-03-29 08:49:42.496348+00:00,70B3D57ED004558D,Hygro#55:8D,Hygro,Crofts South West Field,56.57950324451966,-2.7063292005198787,6d5f02760068024b240a10420065,39.05,6.3,104.0,5.87,92.26,4.16,101
2025-03-29 09:04:59.275495+00:00,70B3D57ED004558D,Hygro#55:8D,Hygro,Crofts South West Field,56.57950324451966,-2.7063292005198787,6d5f02760068027d2423103e0066,39.05,6.3,104.0,6.37,92.51,4.16,102
2025-03-29 09:20:16.045345+00:00,70B3D57ED004558D,Hygro#55:8D,Hygro,Crofts South West Field,56.57950324451966,-2.7063292005198787,6d670276006802d92407103b0067,39.08,6.3,104.0,7.29,92.23,4.16,103
2025-03-29 09:35:32.808617+00:00,70B3D57ED004558D,Hygro#55:8D,Hygro,Crofts South West Field,56.57950324451966,-2.7063292005198787,6d6802760068034f23b810510068,39.08,6.3,104.0,8.47,91.44,4.18,104
2025-03-29 09:50:49.574364+00:00,70B3D57ED004558D,Hygro#55:8D,Hygro,Crofts South West Field,56.57950324451966,-2.7063292005198787,6d5e02760068046b23f210560069,39.04,6.3,104.0,11.31,92.02,4.18,105
2025-03-29 10:21:23.077893+00:00,70B3D57ED004558D,Hygro#55:8D,Hygro,Crofts South West Field,56.57950324451966,-2.7063292005198787,6d60028000680445240c1049006b,39.05,6.4,104.0,10.93,92.28,4.17,107
2025-03-29 10:51:56.604567+00:00,70B3D57ED004558D,Hygro#55:8D,Hygro,Crofts South West Field,56.57950324451966,-2.7063292005198787,6d5a02800068034d24a5104b006d,39.03,6.4,104.0,8.45,93.81,4.17,109
2025-03-29 11:07:13.367420+00:00,70B3D57ED004558D,Hygro#55:8D,Hygro,Crofts South West Field,56.57950324451966,-2.7063292005198787,6d5802800068031324df1049006e,39.02,6.4,104.0,7.87,94.39,4.17,110
2025-03-29 11:22:30.133719+00:00,70B3D57ED004558D,Hygro#55:8D,Hygro,Crofts South West Field,56.57950324451966,-2.7063292005198787,6d5c0280006902fa24cb1049006f,39.04,6.4,105.0,7.62,94.19,4.17,111
2025-03-29 11:37:46.892144+00:00,70B3D57ED004558D,Hygro#55:8D,Hygro,Crofts South West Field,56.57950324451966,-2.7063292005198787,6d59028a006802ee24b3104d0070,39.02,6.5,104.0,7.5,93.95,4.17,112
2025-03-29 11:53:03.663958+00:00,70B3D57ED004558D,Hygro#55:8D,Hygro,Crofts South West Field,56.57950324451966,-2.7063292005198787,6d53028a006802d9249210490071,39.0,6.5,104.0,7.29,93.62,4.17,113
2025-03-29 12:08:20.440501+00:00,70B3D57ED004558D,Hygro#55:8D,Hygro,Crofts South West Field,56.57950324451966,-2.7063292005198787,6d56028a006802d2248310460072,39.01,6.5,104.0,7.22,93.47,4.17,114
2025-03-29 12:23:37.212484+00:00,70B3D57ED004558D,Hygro#55:8D,Hygro,Crofts South West Field,56.57950324451966,-2.7063292005198787,6d53028a006802dd2471104b0073,39.0,6.5,104.0,7.33,93.29,4.17,115
2025-03-29 12:38:53.980176+00:00,70B3D57ED004558D,Hygro#55:8D,Hygro,Crofts South West Field,56.57950324451966,-2.7063292005198787,6d52028a006802d5245710490074,39.0,6.5,104.0,7.25,93.03,4.17,116
2025-03-29 12:54:10.740341+00:00,70B3D57ED004558D,Hygro#55:8D,Hygro,Crofts South West Field,56.57950324451966,-2.7063292005198787,6d4f028a006702db2454104b0075,38.99,6.5,103.0,7.31,93.0,4.17,117
2025-03-29 13:09:27.506579+00:00,70B3D57ED004558D,Hygro#55:8D,Hygro,Crofts South West Field,56.57950324451966,-2.7063292005198787,6d4f0294006902d7243a104b0076,38.99,6.6,105.0,7.27,92.74,4.17,118
2025-03-29 13:24:44.275855+00:00,70B3D57ED004558D,Hygro#55:8D,Hygro,Crofts South West Field,56.57950324451966,-2.7063292005198787,6d550294006802d5244610490077,39.01,6.6,104.0,7.25,92.86,4.17,119
2025-03-29 13:40:01.043304+00:00,70B3D57ED004558D,Hygro#55:8D,Hygro,Crofts South West Field,56.57950324451966,-2.7063292005198787,6d4e0294006802bc2427104d0078,38.98,6.6,104.0,7.0,92.55,4.17,120
2025-03-29 13:55:17.817574+00:00,70B3D57ED004558D,Hygro#55:8D,Hygro,Crofts South West Field,56.57950324451966,-2.7063292005198787,6d4c0294006702b1241b104b0079,38.97,6.6,103.0,6.89,92.43,4.17,121
2025-03-29 14:10:34.580653+00:00,70B3D57ED004558D,Hygro#55:8D,Hygro,Crofts South West Field,56.57950324451966,-2.7063292005198787,6d51029400670290240f104b007a,38.99,6.6,103.0,6.56,92.31,4.17,122
2025-03-29 14:25:51.357032+00:00,70B3D57ED004558D,Hygro#55:8D,Hygro,Crofts South West Field,56.57950324451966,-2.7063292005198787,6d4b0294006802af24301049007b,38.97,6.6,104.0,6.87,92.64,4.17,123
2025-03-29 14:41:08.126765+00:00,70B3D57ED004558D,Hygro#55:8D,Hygro,Crofts South West Field,56.57950324451966,-2.7063292005198787,6d4e0294006802e1241a1049007c,38.98,6.6,104.0,7.37,92.42,4.17,124
2025-03-29 14:56:24.883449+00:00,70B3D57ED004558D,Hygro#55:8D,Hygro,Crofts South West Field,56.57950324451966,-2.7063292005198787,6d4f0294006802c82407104d007d,38.99,6.6,104.0,7.12,92.23,4.17,125
2025-03-29 15:11:41.656389+00:00,70B3D57ED004558D,Hygro#55:8D,Hygro,Crofts South West Field,56.57950324451966,-2.7063292005198787,6d4f0294006802c6240d104b007e,38.99,6.6,104.0,7.1,92.29,4.17,126
2025-03-29 15:26:58.417367+00:00,70B3D57ED004558D,Hygro#55:8D,Hygro,Crofts South West Field,56.57950324451966,-2.7063292005198787,6d52029e006702b924141046007f,39.0,6.7,103.0,6.97,92.36,4.17,127
2025-03-29 15:42:15.190500+00:00,70B3D57ED004558D,Hygro#55:8D,Hygro,Crofts South West Field,56.57950324451966,-2.7063292005198787,6d53029e00680296241e10490080,39.0,6.7,104.0,6.62,92.46,4.17,128
2025-03-29 15:57:31.950844+00:00,70B3D57ED004558D,Hygro#55:8D,Hygro,Crofts South West Field,56.57950324451966,-2.7063292005198787,6d47029e006902942413104b0081,38.96,6.7,105.0,6.6,92.35,4.17,129
2025-03-29 16:12:48.751405+00:00,70B3D57ED004558D,Hygro#55:8D,Hygro,Crofts South West Field,56.57950324451966,-2.7063292005198787,6d4b029e006802a9240f10490082,38.97,6.7,104.0,6.81,92.31,4.17,130
2025-03-29 16:28:05.486894+00:00,70B3D57ED004558D,Hygro#55:8D,Hygro,Crofts South West Field,56.57950324451966,-2.7063292005198787,6d4b029e006702b923f710490083,38.97,6.7,103.0,6.97,92.07,4.17,131
2025-03-29 16:43:22.266235+00:00,70B3D57ED004558D,Hygro#55:8D,Hygro,Crofts South West Field,56.57950324451966,-2.7063292005198787,6d45029e006802ad240110460084,38.95,6.7,104.0,6.85,92.17,4.17,132
2025-03-29 16:58:39.023880+00:00,70B3D57ED004558D,Hygro#55:8D,Hygro,Crofts South West Field,56.57950324451966,-2.7063292005198787,6d48029e006702c8240210460085,38.96,6.7,103.0,7.12,92.18,4.17,133
2025-03-29 17:29:12.546811+00:00,70B3D57ED004558D,Hygro#55:8D,Hygro,Crofts South West Field,56.57950324451966,-2.7063292005198787,6d3f029e0068030f23e410460087,38.92,6.7,104.0,7.83,91.88,4.17,135
2025-03-29 17:44:29.316639+00:00,70B3D57ED004558D,Hygro#55:8D,Hygro,Crofts South West Field,56.57950324451966,-2.7063292005198787,6d42029e006702fa23f710460088,38.94,6.7,103.0,7.62,92.07,4.17,136
2025-03-29 17:59:46.078687+00:00,70B3D57ED004558D,Hygro#55:8D,Hygro,Crofts South West Field,56.57950324451966,-2.7063292005198787,6d47029e006702f8240410460089,38.96,6.7,103.0,7.6,92.2,4.17,137
2025-03-29 18:15:02.855560+00:00,70B3D57ED004558D,Hygro#55:8D,Hygro,Crofts South West Field,56.57950324451966,-2.7063292005198787,6d4d029e006802ce23f01046008a,38.98,6.7,104.0,7.18,92.0,4.17,138
2025-03-29 18:30:19.623679+00:00,70B3D57ED004558D,Hygro#55:8D,Hygro,Crofts South West Field,56.57950324451966,-2.7063292005198787,6d4a029e006902fa23fd1049008b,38.97,6.7,105.0,7.62,92.13,4.17,139
2025-03-29 18:45:36.392604+00:00,70B3D57ED004558D,Hygro#55:8D,Hygro,Crofts South West Field,56.57950324451966,-2.7063292005198787,6d4002a8006702db23de1044008c,38.93,6.8,103.0,7.31,91.82,4.16,140
2025-03-29 19:00:53.161525+00:00,70B3D57ED004558D,Hygro#55:8D,Hygro,Crofts South West Field,56.57950324451966,-2.7063292005198787,6d3b02a8006802d023ff104b008d,38.91,6.8,104.0,7.2,92.15,4.17,141
2025-03-29 19:16:09.919051+00:00,70B3D57ED004558D,Hygro#55:8D,Hygro,Crofts South West Field,56.57950324451966,-2.7063292005198787,6d4402a8006702a324031044008e,38.94,6.8,103.0,6.75,92.19,4.16,142
2025-03-29 19:31:26.687254+00:00,70B3D57ED004558D,Hygro#55:8D,Hygro,Crofts South West Field,56.57950324451966,-2.7063292005198787,6d3c02a80067027723ee104b008f,38.91,6.8,103.0,6.31,91.98,4.17,143
2025-03-29 20:02:00.240728+00:00,70B3D57ED004558D,Hygro#55:8D,Hygro,Crofts South West Field,56.57950324451966,-2.7063292005198787,6d3f02a80067025323f710440091,38.92,6.8,103.0,5.95,92.07,4.16,145
2025-03-29 20:17:17.014452+00:00,70B3D57ED004558D,Hygro#55:8D,Hygro,Crofts South West Field,56.57950324451966,-2.7063292005198787,6d4102a80068022823dc10490092,38.93,6.8,104.0,5.52,91.8,4.17,146
2025-03-29 21:03:07.319242+00:00,70B3D57ED004558D,Hygro#55:8D,Hygro,Crofts South West Field,56.57950324451966,-2.7063292005198787,6d3b029e006801f823aa10440095,38.91,6.7,104.0,5.04,91.3,4.16,149
2025-03-29 21:18:24.092065+00:00,70B3D57ED004558D,Hygro#55:8D,Hygro,Crofts South West Field,56.57950324451966,-2.7063292005198787,6d3a029e0067021b23c410420096,38.9,6.7,103.0,5.39,91.56,4.16,150
2025-03-29 21:33:40.869164+00:00,70B3D57ED004558D,Hygro#55:8D,Hygro,Crofts South West Field,56.57950324451966,-2.7063292005198787,6d39029e0067020023ae10440097,38.9,6.7,103.0,5.12,91.34,4.16,151
2025-03-29 21:48:57.645428+00:00,70B3D57ED004558D,Hygro#55:8D,Hygro,Crofts South West Field,56.57950324451966,-2.7063292005198787,6d37029e006701f423b710460098,38.89,6.7,103.0,5.0,91.43,4.17,152
2025-03-29 22:04:14.418599+00:00,70B3D57ED004558D,Hygro#55:8D,Hygro,Crofts South West Field,56.57950324451966,-2.7063292005198787,6d40029e006601e523b710460099,38.93,6.7,102.0,4.85,91.43,4.17,153
2025-03-29 22:19:31.199838+00:00,70B3D57ED004558D,Hygro#55:8D,Hygro,Crofts South West Field,56.57950324451966,-2.7063292005198787,6d3d029e006801f423b51042009a,38.92,6.7,104.0,5.0,91.41,4.16,154
2025-03-29 22:34:47.972899+00:00,70B3D57ED004558D,Hygro#55:8D,Hygro,Crofts South West Field,56.57950324451966,-2.7063292005198787,6d3b029e006801f423ae1044009b,38.91,6.7,104.0,5.0,91.34,4.16,155
2025-03-29 22:50:04.747238+00:00,70B3D57ED004558D,Hygro#55:8D,Hygro,Crofts South West Field,56.57950324451966,-2.7063292005198787,6d3a029e006701f123b71044009c,38.9,6.7,103.0,4.97,91.43,4.16,156
2025-03-29 23:05:21.512492+00:00,70B3D57ED004558D,Hygro#55:8D,Hygro,Crofts South West Field,56.57950324451966,-2.7063292005198787,6d36029e006801bd23a01046009d,38.89,6.7,104.0,4.45,91.2,4.17,157
2025-03-29 23:20:38.294782+00:00,70B3D57ED004558D,Hygro#55:8D,Hygro,Crofts South West Field,56.57950324451966,-2.7063292005198787,6d3b02940068020823b81046009e,38.91,6.6,104.0,5.2,91.44,4.17,158
2025-03-30 00:06:28.622694+00:00,70B3D57ED004558D,Hygro#55:8D,Hygro,Crofts South West Field,56.57950324451966,-2.7063292005198787,6d4402940067024723a9104400a1,38.94,6.6,103.0,5.83,91.29,4.16,161
2025-03-30 00:21:45.402169+00:00,70B3D57ED004558D,Hygro#55:8D,Hygro,Crofts South West Field,56.57950324451966,-2.7063292005198787,6d3402940067024723a3104900a2,38.88,6.6,103.0,5.83,91.23,4.17,162
2025-03-30 00:37:02.192474+00:00,70B3D57ED004558D,Hygro#55:8D,Hygro,Crofts South West Field,56.57950324451966,-2.7063292005198787,6d3902940067024523aa104900a3,38.9,6.6,103.0,5.81,91.3,4.17,163
2025-03-30 00:52:18.948491+00:00,70B3D57ED004558D,Hygro#55:8D,Hygro,Crofts South West Field,56.57950324451966,-2.7063292005198787,6d3902940067024723b1104400a4,38.9,6.6,103.0,5.83,91.37,4.16,164
2025-03-30 02:23:59.581022+00:00,70B3D57ED004558D,Hygro#55:8D,Hygro,Crofts South West Field,56.57950324451966,-2.7063292005198787,6d33028a0068024523bd104400aa,38.88,6.5,104.0,5.81,91.49,4.16,170
2025-03-30 02:39:16.358884+00:00,70B3D57ED004558D,Hygro#55:8D,Hygro,Crofts South West Field,56.57950324451966,-2.7063292005198787,6d37028a0067023223c0104200ab,38.89,6.5,103.0,5.62,91.52,4.16,171
2025-03-30 03:25:06.689018+00:00,70B3D57ED004558D,Hygro#55:8D,Hygro,Crofts South West Field,56.57950324451966,-2.7063292005198787,6d34028a0067021d23b8104200ae,38.88,6.5,103.0,5.41,91.44,4.16,174
2025-03-30 03:40:23.448927+00:00,70B3D57ED004558D,Hygro#55:8D,Hygro,Crofts South West Field,56.57950324451966,-2.7063292005198787,6d3102850067020d23ad104400af,38.87,6.45,103.0,5.25,91.33,4.16,175
2025-03-30 03:55:40.231827+00:00,70B3D57ED004558D,Hygro#55:8D,Hygro,Crofts South West Field,56.57950324451966,-2.7063292005198787,6d320280006701ed23ab104200b0,38.87,6.4,103.0,4.93,91.31,4.16,176
2025-03-30 04:10:57.008879+00:00,70B3D57ED004558D,Hygro#55:8D,Hygro,Crofts South West Field,56.57950324451966,-2.7063292005198787,6d3002800068021523c3104600b1,38.87,6.4,104.0,5.33,91.55,4.17,177
2025-03-30 04:26:13.787245+00:00,70B3D57ED004558D,Hygro#55:8D,Hygro,Crofts South West Field,56.57950324451966,-2.7063292005198787,6d2f02800068022c23b7104400b2,38.86,6.4,104.0,5.56,91.43,4.16,178
2025-03-30 04:41:30.564789+00:00,70B3D57ED004558D,Hygro#55:8D,Hygro,Crofts South West Field,56.57950324451966,-2.7063292005198787,6d2b02800068023f23ba104400b3,38.85,6.4,104.0,5.75,91.46,4.16,179
2025-03-30 04:56:47.335762+00:00,70B3D57ED004558D,Hygro#55:8D,Hygro,Crofts South West Field,56.57950324451966,-2.7063292005198787,6d3402800068021523b0103e00b4,38.88,6.4,104.0,5.33,91.36,4.16,180
2025-03-30 05:27:20.881360+00:00,70B3D57ED004558D,Hygro#55:8D,Hygro,Crofts South West Field,56.57950324451966,-2.7063292005198787,6d3902800067025323b9104200b6,38.9,6.4,103.0,5.95,91.45,4.16,182
2025-03-30 05:57:54.429862+00:00,70B3D57ED004558D,Hygro#55:8D,Hygro,Crofts South West Field,56.57950324451966,-2.7063292005198787,6d3002800066025123b3104200b8,38.87,6.4,102.0,5.93,91.39,4.16,184
2025-03-30 06:28:27.973981+00:00,70B3D57ED004558D,Hygro#55:8D,Hygro,Crofts South West Field,56.57950324451966,-2.7063292005198787,6d2d02760067029823ab104400ba,38.85,6.3,103.0,6.64,91.31,4.16,186
2025-03-30 07:29:35.038132+00:00,70B3D57ED004558D,Hygro#55:8D,Hygro,Crofts South West Field,56.57950324451966,-2.7063292005198787,6d2a02760067031b245d104400be,38.84,6.3,103.0,7.95,93.09,4.16,190
2025-03-30 08:15:25.322847+00:00,70B3D57ED004558D,Hygro#55:8D,Hygro,Crofts South West Field,56.57950324451966,-2.7063292005198787,6d2c0276006703e1240e104900c1,38.85,6.3,103.0,9.93,92.3,4.17,193
2025-03-30 08:30:42.072468+00:00,70B3D57ED004558D,Hygro#55:8D,Hygro,Crofts South West Field,56.57950324451966,-2.7063292005198787,6d2d02760067045423cb105100c2,38.85,6.3,103.0,11.08,91.63,4.18,194
2025-03-30 08:45:58.814791+00:00,70B3D57ED004558D,Hygro#55:8D,Hygro,Crofts South West Field,56.57950324451966,-2.7063292005198787,6d340276006604712397105600c3,38.88,6.3,102.0,11.37,91.11,4.18,195
2025-03-30 09:16:32.306735+00:00,70B3D57ED004558D,Hygro#55:8D,Hygro,Crofts South West Field,56.57950324451966,-2.7063292005198787,6d280276006604b623ec104b00c5,38.83,6.3,102.0,12.06,91.96,4.17,197
2025-03-30 10:02:22.566675+00:00,70B3D57ED004558D,Hygro#55:8D,Hygro,Crofts South West Field,56.57950324451966,-2.7063292005198787,6d2702800067050324ae104d00c8,38.83,6.4,103.0,12.83,93.9,4.17,200
2025-03-30 10:17:39.313585+00:00,70B3D57ED004558D,Hygro#55:8D,Hygro,Crofts South West Field,56.57950324451966,-2.7063292005198787,6d2402800067053f24d5104900c9,38.82,6.4,103.0,13.43,94.29,4.17,201
2025-03-30 11:03:29.565363+00:00,70B3D57ED004558D,Hygro#55:8D,Hygro,Crofts South West Field,56.57950324451966,-2.7063292005198787,6d23028a0066055f24fc104600cc,38.82,6.5,102.0,13.75,94.68,4.17,204
2025-03-30 11:18:46.322369+00:00,70B3D57ED004558D,Hygro#55:8D,Hygro,Crofts South West Field,56.57950324451966,-2.7063292005198787,6d21028a0067055024f4104900cd,38.81,6.5,103.0,13.6,94.6,4.17,205
2025-03-30 11:49:19.810209+00:00,70B3D57ED004558D,Hygro#55:8D,Hygro,Crofts South West Field,56.57950324451966,-2.7063292005198787,6d1602940066059b24ec104600cf,38.76,6.6,102.0,14.35,94.52,4.17,207
2025-03-30 12:04:36.559176+00:00,70B3D57ED004558D,Hygro#55:8D,Hygro,Crofts South West Field,56.57950324451966,-2.7063292005198787,6d12029e006605aa250c104600d0,38.75,6.7,102.0,14.5,94.84,4.17,208
2025-03-30 12:50:26.795546+00:00,70B3D57ED004558D,Hygro#55:8D,Hygro,Crofts South West Field,56.57950324451966,-2.7063292005198787,6d0a02a8006605dc2531104400d3,38.72,6.8,102.0,15.0,95.21,4.16,211
2025-03-30 13:21:00.304081+00:00,70B3D57ED004558D,Hygro#55:8D,Hygro,Crofts South West Field,56.57950324451966,-2.7063292005198787,6d0402b20067058224a0104b00d5,38.7,6.9,103.0,14.1,93.76,4.17,213
2025-03-30 16:39:38.114932+00:00,70B3D57ED004558D,Hygro#55:8D,Hygro,Crofts South West Field,56.57950324451966,-2.7063292005198787,6ced02e40066043d2413104400e2,38.61,7.4,102.0,10.85,92.35,4.16,226
2025-03-30 17:25:28.390619+00:00,70B3D57ED004558D,Hygro#55:8D,Hygro,Crofts South West Field,56.57950324451966,-2.7063292005198787,6cea02ee006603a72385104600e5,38.59,7.5,102.0,9.35,90.93,4.17,229
2025-03-30 17:40:45.169183+00:00,70B3D57ED004558D,Hygro#55:8D,Hygro,Crofts South West Field,56.57950324451966,-2.7063292005198787,6ceb02ee006603b323aa104900e6,38.6,7.5,102.0,9.47,91.3,4.17,230
2025-03-30 17:56:01.934138+00:00,70B3D57ED004558D,Hygro#55:8D,Hygro,Crofts South West Field,56.57950324451966,-2.7063292005198787,6ce302ee006603712388104600e7,38.57,7.5,102.0,8.81,90.96,4.17,231
2025-03-30 18:11:18.694962+00:00,70B3D57ED004558D,Hygro#55:8D,Hygro,Crofts South West Field,56.57950324451966,-2.7063292005198787,6cf202ee0066033b238c104600e8,38.63,7.5,102.0,8.27,91.0,4.17,232
2025-03-30 18:26:35.460957+00:00,70B3D57ED004558D,Hygro#55:8D,Hygro,Crofts South West Field,56.57950324451966,-2.7063292005198787,6ce502ee006603002388104600e9,38.57,7.5,102.0,7.68,90.96,4.17,233
2025-03-30 18:41:52.231522+00:00,70B3D57ED004558D,Hygro#55:8D,Hygro,Crofts South West Field,56.57950324451966,-2.7063292005198787,6ce302ee006502b7238f104600ea,38.57,7.5,101.0,6.95,91.03,4.17,234
2025-03-30 18:57:09.000012+00:00,70B3D57ED004558D,Hygro#55:8D,Hygro,Crofts South West Field,56.57950324451966,-2.7063292005198787,6ce502ee006702962386104600eb,38.57,7.5,103.0,6.62,90.94,4.17,235
2025-03-30 19:12:25.779103+00:00,70B3D57ED004558D,Hygro#55:8D,Hygro,Crofts South West Field,56.57950324451966,-2.7063292005198787,6ceb02ee00660217236b104400ec,38.6,7.5,102.0,5.35,90.67,4.16,236
2025-03-30 19:27:42.558866+00:00,70B3D57ED004558D,Hygro#55:8D,Hygro,Crofts South West Field,56.57950324451966,-2.7063292005198787,6ce502ee006701a2236c104600ed,38.57,7.5,103.0,4.18,90.68,4.17,237
2025-03-30 19:42:59.324294+00:00,70B3D57ED004558D,Hygro#55:8D,Hygro,Crofts South West Field,56.57950324451966,-2.7063292005198787,6ce402ee006601492360104400ee,38.57,7.5,102.0,3.29,90.56,4.16,238
2025-03-30 19:58:16.115351+00:00,70B3D57ED004558D,Hygro#55:8D,Hygro,Crofts South West Field,56.57950324451966,-2.7063292005198787,6ce402ee006601232369104600ef,38.57,7.5,102.0,2.91,90.65,4.17,239
2025-03-30 20:13:32.895485+00:00,70B3D57ED004558D,Hygro#55:8D,Hygro,Crofts South West Field,56.57950324451966,-2.7063292005198787,6ce202e400660125236e104600f0,38.56,7.4,102.0,2.93,90.7,4.17,240
2025-03-30 20:28:49.674321+00:00,70B3D57ED004558D,Hygro#55:8D,Hygro,Crofts South West Field,56.57950324451966,-2.7063292005198787,6ce502e4006600d42340104400f1,38.57,7.4,102.0,2.12,90.24,4.16,241
2025-03-30 20:44:06.464465+00:00,70B3D57ED004558D,Hygro#55:8D,Hygro,Crofts South West Field,56.57950324451966,-2.7063292005198787,6ce402e4006600c5234d104600f2,38.57,7.4,102.0,1.97,90.37,4.17,242
2025-03-30 20:59:23.255320+00:00,70B3D57ED004558D,Hygro#55:8D,Hygro,Crofts South West Field,56.57950324451966,-2.7063292005198787,6ce402e4006600c1233b104600f3,38.57,7.4,102.0,1.93,90.19,4.17,243
2025-03-30 21:14:40.052391+00:00,70B3D57ED004558D,Hygro#55:8D,Hygro,Crofts South West Field,56.57950324451966,-2.7063292005198787,6ce402db006700a0233c104600f4,38.57,7.31,103.0,1.6,90.2,4.17,244
2025-03-30 21:29:56.831783+00:00,70B3D57ED004558D,Hygro#55:8D,Hygro,Crofts South West Field,56.57950324451966,-2.7063292005198787,6ce402da0066009e233b104400f5,38.57,7.3,102.0,1.58,90.19,4.16,245
2025-03-30 21:45:13.626105+00:00,70B3D57ED004558D,Hygro#55:8D,Hygro,Crofts South West Field,56.57950324451966,-2.7063292005198787,6ce602da00660081233b104900f6,38.58,7.3,102.0,1.29,90.19,4.17,246
2025-03-30 22:00:30.421980+00:00,70B3D57ED004558D,Hygro#55:8D,Hygro,Crofts South West Field,56.57950324451966,-2.7063292005198787,6ce502da006600782337104400f7,38.57,7.3,102.0,1.2,90.15,4.16,247
2025-03-30 22:15:47.212079+00:00,70B3D57ED004558D,Hygro#55:8D,Hygro,Crofts South West Field,56.57950324451966,-2.7063292005198787,6ce502d0006700702334104600f8,38.57,7.2,103.0,1.12,90.12,4.17,248
2025-03-30 22:31:04.000976+00:00,70B3D57ED004558D,Hygro#55:8D,Hygro,Crofts South West Field,56.57950324451966,-2.7063292005198787,6ce602d000660076233b104400f9,38.58,7.2,102.0,1.18,90.19,4.16,249
2025-03-30 22:46:20.792101+00:00,70B3D57ED004558D,Hygro#55:8D,Hygro,Crofts South West Field,56.57950324451966,-2.7063292005198787,6ced02c6006700a42353104400fa,38.61,7.1,103.0,1.64,90.43,4.16,250
2025-03-30 23:01:37.599724+00:00,70B3D57ED004558D,Hygro#55:8D,Hygro,Crofts South West Field,56.57950324451966,-2.7063292005198787,6ceb02c6006700fc235a104000fb,38.6,7.1,103.0,2.52,90.5,4.16,251
2025-03-30 23:16:54.376800+00:00,70B3D57ED004558D,Hygro#55:8D,Hygro,Crofts South West Field,56.57950324451966,-2.7063292005198787,6ce602c60067010c234a104400fc,38.58,7.1,103.0,2.68,90.34,4.16,252
2025-03-30 23:32:11.215345+00:00,70B3D57ED004558D,Hygro#55:8D,Hygro,Crofts South West Field,56.57950324451966,-2.7063292005198787,6ce402bc006700ce2321104400fd,38.57,7.0,103.0,2.06,89.93,4.16,253
2025-03-30 23:47:27.965449+00:00,70B3D57ED004558D,Hygro#55:8D,Hygro,Crofts South West Field,56.57950324451966,-2.7063292005198787,6ce302bc0067006c2321104400fe,38.57,7.0,103.0,1.08,89.93,4.16,254
2025-03-31 00:02:44.752568+00:00,70B3D57ED004558D,Hygro#55:8D,Hygro,Crofts South West Field,56.57950324451966,-2.7063292005198787,6cee02bc006700642345104400ff,38.61,7.0,103.0,1.0,90.29,4.16,255
2025-03-31 00:18:01.551638+00:00,70B3D57ED004558D,Hygro#55:8D,Hygro,Crofts South West Field,56.57950324451966,-2.7063292005198787,6ce702b200670098237810420000,38.58,6.9,103.0,1.52,90.8,4.16,0
2025-03-31 00:33:18.341725+00:00,70B3D57ED004558D,Hygro#55:8D,Hygro,Crofts South West Field,56.57950324451966,-2.7063292005198787,6cea02b2006700e3237a10460001,38.59,6.9,103.0,2.27,90.82,4.17,1
2025-03-31 00:48:35.128805+00:00,70B3D57ED004558D,Hygro#55:8D,Hygro,Crofts South West Field,56.57950324451966,-2.7063292005198787,6ce802b200660123236d10440002,38.59,6.9,102.0,2.91,90.69,4.16,2
2025-03-31 01:03:51.922207+00:00,70B3D57ED004558D,Hygro#55:8D,Hygro,Crofts South West Field,56.57950324451966,-2.7063292005198787,6ce802b200680142236210490003,38.59,6.9,104.0,3.22,90.58,4.17,3
2025-03-31 01:19:08.708320+00:00,70B3D57ED004558D,Hygro#55:8D,Hygro,Crofts South West Field,56.57950324451966,-2.7063292005198787,6cf002a800670145236110440004,38.62,6.8,103.0,3.25,90.57,4.16,4
2025-03-31 01:34:25.490228+00:00,70B3D57ED004558D,Hygro#55:8D,Hygro,Crofts South West Field,56.57950324451966,-2.7063292005198787,6ce602a800670185237010440005,38.58,6.8,103.0,3.89,90.72,4.16,5
2025-03-31 01:49:42.286222+00:00,70B3D57ED004558D,Hygro#55:8D,Hygro,Crofts South West Field,56.57950324451966,-2.7063292005198787,6ce702a800660170236b10440006,38.58,6.8,102.0,3.68,90.67,4.16,6
2025-03-31 02:04:59.064612+00:00,70B3D57ED004558D,Hygro#55:8D,Hygro,Crofts South West Field,56.57950324451966,-2.7063292005198787,6ce802a800670170237d10460007,38.59,6.8,103.0,3.68,90.85,4.17,7
2025-03-31 02:35:32.633029+00:00,70B3D57ED004558D,Hygro#55:8D,Hygro,Crofts South West Field,56.57950324451966,-2.7063292005198787,6ce7029e00670187239610420009,38.58,6.7,103.0,3.91,91.1,4.16,9
2025-03-31 02:50:49.428051+00:00,70B3D57ED004558D,Hygro#55:8D,Hygro,Crofts South West Field,56.57950324451966,-2.7063292005198787,6cec029e00670189239c1042000a,38.6,6.7,103.0,3.93,91.16,4.16,10
2025-03-31 03:06:06.196361+00:00,70B3D57ED004558D,Hygro#55:8D,Hygro,Crofts South West Field,56.57950324451966,-2.7063292005198787,6ce6029e006701a923a61042000b,38.58,6.7,103.0,4.25,91.26,4.16,11
2025-03-31 03:21:22.991079+00:00,70B3D57ED004558D,Hygro#55:8D,Hygro,Crofts South West Field,56.57950324451966,-2.7063292005198787,6ce8029e006701d823971042000c,38.59,6.7,103.0,4.72,91.11,4.16,12
2025-03-31 03:36:39.769274+00:00,70B3D57ED004558D,Hygro#55:8D,Hygro,Crofts South West Field,56.57950324451966,-2.7063292005198787,6cea029e006701e123931040000d,38.59,6.7,103.0,4.81,91.07,4.16,13
2025-03-31 03:51:56.541445+00:00,70B3D57ED004558D,Hygro#55:8D,Hygro,Crofts South West Field,56.57950324451966,-2.7063292005198787,6ce4029e006501f423851042000e,38.57,6.7,101.0,5.0,90.93,4.16,14
2025-03-31 04:07:13.327866+00:00,70B3D57ED004558D,Hygro#55:8D,Hygro,Crofts South West Field,56.57950324451966,-2.7063292005198787,6ce70294006701fe23911046000f,38.58,6.6,103.0,5.1,91.05,4.17,15
2025-03-31 04:22:30.094984+00:00,70B3D57ED004558D,Hygro#55:8D,Hygro,Crofts South West Field,56.57950324451966,-2.7063292005198787,6ce702940067020423a710420010,38.58,6.6,103.0,5.16,91.27,4.16,16
2025-03-31 04:37:46.867834+00:00,70B3D57ED004558D,Hygro#55:8D,Hygro,Crofts South West Field,56.57950324451966,-2.7063292005198787,6ce702940067021f23b810420011,38.58,6.6,103.0,5.43,91.44,4.16,17
2025-03-31 04:53:03.651590+00:00,70B3D57ED004558D,Hygro#55:8D,Hygro,Crofts South West Field,56.57950324451966,-2.7063292005198787,6ce902940067021b23b810400012,38.59,6.6,103.0,5.39,91.44,4.16,18
2025-03-31 05:08:20.428241+00:00,70B3D57ED004558D,Hygro#55:8D,Hygro,Crofts South West Field,56.57950324451966,-2.7063292005198787,6ce702940067023623b610420013,38.58,6.6,103.0,5.66,91.42,4.16,19
2025-03-31 05:23:37.200366+00:00,70B3D57ED004558D,Hygro#55:8D,Hygro,Crofts South West Field,56.57950324451966,-2.7063292005198787,6ce402940067023823bf10420014,38.57,6.6,103.0,5.68,91.51,4.16,20
2025-03-31 05:54:10.746534+00:00,70B3D57ED004558D,Hygro#55:8D,Hygro,Crofts South West Field,56.57950324451966,-2.7063292005198787,6ce502940068027723b910400016,38.57,6.6,104.0,6.31,91.45,4.16,22
2025-03-31 06:09:27.515577+00:00,70B3D57ED004558D,Hygro#55:8D,Hygro,Crofts South West Field,56.57950324451966,-2.7063292005198787,6ce702940067027d23be10400017,38.58,6.6,103.0,6.37,91.5,4.16,23
2025-03-31 06:24:44.281972+00:00,70B3D57ED004558D,Hygro#55:8D,Hygro,Crofts South West Field,56.57950324451966,-2.7063292005198787,6ce402940068027f23c210400018,38.57,6.6,104.0,6.39,91.54,4.16,24
2025-03-31 06:40:01.051922+00:00,70B3D57ED004558D,Hygro#55:8D,Hygro,Crofts South West Field,56.57950324451966,-2.7063292005198787,6ce502940067029c23d010420019,38.57,6.6,103.0,6.68,91.68,4.16,25
2025-03-31 06:55:17.828012+00:00,70B3D57ED004558D,Hygro#55:8D,Hygro,Crofts South West Field,56.57950324451966,-2.7063292005198787,6ceb0294006702b123c61040001a,38.6,6.6,103.0,6.89,91.58,4.16,26
2025-03-31 07:10:34.598160+00:00,70B3D57ED004558D,Hygro#55:8D,Hygro,Crofts South West Field,56.57950324451966,-2.7063292005198787,6ce40294006702b523ba1040001b,38.57,6.6,103.0,6.93,91.46,4.16,27
2025-03-31 07:25:51.378589+00:00,70B3D57ED004558D,Hygro#55:8D,Hygro,Crofts South West Field,56.57950324451966,-2.7063292005198787,6ceb02940066028a23c21040001c,38.6,6.6,102.0,6.5,91.54,4.16,28
2025-03-31 07:41:08.137458+00:00,70B3D57ED004558D,Hygro#55:8D,Hygro,Crofts South West Field,56.57950324451966,-2.7063292005198787,6ce402940067029e23d3103e001d,38.57,6.6,103.0,6.7,91.71,4.16,29
2025-03-31 07:56:24.915091+00:00,70B3D57ED004558D,Hygro#55:8D,Hygro,Crofts South West Field,56.57950324451966,-2.7063292005198787,6ce10294006702ce23ca1042001e,38.56,6.6,103.0,7.18,91.62,4.16,30
2025-03-31 08:11:41.682343+00:00,70B3D57ED004558D,Hygro#55:8D,Hygro,Crofts South West Field,56.57950324451966,-2.7063292005198787,6ce102940068031123af1040001f,38.56,6.6,104.0,7.85,91.35,4.16,31
2025-03-31 08:26:58.435618+00:00,70B3D57ED004558D,Hygro#55:8D,Hygro,Crofts South West Field,56.57950324451966,-2.7063292005198787,6cdf0294006703f023e5104d0020,38.55,6.6,103.0,10.08,91.89,4.17,32
2025-03-31 08:42:15.207740+00:00,70B3D57ED004558D,Hygro#55:8D,Hygro,Crofts South West Field,56.57950324451966,-2.7063292005198787,6ce90294006704f422f310510021,38.59,6.6,103.0,12.68,89.47,4.18,33
2025-03-31 08:57:31.942029+00:00,70B3D57ED004558D,Hygro#55:8D,Hygro,Crofts South West Field,56.57950324451966,-2.7063292005198787,6ce10294006704ee233f10510022,38.56,6.6,103.0,12.62,90.23,4.18,34
2025-03-31 09:12:48.699343+00:00,70B3D57ED004558D,Hygro#55:8D,Hygro,Crofts South West Field,56.57950324451966,-2.7063292005198787,6cdb029400670520242d10540023,38.54,6.6,103.0,13.12,92.61,4.18,35
2025-03-31 09:28:05.503363+00:00,70B3D57ED004558D,Hygro#55:8D,Hygro,Crofts South West Field,56.57950324451966,-2.7063292005198787,6ce50294006605cf2414105a0024,38.57,6.6,102.0,14.87,92.36,4.19,36
2025-03-31 09:43:22.198138+00:00,70B3D57ED004558D,Hygro#55:8D,Hygro,Crofts South West Field,56.57950324451966,-2.7063292005198787,6ce102940067059d23ff104b0025,38.56,6.6,103.0,14.37,92.15,4.17,37
2025-03-31 09:58:38.935588+00:00,70B3D57ED004558D,Hygro#55:8D,Hygro,Crofts South West Field,56.57950324451966,-2.7063292005198787,6ce80294006705c02467104b0026,38.59,6.6,103.0,14.72,93.19,4.17,38
2025-03-31 10:29:12.433805+00:00,70B3D57ED004558D,Hygro#55:8D,Hygro,Crofts South West Field,56.57950324451966,-2.7063292005198787,6cdf029e0067064624a210490028,38.55,6.7,103.0,16.06,93.78,4.17,40
2025-03-31 10:44:29.187208+00:00,70B3D57ED004558D,Hygro#55:8D,Hygro,Crofts South West Field,56.57950324451966,-2.7063292005198787,6cd8029e00660686248a10490029,38.52,6.7,102.0,16.7,93.54,4.17,41
2025-03-31 10:59:45.930772+00:00,70B3D57ED004558D,Hygro#55:8D,Hygro,Crofts South West Field,56.57950324451966,-2.7063292005198787,6cd8029e006706652493104b002a,38.52,6.7,103.0,16.37,93.63,4.17,42
2025-03-31 11:15:02.680228+00:00,70B3D57ED004558D,Hygro#55:8D,Hygro,Crofts South West Field,56.57950324451966,-2.7063292005198787,6cd802a8006706ae24aa1046002b,38.52,6.8,103.0,17.1,93.86,4.17,43
2025-03-31 11:30:19.417229+00:00,70B3D57ED004558D,Hygro#55:8D,Hygro,Crofts South West Field,56.57950324451966,-2.7063292005198787,6cd502a8006606cf24931049002c,38.51,6.8,102.0,17.43,93.63,4.17,44
2025-03-31 11:45:36.163957+00:00,70B3D57ED004558D,Hygro#55:8D,Hygro,Crofts South West Field,56.57950324451966,-2.7063292005198787,6cdd02a8006707252470104b002d,38.54,6.8,103.0,18.29,93.28,4.17,45
2025-03-31 12:00:52.910100+00:00,70B3D57ED004558D,Hygro#55:8D,Hygro,Crofts South West Field,56.57950324451966,-2.7063292005198787,6ccd02b200660753245c1049002e,38.48,6.9,102.0,18.75,93.08,4.17,46
2025-03-31 12:16:09.651369+00:00,70B3D57ED004558D,Hygro#55:8D,Hygro,Crofts South West Field,56.57950324451966,-2.7063292005198787,6ccc02b200670900242a1046002f,38.48,6.9,103.0,23.04,92.58,4.17,47
2025-03-31 12:31:26.390206+00:00,70B3D57ED004558D,Hygro#55:8D,Hygro,Crofts South West Field,56.57950324451966,-2.7063292005198787,6ccb02bc0066095123f310460030,38.47,7.0,102.0,23.85,92.03,4.17,48
2025-03-31 12:46:43.125512+00:00,70B3D57ED004558D,Hygro#55:8D,Hygro,Crofts South West Field,56.57950324451966,-2.7063292005198787,6cc802bc00660908241110420031,38.46,7.0,102.0,23.12,92.33,4.16,49
2025-03-31 13:01:59.865283+00:00,70B3D57ED004558D,Hygro#55:8D,Hygro,Crofts South West Field,56.57950324451966,-2.7063292005198787,6cc702c600670870242110490032,38.46,7.1,103.0,21.6,92.49,4.17,50
2025-03-31 13:17:16.615433+00:00,70B3D57ED004558D,Hygro#55:8D,Hygro,Crofts South West Field,56.57950324451966,-2.7063292005198787,6cc702c600660740246510460033,38.46,7.1,102.0,18.56,93.17,4.17,51
2025-03-31 13:32:33.355005+00:00,70B3D57ED004558D,Hygro#55:8D,Hygro,Crofts South West Field,56.57950324451966,-2.7063292005198787,6cc202d00067097b245110460034,38.44,7.2,103.0,24.27,92.97,4.17,52
2025-03-31 13:47:50.090779+00:00,70B3D57ED004558D,Hygro#55:8D,Hygro,Crofts South West Field,56.57950324451966,-2.7063292005198787,6cbf02da006609dd241810440035,38.43,7.3,102.0,25.25,92.4,4.16,53
2025-03-31 14:03:06.830389+00:00,70B3D57ED004558D,Hygro#55:8D,Hygro,Crofts South West Field,56.57950324451966,-2.7063292005198787,6cbc02da006608e5243c10440036,38.42,7.3,102.0,22.77,92.76,4.16,54
2025-03-31 14:18:23.566614+00:00,70B3D57ED004558D,Hygro#55:8D,Hygro,Crofts South West Field,56.57950324451966,-2.7063292005198787,6cb702e400660987241310440037,38.4,7.4,102.0,24.39,92.35,4.16,55
2025-03-31 14:33:40.300603+00:00,70B3D57ED004558D,Hygro#55:8D,Hygro,Crofts South West Field,56.57950324451966,-2.7063292005198787,6cb402e40066087823d910460038,38.38,7.4,102.0,21.68,91.77,4.17,56
2025-03-31 14:48:57.057545+00:00,70B3D57ED004558D,Hygro#55:8D,Hygro,Crofts South West Field,56.57950324451966,-2.7063292005198787,6cb202ee0066067a242810460039,38.38,7.5,102.0,16.58,92.56,4.17,57
2025-03-31 15:04:13.802076+00:00,70B3D57ED004558D,Hygro#55:8D,Hygro,Crofts South West Field,56.57950324451966,-2.7063292005198787,6cb502f800670678241a1046003a,38.39,7.6,103.0,16.56,92.42,4.17,58
2025-03-31 15:34:47.299188+00:00,70B3D57ED004558D,Hygro#55:8D,Hygro,Crofts South West Field,56.57950324451966,-2.7063292005198787,6cb003020067073723c01049003c,38.37,7.7,103.0,18.47,91.52,4.17,60
2025-03-31 15:50:04.048762+00:00,70B3D57ED004558D,Hygro#55:8D,Hygro,Crofts South West Field,56.57950324451966,-2.7063292005198787,6cb103020067066b23c71049003d,38.37,7.7,103.0,16.43,91.59,4.17,61
2025-03-31 16:05:20.789890+00:00,70B3D57ED004558D,Hygro#55:8D,Hygro,Crofts South West Field,56.57950324451966,-2.7063292005198787,6caa030c006708a024311049003e,38.35,7.8,103.0,22.08,92.65,4.17,62
2025-03-31 16:20:37.540883+00:00,70B3D57ED004558D,Hygro#55:8D,Hygro,Crofts South West Field,56.57950324451966,-2.7063292005198787,6ca9030c0067080423a41046003f,38.34,7.8,103.0,20.52,91.24,4.17,63
2025-03-31 16:35:54.289731+00:00,70B3D57ED004558D,Hygro#55:8D,Hygro,Crofts South West Field,56.57950324451966,-2.7063292005198787,6ca70316006606ea237c10460040,38.33,7.9,102.0,17.7,90.84,4.17,64
2025-03-31 16:51:11.043632+00:00,70B3D57ED004558D,Hygro#55:8D,Hygro,Crofts South West Field,56.57950324451966,-2.7063292005198787,6ca70316006606c3235110490041,38.33,7.9,102.0,17.31,90.41,4.17,65
2025-03-31 17:06:27.775781+00:00,70B3D57ED004558D,Hygro#55:8D,Hygro,Crofts South West Field,56.57950324451966,-2.7063292005198787,6ca70316006705aa236710460042,38.33,7.9,103.0,14.5,90.63,4.17,66
2025-03-31 17:21:44.532672+00:00,70B3D57ED004558D,Hygro#55:8D,Hygro,Crofts South West Field,56.57950324451966,-2.7063292005198787,6ca2032000670558239710440043,38.31,8.0,103.0,13.68,91.11,4.16,67
2025-03-31 17:37:01.294492+00:00,70B3D57ED004558D,Hygro#55:8D,Hygro,Crofts South West Field,56.57950324451966,-2.7063292005198787,6ca003200067051e237310440044,38.31,8.0,103.0,13.1,90.75,4.16,68
2025-03-31 17:52:18.035209+00:00,70B3D57ED004558D,Hygro#55:8D,Hygro,Crofts South West Field,56.57950324451966,-2.7063292005198787,6c9f0320006704d7235910460045,38.3,8.0,103.0,12.39,90.49,4.17,69
2025-03-31 18:07:34.788222+00:00,70B3D57ED004558D,Hygro#55:8D,Hygro,Crofts South West Field,56.57950324451966,-2.7063292005198787,6c9c03200067046b235010490046,38.29,8.0,103.0,11.31,90.4,4.17,70
2025-03-31 18:22:51.558449+00:00,70B3D57ED004558D,Hygro#55:8D,Hygro,Crofts South West Field,56.57950324451966,-2.7063292005198787,6c9f032000670426235410440047,38.3,8.0,103.0,10.62,90.44,4.16,71
2025-03-31 18:38:08.312210+00:00,70B3D57ED004558D,Hygro#55:8D,Hygro,Crofts South West Field,56.57950324451966,-2.7063292005198787,6c9d0320006603e1233810440048,38.3,8.0,102.0,9.93,90.16,4.16,72
2025-03-31 18:53:25.091045+00:00,70B3D57ED004558D,Hygro#55:8D,Hygro,Crofts South West Field,56.57950324451966,-2.7063292005198787,6c9b032000670375232610460049,38.29,8.0,103.0,8.85,89.98,4.17,73
2025-03-31 19:23:58.611777+00:00,70B3D57ED004558D,Hygro#55:8D,Hygro,Crofts South West Field,56.57950324451966,-2.7063292005198787,6c9f03200067035823361044004b,38.3,8.0,103.0,8.56,90.14,4.16,75
2025-03-31 19:39:15.393187+00:00,70B3D57ED004558D,Hygro#55:8D,Hygro,Crofts South West Field,56.57950324451966,-2.7063292005198787,6c9e03200066032c23091044004c,38.3,8.0,102.0,8.12,89.69,4.16,76
2025-03-31 19:54:32.146921+00:00,70B3D57ED004558D,Hygro#55:8D,Hygro,Crofts South West Field,56.57950324451966,-2.7063292005198787,6ca00320006703202327104b004d,38.31,8.0,103.0,8.0,89.99,4.17,77
2025-03-31 20:09:48.914759+00:00,70B3D57ED004558D,Hygro#55:8D,Hygro,Crofts South West Field,56.57950324451966,-2.7063292005198787,6c9e0320006702f6231b1046004e,38.3,8.0,103.0,7.58,89.87,4.17,78
2025-03-31 20:25:05.693534+00:00,70B3D57ED004558D,Hygro#55:8D,Hygro,Crofts South West Field,56.57950324451966,-2.7063292005198787,6c9e0320006702ab23171049004f,38.3,8.0,103.0,6.83,89.83,4.17,79
2025-03-31 20:40:22.458873+00:00,70B3D57ED004558D,Hygro#55:8D,Hygro,Crofts South West Field,56.57950324451966,-2.7063292005198787,6c9e032000670271231e10490050,38.3,8.0,103.0,6.25,89.9,4.17,80
2025-03-31 20:55:39.234776+00:00,70B3D57ED004558D,Hygro#55:8D,Hygro,Crofts South West Field,56.57950324451966,-2.7063292005198787,6c9903160067022c231510440051,38.28,7.9,103.0,5.56,89.81,4.16,81
2025-03-31 21:10:55.998079+00:00,70B3D57ED004558D,Hygro#55:8D,Hygro,Crofts South West Field,56.57950324451966,-2.7063292005198787,6c9e031600670228232410490052,38.3,7.9,103.0,5.52,89.96,4.17,82
2025-03-31 21:26:12.770933+00:00,70B3D57ED004558D,Hygro#55:8D,Hygro,Crofts South West Field,56.57950324451966,-2.7063292005198787,6c9c03160066021f232010460053,38.29,7.9,102.0,5.43,89.92,4.17,83
2025-03-31 21:41:29.552107+00:00,70B3D57ED004558D,Hygro#55:8D,Hygro,Crofts South West Field,56.57950324451966,-2.7063292005198787,6c9903160067023c233710440054,38.28,7.9,103.0,5.72,90.15,4.16,84
2025-03-31 21:56:46.332533+00:00,70B3D57ED004558D,Hygro#55:8D,Hygro,Crofts South West Field,56.57950324451966,-2.7063292005198787,6c9f030c00660255234210440055,38.3,7.8,102.0,5.97,90.26,4.16,85
2025-03-31 22:12:03.103504+00:00,70B3D57ED004558D,Hygro#55:8D,Hygro,Crofts South West Field,56.57950324451966,-2.7063292005198787,6c9d030c00660285234010460056,38.3,7.8,102.0,6.45,90.24,4.17,86
2025-03-31 22:42:36.655665+00:00,70B3D57ED004558D,Hygro#55:8D,Hygro,Crofts South West Field,56.57950324451966,-2.7063292005198787,6c9f030200670251235910440058,38.3,7.7,103.0,5.93,90.49,4.16,88
2025-03-31 22:57:53.431498+00:00,70B3D57ED004558D,Hygro#55:8D,Hygro,Crofts South West Field,56.57950324451966,-2.7063292005198787,6ca0030200670245236a10460059,38.31,7.7,103.0,5.81,90.66,4.17,89
2025-03-31 23:13:10.214262+00:00,70B3D57ED004558D,Hygro#55:8D,Hygro,Crofts South West Field,56.57950324451966,-2.7063292005198787,6ca103020068023023631046005a,38.31,7.7,104.0,5.6,90.59,4.17,90
2025-03-31 23:28:26.993072+00:00,70B3D57ED004558D,Hygro#55:8D,Hygro,Crofts South West Field,56.57950324451966,-2.7063292005198787,6c9d03020067020623551046005b,38.3,7.7,103.0,5.18,90.45,4.17,91
2025-03-31 23:43:43.774504+00:00,70B3D57ED004558D,Hygro#55:8D,Hygro,Crofts South West Field,56.57950324451966,-2.7063292005198787,6c9f03020067020423681042005c,38.3,7.7,103.0,5.16,90.64,4.16,92
2025-03-31 23:59:00.555008+00:00,70B3D57ED004558D,Hygro#55:8D,Hygro,Crofts South West Field,56.57950324451966,-2.7063292005198787,6c9f02f80068020f23791044005d,38.3,7.6,104.0,5.27,90.81,4.16,93
2025-04-01 00:14:17.331754+00:00,70B3D57ED004558D,Hygro#55:8D,Hygro,Crofts South West Field,56.57950324451966,-2.7063292005198787,6ca302f8006801eb23721044005e,38.32,7.6,104.0,4.91,90.74,4.16,94
2025-04-01 00:29:34.113051+00:00,70B3D57ED004558D,Hygro#55:8D,Hygro,Crofts South West Field,56.57950324451966,-2.7063292005198787,6ca102f8006801dd23791046005f,38.31,7.6,104.0,4.77,90.81,4.17,95
2025-04-01 00:44:50.891811+00:00,70B3D57ED004558D,Hygro#55:8D,Hygro,Crofts South West Field,56.57950324451966,-2.7063292005198787,6ca202ee006701b7237010460060,38.31,7.5,103.0,4.39,90.72,4.17,96
2025-04-01 01:00:07.676608+00:00,70B3D57ED004558D,Hygro#55:8D,Hygro,Crofts South West Field,56.57950324451966,-2.7063292005198787,6ca902ee00670172237510440061,38.34,7.5,103.0,3.7,90.77,4.16,97
2025-04-01 01:15:24.462659+00:00,70B3D57ED004558D,Hygro#55:8D,Hygro,Crofts South West Field,56.57950324451966,-2.7063292005198787,6ca702ee00670151238c10440062,38.33,7.5,103.0,3.37,91.0,4.16,98
2025-04-01 01:30:41.246757+00:00,70B3D57ED004558D,Hygro#55:8D,Hygro,Crofts South West Field,56.57950324451966,-2.7063292005198787,6ca502ee00670153238610440063,38.33,7.5,103.0,3.39,90.94,4.16,99
2025-04-01 01:45:58.036175+00:00,70B3D57ED004558D,Hygro#55:8D,Hygro,Crofts South West Field,56.57950324451966,-2.7063292005198787,6c9f02e400680119236910420064,38.3,7.4,104.0,2.81,90.65,4.16,100
2025-04-01 02:01:14.817028+00:00,70B3D57ED004558D,Hygro#55:8D,Hygro,Crofts South West Field,56.57950324451966,-2.7063292005198787,6ca302e40067016223a910440065,38.32,7.4,103.0,3.54,91.29,4.16,101
2025-04-01 02:16:31.605945+00:00,70B3D57ED004558D,Hygro#55:8D,Hygro,Crofts South West Field,56.57950324451966,-2.7063292005198787,6ca502e400670196237710420066,38.33,7.4,103.0,4.06,90.79,4.16,102
2025-04-01 02:31:48.391912+00:00,70B3D57ED004558D,Hygro#55:8D,Hygro,Crofts South West Field,56.57950324451966,-2.7063292005198787,6ca202e4006801a2236310400067,38.31,7.4,104.0,4.18,90.59,4.16,103
2025-04-01 02:47:05.175214+00:00,70B3D57ED004558D,Hygro#55:8D,Hygro,Crofts South West Field,56.57950324451966,-2.7063292005198787,6ca202da00680170235d10490068,38.31,7.3,104.0,3.68,90.53,4.17,104
2025-04-01 03:02:21.959621+00:00,70B3D57ED004558D,Hygro#55:8D,Hygro,Crofts South West Field,56.57950324451966,-2.7063292005198787,6ca402da0067011f234e10440069,38.32,7.3,103.0,2.87,90.38,4.16,105
2025-04-01 03:17:38.742129+00:00,70B3D57ED004558D,Hygro#55:8D,Hygro,Crofts South West Field,56.57950324451966,-2.7063292005198787,6ca902da0067014923ad1044006a,38.34,7.3,103.0,3.29,91.33,4.16,106
2025-04-01 03:32:55.526727+00:00,70B3D57ED004558D,Hygro#55:8D,Hygro,Crofts South West Field,56.57950324451966,-2.7063292005198787,6ca702d00067018523991044006b,38.33,7.2,103.0,3.89,91.13,4.16,107
2025-04-01 03:48:12.347812+00:00,70B3D57ED004558D,Hygro#55:8D,Hygro,Crofts South West Field,56.57950324451966,-2.7063292005198787,6ca802d00067011f236b1042006c,38.34,7.2,103.0,2.87,90.67,4.16,108
2025-04-01 04:18:45.889464+00:00,70B3D57ED004558D,Hygro#55:8D,Hygro,Crofts South West Field,56.57950324451966,-2.7063292005198787,6ca802d00068010e236d1040006e,38.34,7.2,104.0,2.7,90.69,4.16,110
2025-04-01 04:34:02.676869+00:00,70B3D57ED004558D,Hygro#55:8D,Hygro,Crofts South West Field,56.57950324451966,-2.7063292005198787,6ca502c600680104234f1042006f,38.33,7.1,104.0,2.6,90.39,4.16,111
2025-04-01 04:49:19.489731+00:00,70B3D57ED004558D,Hygro#55:8D,Hygro,Crofts South West Field,56.57950324451966,-2.7063292005198787,6ca302c6006800fa235c10440070,38.32,7.1,104.0,2.5,90.52,4.16,112
2025-04-01 05:04:36.249920+00:00,70B3D57ED004558D,Hygro#55:8D,Hygro,Crofts South West Field,56.57950324451966,-2.7063292005198787,6ca402c6006800c5236910440071,38.32,7.1,104.0,1.97,90.65,4.16,113
2025-04-01 05:19:53.041575+00:00,70B3D57ED004558D,Hygro#55:8D,Hygro,Crofts South West Field,56.57950324451966,-2.7063292005198787,6ca602bc00670100236110440072,38.33,7.0,103.0,2.56,90.57,4.16,114
2025-04-01 05:50:26.604328+00:00,70B3D57ED004558D,Hygro#55:8D,Hygro,Crofts South West Field,56.57950324451966,-2.7063292005198787,6ca302bc00670157236010420074,38.32,7.0,103.0,3.43,90.56,4.16,116
2025-04-01 06:05:43.387519+00:00,70B3D57ED004558D,Hygro#55:8D,Hygro,Crofts South West Field,56.57950324451966,-2.7063292005198787,6ca902bc00680174235c10420075,38.34,7.0,104.0,3.72,90.52,4.16,117
2025-04-01 06:21:00.185494+00:00,70B3D57ED004558D,Hygro#55:8D,Hygro,Crofts South West Field,56.57950324451966,-2.7063292005198787,6ca602b20067016a234010400076,38.33,6.9,103.0,3.62,90.24,4.16,118
2025-04-01 06:36:16.945733+00:00,70B3D57ED004558D,Hygro#55:8D,Hygro,Crofts South West Field,56.57950324451966,-2.7063292005198787,6cad02b200670192235b10400077,38.36,6.9,103.0,4.02,90.51,4.16,119
2025-04-01 06:51:33.723726+00:00,70B3D57ED004558D,Hygro#55:8D,Hygro,Crofts South West Field,56.57950324451966,-2.7063292005198787,6caa02b200670215239c10400078,38.35,6.9,103.0,5.33,91.16,4.16,120
2025-04-01 07:06:50.500387+00:00,70B3D57ED004558D,Hygro#55:8D,Hygro,Crofts South West Field,56.57950324451966,-2.7063292005198787,6ca602b20068033f23f810400079,38.33,6.9,104.0,8.31,92.08,4.16,121
2025-04-01 07:22:07.258469+00:00,70B3D57ED004558D,Hygro#55:8D,Hygro,Crofts South West Field,56.57950324451966,-2.7063292005198787,6caf02a8006803ba23631040007a,38.37,6.8,104.0,9.54,90.59,4.16,122
2025-04-01 07:37:24.013597+00:00,70B3D57ED004558D,Hygro#55:8D,Hygro,Crofts South West Field,56.57950324451966,-2.7063292005198787,6ca902a8006703c822c11040007b,38.34,6.8,103.0,9.68,88.97,4.16,123
2025-04-01 07:52:40.774678+00:00,70B3D57ED004558D,Hygro#55:8D,Hygro,Crofts South West Field,56.57950324451966,-2.7063292005198787,6caa02a8006703fa22bd1049007c,38.35,6.8,103.0,10.18,88.93,4.17,124
2025-04-01 08:07:57.525395+00:00,70B3D57ED004558D,Hygro#55:8D,Hygro,Crofts South West Field,56.57950324451966,-2.7063292005198787,6ca502a80067049023bb104b007d,38.33,6.8,103.0,11.68,91.47,4.17,125
2025-04-01 08:23:14.295473+00:00,70B3D57ED004558D,Hygro#55:8D,Hygro,Crofts South West Field,56.57950324451966,-2.7063292005198787,6cab02a8006704f624341054007e,38.35,6.8,103.0,12.7,92.68,4.18,126
2025-04-01 08:38:31.030875+00:00,70B3D57ED004558D,Hygro#55:8D,Hygro,Crofts South West Field,56.57950324451966,-2.7063292005198787,6ca602a80067059d23f51056007f,38.33,6.8,103.0,14.37,92.05,4.18,127
2025-04-01 08:53:47.779043+00:00,70B3D57ED004558D,Hygro#55:8D,Hygro,Crofts South West Field,56.57950324451966,-2.7063292005198787,6ca902a8006705b6239d10490080,38.34,6.8,103.0,14.62,91.17,4.17,128
2025-04-01 09:09:04.532053+00:00,70B3D57ED004558D,Hygro#55:8D,Hygro,Crofts South West Field,56.57950324451966,-2.7063292005198787,6cac02a8006705ae23f910490081,38.35,6.8,103.0,14.54,92.09,4.17,129
2025-04-01 09:24:21.282289+00:00,70B3D57ED004558D,Hygro#55:8D,Hygro,Crofts South West Field,56.57950324451966,-2.7063292005198787,6ca402b200680674238010490082,38.32,6.9,104.0,16.52,90.88,4.17,130
2025-04-01 09:39:38.026758+00:00,70B3D57ED004558D,Hygro#55:8D,Hygro,Crofts South West Field,56.57950324451966,-2.7063292005198787,6ca702b20067066f231c10490083,38.33,6.9,103.0,16.47,89.88,4.17,131
2025-04-01 09:54:54.760337+00:00,70B3D57ED004558D,Hygro#55:8D,Hygro,Crofts South West Field,56.57950324451966,-2.7063292005198787,6ca002b20066066f237610460084,38.31,6.9,102.0,16.47,90.78,4.17,132
2025-04-01 10:10:11.510859+00:00,70B3D57ED004558D,Hygro#55:8D,Hygro,Crofts South West Field,56.57950324451966,-2.7063292005198787,6c9802b2006806f323ff104b0085,38.28,6.9,104.0,17.79,92.15,4.17,133
2025-04-01 10:25:28.244781+00:00,70B3D57ED004558D,Hygro#55:8D,Hygro,Crofts South West Field,56.57950324451966,-2.7063292005198787,6c9c02bc0066070c243e10490086,38.29,7.0,102.0,18.04,92.78,4.17,134
2025-04-01 10:40:45.005169+00:00,70B3D57ED004558D,Hygro#55:8D,Hygro,Crofts South West Field,56.57950324451966,-2.7063292005198787,6c9d02bc0066070c244d10460087,38.3,7.0,102.0,18.04,92.93,4.17,135
2025-04-01 10:56:01.746428+00:00,70B3D57ED004558D,Hygro#55:8D,Hygro,Crofts South West Field,56.57950324451966,-2.7063292005198787,6c9902c600670759241a10460088,38.28,7.1,103.0,18.81,92.42,4.17,136
2025-04-01 11:11:18.483205+00:00,70B3D57ED004558D,Hygro#55:8D,Hygro,Crofts South West Field,56.57950324451966,-2.7063292005198787,6c9302c600660748246d104b0089,38.26,7.1,102.0,18.64,93.25,4.17,137
2025-04-01 11:26:35.239438+00:00,70B3D57ED004558D,Hygro#55:8D,Hygro,Crofts South West Field,56.57950324451966,-2.7063292005198787,6c9402d0006606e024721049008a,38.26,7.2,102.0,17.6,93.3,4.17,138
2025-04-01 11:41:51.995526+00:00,70B3D57ED004558D,Hygro#55:8D,Hygro,Crofts South West Field,56.57950324451966,-2.7063292005198787,6c8d02d0006606e824971049008b,38.23,7.2,102.0,17.68,93.67,4.17,139
2025-04-01 11:57:08.734730+00:00,70B3D57ED004558D,Hygro#55:8D,Hygro,Crofts South West Field,56.57950324451966,-2.7063292005198787,6c8f02da006606b224ba104b008c,38.24,7.3,102.0,17.14,94.02,4.17,140
2025-04-01 12:12:25.489248+00:00,70B3D57ED004558D,Hygro#55:8D,Hygro,Crofts South West Field,56.57950324451966,-2.7063292005198787,6c8802da006606cf247b1049008d,38.21,7.3,102.0,17.43,93.39,4.17,141
2025-04-01 12:27:42.252395+00:00,70B3D57ED004558D,Hygro#55:8D,Hygro,Crofts South West Field,56.57950324451966,-2.7063292005198787,6c8202e4006706da248b1046008e,38.19,7.4,103.0,17.54,93.55,4.17,142
2025-04-01 12:42:58.994643+00:00,70B3D57ED004558D,Hygro#55:8D,Hygro,Crofts South West Field,56.57950324451966,-2.7063292005198787,6c8702e4006506a1246a1044008f,38.21,7.4,101.0,16.97,93.22,4.16,143
2025-04-01 12:58:15.749540+00:00,70B3D57ED004558D,Hygro#55:8D,Hygro,Crofts South West Field,56.57950324451966,-2.7063292005198787,6c7c02ee00670648245d104d0090,38.17,7.5,103.0,16.08,93.09,4.17,144
2025-04-01 13:13:32.502380+00:00,70B3D57ED004558D,Hygro#55:8D,Hygro,Crofts South West Field,56.57950324451966,-2.7063292005198787,6c8002f8006606742454104b0091,38.18,7.6,102.0,16.52,93.0,4.17,145
2025-04-01 13:28:49.261443+00:00,70B3D57ED004558D,Hygro#55:8D,Hygro,Crofts South West Field,56.57950324451966,-2.7063292005198787,6c7d02f8006606b02466104b0092,38.17,7.6,102.0,17.12,93.18,4.17,146
2025-04-01 13:59:22.779728+00:00,70B3D57ED004558D,Hygro#55:8D,Hygro,Crofts South West Field,56.57950324451966,-2.7063292005198787,6c7203020065060e244110490094,38.13,7.7,101.0,15.5,92.81,4.17,148
2025-04-01 14:14:39.543273+00:00,70B3D57ED004558D,Hygro#55:8D,Hygro,Crofts South West Field,56.57950324451966,-2.7063292005198787,6c740302006506692431104b0095,38.14,7.7,101.0,16.41,92.65,4.17,149
2025-04-01 14:29:56.292263+00:00,70B3D57ED004558D,Hygro#55:8D,Hygro,Crofts South West Field,56.57950324451966,-2.7063292005198787,6c76030c00650684240410440096,38.14,7.8,101.0,16.68,92.2,4.16,150
2025-04-01 14:45:13.049344+00:00,70B3D57ED004558D,Hygro#55:8D,Hygro,Crofts South West Field,56.57950324451966,-2.7063292005198787,6c70030c006405f92428104b0097,38.12,7.8,100.0,15.29,92.56,4.17,151
2025-04-01 15:00:29.806369+00:00,70B3D57ED004558D,Hygro#55:8D,Hygro,Crofts South West Field,56.57950324451966,-2.7063292005198787,6c6903160065061c241f10460098,38.09,7.9,101.0,15.64,92.47,4.17,152
2025-04-01 15:15:46.572843+00:00,70B3D57ED004558D,Hygro#55:8D,Hygro,Crofts South West Field,56.57950324451966,-2.7063292005198787,6c700316006605cb241110460099,38.12,7.9,102.0,14.83,92.33,4.17,153
2025-04-01 15:31:03.355251+00:00,70B3D57ED004558D,Hygro#55:8D,Hygro,Crofts South West Field,56.57950324451966,-2.7063292005198787,6c6a03160065059324201049009a,38.1,7.9,101.0,14.27,92.48,4.17,154
2025-04-01 15:46:20.080501+00:00,70B3D57ED004558D,Hygro#55:8D,Hygro,Crofts South West Field,56.57950324451966,-2.7063292005198787,6c6b03200066057a24261049009b,38.1,8.0,102.0,14.02,92.54,4.17,155
2025-04-01 16:01:36.843889+00:00,70B3D57ED004558D,Hygro#55:8D,Hygro,Crofts South West Field,56.57950324451966,-2.7063292005198787,6c68032000650501244f1049009c,38.09,8.0,101.0,12.81,92.95,4.17,156
2025-04-01 16:16:53.613363+00:00,70B3D57ED004558D,Hygro#55:8D,Hygro,Crofts South West Field,56.57950324451966,-2.7063292005198787,6c6c032000650499247c1046009d,38.11,8.0,101.0,11.77,93.4,4.17,157
2025-04-01 16:32:10.369769+00:00,70B3D57ED004558D,Hygro#55:8D,Hygro,Crofts South West Field,56.57950324451966,-2.7063292005198787,6c6403200066046023ec1049009e,38.07,8.0,102.0,11.2,91.96,4.17,158
2025-04-01 16:47:27.135231+00:00,70B3D57ED004558D,Hygro#55:8D,Hygro,Crofts South West Field,56.57950324451966,-2.7063292005198787,6c6703200065040923231044009f,38.09,8.0,101.0,10.33,89.95,4.16,159
2025-04-01 17:02:43.905612+00:00,70B3D57ED004558D,Hygro#55:8D,Hygro,Crofts South West Field,56.57950324451966,-2.7063292005198787,6c640320006603c822a4104900a0,38.07,8.0,102.0,9.68,88.68,4.17,160
2025-04-01 17:18:00.660247+00:00,70B3D57ED004558D,Hygro#55:8D,Hygro,Crofts South West Field,56.57950324451966,-2.7063292005198787,6c64032000650319228d104600a1,38.07,8.0,101.0,7.93,88.45,4.17,161
2025-04-01 17:33:17.439108+00:00,70B3D57ED004558D,Hygro#55:8D,Hygro,Crofts South West Field,56.57950324451966,-2.7063292005198787,6c6d0320006602b12265104400a2,38.11,8.0,102.0,6.89,88.05,4.16,162
2025-04-01 17:48:34.209096+00:00,70B3D57ED004558D,Hygro#55:8D,Hygro,Crofts South West Field,56.57950324451966,-2.7063292005198787,6c630320006602602296104600a3,38.07,8.0,102.0,6.08,88.54,4.17,163
2025-04-01 18:03:50.987522+00:00,70B3D57ED004558D,Hygro#55:8D,Hygro,Crofts South West Field,56.57950324451966,-2.7063292005198787,6c6403200066023822ae104600a4,38.07,8.0,102.0,5.68,88.78,4.17,164
2025-04-01 18:19:07.757400+00:00,70B3D57ED004558D,Hygro#55:8D,Hygro,Crofts South West Field,56.57950324451966,-2.7063292005198787,6c6203200066021d22b8104900a5,38.07,8.0,102.0,5.41,88.88,4.17,165
2025-04-01 18:34:24.537880+00:00,70B3D57ED004558D,Hygro#55:8D,Hygro,Crofts South West Field,56.57950324451966,-2.7063292005198787,6c630320006601eb22b8104600a6,38.07,8.0,102.0,4.91,88.88,4.17,166
2025-04-01 18:49:41.326877+00:00,70B3D57ED004558D,Hygro#55:8D,Hygro,Crofts South West Field,56.57950324451966,-2.7063292005198787,6c5f0320006501df22c3104900a7,38.06,8.0,101.0,4.79,88.99,4.17,167
2025-04-01 19:04:58.092941+00:00,70B3D57ED004558D,Hygro#55:8D,Hygro,Crofts South West Field,56.57950324451966,-2.7063292005198787,6c690316006501d422c3104600a8,38.09,7.9,101.0,4.68,88.99,4.17,168
2025-04-01 19:20:14.871421+00:00,70B3D57ED004558D,Hygro#55:8D,Hygro,Crofts South West Field,56.57950324451966,-2.7063292005198787,6c700316006701bb22d1104600a9,38.12,7.9,103.0,4.43,89.13,4.17,169
2025-04-01 19:50:48.436332+00:00,70B3D57ED004558D,Hygro#55:8D,Hygro,Crofts South West Field,56.57950324451966,-2.7063292005198787,6c6503160065019622e7104900ab,38.08,7.9,101.0,4.06,89.35,4.17,171
2025-04-01 20:06:05.218148+00:00,70B3D57ED004558D,Hygro#55:8D,Hygro,Crofts South West Field,56.57950324451966,-2.7063292005198787,6c65030c0066019a22f0104900ac,38.08,7.8,102.0,4.1,89.44,4.17,172
2025-04-01 20:21:22.004712+00:00,70B3D57ED004558D,Hygro#55:8D,Hygro,Crofts South West Field,56.57950324451966,-2.7063292005198787,6c5d030c0065019c22e4104600ad,38.05,7.8,101.0,4.12,89.32,4.17,173
2025-04-01 20:36:38.781400+00:00,70B3D57ED004558D,Hygro#55:8D,Hygro,Crofts South West Field,56.57950324451966,-2.7063292005198787,6c64030c0066018722e6104400ae,38.07,7.8,102.0,3.91,89.34,4.16,174
2025-04-01 20:51:55.559660+00:00,70B3D57ED004558D,Hygro#55:8D,Hygro,Crofts South West Field,56.57950324451966,-2.7063292005198787,6c6103020066019822f5104600af,38.06,7.7,102.0,4.08,89.49,4.17,175
2025-04-01 21:07:12.348722+00:00,70B3D57ED004558D,Hygro#55:8D,Hygro,Crofts South West Field,56.57950324451966,-2.7063292005198787,6c6c03020065019022f1104400b0,38.11,7.7,101.0,4.0,89.45,4.16,176
2025-04-01 21:22:29.129604+00:00,70B3D57ED004558D,Hygro#55:8D,Hygro,Crofts South West Field,56.57950324451966,-2.7063292005198787,6c6303020065019622fd104b00b1,38.07,7.7,101.0,4.06,89.57,4.17,177
2025-04-01 21:37:45.910661+00:00,70B3D57ED004558D,Hygro#55:8D,Hygro,Crofts South West Field,56.57950324451966,-2.7063292005198787,6c6a03020066018122fe104900b2,38.1,7.7,102.0,3.85,89.58,4.17,178
2025-04-01 21:53:02.706273+00:00,70B3D57ED004558D,Hygro#55:8D,Hygro,Crofts South West Field,56.57950324451966,-2.7063292005198787,6c6302f800650170230e104400b3,38.07,7.6,101.0,3.68,89.74,4.16,179
2025-04-01 22:08:19.482392+00:00,70B3D57ED004558D,Hygro#55:8D,Hygro,Crofts South West Field,56.57950324451966,-2.7063292005198787,6c6602f8006701742317104600b4,38.08,7.6,103.0,3.72,89.83,4.17,180
2025-04-01 22:23:36.262480+00:00,70B3D57ED004558D,Hygro#55:8D,Hygro,Crofts South West Field,56.57950324451966,-2.7063292005198787,6c6402f800650172231f104400b5,38.07,7.6,101.0,3.7,89.91,4.16,181
2025-04-01 22:38:53.048865+00:00,70B3D57ED004558D,Hygro#55:8D,Hygro,Crofts South West Field,56.57950324451966,-2.7063292005198787,6c6302ee00650170231f104400b6,38.07,7.5,101.0,3.68,89.91,4.16,182
2025-04-01 22:54:09.840219+00:00,70B3D57ED004558D,Hygro#55:8D,Hygro,Crofts South West Field,56.57950324451966,-2.7063292005198787,6c6602ee006601532314104600b7,38.08,7.5,102.0,3.39,89.8,4.17,183
2025-04-01 23:09:26.618823+00:00,70B3D57ED004558D,Hygro#55:8D,Hygro,Crofts South West Field,56.57950324451966,-2.7063292005198787,6c6002ee006601602311104600b8,38.06,7.5,102.0,3.52,89.77,4.17,184
2025-04-01 23:24:43.407029+00:00,70B3D57ED004558D,Hygro#55:8D,Hygro,Crofts South West Field,56.57950324451966,-2.7063292005198787,6c6502ee006601572307104600b9,38.08,7.5,102.0,3.43,89.67,4.17,185
2025-04-01 23:55:16.969314+00:00,70B3D57ED004558D,Hygro#55:8D,Hygro,Crofts South West Field,56.57950324451966,-2.7063292005198787,6c6902e400650147230f104400bb,38.09,7.4,101.0,3.27,89.75,4.16,187
2025-04-02 00:25:50.543396+00:00,70B3D57ED004558D,Hygro#55:8D,Hygro,Crofts South West Field,56.57950324451966,-2.7063292005198787,6c6902e400650129231a104900bd,38.09,7.4,101.0,2.97,89.86,4.17,189
2025-04-02 00:41:07.330417+00:00,70B3D57ED004558D,Hygro#55:8D,Hygro,Crofts South West Field,56.57950324451966,-2.7063292005198787,6c6402da006601002323104600be,38.07,7.3,102.0,2.56,89.95,4.17,190
2025-04-02 00:56:24.116357+00:00,70B3D57ED004558D,Hygro#55:8D,Hygro,Crofts South West Field,56.57950324451966,-2.7063292005198787,6c6502da00660104232d104600bf,38.08,7.3,102.0,2.6,90.05,4.17,191
2025-04-02 01:11:40.892541+00:00,70B3D57ED004558D,Hygro#55:8D,Hygro,Crofts South West Field,56.57950324451966,-2.7063292005198787,6c6702da006501102328104400c0,38.09,7.3,101.0,2.72,90.0,4.16,192
2025-04-02 01:26:57.688155+00:00,70B3D57ED004558D,Hygro#55:8D,Hygro,Crofts South West Field,56.57950324451966,-2.7063292005198787,6c6802da006600eb2308104400c1,38.09,7.3,102.0,2.35,89.68,4.16,193
2025-04-02 01:42:14.472241+00:00,70B3D57ED004558D,Hygro#55:8D,Hygro,Crofts South West Field,56.57950324451966,-2.7063292005198787,6c6702d0006600de2319104400c2,38.09,7.2,102.0,2.22,89.85,4.16,194
2025-04-02 01:57:31.255266+00:00,70B3D57ED004558D,Hygro#55:8D,Hygro,Crofts South West Field,56.57950324451966,-2.7063292005198787,6c6502d0006601062319104600c3,38.08,7.2,102.0,2.62,89.85,4.17,195
2025-04-02 02:28:04.832717+00:00,70B3D57ED004558D,Hygro#55:8D,Hygro,Crofts South West Field,56.57950324451966,-2.7063292005198787,6c6702d0006600b52323104600c5,38.09,7.2,102.0,1.81,89.95,4.17,197
2025-04-02 02:43:21.614948+00:00,70B3D57ED004558D,Hygro#55:8D,Hygro,Crofts South West Field,56.57950324451966,-2.7063292005198787,6c6602d0006600c12326104400c6,38.08,7.2,102.0,1.93,89.98,4.16,198
2025-04-02 02:58:38.392327+00:00,70B3D57ED004558D,Hygro#55:8D,Hygro,Crofts South West Field,56.57950324451966,-2.7063292005198787,6c6702c6006500ce2317104400c7,38.09,7.1,101.0,2.06,89.83,4.16,199
2025-04-02 03:13:55.189372+00:00,70B3D57ED004558D,Hygro#55:8D,Hygro,Crofts South West Field,56.57950324451966,-2.7063292005198787,6c6702c60066009622f4104200c8,38.09,7.1,102.0,1.5,89.48,4.16,200
2025-04-02 03:29:11.971598+00:00,70B3D57ED004558D,Hygro#55:8D,Hygro,Crofts South West Field,56.57950324451966,-2.7063292005198787,6c6b02c60065009a2312104600c9,38.1,7.1,101.0,1.54,89.78,4.17,201
2025-04-02 03:44:28.754886+00:00,70B3D57ED004558D,Hygro#55:8D,Hygro,Crofts South West Field,56.57950324451966,-2.7063292005198787,6c6702c600660081231e104600ca,38.09,7.1,102.0,1.29,89.9,4.17,202
2025-04-02 04:45:35.927284+00:00,70B3D57ED004558D,Hygro#55:8D,Hygro,Crofts South West Field,56.57950324451966,-2.7063292005198787,6c6802bc00660070232d104400ce,38.09,7.0,102.0,1.12,90.05,4.16,206
2025-04-02 05:00:52.714878+00:00,70B3D57ED004558D,Hygro#55:8D,Hygro,Crofts South West Field,56.57950324451966,-2.7063292005198787,6c6802bc006600642317104200cf,38.09,7.0,102.0,1.0,89.83,4.16,207
2025-04-02 05:16:09.497935+00:00,70B3D57ED004558D,Hygro#55:8D,Hygro,Crofts South West Field,56.57950324451966,-2.7063292005198787,6c6702b200650089233c104000d0,38.09,6.9,101.0,1.37,90.2,4.16,208
2025-04-02 05:31:26.294520+00:00,70B3D57ED004558D,Hygro#55:8D,Hygro,Crofts South West Field,56.57950324451966,-2.7063292005198787,6c6a02b2006600ef2356104200d1,38.1,6.9,102.0,2.39,90.46,4.16,209
2025-04-02 05:46:43.075903+00:00,70B3D57ED004558D,Hygro#55:8D,Hygro,Crofts South West Field,56.57950324451966,-2.7063292005198787,6c6702b2006500c52337104000d2,38.09,6.9,101.0,1.97,90.15,4.16,210
2025-04-02 06:01:59.875244+00:00,70B3D57ED004558D,Hygro#55:8D,Hygro,Crofts South West Field,56.57950324451966,-2.7063292005198787,6c6c02b20066009a2320104400d3,38.11,6.9,102.0,1.54,89.92,4.16,211
2025-04-02 06:17:16.657699+00:00,70B3D57ED004558D,Hygro#55:8D,Hygro,Crofts South West Field,56.57950324451966,-2.7063292005198787,6c6b02b2006600f52365104400d4,38.1,6.9,102.0,2.45,90.61,4.16,212
2025-04-02 06:32:33.444158+00:00,70B3D57ED004558D,Hygro#55:8D,Hygro,Crofts South West Field,56.57950324451966,-2.7063292005198787,6c6e02a80066011d233f104200d5,38.11,6.8,102.0,2.85,90.23,4.16,213
2025-04-02 06:47:50.227137+00:00,70B3D57ED004558D,Hygro#55:8D,Hygro,Crofts South West Field,56.57950324451966,-2.7063292005198787,6c6902a8006601872351104200d6,38.09,6.8,102.0,3.91,90.41,4.16,214
2025-04-02 07:03:07.006073+00:00,70B3D57ED004558D,Hygro#55:8D,Hygro,Crofts South West Field,56.57950324451966,-2.7063292005198787,6c6c02a8006701b72334104400d7,38.11,6.8,103.0,4.39,90.12,4.16,215
2025-04-02 07:18:23.781336+00:00,70B3D57ED004558D,Hygro#55:8D,Hygro,Crofts South West Field,56.57950324451966,-2.7063292005198787,6c6d02a80066020d235b104400d8,38.11,6.8,102.0,5.25,90.51,4.16,216
2025-04-02 07:33:40.553973+00:00,70B3D57ED004558D,Hygro#55:8D,Hygro,Crofts South West Field,56.57950324451966,-2.7063292005198787,6c6b02a80066023f234e104000d9,38.1,6.8,102.0,5.75,90.38,4.16,217
2025-04-02 07:48:57.328242+00:00,70B3D57ED004558D,Hygro#55:8D,Hygro,Crofts South West Field,56.57950324451966,-2.7063292005198787,6c6d02a8006702af2318104900da,38.11,6.8,103.0,6.87,89.84,4.17,218
2025-04-02 08:04:14.094355+00:00,70B3D57ED004558D,Hygro#55:8D,Hygro,Crofts South West Field,56.57950324451966,-2.7063292005198787,6c6e029e006602772329105400db,38.11,6.7,102.0,6.31,90.01,4.18,219
2025-04-02 08:19:30.857312+00:00,70B3D57ED004558D,Hygro#55:8D,Hygro,Crofts South West Field,56.57950324451966,-2.7063292005198787,6c6c029e006602af230f104900dc,38.11,6.7,102.0,6.87,89.75,4.17,220
2025-04-02 08:34:47.621126+00:00,70B3D57ED004558D,Hygro#55:8D,Hygro,Crofts South West Field,56.57950324451966,-2.7063292005198787,6c6b029e0066038c22f2105600dd,38.1,6.7,102.0,9.08,89.46,4.18,221
2025-04-02 08:50:04.384418+00:00,70B3D57ED004558D,Hygro#55:8D,Hygro,Crofts South West Field,56.57950324451966,-2.7063292005198787,6c6c029e006603be2292104b00de,38.11,6.7,102.0,9.58,88.5,4.17,222
2025-04-02 09:20:37.890208+00:00,70B3D57ED004558D,Hygro#55:8D,Hygro,Crofts South West Field,56.57950324451966,-2.7063292005198787,6c6f029e006504712285104400e0,38.12,6.7,101.0,11.37,88.37,4.16,224
2025-04-02 09:35:54.652127+00:00,70B3D57ED004558D,Hygro#55:8D,Hygro,Crofts South West Field,56.57950324451966,-2.7063292005198787,6c6b02a8006604d7230b104b00e1,38.1,6.8,102.0,12.39,89.71,4.17,225
2025-04-02 09:51:11.404434+00:00,70B3D57ED004558D,Hygro#55:8D,Hygro,Crofts South West Field,56.57950324451966,-2.7063292005198787,6c6d02a8006505842310104b00e2,38.11,6.8,101.0,14.12,89.76,4.17,226
2025-04-02 10:06:28.159815+00:00,70B3D57ED004558D,Hygro#55:8D,Hygro,Crofts South West Field,56.57950324451966,-2.7063292005198787,6c6902a800660543236a104900e3,38.09,6.8,102.0,13.47,90.66,4.17,227
2025-04-02 10:21:44.913060+00:00,70B3D57ED004558D,Hygro#55:8D,Hygro,Crofts South West Field,56.57950324451966,-2.7063292005198787,6c6802a8006605bc2389104600e4,38.09,6.8,102.0,14.68,90.97,4.17,228
2025-04-02 10:37:01.652588+00:00,70B3D57ED004558D,Hygro#55:8D,Hygro,Crofts South West Field,56.57950324451966,-2.7063292005198787,6c6802a8006605cd235e104600e5,38.09,6.8,102.0,14.85,90.54,4.17,229
2025-04-02 10:52:18.407309+00:00,70B3D57ED004558D,Hygro#55:8D,Hygro,Crofts South West Field,56.57950324451966,-2.7063292005198787,6c6502b20066064e23d7104400e6,38.08,6.9,102.0,16.14,91.75,4.16,230
2025-04-02 11:07:35.150802+00:00,70B3D57ED004558D,Hygro#55:8D,Hygro,Crofts South West Field,56.57950324451966,-2.7063292005198787,6c6102b2006506b023e0104400e7,38.06,6.9,101.0,17.12,91.84,4.16,231
2025-04-02 11:22:51.914456+00:00,70B3D57ED004558D,Hygro#55:8D,Hygro,Crofts South West Field,56.57950324451966,-2.7063292005198787,6c6102b2006606562443104900e8,38.06,6.9,102.0,16.22,92.83,4.17,232
2025-04-02 11:38:08.658189+00:00,70B3D57ED004558D,Hygro#55:8D,Hygro,Crofts South West Field,56.57950324451966,-2.7063292005198787,6c6002bc006606c72403104400e9,38.06,7.0,102.0,17.35,92.19,4.16,233
2025-04-02 11:53:25.409256+00:00,70B3D57ED004558D,Hygro#55:8D,Hygro,Crofts South West Field,56.57950324451966,-2.7063292005198787,6c5c02bc006507102413104600ea,38.04,7.0,101.0,18.08,92.35,4.17,234
2025-04-02 12:08:42.167244+00:00,70B3D57ED004558D,Hygro#55:8D,Hygro,Crofts South West Field,56.57950324451966,-2.7063292005198787,6c6302bc0065071e2475104400eb,38.07,7.0,101.0,18.22,93.33,4.16,235
2025-04-02 12:23:58.917241+00:00,70B3D57ED004558D,Hygro#55:8D,Hygro,Crofts South West Field,56.57950324451966,-2.7063292005198787,6c5702c6006506b0246b104400ec,38.02,7.1,101.0,17.12,93.23,4.16,236
2025-04-02 12:54:32.441545+00:00,70B3D57ED004558D,Hygro#55:8D,Hygro,Crofts South West Field,56.57950324451966,-2.7063292005198787,6c5402d0006506912478104600ee,38.01,7.2,101.0,16.81,93.36,4.17,238
2025-04-02 13:09:49.199961+00:00,70B3D57ED004558D,Hygro#55:8D,Hygro,Crofts South West Field,56.57950324451966,-2.7063292005198787,6c5402da006506c3245c104600ef,38.01,7.3,101.0,17.31,93.08,4.17,239
2025-04-02 13:25:05.961425+00:00,70B3D57ED004558D,Hygro#55:8D,Hygro,Crofts South West Field,56.57950324451966,-2.7063292005198787,6c4d02da00650708242d104400f0,37.99,7.3,101.0,18.0,92.61,4.16,240
2025-04-02 13:40:22.720008+00:00,70B3D57ED004558D,Hygro#55:8D,Hygro,Crofts South West Field,56.57950324451966,-2.7063292005198787,6c4c02e4006406b42420104400f1,37.98,7.4,100.0,17.16,92.48,4.16,241
2025-04-02 13:55:39.477302+00:00,70B3D57ED004558D,Hygro#55:8D,Hygro,Crofts South West Field,56.57950324451966,-2.7063292005198787,6c4902e400660669243f104600f2,37.97,7.4,102.0,16.41,92.79,4.17,242
2025-04-02 14:10:56.237693+00:00,70B3D57ED004558D,Hygro#55:8D,Hygro,Crofts South West Field,56.57950324451966,-2.7063292005198787,6c4a02ee006506562445104600f3,37.97,7.5,101.0,16.22,92.85,4.17,243
2025-04-02 14:26:13.000716+00:00,70B3D57ED004558D,Hygro#55:8D,Hygro,Crofts South West Field,56.57950324451966,-2.7063292005198787,6c4402ee0066064a2442104600f4,37.95,7.5,102.0,16.1,92.82,4.17,244
2025-04-02 14:41:29.772552+00:00,70B3D57ED004558D,Hygro#55:8D,Hygro,Crofts South West Field,56.57950324451966,-2.7063292005198787,6c4302f8006506332439104600f5,37.95,7.6,101.0,15.87,92.73,4.17,245
2025-04-02 14:56:46.526400+00:00,70B3D57ED004558D,Hygro#55:8D,Hygro,Crofts South West Field,56.57950324451966,-2.7063292005198787,6c4202f8006506242417104600f6,37.94,7.6,101.0,15.72,92.39,4.17,246
2025-04-02 15:12:03.280986+00:00,70B3D57ED004558D,Hygro#55:8D,Hygro,Crofts South West Field,56.57950324451966,-2.7063292005198787,6c40030200660607243a104200f7,37.93,7.7,102.0,15.43,92.74,4.16,247
2025-04-02 15:27:20.043454+00:00,70B3D57ED004558D,Hygro#55:8D,Hygro,Crofts South West Field,56.57950324451966,-2.7063292005198787,6c3e03020065063b2411104600f8,37.93,7.7,101.0,15.95,92.33,4.17,248
2025-04-02 15:42:36.807266+00:00,70B3D57ED004558D,Hygro#55:8D,Hygro,Crofts South West Field,56.57950324451966,-2.7063292005198787,6c3d030c006505522436104400f9,37.92,7.8,101.0,13.62,92.7,4.16,249
2025-04-02 15:57:53.565170+00:00,70B3D57ED004558D,Hygro#55:8D,Hygro,Crofts South West Field,56.57950324451966,-2.7063292005198787,6c38030c006505aa2443104200fa,37.9,7.8,101.0,14.5,92.83,4.16,250
2025-04-02 16:13:10.316038+00:00,70B3D57ED004558D,Hygro#55:8D,Hygro,Crofts South West Field,56.57950324451966,-2.7063292005198787,6c36030c00650571245f104400fb,37.9,7.8,101.0,13.93,93.11,4.16,251
2025-04-02 16:28:27.074308+00:00,70B3D57ED004558D,Hygro#55:8D,Hygro,Crofts South West Field,56.57950324451966,-2.7063292005198787,6c340316006504e823ef104400fc,37.89,7.9,101.0,12.56,91.99,4.16,252
2025-04-02 16:43:43.840694+00:00,70B3D57ED004558D,Hygro#55:8D,Hygro,Crofts South West Field,56.57950324451966,-2.7063292005198787,6c3603160065048e2323104600fd,37.9,7.9,101.0,11.66,89.95,4.17,253
2025-04-02 16:59:00.605106+00:00,70B3D57ED004558D,Hygro#55:8D,Hygro,Crofts South West Field,56.57950324451966,-2.7063292005198787,6c3503160065042622bd104600fe,37.89,7.9,101.0,10.62,88.93,4.17,254
2025-04-02 17:14:17.377780+00:00,70B3D57ED004558D,Hygro#55:8D,Hygro,Crofts South West Field,56.57950324451966,-2.7063292005198787,6c3003160065037b2296104400ff,37.87,7.9,101.0,8.91,88.54,4.16,255
2025-04-02 17:29:34.148465+00:00,70B3D57ED004558D,Hygro#55:8D,Hygro,Crofts South West Field,56.57950324451966,-2.7063292005198787,6c320316006502f8224c10440000,37.88,7.9,101.0,7.6,87.8,4.16,0
2025-04-02 17:44:50.930996+00:00,70B3D57ED004558D,Hygro#55:8D,Hygro,Crofts South West Field,56.57950324451966,-2.7063292005198787,6c300316006502a3228910420001,37.87,7.9,101.0,6.75,88.41,4.16,1
2025-04-02 18:00:07.697685+00:00,70B3D57ED004558D,Hygro#55:8D,Hygro,Crofts South West Field,56.57950324451966,-2.7063292005198787,6c33031600640281229e10490002,37.88,7.9,100.0,6.41,88.62,4.17,2
2025-04-02 18:15:24.461098+00:00,70B3D57ED004558D,Hygro#55:8D,Hygro,Crofts South West Field,56.57950324451966,-2.7063292005198787,6c2f03160065025e229e10490003,37.87,7.9,101.0,6.06,88.62,4.17,3
2025-04-02 18:30:41.240200+00:00,70B3D57ED004558D,Hygro#55:8D,Hygro,Crofts South West Field,56.57950324451966,-2.7063292005198787,6c2f03160065022c22a3104b0004,37.87,7.9,101.0,5.56,88.67,4.17,4
2025-04-02 18:45:58.017942+00:00,70B3D57ED004558D,Hygro#55:8D,Hygro,Crofts South West Field,56.57950324451966,-2.7063292005198787,6c300316006501d2229310440005,37.87,7.9,101.0,4.66,88.51,4.16,5
2025-04-02 19:16:31.585183+00:00,70B3D57ED004558D,Hygro#55:8D,Hygro,Crofts South West Field,56.57950324451966,-2.7063292005198787,6c2f03160065010e22b210440007,37.87,7.9,101.0,2.7,88.82,4.16,7
2025-04-02 19:31:48.365029+00:00,70B3D57ED004558D,Hygro#55:8D,Hygro,Crofts South West Field,56.57950324451966,-2.7063292005198787,6c3303160065012e229f10440008,37.88,7.9,101.0,3.02,88.63,4.16,8
2025-04-02 19:47:05.160273+00:00,70B3D57ED004558D,Hygro#55:8D,Hygro,Crofts South West Field,56.57950324451966,-2.7063292005198787,6c31030c0066010c22a410440009,37.88,7.8,102.0,2.68,88.68,4.16,9
2025-04-02 20:02:21.943360+00:00,70B3D57ED004558D,Hygro#55:8D,Hygro,Crofts South West Field,56.57950324451966,-2.7063292005198787,6c30030c0065015e22ba1049000a,37.87,7.8,101.0,3.5,88.9,4.17,10
2025-04-02 20:17:38.740230+00:00,70B3D57ED004558D,Hygro#55:8D,Hygro,Crofts South West Field,56.57950324451966,-2.7063292005198787,6c31030c0066013822d11046000b,37.88,7.8,102.0,3.12,89.13,4.17,11
2025-04-02 20:32:55.530614+00:00,70B3D57ED004558D,Hygro#55:8D,Hygro,Crofts South West Field,56.57950324451966,-2.7063292005198787,6c330302006700e122b31044000c,37.88,7.7,103.0,2.25,88.83,4.16,12
2025-04-02 20:48:12.314859+00:00,70B3D57ED004558D,Hygro#55:8D,Hygro,Crofts South West Field,56.57950324451966,-2.7063292005198787,6c3403020066014522f01042000d,37.89,7.7,102.0,3.25,89.44,4.16,13
2025-04-02 21:03:29.098215+00:00,70B3D57ED004558D,Hygro#55:8D,Hygro,Crofts South West Field,56.57950324451966,-2.7063292005198787,6c350302006500bf22941042000e,37.89,7.7,101.0,1.91,88.52,4.16,14
2025-04-02 21:18:45.893823+00:00,70B3D57ED004558D,Hygro#55:8D,Hygro,Crofts South West Field,56.57950324451966,-2.7063292005198787,6c3502f80066009622b01042000f,37.89,7.6,102.0,1.5,88.8,4.16,15
2025-04-02 21:34:02.688311+00:00,70B3D57ED004558D,Hygro#55:8D,Hygro,Crofts South West Field,56.57950324451966,-2.7063292005198787,6c3602f80066002f22c310490010,37.9,7.6,102.0,0.47,88.99,4.17,16
2025-04-02 21:49:19.486997+00:00,70B3D57ED004558D,Hygro#55:8D,Hygro,Crofts South West Field,56.57950324451966,-2.7063292005198787,6c3502ee0068001222ca10440011,37.89,7.5,104.0,0.18,89.06,4.16,17
2025-04-02 22:04:36.291851+00:00,70B3D57ED004558D,Hygro#55:8D,Hygro,Crofts South West Field,56.57950324451966,-2.7063292005198787,6c3802ee0066001b22db10440012,37.9,7.5,102.0,0.27,89.23,4.16,18
2025-04-02 22:19:53.088573+00:00,70B3D57ED004558D,Hygro#55:8D,Hygro,Crofts South West Field,56.57950324451966,-2.7063292005198787,6c3602ee0067004622e510420013,37.9,7.5,103.0,0.7,89.33,4.16,19
2025-04-02 22:35:09.883829+00:00,70B3D57ED004558D,Hygro#55:8D,Hygro,Crofts South West Field,56.57950324451966,-2.7063292005198787,6c3802e40065002722e010420014,37.9,7.4,101.0,0.39,89.28,4.16,20
2025-04-02 22:50:26.682201+00:00,70B3D57ED004558D,Hygro#55:8D,Hygro,Crofts South West Field,56.57950324451966,-2.7063292005198787,6c3402e40066004b22d610420015,37.89,7.4,102.0,0.75,89.18,4.16,21
2025-04-02 23:05:43.480312+00:00,70B3D57ED004558D,Hygro#55:8D,Hygro,Crofts South West Field,56.57950324451966,-2.7063292005198787,6c3802dd0066006822dd10440016,37.9,7.33,102.0,1.04,89.25,4.16,22
2025-04-02 23:21:00.275804+00:00,70B3D57ED004558D,Hygro#55:8D,Hygro,Crofts South West Field,56.57950324451966,-2.7063292005198787,6c3902da0065001222bb10440017,37.91,7.3,101.0,0.18,88.91,4.16,23
2025-04-02 23:36:17.081312+00:00,70B3D57ED004558D,Hygro#55:8D,Hygro,Crofts South West Field,56.57950324451966,-2.7063292005198787,6c3c02da0067000c22d710400018,37.92,7.3,103.0,0.12,89.19,4.16,24
2025-04-02 23:51:33.878126+00:00,70B3D57ED004558D,Hygro#55:8D,Hygro,Crofts South West Field,56.57950324451966,-2.7063292005198787,6c3a02d00066002722ef10440019,37.91,7.2,102.0,0.39,89.43,4.16,25
2025-04-03 00:06:50.668846+00:00,70B3D57ED004558D,Hygro#55:8D,Hygro,Crofts South West Field,56.57950324451966,-2.7063292005198787,6c3e02d00067fff822c61042001a,37.93,7.2,103.0,655.28,89.02,4.16,26
2025-04-03 00:22:07.468798+00:00,70B3D57ED004558D,Hygro#55:8D,Hygro,Crofts South West Field,56.57950324451966,-2.7063292005198787,6c3a02d00067004422e31042001b,37.91,7.2,103.0,0.68,89.31,4.16,27
2025-04-03 00:37:24.263612+00:00,70B3D57ED004558D,Hygro#55:8D,Hygro,Crofts South West Field,56.57950324451966,-2.7063292005198787,6c3b02c60066003422cf1046001c,37.92,7.1,102.0,0.52,89.11,4.17,28
2025-04-03 00:52:41.057819+00:00,70B3D57ED004558D,Hygro#55:8D,Hygro,Crofts South West Field,56.57950324451966,-2.7063292005198787,6c4002c60067fffa22c31042001d,37.93,7.1,103.0,655.3,88.99,4.16,29
2025-04-03 01:07:57.863001+00:00,70B3D57ED004558D,Hygro#55:8D,Hygro,Crofts South West Field,56.57950324451966,-2.7063292005198787,6c3d02bc0066ffcc22d41042001e,37.92,7.0,102.0,654.84,89.16,4.16,30
2025-04-03 01:23:14.671063+00:00,70B3D57ED004558D,Hygro#55:8D,Hygro,Crofts South West Field,56.57950324451966,-2.7063292005198787,6c4102bc0066ffe722f01040001f,37.94,7.0,102.0,655.11,89.44,4.16,31
2025-04-03 01:53:48.273501+00:00,70B3D57ED004558D,Hygro#55:8D,Hygro,Crofts South West Field,56.57950324451966,-2.7063292005198787,6c4302bc0066ffec22d910460021,37.95,7.0,102.0,655.16,89.21,4.17,33
2025-04-03 02:09:05.079024+00:00,70B3D57ED004558D,Hygro#55:8D,Hygro,Crofts South West Field,56.57950324451966,-2.7063292005198787,6c3e02b20066ffe722df10400022,37.93,6.9,102.0,655.11,89.27,4.16,34
2025-04-03 02:24:21.869736+00:00,70B3D57ED004558D,Hygro#55:8D,Hygro,Crofts South West Field,56.57950324451966,-2.7063292005198787,6c4002b20066000422e710420023,37.93,6.9,102.0,0.04,89.35,4.16,35
2025-04-03 02:39:38.675868+00:00,70B3D57ED004558D,Hygro#55:8D,Hygro,Crofts South West Field,56.57950324451966,-2.7063292005198787,6c4202b20065fffa22e210420024,37.94,6.9,101.0,655.3,89.3,4.16,36
2025-04-03 02:54:55.473454+00:00,70B3D57ED004558D,Hygro#55:8D,Hygro,Crofts South West Field,56.57950324451966,-2.7063292005198787,6c4202a80066fff622e010440025,37.94,6.8,102.0,655.26,89.28,4.16,37
2025-04-03 03:10:12.273040+00:00,70B3D57ED004558D,Hygro#55:8D,Hygro,Crofts South West Field,56.57950324451966,-2.7063292005198787,6c3f02a80066000a22e410420026,37.93,6.8,102.0,0.1,89.32,4.16,38
2025-04-03 03:25:29.077134+00:00,70B3D57ED004558D,Hygro#55:8D,Hygro,Crofts South West Field,56.57950324451966,-2.7063292005198787,6c3f02a80066fff422df10440027,37.93,6.8,102.0,655.24,89.27,4.16,39
2025-04-03 03:56:02.680254+00:00,70B3D57ED004558D,Hygro#55:8D,Hygro,Crofts South West Field,56.57950324451966,-2.7063292005198787,6c44029e0066ffba22d210400029,37.95,6.7,102.0,654.66,89.14,4.16,41
2025-04-03 04:11:19.476871+00:00,70B3D57ED004558D,Hygro#55:8D,Hygro,Crofts South West Field,56.57950324451966,-2.7063292005198787,6c44029e0067ffe722ea1040002a,37.95,6.7,103.0,655.11,89.38,4.16,42
2025-04-03 04:26:36.277195+00:00,70B3D57ED004558D,Hygro#55:8D,Hygro,Crofts South West Field,56.57950324451966,-2.7063292005198787,6c48029e0067ff9422d31044002b,37.97,6.7,103.0,654.28,89.15,4.16,43
2025-04-03 04:41:53.077996+00:00,70B3D57ED004558D,Hygro#55:8D,Hygro,Crofts South West Field,56.57950324451966,-2.7063292005198787,6c4702940067ff8a22e41042002c,37.96,6.6,103.0,654.18,89.32,4.16,44
2025-04-03 04:57:09.894641+00:00,70B3D57ED004558D,Hygro#55:8D,Hygro,Crofts South West Field,56.57950324451966,-2.7063292005198787,6c4902940066ff9c22fb1044002d,37.97,6.6,102.0,654.36,89.55,4.16,45
2025-04-03 05:12:26.701923+00:00,70B3D57ED004558D,Hygro#55:8D,Hygro,Crofts South West Field,56.57950324451966,-2.7063292005198787,6c4402940068ff9c22ec1040002e,37.95,6.6,104.0,654.36,89.4,4.16,46
2025-04-03 05:27:43.509015+00:00,70B3D57ED004558D,Hygro#55:8D,Hygro,Crofts South West Field,56.57950324451966,-2.7063292005198787,6c4802940066ffa322ef1042002f,37.97,6.6,102.0,654.43,89.43,4.16,47
2025-04-03 05:43:00.301774+00:00,70B3D57ED004558D,Hygro#55:8D,Hygro,Crofts South West Field,56.57950324451966,-2.7063292005198787,6c43028a0066ffb822ef10420030,37.95,6.5,102.0,654.64,89.43,4.16,48
2025-04-03 06:13:33.894499+00:00,70B3D57ED004558D,Hygro#55:8D,Hygro,Crofts South West Field,56.57950324451966,-2.7063292005198787,6c42028a0066001d22e410400032,37.94,6.5,102.0,0.29,89.32,4.16,50
2025-04-03 06:44:07.504640+00:00,70B3D57ED004558D,Hygro#55:8D,Hygro,Crofts South West Field,56.57950324451966,-2.7063292005198787,6c46028a006600eb232b10420034,37.96,6.5,102.0,2.35,90.03,4.16,52
2025-04-03 06:59:24.234124+00:00,70B3D57ED004558D,Hygro#55:8D,Hygro,Crofts South West Field,56.57950324451966,-2.7063292005198787,6c4702800066016e236a103b0035,37.96,6.4,102.0,3.66,90.66,4.16,53
2025-04-03 07:14:41.008671+00:00,70B3D57ED004558D,Hygro#55:8D,Hygro,Crofts South West Field,56.57950324451966,-2.7063292005198787,6c430280006701db239d103e0036,37.95,6.4,103.0,4.75,91.17,4.16,54
2025-04-03 07:29:57.792793+00:00,70B3D57ED004558D,Hygro#55:8D,Hygro,Crofts South West Field,56.57950324451966,-2.7063292005198787,6c4602800067023423c7103e0037,37.96,6.4,103.0,5.64,91.59,4.16,55
2025-04-03 07:45:14.561564+00:00,70B3D57ED004558D,Hygro#55:8D,Hygro,Crofts South West Field,56.57950324451966,-2.7063292005198787,6c4702800066026a23e410400038,37.96,6.4,102.0,6.18,91.88,4.16,56
2025-04-03 08:00:31.331940+00:00,70B3D57ED004558D,Hygro#55:8D,Hygro,Crofts South West Field,56.57950324451966,-2.7063292005198787,6c430280006702a323ca103e0039,37.95,6.4,103.0,6.75,91.62,4.16,57
2025-04-03 08:15:48.092496+00:00,70B3D57ED004558D,Hygro#55:8D,Hygro,Crofts South West Field,56.57950324451966,-2.7063292005198787,6c430280006702e923c51049003a,37.95,6.4,103.0,7.45,91.57,4.17,58
2025-04-03 08:46:21.634489+00:00,70B3D57ED004558D,Hygro#55:8D,Hygro,Crofts South West Field,56.57950324451966,-2.7063292005198787,6c4102800067033423a71056003c,37.94,6.4,103.0,8.2,91.27,4.18,60
2025-04-03 09:01:38.385924+00:00,70B3D57ED004558D,Hygro#55:8D,Hygro,Crofts South West Field,56.57950324451966,-2.7063292005198787,6c450280006703ba23861054003d,37.95,6.4,103.0,9.54,90.94,4.18,61
2025-04-03 09:16:55.142027+00:00,70B3D57ED004558D,Hygro#55:8D,Hygro,Crofts South West Field,56.57950324451966,-2.7063292005198787,6c3f0280006603e1239c104d003e,37.93,6.4,102.0,9.93,91.16,4.17,62
2025-04-03 09:32:11.904037+00:00,70B3D57ED004558D,Hygro#55:8D,Hygro,Crofts South West Field,56.57950324451966,-2.7063292005198787,6c4202800067044123bd104b003f,37.94,6.4,103.0,10.89,91.49,4.17,63
2025-04-03 10:02:45.425597+00:00,70B3D57ED004558D,Hygro#55:8D,Hygro,Crofts South West Field,56.57950324451966,-2.7063292005198787,6c410280006704db244210490041,37.94,6.4,103.0,12.43,92.82,4.17,65
2025-04-03 10:18:02.181880+00:00,70B3D57ED004558D,Hygro#55:8D,Hygro,Crofts South West Field,56.57950324451966,-2.7063292005198787,6c3b028a00660505246f10490042,37.92,6.5,102.0,12.85,93.27,4.17,66
2025-04-03 10:33:18.947555+00:00,70B3D57ED004558D,Hygro#55:8D,Hygro,Crofts South West Field,56.57950324451966,-2.7063292005198787,6c3b028a0066054e2496104b0043,37.92,6.5,102.0,13.58,93.66,4.17,67
2025-04-03 10:48:35.705265+00:00,70B3D57ED004558D,Hygro#55:8D,Hygro,Crofts South West Field,56.57950324451966,-2.7063292005198787,6c34028a0066056f249110490044,37.89,6.5,102.0,13.91,93.61,4.17,68
2025-04-03 11:03:52.453243+00:00,70B3D57ED004558D,Hygro#55:8D,Hygro,Crofts South West Field,56.57950324451966,-2.7063292005198787,6c35029400670584248910490045,37.89,6.6,103.0,14.12,93.53,4.17,69
2025-04-03 11:19:09.216754+00:00,70B3D57ED004558D,Hygro#55:8D,Hygro,Crofts South West Field,56.57950324451966,-2.7063292005198787,6c2f029400680584249410460046,37.87,6.6,104.0,14.12,93.64,4.17,70
2025-04-03 11:34:25.974838+00:00,70B3D57ED004558D,Hygro#55:8D,Hygro,Crofts South West Field,56.57950324451966,-2.7063292005198787,6c2e029e006605c3248e10490047,37.87,6.7,102.0,14.75,93.58,4.17,71
2025-04-03 12:04:59.487797+00:00,70B3D57ED004558D,Hygro#55:8D,Hygro,Crofts South West Field,56.57950324451966,-2.7063292005198787,6c2a02a8006605f0245810490049,37.85,6.8,102.0,15.2,93.04,4.17,73
2025-04-03 12:20:16.241878+00:00,70B3D57ED004558D,Hygro#55:8D,Hygro,Crofts South West Field,56.57950324451966,-2.7063292005198787,6c2102b20066063d24421049004a,37.81,6.9,102.0,15.97,92.82,4.17,74
2025-04-03 12:35:32.986165+00:00,70B3D57ED004558D,Hygro#55:8D,Hygro,Crofts South West Field,56.57950324451966,-2.7063292005198787,6c2202b2006605e624431046004b,37.82,6.9,102.0,15.1,92.83,4.17,75
2025-04-03 13:06:06.508907+00:00,70B3D57ED004558D,Hygro#55:8D,Hygro,Crofts South West Field,56.57950324451966,-2.7063292005198787,6c1c02bc0066063324301046004d,37.8,7.0,102.0,15.87,92.64,4.17,77
2025-04-03 13:21:23.260172+00:00,70B3D57ED004558D,Hygro#55:8D,Hygro,Crofts South West Field,56.57950324451966,-2.7063292005198787,6c1a02c600660624242f1046004e,37.79,7.1,102.0,15.72,92.63,4.17,78
2025-04-03 13:36:40.018211+00:00,70B3D57ED004558D,Hygro#55:8D,Hygro,Crofts South West Field,56.57950324451966,-2.7063292005198787,6c1b02c60066062024251049004f,37.79,7.1,102.0,15.68,92.53,4.17,79
2025-04-03 13:51:56.775433+00:00,70B3D57ED004558D,Hygro#55:8D,Hygro,Crofts South West Field,56.57950324451966,-2.7063292005198787,6c1502d00066060b2424104b0050,37.77,7.2,102.0,15.47,92.52,4.17,80
2025-04-03 14:07:13.535597+00:00,70B3D57ED004558D,Hygro#55:8D,Hygro,Crofts South West Field,56.57950324451966,-2.7063292005198787,6c1302da006605e2240c10490051,37.76,7.3,102.0,15.06,92.28,4.17,81
2025-04-03 14:22:30.288352+00:00,70B3D57ED004558D,Hygro#55:8D,Hygro,Crofts South West Field,56.57950324451966,-2.7063292005198787,6c1102da006605d7240c10460052,37.75,7.3,102.0,14.95,92.28,4.17,82
2025-04-03 14:53:03.786839+00:00,70B3D57ED004558D,Hygro#55:8D,Hygro,Crofts South West Field,56.57950324451966,-2.7063292005198787,6c0902e4006605c5240310460054,37.72,7.4,102.0,14.77,92.19,4.17,84
2025-04-03 15:08:20.547313+00:00,70B3D57ED004558D,Hygro#55:8D,Hygro,Crofts South West Field,56.57950324451966,-2.7063292005198787,6c0802ee006605aa240310490055,37.72,7.5,102.0,14.5,92.19,4.17,85
2025-04-03 15:23:37.307984+00:00,70B3D57ED004558D,Hygro#55:8D,Hygro,Crofts South West Field,56.57950324451966,-2.7063292005198787,6c0702ee0065058c23f510460056,37.71,7.5,101.0,14.2,92.05,4.17,86
2025-04-03 15:38:54.066369+00:00,70B3D57ED004558D,Hygro#55:8D,Hygro,Crofts South West Field,56.57950324451966,-2.7063292005198787,6c0302ee0065055f240410490057,37.7,7.5,101.0,13.75,92.2,4.17,87
2025-04-03 15:54:10.823021+00:00,70B3D57ED004558D,Hygro#55:8D,Hygro,Crofts South West Field,56.57950324451966,-2.7063292005198787,6c0402f800650533241410440058,37.7,7.6,101.0,13.31,92.36,4.16,88
2025-04-03 16:09:27.583102+00:00,70B3D57ED004558D,Hygro#55:8D,Hygro,Crofts South West Field,56.57950324451966,-2.7063292005198787,6c0202f8006504ea243610440059,37.69,7.6,101.0,12.58,92.7,4.16,89
2025-04-03 16:24:44.352880+00:00,70B3D57ED004558D,Hygro#55:8D,Hygro,Crofts South West Field,56.57950324451966,-2.7063292005198787,6bfe03020065049d23d61046005a,37.68,7.7,101.0,11.81,91.74,4.17,90
2025-04-03 16:40:01.102856+00:00,70B3D57ED004558D,Hygro#55:8D,Hygro,Crofts South West Field,56.57950324451966,-2.7063292005198787,6bfe03020066048623261046005b,37.68,7.7,102.0,11.58,89.98,4.17,91
2025-04-03 16:55:17.871869+00:00,70B3D57ED004558D,Hygro#55:8D,Hygro,Crofts South West Field,56.57950324451966,-2.7063292005198787,6bfb03020066042822af1044005c,37.67,7.7,102.0,10.64,88.79,4.16,92
2025-04-03 17:10:34.634187+00:00,70B3D57ED004558D,Hygro#55:8D,Hygro,Crofts South West Field,56.57950324451966,-2.7063292005198787,6bf80302006603cf22971049005d,37.66,7.7,102.0,9.75,88.55,4.17,93
2025-04-03 17:25:51.390727+00:00,70B3D57ED004558D,Hygro#55:8D,Hygro,Crofts South West Field,56.57950324451966,-2.7063292005198787,6bfb03020066037b22461049005e,37.67,7.7,102.0,8.91,87.74,4.17,94
2025-04-03 17:41:08.170212+00:00,70B3D57ED004558D,Hygro#55:8D,Hygro,Crofts South West Field,56.57950324451966,-2.7063292005198787,6bf703020066032822771044005f,37.65,7.7,102.0,8.08,88.23,4.16,95
2025-04-03 17:56:24.933384+00:00,70B3D57ED004558D,Hygro#55:8D,Hygro,Crofts South West Field,56.57950324451966,-2.7063292005198787,6bf60302006602e3229910440060,37.65,7.7,102.0,7.39,88.57,4.16,96
2025-04-03 18:11:41.711434+00:00,70B3D57ED004558D,Hygro#55:8D,Hygro,Crofts South West Field,56.57950324451966,-2.7063292005198787,6bfb0302006602b122bb10440061,37.67,7.7,102.0,6.89,88.91,4.16,97
2025-04-03 18:26:58.473675+00:00,70B3D57ED004558D,Hygro#55:8D,Hygro,Crofts South West Field,56.57950324451966,-2.7063292005198787,6bf603020066028122c210460062,37.65,7.7,102.0,6.41,88.98,4.17,98
2025-04-03 18:57:32.029623+00:00,70B3D57ED004558D,Hygro#55:8D,Hygro,Crofts South West Field,56.57950324451966,-2.7063292005198787,6bf603020066023f22c110440064,37.65,7.7,102.0,5.75,88.97,4.16,100
2025-04-03 19:12:48.811750+00:00,70B3D57ED004558D,Hygro#55:8D,Hygro,Crofts South West Field,56.57950324451966,-2.7063292005198787,6bf603020066022a22c410460065,37.65,7.7,102.0,5.54,89.0,4.17,101
2025-04-03 19:28:05.565432+00:00,70B3D57ED004558D,Hygro#55:8D,Hygro,Crofts South West Field,56.57950324451966,-2.7063292005198787,6bf403020066021322c010420066,37.64,7.7,102.0,5.31,88.96,4.16,102
2025-04-03 19:43:22.355573+00:00,70B3D57ED004558D,Hygro#55:8D,Hygro,Crofts South West Field,56.57950324451966,-2.7063292005198787,6bf70302006601fe22c110460067,37.65,7.7,102.0,5.1,88.97,4.17,103
2025-04-03 19:58:39.129474+00:00,70B3D57ED004558D,Hygro#55:8D,Hygro,Crofts South West Field,56.57950324451966,-2.7063292005198787,6bf902f8006701e922c110440068,37.66,7.6,103.0,4.89,88.97,4.16,104
2025-04-03 20:29:12.686525+00:00,70B3D57ED004558D,Hygro#55:8D,Hygro,Crofts South West Field,56.57950324451966,-2.7063292005198787,6bf802f8006601b322b01044006a,37.66,7.6,102.0,4.35,88.8,4.16,106
2025-04-03 20:44:29.469939+00:00,70B3D57ED004558D,Hygro#55:8D,Hygro,Crofts South West Field,56.57950324451966,-2.7063292005198787,6bfd02f80066019c22ad1046006b,37.67,7.6,102.0,4.12,88.77,4.17,107
2025-04-03 20:59:46.249124+00:00,70B3D57ED004558D,Hygro#55:8D,Hygro,Crofts South West Field,56.57950324451966,-2.7063292005198787,6bf702ee00660174229b1040006c,37.65,7.5,102.0,3.72,88.59,4.16,108
2025-04-03 21:15:03.022160+00:00,70B3D57ED004558D,Hygro#55:8D,Hygro,Crofts South West Field,56.57950324451966,-2.7063292005198787,6bf902ee00660174229e1044006d,37.66,7.5,102.0,3.72,88.62,4.16,109
2025-04-03 21:30:19.817851+00:00,70B3D57ED004558D,Hygro#55:8D,Hygro,Crofts South West Field,56.57950324451966,-2.7063292005198787,6bfa02ee0066015122911042006e,37.66,7.5,102.0,3.37,88.49,4.16,110
2025-04-03 21:45:36.604100+00:00,70B3D57ED004558D,Hygro#55:8D,Hygro,Crofts South West Field,56.57950324451966,-2.7063292005198787,6bfd02ee00650170229f1046006f,37.67,7.5,101.0,3.68,88.63,4.17,111
2025-04-03 22:16:10.173059+00:00,70B3D57ED004558D,Hygro#55:8D,Hygro,Crofts South West Field,56.57950324451966,-2.7063292005198787,6bf902e40066018522b210460071,37.66,7.4,102.0,3.89,88.82,4.17,113
2025-04-03 22:31:26.956659+00:00,70B3D57ED004558D,Hygro#55:8D,Hygro,Crofts South West Field,56.57950324451966,-2.7063292005198787,6bfc02e40066015922b210400072,37.67,7.4,102.0,3.45,88.82,4.16,114
2025-04-03 22:46:43.743329+00:00,70B3D57ED004558D,Hygro#55:8D,Hygro,Crofts South West Field,56.57950324451966,-2.7063292005198787,6bfd02e40066011322ba10440073,37.67,7.4,102.0,2.75,88.9,4.16,115
2025-04-03 23:17:17.333547+00:00,70B3D57ED004558D,Hygro#55:8D,Hygro,Crofts South West Field,56.57950324451966,-2.7063292005198787,6bfb02da0067011f22e110460075,37.67,7.3,103.0,2.87,89.29,4.17,117
2025-04-03 23:32:34.113544+00:00,70B3D57ED004558D,Hygro#55:8D,Hygro,Crofts South West Field,56.57950324451966,-2.7063292005198787,6bfd02da0066011022db10460076,37.67,7.3,102.0,2.72,89.23,4.17,118
2025-04-03 23:47:50.912456+00:00,70B3D57ED004558D,Hygro#55:8D,Hygro,Crofts South West Field,56.57950324451966,-2.7063292005198787,6bfd02d00067010622cd10460077,37.67,7.2,103.0,2.62,89.09,4.17,119
2025-04-04 00:18:24.493063+00:00,70B3D57ED004558D,Hygro#55:8D,Hygro,Crofts South West Field,56.57950324451966,-2.7063292005198787,6bfe02d00068015722c010420079,37.68,7.2,104.0,3.43,88.96,4.16,121
2025-04-04 00:33:41.275311+00:00,70B3D57ED004558D,Hygro#55:8D,Hygro,Crofts South West Field,56.57950324451966,-2.7063292005198787,6bfe02d00065011d229c1044007a,37.68,7.2,101.0,2.85,88.6,4.16,122
2025-04-04 00:48:58.101877+00:00,70B3D57ED004558D,Hygro#55:8D,Hygro,Crofts South West Field,56.57950324451966,-2.7063292005198787,6bff02c6006600fa22c91044007b,37.68,7.1,102.0,2.5,89.05,4.16,123
2025-04-04 01:04:14.863878+00:00,70B3D57ED004558D,Hygro#55:8D,Hygro,Crofts South West Field,56.57950324451966,-2.7063292005198787,6c0402c6006600fe22e01042007c,37.7,7.1,102.0,2.54,89.28,4.16,124
2025-04-04 01:50:05.253349+00:00,70B3D57ED004558D,Hygro#55:8D,Hygro,Crofts South West Field,56.57950324451966,-2.7063292005198787,6bff02bc006800fe22e51042007f,37.68,7.0,104.0,2.54,89.33,4.16,127
2025-04-04 02:05:22.025651+00:00,70B3D57ED004558D,Hygro#55:8D,Hygro,Crofts South West Field,56.57950324451966,-2.7063292005198787,6c0102bc006700f522e210440080,37.69,7.0,103.0,2.45,89.3,4.16,128
2025-04-04 02:20:38.810557+00:00,70B3D57ED004558D,Hygro#55:8D,Hygro,Crofts South West Field,56.57950324451966,-2.7063292005198787,6c0302bc006600fe22e710400081,37.7,7.0,102.0,2.54,89.35,4.16,129
2025-04-04 02:51:12.399084+00:00,70B3D57ED004558D,Hygro#55:8D,Hygro,Crofts South West Field,56.57950324451966,-2.7063292005198787,6c0502ba006700f122e310400083,37.71,6.98,103.0,2.41,89.31,4.16,131
2025-04-04 03:21:45.979539+00:00,70B3D57ED004558D,Hygro#55:8D,Hygro,Crofts South West Field,56.57950324451966,-2.7063292005198787,6c0002b2006800cc22e210420085,37.69,6.9,104.0,2.04,89.3,4.16,133
2025-04-04 03:52:19.556992+00:00,70B3D57ED004558D,Hygro#55:8D,Hygro,Crofts South West Field,56.57950324451966,-2.7063292005198787,6c0502b2006600b722f610400087,37.71,6.9,102.0,1.83,89.5,4.16,135
2025-04-04 04:07:36.355560+00:00,70B3D57ED004558D,Hygro#55:8D,Hygro,Crofts South West Field,56.57950324451966,-2.7063292005198787,6c0002b2006700c322fb10400088,37.69,6.9,103.0,1.95,89.55,4.16,136
2025-04-04 04:22:53.142352+00:00,70B3D57ED004558D,Hygro#55:8D,Hygro,Crofts South West Field,56.57950324451966,-2.7063292005198787,6c0502a8006700af22e910420089,37.71,6.8,103.0,1.75,89.37,4.16,137
2025-04-04 04:38:09.950134+00:00,70B3D57ED004558D,Hygro#55:8D,Hygro,Crofts South West Field,56.57950324451966,-2.7063292005198787,6c0102a8006600c822f31042008a,37.69,6.8,102.0,2.0,89.47,4.16,138
2025-04-04 04:53:26.731440+00:00,70B3D57ED004558D,Hygro#55:8D,Hygro,Crofts South West Field,56.57950324451966,-2.7063292005198787,6c0202a8006600aa22e41042008b,37.69,6.8,102.0,1.7,89.32,4.16,139
2025-04-04 05:24:00.302048+00:00,70B3D57ED004558D,Hygro#55:8D,Hygro,Crofts South West Field,56.57950324451966,-2.7063292005198787,6c0102a8006600f122e71040008d,37.69,6.8,102.0,2.41,89.35,4.16,141
2025-04-04 05:39:17.099482+00:00,70B3D57ED004558D,Hygro#55:8D,Hygro,Crofts South West Field,56.57950324451966,-2.7063292005198787,6c0402a8006700ed22dc1040008e,37.7,6.8,103.0,2.37,89.24,4.16,142
2025-04-04 05:54:33.875539+00:00,70B3D57ED004558D,Hygro#55:8D,Hygro,Crofts South West Field,56.57950324451966,-2.7063292005198787,6c03029e0066010a22dd1040008f,37.7,6.7,102.0,2.66,89.25,4.16,143
2025-04-04 06:25:07.437072+00:00,70B3D57ED004558D,Hygro#55:8D,Hygro,Crofts South West Field,56.57950324451966,-2.7063292005198787,6c05029e0066015122ff10400091,37.71,6.7,102.0,3.37,89.59,4.16,145
2025-04-04 06:40:24.216666+00:00,70B3D57ED004558D,Hygro#55:8D,Hygro,Crofts South West Field,56.57950324451966,-2.7063292005198787,6c03029e006701742337103e0092,37.7,6.7,103.0,3.72,90.15,4.16,146
2025-04-04 06:55:40.991076+00:00,70B3D57ED004558D,Hygro#55:8D,Hygro,Crofts South West Field,56.57950324451966,-2.7063292005198787,6c05029e006701bd237310400093,37.71,6.7,103.0,4.45,90.75,4.16,147
2025-04-04 07:10:57.765621+00:00,70B3D57ED004558D,Hygro#55:8D,Hygro,Crofts South West Field,56.57950324451966,-2.7063292005198787,6c03029e006701c2238f103b0094,37.7,6.7,103.0,4.5,91.03,4.16,148
2025-04-04 07:26:14.549065+00:00,70B3D57ED004558D,Hygro#55:8D,Hygro,Crofts South West Field,56.57950324451966,-2.7063292005198787,6c090294006601e9240210420095,37.72,6.6,102.0,4.89,92.18,4.16,149
2025-04-04 07:41:31.338111+00:00,70B3D57ED004558D,Hygro#55:8D,Hygro,Crofts South West Field,56.57950324451966,-2.7063292005198787,6c02029400670213240610400096,37.69,6.6,103.0,5.31,92.22,4.16,150
2025-04-04 07:56:48.108858+00:00,70B3D57ED004558D,Hygro#55:8D,Hygro,Crofts South West Field,56.57950324451966,-2.7063292005198787,6c0202940067024923fc10440097,37.69,6.6,103.0,5.85,92.12,4.16,151
2025-04-04 08:12:04.885186+00:00,70B3D57ED004558D,Hygro#55:8D,Hygro,Crofts South West Field,56.57950324451966,-2.7063292005198787,6c0302940066027d23e110460098,37.7,6.6,102.0,6.37,91.85,4.17,152
2025-04-04 08:57:55.201381+00:00,70B3D57ED004558D,Hygro#55:8D,Hygro,Crofts South West Field,56.57950324451966,-2.7063292005198787,6c0502940067031523f31051009b,37.71,6.6,103.0,7.89,92.03,4.18,155
2025-04-04 09:13:11.971159+00:00,70B3D57ED004558D,Hygro#55:8D,Hygro,Crofts South West Field,56.57950324451966,-2.7063292005198787,6c060294006602fc23d31056009c,37.71,6.6,102.0,7.64,91.71,4.18,156
2025-04-04 09:43:45.504513+00:00,70B3D57ED004558D,Hygro#55:8D,Hygro,Crofts South West Field,56.57950324451966,-2.7063292005198787,6c000294006502ce241e104b009e,37.69,6.6,101.0,7.18,92.46,4.17,158
2025-04-04 10:29:35.825874+00:00,70B3D57ED004558D,Hygro#55:8D,Hygro,Crofts South West Field,56.57950324451966,-2.7063292005198787,6c01029e006602e5241e104900a1,37.69,6.7,102.0,7.41,92.46,4.17,161
2025-04-04 10:44:52.598403+00:00,70B3D57ED004558D,Hygro#55:8D,Hygro,Crofts South West Field,56.57950324451966,-2.7063292005198787,6bfe029e006502f423fa104600a2,37.68,6.7,101.0,7.56,92.1,4.17,162
2025-04-04 11:00:09.371203+00:00,70B3D57ED004558D,Hygro#55:8D,Hygro,Crofts South West Field,56.57950324451966,-2.7063292005198787,6bfa029e006602d923f6104b00a3,37.66,6.7,102.0,7.29,92.06,4.17,163
2025-04-04 11:15:26.129828+00:00,70B3D57ED004558D,Hygro#55:8D,Hygro,Crofts South West Field,56.57950324451966,-2.7063292005198787,6bfd029e006602c223f3104900a4,37.67,6.7,102.0,7.06,92.03,4.17,164
2025-04-04 11:30:42.908115+00:00,70B3D57ED004558D,Hygro#55:8D,Hygro,Crofts South West Field,56.57950324451966,-2.7063292005198787,6bfd02a8006602d02401104900a5,37.67,6.8,102.0,7.2,92.17,4.17,165
2025-04-04 12:16:33.219525+00:00,70B3D57ED004558D,Hygro#55:8D,Hygro,Crofts South West Field,56.57950324451966,-2.7063292005198787,6bf902a80066037d23dc104b00a8,37.66,6.8,102.0,8.93,91.8,4.17,168
2025-04-04 12:31:50.002262+00:00,70B3D57ED004558D,Hygro#55:8D,Hygro,Crofts South West Field,56.57950324451966,-2.7063292005198787,6bf602a80065031d23b3104b00a9,37.65,6.8,101.0,7.97,91.39,4.17,169
2025-04-04 12:47:06.758465+00:00,70B3D57ED004558D,Hygro#55:8D,Hygro,Crofts South West Field,56.57950324451966,-2.7063292005198787,6bf502ad0066036423d1104900aa,37.64,6.85,102.0,8.68,91.69,4.17,170
2025-04-04 13:32:57.078556+00:00,70B3D57ED004558D,Hygro#55:8D,Hygro,Crofts South West Field,56.57950324451966,-2.7063292005198787,6bef02b20065042223e9104600ad,37.62,6.9,101.0,10.58,91.93,4.17,173
2025-04-04 14:03:30.607199+00:00,70B3D57ED004558D,Hygro#55:8D,Hygro,Crofts South West Field,56.57950324451966,-2.7063292005198787,6bf302b40065043f23be104200af,37.64,6.92,101.0,10.87,91.5,4.16,175
2025-04-04 14:18:47.365930+00:00,70B3D57ED004558D,Hygro#55:8D,Hygro,Crofts South West Field,56.57950324451966,-2.7063292005198787,6bf202bc0066045023e3104900b0,37.63,7.0,102.0,11.04,91.87,4.17,176
2025-04-04 14:34:04.139401+00:00,70B3D57ED004558D,Hygro#55:8D,Hygro,Crofts South West Field,56.57950324451966,-2.7063292005198787,6beb02bc0065044323e8104600b1,37.61,7.0,101.0,10.91,91.92,4.17,177
2025-04-04 14:49:20.895739+00:00,70B3D57ED004558D,Hygro#55:8D,Hygro,Crofts South West Field,56.57950324451966,-2.7063292005198787,6bf202bc0065041523e3104900b2,37.63,7.0,101.0,10.45,91.87,4.17,178
2025-04-04 15:04:37.663137+00:00,70B3D57ED004558D,Hygro#55:8D,Hygro,Crofts South West Field,56.57950324451966,-2.7063292005198787,6be902c60065040b23fc104400b3,37.6,7.1,101.0,10.35,92.12,4.16,179
2025-04-04 15:19:54.422629+00:00,70B3D57ED004558D,Hygro#55:8D,Hygro,Crofts South West Field,56.57950324451966,-2.7063292005198787,6beb02c6006503cf23f5104600b4,37.61,7.1,101.0,9.75,92.05,4.17,180
2025-04-04 15:35:11.189036+00:00,70B3D57ED004558D,Hygro#55:8D,Hygro,Crofts South West Field,56.57950324451966,-2.7063292005198787,6be702c60065034923d6104600b5,37.59,7.1,101.0,8.41,91.74,4.17,181
2025-04-04 16:05:44.717024+00:00,70B3D57ED004558D,Hygro#55:8D,Hygro,Crofts South West Field,56.57950324451966,-2.7063292005198787,6be602d0006503942415104400b7,37.59,7.2,101.0,9.16,92.37,4.16,183
2025-04-04 16:21:01.483639+00:00,70B3D57ED004558D,Hygro#55:8D,Hygro,Crofts South West Field,56.57950324451966,-2.7063292005198787,6be302d00065035c23e8104600b8,37.57,7.2,101.0,8.6,91.92,4.17,184
2025-04-04 16:36:18.255592+00:00,70B3D57ED004558D,Hygro#55:8D,Hygro,Crofts South West Field,56.57950324451966,-2.7063292005198787,6be102d0006503472349104900b9,37.57,7.2,101.0,8.39,90.33,4.17,185
2025-04-04 16:51:35.015549+00:00,70B3D57ED004558D,Hygro#55:8D,Hygro,Crofts South West Field,56.57950324451966,-2.7063292005198787,6be402d00065033022c7104400ba,37.58,7.2,101.0,8.16,89.03,4.16,186
2025-04-04 17:06:51.802767+00:00,70B3D57ED004558D,Hygro#55:8D,Hygro,Crofts South West Field,56.57950324451966,-2.7063292005198787,6be602d0006502f02296104200bb,37.59,7.2,101.0,7.52,88.54,4.16,187
2025-04-04 17:22:08.564993+00:00,70B3D57ED004558D,Hygro#55:8D,Hygro,Crofts South West Field,56.57950324451966,-2.7063292005198787,6be202d0006602b12296104400bc,37.57,7.2,102.0,6.89,88.54,4.16,188
2025-04-04 17:37:25.338567+00:00,70B3D57ED004558D,Hygro#55:8D,Hygro,Crofts South West Field,56.57950324451966,-2.7063292005198787,6bdf02d000650251227d104600bd,37.56,7.2,101.0,5.93,88.29,4.17,189
2025-04-04 17:52:42.118067+00:00,70B3D57ED004558D,Hygro#55:8D,Hygro,Crofts South West Field,56.57950324451966,-2.7063292005198787,6be002d00065023022b7104000be,37.56,7.2,101.0,5.6,88.87,4.16,190
2025-04-04 18:07:58.897510+00:00,70B3D57ED004558D,Hygro#55:8D,Hygro,Crofts South West Field,56.57950324451966,-2.7063292005198787,6be102d00066020f22c5104600bf,37.57,7.2,102.0,5.27,89.01,4.17,191
2025-04-04 18:38:32.447625+00:00,70B3D57ED004558D,Hygro#55:8D,Hygro,Crofts South West Field,56.57950324451966,-2.7063292005198787,6bde02d0006501ce22c4104400c1,37.55,7.2,101.0,4.62,89.0,4.16,193
2025-04-04 18:53:49.237664+00:00,70B3D57ED004558D,Hygro#55:8D,Hygro,Crofts South West Field,56.57950324451966,-2.7063292005198787,6bdf02d0006601b922c9104200c2,37.56,7.2,102.0,4.41,89.05,4.16,194
2025-04-04 19:09:06.018843+00:00,70B3D57ED004558D,Hygro#55:8D,Hygro,Crofts South West Field,56.57950324451966,-2.7063292005198787,6be502d0006601af22cd104400c3,37.58,7.2,102.0,4.31,89.09,4.16,195
2025-04-04 19:24:22.793292+00:00,70B3D57ED004558D,Hygro#55:8D,Hygro,Crofts South West Field,56.57950324451966,-2.7063292005198787,6be402d0006501b322d2104600c4,37.58,7.2,101.0,4.35,89.14,4.17,196
2025-04-04 19:39:39.583867+00:00,70B3D57ED004558D,Hygro#55:8D,Hygro,Crofts South West Field,56.57950324451966,-2.7063292005198787,6be602d0006501b122ce104200c5,37.59,7.2,101.0,4.33,89.1,4.16,197
2025-04-04 19:54:56.366671+00:00,70B3D57ED004558D,Hygro#55:8D,Hygro,Crofts South West Field,56.57950324451966,-2.7063292005198787,6be202d0006501a222d4104200c6,37.57,7.2,101.0,4.18,89.16,4.16,198
2025-04-04 20:10:13.156063+00:00,70B3D57ED004558D,Hygro#55:8D,Hygro,Crofts South West Field,56.57950324451966,-2.7063292005198787,6bde02c6006601a922e8104000c7,37.55,7.1,102.0,4.25,89.36,4.16,199
2025-04-04 20:25:29.929877+00:00,70B3D57ED004558D,Hygro#55:8D,Hygro,Crofts South West Field,56.57950324451966,-2.7063292005198787,6bdf02c6006501a222e8104200c8,37.56,7.1,101.0,4.18,89.36,4.16,200
2025-04-04 20:40:46.746911+00:00,70B3D57ED004558D,Hygro#55:8D,Hygro,Crofts South West Field,56.57950324451966,-2.7063292005198787,6be202c60066017f22e4104600c9,37.57,7.1,102.0,3.83,89.32,4.17,201
2025-04-04 20:56:03.510584+00:00,70B3D57ED004558D,Hygro#55:8D,Hygro,Crofts South West Field,56.57950324451966,-2.7063292005198787,6be102c60066017022e7104200ca,37.57,7.1,102.0,3.68,89.35,4.16,202
2025-04-04 21:11:20.295783+00:00,70B3D57ED004558D,Hygro#55:8D,Hygro,Crofts South West Field,56.57950324451966,-2.7063292005198787,6be202c60066016822eb104200cb,37.57,7.1,102.0,3.6,89.39,4.16,203
2025-04-04 22:27:44.215639+00:00,70B3D57ED004558D,Hygro#55:8D,Hygro,Crofts South West Field,56.57950324451966,-2.7063292005198787,6be102bc006500e122f1104600d0,37.57,7.0,101.0,2.25,89.45,4.17,208
2025-04-04 22:58:17.786590+00:00,70B3D57ED004558D,Hygro#55:8D,Hygro,Crofts South West Field,56.57950324451966,-2.7063292005198787,6be702b2006500e722ea104000d2,37.59,6.9,101.0,2.31,89.38,4.16,210
2025-04-04 23:13:34.579579+00:00,70B3D57ED004558D,Hygro#55:8D,Hygro,Crofts South West Field,56.57950324451966,-2.7063292005198787,6be302b2006600d022df104200d3,37.57,6.9,102.0,2.08,89.27,4.16,211
2025-04-04 23:28:51.370263+00:00,70B3D57ED004558D,Hygro#55:8D,Hygro,Crofts South West Field,56.57950324451966,-2.7063292005198787,6be802b2006500ce22e6104200d4,37.59,6.9,101.0,2.06,89.34,4.16,212
2025-04-04 23:44:08.143934+00:00,70B3D57ED004558D,Hygro#55:8D,Hygro,Crofts South West Field,56.57950324451966,-2.7063292005198787,6be302b2006600f122e4104400d5,37.57,6.9,102.0,2.41,89.32,4.16,213
2025-04-04 23:59:24.944183+00:00,70B3D57ED004558D,Hygro#55:8D,Hygro,Crofts South West Field,56.57950324451966,-2.7063292005198787,6be202b2006600ed22de104400d6,37.57,6.9,102.0,2.37,89.26,4.16,214
2025-04-05 00:29:58.520424+00:00,70B3D57ED004558D,Hygro#55:8D,Hygro,Crofts South West Field,56.57950324451966,-2.7063292005198787,6be502a8006600d222de104200d8,37.58,6.8,102.0,2.1,89.26,4.16,216
2025-04-05 01:00:32.099385+00:00,70B3D57ED004558D,Hygro#55:8D,Hygro,Crofts South West Field,56.57950324451966,-2.7063292005198787,6be802a8006600e122f6104200da,37.59,6.8,102.0,2.25,89.5,4.16,218
2025-04-05 01:15:48.877277+00:00,70B3D57ED004558D,Hygro#55:8D,Hygro,Crofts South West Field,56.57950324451966,-2.7063292005198787,6be702a8006600ed22f1104000db,37.59,6.8,102.0,2.37,89.45,4.16,219
2025-04-05 01:31:05.668871+00:00,70B3D57ED004558D,Hygro#55:8D,Hygro,Crofts South West Field,56.57950324451966,-2.7063292005198787,6be302a8006600f322ed104200dc,37.57,6.8,102.0,2.43,89.41,4.16,220
2025-04-05 02:47:29.610504+00:00,70B3D57ED004558D,Hygro#55:8D,Hygro,Crofts South West Field,56.57950324451966,-2.7063292005198787,6be7029e006600f722ff104200e1,37.59,6.7,102.0,2.47,89.59,4.16,225
2025-04-05 03:02:46.405059+00:00,70B3D57ED004558D,Hygro#55:8D,Hygro,Crofts South West Field,56.57950324451966,-2.7063292005198787,6be5029e006500dc22f3104000e2,37.58,6.7,101.0,2.2,89.47,4.16,226
2025-04-05 04:03:53.566031+00:00,70B3D57ED004558D,Hygro#55:8D,Hygro,Crofts South West Field,56.57950324451966,-2.7063292005198787,6be40294006600de22fc104000e6,37.58,6.6,102.0,2.22,89.56,4.16,230
2025-04-05 04:19:10.357925+00:00,70B3D57ED004558D,Hygro#55:8D,Hygro,Crofts South West Field,56.57950324451966,-2.7063292005198787,6be80294006700da230d104200e7,37.59,6.6,103.0,2.18,89.73,4.16,231
2025-04-05 04:34:27.142315+00:00,70B3D57ED004558D,Hygro#55:8D,Hygro,Crofts South West Field,56.57950324451966,-2.7063292005198787,6be90294006700de2311104200e8,37.6,6.6,103.0,2.22,89.77,4.16,232
2025-04-05 05:05:00.722491+00:00,70B3D57ED004558D,Hygro#55:8D,Hygro,Crofts South West Field,56.57950324451966,-2.7063292005198787,6be6028a006600d4230d104000ea,37.59,6.5,102.0,2.12,89.73,4.16,234
2025-04-05 05:35:34.308893+00:00,70B3D57ED004558D,Hygro#55:8D,Hygro,Crofts South West Field,56.57950324451966,-2.7063292005198787,6beb028a006700e7231c103e00ec,37.61,6.5,103.0,2.31,89.88,4.16,236
2025-04-05 05:50:51.112547+00:00,70B3D57ED004558D,Hygro#55:8D,Hygro,Crofts South West Field,56.57950324451966,-2.7063292005198787,6be3028a006600ed2315103e00ed,37.57,6.5,102.0,2.37,89.81,4.16,237
2025-04-05 06:21:24.689291+00:00,70B3D57ED004558D,Hygro#55:8D,Hygro,Crofts South West Field,56.57950324451966,-2.7063292005198787,6be8028a006500fe2314104400ef,37.59,6.5,101.0,2.54,89.8,4.16,239
2025-04-05 06:36:41.486377+00:00,70B3D57ED004558D,Hygro#55:8D,Hygro,Crofts South West Field,56.57950324451966,-2.7063292005198787,6be9028a006501252321104200f0,37.6,6.5,101.0,2.93,89.93,4.16,240
2025-04-05 06:51:58.261603+00:00,70B3D57ED004558D,Hygro#55:8D,Hygro,Crofts South West Field,56.57950324451966,-2.7063292005198787,6bea028a006601422323103e00f1,37.6,6.5,102.0,3.22,89.95,4.16,241
2025-04-05 07:07:15.046624+00:00,70B3D57ED004558D,Hygro#55:8D,Hygro,Crofts South West Field,56.57950324451966,-2.7063292005198787,6be602800065016a2322103e00f2,37.59,6.4,101.0,3.62,89.94,4.16,242
2025-04-05 07:22:31.836411+00:00,70B3D57ED004558D,Hygro#55:8D,Hygro,Crofts South West Field,56.57950324451966,-2.7063292005198787,6be90280006501a62326103e00f3,37.6,6.4,101.0,4.22,89.98,4.16,243
2025-04-05 07:37:48.611858+00:00,70B3D57ED004558D,Hygro#55:8D,Hygro,Crofts South West Field,56.57950324451966,-2.7063292005198787,6be70280006501c82322104000f4,37.59,6.4,101.0,4.56,89.94,4.16,244
2025-04-05 07:53:05.391990+00:00,70B3D57ED004558D,Hygro#55:8D,Hygro,Crofts South West Field,56.57950324451966,-2.7063292005198787,6bea0280006601eb233f103e00f5,37.6,6.4,102.0,4.91,90.23,4.16,245
2025-04-05 08:38:55.711605+00:00,70B3D57ED004558D,Hygro#55:8D,Hygro,Crofts South West Field,56.57950324451966,-2.7063292005198787,6be602800065024723b3104b00f8,37.59,6.4,101.0,5.83,91.39,4.17,248
2025-04-05 08:54:12.484396+00:00,70B3D57ED004558D,Hygro#55:8D,Hygro,Crofts South West Field,56.57950324451966,-2.7063292005198787,6be502800066024723cf104b00f9,37.58,6.4,102.0,5.83,91.67,4.17,249
2025-04-05 09:09:29.259820+00:00,70B3D57ED004558D,Hygro#55:8D,Hygro,Crofts South West Field,56.57950324451966,-2.7063292005198787,6be602800065027523cb105400fa,37.59,6.4,101.0,6.29,91.63,4.18,250
2025-04-05 09:24:46.039516+00:00,70B3D57ED004558D,Hygro#55:8D,Hygro,Crofts South West Field,56.57950324451966,-2.7063292005198787,6bea0280006602d723a7105100fb,37.6,6.4,102.0,7.27,91.27,4.18,251
2025-04-05 09:40:02.802461+00:00,70B3D57ED004558D,Hygro#55:8D,Hygro,Crofts South West Field,56.57950324451966,-2.7063292005198787,6be30280006702fa2397105400fc,37.57,6.4,103.0,7.62,91.11,4.18,252
2025-04-05 09:55:19.575371+00:00,70B3D57ED004558D,Hygro#55:8D,Hygro,Crofts South West Field,56.57950324451966,-2.7063292005198787,6be90280006502a323a0104900fd,37.6,6.4,101.0,6.75,91.2,4.17,253
2025-04-05 10:25:53.104744+00:00,70B3D57ED004558D,Hygro#55:8D,Hygro,Crofts South West Field,56.57950324451966,-2.7063292005198787,6be4028a006503b1245f104900ff,37.58,6.5,101.0,9.45,93.11,4.17,255
2025-04-05 10:41:09.872129+00:00,70B3D57ED004558D,Hygro#55:8D,Hygro,Crofts South West Field,56.57950324451966,-2.7063292005198787,6bdf028a0065036d2448104b0000,37.56,6.5,101.0,8.77,92.88,4.17,0
2025-04-05 10:56:26.632297+00:00,70B3D57ED004558D,Hygro#55:8D,Hygro,Crofts South West Field,56.57950324451966,-2.7063292005198787,6be2028a006503ca245810460001,37.57,6.5,101.0,9.7,93.04,4.17,1
2025-04-05 11:27:00.151214+00:00,70B3D57ED004558D,Hygro#55:8D,Hygro,Crofts South West Field,56.57950324451966,-2.7063292005198787,6bde028a006403d5244d10490003,37.55,6.5,100.0,9.81,92.93,4.17,3
2025-04-05 11:42:16.925220+00:00,70B3D57ED004558D,Hygro#55:8D,Hygro,Crofts South West Field,56.57950324451966,-2.7063292005198787,6bda029400650422243310490004,37.54,6.6,101.0,10.58,92.67,4.17,4
2025-04-05 11:57:33.687086+00:00,70B3D57ED004558D,Hygro#55:8D,Hygro,Crofts South West Field,56.57950324451966,-2.7063292005198787,6bd602940066040f241d10490005,37.52,6.6,102.0,10.39,92.45,4.17,5
2025-04-05 12:12:50.459402+00:00,70B3D57ED004558D,Hygro#55:8D,Hygro,Crofts South West Field,56.57950324451966,-2.7063292005198787,6bd502940066043b242110490006,37.52,6.6,102.0,10.83,92.49,4.17,6
2025-04-05 12:28:07.223174+00:00,70B3D57ED004558D,Hygro#55:8D,Hygro,Crofts South West Field,56.57950324451966,-2.7063292005198787,6bd1029e00640409242410490007,37.5,6.7,100.0,10.33,92.52,4.17,7
2025-04-05 12:43:23.987458+00:00,70B3D57ED004558D,Hygro#55:8D,Hygro,Crofts South West Field,56.57950324451966,-2.7063292005198787,6bd5029e0066042c240a10490008,37.52,6.7,102.0,10.68,92.26,4.17,8
2025-04-05 12:58:40.759543+00:00,70B3D57ED004558D,Hygro#55:8D,Hygro,Crofts South West Field,56.57950324451966,-2.7063292005198787,6bd2029e0066041a23fa10490009,37.51,6.7,102.0,10.5,92.1,4.17,9
2025-04-05 13:13:57.510622+00:00,70B3D57ED004558D,Hygro#55:8D,Hygro,Crofts South West Field,56.57950324451966,-2.7063292005198787,6bd102a8006603f423f01049000a,37.5,6.8,102.0,10.12,92.0,4.17,10
2025-04-05 13:44:31.048769+00:00,70B3D57ED004558D,Hygro#55:8D,Hygro,Crofts South West Field,56.57950324451966,-2.7063292005198787,6bcc02b20065042023d41046000c,37.48,6.9,101.0,10.56,91.72,4.17,12
2025-04-05 13:59:47.814246+00:00,70B3D57ED004558D,Hygro#55:8D,Hygro,Crofts South West Field,56.57950324451966,-2.7063292005198787,6bc802b20065044323cd1049000d,37.47,6.9,101.0,10.91,91.65,4.17,13
2025-04-05 14:15:04.573079+00:00,70B3D57ED004558D,Hygro#55:8D,Hygro,Crofts South West Field,56.57950324451966,-2.7063292005198787,6bc202b2006503fa23cc1049000e,37.45,6.9,101.0,10.18,91.64,4.17,14
2025-04-05 14:30:21.346436+00:00,70B3D57ED004558D,Hygro#55:8D,Hygro,Crofts South West Field,56.57950324451966,-2.7063292005198787,6bc302bc0065040d23d41049000f,37.45,7.0,101.0,10.37,91.72,4.17,15
2025-04-05 14:45:38.098256+00:00,70B3D57ED004558D,Hygro#55:8D,Hygro,Crofts South West Field,56.57950324451966,-2.7063292005198787,6bc602bc0066040923c010460010,37.46,7.0,102.0,10.33,91.52,4.17,16
2025-04-05 15:00:54.866333+00:00,70B3D57ED004558D,Hygro#55:8D,Hygro,Crofts South West Field,56.57950324451966,-2.7063292005198787,6bc402bc006503ec23ad104b0011,37.45,7.0,101.0,10.04,91.33,4.17,17
2025-04-05 15:16:11.625163+00:00,70B3D57ED004558D,Hygro#55:8D,Hygro,Crofts South West Field,56.57950324451966,-2.7063292005198787,6bc102c6006503df23bb10460012,37.44,7.1,101.0,9.91,91.47,4.17,18
2025-04-05 15:31:28.411813+00:00,70B3D57ED004558D,Hygro#55:8D,Hygro,Crofts South West Field,56.57950324451966,-2.7063292005198787,6bba02c6006403c823bb10460013,37.42,7.1,100.0,9.68,91.47,4.17,19
2025-04-05 15:46:45.156791+00:00,70B3D57ED004558D,Hygro#55:8D,Hygro,Crofts South West Field,56.57950324451966,-2.7063292005198787,6bbb02c6006403ca23c610460014,37.42,7.1,100.0,9.7,91.58,4.17,20
2025-04-05 16:02:01.932912+00:00,70B3D57ED004558D,Hygro#55:8D,Hygro,Crofts South West Field,56.57950324451966,-2.7063292005198787,6bb802d0006403b623ec10490015,37.41,7.2,100.0,9.5,91.96,4.17,21
2025-04-05 16:17:18.694328+00:00,70B3D57ED004558D,Hygro#55:8D,Hygro,Crofts South West Field,56.57950324451966,-2.7063292005198787,6bb802d00065038423de10440016,37.41,7.2,101.0,9.0,91.82,4.16,22
2025-04-05 16:32:35.468349+00:00,70B3D57ED004558D,Hygro#55:8D,Hygro,Crofts South West Field,56.57950324451966,-2.7063292005198787,6bb702d000650368234010420017,37.4,7.2,101.0,8.72,90.24,4.16,23
2025-04-05 16:47:52.240835+00:00,70B3D57ED004558D,Hygro#55:8D,Hygro,Crofts South West Field,56.57950324451966,-2.7063292005198787,6bb702d00065030f22a410460018,37.4,7.2,101.0,7.83,88.68,4.17,24
2025-04-05 17:03:09.019590+00:00,70B3D57ED004558D,Hygro#55:8D,Hygro,Crofts South West Field,56.57950324451966,-2.7063292005198787,6bb702d0006502d5226910490019,37.4,7.2,101.0,7.25,88.09,4.17,25
2025-04-05 17:18:25.779828+00:00,70B3D57ED004558D,Hygro#55:8D,Hygro,Crofts South West Field,56.57950324451966,-2.7063292005198787,6bb402d0006402ce228d1049001a,37.39,7.2,100.0,7.18,88.45,4.17,26
2025-04-05 17:33:42.558742+00:00,70B3D57ED004558D,Hygro#55:8D,Hygro,Crofts South West Field,56.57950324451966,-2.7063292005198787,6bb502d000650249225c1044001b,37.4,7.2,101.0,5.85,87.96,4.16,27
2025-04-05 17:48:59.323550+00:00,70B3D57ED004558D,Hygro#55:8D,Hygro,Crofts South West Field,56.57950324451966,-2.7063292005198787,6bb402d00066023c228e1044001c,37.39,7.2,102.0,5.72,88.46,4.16,28
2025-04-05 18:04:16.104674+00:00,70B3D57ED004558D,Hygro#55:8D,Hygro,Crofts South West Field,56.57950324451966,-2.7063292005198787,6bb602d00066020f22ad1044001d,37.4,7.2,102.0,5.27,88.77,4.16,29
2025-04-05 18:19:32.890975+00:00,70B3D57ED004558D,Hygro#55:8D,Hygro,Crofts South West Field,56.57950324451966,-2.7063292005198787,6bb802d00065020822bb1044001e,37.41,7.2,101.0,5.2,88.91,4.16,30
2025-04-05 18:34:49.668319+00:00,70B3D57ED004558D,Hygro#55:8D,Hygro,Crofts South West Field,56.57950324451966,-2.7063292005198787,6bb702d00066021722c51046001f,37.4,7.2,102.0,5.35,89.01,4.17,31
2025-04-05 18:50:06.451048+00:00,70B3D57ED004558D,Hygro#55:8D,Hygro,Crofts South West Field,56.57950324451966,-2.7063292005198787,6bb402d00066020622c110440020,37.39,7.2,102.0,5.18,88.97,4.16,32
2025-04-05 19:05:23.226717+00:00,70B3D57ED004558D,Hygro#55:8D,Hygro,Crofts South West Field,56.57950324451966,-2.7063292005198787,6bb202d0006601f622cd10460021,37.38,7.2,102.0,5.02,89.09,4.17,33
2025-04-05 19:20:40.005100+00:00,70B3D57ED004558D,Hygro#55:8D,Hygro,Crofts South West Field,56.57950324451966,-2.7063292005198787,6bb102d0006401f422d710460022,37.38,7.2,100.0,5.0,89.19,4.17,34
2025-04-05 19:35:56.782313+00:00,70B3D57ED004558D,Hygro#55:8D,Hygro,Crofts South West Field,56.57950324451966,-2.7063292005198787,6bb202d0006501f422db10420023,37.38,7.2,101.0,5.0,89.23,4.16,35
2025-04-05 19:51:13.561250+00:00,70B3D57ED004558D,Hygro#55:8D,Hygro,Crofts South West Field,56.57950324451966,-2.7063292005198787,6bb702c9006501f122db10440024,37.4,7.13,101.0,4.97,89.23,4.16,36
2025-04-05 20:06:30.344274+00:00,70B3D57ED004558D,Hygro#55:8D,Hygro,Crofts South West Field,56.57950324451966,-2.7063292005198787,6bb202c6006601f122e310460025,37.38,7.1,102.0,4.97,89.31,4.17,37
2025-04-05 20:21:47.123932+00:00,70B3D57ED004558D,Hygro#55:8D,Hygro,Crofts South West Field,56.57950324451966,-2.7063292005198787,6bb502c6006501ed22ee10440026,37.4,7.1,101.0,4.93,89.42,4.16,38
2025-04-05 20:37:03.901380+00:00,70B3D57ED004558D,Hygro#55:8D,Hygro,Crofts South West Field,56.57950324451966,-2.7063292005198787,6bb802c6006501e922f010440027,37.41,7.1,101.0,4.89,89.44,4.16,39
2025-04-05 20:52:20.696628+00:00,70B3D57ED004558D,Hygro#55:8D,Hygro,Crofts South West Field,56.57950324451966,-2.7063292005198787,6bb602c6006501e922f910420028,37.4,7.1,101.0,4.89,89.53,4.16,40
2025-04-05 21:07:37.475065+00:00,70B3D57ED004558D,Hygro#55:8D,Hygro,Crofts South West Field,56.57950324451966,-2.7063292005198787,6bb302c6006501e922f910440029,37.39,7.1,101.0,4.89,89.53,4.16,41
2025-04-05 21:22:54.249253+00:00,70B3D57ED004558D,Hygro#55:8D,Hygro,Crofts South West Field,56.57950324451966,-2.7063292005198787,6bb502c6006501e522fe1044002a,37.4,7.1,101.0,4.85,89.58,4.16,42
2025-04-05 21:38:11.056065+00:00,70B3D57ED004558D,Hygro#55:8D,Hygro,Crofts South West Field,56.57950324451966,-2.7063292005198787,6bb302bc006501e123031044002b,37.39,7.0,101.0,4.81,89.63,4.16,43
2025-04-05 21:53:27.806221+00:00,70B3D57ED004558D,Hygro#55:8D,Hygro,Crofts South West Field,56.57950324451966,-2.7063292005198787,6bb302bc006501e523041046002c,37.39,7.0,101.0,4.85,89.64,4.17,44
2025-04-05 22:24:01.373731+00:00,70B3D57ED004558D,Hygro#55:8D,Hygro,Crofts South West Field,56.57950324451966,-2.7063292005198787,6bb302bc006501d823021046002e,37.39,7.0,101.0,4.72,89.62,4.17,46
2025-04-05 22:39:18.156719+00:00,70B3D57ED004558D,Hygro#55:8D,Hygro,Crofts South West Field,56.57950324451966,-2.7063292005198787,6bb602bc006501d8230a1042002f,37.4,7.0,101.0,4.72,89.7,4.16,47
2025-04-05 22:54:34.936438+00:00,70B3D57ED004558D,Hygro#55:8D,Hygro,Crofts South West Field,56.57950324451966,-2.7063292005198787,6bb302bc006501db230910440030,37.39,7.0,101.0,4.75,89.69,4.16,48
2025-04-05 23:09:51.720801+00:00,70B3D57ED004558D,Hygro#55:8D,Hygro,Crofts South West Field,56.57950324451966,-2.7063292005198787,6bb602bc006601d4230510440031,37.4,7.0,102.0,4.68,89.65,4.16,49
2025-04-05 23:25:08.501926+00:00,70B3D57ED004558D,Hygro#55:8D,Hygro,Crofts South West Field,56.57950324451966,-2.7063292005198787,6bb802bc006501c2230410440032,37.41,7.0,101.0,4.5,89.64,4.16,50
2025-04-05 23:40:25.279648+00:00,70B3D57ED004558D,Hygro#55:8D,Hygro,Crofts South West Field,56.57950324451966,-2.7063292005198787,6bb802b6006501c2230710400033,37.41,6.94,101.0,4.5,89.67,4.16,51
2025-04-05 23:55:42.056975+00:00,70B3D57ED004558D,Hygro#55:8D,Hygro,Crofts South West Field,56.57950324451966,-2.7063292005198787,6bb202b2006601b7230210420034,37.38,6.9,102.0,4.39,89.62,4.16,52
2025-04-06 00:10:58.838423+00:00,70B3D57ED004558D,Hygro#55:8D,Hygro,Crofts South West Field,56.57950324451966,-2.7063292005198787,6bb802b2006701c222ff10420035,37.41,6.9,103.0,4.5,89.59,4.16,53
2025-04-06 00:26:15.612390+00:00,70B3D57ED004558D,Hygro#55:8D,Hygro,Crofts South West Field,56.57950324451966,-2.7063292005198787,6bb702b2006601af230210420036,37.4,6.9,102.0,4.31,89.62,4.16,54
2025-04-06 00:41:32.393318+00:00,70B3D57ED004558D,Hygro#55:8D,Hygro,Crofts South West Field,56.57950324451966,-2.7063292005198787,6bb202b20065019c22fb10400037,37.38,6.9,101.0,4.12,89.55,4.16,55
2025-04-06 00:56:49.189876+00:00,70B3D57ED004558D,Hygro#55:8D,Hygro,Crofts South West Field,56.57950324451966,-2.7063292005198787,6bb402b2006601a2230810420038,37.39,6.9,102.0,4.18,89.68,4.16,56
2025-04-06 01:12:05.959088+00:00,70B3D57ED004558D,Hygro#55:8D,Hygro,Crofts South West Field,56.57950324451966,-2.7063292005198787,6bb402b20066019e22fe10420039,37.39,6.9,102.0,4.14,89.58,4.16,57
2025-04-06 01:27:22.744667+00:00,70B3D57ED004558D,Hygro#55:8D,Hygro,Crofts South West Field,56.57950324451966,-2.7063292005198787,6bb502b20065019e23091040003a,37.4,6.9,101.0,4.14,89.69,4.16,58
2025-04-06 01:42:39.525396+00:00,70B3D57ED004558D,Hygro#55:8D,Hygro,Crofts South West Field,56.57950324451966,-2.7063292005198787,6bb602b20066019c23051040003b,37.4,6.9,102.0,4.12,89.65,4.16,59
2025-04-06 01:57:56.315611+00:00,70B3D57ED004558D,Hygro#55:8D,Hygro,Crofts South West Field,56.57950324451966,-2.7063292005198787,6bba02b2006601a023021044003c,37.42,6.9,102.0,4.16,89.62,4.16,60
2025-04-06 02:13:13.096788+00:00,70B3D57ED004558D,Hygro#55:8D,Hygro,Crofts South West Field,56.57950324451966,-2.7063292005198787,6bb702a90066019c23001044003d,37.4,6.81,102.0,4.12,89.6,4.16,61
2025-04-06 02:28:29.872914+00:00,70B3D57ED004558D,Hygro#55:8D,Hygro,Crofts South West Field,56.57950324451966,-2.7063292005198787,6bb602a8006601a223081046003e,37.4,6.8,102.0,4.18,89.68,4.17,62
2025-04-06 02:43:46.664970+00:00,70B3D57ED004558D,Hygro#55:8D,Hygro,Crofts South West Field,56.57950324451966,-2.7063292005198787,6bb202a8006601a923071044003f,37.38,6.8,102.0,4.25,89.67,4.16,63
2025-04-06 02:59:03.447642+00:00,70B3D57ED004558D,Hygro#55:8D,Hygro,Crofts South West Field,56.57950324451966,-2.7063292005198787,6bb402a8006601a9230a10440040,37.39,6.8,102.0,4.25,89.7,4.16,64
2025-04-06 03:14:20.230123+00:00,70B3D57ED004558D,Hygro#55:8D,Hygro,Crofts South West Field,56.57950324451966,-2.7063292005198787,6bb802a8006501a9230d10420041,37.41,6.8,101.0,4.25,89.73,4.16,65
2025-04-06 03:29:37.012406+00:00,70B3D57ED004558D,Hygro#55:8D,Hygro,Crofts South West Field,56.57950324451966,-2.7063292005198787,6bb502a8006601ab230f10420042,37.4,6.8,102.0,4.27,89.75,4.16,66
2025-04-06 04:00:10.561972+00:00,70B3D57ED004558D,Hygro#55:8D,Hygro,Crofts South West Field,56.57950324451966,-2.7063292005198787,6bb702a800660198230a10420044,37.4,6.8,102.0,4.08,89.7,4.16,68
2025-04-06 04:15:27.343858+00:00,70B3D57ED004558D,Hygro#55:8D,Hygro,Crofts South West Field,56.57950324451966,-2.7063292005198787,6bb402a80066019c231310420045,37.39,6.8,102.0,4.12,89.79,4.16,69
2025-04-06 04:30:44.124735+00:00,70B3D57ED004558D,Hygro#55:8D,Hygro,Crofts South West Field,56.57950324451966,-2.7063292005198787,6bb902a800660198230d10420046,37.41,6.8,102.0,4.08,89.73,4.16,70
2025-04-06 04:46:00.910168+00:00,70B3D57ED004558D,Hygro#55:8D,Hygro,Crofts South West Field,56.57950324451966,-2.7063292005198787,6bb6029e00650196231010440047,37.4,6.7,101.0,4.06,89.76,4.16,71
2025-04-06 05:01:17.686679+00:00,70B3D57ED004558D,Hygro#55:8D,Hygro,Crofts South West Field,56.57950324451966,-2.7063292005198787,6bb8029e0066019e230f10420048,37.41,6.7,102.0,4.14,89.75,4.16,72
2025-04-06 05:16:34.463273+00:00,70B3D57ED004558D,Hygro#55:8D,Hygro,Crofts South West Field,56.57950324451966,-2.7063292005198787,6bb4029e0066019c231410440049,37.39,6.7,102.0,4.12,89.8,4.16,73
2025-04-06 05:31:51.243934+00:00,70B3D57ED004558D,Hygro#55:8D,Hygro,Crofts South West Field,56.57950324451966,-2.7063292005198787,6bb6029e0065019c230d1040004a,37.4,6.7,101.0,4.12,89.73,4.16,74
2025-04-06 05:47:08.031594+00:00,70B3D57ED004558D,Hygro#55:8D,Hygro,Crofts South West Field,56.57950324451966,-2.7063292005198787,6bb5029e0066019a230e1042004b,37.4,6.7,102.0,4.1,89.74,4.16,75
2025-04-06 06:02:24.813184+00:00,70B3D57ED004558D,Hygro#55:8D,Hygro,Crofts South West Field,56.57950324451966,-2.7063292005198787,6bb5029e006601a923161040004c,37.4,6.7,102.0,4.25,89.82,4.16,76
2025-04-06 06:17:41.606746+00:00,70B3D57ED004558D,Hygro#55:8D,Hygro,Crofts South West Field,56.57950324451966,-2.7063292005198787,6bb7029e006501c223191040004d,37.4,6.7,101.0,4.5,89.85,4.16,77
2025-04-06 06:32:58.381480+00:00,70B3D57ED004558D,Hygro#55:8D,Hygro,Crofts South West Field,56.57950324451966,-2.7063292005198787,6bb5029e006601d6231a1042004e,37.4,6.7,102.0,4.7,89.86,4.16,78
2025-04-06 06:48:15.157797+00:00,70B3D57ED004558D,Hygro#55:8D,Hygro,Crofts South West Field,56.57950324451966,-2.7063292005198787,6bb3029e006601ed23241040004f,37.39,6.7,102.0,4.93,89.96,4.16,79
2025-04-06 07:03:31.943130+00:00,70B3D57ED004558D,Hygro#55:8D,Hygro,Crofts South West Field,56.57950324451966,-2.7063292005198787,6bb3029e00660211232e10440050,37.39,6.7,102.0,5.29,90.06,4.16,80
2025-04-06 07:18:48.717456+00:00,70B3D57ED004558D,Hygro#55:8D,Hygro,Crofts South West Field,56.57950324451966,-2.7063292005198787,6bb7029e00660236231a10400051,37.4,6.7,102.0,5.66,89.86,4.16,81
2025-04-06 07:34:05.507233+00:00,70B3D57ED004558D,Hygro#55:8D,Hygro,Crofts South West Field,56.57950324451966,-2.7063292005198787,6bba029c00670268231c10400052,37.42,6.68,103.0,6.16,89.88,4.16,82
2025-04-06 07:49:22.281742+00:00,70B3D57ED004558D,Hygro#55:8D,Hygro,Crofts South West Field,56.57950324451966,-2.7063292005198787,6bb502940066027d232010440053,37.4,6.6,102.0,6.37,89.92,4.16,83
2025-04-06 08:04:39.049340+00:00,70B3D57ED004558D,Hygro#55:8D,Hygro,Crofts South West Field,56.57950324451966,-2.7063292005198787,6bb60294006502bc231610400054,37.4,6.6,101.0,7.0,89.82,4.16,84
2025-04-06 08:19:55.830000+00:00,70B3D57ED004558D,Hygro#55:8D,Hygro,Crofts South West Field,56.57950324451966,-2.7063292005198787,6bb202940066029a231810510055,37.38,6.6,102.0,6.66,89.84,4.18,85
2025-04-06 08:35:12.609544+00:00,70B3D57ED004558D,Hygro#55:8D,Hygro,Crofts South West Field,56.57950324451966,-2.7063292005198787,6bb60294006502c2233a10490056,37.4,6.6,101.0,7.06,90.18,4.17,86
2025-04-06 08:50:29.377857+00:00,70B3D57ED004558D,Hygro#55:8D,Hygro,Crofts South West Field,56.57950324451966,-2.7063292005198787,6bb402940064037d22ce104d0057,37.39,6.6,100.0,8.93,89.1,4.17,87
2025-04-06 09:05:46.145916+00:00,70B3D57ED004558D,Hygro#55:8D,Hygro,Crofts South West Field,56.57950324451966,-2.7063292005198787,6bb202940065034122d910560058,37.38,6.6,101.0,8.33,89.21,4.18,88
2025-04-06 09:21:02.901396+00:00,70B3D57ED004558D,Hygro#55:8D,Hygro,Crofts South West Field,56.57950324451966,-2.7063292005198787,6bb10294006504c2229b10580059,37.38,6.6,101.0,12.18,88.59,4.18,89
2025-04-06 09:36:19.653581+00:00,70B3D57ED004558D,Hygro#55:8D,Hygro,Crofts South West Field,56.57950324451966,-2.7063292005198787,6baf029400650488221e104b005a,37.37,6.6,101.0,11.6,87.34,4.17,90
2025-04-06 09:51:36.412626+00:00,70B3D57ED004558D,Hygro#55:8D,Hygro,Crofts South West Field,56.57950324451966,-2.7063292005198787,6bb502940065058c22d2104b005b,37.4,6.6,101.0,14.2,89.14,4.17,91
2025-04-06 10:06:53.148797+00:00,70B3D57ED004558D,Hygro#55:8D,Hygro,Crofts South West Field,56.57950324451966,-2.7063292005198787,6baf029e0064054622d61049005c,37.37,6.7,100.0,13.5,89.18,4.17,92
2025-04-06 10:22:09.899190+00:00,70B3D57ED004558D,Hygro#55:8D,Hygro,Crofts South West Field,56.57950324451966,-2.7063292005198787,6bb2029e006405ff2398104d005d,37.38,6.7,100.0,15.35,91.12,4.17,93
2025-04-06 10:37:26.651217+00:00,70B3D57ED004558D,Hygro#55:8D,Hygro,Crofts South West Field,56.57950324451966,-2.7063292005198787,6baa029e0065067423741046005e,37.35,6.7,101.0,16.52,90.76,4.17,94
2025-04-06 10:52:43.402060+00:00,70B3D57ED004558D,Hygro#55:8D,Hygro,Crofts South West Field,56.57950324451966,-2.7063292005198787,6bac029e0064064223a91049005f,37.36,6.7,100.0,16.02,91.29,4.17,95
2025-04-06 11:08:00.171789+00:00,70B3D57ED004558D,Hygro#55:8D,Hygro,Crofts South West Field,56.57950324451966,-2.7063292005198787,6ba8029e006506672368104b0060,37.35,6.7,101.0,16.39,90.64,4.17,96
2025-04-06 11:23:16.907092+00:00,70B3D57ED004558D,Hygro#55:8D,Hygro,Crofts South West Field,56.57950324451966,-2.7063292005198787,6ba702a80065063123e1104b0061,37.34,6.8,101.0,15.85,91.85,4.17,97
2025-04-06 11:38:33.646184+00:00,70B3D57ED004558D,Hygro#55:8D,Hygro,Crofts South West Field,56.57950324451966,-2.7063292005198787,6ba602a8006406bf23c410460062,37.34,6.8,100.0,17.27,91.56,4.17,98
2025-04-06 11:53:50.402175+00:00,70B3D57ED004558D,Hygro#55:8D,Hygro,Crofts South West Field,56.57950324451966,-2.7063292005198787,6ba502b2006506e4239710490063,37.33,6.9,101.0,17.64,91.11,4.17,99
2025-04-06 12:09:07.153945+00:00,70B3D57ED004558D,Hygro#55:8D,Hygro,Crofts South West Field,56.57950324451966,-2.7063292005198787,6b9e02b20065073c23a4104b0064,37.31,6.9,101.0,18.52,91.24,4.17,100
2025-04-06 12:24:23.902341+00:00,70B3D57ED004558D,Hygro#55:8D,Hygro,Crofts South West Field,56.57950324451966,-2.7063292005198787,6b9e02b20065072723a410490065,37.31,6.9,101.0,18.31,91.24,4.17,101
2025-04-06 12:39:40.648456+00:00,70B3D57ED004558D,Hygro#55:8D,Hygro,Crofts South West Field,56.57950324451966,-2.7063292005198787,6b9d02bc00650782238a10460066,37.3,7.0,101.0,19.22,90.98,4.17,102
2025-04-06 12:54:57.404847+00:00,70B3D57ED004558D,Hygro#55:8D,Hygro,Crofts South West Field,56.57950324451966,-2.7063292005198787,6b9b02bc0066070123b110490067,37.29,7.0,102.0,17.93,91.37,4.17,103
2025-04-06 13:10:14.162114+00:00,70B3D57ED004558D,Hygro#55:8D,Hygro,Crofts South West Field,56.57950324451966,-2.7063292005198787,6b9902c60063062023ce10490068,37.29,7.1,99.0,15.68,91.66,4.17,104
2025-04-06 13:25:30.919181+00:00,70B3D57ED004558D,Hygro#55:8D,Hygro,Crofts South West Field,56.57950324451966,-2.7063292005198787,6b9302c60065065f23d310490069,37.26,7.1,101.0,16.31,91.71,4.17,105
2025-04-06 13:40:47.669341+00:00,70B3D57ED004558D,Hygro#55:8D,Hygro,Crofts South West Field,56.57950324451966,-2.7063292005198787,6b9302d0006405ae23e5104b006a,37.26,7.2,100.0,14.54,91.89,4.17,106
2025-04-06 13:56:04.436755+00:00,70B3D57ED004558D,Hygro#55:8D,Hygro,Crofts South West Field,56.57950324451966,-2.7063292005198787,6b9202d00065063323ac1049006b,37.26,7.2,101.0,15.87,91.32,4.17,107
2025-04-06 14:11:21.195671+00:00,70B3D57ED004558D,Hygro#55:8D,Hygro,Crofts South West Field,56.57950324451966,-2.7063292005198787,6b9202da006506f5235c1046006c,37.26,7.3,101.0,17.81,90.52,4.17,108
2025-04-06 14:26:37.949584+00:00,70B3D57ED004558D,Hygro#55:8D,Hygro,Crofts South West Field,56.57950324451966,-2.7063292005198787,6b8b02da00650624239f1046006d,37.23,7.3,101.0,15.72,91.19,4.17,109
2025-04-06 14:57:11.468709+00:00,70B3D57ED004558D,Hygro#55:8D,Hygro,Crofts South West Field,56.57950324451966,-2.7063292005198787,6b8302e4006405d5239d1044006f,37.2,7.4,100.0,14.93,91.17,4.16,111
2025-04-06 15:12:28.228590+00:00,70B3D57ED004558D,Hygro#55:8D,Hygro,Crofts South West Field,56.57950324451966,-2.7063292005198787,6b8402ee006505c523ae104b0070,37.21,7.5,101.0,14.77,91.34,4.17,112
2025-04-06 15:43:01.746625+00:00,70B3D57ED004558D,Hygro#55:8D,Hygro,Crofts South West Field,56.57950324451966,-2.7063292005198787,6b7f02f8006405bc239410420072,37.19,7.6,100.0,14.68,91.08,4.16,114
2025-04-06 15:58:18.514638+00:00,70B3D57ED004558D,Hygro#55:8D,Hygro,Crofts South West Field,56.57950324451966,-2.7063292005198787,6b7f02f80066059523b010490073,37.19,7.6,102.0,14.29,91.36,4.17,115
2025-04-06 16:13:35.267072+00:00,70B3D57ED004558D,Hygro#55:8D,Hygro,Crofts South West Field,56.57950324451966,-2.7063292005198787,6b7d02f80064053123cb10490074,37.18,7.6,100.0,13.29,91.63,4.17,116
2025-04-06 16:28:52.027049+00:00,70B3D57ED004558D,Hygro#55:8D,Hygro,Crofts South West Field,56.57950324451966,-2.7063292005198787,6b7d0302006404f2232e10490075,37.18,7.7,100.0,12.66,90.06,4.17,117
2025-04-06 16:44:08.791258+00:00,70B3D57ED004558D,Hygro#55:8D,Hygro,Crofts South West Field,56.57950324451966,-2.7063292005198787,6b7b030200650456225810490076,37.17,7.7,101.0,11.1,87.92,4.17,118
2025-04-06 16:59:25.552826+00:00,70B3D57ED004558D,Hygro#55:8D,Hygro,Crofts South West Field,56.57950324451966,-2.7063292005198787,6b7803020063041a21f010490077,37.16,7.7,99.0,10.5,86.88,4.17,119
2025-04-06 17:14:42.317876+00:00,70B3D57ED004558D,Hygro#55:8D,Hygro,Crofts South West Field,56.57950324451966,-2.7063292005198787,6b7a0302006403c8220610460078,37.17,7.7,100.0,9.68,87.1,4.17,120
2025-04-06 17:29:59.079247+00:00,70B3D57ED004558D,Hygro#55:8D,Hygro,Crofts South West Field,56.57950324451966,-2.7063292005198787,6b7e03020063031921d710460079,37.18,7.7,99.0,7.93,86.63,4.17,121
2025-04-06 17:45:15.850804+00:00,70B3D57ED004558D,Hygro#55:8D,Hygro,Crofts South West Field,56.57950324451966,-2.7063292005198787,6b7a03020065029421f71049007a,37.17,7.7,101.0,6.6,86.95,4.17,122
2025-04-06 18:00:32.628821+00:00,70B3D57ED004558D,Hygro#55:8D,Hygro,Crofts South West Field,56.57950324451966,-2.7063292005198787,6b7803020065026a22201044007b,37.16,7.7,101.0,6.18,87.36,4.16,123
2025-04-06 18:15:49.408045+00:00,70B3D57ED004558D,Hygro#55:8D,Hygro,Crofts South West Field,56.57950324451966,-2.7063292005198787,6b77030200640236222f1046007c,37.16,7.7,100.0,5.66,87.51,4.17,124
2025-04-06 18:31:06.193093+00:00,70B3D57ED004558D,Hygro#55:8D,Hygro,Crofts South West Field,56.57950324451966,-2.7063292005198787,6b75030200640215223f1046007d,37.15,7.7,100.0,5.33,87.67,4.17,125
2025-04-06 18:46:22.962039+00:00,70B3D57ED004558D,Hygro#55:8D,Hygro,Crofts South West Field,56.57950324451966,-2.7063292005198787,6b770302006301ed223f1046007e,37.16,7.7,99.0,4.93,87.67,4.17,126
2025-04-06 19:01:39.740198+00:00,70B3D57ED004558D,Hygro#55:8D,Hygro,Crofts South West Field,56.57950324451966,-2.7063292005198787,6b750302006401c4223e1046007f,37.15,7.7,100.0,4.52,87.66,4.17,127
2025-04-06 19:16:56.513580+00:00,70B3D57ED004558D,Hygro#55:8D,Hygro,Crofts South West Field,56.57950324451966,-2.7063292005198787,6b76030200640196224110460080,37.15,7.7,100.0,4.06,87.69,4.17,128
2025-04-06 19:32:13.303688+00:00,70B3D57ED004558D,Hygro#55:8D,Hygro,Crofts South West Field,56.57950324451966,-2.7063292005198787,6b7c02f80064012c2254104b0081,37.17,7.6,100.0,3.0,87.88,4.17,129
2025-04-06 19:47:30.084862+00:00,70B3D57ED004558D,Hygro#55:8D,Hygro,Crofts South West Field,56.57950324451966,-2.7063292005198787,6b7602f8006600fe226e10440082,37.15,7.6,102.0,2.54,88.14,4.16,130
2025-04-06 20:02:46.876648+00:00,70B3D57ED004558D,Hygro#55:8D,Hygro,Crofts South West Field,56.57950324451966,-2.7063292005198787,6b7b02f8006500d6226c10440083,37.17,7.6,101.0,2.14,88.12,4.16,131
2025-04-06 20:18:03.659985+00:00,70B3D57ED004558D,Hygro#55:8D,Hygro,Crofts South West Field,56.57950324451966,-2.7063292005198787,6b7802f8006500d2227c10460084,37.16,7.6,101.0,2.1,88.28,4.17,132
2025-04-06 20:33:20.447544+00:00,70B3D57ED004558D,Hygro#55:8D,Hygro,Crofts South West Field,56.57950324451966,-2.7063292005198787,6b7902ee00640098225710460085,37.16,7.5,100.0,1.52,87.91,4.17,133
2025-04-06 20:48:37.261604+00:00,70B3D57ED004558D,Hygro#55:8D,Hygro,Crofts South West Field,56.57950324451966,-2.7063292005198787,6b7b02ee00650032225510490086,37.17,7.5,101.0,0.5,87.89,4.17,134
2025-04-06 21:03:54.034048+00:00,70B3D57ED004558D,Hygro#55:8D,Hygro,Crofts South West Field,56.57950324451966,-2.7063292005198787,6b7402ee0064002f226e10460087,37.14,7.5,100.0,0.47,88.14,4.17,135
2025-04-06 21:19:10.839930+00:00,70B3D57ED004558D,Hygro#55:8D,Hygro,Crofts South West Field,56.57950324451966,-2.7063292005198787,6b7702ee0064ffe5226710440088,37.16,7.5,100.0,655.09,88.07,4.16,136
2025-04-06 21:34:27.636201+00:00,70B3D57ED004558D,Hygro#55:8D,Hygro,Crofts South West Field,56.57950324451966,-2.7063292005198787,6b7b02e40064fffa226b10460089,37.17,7.4,100.0,655.3,88.11,4.17,137
2025-04-06 21:49:44.425894+00:00,70B3D57ED004558D,Hygro#55:8D,Hygro,Crofts South West Field,56.57950324451966,-2.7063292005198787,6b7a02e40063ffc2224c1049008a,37.17,7.4,99.0,654.74,87.8,4.17,138
2025-04-06 22:05:01.232695+00:00,70B3D57ED004558D,Hygro#55:8D,Hygro,Crofts South West Field,56.57950324451966,-2.7063292005198787,6b7802e40064ffc822651044008b,37.16,7.4,100.0,654.8,88.05,4.16,139
2025-04-06 22:20:18.028859+00:00,70B3D57ED004558D,Hygro#55:8D,Hygro,Crofts South West Field,56.57950324451966,-2.7063292005198787,6b7902da0064ffca22721046008c,37.16,7.3,100.0,654.82,88.18,4.17,140
2025-04-06 22:35:34.828914+00:00,70B3D57ED004558D,Hygro#55:8D,Hygro,Crofts South West Field,56.57950324451966,-2.7063292005198787,6b7d02da0065ffa1225c1044008d,37.18,7.3,101.0,654.41,87.96,4.16,141
2025-04-06 22:50:51.632390+00:00,70B3D57ED004558D,Hygro#55:8D,Hygro,Crofts South West Field,56.57950324451966,-2.7063292005198787,6b7d02da0064ffa9224b1046008e,37.18,7.3,100.0,654.49,87.79,4.17,142
2025-04-06 23:06:08.427535+00:00,70B3D57ED004558D,Hygro#55:8D,Hygro,Crofts South West Field,56.57950324451966,-2.7063292005198787,6b8202d00064ffd922651049008f,37.2,7.2,100.0,654.97,88.05,4.17,143
2025-04-06 23:21:25.236549+00:00,70B3D57ED004558D,Hygro#55:8D,Hygro,Crofts South West Field,56.57950324451966,-2.7063292005198787,6b7e02d00064ffbc225610460090,37.18,7.2,100.0,654.68,87.9,4.17,144
2025-04-06 23:36:42.031180+00:00,70B3D57ED004558D,Hygro#55:8D,Hygro,Crofts South West Field,56.57950324451966,-2.7063292005198787,6b8102c60064ffaf225210440091,37.19,7.1,100.0,654.55,87.86,4.16,145
2025-04-06 23:51:58.841142+00:00,70B3D57ED004558D,Hygro#55:8D,Hygro,Crofts South West Field,56.57950324451966,-2.7063292005198787,6b7d02c60064ff8e223910460092,37.18,7.1,100.0,654.22,87.61,4.17,146
2025-04-07 00:07:15.636078+00:00,70B3D57ED004558D,Hygro#55:8D,Hygro,Crofts South West Field,56.57950324451966,-2.7063292005198787,6b8002bc0064ffd9226610420093,37.19,7.0,100.0,654.97,88.06,4.16,147
2025-04-07 00:22:32.432269+00:00,70B3D57ED004558D,Hygro#55:8D,Hygro,Crofts South West Field,56.57950324451966,-2.7063292005198787,6b8202bc0065ffdb225010420094,37.2,7.0,101.0,654.99,87.84,4.16,148
2025-04-07 00:37:49.236529+00:00,70B3D57ED004558D,Hygro#55:8D,Hygro,Crofts South West Field,56.57950324451966,-2.7063292005198787,6b8102bc0065fff0225310440095,37.19,7.0,101.0,655.2,87.87,4.16,149
2025-04-07 00:53:06.028850+00:00,70B3D57ED004558D,Hygro#55:8D,Hygro,Crofts South West Field,56.57950324451966,-2.7063292005198787,6b8302b20065fff4225a10420096,37.2,6.9,101.0,655.24,87.94,4.16,150
2025-04-07 01:08:22.825941+00:00,70B3D57ED004558D,Hygro#55:8D,Hygro,Crofts South West Field,56.57950324451966,-2.7063292005198787,6b7f02b20065ffd1226010460097,37.19,6.9,101.0,654.89,88.0,4.17,151
2025-04-07 01:23:39.618216+00:00,70B3D57ED004558D,Hygro#55:8D,Hygro,Crofts South West Field,56.57950324451966,-2.7063292005198787,6b8502a80065ffdb226610400098,37.21,6.8,101.0,654.99,88.06,4.16,152
2025-04-07 01:38:56.432757+00:00,70B3D57ED004558D,Hygro#55:8D,Hygro,Crofts South West Field,56.57950324451966,-2.7063292005198787,6b8202a80064ffa3226110460099,37.2,6.8,100.0,654.43,88.01,4.17,153
2025-04-07 01:54:13.208709+00:00,70B3D57ED004558D,Hygro#55:8D,Hygro,Crofts South West Field,56.57950324451966,-2.7063292005198787,6b8702a80064ffc422741044009a,37.22,6.8,100.0,654.76,88.2,4.16,154
2025-04-07 02:09:30.009497+00:00,70B3D57ED004558D,Hygro#55:8D,Hygro,Crofts South West Field,56.57950324451966,-2.7063292005198787,6b8b029e0064ffd322721044009b,37.23,6.7,100.0,654.91,88.18,4.16,155
2025-04-07 02:24:46.817865+00:00,70B3D57ED004558D,Hygro#55:8D,Hygro,Crofts South West Field,56.57950324451966,-2.7063292005198787,6b89029e0065ffa722651046009c,37.22,6.7,101.0,654.47,88.05,4.17,156
2025-04-07 02:40:03.617877+00:00,70B3D57ED004558D,Hygro#55:8D,Hygro,Crofts South West Field,56.57950324451966,-2.7063292005198787,6b89029e0065ffab22791044009d,37.22,6.7,101.0,654.51,88.25,4.16,157
2025-04-07 02:55:20.413572+00:00,70B3D57ED004558D,Hygro#55:8D,Hygro,Crofts South West Field,56.57950324451966,-2.7063292005198787,6b8402940065ff8322751042009e,37.21,6.6,101.0,654.11,88.21,4.16,158
2025-04-07 03:10:37.217160+00:00,70B3D57ED004558D,Hygro#55:8D,Hygro,Crofts South West Field,56.57950324451966,-2.7063292005198787,6b8c02940064ff96227a1044009f,37.24,6.6,100.0,654.3,88.26,4.16,159
2025-04-07 03:25:54.028605+00:00,70B3D57ED004558D,Hygro#55:8D,Hygro,Crofts South West Field,56.57950324451966,-2.7063292005198787,6b8702940064ff662270104400a0,37.22,6.6,100.0,653.82,88.16,4.16,160
2025-04-07 03:41:10.828515+00:00,70B3D57ED004558D,Hygro#55:8D,Hygro,Crofts South West Field,56.57950324451966,-2.7063292005198787,6b8c028a0065ff60227b104400a1,37.24,6.5,101.0,653.76,88.27,4.16,161
2025-04-07 03:56:27.626421+00:00,70B3D57ED004558D,Hygro#55:8D,Hygro,Crofts South West Field,56.57950324451966,-2.7063292005198787,6b8d028a0065ff6a2271104900a2,37.24,6.5,101.0,653.86,88.17,4.17,162
2025-04-07 04:11:44.460963+00:00,70B3D57ED004558D,Hygro#55:8D,Hygro,Crofts South West Field,56.57950324451966,-2.7063292005198787,6b8c028a0065ff642269104600a3,37.24,6.5,101.0,653.8,88.09,4.17,163
2025-04-07 04:27:01.253261+00:00,70B3D57ED004558D,Hygro#55:8D,Hygro,Crofts South West Field,56.57950324451966,-2.7063292005198787,6b8f028a0064ff58227a104400a4,37.25,6.5,100.0,653.68,88.26,4.16,164
2025-04-07 04:57:34.847775+00:00,70B3D57ED004558D,Hygro#55:8D,Hygro,Crofts South West Field,56.57950324451966,-2.7063292005198787,6b8d02800064ff98226b104600a6,37.24,6.4,100.0,654.32,88.11,4.17,166
2025-04-07 05:12:51.659626+00:00,70B3D57ED004558D,Hygro#55:8D,Hygro,Crofts South West Field,56.57950324451966,-2.7063292005198787,6b8d02800064ff7b2268104200a7,37.24,6.4,100.0,654.03,88.08,4.16,167
2025-04-07 05:28:08.454163+00:00,70B3D57ED004558D,Hygro#55:8D,Hygro,Crofts South West Field,56.57950324451966,-2.7063292005198787,6b8b02770064ff682265104000a8,37.23,6.31,100.0,653.84,88.05,4.16,168
2025-04-07 05:43:25.258730+00:00,70B3D57ED004558D,Hygro#55:8D,Hygro,Crofts South West Field,56.57950324451966,-2.7063292005198787,6b8c02760064ff942265104400a9,37.24,6.3,100.0,654.28,88.05,4.16,169
2025-04-07 05:58:42.053787+00:00,70B3D57ED004558D,Hygro#55:8D,Hygro,Crofts South West Field,56.57950324451966,-2.7063292005198787,6b8f02760065ffdd2282104200aa,37.25,6.3,101.0,655.01,88.34,4.16,170
2025-04-07 06:13:58.842996+00:00,70B3D57ED004558D,Hygro#55:8D,Hygro,Crofts South West Field,56.57950324451966,-2.7063292005198787,6b9302760064002322b2104200ab,37.26,6.3,100.0,0.35,88.82,4.16,171
2025-04-07 06:29:15.632860+00:00,70B3D57ED004558D,Hygro#55:8D,Hygro,Crofts South West Field,56.57950324451966,-2.7063292005198787,6b8f026c006400da2307104000ac,37.25,6.2,100.0,2.18,89.67,4.16,172
2025-04-07 06:44:32.402967+00:00,70B3D57ED004558D,Hygro#55:8D,Hygro,Crofts South West Field,56.57950324451966,-2.7063292005198787,6b92026c006701a42333104200ad,37.26,6.2,103.0,4.2,90.11,4.16,173
2025-04-07 06:59:49.185413+00:00,70B3D57ED004558D,Hygro#55:8D,Hygro,Crofts South West Field,56.57950324451966,-2.7063292005198787,6b8e026c00650228230a104000ae,37.24,6.2,101.0,5.52,89.7,4.16,174
2025-04-07 07:15:05.945816+00:00,70B3D57ED004558D,Hygro#55:8D,Hygro,Crofts South West Field,56.57950324451966,-2.7063292005198787,6b93026c00640290230b104000af,37.26,6.2,100.0,6.56,89.71,4.16,175
2025-04-07 07:30:22.703621+00:00,70B3D57ED004558D,Hygro#55:8D,Hygro,Crofts South West Field,56.57950324451966,-2.7063292005198787,6b97026c006402a722a9104000b0,37.28,6.2,100.0,6.79,88.73,4.16,176
2025-04-07 07:45:39.452730+00:00,70B3D57ED004558D,Hygro#55:8D,Hygro,Crofts South West Field,56.57950324451966,-2.7063292005198787,6b8d0262006402d222a5103e00b1,37.24,6.1,100.0,7.22,88.69,4.16,177
2025-04-07 08:00:56.212506+00:00,70B3D57ED004558D,Hygro#55:8D,Hygro,Crofts South West Field,56.57950324451966,-2.7063292005198787,6b90026200650320223d104000b2,37.25,6.1,101.0,8.0,87.65,4.16,178
2025-04-07 08:16:12.955528+00:00,70B3D57ED004558D,Hygro#55:8D,Hygro,Crofts South West Field,56.57950324451966,-2.7063292005198787,6b940262006403d7215f104900b3,37.27,6.1,100.0,9.83,85.43,4.17,179
2025-04-07 08:31:29.708606+00:00,70B3D57ED004558D,Hygro#55:8D,Hygro,Crofts South West Field,56.57950324451966,-2.7063292005198787,6b8c02620065045e21ec105100b4,37.24,6.1,101.0,11.18,86.84,4.18,180
2025-04-07 08:46:46.459856+00:00,70B3D57ED004558D,Hygro#55:8D,Hygro,Crofts South West Field,56.57950324451966,-2.7063292005198787,6b8a0262006504fb2153105400b5,37.23,6.1,101.0,12.75,85.31,4.18,181
2025-04-07 09:02:03.196711+00:00,70B3D57ED004558D,Hygro#55:8D,Hygro,Crofts South West Field,56.57950324451966,-2.7063292005198787,6b8f026c006405712192105400b6,37.25,6.2,100.0,13.93,85.94,4.18,182
2025-04-07 09:17:19.950095+00:00,70B3D57ED004558D,Hygro#55:8D,Hygro,Crofts South West Field,56.57950324451966,-2.7063292005198787,6b90026c006405a721ae104600b7,37.25,6.2,100.0,14.47,86.22,4.17,183
2025-04-07 09:32:36.759226+00:00,70B3D57ED004558D,Hygro#55:8D,Hygro,Crofts South West Field,56.57950324451966,-2.7063292005198787,6b8a026c006505fb2275104900b8,37.23,6.2,101.0,15.31,88.21,4.17,184
2025-04-07 09:47:53.450607+00:00,70B3D57ED004558D,Hygro#55:8D,Hygro,Crofts South West Field,56.57950324451966,-2.7063292005198787,6b85026c006405b422d7104b00b9,37.21,6.2,100.0,14.6,89.19,4.17,185
2025-04-07 10:03:10.188910+00:00,70B3D57ED004558D,Hygro#55:8D,Hygro,Crofts South West Field,56.57950324451966,-2.7063292005198787,6b870276006406402349104900ba,37.22,6.3,100.0,16.0,90.33,4.17,186
2025-04-07 10:18:26.954479+00:00,70B3D57ED004558D,Hygro#55:8D,Hygro,Crofts South West Field,56.57950324451966,-2.7063292005198787,6b8002760064077422d2104b00bb,37.19,6.3,100.0,19.08,89.14,4.17,187
2025-04-07 10:33:43.693512+00:00,70B3D57ED004558D,Hygro#55:8D,Hygro,Crofts South West Field,56.57950324451966,-2.7063292005198787,6b840280006506c3230c104600bc,37.21,6.4,101.0,17.31,89.72,4.17,188
2025-04-07 10:49:00.443421+00:00,70B3D57ED004558D,Hygro#55:8D,Hygro,Crofts South West Field,56.57950324451966,-2.7063292005198787,6b7c02800064068b238b104b00bd,37.17,6.4,100.0,16.75,90.99,4.17,189
2025-04-07 11:04:17.191800+00:00,70B3D57ED004558D,Hygro#55:8D,Hygro,Crofts South West Field,56.57950324451966,-2.7063292005198787,6b7c028a0064074e2306104600be,37.17,6.5,100.0,18.7,89.66,4.17,190
2025-04-07 11:19:33.938644+00:00,70B3D57ED004558D,Hygro#55:8D,Hygro,Crofts South West Field,56.57950324451966,-2.7063292005198787,6b7b028a006407dc22ce104400bf,37.17,6.5,100.0,20.12,89.1,4.16,191
2025-04-07 11:34:50.692110+00:00,70B3D57ED004558D,Hygro#55:8D,Hygro,Crofts South West Field,56.57950324451966,-2.7063292005198787,6b780294006407a622ee104900c0,37.16,6.6,100.0,19.58,89.42,4.17,192
2025-04-07 11:50:07.441287+00:00,70B3D57ED004558D,Hygro#55:8D,Hygro,Crofts South West Field,56.57950324451966,-2.7063292005198787,6b7402940064084622ba104600c1,37.14,6.6,100.0,21.18,88.9,4.17,193
2025-04-07 12:05:24.177859+00:00,70B3D57ED004558D,Hygro#55:8D,Hygro,Crofts South West Field,56.57950324451966,-2.7063292005198787,6b75029e0064088922c5104900c2,37.15,6.7,100.0,21.85,89.01,4.17,194
2025-04-07 12:20:40.929855+00:00,70B3D57ED004558D,Hygro#55:8D,Hygro,Crofts South West Field,56.57950324451966,-2.7063292005198787,6b7102a80063085f22c4104900c3,37.13,6.8,99.0,21.43,89.0,4.17,195
2025-04-07 12:35:57.684093+00:00,70B3D57ED004558D,Hygro#55:8D,Hygro,Crofts South West Field,56.57950324451966,-2.7063292005198787,6b6b02a80063072d238a104900c4,37.11,6.8,99.0,18.37,90.98,4.17,196
2025-04-07 12:51:14.440847+00:00,70B3D57ED004558D,Hygro#55:8D,Hygro,Crofts South West Field,56.57950324451966,-2.7063292005198787,6b6a02b2006307c32341104600c5,37.1,6.9,99.0,19.87,90.25,4.17,197
2025-04-07 13:06:31.191437+00:00,70B3D57ED004558D,Hygro#55:8D,Hygro,Crofts South West Field,56.57950324451966,-2.7063292005198787,6b6602b2006307cb2360104d00c6,37.09,6.9,99.0,19.95,90.56,4.17,198
2025-04-07 13:21:47.938979+00:00,70B3D57ED004558D,Hygro#55:8D,Hygro,Crofts South West Field,56.57950324451966,-2.7063292005198787,6b6602bc006407fd234d104900c7,37.09,7.0,100.0,20.45,90.37,4.17,199
2025-04-07 13:37:04.693166+00:00,70B3D57ED004558D,Hygro#55:8D,Hygro,Crofts South West Field,56.57950324451966,-2.7063292005198787,6b6002c60064073c2391104600c8,37.07,7.1,100.0,18.52,91.05,4.17,200
2025-04-07 13:52:21.452021+00:00,70B3D57ED004558D,Hygro#55:8D,Hygro,Crofts South West Field,56.57950324451966,-2.7063292005198787,6b5a02c6006406e623a7104600c9,37.04,7.1,100.0,17.66,91.27,4.17,201
2025-04-07 14:07:38.207802+00:00,70B3D57ED004558D,Hygro#55:8D,Hygro,Crofts South West Field,56.57950324451966,-2.7063292005198787,6b5802d0006306bf23bf104900ca,37.03,7.2,99.0,17.27,91.51,4.17,202
2025-04-07 14:22:54.974743+00:00,70B3D57ED004558D,Hygro#55:8D,Hygro,Crofts South West Field,56.57950324451966,-2.7063292005198787,6b5102da0066072723c1104600cb,37.01,7.3,102.0,18.31,91.53,4.17,203
2025-04-07 14:38:11.724541+00:00,70B3D57ED004558D,Hygro#55:8D,Hygro,Crofts South West Field,56.57950324451966,-2.7063292005198787,6b5502da0064069723ba104d00cc,37.02,7.3,100.0,16.87,91.46,4.17,204
2025-04-07 14:53:28.488060+00:00,70B3D57ED004558D,Hygro#55:8D,Hygro,Crofts South West Field,56.57950324451966,-2.7063292005198787,6b5002e40062068623c4104600cd,37.0,7.4,98.0,16.7,91.56,4.17,205
2025-04-07 15:08:45.414416+00:00,70B3D57ED004558D,Hygro#55:8D,Hygro,Crofts South West Field,56.57950324451966,-2.7063292005198787,6b4e02e40063068823b3104600ce,37.0,7.4,99.0,16.72,91.39,4.17,206
2025-04-07 15:24:01.994498+00:00,70B3D57ED004558D,Hygro#55:8D,Hygro,Crofts South West Field,56.57950324451966,-2.7063292005198787,6b5002ee0064068b23b1104b00cf,37.0,7.5,100.0,16.75,91.37,4.17,207
2025-04-07 15:39:18.759956+00:00,70B3D57ED004558D,Hygro#55:8D,Hygro,Crofts South West Field,56.57950324451966,-2.7063292005198787,6b4c02ee0064061223bf104900d0,36.99,7.5,100.0,15.54,91.51,4.17,208
2025-04-07 15:54:35.523597+00:00,70B3D57ED004558D,Hygro#55:8D,Hygro,Crofts South West Field,56.57950324451966,-2.7063292005198787,6b4802f80063064c23dd104b00d1,36.97,7.6,99.0,16.12,91.81,4.17,209
2025-04-07 16:09:52.452882+00:00,70B3D57ED004558D,Hygro#55:8D,Hygro,Crofts South West Field,56.57950324451966,-2.7063292005198787,6b4802f80063061623e9104600d2,36.97,7.6,99.0,15.58,91.93,4.17,210
2025-04-07 16:25:09.031479+00:00,70B3D57ED004558D,Hygro#55:8D,Hygro,Crofts South West Field,56.57950324451966,-2.7063292005198787,6b440302006305dc234b104600d3,36.96,7.7,99.0,15.0,90.35,4.17,211
2025-04-07 16:40:25.783836+00:00,70B3D57ED004558D,Hygro#55:8D,Hygro,Crofts South West Field,56.57950324451966,-2.7063292005198787,6b460302006305d52266104400d4,36.97,7.7,99.0,14.93,88.06,4.16,212
2025-04-07 16:55:42.549186+00:00,70B3D57ED004558D,Hygro#55:8D,Hygro,Crofts South West Field,56.57950324451966,-2.7063292005198787,6b4503020064052021f6104900d5,36.96,7.7,100.0,13.12,86.94,4.17,213
2025-04-07 17:10:59.303673+00:00,70B3D57ED004558D,Hygro#55:8D,Hygro,Crofts South West Field,56.57950324451966,-2.7063292005198787,6b460302006404fd21dd104600d6,36.97,7.7,100.0,12.77,86.69,4.17,214
2025-04-07 17:26:16.069785+00:00,70B3D57ED004558D,Hygro#55:8D,Hygro,Crofts South West Field,56.57950324451966,-2.7063292005198787,6b3e03020066041a21e9104600d7,36.93,7.7,102.0,10.5,86.81,4.17,215
2025-04-07 17:41:32.836937+00:00,70B3D57ED004558D,Hygro#55:8D,Hygro,Crofts South West Field,56.57950324451966,-2.7063292005198787,6b3f03020064034521ac104400d8,36.94,7.7,100.0,8.37,86.2,4.16,216
2025-04-07 17:56:49.599489+00:00,70B3D57ED004558D,Hygro#55:8D,Hygro,Crofts South West Field,56.57950324451966,-2.7063292005198787,6b3d0302006302ee2200104600d9,36.93,7.7,99.0,7.5,87.04,4.17,217
2025-04-07 18:12:06.362679+00:00,70B3D57ED004558D,Hygro#55:8D,Hygro,Crofts South West Field,56.57950324451966,-2.7063292005198787,6b410302006402a72220104900da,36.95,7.7,100.0,6.79,87.36,4.17,218
2025-04-07 18:27:23.140977+00:00,70B3D57ED004558D,Hygro#55:8D,Hygro,Crofts South West Field,56.57950324451966,-2.7063292005198787,6b4203020063027f222a104900db,36.95,7.7,99.0,6.39,87.46,4.17,219
2025-04-07 18:42:39.905988+00:00,70B3D57ED004558D,Hygro#55:8D,Hygro,Crofts South West Field,56.57950324451966,-2.7063292005198787,6b43030200630245222b104900dc,36.95,7.7,99.0,5.81,87.47,4.17,220
2025-04-07 18:57:56.675400+00:00,70B3D57ED004558D,Hygro#55:8D,Hygro,Crofts South West Field,56.57950324451966,-2.7063292005198787,6b430302006401d02217104b00dd,36.95,7.7,100.0,4.64,87.27,4.17,221
2025-04-07 19:13:13.461278+00:00,70B3D57ED004558D,Hygro#55:8D,Hygro,Crofts South West Field,56.57950324451966,-2.7063292005198787,6b3b0302006401a02214104600de,36.92,7.7,100.0,4.16,87.24,4.17,222
2025-04-07 19:28:30.233257+00:00,70B3D57ED004558D,Hygro#55:8D,Hygro,Crofts South West Field,56.57950324451966,-2.7063292005198787,6b3f03020064016e221b104900df,36.94,7.7,100.0,3.66,87.31,4.17,223
2025-04-07 19:43:47.008235+00:00,70B3D57ED004558D,Hygro#55:8D,Hygro,Crofts South West Field,56.57950324451966,-2.7063292005198787,6b3c030200640168221b104900e0,36.93,7.7,100.0,3.6,87.31,4.17,224
2025-04-07 19:59:03.794773+00:00,70B3D57ED004558D,Hygro#55:8D,Hygro,Crofts South West Field,56.57950324451966,-2.7063292005198787,6b4002f8006401602243104600e1,36.94,7.6,100.0,3.52,87.71,4.17,225
2025-04-07 20:14:20.565112+00:00,70B3D57ED004558D,Hygro#55:8D,Hygro,Crofts South West Field,56.57950324451966,-2.7063292005198787,6b3c02f8006401402244104600e2,36.93,7.6,100.0,3.2,87.72,4.17,226
2025-04-07 20:29:37.359138+00:00,70B3D57ED004558D,Hygro#55:8D,Hygro,Crofts South West Field,56.57950324451966,-2.7063292005198787,6b4202f8006300a6223d104600e3,36.95,7.6,99.0,1.66,87.65,4.17,227
2025-04-07 20:44:54.160694+00:00,70B3D57ED004558D,Hygro#55:8D,Hygro,Crofts South West Field,56.57950324451966,-2.7063292005198787,6b4302ee00640070225e104400e4,36.95,7.5,100.0,1.12,87.98,4.16,228
2025-04-07 21:00:10.934013+00:00,70B3D57ED004558D,Hygro#55:8D,Hygro,Crofts South West Field,56.57950324451966,-2.7063292005198787,6b4102ee0064007f226f104600e5,36.95,7.5,100.0,1.27,88.15,4.17,229
2025-04-07 21:15:27.721963+00:00,70B3D57ED004558D,Hygro#55:8D,Hygro,Crofts South West Field,56.57950324451966,-2.7063292005198787,6b4202ee006400762270104600e6,36.95,7.5,100.0,1.18,88.16,4.17,230
2025-04-07 21:30:44.515323+00:00,70B3D57ED004558D,Hygro#55:8D,Hygro,Crofts South West Field,56.57950324451966,-2.7063292005198787,6b4702e40064002f2249104900e7,36.97,7.4,100.0,0.47,87.77,4.17,231
2025-04-07 21:46:01.297010+00:00,70B3D57ED004558D,Hygro#55:8D,Hygro,Crofts South West Field,56.57950324451966,-2.7063292005198787,6b4902e4006400192256104600e8,36.98,7.4,100.0,0.25,87.9,4.17,232
2025-04-07 22:01:18.092650+00:00,70B3D57ED004558D,Hygro#55:8D,Hygro,Crofts South West Field,56.57950324451966,-2.7063292005198787,6b4802da0064002d2268104600e9,36.97,7.3,100.0,0.45,88.08,4.17,233
2025-04-07 22:16:34.878741+00:00,70B3D57ED004558D,Hygro#55:8D,Hygro,Crofts South West Field,56.57950324451966,-2.7063292005198787,6b4802da0064004b2267104400ea,36.97,7.3,100.0,0.75,88.07,4.16,234
2025-04-07 22:31:51.672398+00:00,70B3D57ED004558D,Hygro#55:8D,Hygro,Crofts South West Field,56.57950324451966,-2.7063292005198787,6b4602da006400162243104400eb,36.97,7.3,100.0,0.22,87.71,4.16,235
2025-04-07 22:47:08.469136+00:00,70B3D57ED004558D,Hygro#55:8D,Hygro,Crofts South West Field,56.57950324451966,-2.7063292005198787,6b4602d00064000e224c104600ec,36.97,7.2,100.0,0.14,87.8,4.17,236
2025-04-07 23:02:25.267490+00:00,70B3D57ED004558D,Hygro#55:8D,Hygro,Crofts South West Field,56.57950324451966,-2.7063292005198787,6b4e02d000650029225e104400ed,37.0,7.2,101.0,0.41,87.98,4.16,237
2025-04-07 23:17:42.049780+00:00,70B3D57ED004558D,Hygro#55:8D,Hygro,Crofts South West Field,56.57950324451966,-2.7063292005198787,6b4702c6006500192257104400ee,36.97,7.1,101.0,0.25,87.91,4.16,238
2025-04-07 23:32:58.854096+00:00,70B3D57ED004558D,Hygro#55:8D,Hygro,Crofts South West Field,56.57950324451966,-2.7063292005198787,6b4c02c60064fff82254104900ef,36.99,7.1,100.0,655.28,87.88,4.17,239
2025-04-07 23:48:15.644734+00:00,70B3D57ED004558D,Hygro#55:8D,Hygro,Crofts South West Field,56.57950324451966,-2.7063292005198787,6b4b02c60065fff4225e104900f0,36.98,7.1,101.0,655.24,87.98,4.17,240
2025-04-08 00:03:32.442484+00:00,70B3D57ED004558D,Hygro#55:8D,Hygro,Crofts South West Field,56.57950324451966,-2.7063292005198787,6b4902bc0064fff2226b104600f1,36.98,7.0,100.0,655.22,88.11,4.17,241
2025-04-08 00:18:49.243723+00:00,70B3D57ED004558D,Hygro#55:8D,Hygro,Crofts South West Field,56.57950324451966,-2.7063292005198787,6b4d02bc0064000c2271104400f2,36.99,7.0,100.0,0.12,88.17,4.16,242
2025-04-08 00:34:06.037683+00:00,70B3D57ED004558D,Hygro#55:8D,Hygro,Crofts South West Field,56.57950324451966,-2.7063292005198787,6b4c02bc0064ffdd2256104b00f3,36.99,7.0,100.0,655.01,87.9,4.17,243
2025-04-08 00:49:22.845574+00:00,70B3D57ED004558D,Hygro#55:8D,Hygro,Crofts South West Field,56.57950324451966,-2.7063292005198787,6b5002b20065ffce2259104400f4,37.0,6.9,101.0,654.86,87.93,4.16,244
2025-04-08 01:04:39.631434+00:00,70B3D57ED004558D,Hygro#55:8D,Hygro,Crofts South West Field,56.57950324451966,-2.7063292005198787,6b4c02b20064ffbe2268104400f5,36.99,6.9,100.0,654.7,88.08,4.16,245
2025-04-08 01:19:56.430042+00:00,70B3D57ED004558D,Hygro#55:8D,Hygro,Crofts South West Field,56.57950324451966,-2.7063292005198787,6b4f02b20064ffe3227b104400f6,37.0,6.9,100.0,655.07,88.27,4.16,246
2025-04-08 01:35:13.233367+00:00,70B3D57ED004558D,Hygro#55:8D,Hygro,Crofts South West Field,56.57950324451966,-2.7063292005198787,6b4f02a80064ffb82261104200f7,37.0,6.8,100.0,654.64,88.01,4.16,247
2025-04-08 01:50:30.043515+00:00,70B3D57ED004558D,Hygro#55:8D,Hygro,Crofts South West Field,56.57950324451966,-2.7063292005198787,6b4d02a80063ffa32261104000f8,36.99,6.8,99.0,654.43,88.01,4.16,248
2025-04-08 02:05:46.838931+00:00,70B3D57ED004558D,Hygro#55:8D,Hygro,Crofts South West Field,56.57950324451966,-2.7063292005198787,6b5102a80064ffc82279104200f9,37.01,6.8,100.0,654.8,88.25,4.16,249
2025-04-08 02:21:03.631063+00:00,70B3D57ED004558D,Hygro#55:8D,Hygro,Crofts South West Field,56.57950324451966,-2.7063292005198787,6b52029e0064ffd9227d104600fa,37.01,6.7,100.0,654.97,88.29,4.17,250
2025-04-08 02:36:20.421670+00:00,70B3D57ED004558D,Hygro#55:8D,Hygro,Crofts South West Field,56.57950324451966,-2.7063292005198787,6b51029e0064ffc82271104400fb,37.01,6.7,100.0,654.8,88.17,4.16,251
2025-04-08 02:51:37.225631+00:00,70B3D57ED004558D,Hygro#55:8D,Hygro,Crofts South West Field,56.57950324451966,-2.7063292005198787,6b51029e0064ffdb2271104200fc,37.01,6.7,100.0,654.99,88.17,4.16,252
2025-04-08 03:06:54.019723+00:00,70B3D57ED004558D,Hygro#55:8D,Hygro,Crofts South West Field,56.57950324451966,-2.7063292005198787,6b5402940064ffaf2268104600fd,37.02,6.6,100.0,654.55,88.08,4.17,253
2025-04-08 03:22:10.822535+00:00,70B3D57ED004558D,Hygro#55:8D,Hygro,Crofts South West Field,56.57950324451966,-2.7063292005198787,6b5702940064ffcc2274104200fe,37.03,6.6,100.0,654.84,88.2,4.16,254
2025-04-08 03:37:27.630625+00:00,70B3D57ED004558D,Hygro#55:8D,Hygro,Crofts South West Field,56.57950324451966,-2.7063292005198787,6b5902940065ffa7225e104600ff,37.04,6.6,101.0,654.47,87.98,4.17,255
2025-04-08 03:52:44.427077+00:00,70B3D57ED004558D,Hygro#55:8D,Hygro,Crofts South West Field,56.57950324451966,-2.7063292005198787,6b5a028b0064ff94226d10440000,37.04,6.51,100.0,654.28,88.13,4.16,0
2025-04-08 04:08:01.226438+00:00,70B3D57ED004558D,Hygro#55:8D,Hygro,Crofts South West Field,56.57950324451966,-2.7063292005198787,6b53028a0064001622a410460001,37.02,6.5,100.0,0.22,88.68,4.17,1
2025-04-08 04:23:18.026905+00:00,70B3D57ED004558D,Hygro#55:8D,Hygro,Crofts South West Field,56.57950324451966,-2.7063292005198787,6b55028a0064008522a410440002,37.02,6.5,100.0,1.33,88.68,4.16,2
2025-04-08 04:38:34.818854+00:00,70B3D57ED004558D,Hygro#55:8D,Hygro,Crofts South West Field,56.57950324451966,-2.7063292005198787,6b58028a006400f522a010420003,37.03,6.5,100.0,2.45,88.64,4.16,3
2025-04-08 04:53:51.609703+00:00,70B3D57ED004558D,Hygro#55:8D,Hygro,Crofts South West Field,56.57950324451966,-2.7063292005198787,6b58028a0065014b229610440004,37.03,6.5,101.0,3.31,88.54,4.16,4
2025-04-08 05:09:08.392595+00:00,70B3D57ED004558D,Hygro#55:8D,Hygro,Crofts South West Field,56.57950324451966,-2.7063292005198787,6b5602800064015e229510440005,37.03,6.4,100.0,3.5,88.53,4.16,5
2025-04-08 05:24:25.182991+00:00,70B3D57ED004558D,Hygro#55:8D,Hygro,Crofts South West Field,56.57950324451966,-2.7063292005198787,6b5502800064016c22a910440006,37.02,6.4,100.0,3.64,88.73,4.16,6
2025-04-08 05:39:41.967774+00:00,70B3D57ED004558D,Hygro#55:8D,Hygro,Crofts South West Field,56.57950324451966,-2.7063292005198787,6b5602800064017922cb10420007,37.03,6.4,100.0,3.77,89.07,4.16,7
2025-04-08 05:54:58.746229+00:00,70B3D57ED004558D,Hygro#55:8D,Hygro,Crofts South West Field,56.57950324451966,-2.7063292005198787,6b5702800064018d22e210440008,37.03,6.4,100.0,3.97,89.3,4.16,8
2025-04-08 06:10:15.535231+00:00,70B3D57ED004558D,Hygro#55:8D,Hygro,Crofts South West Field,56.57950324451966,-2.7063292005198787,6b5902800064019622f310420009,37.04,6.4,100.0,4.06,89.47,4.16,9
2025-04-08 06:25:32.307265+00:00,70B3D57ED004558D,Hygro#55:8D,Hygro,Crofts South West Field,56.57950324451966,-2.7063292005198787,6b5b0280006501af22ff1044000a,37.05,6.4,101.0,4.31,89.59,4.16,10
2025-04-08 06:40:49.096980+00:00,70B3D57ED004558D,Hygro#55:8D,Hygro,Crofts South West Field,56.57950324451966,-2.7063292005198787,6b570280006301bb230a1042000b,37.03,6.4,99.0,4.43,89.7,4.16,11
2025-04-08 06:56:05.872331+00:00,70B3D57ED004558D,Hygro#55:8D,Hygro,Crofts South West Field,56.57950324451966,-2.7063292005198787,6b560280006301d0230f1044000c,37.03,6.4,99.0,4.64,89.75,4.16,12
2025-04-08 07:26:39.428188+00:00,70B3D57ED004558D,Hygro#55:8D,Hygro,Crofts South West Field,56.57950324451966,-2.7063292005198787,6b53028000650208232a1040000e,37.02,6.4,101.0,5.2,90.02,4.16,14
2025-04-08 07:41:56.193424+00:00,70B3D57ED004558D,Hygro#55:8D,Hygro,Crofts South West Field,56.57950324451966,-2.7063292005198787,6b59028000650213232d1040000f,37.04,6.4,101.0,5.31,90.05,4.16,15
2025-04-08 07:57:12.967329+00:00,70B3D57ED004558D,Hygro#55:8D,Hygro,Crofts South West Field,56.57950324451966,-2.7063292005198787,6b57028000640221232e10400010,37.03,6.4,100.0,5.45,90.06,4.16,16
2025-04-08 08:12:29.748787+00:00,70B3D57ED004558D,Hygro#55:8D,Hygro,Crofts South West Field,56.57950324451966,-2.7063292005198787,6b5702800065022e234210400011,37.03,6.4,101.0,5.58,90.26,4.16,17
2025-04-08 08:27:46.506874+00:00,70B3D57ED004558D,Hygro#55:8D,Hygro,Crofts South West Field,56.57950324451966,-2.7063292005198787,6b5202800064027f235010440012,37.01,6.4,100.0,6.39,90.4,4.16,18
2025-04-08 08:43:03.275126+00:00,70B3D57ED004558D,Hygro#55:8D,Hygro,Crofts South West Field,56.57950324451966,-2.7063292005198787,6b570280006502a0235c104b0013,37.03,6.4,101.0,6.72,90.52,4.17,19
2025-04-08 09:13:36.806444+00:00,70B3D57ED004558D,Hygro#55:8D,Hygro,Crofts South West Field,56.57950324451966,-2.7063292005198787,6b4e0280006402b3239610540015,37.0,6.4,100.0,6.91,91.1,4.18,21
2025-04-08 09:28:53.579453+00:00,70B3D57ED004558D,Hygro#55:8D,Hygro,Crofts South West Field,56.57950324451966,-2.7063292005198787,6b4e0280006402f823c4104b0016,37.0,6.4,100.0,7.6,91.56,4.17,22
2025-04-08 09:44:10.326695+00:00,70B3D57ED004558D,Hygro#55:8D,Hygro,Crofts South West Field,56.57950324451966,-2.7063292005198787,6b50028a006403d123bf10460017,37.0,6.5,100.0,9.77,91.51,4.17,23
2025-04-08 09:59:27.083119+00:00,70B3D57ED004558D,Hygro#55:8D,Hygro,Crofts South West Field,56.57950324451966,-2.7063292005198787,6b4f028a0064049f237f10490018,37.0,6.5,100.0,11.83,90.87,4.17,24
2025-04-08 10:14:43.829057+00:00,70B3D57ED004558D,Hygro#55:8D,Hygro,Crofts South West Field,56.57950324451966,-2.7063292005198787,6b4e028a006405aa238f10440019,37.0,6.5,100.0,14.5,91.03,4.16,25
2025-04-08 10:30:00.582616+00:00,70B3D57ED004558D,Hygro#55:8D,Hygro,Crofts South West Field,56.57950324451966,-2.7063292005198787,6b49028a006405d324131044001a,36.98,6.5,100.0,14.91,92.35,4.16,26
2025-04-08 10:45:17.328674+00:00,70B3D57ED004558D,Hygro#55:8D,Hygro,Crofts South West Field,56.57950324451966,-2.7063292005198787,6b480294006405f024111044001b,36.97,6.6,100.0,15.2,92.33,4.16,27
2025-04-08 11:00:34.074104+00:00,70B3D57ED004558D,Hygro#55:8D,Hygro,Crofts South West Field,56.57950324451966,-2.7063292005198787,6b450294006405d1242b1046001c,36.96,6.6,100.0,14.89,92.59,4.17,28
2025-04-08 11:15:50.821689+00:00,70B3D57ED004558D,Hygro#55:8D,Hygro,Crofts South West Field,56.57950324451966,-2.7063292005198787,6b4202940064065924601049001d,36.95,6.6,100.0,16.25,93.12,4.17,29
2025-04-08 11:31:07.571284+00:00,70B3D57ED004558D,Hygro#55:8D,Hygro,Crofts South West Field,56.57950324451966,-2.7063292005198787,6b41029e0064061424361046001e,36.95,6.7,100.0,15.56,92.7,4.17,30
2025-04-08 11:46:24.323762+00:00,70B3D57ED004558D,Hygro#55:8D,Hygro,Crofts South West Field,56.57950324451966,-2.7063292005198787,6b3e02a800640659240e1044001f,36.93,6.8,100.0,16.25,92.3,4.16,31
2025-04-08 12:01:41.073499+00:00,70B3D57ED004558D,Hygro#55:8D,Hygro,Crofts South West Field,56.57950324451966,-2.7063292005198787,6b3d02a80064062f240110460020,36.93,6.8,100.0,15.83,92.17,4.17,32
2025-04-08 12:16:57.831429+00:00,70B3D57ED004558D,Hygro#55:8D,Hygro,Crofts South West Field,56.57950324451966,-2.7063292005198787,6b3902b2006306b0240d104b0021,36.91,6.9,99.0,17.12,92.29,4.17,33
2025-04-08 12:32:14.581904+00:00,70B3D57ED004558D,Hygro#55:8D,Hygro,Crofts South West Field,56.57950324451966,-2.7063292005198787,6b3702b200640695240310490022,36.91,6.9,100.0,16.85,92.19,4.17,34
2025-04-08 12:47:31.336436+00:00,70B3D57ED004558D,Hygro#55:8D,Hygro,Crofts South West Field,56.57950324451966,-2.7063292005198787,6b2e02bc0063068b23ee10440023,36.87,7.0,99.0,16.75,91.98,4.16,35
2025-04-08 13:02:48.088601+00:00,70B3D57ED004558D,Hygro#55:8D,Hygro,Crofts South West Field,56.57950324451966,-2.7063292005198787,6b2e02c6006405f223e910440024,36.87,7.1,100.0,15.22,91.93,4.16,36
2025-04-08 13:18:04.824363+00:00,70B3D57ED004558D,Hygro#55:8D,Hygro,Crofts South West Field,56.57950324451966,-2.7063292005198787,6b2602c60065063923e210440025,36.84,7.1,101.0,15.93,91.86,4.16,37
2025-04-08 13:33:21.573346+00:00,70B3D57ED004558D,Hygro#55:8D,Hygro,Crofts South West Field,56.57950324451966,-2.7063292005198787,6b2302d00064068823c410440026,36.83,7.2,100.0,16.72,91.56,4.16,38
2025-04-08 13:48:38.330692+00:00,70B3D57ED004558D,Hygro#55:8D,Hygro,Crofts South West Field,56.57950324451966,-2.7063292005198787,6b1702da0064075323a010490027,36.78,7.3,100.0,18.75,91.2,4.17,39
2025-04-08 14:03:55.079766+00:00,70B3D57ED004558D,Hygro#55:8D,Hygro,Crofts South West Field,56.57950324451966,-2.7063292005198787,6b1a02da0064071c23b710420028,36.79,7.3,100.0,18.2,91.43,4.16,40
2025-04-08 14:19:11.827557+00:00,70B3D57ED004558D,Hygro#55:8D,Hygro,Crofts South West Field,56.57950324451966,-2.7063292005198787,6b1902e40064078f23ac10420029,36.79,7.4,100.0,19.35,91.32,4.16,41
2025-04-08 14:34:28.587436+00:00,70B3D57ED004558D,Hygro#55:8D,Hygro,Crofts South West Field,56.57950324451966,-2.7063292005198787,6b1902e40064072123b21042002a,36.79,7.4,100.0,18.25,91.38,4.16,42
2025-04-08 14:49:45.344042+00:00,70B3D57ED004558D,Hygro#55:8D,Hygro,Crofts South West Field,56.57950324451966,-2.7063292005198787,6b1302ee006406b823c11044002b,36.77,7.5,100.0,17.2,91.53,4.16,43
2025-04-08 15:05:02.118124+00:00,70B3D57ED004558D,Hygro#55:8D,Hygro,Crofts South West Field,56.57950324451966,-2.7063292005198787,6b1402f80063068f23c01042002c,36.77,7.6,99.0,16.79,91.52,4.16,44
2025-04-08 15:20:18.860909+00:00,70B3D57ED004558D,Hygro#55:8D,Hygro,Crofts South West Field,56.57950324451966,-2.7063292005198787,6b1402f80063069323be1044002d,36.77,7.6,99.0,16.83,91.5,4.16,45
2025-04-08 15:35:35.616031+00:00,70B3D57ED004558D,Hygro#55:8D,Hygro,Crofts South West Field,56.57950324451966,-2.7063292005198787,6b0a03020064068f23bb1044002e,36.73,7.7,100.0,16.79,91.47,4.16,46
2025-04-08 15:50:52.378395+00:00,70B3D57ED004558D,Hygro#55:8D,Hygro,Crofts South West Field,56.57950324451966,-2.7063292005198787,6b0e0302006305e023d21040002f,36.75,7.7,99.0,15.04,91.7,4.16,47
2025-04-08 16:06:09.136815+00:00,70B3D57ED004558D,Hygro#55:8D,Hygro,Crofts South West Field,56.57950324451966,-2.7063292005198787,6b07030c0063068023cf10440030,36.72,7.8,99.0,16.64,91.67,4.16,48
2025-04-08 16:21:25.893513+00:00,70B3D57ED004558D,Hygro#55:8D,Hygro,Crofts South West Field,56.57950324451966,-2.7063292005198787,6b03030c006405dc232510420031,36.71,7.8,100.0,15.0,89.97,4.16,49
2025-04-08 16:36:42.662122+00:00,70B3D57ED004558D,Hygro#55:8D,Hygro,Crofts South West Field,56.57950324451966,-2.7063292005198787,6b04030c006405de222b10460032,36.71,7.8,100.0,15.02,87.47,4.17,50
2025-04-08 16:51:59.413781+00:00,70B3D57ED004558D,Hygro#55:8D,Hygro,Crofts South West Field,56.57950324451966,-2.7063292005198787,6b04031600630578218510460033,36.71,7.9,99.0,14.0,85.81,4.17,51
2025-04-08 17:07:16.172727+00:00,70B3D57ED004558D,Hygro#55:8D,Hygro,Crofts South West Field,56.57950324451966,-2.7063292005198787,6b030316006404c9217710440034,36.71,7.9,100.0,12.25,85.67,4.16,52
2025-04-08 17:22:32.935963+00:00,70B3D57ED004558D,Hygro#55:8D,Hygro,Crofts South West Field,56.57950324451966,-2.7063292005198787,6b08031600640465216910440035,36.72,7.9,100.0,11.25,85.53,4.16,53
2025-04-08 17:37:49.708258+00:00,70B3D57ED004558D,Hygro#55:8D,Hygro,Crofts South West Field,56.57950324451966,-2.7063292005198787,6b0203160064036f213b10460036,36.7,7.9,100.0,8.79,85.07,4.17,54
2025-04-08 17:53:06.484734+00:00,70B3D57ED004558D,Hygro#55:8D,Hygro,Crofts South West Field,56.57950324451966,-2.7063292005198787,6b010316006502eb21b910420037,36.7,7.9,101.0,7.47,86.33,4.16,55
2025-04-08 18:08:23.239482+00:00,70B3D57ED004558D,Hygro#55:8D,Hygro,Crofts South West Field,56.57950324451966,-2.7063292005198787,6afc0316006302b321f010420038,36.68,7.9,99.0,6.91,86.88,4.16,56
2025-04-08 18:23:40.011451+00:00,70B3D57ED004558D,Hygro#55:8D,Hygro,Crofts South West Field,56.57950324451966,-2.7063292005198787,6b0203160063027d21fe10460039,36.7,7.9,99.0,6.37,87.02,4.17,57
2025-04-08 18:38:56.792426+00:00,70B3D57ED004558D,Hygro#55:8D,Hygro,Crofts South West Field,56.57950324451966,-2.7063292005198787,6afe03160064023021f81044003a,36.69,7.9,100.0,5.6,86.96,4.16,58
2025-04-08 18:54:13.572134+00:00,70B3D57ED004558D,Hygro#55:8D,Hygro,Crofts South West Field,56.57950324451966,-2.7063292005198787,6b040316006401f821ea1046003b,36.71,7.9,100.0,5.04,86.82,4.17,59
2025-04-08 19:09:30.384237+00:00,70B3D57ED004558D,Hygro#55:8D,Hygro,Crofts South West Field,56.57950324451966,-2.7063292005198787,6b0103160064019221e01044003c,36.7,7.9,100.0,4.02,86.72,4.16,60
2025-04-08 19:24:47.140955+00:00,70B3D57ED004558D,Hygro#55:8D,Hygro,Crofts South West Field,56.57950324451966,-2.7063292005198787,6b02030c0065011921e51049003d,36.7,7.8,101.0,2.81,86.77,4.17,61
2025-04-08 19:40:03.917896+00:00,70B3D57ED004558D,Hygro#55:8D,Hygro,Crofts South West Field,56.57950324451966,-2.7063292005198787,6b00030c006300c822111042003e,36.69,7.8,99.0,2.0,87.21,4.16,62
2025-04-08 19:55:20.704483+00:00,70B3D57ED004558D,Hygro#55:8D,Hygro,Crofts South West Field,56.57950324451966,-2.7063292005198787,6b03030c006300b5223f1044003f,36.71,7.8,99.0,1.81,87.67,4.16,63
2025-04-08 20:10:37.488621+00:00,70B3D57ED004558D,Hygro#55:8D,Hygro,Crofts South West Field,56.57950324451966,-2.7063292005198787,6b07030c006300a2222d10440040,36.72,7.8,99.0,1.62,87.49,4.16,64
2025-04-08 20:25:54.294411+00:00,70B3D57ED004558D,Hygro#55:8D,Hygro,Crofts South West Field,56.57950324451966,-2.7063292005198787,6aff030200640072221b10440041,36.69,7.7,100.0,1.14,87.31,4.16,65
2025-04-08 20:41:11.092073+00:00,70B3D57ED004558D,Hygro#55:8D,Hygro,Crofts South West Field,56.57950324451966,-2.7063292005198787,6b0503020064004b221a10440042,36.71,7.7,100.0,0.75,87.3,4.16,66
2025-04-08 20:56:27.879035+00:00,70B3D57ED004558D,Hygro#55:8D,Hygro,Crofts South West Field,56.57950324451966,-2.7063292005198787,6b0502f80064005b222e10420043,36.71,7.6,100.0,0.91,87.5,4.16,67
2025-04-08 21:11:44.670471+00:00,70B3D57ED004558D,Hygro#55:8D,Hygro,Crofts South West Field,56.57950324451966,-2.7063292005198787,6b0002f800640070222510420044,36.69,7.6,100.0,1.12,87.41,4.16,68
2025-04-08 21:27:01.457123+00:00,70B3D57ED004558D,Hygro#55:8D,Hygro,Crofts South West Field,56.57950324451966,-2.7063292005198787,6b0702f800650057221b10420045,36.72,7.6,101.0,0.87,87.31,4.16,69
2025-04-08 21:42:18.260597+00:00,70B3D57ED004558D,Hygro#55:8D,Hygro,Crofts South West Field,56.57950324451966,-2.7063292005198787,6b0202ee00650070223310460046,36.7,7.5,101.0,1.12,87.55,4.17,70
2025-04-08 21:57:35.041581+00:00,70B3D57ED004558D,Hygro#55:8D,Hygro,Crofts South West Field,56.57950324451966,-2.7063292005198787,6b0702ee00640038222710440047,36.72,7.5,100.0,0.56,87.43,4.16,71
2025-04-08 22:12:51.993845+00:00,70B3D57ED004558D,Hygro#55:8D,Hygro,Crofts South West Field,56.57950324451966,-2.7063292005198787,6b0702e400640059223610440048,36.72,7.4,100.0,0.89,87.58,4.16,72
2025-04-08 22:28:08.623460+00:00,70B3D57ED004558D,Hygro#55:8D,Hygro,Crofts South West Field,56.57950324451966,-2.7063292005198787,6b0802e40064004f223d10440049,36.72,7.4,100.0,0.79,87.65,4.16,73
2025-04-08 22:43:25.411991+00:00,70B3D57ED004558D,Hygro#55:8D,Hygro,Crofts South West Field,56.57950324451966,-2.7063292005198787,6b0d02da0064005f22451044004a,36.74,7.3,100.0,0.95,87.73,4.16,74
2025-04-08 22:58:42.229249+00:00,70B3D57ED004558D,Hygro#55:8D,Hygro,Crofts South West Field,56.57950324451966,-2.7063292005198787,6b0902da00640064224d1042004b,36.73,7.3,100.0,1.0,87.81,4.16,75
2025-04-08 23:13:58.990645+00:00,70B3D57ED004558D,Hygro#55:8D,Hygro,Crofts South West Field,56.57950324451966,-2.7063292005198787,6b0a02da0065008122551042004c,36.73,7.3,101.0,1.29,87.89,4.16,76
2025-04-08 23:29:15.784170+00:00,70B3D57ED004558D,Hygro#55:8D,Hygro,Crofts South West Field,56.57950324451966,-2.7063292005198787,6b0a02d00063015722711042004d,36.73,7.2,99.0,3.43,88.17,4.16,77
2025-04-08 23:44:32.562839+00:00,70B3D57ED004558D,Hygro#55:8D,Hygro,Crofts South West Field,56.57950324451966,-2.7063292005198787,6b0802d000640170221e1042004e,36.72,7.2,100.0,3.68,87.34,4.16,78
2025-04-08 23:59:49.342725+00:00,70B3D57ED004558D,Hygro#55:8D,Hygro,Crofts South West Field,56.57950324451966,-2.7063292005198787,6b0b02c60064016822241042004f,36.74,7.1,100.0,3.6,87.4,4.16,79
2025-04-09 00:15:06.127368+00:00,70B3D57ED004558D,Hygro#55:8D,Hygro,Crofts South West Field,56.57950324451966,-2.7063292005198787,6b0e02c60065016a224f10420050,36.75,7.1,101.0,3.62,87.83,4.16,80
2025-04-09 00:30:22.917091+00:00,70B3D57ED004558D,Hygro#55:8D,Hygro,Crofts South West Field,56.57950324451966,-2.7063292005198787,6b0902c600640172226c10420051,36.73,7.1,100.0,3.7,88.12,4.16,81
2025-04-09 00:45:39.697899+00:00,70B3D57ED004558D,Hygro#55:8D,Hygro,Crofts South West Field,56.57950324451966,-2.7063292005198787,6b0b02c100650166226710420052,36.74,7.05,101.0,3.58,88.07,4.16,82
2025-04-09 01:00:56.482957+00:00,70B3D57ED004558D,Hygro#55:8D,Hygro,Crofts South West Field,56.57950324451966,-2.7063292005198787,6b1302bc00640125226610420053,36.77,7.0,100.0,2.93,88.06,4.16,83
2025-04-09 01:16:13.277701+00:00,70B3D57ED004558D,Hygro#55:8D,Hygro,Crofts South West Field,56.57950324451966,-2.7063292005198787,6b1102bc006500fe227810440054,36.76,7.0,101.0,2.54,88.24,4.16,84
2025-04-09 01:31:30.060902+00:00,70B3D57ED004558D,Hygro#55:8D,Hygro,Crofts South West Field,56.57950324451966,-2.7063292005198787,6b0f02bc00650129229a10420055,36.75,7.0,101.0,2.97,88.58,4.16,85
2025-04-09 01:46:46.849822+00:00,70B3D57ED004558D,Hygro#55:8D,Hygro,Crofts South West Field,56.57950324451966,-2.7063292005198787,6b0f02bc0064012e229e103e0056,36.75,7.0,100.0,3.02,88.62,4.16,86
2025-04-09 02:17:20.418215+00:00,70B3D57ED004558D,Hygro#55:8D,Hygro,Crofts South West Field,56.57950324451966,-2.7063292005198787,6b1202b200650106229c103e0058,36.76,6.9,101.0,2.62,88.6,4.16,88
2025-04-09 02:47:53.977801+00:00,70B3D57ED004558D,Hygro#55:8D,Hygro,Crofts South West Field,56.57950324451966,-2.7063292005198787,6b0e02b2006400e722a3103e005a,36.75,6.9,100.0,2.31,88.67,4.16,90
2025-04-09 03:03:10.767903+00:00,70B3D57ED004558D,Hygro#55:8D,Hygro,Crofts South West Field,56.57950324451966,-2.7063292005198787,6b0902b20064010022a31040005b,36.73,6.9,100.0,2.56,88.67,4.16,91
2025-04-09 03:18:27.565283+00:00,70B3D57ED004558D,Hygro#55:8D,Hygro,Crofts South West Field,56.57950324451966,-2.7063292005198787,6b0a02b2006400e3228f1042005c,36.73,6.9,100.0,2.27,88.47,4.16,92
2025-04-09 03:49:01.134459+00:00,70B3D57ED004558D,Hygro#55:8D,Hygro,Crofts South West Field,56.57950324451966,-2.7063292005198787,6b1202a800640091227e1046005e,36.76,6.8,100.0,1.45,88.3,4.17,94
2025-04-09 04:04:17.927912+00:00,70B3D57ED004558D,Hygro#55:8D,Hygro,Crofts South West Field,56.57950324451966,-2.7063292005198787,6b1202a80064005b22951040005f,36.76,6.8,100.0,0.91,88.53,4.16,95
2025-04-09 04:19:34.729368+00:00,70B3D57ED004558D,Hygro#55:8D,Hygro,Crofts South West Field,56.57950324451966,-2.7063292005198787,6b1202a80064003222a810400060,36.76,6.8,100.0,0.5,88.72,4.16,96
2025-04-09 04:34:51.524312+00:00,70B3D57ED004558D,Hygro#55:8D,Hygro,Crofts South West Field,56.57950324451966,-2.7063292005198787,6b1002a80064fff422a3103e0061,36.76,6.8,100.0,655.24,88.67,4.16,97
2025-04-09 05:05:25.120395+00:00,70B3D57ED004558D,Hygro#55:8D,Hygro,Crofts South West Field,56.57950324451966,-2.7063292005198787,6b17029e0064006c2291103e0063,36.78,6.7,100.0,1.08,88.49,4.16,99
2025-04-09 05:20:41.916045+00:00,70B3D57ED004558D,Hygro#55:8D,Hygro,Crofts South West Field,56.57950324451966,-2.7063292005198787,6b13029e0064005b227210400064,36.77,6.7,100.0,0.91,88.18,4.16,100
2025-04-09 05:35:58.705535+00:00,70B3D57ED004558D,Hygro#55:8D,Hygro,Crofts South West Field,56.57950324451966,-2.7063292005198787,6b11029e00640074228210420065,36.76,6.7,100.0,1.16,88.34,4.16,101
2025-04-09 05:51:15.489270+00:00,70B3D57ED004558D,Hygro#55:8D,Hygro,Crofts South West Field,56.57950324451966,-2.7063292005198787,6b0f029e0063008d227f10400066,36.75,6.7,99.0,1.41,88.31,4.16,102
2025-04-09 06:06:32.271490+00:00,70B3D57ED004558D,Hygro#55:8D,Hygro,Crofts South West Field,56.57950324451966,-2.7063292005198787,6b0d029e00640098227e103b0067,36.74,6.7,100.0,1.52,88.3,4.16,103
2025-04-09 06:52:22.629321+00:00,70B3D57ED004558D,Hygro#55:8D,Hygro,Crofts South West Field,56.57950324451966,-2.7063292005198787,6b1302940063015e229a1040006a,36.77,6.6,99.0,3.5,88.58,4.16,106
2025-04-09 07:07:39.413792+00:00,70B3D57ED004558D,Hygro#55:8D,Hygro,Crofts South West Field,56.57950324451966,-2.7063292005198787,6b1702940063019022ac1042006b,36.78,6.6,99.0,4.0,88.76,4.16,107
2025-04-09 07:22:56.189965+00:00,70B3D57ED004558D,Hygro#55:8D,Hygro,Crofts South West Field,56.57950324451966,-2.7063292005198787,6b130294006401b922af103e006c,36.77,6.6,100.0,4.41,88.79,4.16,108
2025-04-09 07:38:12.971632+00:00,70B3D57ED004558D,Hygro#55:8D,Hygro,Crofts South West Field,56.57950324451966,-2.7063292005198787,6b170294006401db22bc103e006d,36.78,6.6,100.0,4.75,88.92,4.16,109
2025-04-09 07:53:29.752916+00:00,70B3D57ED004558D,Hygro#55:8D,Hygro,Crofts South West Field,56.57950324451966,-2.7063292005198787,6b10028a006401fc22ce103e006e,36.76,6.5,100.0,5.08,89.1,4.16,110
2025-04-09 08:08:46.529016+00:00,70B3D57ED004558D,Hygro#55:8D,Hygro,Crofts South West Field,56.57950324451966,-2.7063292005198787,6b0c028a0064021f22d41040006f,36.74,6.5,100.0,5.43,89.16,4.16,111
2025-04-09 08:24:03.291400+00:00,70B3D57ED004558D,Hygro#55:8D,Hygro,Crofts South West Field,56.57950324451966,-2.7063292005198787,6b14028a0063024922df103e0070,36.77,6.5,99.0,5.85,89.27,4.16,112
2025-04-09 09:40:27.153367+00:00,70B3D57ED004558D,Hygro#55:8D,Hygro,Crofts South West Field,56.57950324451966,-2.7063292005198787,6b0c0294006302f42311103b0075,36.74,6.6,99.0,7.56,89.77,4.16,117
2025-04-09 09:55:43.922090+00:00,70B3D57ED004558D,Hygro#55:8D,Hygro,Crofts South West Field,56.57950324451966,-2.7063292005198787,6b0f029400630311233e10440076,36.75,6.6,99.0,7.85,90.22,4.16,118
2025-04-09 10:11:00.701302+00:00,70B3D57ED004558D,Hygro#55:8D,Hygro,Crofts South West Field,56.57950324451966,-2.7063292005198787,6b0b029400630339236e104b0077,36.74,6.6,99.0,8.25,90.7,4.17,119
2025-04-09 10:41:34.225739+00:00,70B3D57ED004558D,Hygro#55:8D,Hygro,Crofts South West Field,56.57950324451966,-2.7063292005198787,6b0e02940063032c233610560079,36.75,6.6,99.0,8.12,90.14,4.18,121
2025-04-09 10:56:50.984108+00:00,70B3D57ED004558D,Hygro#55:8D,Hygro,Crofts South West Field,56.57950324451966,-2.7063292005198787,6b0c0294006303c823551058007a,36.74,6.6,99.0,9.68,90.45,4.18,122
2025-04-09 11:12:07.750593+00:00,70B3D57ED004558D,Hygro#55:8D,Hygro,Crofts South West Field,56.57950324451966,-2.7063292005198787,6b100294006304c22390104b007b,36.76,6.6,99.0,12.18,91.04,4.17,123
2025-04-09 11:27:24.501911+00:00,70B3D57ED004558D,Hygro#55:8D,Hygro,Crofts South West Field,56.57950324451966,-2.7063292005198787,6b0e029e006304b823b5104d007c,36.75,6.7,99.0,12.08,91.41,4.17,124
2025-04-09 11:42:41.250254+00:00,70B3D57ED004558D,Hygro#55:8D,Hygro,Crofts South West Field,56.57950324451966,-2.7063292005198787,6b07029e006404df23dd104f007d,36.72,6.7,100.0,12.47,91.81,4.17,125
2025-04-09 11:57:58.016932+00:00,70B3D57ED004558D,Hygro#55:8D,Hygro,Crofts South West Field,56.57950324451966,-2.7063292005198787,6b02029e0064053f23c2104b007e,36.7,6.7,100.0,13.43,91.54,4.17,126
2025-04-09 12:13:14.770690+00:00,70B3D57ED004558D,Hygro#55:8D,Hygro,Crofts South West Field,56.57950324451966,-2.7063292005198787,6b0502a80064057a23db1049007f,36.71,6.8,100.0,14.02,91.79,4.17,127
2025-04-09 12:28:31.510797+00:00,70B3D57ED004558D,Hygro#55:8D,Hygro,Crofts South West Field,56.57950324451966,-2.7063292005198787,6b0002a80064054e23af10460080,36.69,6.8,100.0,13.58,91.35,4.17,128
2025-04-09 12:43:48.265622+00:00,70B3D57ED004558D,Hygro#55:8D,Hygro,Crofts South West Field,56.57950324451966,-2.7063292005198787,6b0102a8006305cf23cf10490081,36.7,6.8,99.0,14.87,91.67,4.17,129
2025-04-09 12:59:05.014545+00:00,70B3D57ED004558D,Hygro#55:8D,Hygro,Crofts South West Field,56.57950324451966,-2.7063292005198787,6afe02b200630563238810490082,36.69,6.9,99.0,13.79,90.96,4.17,130
2025-04-09 13:14:21.756842+00:00,70B3D57ED004558D,Hygro#55:8D,Hygro,Crofts South West Field,56.57950324451966,-2.7063292005198787,6afc02b20063074223e8104b0083,36.68,6.9,99.0,18.58,91.92,4.17,131
2025-04-09 13:29:38.524709+00:00,70B3D57ED004558D,Hygro#55:8D,Hygro,Crofts South West Field,56.57950324451966,-2.7063292005198787,6af102bc00630737238010490084,36.64,7.0,99.0,18.47,90.88,4.17,132
2025-04-09 13:44:55.269376+00:00,70B3D57ED004558D,Hygro#55:8D,Hygro,Crofts South West Field,56.57950324451966,-2.7063292005198787,6af002bc00640620238f10440085,36.63,7.0,100.0,15.68,91.03,4.16,133
2025-04-09 14:00:12.030225+00:00,70B3D57ED004558D,Hygro#55:8D,Hygro,Crofts South West Field,56.57950324451966,-2.7063292005198787,6af402c60063066b2396104b0086,36.65,7.1,99.0,16.43,91.1,4.17,134
2025-04-09 14:15:28.774175+00:00,70B3D57ED004558D,Hygro#55:8D,Hygro,Crofts South West Field,56.57950324451966,-2.7063292005198787,6ae502d000640718238a10460087,36.59,7.2,100.0,18.16,90.98,4.17,135
2025-04-09 14:30:45.541876+00:00,70B3D57ED004558D,Hygro#55:8D,Hygro,Crofts South West Field,56.57950324451966,-2.7063292005198787,6ae902d000630642239110460088,36.6,7.2,99.0,16.02,91.05,4.17,136
2025-04-09 14:46:02.300796+00:00,70B3D57ED004558D,Hygro#55:8D,Hygro,Crofts South West Field,56.57950324451966,-2.7063292005198787,6ae602da006406f123a010440089,36.59,7.3,100.0,17.77,91.2,4.16,137
2025-04-09 15:01:19.052493+00:00,70B3D57ED004558D,Hygro#55:8D,Hygro,Crofts South West Field,56.57950324451966,-2.7063292005198787,6ae002da006406ac23851046008a,36.57,7.3,100.0,17.08,90.93,4.17,138
2025-04-09 15:16:35.814543+00:00,70B3D57ED004558D,Hygro#55:8D,Hygro,Crofts South West Field,56.57950324451966,-2.7063292005198787,6ae602e40063064e235f104d008b,36.59,7.4,99.0,16.14,90.55,4.17,139
2025-04-09 15:31:52.560446+00:00,70B3D57ED004558D,Hygro#55:8D,Hygro,Crofts South West Field,56.57950324451966,-2.7063292005198787,6ad902e40063063323841049008c,36.54,7.4,99.0,15.87,90.92,4.17,140
2025-04-09 15:47:09.332360+00:00,70B3D57ED004558D,Hygro#55:8D,Hygro,Crofts South West Field,56.57950324451966,-2.7063292005198787,6adb02ee0063061a23711044008d,36.55,7.5,99.0,15.62,90.73,4.16,141
2025-04-09 16:02:26.087314+00:00,70B3D57ED004558D,Hygro#55:8D,Hygro,Crofts South West Field,56.57950324451966,-2.7063292005198787,6adc02ee006405e2239f104b008e,36.55,7.5,100.0,15.06,91.19,4.17,142
2025-04-09 16:48:16.363744+00:00,70B3D57ED004558D,Hygro#55:8D,Hygro,Crofts South West Field,56.57950324451966,-2.7063292005198787,6ad502f800620477220b10490091,36.53,7.6,98.0,11.43,87.15,4.17,145
2025-04-09 17:03:33.126484+00:00,70B3D57ED004558D,Hygro#55:8D,Hygro,Crofts South West Field,56.57950324451966,-2.7063292005198787,6ad202f80063046021a910440092,36.52,7.6,99.0,11.2,86.17,4.16,146
2025-04-09 17:18:49.881956+00:00,70B3D57ED004558D,Hygro#55:8D,Hygro,Crofts South West Field,56.57950324451966,-2.7063292005198787,6ad902f80063040721e410460093,36.54,7.6,99.0,10.31,86.76,4.17,147
2025-04-09 17:34:06.647308+00:00,70B3D57ED004558D,Hygro#55:8D,Hygro,Crofts South West Field,56.57950324451966,-2.7063292005198787,6acb03020063034b216210460094,36.49,7.7,99.0,8.43,85.46,4.17,148
2025-04-09 17:49:23.422802+00:00,70B3D57ED004558D,Hygro#55:8D,Hygro,Crofts South West Field,56.57950324451966,-2.7063292005198787,6acb0302006302c821c410440095,36.49,7.7,99.0,7.12,86.44,4.16,149
2025-04-09 18:04:40.189565+00:00,70B3D57ED004558D,Hygro#55:8D,Hygro,Crofts South West Field,56.57950324451966,-2.7063292005198787,6acc030200630298220410490096,36.49,7.7,99.0,6.64,87.08,4.17,150
2025-04-09 18:19:56.953474+00:00,70B3D57ED004558D,Hygro#55:8D,Hygro,Crofts South West Field,56.57950324451966,-2.7063292005198787,6acf03020062026e221410490097,36.5,7.7,98.0,6.22,87.24,4.17,151
2025-04-09 18:35:13.734530+00:00,70B3D57ED004558D,Hygro#55:8D,Hygro,Crofts South West Field,56.57950324451966,-2.7063292005198787,6ad203020062023f221910490098,36.52,7.7,98.0,5.75,87.29,4.17,152
2025-04-09 18:50:30.521768+00:00,70B3D57ED004558D,Hygro#55:8D,Hygro,Crofts South West Field,56.57950324451966,-2.7063292005198787,6ad102f8006301fe221910440099,36.51,7.6,99.0,5.1,87.29,4.16,153
2025-04-09 19:36:20.865744+00:00,70B3D57ED004558D,Hygro#55:8D,Hygro,Crofts South West Field,56.57950324451966,-2.7063292005198787,6ad202f80063010822231042009c,36.52,7.6,99.0,2.64,87.39,4.16,156
2025-04-09 19:51:37.641642+00:00,70B3D57ED004558D,Hygro#55:8D,Hygro,Crofts South West Field,56.57950324451966,-2.7063292005198787,6acd02f8006300aa222b1049009d,36.5,7.6,99.0,1.7,87.47,4.17,157
2025-04-09 20:06:54.439544+00:00,70B3D57ED004558D,Hygro#55:8D,Hygro,Crofts South West Field,56.57950324451966,-2.7063292005198787,6ad302f80063009a222e1046009e,36.52,7.6,99.0,1.54,87.5,4.17,158
2025-04-09 20:22:11.236449+00:00,70B3D57ED004558D,Hygro#55:8D,Hygro,Crofts South West Field,56.57950324451966,-2.7063292005198787,6ad202ee0063006c222c1046009f,36.52,7.5,99.0,1.08,87.48,4.17,159
2025-04-09 20:37:28.021588+00:00,70B3D57ED004558D,Hygro#55:8D,Hygro,Crofts South West Field,56.57950324451966,-2.7063292005198787,6ad902ee006300702231104900a0,36.54,7.5,99.0,1.12,87.53,4.17,160
2025-04-09 20:52:44.822699+00:00,70B3D57ED004558D,Hygro#55:8D,Hygro,Crofts South West Field,56.57950324451966,-2.7063292005198787,6ad002ee006200362213104900a1,36.51,7.5,98.0,0.54,87.23,4.17,161
2025-04-09 21:53:51.999360+00:00,70B3D57ED004558D,Hygro#55:8D,Hygro,Crofts South West Field,56.57950324451966,-2.7063292005198787,6ace02e400630019221f104400a5,36.5,7.4,99.0,0.25,87.35,4.16,165
2025-04-09 22:24:25.601733+00:00,70B3D57ED004558D,Hygro#55:8D,Hygro,Crofts South West Field,56.57950324451966,-2.7063292005198787,6ad602da0063004b221a104900a7,36.53,7.3,99.0,0.75,87.3,4.17,167
2025-04-09 22:39:42.396445+00:00,70B3D57ED004558D,Hygro#55:8D,Hygro,Crofts South West Field,56.57950324451966,-2.7063292005198787,6ad702d0006300462210104600a8,36.53,7.2,99.0,0.7,87.2,4.17,168
2025-04-09 22:54:59.182817+00:00,70B3D57ED004558D,Hygro#55:8D,Hygro,Crofts South West Field,56.57950324451966,-2.7063292005198787,6adf02d000630025221b104600a9,36.57,7.2,99.0,0.37,87.31,4.17,169
2025-04-09 23:10:15.973437+00:00,70B3D57ED004558D,Hygro#55:8D,Hygro,Crofts South West Field,56.57950324451966,-2.7063292005198787,6ad702d00063000c2234104600aa,36.53,7.2,99.0,0.12,87.56,4.17,170
2025-04-09 23:25:32.756544+00:00,70B3D57ED004558D,Hygro#55:8D,Hygro,Crofts South West Field,56.57950324451966,-2.7063292005198787,6ad602c60063fff62218104900ab,36.53,7.1,99.0,655.26,87.28,4.17,171
2025-04-09 23:40:49.552880+00:00,70B3D57ED004558D,Hygro#55:8D,Hygro,Crofts South West Field,56.57950324451966,-2.7063292005198787,6ad702c60063fff22223104600ac,36.53,7.1,99.0,655.22,87.39,4.17,172
2025-04-09 23:56:06.348615+00:00,70B3D57ED004558D,Hygro#55:8D,Hygro,Crofts South West Field,56.57950324451966,-2.7063292005198787,6add02bc00630008223f104900ad,36.56,7.0,99.0,0.08,87.67,4.17,173
2025-04-10 00:11:23.134474+00:00,70B3D57ED004558D,Hygro#55:8D,Hygro,Crofts South West Field,56.57950324451966,-2.7063292005198787,6add02bc006200142242104900ae,36.56,7.0,98.0,0.2,87.7,4.17,174
2025-04-10 00:26:39.933210+00:00,70B3D57ED004558D,Hygro#55:8D,Hygro,Crofts South West Field,56.57950324451966,-2.7063292005198787,6adb02bc0064ffe52230104400af,36.55,7.0,100.0,655.09,87.52,4.16,175
2025-04-10 00:41:56.723466+00:00,70B3D57ED004558D,Hygro#55:8D,Hygro,Crofts South West Field,56.57950324451966,-2.7063292005198787,6adb02b20063ffe52247104200b0,36.55,6.9,99.0,655.09,87.75,4.16,176
2025-04-10 00:57:13.522750+00:00,70B3D57ED004558D,Hygro#55:8D,Hygro,Crofts South West Field,56.57950324451966,-2.7063292005198787,6ad702b20063ffd5223b104600b1,36.53,6.9,99.0,654.93,87.63,4.17,177
2025-04-10 01:12:30.317873+00:00,70B3D57ED004558D,Hygro#55:8D,Hygro,Crofts South West Field,56.57950324451966,-2.7063292005198787,6adf02b20063ffd5223c104200b2,36.57,6.9,99.0,654.93,87.64,4.16,178
2025-04-10 01:27:47.116459+00:00,70B3D57ED004558D,Hygro#55:8D,Hygro,Crofts South West Field,56.57950324451966,-2.7063292005198787,6ae202b20063fff62243104600b3,36.58,6.9,99.0,655.26,87.71,4.17,179
2025-04-10 01:43:03.904036+00:00,70B3D57ED004558D,Hygro#55:8D,Hygro,Crofts South West Field,56.57950324451966,-2.7063292005198787,6ae002a8006400572247104200b4,36.57,6.8,100.0,0.87,87.75,4.16,180
2025-04-10 01:58:20.724863+00:00,70B3D57ED004558D,Hygro#55:8D,Hygro,Crofts South West Field,56.57950324451966,-2.7063292005198787,6adc02a8006300022218104400b5,36.55,6.8,99.0,0.02,87.28,4.16,181
2025-04-10 02:13:37.495271+00:00,70B3D57ED004558D,Hygro#55:8D,Hygro,Crofts South West Field,56.57950324451966,-2.7063292005198787,6ad902a80062ffce222a104400b6,36.54,6.8,98.0,654.86,87.46,4.16,182
2025-04-10 02:28:54.304995+00:00,70B3D57ED004558D,Hygro#55:8D,Hygro,Crofts South West Field,56.57950324451966,-2.7063292005198787,6ae6029e006300122251104900b7,36.59,6.7,99.0,0.18,87.85,4.17,183
2025-04-10 02:44:11.079121+00:00,70B3D57ED004558D,Hygro#55:8D,Hygro,Crofts South West Field,56.57950324451966,-2.7063292005198787,6ade029e006300532244104200b8,36.56,6.7,99.0,0.83,87.72,4.16,184
2025-04-10 03:14:44.666039+00:00,70B3D57ED004558D,Hygro#55:8D,Hygro,Crofts South West Field,56.57950324451966,-2.7063292005198787,6ae002940063ffd92246104600ba,36.57,6.6,99.0,654.97,87.74,4.17,186
2025-04-10 03:30:01.469561+00:00,70B3D57ED004558D,Hygro#55:8D,Hygro,Crofts South West Field,56.57950324451966,-2.7063292005198787,6ae302940063ffd12241104000bb,36.58,6.6,99.0,654.89,87.69,4.16,187
2025-04-10 03:45:18.270887+00:00,70B3D57ED004558D,Hygro#55:8D,Hygro,Crofts South West Field,56.57950324451966,-2.7063292005198787,6ae1029400630004224f104600bc,36.57,6.6,99.0,0.04,87.83,4.17,188
2025-04-10 04:00:35.078522+00:00,70B3D57ED004558D,Hygro#55:8D,Hygro,Crofts South West Field,56.57950324451966,-2.7063292005198787,6adf02940062ffe12235104400bd,36.57,6.6,98.0,655.05,87.57,4.16,189
2025-04-10 04:15:51.880699+00:00,70B3D57ED004558D,Hygro#55:8D,Hygro,Crofts South West Field,56.57950324451966,-2.7063292005198787,6ae0028a006300232266104400be,36.57,6.5,99.0,0.35,88.06,4.16,190
2025-04-10 04:31:08.676880+00:00,70B3D57ED004558D,Hygro#55:8D,Hygro,Crofts South West Field,56.57950324451966,-2.7063292005198787,6ae2028a006300382255104200bf,36.58,6.5,99.0,0.56,87.89,4.16,191
2025-04-10 04:46:25.473797+00:00,70B3D57ED004558D,Hygro#55:8D,Hygro,Crofts South West Field,56.57950324451966,-2.7063292005198787,6ae2028a00630064225d104400c0,36.58,6.5,99.0,1.0,87.97,4.16,192
2025-04-10 05:01:42.268799+00:00,70B3D57ED004558D,Hygro#55:8D,Hygro,Crofts South West Field,56.57950324451966,-2.7063292005198787,6aeb028a006300742264104600c1,36.61,6.5,99.0,1.16,88.04,4.17,193
2025-04-10 05:16:59.057072+00:00,70B3D57ED004558D,Hygro#55:8D,Hygro,Crofts South West Field,56.57950324451966,-2.7063292005198787,6ae8028a006300512250104400c2,36.6,6.5,99.0,0.81,87.84,4.16,194
2025-04-10 05:32:15.850685+00:00,70B3D57ED004558D,Hygro#55:8D,Hygro,Crofts South West Field,56.57950324451966,-2.7063292005198787,6ae2028000640076226c104400c3,36.58,6.4,100.0,1.18,88.12,4.16,195
2025-04-10 05:47:32.637291+00:00,70B3D57ED004558D,Hygro#55:8D,Hygro,Crofts South West Field,56.57950324451966,-2.7063292005198787,6ae70280006400e1225d104400c4,36.6,6.4,100.0,2.25,87.97,4.16,196
2025-04-10 06:02:49.414573+00:00,70B3D57ED004558D,Hygro#55:8D,Hygro,Crofts South West Field,56.57950324451966,-2.7063292005198787,6ae50280006300da225b104400c5,36.59,6.4,99.0,2.18,87.95,4.16,197
2025-04-10 06:33:22.987664+00:00,70B3D57ED004558D,Hygro#55:8D,Hygro,Crofts South West Field,56.57950324451966,-2.7063292005198787,6ae50280006201ca230f104000c7,36.59,6.4,98.0,4.58,89.75,4.16,199
2025-04-10 06:48:39.753109+00:00,70B3D57ED004558D,Hygro#55:8D,Hygro,Crofts South West Field,56.57950324451966,-2.7063292005198787,6ade0280006302452332104200c8,36.56,6.4,99.0,5.81,90.1,4.16,200
2025-04-10 12:40:04.807527+00:00,70B3D57ED004558D,Hygro#55:8D,Hygro,Crofts South West Field,56.57950324451966,-2.7063292005198787,6aac02d000630a2a2337104900df,36.37,7.2,99.0,26.02,90.15,4.17,223
2025-04-10 13:10:38.274241+00:00,70B3D57ED004558D,Hygro#55:8D,Hygro,Crofts South West Field,56.57950324451966,-2.7063292005198787,6a9e02e400640a6c2334104600e1,36.31,7.4,100.0,26.68,90.12,4.17,225
2025-04-10 13:25:55.013345+00:00,70B3D57ED004558D,Hygro#55:8D,Hygro,Crofts South West Field,56.57950324451966,-2.7063292005198787,6a9e02ee00630ab32301104600e2,36.31,7.5,99.0,27.39,89.61,4.17,226
2025-04-10 13:41:11.755347+00:00,70B3D57ED004558D,Hygro#55:8D,Hygro,Crofts South West Field,56.57950324451966,-2.7063292005198787,6aa102f800620a3c22fd104600e3,36.33,7.6,98.0,26.2,89.57,4.17,227
2025-04-10 13:56:28.480163+00:00,70B3D57ED004558D,Hygro#55:8D,Hygro,Crofts South West Field,56.57950324451966,-2.7063292005198787,6a9c030200630a792324104400e4,36.31,7.7,99.0,26.81,89.96,4.16,228
2025-04-10 14:11:45.215002+00:00,70B3D57ED004558D,Hygro#55:8D,Hygro,Crofts South West Field,56.57950324451966,-2.7063292005198787,6a90030200620ac6230a104400e5,36.26,7.7,98.0,27.58,89.7,4.16,229
2025-04-10 14:27:01.948012+00:00,70B3D57ED004558D,Hygro#55:8D,Hygro,Crofts South West Field,56.57950324451966,-2.7063292005198787,6a8f030c00620a2822ee104600e6,36.26,7.8,98.0,26.0,89.42,4.17,230
2025-04-10 14:42:18.678543+00:00,70B3D57ED004558D,Hygro#55:8D,Hygro,Crofts South West Field,56.57950324451966,-2.7063292005198787,6a91031600620a7b230d104600e7,36.26,7.9,98.0,26.83,89.73,4.17,231
2025-04-10 14:57:35.419186+00:00,70B3D57ED004558D,Hygro#55:8D,Hygro,Crofts South West Field,56.57950324451966,-2.7063292005198787,6a84032000630a602300104600e8,36.21,8.0,99.0,26.56,89.6,4.17,232
2025-04-10 15:12:52.154005+00:00,70B3D57ED004558D,Hygro#55:8D,Hygro,Crofts South West Field,56.57950324451966,-2.7063292005198787,6a80032000620ac422ef104400e9,36.2,8.0,98.0,27.56,89.43,4.16,233
2025-04-10 15:28:08.891245+00:00,70B3D57ED004558D,Hygro#55:8D,Hygro,Crofts South West Field,56.57950324451966,-2.7063292005198787,6a84032a00630aa222f2104600ea,36.21,8.1,99.0,27.22,89.46,4.17,234
2025-04-10 15:58:42.375533+00:00,70B3D57ED004558D,Hygro#55:8D,Hygro,Crofts South West Field,56.57950324451966,-2.7063292005198787,6a7803340062097f22f1104400ec,36.17,8.2,98.0,24.31,89.45,4.16,236
2025-04-10 16:29:15.845184+00:00,70B3D57ED004558D,Hygro#55:8D,Hygro,Crofts South West Field,56.57950324451966,-2.7063292005198787,6a7b033e006308e72233104600ee,36.18,8.3,99.0,22.79,87.55,4.17,238
2025-04-10 17:15:06.059115+00:00,70B3D57ED004558D,Hygro#55:8D,Hygro,Crofts South West Field,56.57950324451966,-2.7063292005198787,6a7203470062071021fa104400f1,36.14,8.39,98.0,18.08,86.98,4.16,241
2025-04-10 17:30:22.797357+00:00,70B3D57ED004558D,Hygro#55:8D,Hygro,Crofts South West Field,56.57950324451966,-2.7063292005198787,6a780352006206cf2200104400f2,36.17,8.5,98.0,17.43,87.04,4.16,242
2025-04-10 17:45:39.550730+00:00,70B3D57ED004558D,Hygro#55:8D,Hygro,Crofts South West Field,56.57950324451966,-2.7063292005198787,6a6f0352006206802216104600f3,36.13,8.5,98.0,16.64,87.26,4.17,243
2025-04-10 18:00:56.292244+00:00,70B3D57ED004558D,Hygro#55:8D,Hygro,Crofts South West Field,56.57950324451966,-2.7063292005198787,6a6f035200630640220a104400f4,36.13,8.5,99.0,16.0,87.14,4.16,244
2025-04-10 18:16:13.037160+00:00,70B3D57ED004558D,Hygro#55:8D,Hygro,Crofts South West Field,56.57950324451966,-2.7063292005198787,6a6d0352006305f7220c104600f5,36.12,8.5,99.0,15.27,87.16,4.17,245
2025-04-10 18:31:29.799491+00:00,70B3D57ED004558D,Hygro#55:8D,Hygro,Crofts South West Field,56.57950324451966,-2.7063292005198787,6a6a0352006305b4221d104600f6,36.11,8.5,99.0,14.6,87.33,4.17,246
2025-04-10 18:46:46.547563+00:00,70B3D57ED004558D,Hygro#55:8D,Hygro,Crofts South West Field,56.57950324451966,-2.7063292005198787,6a6903520063057e2213104400f7,36.11,8.5,99.0,14.06,87.23,4.16,247
2025-04-10 19:02:03.295581+00:00,70B3D57ED004558D,Hygro#55:8D,Hygro,Crofts South West Field,56.57950324451966,-2.7063292005198787,6a6d0352006305262202104400f8,36.12,8.5,99.0,13.18,87.06,4.16,248
2025-04-10 19:17:20.052224+00:00,70B3D57ED004558D,Hygro#55:8D,Hygro,Crofts South West Field,56.57950324451966,-2.7063292005198787,6a630352006504b421f5104200f9,36.08,8.5,101.0,12.04,86.93,4.16,249
2025-04-10 19:32:36.794192+00:00,70B3D57ED004558D,Hygro#55:8D,Hygro,Crofts South West Field,56.57950324451966,-2.7063292005198787,6a6403520063047121e9104400fa,36.09,8.5,99.0,11.37,86.81,4.16,250
2025-04-10 19:47:53.560315+00:00,70B3D57ED004558D,Hygro#55:8D,Hygro,Crofts South West Field,56.57950324451966,-2.7063292005198787,6a630352006304392223104900fb,36.08,8.5,99.0,10.81,87.39,4.17,251
2025-04-10 20:03:10.321534+00:00,70B3D57ED004558D,Hygro#55:8D,Hygro,Crofts South West Field,56.57950324451966,-2.7063292005198787,6a670352006404452211104200fc,36.1,8.5,100.0,10.93,87.21,4.16,252
2025-04-10 20:18:27.076481+00:00,70B3D57ED004558D,Hygro#55:8D,Hygro,Crofts South West Field,56.57950324451966,-2.7063292005198787,6a6403470063043921d2104400fd,36.09,8.39,99.0,10.81,86.58,4.16,253
2025-04-10 20:33:43.837215+00:00,70B3D57ED004558D,Hygro#55:8D,Hygro,Crofts South West Field,56.57950324451966,-2.7063292005198787,6a6303470062043021c4104900fe,36.08,8.39,98.0,10.72,86.44,4.17,254
2025-04-10 20:49:00.594820+00:00,70B3D57ED004558D,Hygro#55:8D,Hygro,Crofts South West Field,56.57950324451966,-2.7063292005198787,6a6e0347006103f821de104400ff,36.13,8.39,97.0,10.16,86.7,4.16,255
2025-04-10 21:04:17.352149+00:00,70B3D57ED004558D,Hygro#55:8D,Hygro,Crofts South West Field,56.57950324451966,-2.7063292005198787,6a6d03470062040521de10460000,36.12,8.39,98.0,10.29,86.7,4.17,0
2025-04-10 21:19:34.119607+00:00,70B3D57ED004558D,Hygro#55:8D,Hygro,Crofts South West Field,56.57950324451966,-2.7063292005198787,6a620347006203f621e610460001,36.08,8.39,98.0,10.14,86.78,4.17,1
2025-04-10 21:34:50.879732+00:00,70B3D57ED004558D,Hygro#55:8D,Hygro,Crofts South West Field,56.57950324451966,-2.7063292005198787,6a66033e0063040f21e110460002,36.1,8.3,99.0,10.39,86.73,4.17,2
2025-04-10 21:50:07.636382+00:00,70B3D57ED004558D,Hygro#55:8D,Hygro,Crofts South West Field,56.57950324451966,-2.7063292005198787,6a6e033e006303d321cd10420003,36.13,8.3,99.0,9.79,86.53,4.16,3
2025-04-10 22:05:24.400664+00:00,70B3D57ED004558D,Hygro#55:8D,Hygro,Crofts South West Field,56.57950324451966,-2.7063292005198787,6a65033e006303f021fc10460004,36.09,8.3,99.0,10.08,87.0,4.17,4
2025-04-10 22:20:41.158203+00:00,70B3D57ED004558D,Hygro#55:8D,Hygro,Crofts South West Field,56.57950324451966,-2.7063292005198787,6a67033e0063040121f310460005,36.1,8.3,99.0,10.25,86.91,4.17,5
2025-04-10 22:35:57.925862+00:00,70B3D57ED004558D,Hygro#55:8D,Hygro,Crofts South West Field,56.57950324451966,-2.7063292005198787,6a6b03340063040b21eb10440006,36.12,8.2,99.0,10.35,86.83,4.16,6
2025-04-10 22:51:14.685450+00:00,70B3D57ED004558D,Hygro#55:8D,Hygro,Crofts South West Field,56.57950324451966,-2.7063292005198787,6a6503340063041321ea10420007,36.09,8.2,99.0,10.43,86.82,4.16,7
2025-04-10 23:21:48.211269+00:00,70B3D57ED004558D,Hygro#55:8D,Hygro,Crofts South West Field,56.57950324451966,-2.7063292005198787,6a6d0334006303f021ed10440009,36.12,8.2,99.0,10.08,86.85,4.16,9
2025-04-10 23:37:04.980526+00:00,70B3D57ED004558D,Hygro#55:8D,Hygro,Crofts South West Field,56.57950324451966,-2.7063292005198787,6a620334006403cf21f01042000a,36.08,8.2,100.0,9.75,86.88,4.16,10
2025-04-10 23:52:21.747999+00:00,70B3D57ED004558D,Hygro#55:8D,Hygro,Crofts South West Field,56.57950324451966,-2.7063292005198787,6a68032a006203db21ed1042000b,36.1,8.1,98.0,9.87,86.85,4.16,11
2025-04-11 00:07:38.512523+00:00,70B3D57ED004558D,Hygro#55:8D,Hygro,Crofts South West Field,56.57950324451966,-2.7063292005198787,6a67032a006303c221e21044000c,36.1,8.1,99.0,9.62,86.74,4.16,12
2025-04-11 00:22:55.271704+00:00,70B3D57ED004558D,Hygro#55:8D,Hygro,Crofts South West Field,56.57950324451966,-2.7063292005198787,6a6f032a006203af21ee1042000d,36.13,8.1,98.0,9.43,86.86,4.16,13
2025-04-11 00:38:12.041470+00:00,70B3D57ED004558D,Hygro#55:8D,Hygro,Crofts South West Field,56.57950324451966,-2.7063292005198787,6a64032a006303a121ec1042000e,36.09,8.1,99.0,9.29,86.84,4.16,14
2025-04-11 00:53:28.801269+00:00,70B3D57ED004558D,Hygro#55:8D,Hygro,Crofts South West Field,56.57950324451966,-2.7063292005198787,6a6d032a0063036d21f41044000f,36.12,8.1,99.0,8.77,86.92,4.16,15
2025-04-11 01:24:02.344102+00:00,70B3D57ED004558D,Hygro#55:8D,Hygro,Crofts South West Field,56.57950324451966,-2.7063292005198787,6a6a03200064036421ee10400011,36.11,8.0,100.0,8.68,86.86,4.16,17
2025-04-11 01:39:19.114259+00:00,70B3D57ED004558D,Hygro#55:8D,Hygro,Crofts South West Field,56.57950324451966,-2.7063292005198787,6a6303200063034721f110440012,36.08,8.0,99.0,8.39,86.89,4.16,18
2025-04-11 01:54:35.886578+00:00,70B3D57ED004558D,Hygro#55:8D,Hygro,Crofts South West Field,56.57950324451966,-2.7063292005198787,6a6603200063035221fa10420013,36.1,8.0,99.0,8.5,86.98,4.16,19
2025-04-11 02:09:52.643838+00:00,70B3D57ED004558D,Hygro#55:8D,Hygro,Crofts South West Field,56.57950324451966,-2.7063292005198787,6a6703200063035221eb10420014,36.1,8.0,99.0,8.5,86.83,4.16,20
2025-04-11 02:25:09.407687+00:00,70B3D57ED004558D,Hygro#55:8D,Hygro,Crofts South West Field,56.57950324451966,-2.7063292005198787,6a6d03200063033421f310440015,36.12,8.0,99.0,8.2,86.91,4.16,21
2025-04-11 02:40:26.178890+00:00,70B3D57ED004558D,Hygro#55:8D,Hygro,Crofts South West Field,56.57950324451966,-2.7063292005198787,6a6b03200063033b220210440016,36.12,8.0,99.0,8.27,87.06,4.16,22
2025-04-11 03:41:33.243722+00:00,70B3D57ED004558D,Hygro#55:8D,Hygro,Crofts South West Field,56.57950324451966,-2.7063292005198787,6a6b03160063039021f81044001a,36.12,7.9,99.0,9.12,86.96,4.16,26
2025-04-11 05:59:04.154938+00:00,70B3D57ED004558D,Hygro#55:8D,Hygro,Crofts South West Field,56.57950324451966,-2.7063292005198787,6a66030c0063034521fc10420023,36.1,7.8,99.0,8.37,87.0,4.16,35
2025-04-11 06:44:54.444363+00:00,70B3D57ED004558D,Hygro#55:8D,Hygro,Crofts South West Field,56.57950324451966,-2.7063292005198787,6a620302006303b321e5103e0026,36.08,7.7,99.0,9.47,86.77,4.16,38
2025-04-11 08:01:18.282559+00:00,70B3D57ED004558D,Hygro#55:8D,Hygro,Crofts South West Field,56.57950324451966,-2.7063292005198787,6a6d03020063043f22421042002b,36.12,7.7,99.0,10.87,87.7,4.16,43
2025-04-11 08:16:35.030988+00:00,70B3D57ED004558D,Hygro#55:8D,Hygro,Crofts South West Field,56.57950324451966,-2.7063292005198787,6a6e0302006204db2263104f002c,36.13,7.7,98.0,12.43,88.03,4.17,44
2025-04-11 08:31:51.786825+00:00,70B3D57ED004558D,Hygro#55:8D,Hygro,Crofts South West Field,56.57950324451966,-2.7063292005198787,6a6a03020062055f221d1054002d,36.11,7.7,98.0,13.75,87.33,4.18,45
2025-04-11 08:47:08.526898+00:00,70B3D57ED004558D,Hygro#55:8D,Hygro,Crofts South West Field,56.57950324451966,-2.7063292005198787,6a5e0302006204db2234104d002e,36.07,7.7,98.0,12.43,87.56,4.17,46
2025-04-11 09:02:25.284523+00:00,70B3D57ED004558D,Hygro#55:8D,Hygro,Crofts South West Field,56.57950324451966,-2.7063292005198787,6a6503020062055222931056002f,36.09,7.7,98.0,13.62,88.51,4.18,47
2025-04-11 09:17:42.030686+00:00,70B3D57ED004558D,Hygro#55:8D,Hygro,Crofts South West Field,56.57950324451966,-2.7063292005198787,6a640302006206dc220d10460030,36.09,7.7,98.0,17.56,87.17,4.17,48
2025-04-11 09:32:58.778002+00:00,70B3D57ED004558D,Hygro#55:8D,Hygro,Crofts South West Field,56.57950324451966,-2.7063292005198787,6a5c030200620755220d10490031,36.06,7.7,98.0,18.77,87.17,4.17,49
2025-04-11 09:48:15.519720+00:00,70B3D57ED004558D,Hygro#55:8D,Hygro,Crofts South West Field,56.57950324451966,-2.7063292005198787,6a5d0302006207a42236104b0032,36.06,7.7,98.0,19.56,87.58,4.17,50
2025-04-11 10:03:32.264872+00:00,70B3D57ED004558D,Hygro#55:8D,Hygro,Crofts South West Field,56.57950324451966,-2.7063292005198787,6a57030200620672229a10490033,36.04,7.7,98.0,16.5,88.58,4.17,51
2025-04-11 10:18:49.010532+00:00,70B3D57ED004558D,Hygro#55:8D,Hygro,Crofts South West Field,56.57950324451966,-2.7063292005198787,6a55030c0062064e2302104b0034,36.03,7.8,98.0,16.14,89.62,4.17,52
2025-04-11 10:34:05.755922+00:00,70B3D57ED004558D,Hygro#55:8D,Hygro,Crofts South West Field,56.57950324451966,-2.7063292005198787,6a50030c006207872302104b0035,36.01,7.8,98.0,19.27,89.62,4.17,53
2025-04-11 10:49:22.486653+00:00,70B3D57ED004558D,Hygro#55:8D,Hygro,Crofts South West Field,56.57950324451966,-2.7063292005198787,6a54030c0063083822ce104b0036,36.03,7.8,99.0,21.04,89.1,4.17,54
2025-04-11 11:04:39.229994+00:00,70B3D57ED004558D,Hygro#55:8D,Hygro,Crofts South West Field,56.57950324451966,-2.7063292005198787,6a4b031600630960227a10460037,35.99,7.9,99.0,24.0,88.26,4.17,55
2025-04-11 11:19:55.966867+00:00,70B3D57ED004558D,Hygro#55:8D,Hygro,Crofts South West Field,56.57950324451966,-2.7063292005198787,6a4703160062098b228310490038,35.98,7.9,98.0,24.43,88.35,4.17,56
2025-04-11 11:35:12.697191+00:00,70B3D57ED004558D,Hygro#55:8D,Hygro,Crofts South West Field,56.57950324451966,-2.7063292005198787,6a490320006209d422d510460039,35.98,8.0,98.0,25.16,89.17,4.17,57
2025-04-11 12:21:02.908681+00:00,70B3D57ED004558D,Hygro#55:8D,Hygro,Crofts South West Field,56.57950324451966,-2.7063292005198787,6a3c032a0063097222731046003c,35.93,8.1,99.0,24.18,88.19,4.17,60
2025-04-11 12:51:36.382876+00:00,70B3D57ED004558D,Hygro#55:8D,Hygro,Crofts South West Field,56.57950324451966,-2.7063292005198787,6a370334006209c422931042003e,35.91,8.2,98.0,25.0,88.51,4.16,62
2025-04-11 13:06:53.121207+00:00,70B3D57ED004558D,Hygro#55:8D,Hygro,Crofts South West Field,56.57950324451966,-2.7063292005198787,6a2c033e00610b4f22311044003f,35.87,8.3,97.0,28.95,87.53,4.16,63
2025-04-11 13:37:26.582514+00:00,70B3D57ED004558D,Hygro#55:8D,Hygro,Crofts South West Field,56.57950324451966,-2.7063292005198787,6a23034700620af4225a10440041,35.84,8.39,98.0,28.04,87.94,4.16,65
2025-04-11 13:52:43.324995+00:00,70B3D57ED004558D,Hygro#55:8D,Hygro,Crofts South West Field,56.57950324451966,-2.7063292005198787,6a1e0352006209f1222b10460042,35.82,8.5,98.0,25.45,87.47,4.17,66
2025-04-11 14:08:00.062957+00:00,70B3D57ED004558D,Hygro#55:8D,Hygro,Crofts South West Field,56.57950324451966,-2.7063292005198787,6a1f035c0063099e224d10440043,35.82,8.6,99.0,24.62,87.81,4.16,67
2025-04-11 14:23:16.785130+00:00,70B3D57ED004558D,Hygro#55:8D,Hygro,Crofts South West Field,56.57950324451966,-2.7063292005198787,6a17036600610ae3222310460044,35.79,8.7,97.0,27.87,87.39,4.17,68
2025-04-11 14:38:33.530470+00:00,70B3D57ED004558D,Hygro#55:8D,Hygro,Crofts South West Field,56.57950324451966,-2.7063292005198787,6a1b036600620968220410440045,35.81,8.7,98.0,24.08,87.08,4.16,69
2025-04-11 14:53:50.267019+00:00,70B3D57ED004558D,Hygro#55:8D,Hygro,Crofts South West Field,56.57950324451966,-2.7063292005198787,6a110370006209e9221a10460046,35.77,8.8,98.0,25.37,87.3,4.17,70
2025-04-11 15:09:07.001135+00:00,70B3D57ED004558D,Hygro#55:8D,Hygro,Crofts South West Field,56.57950324451966,-2.7063292005198787,6a0c037900630970221910440047,35.75,8.89,99.0,24.16,87.29,4.16,71
2025-04-11 15:24:23.746472+00:00,70B3D57ED004558D,Hygro#55:8D,Hygro,Crofts South West Field,56.57950324451966,-2.7063292005198787,6a110379006209ef220310490048,35.77,8.89,98.0,25.43,87.07,4.17,72
2025-04-11 15:39:40.477813+00:00,70B3D57ED004558D,Hygro#55:8D,Hygro,Crofts South West Field,56.57950324451966,-2.7063292005198787,6a060384006209e321c310460049,35.72,9.0,98.0,25.31,86.43,4.17,73
2025-04-11 15:54:57.214458+00:00,70B3D57ED004558D,Hygro#55:8D,Hygro,Crofts South West Field,56.57950324451966,-2.7063292005198787,6a0503840061091221d51046004a,35.72,9.0,97.0,23.22,86.61,4.17,74
2025-04-11 16:10:13.954275+00:00,70B3D57ED004558D,Hygro#55:8D,Hygro,Crofts South West Field,56.57950324451966,-2.7063292005198787,6a00038e006207c521bc1044004b,35.7,9.1,98.0,19.89,86.36,4.16,75
2025-04-11 16:25:30.703761+00:00,70B3D57ED004558D,Hygro#55:8D,Hygro,Crofts South West Field,56.57950324451966,-2.7063292005198787,6a00038e006207e621861046004c,35.7,9.1,98.0,20.22,85.82,4.17,76
2025-04-11 16:40:47.429033+00:00,70B3D57ED004558D,Hygro#55:8D,Hygro,Crofts South West Field,56.57950324451966,-2.7063292005198787,69fa038e0062087c21281042004d,35.68,9.1,98.0,21.72,84.88,4.16,77
2025-04-11 16:56:04.170218+00:00,70B3D57ED004558D,Hygro#55:8D,Hygro,Crofts South West Field,56.57950324451966,-2.7063292005198787,69f90398006208a420651042004e,35.67,9.2,98.0,22.12,82.93,4.16,78
2025-04-11 17:11:20.914908+00:00,70B3D57ED004558D,Hygro#55:8D,Hygro,Crofts South West Field,56.57950324451966,-2.7063292005198787,69f50398006207f520901044004f,35.66,9.2,98.0,20.37,83.36,4.16,79
2025-04-11 17:26:37.663944+00:00,70B3D57ED004558D,Hygro#55:8D,Hygro,Crofts South West Field,56.57950324451966,-2.7063292005198787,69f70398006207c7201810490050,35.67,9.2,98.0,19.91,82.16,4.17,80
2025-04-11 17:41:54.403477+00:00,70B3D57ED004558D,Hygro#55:8D,Hygro,Crofts South West Field,56.57950324451966,-2.7063292005198787,69f40398006206cf20de10440051,35.65,9.2,98.0,17.43,84.14,4.16,81
2025-04-11 17:57:11.145510+00:00,70B3D57ED004558D,Hygro#55:8D,Hygro,Crofts South West Field,56.57950324451966,-2.7063292005198787,69f403980061065b211010420052,35.65,9.2,97.0,16.27,84.64,4.16,82
2025-04-11 18:12:27.894924+00:00,70B3D57ED004558D,Hygro#55:8D,Hygro,Crofts South West Field,56.57950324451966,-2.7063292005198787,69fc03a2006205f5211210420053,35.69,9.3,98.0,15.25,84.66,4.16,83
2025-04-11 18:27:44.646062+00:00,70B3D57ED004558D,Hygro#55:8D,Hygro,Crofts South West Field,56.57950324451966,-2.7063292005198787,69f303a20062059f212110460054,35.65,9.3,98.0,14.39,84.81,4.17,84
2025-04-11 18:43:01.401741+00:00,70B3D57ED004558D,Hygro#55:8D,Hygro,Crofts South West Field,56.57950324451966,-2.7063292005198787,69f6039800620539212510440055,35.66,9.2,98.0,13.37,84.85,4.16,85
2025-04-11 18:58:18.145984+00:00,70B3D57ED004558D,Hygro#55:8D,Hygro,Crofts South West Field,56.57950324451966,-2.7063292005198787,69f10398006104f4212d10490056,35.64,9.2,97.0,12.68,84.93,4.17,86
2025-04-11 19:13:34.909836+00:00,70B3D57ED004558D,Hygro#55:8D,Hygro,Crofts South West Field,56.57950324451966,-2.7063292005198787,69eb0398006204a1213010490057,35.62,9.2,98.0,11.85,84.96,4.17,87
2025-04-11 19:28:51.660209+00:00,70B3D57ED004558D,Hygro#55:8D,Hygro,Crofts South West Field,56.57950324451966,-2.7063292005198787,69f2039800620439212010460058,35.65,9.2,98.0,10.81,84.8,4.17,88
2025-04-11 19:44:08.416615+00:00,70B3D57ED004558D,Hygro#55:8D,Hygro,Crofts South West Field,56.57950324451966,-2.7063292005198787,69f30398006203ea213410460059,35.65,9.2,98.0,10.02,85.0,4.17,89
2025-04-11 19:59:25.169235+00:00,70B3D57ED004558D,Hygro#55:8D,Hygro,Crofts South West Field,56.57950324451966,-2.7063292005198787,69f00398006203f821211044005a,35.64,9.2,98.0,10.16,84.81,4.16,90
2025-04-11 20:14:41.937181+00:00,70B3D57ED004558D,Hygro#55:8D,Hygro,Crofts South West Field,56.57950324451966,-2.7063292005198787,69f40398006203c620ec1044005b,35.65,9.2,98.0,9.66,84.28,4.16,91
2025-04-11 20:29:58.694536+00:00,70B3D57ED004558D,Hygro#55:8D,Hygro,Crofts South West Field,56.57950324451966,-2.7063292005198787,69f3038e0062033b211d1044005c,35.65,9.1,98.0,8.27,84.77,4.16,92
2025-04-11 20:45:15.457630+00:00,70B3D57ED004558D,Hygro#55:8D,Hygro,Crofts South West Field,56.57950324451966,-2.7063292005198787,69ed038e006202ce210d1044005d,35.63,9.1,98.0,7.18,84.61,4.16,93
2025-04-11 21:00:32.228438+00:00,70B3D57ED004558D,Hygro#55:8D,Hygro,Crofts South West Field,56.57950324451966,-2.7063292005198787,69f6038e0062030021321049005e,35.66,9.1,98.0,7.68,84.98,4.17,94
2025-04-11 21:15:49.002670+00:00,70B3D57ED004558D,Hygro#55:8D,Hygro,Crofts South West Field,56.57950324451966,-2.7063292005198787,69f10384006202be210e1044005f,35.64,9.0,98.0,7.02,84.62,4.16,95
2025-04-11 21:31:05.774065+00:00,70B3D57ED004558D,Hygro#55:8D,Hygro,Crofts South West Field,56.57950324451966,-2.7063292005198787,69ee03840062023820ec10420060,35.63,9.0,98.0,5.68,84.28,4.16,96
2025-04-11 21:46:22.555349+00:00,70B3D57ED004558D,Hygro#55:8D,Hygro,Crofts South West Field,56.57950324451966,-2.7063292005198787,69f7038400620232212810490061,35.67,9.0,98.0,5.62,84.88,4.17,97
2025-04-11 22:01:39.328860+00:00,70B3D57ED004558D,Hygro#55:8D,Hygro,Crofts South West Field,56.57950324451966,-2.7063292005198787,69f503840062023220f710440062,35.66,9.0,98.0,5.62,84.39,4.16,98
2025-04-11 22:16:56.103444+00:00,70B3D57ED004558D,Hygro#55:8D,Hygro,Crofts South West Field,56.57950324451966,-2.7063292005198787,69f90379006301d020ed10460063,35.67,8.89,99.0,4.64,84.29,4.17,99
2025-04-11 22:32:12.885303+00:00,70B3D57ED004558D,Hygro#55:8D,Hygro,Crofts South West Field,56.57950324451966,-2.7063292005198787,69f00379006201a620fe10440064,35.64,8.89,98.0,4.22,84.46,4.16,100
2025-04-11 22:47:29.661175+00:00,70B3D57ED004558D,Hygro#55:8D,Hygro,Crofts South West Field,56.57950324451966,-2.7063292005198787,69f703700062017d20ed10490065,35.67,8.8,98.0,3.81,84.29,4.17,101
2025-04-11 23:02:46.446340+00:00,70B3D57ED004558D,Hygro#55:8D,Hygro,Crofts South West Field,56.57950324451966,-2.7063292005198787,69f303700062018120cc10440066,35.65,8.8,98.0,3.85,83.96,4.16,102
2025-04-11 23:18:03.223088+00:00,70B3D57ED004558D,Hygro#55:8D,Hygro,Crofts South West Field,56.57950324451966,-2.7063292005198787,69f503700062015920d910490067,35.66,8.8,98.0,3.45,84.09,4.17,103
2025-04-11 23:33:20.008083+00:00,70B3D57ED004558D,Hygro#55:8D,Hygro,Crofts South West Field,56.57950324451966,-2.7063292005198787,69f203660063011720e310460068,35.65,8.7,99.0,2.79,84.19,4.17,104
2025-04-12 00:03:53.585056+00:00,70B3D57ED004558D,Hygro#55:8D,Hygro,Crofts South West Field,56.57950324451966,-2.7063292005198787,69fb035c006500c520ef1044006a,35.68,8.6,101.0,1.97,84.31,4.16,106
2025-04-12 00:19:10.379372+00:00,70B3D57ED004558D,Hygro#55:8D,Hygro,Crofts South West Field,56.57950324451966,-2.7063292005198787,69fd035c006300f320e71044006b,35.69,8.6,99.0,2.43,84.23,4.16,107
2025-04-12 00:34:27.193397+00:00,70B3D57ED004558D,Hygro#55:8D,Hygro,Crofts South West Field,56.57950324451966,-2.7063292005198787,69ff03520063010220e31046006c,35.7,8.5,99.0,2.58,84.19,4.17,108
2025-04-12 00:49:43.936413+00:00,70B3D57ED004558D,Hygro#55:8D,Hygro,Crofts South West Field,56.57950324451966,-2.7063292005198787,6a0003520062013a20eb1044006d,35.7,8.5,98.0,3.14,84.27,4.16,109
2025-04-12 01:05:00.715052+00:00,70B3D57ED004558D,Hygro#55:8D,Hygro,Crofts South West Field,56.57950324451966,-2.7063292005198787,6a0103470063014520da1046006e,35.7,8.39,99.0,3.25,84.1,4.17,110
2025-04-12 01:20:17.495536+00:00,70B3D57ED004558D,Hygro#55:8D,Hygro,Crofts South West Field,56.57950324451966,-2.7063292005198787,69fa0347006300fa20c11049006f,35.68,8.39,99.0,2.5,83.85,4.17,111
2025-04-12 01:35:34.291809+00:00,70B3D57ED004558D,Hygro#55:8D,Hygro,Crofts South West Field,56.57950324451966,-2.7063292005198787,6a070347006200f320d910440070,35.73,8.39,98.0,2.43,84.09,4.16,112
2025-04-12 01:50:51.072109+00:00,70B3D57ED004558D,Hygro#55:8D,Hygro,Crofts South West Field,56.57950324451966,-2.7063292005198787,6a01033e0062013020fb10420071,35.7,8.3,98.0,3.04,84.43,4.16,113
2025-04-12 02:06:07.856898+00:00,70B3D57ED004558D,Hygro#55:8D,Hygro,Crofts South West Field,56.57950324451966,-2.7063292005198787,6a06033e0063011920cc10440072,35.72,8.3,99.0,2.81,83.96,4.16,114
2025-04-12 02:21:24.652558+00:00,70B3D57ED004558D,Hygro#55:8D,Hygro,Crofts South West Field,56.57950324451966,-2.7063292005198787,6a0803340062015120e810440073,35.73,8.2,98.0,3.37,84.24,4.16,115
2025-04-12 02:36:41.431061+00:00,70B3D57ED004558D,Hygro#55:8D,Hygro,Crofts South West Field,56.57950324451966,-2.7063292005198787,6a0503340063010a20d610420074,35.72,8.2,99.0,2.66,84.06,4.16,116
2025-04-12 02:51:58.225447+00:00,70B3D57ED004558D,Hygro#55:8D,Hygro,Crofts South West Field,56.57950324451966,-2.7063292005198787,69ff0334006200bf20cb10420075,35.7,8.2,98.0,1.91,83.95,4.16,117
2025-04-12 03:22:31.957527+00:00,70B3D57ED004558D,Hygro#55:8D,Hygro,Crofts South West Field,56.57950324451966,-2.7063292005198787,6a09032a0063005120f710460077,35.74,8.1,99.0,0.81,84.39,4.17,119
2025-04-12 03:37:48.580744+00:00,70B3D57ED004558D,Hygro#55:8D,Hygro,Crofts South West Field,56.57950324451966,-2.7063292005198787,6a07032a0062001220f210440078,35.73,8.1,98.0,0.18,84.34,4.16,120
2025-04-12 03:53:05.374540+00:00,70B3D57ED004558D,Hygro#55:8D,Hygro,Crofts South West Field,56.57950324451966,-2.7063292005198787,6a0003200062002b210010440079,35.7,8.0,98.0,0.43,84.48,4.16,121
2025-04-12 04:08:22.165040+00:00,70B3D57ED004558D,Hygro#55:8D,Hygro,Crofts South West Field,56.57950324451966,-2.7063292005198787,69ff03200062fff420d51046007a,35.7,8.0,98.0,655.24,84.05,4.17,122
2025-04-12 04:23:38.972231+00:00,70B3D57ED004558D,Hygro#55:8D,Hygro,Crofts South West Field,56.57950324451966,-2.7063292005198787,6a0203200062fffa20de1046007b,35.71,8.0,98.0,655.3,84.14,4.17,123
2025-04-12 04:38:55.762260+00:00,70B3D57ED004558D,Hygro#55:8D,Hygro,Crofts South West Field,56.57950324451966,-2.7063292005198787,6a0003160062fff220e01044007c,35.7,7.9,98.0,655.22,84.16,4.16,124
2025-04-12 04:54:12.562362+00:00,70B3D57ED004558D,Hygro#55:8D,Hygro,Crofts South West Field,56.57950324451966,-2.7063292005198787,6a0d03160062ffca20e41044007d,35.75,7.9,98.0,654.82,84.2,4.16,125
2025-04-12 05:09:29.368075+00:00,70B3D57ED004558D,Hygro#55:8D,Hygro,Crofts South West Field,56.57950324451966,-2.7063292005198787,6a0203160062ffa520f01046007e,35.71,7.9,98.0,654.45,84.32,4.17,126
2025-04-12 05:24:46.153671+00:00,70B3D57ED004558D,Hygro#55:8D,Hygro,Crofts South West Field,56.57950324451966,-2.7063292005198787,6a0b030c0062000c211b1044007f,35.74,7.8,98.0,0.12,84.75,4.16,127
2025-04-12 05:40:02.943696+00:00,70B3D57ED004558D,Hygro#55:8D,Hygro,Crofts South West Field,56.57950324451966,-2.7063292005198787,6a01030c0063002920ed10460080,35.7,7.8,99.0,0.41,84.29,4.17,128
2025-04-12 05:55:19.729962+00:00,70B3D57ED004558D,Hygro#55:8D,Hygro,Crofts South West Field,56.57950324451966,-2.7063292005198787,6a0d030a006200b7212110420081,35.75,7.78,98.0,1.83,84.81,4.16,129
2025-04-12 06:10:36.522156+00:00,70B3D57ED004558D,Hygro#55:8D,Hygro,Crofts South West Field,56.57950324451966,-2.7063292005198787,6a0c030200620164218610400082,35.75,7.7,98.0,3.56,85.82,4.16,130
2025-04-12 06:25:53.271858+00:00,70B3D57ED004558D,Hygro#55:8D,Hygro,Crofts South West Field,56.57950324451966,-2.7063292005198787,6a0903020061023221de10400083,35.74,7.7,97.0,5.62,86.7,4.16,131
2025-04-12 06:41:10.037350+00:00,70B3D57ED004558D,Hygro#55:8D,Hygro,Crofts South West Field,56.57950324451966,-2.7063292005198787,6a0f0302006102fc21fc10400084,35.76,7.7,97.0,7.64,87.0,4.16,132
2025-04-12 06:56:26.785280+00:00,70B3D57ED004558D,Hygro#55:8D,Hygro,Crofts South West Field,56.57950324451966,-2.7063292005198787,6a0402f8006203ad220710400085,35.72,7.6,98.0,9.41,87.11,4.16,133
2025-04-12 07:11:43.535949+00:00,70B3D57ED004558D,Hygro#55:8D,Hygro,Crofts South West Field,56.57950324451966,-2.7063292005198787,6a0702f8006204472228103e0086,35.73,7.6,98.0,10.95,87.44,4.16,134
2025-04-12 07:27:00.278088+00:00,70B3D57ED004558D,Hygro#55:8D,Hygro,Crofts South West Field,56.57950324451966,-2.7063292005198787,6a0a02f80062052621ea10420087,35.74,7.6,98.0,13.18,86.82,4.16,135
2025-04-12 07:42:17.025123+00:00,70B3D57ED004558D,Hygro#55:8D,Hygro,Crofts South West Field,56.57950324451966,-2.7063292005198787,6a0d02f80062059521b4103e0088,35.75,7.6,98.0,14.29,86.28,4.16,136
2025-04-12 07:57:33.765957+00:00,70B3D57ED004558D,Hygro#55:8D,Hygro,Crofts South West Field,56.57950324451966,-2.7063292005198787,6a0802f80063057821f210400089,35.73,7.6,99.0,14.0,86.9,4.16,137
2025-04-12 08:12:50.520483+00:00,70B3D57ED004558D,Hygro#55:8D,Hygro,Crofts South West Field,56.57950324451966,-2.7063292005198787,6a0902ee0062053922881049008a,35.74,7.5,98.0,13.37,88.4,4.17,138
2025-04-12 08:28:07.276271+00:00,70B3D57ED004558D,Hygro#55:8D,Hygro,Crofts South West Field,56.57950324451966,-2.7063292005198787,6a0602ee006305b422081051008b,35.72,7.5,99.0,14.6,87.12,4.18,139
2025-04-12 08:43:24.022172+00:00,70B3D57ED004558D,Hygro#55:8D,Hygro,Crofts South West Field,56.57950324451966,-2.7063292005198787,6a0702f800610644217a1051008c,35.73,7.6,97.0,16.04,85.7,4.18,140
2025-04-12 08:58:40.759519+00:00,70B3D57ED004558D,Hygro#55:8D,Hygro,Crofts South West Field,56.57950324451966,-2.7063292005198787,6a0302f80061067e21771054008d,35.71,7.6,97.0,16.62,85.67,4.18,141
2025-04-12 09:13:57.506667+00:00,70B3D57ED004558D,Hygro#55:8D,Hygro,Crofts South West Field,56.57950324451966,-2.7063292005198787,6a0202f80061072b20ab104b008e,35.71,7.6,97.0,18.35,83.63,4.17,142
2025-04-12 09:29:14.244860+00:00,70B3D57ED004558D,Hygro#55:8D,Hygro,Crofts South West Field,56.57950324451966,-2.7063292005198787,69fd02f80061079e20b21046008f,35.69,7.6,97.0,19.5,83.7,4.17,143
2025-04-12 09:44:30.989728+00:00,70B3D57ED004558D,Hygro#55:8D,Hygro,Crofts South West Field,56.57950324451966,-2.7063292005198787,69fb02f80061083a20d610460090,35.68,7.6,97.0,21.06,84.06,4.17,144
2025-04-12 09:59:47.716168+00:00,70B3D57ED004558D,Hygro#55:8D,Hygro,Crofts South West Field,56.57950324451966,-2.7063292005198787,69fa0302006007972182104b0091,35.68,7.7,96.0,19.43,85.78,4.17,145
2025-04-12 10:15:04.449257+00:00,70B3D57ED004558D,Hygro#55:8D,Hygro,Crofts South West Field,56.57950324451966,-2.7063292005198787,69fa030200610878216710460092,35.68,7.7,97.0,21.68,85.51,4.17,146
2025-04-12 10:30:21.194251+00:00,70B3D57ED004558D,Hygro#55:8D,Hygro,Crofts South West Field,56.57950324451966,-2.7063292005198787,69f90302006208d0217e10490093,35.67,7.7,98.0,22.56,85.74,4.17,147
2025-04-12 10:45:37.926969+00:00,70B3D57ED004558D,Hygro#55:8D,Hygro,Crofts South West Field,56.57950324451966,-2.7063292005198787,69ee030c0061097021a710440094,35.63,7.8,97.0,24.16,86.15,4.16,148
2025-04-12 11:16:11.398198+00:00,70B3D57ED004558D,Hygro#55:8D,Hygro,Crofts South West Field,56.57950324451966,-2.7063292005198787,69e5031600610947217c10460096,35.6,7.9,97.0,23.75,85.72,4.17,150
2025-04-12 11:31:28.138563+00:00,70B3D57ED004558D,Hygro#55:8D,Hygro,Crofts South West Field,56.57950324451966,-2.7063292005198787,69e403200061086e21d610490097,35.59,8.0,97.0,21.58,86.62,4.17,151
2025-04-12 11:46:44.882918+00:00,70B3D57ED004558D,Hygro#55:8D,Hygro,Crofts South West Field,56.57950324451966,-2.7063292005198787,69e30320006108fc21a310460098,35.59,8.0,97.0,23.0,86.11,4.17,152
2025-04-12 12:02:01.620788+00:00,70B3D57ED004558D,Hygro#55:8D,Hygro,Crofts South West Field,56.57950324451966,-2.7063292005198787,69e4032a006008d421b710460099,35.59,8.1,96.0,22.6,86.31,4.17,153
2025-04-12 12:17:18.360726+00:00,70B3D57ED004558D,Hygro#55:8D,Hygro,Crofts South West Field,56.57950324451966,-2.7063292005198787,69da032a006008e921fb1044009a,35.55,8.1,96.0,22.81,86.99,4.16,154
2025-04-12 12:32:35.101113+00:00,70B3D57ED004558D,Hygro#55:8D,Hygro,Crofts South West Field,56.57950324451966,-2.7063292005198787,69da03340060094921941046009b,35.55,8.2,96.0,23.77,85.96,4.17,155
2025-04-12 12:47:51.841339+00:00,70B3D57ED004558D,Hygro#55:8D,Hygro,Crofts South West Field,56.57950324451966,-2.7063292005198787,69d10334006008ce2142104d009c,35.52,8.2,96.0,22.54,85.14,4.17,156
2025-04-12 13:03:08.569954+00:00,70B3D57ED004558D,Hygro#55:8D,Hygro,Crofts South West Field,56.57950324451966,-2.7063292005198787,69c7033e0061093a21411049009d,35.48,8.3,97.0,23.62,85.13,4.17,157
2025-04-12 13:18:25.309412+00:00,70B3D57ED004558D,Hygro#55:8D,Hygro,Crofts South West Field,56.57950324451966,-2.7063292005198787,69cd0347006108b521421049009e,35.5,8.39,97.0,22.29,85.14,4.17,158
2025-04-12 13:33:42.063213+00:00,70B3D57ED004558D,Hygro#55:8D,Hygro,Crofts South West Field,56.57950324451966,-2.7063292005198787,69c40347005f0940218e1046009f,35.47,8.39,95.0,23.68,85.9,4.17,159
2025-04-12 13:48:58.797875+00:00,70B3D57ED004558D,Hygro#55:8D,Hygro,Crofts South West Field,56.57950324451966,-2.7063292005198787,69c50352006008eb2160104600a0,35.47,8.5,96.0,22.83,85.44,4.17,160
2025-04-12 14:04:15.529669+00:00,70B3D57ED004558D,Hygro#55:8D,Hygro,Crofts South West Field,56.57950324451966,-2.7063292005198787,69c10352005f086e2121104600a1,35.46,8.5,95.0,21.58,84.81,4.17,161
2025-04-12 14:19:32.274795+00:00,70B3D57ED004558D,Hygro#55:8D,Hygro,Crofts South West Field,56.57950324451966,-2.7063292005198787,69bd035c0060083e2130104400a2,35.44,8.6,96.0,21.1,84.96,4.16,162
2025-04-12 14:34:49.026101+00:00,70B3D57ED004558D,Hygro#55:8D,Hygro,Crofts South West Field,56.57950324451966,-2.7063292005198787,69b60366006007b72170104400a3,35.41,8.7,96.0,19.75,85.6,4.16,163
2025-04-12 14:50:05.774597+00:00,70B3D57ED004558D,Hygro#55:8D,Hygro,Crofts South West Field,56.57950324451966,-2.7063292005198787,69b90366006007802192104400a4,35.43,8.7,96.0,19.2,85.94,4.16,164
2025-04-12 15:05:22.520422+00:00,70B3D57ED004558D,Hygro#55:8D,Hygro,Crofts South West Field,56.57950324451966,-2.7063292005198787,69af0370005f080e218e104600a5,35.39,8.8,95.0,20.62,85.9,4.17,165
2025-04-12 15:20:39.277137+00:00,70B3D57ED004558D,Hygro#55:8D,Hygro,Crofts South West Field,56.57950324451966,-2.7063292005198787,69b10370005f07fb2172104400a6,35.39,8.8,95.0,20.43,85.62,4.16,166
2025-04-12 15:35:56.032539+00:00,70B3D57ED004558D,Hygro#55:8D,Hygro,Crofts South West Field,56.57950324451966,-2.7063292005198787,69ac0379005f078b216d104900a7,35.37,8.89,95.0,19.31,85.57,4.17,167
2025-04-12 15:51:12.778981+00:00,70B3D57ED004558D,Hygro#55:8D,Hygro,Crofts South West Field,56.57950324451966,-2.7063292005198787,69a90379006007b02194104b00a8,35.36,8.89,96.0,19.68,85.96,4.17,168
2025-04-12 16:06:29.532066+00:00,70B3D57ED004558D,Hygro#55:8D,Hygro,Crofts South West Field,56.57950324451966,-2.7063292005198787,69a603790060071c21a3104400a9,35.35,8.89,96.0,18.2,86.11,4.16,169
2025-04-12 16:21:46.286282+00:00,70B3D57ED004558D,Hygro#55:8D,Hygro,Crofts South West Field,56.57950324451966,-2.7063292005198787,69a9038400600742210b104900aa,35.36,9.0,96.0,18.58,84.59,4.17,170
2025-04-12 16:52:19.793560+00:00,70B3D57ED004558D,Hygro#55:8D,Hygro,Crofts South West Field,56.57950324451966,-2.7063292005198787,69a70384006005e82102104900ac,35.36,9.0,96.0,15.12,84.5,4.17,172
2025-04-12 17:07:36.554746+00:00,70B3D57ED004558D,Hygro#55:8D,Hygro,Crofts South West Field,56.57950324451966,-2.7063292005198787,69a50384006005a120ce104600ad,35.35,9.0,96.0,14.41,83.98,4.17,173
2025-04-12 17:22:53.307939+00:00,70B3D57ED004558D,Hygro#55:8D,Hygro,Crofts South West Field,56.57950324451966,-2.7063292005198787,69a0038e005f05b620b9104400ae,35.33,9.1,95.0,14.62,83.77,4.16,174
2025-04-12 17:38:10.054126+00:00,70B3D57ED004558D,Hygro#55:8D,Hygro,Crofts South West Field,56.57950324451966,-2.7063292005198787,69a5038e0060059720a8104400af,35.35,9.1,96.0,14.31,83.6,4.16,175
2025-04-12 17:53:26.813103+00:00,70B3D57ED004558D,Hygro#55:8D,Hygro,Crofts South West Field,56.57950324451966,-2.7063292005198787,6998038e005f051a20be104600b0,35.3,9.1,95.0,13.06,83.82,4.17,176
2025-04-12 18:24:00.327385+00:00,70B3D57ED004558D,Hygro#55:8D,Hygro,Crofts South West Field,56.57950324451966,-2.7063292005198787,6997038e005f049220d0104600b2,35.29,9.1,95.0,11.7,84.0,4.17,178
2025-04-12 18:39:17.083881+00:00,70B3D57ED004558D,Hygro#55:8D,Hygro,Crofts South West Field,56.57950324451966,-2.7063292005198787,69a1038e005f043d20e5104400b3,35.33,9.1,95.0,10.85,84.21,4.16,179
2025-04-12 18:54:33.848779+00:00,70B3D57ED004558D,Hygro#55:8D,Hygro,Crofts South West Field,56.57950324451966,-2.7063292005198787,6993038e006003d520e6104600b4,35.28,9.1,96.0,9.81,84.22,4.17,180
2025-04-12 19:09:50.628540+00:00,70B3D57ED004558D,Hygro#55:8D,Hygro,Crofts South West Field,56.57950324451966,-2.7063292005198787,699b038e0060036420ed104600b5,35.31,9.1,96.0,8.68,84.29,4.17,181
2025-04-12 19:25:07.390800+00:00,70B3D57ED004558D,Hygro#55:8D,Hygro,Crofts South West Field,56.57950324451966,-2.7063292005198787,6998038e0060034b20eb104900b6,35.3,9.1,96.0,8.43,84.27,4.17,182
2025-04-12 19:40:24.153825+00:00,70B3D57ED004558D,Hygro#55:8D,Hygro,Crofts South West Field,56.57950324451966,-2.7063292005198787,6997038e0060036220f7104400b7,35.29,9.1,96.0,8.66,84.39,4.16,183
2025-04-12 19:55:40.909852+00:00,70B3D57ED004558D,Hygro#55:8D,Hygro,Crofts South West Field,56.57950324451966,-2.7063292005198787,69a0038e006003d720e6104600b8,35.33,9.1,96.0,9.83,84.22,4.17,184
2025-04-12 20:10:57.690295+00:00,70B3D57ED004558D,Hygro#55:8D,Hygro,Crofts South West Field,56.57950324451966,-2.7063292005198787,6992038e0060041320d7104200b9,35.27,9.1,96.0,10.43,84.07,4.16,185
2025-04-12 20:26:14.453592+00:00,70B3D57ED004558D,Hygro#55:8D,Hygro,Crofts South West Field,56.57950324451966,-2.7063292005198787,698f038e0061040f20d3104400ba,35.26,9.1,97.0,10.39,84.03,4.16,186
2025-04-12 20:56:47.982950+00:00,70B3D57ED004558D,Hygro#55:8D,Hygro,Crofts South West Field,56.57950324451966,-2.7063292005198787,69940384006003fc20e6104400bc,35.28,9.0,96.0,10.2,84.22,4.16,188
2025-04-12 21:12:04.750173+00:00,70B3D57ED004558D,Hygro#55:8D,Hygro,Crofts South West Field,56.57950324451966,-2.7063292005198787,69950384006003ec20f3104600bd,35.29,9.0,96.0,10.04,84.35,4.17,189
2025-04-12 21:27:21.511117+00:00,70B3D57ED004558D,Hygro#55:8D,Hygro,Crofts South West Field,56.57950324451966,-2.7063292005198787,69950384006003d520f7104400be,35.29,9.0,96.0,9.81,84.39,4.16,190
2025-04-12 21:42:38.278478+00:00,70B3D57ED004558D,Hygro#55:8D,Hygro,Crofts South West Field,56.57950324451966,-2.7063292005198787,69900384006103c220f8104600bf,35.27,9.0,97.0,9.62,84.4,4.17,191
2025-04-12 21:57:55.058939+00:00,70B3D57ED004558D,Hygro#55:8D,Hygro,Crofts South West Field,56.57950324451966,-2.7063292005198787,698f0384006003c220fa104600c0,35.26,9.0,96.0,9.62,84.42,4.17,192
2025-04-12 22:13:11.823046+00:00,70B3D57ED004558D,Hygro#55:8D,Hygro,Crofts South West Field,56.57950324451966,-2.7063292005198787,69960379006003b32101104400c1,35.29,8.89,96.0,9.47,84.49,4.16,193
2025-04-12 22:28:28.582955+00:00,70B3D57ED004558D,Hygro#55:8D,Hygro,Crofts South West Field,56.57950324451966,-2.7063292005198787,69980379006003af20fe104600c2,35.3,8.89,96.0,9.43,84.46,4.17,194
2025-04-12 22:59:02.123247+00:00,70B3D57ED004558D,Hygro#55:8D,Hygro,Crofts South West Field,56.57950324451966,-2.7063292005198787,698f0379006103922101104400c4,35.26,8.89,97.0,9.14,84.49,4.16,196
2025-04-12 23:14:18.891502+00:00,70B3D57ED004558D,Hygro#55:8D,Hygro,Crofts South West Field,56.57950324451966,-2.7063292005198787,699103790060038120fb104600c5,35.27,8.89,96.0,8.97,84.43,4.17,197
2025-04-12 23:29:35.654848+00:00,70B3D57ED004558D,Hygro#55:8D,Hygro,Crofts South West Field,56.57950324451966,-2.7063292005198787,698f03790060035e2107104600c6,35.26,8.89,96.0,8.62,84.55,4.17,198
2025-04-12 23:44:52.431182+00:00,70B3D57ED004558D,Hygro#55:8D,Hygro,Crofts South West Field,56.57950324451966,-2.7063292005198787,699503700061032c20fb104600c7,35.29,8.8,97.0,8.12,84.43,4.17,199
2025-04-13 00:00:09.194314+00:00,70B3D57ED004558D,Hygro#55:8D,Hygro,Crofts South West Field,56.57950324451966,-2.7063292005198787,69940370006102f220ef104900c8,35.28,8.8,97.0,7.54,84.31,4.17,200
2025-04-13 00:15:25.968612+00:00,70B3D57ED004558D,Hygro#55:8D,Hygro,Crofts South West Field,56.57950324451966,-2.7063292005198787,698f0370006002d52109104600c9,35.26,8.8,96.0,7.25,84.57,4.17,201
2025-04-13 00:30:42.747962+00:00,70B3D57ED004558D,Hygro#55:8D,Hygro,Crofts South West Field,56.57950324451966,-2.7063292005198787,69920370006002e520e5104400ca,35.27,8.8,96.0,7.41,84.21,4.16,202
2025-04-13 00:45:59.512642+00:00,70B3D57ED004558D,Hygro#55:8D,Hygro,Crofts South West Field,56.57950324451966,-2.7063292005198787,69950370006102dd20ee104200cb,35.29,8.8,97.0,7.33,84.3,4.16,203
2025-04-13 01:01:16.281417+00:00,70B3D57ED004558D,Hygro#55:8D,Hygro,Crofts South West Field,56.57950324451966,-2.7063292005198787,698f0370006102ce20eb104400cc,35.26,8.8,97.0,7.18,84.27,4.16,204
2025-04-13 01:16:33.064292+00:00,70B3D57ED004558D,Hygro#55:8D,Hygro,Crofts South West Field,56.57950324451966,-2.7063292005198787,69960366006002ad20e8104600cd,35.29,8.7,96.0,6.85,84.24,4.17,205
2025-04-13 01:31:49.835760+00:00,70B3D57ED004558D,Hygro#55:8D,Hygro,Crofts South West Field,56.57950324451966,-2.7063292005198787,698e03660060029c20e8104000ce,35.26,8.7,96.0,6.68,84.24,4.16,206
2025-04-13 01:47:06.607469+00:00,70B3D57ED004558D,Hygro#55:8D,Hygro,Crofts South West Field,56.57950324451966,-2.7063292005198787,699603660060029020ed104400cf,35.29,8.7,96.0,6.56,84.29,4.16,207
2025-04-13 02:02:23.390751+00:00,70B3D57ED004558D,Hygro#55:8D,Hygro,Crofts South West Field,56.57950324451966,-2.7063292005198787,699003660060027920eb104600d0,35.27,8.7,96.0,6.33,84.27,4.17,208
2025-04-13 02:17:40.165270+00:00,70B3D57ED004558D,Hygro#55:8D,Hygro,Crofts South West Field,56.57950324451966,-2.7063292005198787,698f03660061026820fa104400d1,35.26,8.7,97.0,6.16,84.42,4.16,209
2025-04-13 02:32:56.940577+00:00,70B3D57ED004558D,Hygro#55:8D,Hygro,Crofts South West Field,56.57950324451966,-2.7063292005198787,6990035c006002c020fc104200d2,35.27,8.6,96.0,7.04,84.44,4.16,210
2025-04-13 02:48:13.717597+00:00,70B3D57ED004558D,Hygro#55:8D,Hygro,Crofts South West Field,56.57950324451966,-2.7063292005198787,6995035c006002e720ed104400d3,35.29,8.6,96.0,7.43,84.29,4.16,211
2025-04-13 03:03:30.489638+00:00,70B3D57ED004558D,Hygro#55:8D,Hygro,Crofts South West Field,56.57950324451966,-2.7063292005198787,6998035c006102df20e7104900d4,35.3,8.6,97.0,7.35,84.23,4.17,212
2025-04-13 03:18:47.277226+00:00,70B3D57ED004558D,Hygro#55:8D,Hygro,Crofts South West Field,56.57950324451966,-2.7063292005198787,6995035c006102dd20fc104400d5,35.29,8.6,97.0,7.33,84.44,4.16,213
2025-04-13 03:34:04.043771+00:00,70B3D57ED004558D,Hygro#55:8D,Hygro,Crofts South West Field,56.57950324451966,-2.7063292005198787,698f035c006102e720fe104600d6,35.26,8.6,97.0,7.43,84.46,4.17,214
2025-04-13 03:49:20.814654+00:00,70B3D57ED004558D,Hygro#55:8D,Hygro,Crofts South West Field,56.57950324451966,-2.7063292005198787,69900352006102e5210c104600d7,35.27,8.5,97.0,7.41,84.6,4.17,215
2025-04-13 04:04:37.588317+00:00,70B3D57ED004558D,Hygro#55:8D,Hygro,Crofts South West Field,56.57950324451966,-2.7063292005198787,698e0352006102bc20f7104400d8,35.26,8.5,97.0,7.0,84.39,4.16,216
2025-04-13 04:19:54.367804+00:00,70B3D57ED004558D,Hygro#55:8D,Hygro,Crofts South West Field,56.57950324451966,-2.7063292005198787,6994035200610266210d104600d9,35.28,8.5,97.0,6.14,84.61,4.17,217
2025-04-13 04:35:11.155144+00:00,70B3D57ED004558D,Hygro#55:8D,Hygro,Crofts South West Field,56.57950324451966,-2.7063292005198787,69930352006002302118104400da,35.28,8.5,96.0,5.6,84.72,4.16,218
2025-04-13 05:05:44.712628+00:00,70B3D57ED004558D,Hygro#55:8D,Hygro,Crofts South West Field,56.57950324451966,-2.7063292005198787,698f0352006001f6210a104400dc,35.26,8.5,96.0,5.02,84.58,4.16,220
2025-04-13 05:36:18.262299+00:00,70B3D57ED004558D,Hygro#55:8D,Hygro,Crofts South West Field,56.57950324451966,-2.7063292005198787,69930347006101c620ef104600de,35.28,8.39,97.0,4.54,84.31,4.17,222
2025-04-13 05:51:35.052980+00:00,70B3D57ED004558D,Hygro#55:8D,Hygro,Crofts South West Field,56.57950324451966,-2.7063292005198787,69930347006001ed20f4104200df,35.28,8.39,96.0,4.93,84.36,4.16,223
2025-04-13 06:06:51.830178+00:00,70B3D57ED004558D,Hygro#55:8D,Hygro,Crofts South West Field,56.57950324451966,-2.7063292005198787,69900347006001fe20da104400e0,35.27,8.39,96.0,5.1,84.1,4.16,224
2025-04-13 06:22:08.611391+00:00,70B3D57ED004558D,Hygro#55:8D,Hygro,Crofts South West Field,56.57950324451966,-2.7063292005198787,699203470060020420e9104200e1,35.27,8.39,96.0,5.16,84.25,4.16,225
2025-04-13 06:37:25.395920+00:00,70B3D57ED004558D,Hygro#55:8D,Hygro,Crofts South West Field,56.57950324451966,-2.7063292005198787,699103470060021f20fe104200e2,35.27,8.39,96.0,5.43,84.46,4.16,226
2025-04-13 07:23:15.698472+00:00,70B3D57ED004558D,Hygro#55:8D,Hygro,Crofts South West Field,56.57950324451966,-2.7063292005198787,6997033e006103522203104400e5,35.29,8.3,97.0,8.5,87.07,4.16,229
2025-04-13 07:53:49.222018+00:00,70B3D57ED004558D,Hygro#55:8D,Hygro,Crofts South West Field,56.57950324451966,-2.7063292005198787,6997033e006003772221104400e7,35.29,8.3,96.0,8.87,87.37,4.16,231
2025-04-13 08:09:05.980480+00:00,70B3D57ED004558D,Hygro#55:8D,Hygro,Crofts South West Field,56.57950324451966,-2.7063292005198787,6997033e005f03df220a104000e8,35.29,8.3,95.0,9.91,87.14,4.16,232
2025-04-13 08:24:22.740585+00:00,70B3D57ED004558D,Hygro#55:8D,Hygro,Crofts South West Field,56.57950324451966,-2.7063292005198787,698b033e0060043d21b4104f00e9,35.25,8.3,96.0,10.85,86.28,4.17,233
2025-04-13 08:39:39.483365+00:00,70B3D57ED004558D,Hygro#55:8D,Hygro,Crofts South West Field,56.57950324451966,-2.7063292005198787,6996033e00600480215e105100ea,35.29,8.3,96.0,11.52,85.42,4.18,234
2025-04-13 08:54:56.239306+00:00,70B3D57ED004558D,Hygro#55:8D,Hygro,Crofts South West Field,56.57950324451966,-2.7063292005198787,6996033e006004ff212c105600eb,35.29,8.3,96.0,12.79,84.92,4.18,235
2025-04-13 09:10:12.987475+00:00,70B3D57ED004558D,Hygro#55:8D,Hygro,Crofts South West Field,56.57950324451966,-2.7063292005198787,6993033e00600582217e104900ec,35.28,8.3,96.0,14.1,85.74,4.17,236
2025-04-13 09:25:29.729938+00:00,70B3D57ED004558D,Hygro#55:8D,Hygro,Crofts South West Field,56.57950324451966,-2.7063292005198787,6989033e006005502180104b00ed,35.24,8.3,96.0,13.6,85.76,4.17,237
2025-04-13 09:40:46.490541+00:00,70B3D57ED004558D,Hygro#55:8D,Hygro,Crofts South West Field,56.57950324451966,-2.7063292005198787,6989033e0060056321ee104b00ee,35.24,8.3,96.0,13.79,86.86,4.17,238
2025-04-13 09:56:03.247202+00:00,70B3D57ED004558D,Hygro#55:8D,Hygro,Crofts South West Field,56.57950324451966,-2.7063292005198787,6989033e006004ea21c9104600ef,35.24,8.3,96.0,12.58,86.49,4.17,239
2025-04-13 10:11:19.999395+00:00,70B3D57ED004558D,Hygro#55:8D,Hygro,Crofts South West Field,56.57950324451966,-2.7063292005198787,697f033e005f055a21bd104b00f0,35.2,8.3,95.0,13.7,86.37,4.17,240
2025-04-13 10:26:36.752954+00:00,70B3D57ED004558D,Hygro#55:8D,Hygro,Crofts South West Field,56.57950324451966,-2.7063292005198787,697f03470060056321ba104b00f1,35.2,8.39,96.0,13.79,86.34,4.17,241
2025-04-13 10:41:53.509502+00:00,70B3D57ED004558D,Hygro#55:8D,Hygro,Crofts South West Field,56.57950324451966,-2.7063292005198787,698003470060065f218a104900f2,35.2,8.39,96.0,16.31,85.86,4.17,242
2025-04-13 10:57:10.251252+00:00,70B3D57ED004558D,Hygro#55:8D,Hygro,Crofts South West Field,56.57950324451966,-2.7063292005198787,698203470060069921cd104900f3,35.21,8.39,96.0,16.89,86.53,4.17,243
2025-04-13 11:12:27.000457+00:00,70B3D57ED004558D,Hygro#55:8D,Hygro,Crofts South West Field,56.57950324451966,-2.7063292005198787,697803470060055421c8104600f4,35.17,8.39,96.0,13.64,86.48,4.17,244
2025-04-13 11:27:43.756315+00:00,70B3D57ED004558D,Hygro#55:8D,Hygro,Crofts South West Field,56.57950324451966,-2.7063292005198787,697203520060076721e8104900f5,35.15,8.5,96.0,18.95,86.8,4.17,245
2025-04-13 11:58:17.256369+00:00,70B3D57ED004558D,Hygro#55:8D,Hygro,Crofts South West Field,56.57950324451966,-2.7063292005198787,696f035300600797218a104600f7,35.14,8.51,96.0,19.43,85.86,4.17,247
2025-04-13 12:13:33.999358+00:00,70B3D57ED004558D,Hygro#55:8D,Hygro,Crofts South West Field,56.57950324451966,-2.7063292005198787,6968035c0060076c2190104d00f8,35.11,8.6,96.0,19.0,85.92,4.17,248
2025-04-13 12:28:50.751130+00:00,70B3D57ED004558D,Hygro#55:8D,Hygro,Crofts South West Field,56.57950324451966,-2.7063292005198787,6967035c006006c7217a104b00f9,35.11,8.6,96.0,17.35,85.7,4.17,249
2025-04-13 12:59:24.262293+00:00,70B3D57ED004558D,Hygro#55:8D,Hygro,Crofts South West Field,56.57950324451966,-2.7063292005198787,6964036600620533218d104600fb,35.1,8.7,98.0,13.31,85.89,4.17,251
2025-04-13 13:14:41.019683+00:00,70B3D57ED004558D,Hygro#55:8D,Hygro,Crofts South West Field,56.57950324451966,-2.7063292005198787,695b0370006005c5214b104600fc,35.06,8.8,96.0,14.77,85.23,4.17,252
2025-04-13 14:00:31.287048+00:00,70B3D57ED004558D,Hygro#55:8D,Hygro,Crofts South West Field,56.57950324451966,-2.7063292005198787,695c0379006004a5211e104b00ff,35.06,8.89,96.0,11.89,84.78,4.17,255
2025-04-13 14:15:48.051649+00:00,70B3D57ED004558D,Hygro#55:8D,Hygro,Crofts South West Field,56.57950324451966,-2.7063292005198787,695603790060046b211e10460000,35.04,8.89,96.0,11.31,84.78,4.17,0
2025-04-13 14:31:04.814408+00:00,70B3D57ED004558D,Hygro#55:8D,Hygro,Crofts South West Field,56.57950324451966,-2.7063292005198787,694d0379005f040720d610490001,35.01,8.89,95.0,10.31,84.06,4.17,1
2025-04-13 14:46:21.574752+00:00,70B3D57ED004558D,Hygro#55:8D,Hygro,Crofts South West Field,56.57950324451966,-2.7063292005198787,6954038400600417210910490002,35.03,9.0,96.0,10.47,84.57,4.17,2
2025-04-13 15:01:38.345136+00:00,70B3D57ED004558D,Hygro#55:8D,Hygro,Crofts South West Field,56.57950324451966,-2.7063292005198787,69530384005f0509210010440003,35.03,9.0,95.0,12.89,84.48,4.16,3
2025-04-13 15:16:55.100142+00:00,70B3D57ED004558D,Hygro#55:8D,Hygro,Crofts South West Field,56.57950324451966,-2.7063292005198787,694f038400600680208c104b0004,35.01,9.0,96.0,16.64,83.32,4.17,4
2025-04-13 15:32:11.859585+00:00,70B3D57ED004558D,Hygro#55:8D,Hygro,Crofts South West Field,56.57950324451966,-2.7063292005198787,694b03840060069920d810460005,35.0,9.0,96.0,16.89,84.08,4.17,5
2025-04-13 15:47:28.605968+00:00,70B3D57ED004558D,Hygro#55:8D,Hygro,Crofts South West Field,56.57950324451966,-2.7063292005198787,69480384006005f720c410490006,34.99,9.0,96.0,15.27,83.88,4.17,6
2025-04-13 16:02:45.360487+00:00,70B3D57ED004558D,Hygro#55:8D,Hygro,Crofts South West Field,56.57950324451966,-2.7063292005198787,6946038400600550214610440007,34.98,9.0,96.0,13.6,85.18,4.16,7
2025-04-13 16:18:02.114989+00:00,70B3D57ED004558D,Hygro#55:8D,Hygro,Crofts South West Field,56.57950324451966,-2.7063292005198787,69440384006006a120a310460008,34.97,9.0,96.0,16.97,83.55,4.17,8
2025-04-13 16:33:18.884491+00:00,70B3D57ED004558D,Hygro#55:8D,Hygro,Crofts South West Field,56.57950324451966,-2.7063292005198787,69410384006005b61fff10420009,34.96,9.0,96.0,14.62,81.91,4.16,9
2025-04-13 16:48:35.641378+00:00,70B3D57ED004558D,Hygro#55:8D,Hygro,Crofts South West Field,56.57950324451966,-2.7063292005198787,693e0384006003cf20171049000a,34.95,9.0,96.0,9.75,82.15,4.17,10
2025-04-13 17:03:52.402343+00:00,70B3D57ED004558D,Hygro#55:8D,Hygro,Crofts South West Field,56.57950324451966,-2.7063292005198787,69480384006004b81fe21046000b,34.99,9.0,96.0,12.08,81.62,4.17,11
2025-04-13 17:19:09.170923+00:00,70B3D57ED004558D,Hygro#55:8D,Hygro,Crofts South West Field,56.57950324451966,-2.7063292005198787,693f0384006004db1f3e1044000c,34.95,9.0,96.0,12.43,79.98,4.16,12
2025-04-13 17:34:25.931718+00:00,70B3D57ED004558D,Hygro#55:8D,Hygro,Crofts South West Field,56.57950324451966,-2.7063292005198787,693e0384006003841f0b1049000d,34.95,9.0,96.0,9.0,79.47,4.17,13
2025-04-13 17:49:42.709281+00:00,70B3D57ED004558D,Hygro#55:8D,Hygro,Crofts South West Field,56.57950324451966,-2.7063292005198787,69430384006003241fdb1044000e,34.97,9.0,96.0,8.04,81.55,4.16,14
2025-04-13 18:04:59.474959+00:00,70B3D57ED004558D,Hygro#55:8D,Hygro,Crofts South West Field,56.57950324451966,-2.7063292005198787,69410384005f02fc201c1044000f,34.96,9.0,95.0,7.64,82.2,4.16,15
2025-04-13 18:20:16.249485+00:00,70B3D57ED004558D,Hygro#55:8D,Hygro,Crofts South West Field,56.57950324451966,-2.7063292005198787,69410384005f02a92007104b0010,34.96,9.0,95.0,6.81,81.99,4.17,16
2025-04-13 18:50:49.809721+00:00,70B3D57ED004558D,Hygro#55:8D,Hygro,Crofts South West Field,56.57950324451966,-2.7063292005198787,693c0384005f021b202a10490012,34.94,9.0,95.0,5.39,82.34,4.17,18
2025-04-13 19:21:23.385776+00:00,70B3D57ED004558D,Hygro#55:8D,Hygro,Crofts South West Field,56.57950324451966,-2.7063292005198787,693c03790060016a201210490014,34.94,8.89,96.0,3.62,82.1,4.17,20
2025-04-13 19:36:40.173369+00:00,70B3D57ED004558D,Hygro#55:8D,Hygro,Crofts South West Field,56.57950324451966,-2.7063292005198787,694703790060009c200710460015,34.98,8.89,96.0,1.56,81.99,4.17,21
2025-04-13 19:51:56.962438+00:00,70B3D57ED004558D,Hygro#55:8D,Hygro,Crofts South West Field,56.57950324451966,-2.7063292005198787,69370379005f005d201b10490016,34.92,8.89,95.0,0.93,82.19,4.17,22
2025-04-13 20:22:30.554315+00:00,70B3D57ED004558D,Hygro#55:8D,Hygro,Crofts South West Field,56.57950324451966,-2.7063292005198787,693e0370005f0006200110490018,34.95,8.8,95.0,0.06,81.93,4.17,24
2025-04-13 20:37:47.363771+00:00,70B3D57ED004558D,Hygro#55:8D,Hygro,Crofts South West Field,56.57950324451966,-2.7063292005198787,693e0370005fffe11ff910490019,34.95,8.8,95.0,655.05,81.85,4.17,25
2025-04-13 21:08:20.954089+00:00,70B3D57ED004558D,Hygro#55:8D,Hygro,Crofts South West Field,56.57950324451966,-2.7063292005198787,69470366006000361fed1046001b,34.98,8.7,96.0,0.54,81.73,4.17,27
2025-04-13 21:23:37.748426+00:00,70B3D57ED004558D,Hygro#55:8D,Hygro,Crofts South West Field,56.57950324451966,-2.7063292005198787,693d035c005f012c1fe81046001c,34.94,8.6,95.0,3.0,81.68,4.17,28
2025-04-13 21:38:54.542780+00:00,70B3D57ED004558D,Hygro#55:8D,Hygro,Crofts South West Field,56.57950324451966,-2.7063292005198787,6949035c005f017b1fd11042001d,34.99,8.6,95.0,3.79,81.45,4.16,29
2025-04-13 21:54:11.317489+00:00,70B3D57ED004558D,Hygro#55:8D,Hygro,Crofts South West Field,56.57950324451966,-2.7063292005198787,69420352005f017b1fdd1042001e,34.96,8.5,95.0,3.79,81.57,4.16,30
2025-04-13 22:09:28.101472+00:00,70B3D57ED004558D,Hygro#55:8D,Hygro,Crofts South West Field,56.57950324451966,-2.7063292005198787,69420352005f015b20061049001f,34.96,8.5,95.0,3.47,81.98,4.17,31
2025-04-13 22:24:44.881583+00:00,70B3D57ED004558D,Hygro#55:8D,Hygro,Crofts South West Field,56.57950324451966,-2.7063292005198787,693e03470060015e202910440020,34.95,8.39,96.0,3.5,82.33,4.16,32
2025-04-13 22:40:01.677999+00:00,70B3D57ED004558D,Hygro#55:8D,Hygro,Crofts South West Field,56.57950324451966,-2.7063292005198787,694203470060012c204010440021,34.96,8.39,96.0,3.0,82.56,4.16,33
2025-04-13 22:55:18.472825+00:00,70B3D57ED004558D,Hygro#55:8D,Hygro,Crofts South West Field,56.57950324451966,-2.7063292005198787,6946034700600108203210490022,34.98,8.39,96.0,2.64,82.42,4.17,34
2025-04-13 23:10:35.259393+00:00,70B3D57ED004558D,Hygro#55:8D,Hygro,Crofts South West Field,56.57950324451966,-2.7063292005198787,69490347005f00af203c10420023,34.99,8.39,95.0,1.75,82.52,4.16,35
2025-04-13 23:25:52.052381+00:00,70B3D57ED004558D,Hygro#55:8D,Hygro,Crofts South West Field,56.57950324451966,-2.7063292005198787,6946033e005e00f3206510420024,34.98,8.3,94.0,2.43,82.93,4.16,36
2025-04-13 23:41:08.841301+00:00,70B3D57ED004558D,Hygro#55:8D,Hygro,Crofts South West Field,56.57950324451966,-2.7063292005198787,6940033e005f00fc204b10490025,34.96,8.3,95.0,2.52,82.67,4.17,37
2025-04-13 23:56:25.626472+00:00,70B3D57ED004558D,Hygro#55:8D,Hygro,Crofts South West Field,56.57950324451966,-2.7063292005198787,6941033e005f006e203010440026,34.96,8.3,95.0,1.1,82.4,4.16,38
2025-04-14 00:11:42.431797+00:00,70B3D57ED004558D,Hygro#55:8D,Hygro,Crofts South West Field,56.57950324451966,-2.7063292005198787,69430334005fffdd204410440027,34.97,8.2,95.0,655.01,82.6,4.16,39
2025-04-14 00:26:59.238853+00:00,70B3D57ED004558D,Hygro#55:8D,Hygro,Crofts South West Field,56.57950324451966,-2.7063292005198787,69460334005fffe7207b10440028,34.98,8.2,95.0,655.11,83.15,4.16,40
2025-04-14 00:42:16.029828+00:00,70B3D57ED004558D,Hygro#55:8D,Hygro,Crofts South West Field,56.57950324451966,-2.7063292005198787,694c0334005fffe7205410420029,35.0,8.2,95.0,655.11,82.76,4.16,41
2025-04-14 00:57:32.839749+00:00,70B3D57ED004558D,Hygro#55:8D,Hygro,Crofts South West Field,56.57950324451966,-2.7063292005198787,69470334005fff90203c1042002a,34.98,8.2,95.0,654.24,82.52,4.16,42
2025-04-14 01:12:49.642177+00:00,70B3D57ED004558D,Hygro#55:8D,Hygro,Crofts South West Field,56.57950324451966,-2.7063292005198787,694f032a005fffaf20701046002b,35.01,8.1,95.0,654.55,83.04,4.17,43
2025-04-14 01:28:06.438675+00:00,70B3D57ED004558D,Hygro#55:8D,Hygro,Crofts South West Field,56.57950324451966,-2.7063292005198787,6944032a005f000220761046002c,34.97,8.1,95.0,0.02,83.1,4.17,44
2025-04-14 01:43:23.249234+00:00,70B3D57ED004558D,Hygro#55:8D,Hygro,Crofts South West Field,56.57950324451966,-2.7063292005198787,694f032a005f003c205f1046002d,35.01,8.1,95.0,0.6,82.87,4.17,45
2025-04-14 01:58:40.039447+00:00,70B3D57ED004558D,Hygro#55:8D,Hygro,Crofts South West Field,56.57950324451966,-2.7063292005198787,69470320005f0038202d1044002e,34.98,8.0,95.0,0.56,82.37,4.16,46
2025-04-14 02:13:56.840542+00:00,70B3D57ED004558D,Hygro#55:8D,Hygro,Crofts South West Field,56.57950324451966,-2.7063292005198787,69520320005f000c202e1044002f,35.03,8.0,95.0,0.12,82.38,4.16,47
2025-04-14 02:29:13.650108+00:00,70B3D57ED004558D,Hygro#55:8D,Hygro,Crofts South West Field,56.57950324451966,-2.7063292005198787,69510320005efff6204a10460030,35.02,8.0,94.0,655.26,82.66,4.17,48
2025-04-14 02:44:30.435189+00:00,70B3D57ED004558D,Hygro#55:8D,Hygro,Crofts South West Field,56.57950324451966,-2.7063292005198787,69480320005fffb3204d10440031,34.99,8.0,95.0,654.59,82.69,4.16,49
2025-04-14 02:59:47.250185+00:00,70B3D57ED004558D,Hygro#55:8D,Hygro,Crofts South West Field,56.57950324451966,-2.7063292005198787,694e0316005fff83205f10420032,35.01,7.9,95.0,654.11,82.87,4.16,50
2025-04-14 03:30:20.839856+00:00,70B3D57ED004558D,Hygro#55:8D,Hygro,Crofts South West Field,56.57950324451966,-2.7063292005198787,69500316005fffa5205310440034,35.02,7.9,95.0,654.45,82.75,4.16,52
2025-04-14 04:00:54.449532+00:00,70B3D57ED004558D,Hygro#55:8D,Hygro,Crofts South West Field,56.57950324451966,-2.7063292005198787,6951030c005fff6a203b10420036,35.02,7.8,95.0,653.86,82.51,4.16,54
2025-04-14 04:16:11.251044+00:00,70B3D57ED004558D,Hygro#55:8D,Hygro,Crofts South West Field,56.57950324451966,-2.7063292005198787,6950030c005fff96208110440037,35.02,7.8,95.0,654.3,83.21,4.16,55
2025-04-14 04:31:28.083614+00:00,70B3D57ED004558D,Hygro#55:8D,Hygro,Crofts South West Field,56.57950324451966,-2.7063292005198787,694b0302005e000c208510420038,35.0,7.7,94.0,0.12,83.25,4.16,56
2025-04-14 04:46:44.847512+00:00,70B3D57ED004558D,Hygro#55:8D,Hygro,Crofts South West Field,56.57950324451966,-2.7063292005198787,694d0302005e00bd208a103e0039,35.01,7.7,94.0,1.89,83.3,4.16,57
2025-04-14 05:02:01.640510+00:00,70B3D57ED004558D,Hygro#55:8D,Hygro,Crofts South West Field,56.57950324451966,-2.7063292005198787,694f0302005e010a20441040003a,35.01,7.7,94.0,2.66,82.6,4.16,58
2025-04-14 05:17:18.434863+00:00,70B3D57ED004558D,Hygro#55:8D,Hygro,Crofts South West Field,56.57950324451966,-2.7063292005198787,695502f8005f00fa204d1044003b,35.04,7.6,95.0,2.5,82.69,4.16,59
2025-04-14 05:32:35.221053+00:00,70B3D57ED004558D,Hygro#55:8D,Hygro,Crofts South West Field,56.57950324451966,-2.7063292005198787,695602f8005e0108205f1042003c,35.04,7.6,94.0,2.64,82.87,4.16,60
2025-04-14 05:47:52.003805+00:00,70B3D57ED004558D,Hygro#55:8D,Hygro,Crofts South West Field,56.57950324451966,-2.7063292005198787,695502f8005e011920901042003d,35.04,7.6,94.0,2.81,83.36,4.16,61
2025-04-14 06:03:08.798314+00:00,70B3D57ED004558D,Hygro#55:8D,Hygro,Crofts South West Field,56.57950324451966,-2.7063292005198787,695a02f8005e0170209a1044003e,35.06,7.6,94.0,3.68,83.46,4.16,62
2025-04-14 06:18:25.582475+00:00,70B3D57ED004558D,Hygro#55:8D,Hygro,Crofts South West Field,56.57950324451966,-2.7063292005198787,694c02f2005e01c420971042003f,35.0,7.54,94.0,4.52,83.43,4.16,63
2025-04-14 06:33:42.361168+00:00,70B3D57ED004558D,Hygro#55:8D,Hygro,Crofts South West Field,56.57950324451966,-2.7063292005198787,694d02ee005e0206209e10420040,35.01,7.5,94.0,5.18,83.5,4.16,64
2025-04-14 06:48:59.137907+00:00,70B3D57ED004558D,Hygro#55:8D,Hygro,Crofts South West Field,56.57950324451966,-2.7063292005198787,694c02ee005e024f209310420041,35.0,7.5,94.0,5.91,83.39,4.16,65
2025-04-14 07:04:15.912418+00:00,70B3D57ED004558D,Hygro#55:8D,Hygro,Crofts South West Field,56.57950324451966,-2.7063292005198787,695902ee005e025c20ae10420042,35.05,7.5,94.0,6.04,83.66,4.16,66
2025-04-14 07:19:32.694315+00:00,70B3D57ED004558D,Hygro#55:8D,Hygro,Crofts South West Field,56.57950324451966,-2.7063292005198787,695202ee005e024320c910420043,35.03,7.5,94.0,5.79,83.93,4.16,67
2025-04-14 07:34:49.465481+00:00,70B3D57ED004558D,Hygro#55:8D,Hygro,Crofts South West Field,56.57950324451966,-2.7063292005198787,695502ee005d021d20f710400044,35.04,7.5,93.0,5.41,84.39,4.16,68
2025-04-14 07:50:06.253106+00:00,70B3D57ED004558D,Hygro#55:8D,Hygro,Crofts South West Field,56.57950324451966,-2.7063292005198787,694b02ee005e0213210810420045,35.0,7.5,94.0,5.31,84.56,4.16,69
2025-04-14 08:05:23.018753+00:00,70B3D57ED004558D,Hygro#55:8D,Hygro,Crofts South West Field,56.57950324451966,-2.7063292005198787,695002ee005e0215210a10420046,35.02,7.5,94.0,5.33,84.58,4.16,70
2025-04-14 08:35:56.573900+00:00,70B3D57ED004558D,Hygro#55:8D,Hygro,Crofts South West Field,56.57950324451966,-2.7063292005198787,694702ee005d022e210610400048,34.98,7.5,93.0,5.58,84.54,4.16,72
2025-04-14 09:06:30.129553+00:00,70B3D57ED004558D,Hygro#55:8D,Hygro,Crofts South West Field,56.57950324451966,-2.7063292005198787,694402ee005d02df21241040004a,34.97,7.5,93.0,7.35,84.84,4.16,74
2025-04-14 09:21:46.905507+00:00,70B3D57ED004558D,Hygro#55:8D,Hygro,Crofts South West Field,56.57950324451966,-2.7063292005198787,694402ee005e031720f1103e004b,34.97,7.5,94.0,7.91,84.33,4.16,75
2025-04-14 09:37:03.667488+00:00,70B3D57ED004558D,Hygro#55:8D,Hygro,Crofts South West Field,56.57950324451966,-2.7063292005198787,694302ee005d03cf20f71054004c,34.97,7.5,93.0,9.75,84.39,4.18,76
2025-04-14 09:52:20.416975+00:00,70B3D57ED004558D,Hygro#55:8D,Hygro,Crofts South West Field,56.57950324451966,-2.7063292005198787,695002ee005d041320bc1054004d,35.02,7.5,93.0,10.43,83.8,4.18,77
2025-04-14 10:07:37.174785+00:00,70B3D57ED004558D,Hygro#55:8D,Hygro,Crofts South West Field,56.57950324451966,-2.7063292005198787,694702ee005d048a21041058004e,34.98,7.5,93.0,11.62,84.52,4.18,78
2025-04-14 10:22:53.933557+00:00,70B3D57ED004558D,Hygro#55:8D,Hygro,Crofts South West Field,56.57950324451966,-2.7063292005198787,694802ee005d042620bb104b004f,34.99,7.5,93.0,10.62,83.79,4.17,79
2025-04-14 10:38:10.694609+00:00,70B3D57ED004558D,Hygro#55:8D,Hygro,Crofts South West Field,56.57950324451966,-2.7063292005198787,695302ee005d04d1217610490050,35.03,7.5,93.0,12.33,85.66,4.17,80
2025-04-14 10:53:27.457541+00:00,70B3D57ED004558D,Hygro#55:8D,Hygro,Crofts South West Field,56.57950324451966,-2.7063292005198787,694602ee005d0552212110490051,34.98,7.5,93.0,13.62,84.81,4.17,81
2025-04-14 11:24:00.984983+00:00,70B3D57ED004558D,Hygro#55:8D,Hygro,Crofts South West Field,56.57950324451966,-2.7063292005198787,695002f8005d052d218510460053,35.02,7.6,93.0,13.25,85.81,4.17,83
2025-04-14 11:39:17.726443+00:00,70B3D57ED004558D,Hygro#55:8D,Hygro,Crofts South West Field,56.57950324451966,-2.7063292005198787,694c02f8005e05cd211010490054,35.0,7.6,94.0,14.85,84.64,4.17,84
2025-04-14 11:54:34.485883+00:00,70B3D57ED004558D,Hygro#55:8D,Hygro,Crofts South West Field,56.57950324451966,-2.7063292005198787,695102f8005d0462214c104b0055,35.02,7.6,93.0,11.22,85.24,4.17,85
2025-04-14 12:09:51.246403+00:00,70B3D57ED004558D,Hygro#55:8D,Hygro,Crofts South West Field,56.57950324451966,-2.7063292005198787,69500302005d044c21a810440056,35.02,7.7,93.0,11.0,86.16,4.16,86
2025-04-14 12:25:08.013792+00:00,70B3D57ED004558D,Hygro#55:8D,Hygro,Crofts South West Field,56.57950324451966,-2.7063292005198787,69460302005c0488215e10460057,34.98,7.7,92.0,11.6,85.42,4.17,87
2025-04-14 12:40:24.771734+00:00,70B3D57ED004558D,Hygro#55:8D,Hygro,Crofts South West Field,56.57950324451966,-2.7063292005198787,69530302005d05d320e710460058,35.03,7.7,93.0,14.91,84.23,4.17,88
2025-04-14 12:55:41.534121+00:00,70B3D57ED004558D,Hygro#55:8D,Hygro,Crofts South West Field,56.57950324451966,-2.7063292005198787,6949030c005d04bc211410460059,34.99,7.8,93.0,12.12,84.68,4.17,89
2025-04-14 13:10:58.289121+00:00,70B3D57ED004558D,Hygro#55:8D,Hygro,Crofts South West Field,56.57950324451966,-2.7063292005198787,6948030c005c03db21041046005a,34.99,7.8,92.0,9.87,84.52,4.17,90
2025-04-14 13:26:15.058547+00:00,70B3D57ED004558D,Hygro#55:8D,Hygro,Crofts South West Field,56.57950324451966,-2.7063292005198787,694b030c005d0352214a104b005b,35.0,7.8,93.0,8.5,85.22,4.17,91
2025-04-14 13:41:31.825774+00:00,70B3D57ED004558D,Hygro#55:8D,Hygro,Crofts South West Field,56.57950324451966,-2.7063292005198787,69510316005d036b21461049005c,35.02,7.9,93.0,8.75,85.18,4.17,92
2025-04-14 13:56:48.596059+00:00,70B3D57ED004558D,Hygro#55:8D,Hygro,Crofts South West Field,56.57950324451966,-2.7063292005198787,69480316005d039a21061046005d,34.99,7.9,93.0,9.22,84.54,4.17,93
2025-04-14 14:12:05.355982+00:00,70B3D57ED004558D,Hygro#55:8D,Hygro,Crofts South West Field,56.57950324451966,-2.7063292005198787,69460316005d037d210e1049005e,34.98,7.9,93.0,8.93,84.62,4.17,94
2025-04-14 14:27:22.132887+00:00,70B3D57ED004558D,Hygro#55:8D,Hygro,Crofts South West Field,56.57950324451966,-2.7063292005198787,69450316005d036b21041044005f,34.98,7.9,93.0,8.75,84.52,4.16,95
2025-04-14 14:42:38.895373+00:00,70B3D57ED004558D,Hygro#55:8D,Hygro,Crofts South West Field,56.57950324451966,-2.7063292005198787,694e0320005d0334210e10460060,35.01,8.0,93.0,8.2,84.62,4.17,96
2025-04-14 14:57:55.663836+00:00,70B3D57ED004558D,Hygro#55:8D,Hygro,Crofts South West Field,56.57950324451966,-2.7063292005198787,69460320005d0320211710490061,34.98,8.0,93.0,8.0,84.71,4.17,97
2025-04-14 15:13:12.441900+00:00,70B3D57ED004558D,Hygro#55:8D,Hygro,Crofts South West Field,56.57950324451966,-2.7063292005198787,69460320005d02f4210010440062,34.98,8.0,93.0,7.56,84.48,4.16,98
2025-04-14 15:43:45.967063+00:00,70B3D57ED004558D,Hygro#55:8D,Hygro,Crofts South West Field,56.57950324451966,-2.7063292005198787,693f0320005d02f4210c10490064,34.95,8.0,93.0,7.56,84.6,4.17,100
2025-04-14 16:14:19.530170+00:00,70B3D57ED004558D,Hygro#55:8D,Hygro,Crofts South West Field,56.57950324451966,-2.7063292005198787,69410320005d02c02105104b0066,34.96,8.0,93.0,7.04,84.53,4.17,102
2025-04-14 16:29:36.291674+00:00,70B3D57ED004558D,Hygro#55:8D,Hygro,Crofts South West Field,56.57950324451966,-2.7063292005198787,69460320005f02c2210210490067,34.98,8.0,95.0,7.06,84.5,4.17,103
2025-04-14 16:44:53.059049+00:00,70B3D57ED004558D,Hygro#55:8D,Hygro,Crofts South West Field,56.57950324451966,-2.7063292005198787,69480320005e02a0211910460068,34.99,8.0,94.0,6.72,84.73,4.17,104
2025-04-14 17:00:09.839553+00:00,70B3D57ED004558D,Hygro#55:8D,Hygro,Crofts South West Field,56.57950324451966,-2.7063292005198787,693f032a005e0271211810490069,34.95,8.1,94.0,6.25,84.72,4.17,105
2025-04-14 17:15:26.622349+00:00,70B3D57ED004558D,Hygro#55:8D,Hygro,Crofts South West Field,56.57950324451966,-2.7063292005198787,6943032a005d024b21221044006a,34.97,8.1,93.0,5.87,84.82,4.16,106
2025-04-14 17:30:43.386729+00:00,70B3D57ED004558D,Hygro#55:8D,Hygro,Crofts South West Field,56.57950324451966,-2.7063292005198787,6951032a0060027121291046006b,35.02,8.1,96.0,6.25,84.89,4.17,107
2025-04-14 17:46:00.160967+00:00,70B3D57ED004558D,Hygro#55:8D,Hygro,Crofts South West Field,56.57950324451966,-2.7063292005198787,6957032a005d0247211a1044006c,35.04,8.1,93.0,5.83,84.74,4.16,108
2025-04-14 18:16:33.721456+00:00,70B3D57ED004558D,Hygro#55:8D,Hygro,Crofts South West Field,56.57950324451966,-2.7063292005198787,6979032a005e023821221046006e,35.18,8.1,94.0,5.68,84.82,4.17,110
2025-04-14 18:47:07.288885+00:00,70B3D57ED004558D,Hygro#55:8D,Hygro,Crofts South West Field,56.57950324451966,-2.7063292005198787,699d032a005e0223211d10460070,35.32,8.1,94.0,5.47,84.77,4.17,112
2025-04-14 19:02:24.066320+00:00,70B3D57ED004558D,Hygro#55:8D,Hygro,Crofts South West Field,56.57950324451966,-2.7063292005198787,69b4032a005e01ed211010490071,35.41,8.1,94.0,4.93,84.64,4.17,113
2025-04-14 19:17:40.847200+00:00,70B3D57ED004558D,Hygro#55:8D,Hygro,Crofts South West Field,56.57950324451966,-2.7063292005198787,69c7032a0060019e210610420072,35.48,8.1,96.0,4.14,84.54,4.16,114
2025-04-14 19:32:57.637521+00:00,70B3D57ED004558D,Hygro#55:8D,Hygro,Crofts South West Field,56.57950324451966,-2.7063292005198787,69cf032a005e01a6212010440073,35.51,8.1,94.0,4.22,84.8,4.16,115
2025-04-14 19:48:14.420299+00:00,70B3D57ED004558D,Hygro#55:8D,Hygro,Crofts South West Field,56.57950324451966,-2.7063292005198787,69dc032a005f019c211010440074,35.56,8.1,95.0,4.12,84.64,4.16,116
2025-04-14 20:03:31.197828+00:00,70B3D57ED004558D,Hygro#55:8D,Hygro,Crofts South West Field,56.57950324451966,-2.7063292005198787,69ed032a005f01a2211610440075,35.63,8.1,95.0,4.18,84.7,4.16,117
2025-04-14 20:18:47.987151+00:00,70B3D57ED004558D,Hygro#55:8D,Hygro,Crofts South West Field,56.57950324451966,-2.7063292005198787,69f9032a005e01ad211310490076,35.67,8.1,94.0,4.29,84.67,4.17,118
2025-04-14 20:34:04.766376+00:00,70B3D57ED004558D,Hygro#55:8D,Hygro,Crofts South West Field,56.57950324451966,-2.7063292005198787,6a00032a005f019e211a10420077,35.7,8.1,95.0,4.14,84.74,4.16,119
2025-04-14 20:49:21.555973+00:00,70B3D57ED004558D,Hygro#55:8D,Hygro,Crofts South West Field,56.57950324451966,-2.7063292005198787,6a14032a005f0196210710440078,35.78,8.1,95.0,4.06,84.55,4.16,120
2025-04-14 21:04:38.337948+00:00,70B3D57ED004558D,Hygro#55:8D,Hygro,Crofts South West Field,56.57950324451966,-2.7063292005198787,6a1a0320005f0172211710420079,35.8,8.0,95.0,3.7,84.71,4.16,121
2025-04-14 21:19:55.145126+00:00,70B3D57ED004558D,Hygro#55:8D,Hygro,Crofts South West Field,56.57950324451966,-2.7063292005198787,6a230320005f0151210b1044007a,35.84,8.0,95.0,3.37,84.59,4.16,122
2025-04-14 21:35:11.921855+00:00,70B3D57ED004558D,Hygro#55:8D,Hygro,Crofts South West Field,56.57950324451966,-2.7063292005198787,6a2e0320005f016e21221044007b,35.88,8.0,95.0,3.66,84.82,4.16,123
2025-04-14 21:50:28.715885+00:00,70B3D57ED004558D,Hygro#55:8D,Hygro,Crofts South West Field,56.57950324451966,-2.7063292005198787,6a2e0320005f0177210e1044007c,35.88,8.0,95.0,3.75,84.62,4.16,124
2025-04-14 22:05:45.491467+00:00,70B3D57ED004558D,Hygro#55:8D,Hygro,Crofts South West Field,56.57950324451966,-2.7063292005198787,6a320320005f019221111046007d,35.89,8.0,95.0,4.02,84.65,4.17,125
2025-04-14 22:21:02.289217+00:00,70B3D57ED004558D,Hygro#55:8D,Hygro,Crofts South West Field,56.57950324451966,-2.7063292005198787,6a3f0320005f019621201046007e,35.94,8.0,95.0,4.06,84.8,4.17,126
2025-04-14 22:36:19.067085+00:00,70B3D57ED004558D,Hygro#55:8D,Hygro,Crofts South West Field,56.57950324451966,-2.7063292005198787,6a4c03200060019e21201044007f,36.0,8.0,96.0,4.14,84.8,4.16,127
2025-04-15 00:53:50.160173+00:00,70B3D57ED004558D,Hygro#55:8D,Hygro,Crofts South West Field,56.57950324451966,-2.7063292005198787,6a7b031600600196213d10440088,36.18,7.9,96.0,4.06,85.09,4.16,136
2025-04-15 02:25:30.855720+00:00,70B3D57ED004558D,Hygro#55:8D,Hygro,Crofts South West Field,56.57950324451966,-2.7063292005198787,6a95030c0060021921511040008e,36.28,7.8,96.0,5.37,85.29,4.16,142
2025-04-15 02:40:47.633185+00:00,70B3D57ED004558D,Hygro#55:8D,Hygro,Crofts South West Field,56.57950324451966,-2.7063292005198787,6a93030c00600213214c1042008f,36.27,7.8,96.0,5.31,85.24,4.16,143
2025-04-15 02:56:04.418311+00:00,70B3D57ED004558D,Hygro#55:8D,Hygro,Crofts South West Field,56.57950324451966,-2.7063292005198787,6a9a030c00600202215110440090,36.3,7.8,96.0,5.14,85.29,4.16,144
2025-04-15 03:11:21.198644+00:00,70B3D57ED004558D,Hygro#55:8D,Hygro,Crofts South West Field,56.57950324451966,-2.7063292005198787,6a9b030c006001f8215510400091,36.3,7.8,96.0,5.04,85.33,4.16,145
2025-04-15 03:26:37.978790+00:00,70B3D57ED004558D,Hygro#55:8D,Hygro,Crofts South West Field,56.57950324451966,-2.7063292005198787,6a9f0309005f01db215410400092,36.32,7.77,95.0,4.75,85.32,4.16,146
2025-04-15 03:41:54.760233+00:00,70B3D57ED004558D,Hygro#55:8D,Hygro,Crofts South West Field,56.57950324451966,-2.7063292005198787,6a9f0302006001ce215610420093,36.32,7.7,96.0,4.62,85.34,4.16,147
2025-04-15 03:57:11.535668+00:00,70B3D57ED004558D,Hygro#55:8D,Hygro,Crofts South West Field,56.57950324451966,-2.7063292005198787,6aa10302006001bd215e10420094,36.33,7.7,96.0,4.45,85.42,4.16,148
2025-04-15 04:27:45.096942+00:00,70B3D57ED004558D,Hygro#55:8D,Hygro,Crofts South West Field,56.57950324451966,-2.7063292005198787,6aa5030200600219215010400096,36.34,7.7,96.0,5.37,85.28,4.16,150
2025-04-15 04:58:18.653380+00:00,70B3D57ED004558D,Hygro#55:8D,Hygro,Crofts South West Field,56.57950324451966,-2.7063292005198787,6aaa0302006101bb214510400098,36.36,7.7,97.0,4.43,85.17,4.16,152
2025-04-15 05:13:35.437305+00:00,70B3D57ED004558D,Hygro#55:8D,Hygro,Crofts South West Field,56.57950324451966,-2.7063292005198787,6aae030200600183214310440099,36.38,7.7,96.0,3.87,85.15,4.16,153
2025-04-15 05:28:52.228447+00:00,70B3D57ED004558D,Hygro#55:8D,Hygro,Crofts South West Field,56.57950324451966,-2.7063292005198787,6aac03020060019a21631040009a,36.37,7.7,96.0,4.1,85.47,4.16,154
2025-04-15 05:44:09.011419+00:00,70B3D57ED004558D,Hygro#55:8D,Hygro,Crofts South West Field,56.57950324451966,-2.7063292005198787,6ab40302006101b3213e1044009b,36.4,7.7,97.0,4.35,85.1,4.16,155
2025-04-15 06:14:42.571099+00:00,70B3D57ED004558D,Hygro#55:8D,Hygro,Crofts South West Field,56.57950324451966,-2.7063292005198787,6ab503020060024d214e1040009d,36.4,7.7,96.0,5.89,85.26,4.16,157
2025-04-15 06:29:59.354391+00:00,70B3D57ED004558D,Hygro#55:8D,Hygro,Crofts South West Field,56.57950324451966,-2.7063292005198787,6abd030200610277214c1040009e,36.43,7.7,97.0,6.31,85.24,4.16,158
2025-04-15 06:45:16.132261+00:00,70B3D57ED004558D,Hygro#55:8D,Hygro,Crofts South West Field,56.57950324451966,-2.7063292005198787,6ab9030200600290215c1040009f,36.42,7.7,96.0,6.56,85.4,4.16,159
2025-04-15 07:15:49.668652+00:00,70B3D57ED004558D,Hygro#55:8D,Hygro,Crofts South West Field,56.57950324451966,-2.7063292005198787,6ac20302006102a0217d104000a1,36.45,7.7,97.0,6.72,85.73,4.16,161
2025-04-15 07:46:23.231297+00:00,70B3D57ED004558D,Hygro#55:8D,Hygro,Crofts South West Field,56.57950324451966,-2.7063292005198787,6ac20302006002d22181104000a3,36.45,7.7,96.0,7.22,85.77,4.16,163
2025-04-15 08:01:39.991583+00:00,70B3D57ED004558D,Hygro#55:8D,Hygro,Crofts South West Field,56.57950324451966,-2.7063292005198787,6abc0302006002c22187103e00a4,36.43,7.7,96.0,7.06,85.83,4.16,164
2025-04-15 08:16:56.773784+00:00,70B3D57ED004558D,Hygro#55:8D,Hygro,Crofts South West Field,56.57950324451966,-2.7063292005198787,6ac70302006102b72194104000a5,36.47,7.7,97.0,6.95,85.96,4.16,165
2025-04-15 08:32:13.547517+00:00,70B3D57ED004558D,Hygro#55:8D,Hygro,Crofts South West Field,56.57950324451966,-2.7063292005198787,6ac90302006102f42199104200a6,36.48,7.7,97.0,7.56,86.01,4.16,166
2025-04-15 09:02:47.082870+00:00,70B3D57ED004558D,Hygro#55:8D,Hygro,Crofts South West Field,56.57950324451966,-2.7063292005198787,6ac80302006102fe21b3104200a8,36.48,7.7,97.0,7.66,86.27,4.16,168
2025-04-15 09:18:03.859774+00:00,70B3D57ED004558D,Hygro#55:8D,Hygro,Crofts South West Field,56.57950324451966,-2.7063292005198787,6acb03020060039021d3103b00a9,36.49,7.7,96.0,9.12,86.59,4.16,169
2025-04-15 09:33:20.617861+00:00,70B3D57ED004558D,Hygro#55:8D,Hygro,Crofts South West Field,56.57950324451966,-2.7063292005198787,6ac30302006003ee21a9103b00aa,36.46,7.7,96.0,10.06,86.17,4.16,170
2025-04-15 09:48:37.389121+00:00,70B3D57ED004558D,Hygro#55:8D,Hygro,Crofts South West Field,56.57950324451966,-2.7063292005198787,6ac50302006103db21b6104000ab,36.46,7.7,97.0,9.87,86.3,4.16,171
2025-04-15 10:03:54.156682+00:00,70B3D57ED004558D,Hygro#55:8D,Hygro,Crofts South West Field,56.57950324451966,-2.7063292005198787,6ac50302006003a921e0104000ac,36.46,7.7,96.0,9.37,86.72,4.16,172
2025-04-15 10:19:10.929396+00:00,70B3D57ED004558D,Hygro#55:8D,Hygro,Crofts South West Field,56.57950324451966,-2.7063292005198787,6acd03020060035421de104000ad,36.5,7.7,96.0,8.52,86.7,4.16,173
2025-04-15 10:34:27.695724+00:00,70B3D57ED004558D,Hygro#55:8D,Hygro,Crofts South West Field,56.57950324451966,-2.7063292005198787,6ac903020060039821d0103e00ae,36.48,7.7,96.0,9.2,86.56,4.16,174
2025-04-15 10:49:44.462844+00:00,70B3D57ED004558D,Hygro#55:8D,Hygro,Crofts South West Field,56.57950324451966,-2.7063292005198787,6aca0302006003a321ea103b00af,36.48,7.7,96.0,9.31,86.82,4.16,175
2025-04-15 11:20:17.996674+00:00,70B3D57ED004558D,Hygro#55:8D,Hygro,Crofts South West Field,56.57950324451966,-2.7063292005198787,6acc030c006003a921e0103e00b1,36.49,7.8,96.0,9.37,86.72,4.16,177
2025-04-15 11:50:51.540834+00:00,70B3D57ED004558D,Hygro#55:8D,Hygro,Crofts South West Field,56.57950324451966,-2.7063292005198787,6aca030c006103a121ea103e00b3,36.48,7.8,97.0,9.29,86.82,4.16,179
2025-04-15 12:06:08.299458+00:00,70B3D57ED004558D,Hygro#55:8D,Hygro,Crofts South West Field,56.57950324451966,-2.7063292005198787,6acd030c006103d721e0104000b4,36.5,7.8,97.0,9.83,86.72,4.16,180
2025-04-15 12:21:25.071248+00:00,70B3D57ED004558D,Hygro#55:8D,Hygro,Crofts South West Field,56.57950324451966,-2.7063292005198787,6ac70316006003ab21c8103900b5,36.47,7.9,96.0,9.39,86.48,4.15,181
2025-04-15 12:51:58.608528+00:00,70B3D57ED004558D,Hygro#55:8D,Hygro,Crofts South West Field,56.57950324451966,-2.7063292005198787,6acd0316006103ec21f9103e00b7,36.5,7.9,97.0,10.04,86.97,4.16,183
2025-04-15 13:07:15.360924+00:00,70B3D57ED004558D,Hygro#55:8D,Hygro,Crofts South West Field,56.57950324451966,-2.7063292005198787,6acc03160061041121f7104000b8,36.49,7.9,97.0,10.41,86.95,4.16,184
2025-04-15 13:37:48.887802+00:00,70B3D57ED004558D,Hygro#55:8D,Hygro,Crofts South West Field,56.57950324451966,-2.7063292005198787,6ac903200061041321ef104400ba,36.48,8.0,97.0,10.43,86.87,4.16,186
2025-04-15 13:53:05.648621+00:00,70B3D57ED004558D,Hygro#55:8D,Hygro,Crofts South West Field,56.57950324451966,-2.7063292005198787,6acd032000610465220b105400bb,36.5,8.0,97.0,11.25,87.15,4.18,187
2025-04-15 14:08:22.408779+00:00,70B3D57ED004558D,Hygro#55:8D,Hygro,Crofts South West Field,56.57950324451966,-2.7063292005198787,6acd03200063047921d2105100bc,36.5,8.0,99.0,11.45,86.58,4.18,188
2025-04-15 14:38:55.932740+00:00,70B3D57ED004558D,Hygro#55:8D,Hygro,Crofts South West Field,56.57950324451966,-2.7063292005198787,6ac7032a0061041e21f1104d00be,36.47,8.1,97.0,10.54,86.89,4.17,190
2025-04-15 14:54:12.692384+00:00,70B3D57ED004558D,Hygro#55:8D,Hygro,Crofts South West Field,56.57950324451966,-2.7063292005198787,6ac4032a00610437220f104f00bf,36.46,8.1,97.0,10.79,87.19,4.17,191
2025-04-15 15:09:29.453621+00:00,70B3D57ED004558D,Hygro#55:8D,Hygro,Crofts South West Field,56.57950324451966,-2.7063292005198787,6aca032a0061046021f8104f00c0,36.48,8.1,97.0,11.2,86.96,4.17,192
2025-04-15 15:24:46.230157+00:00,70B3D57ED004558D,Hygro#55:8D,Hygro,Crofts South West Field,56.57950324451966,-2.7063292005198787,6acd032a006203cc21ad104d00c1,36.5,8.1,98.0,9.72,86.21,4.17,193
2025-04-15 15:40:02.983766+00:00,70B3D57ED004558D,Hygro#55:8D,Hygro,Crofts South West Field,56.57950324451966,-2.7063292005198787,6ac303340061037f21d3104900c2,36.46,8.2,97.0,8.95,86.59,4.17,194
2025-04-15 15:55:19.753243+00:00,70B3D57ED004558D,Hygro#55:8D,Hygro,Crofts South West Field,56.57950324451966,-2.7063292005198787,6ac503340062037b21c9104b00c3,36.46,8.2,98.0,8.91,86.49,4.17,195
2025-04-15 16:10:36.525419+00:00,70B3D57ED004558D,Hygro#55:8D,Hygro,Crofts South West Field,56.57950324451966,-2.7063292005198787,6ac903340062039d21d1104900c4,36.48,8.2,98.0,9.25,86.57,4.17,196
2025-04-15 16:56:26.811949+00:00,70B3D57ED004558D,Hygro#55:8D,Hygro,Crofts South West Field,56.57950324451966,-2.7063292005198787,6ac6033e006203a521a1104900c7,36.47,8.3,98.0,9.33,86.09,4.17,199
2025-04-15 17:11:43.580848+00:00,70B3D57ED004558D,Hygro#55:8D,Hygro,Crofts South West Field,56.57950324451966,-2.7063292005198787,6ac9033e006203b6219d104b00c8,36.48,8.3,98.0,9.5,86.05,4.17,200
2025-04-15 17:27:00.346837+00:00,70B3D57ED004558D,Hygro#55:8D,Hygro,Crofts South West Field,56.57950324451966,-2.7063292005198787,6ac9033e0061038a2175104b00c9,36.48,8.3,97.0,9.06,85.65,4.17,201
2025-04-15 17:42:17.116906+00:00,70B3D57ED004558D,Hygro#55:8D,Hygro,Crofts South West Field,56.57950324451966,-2.7063292005198787,6ac30343006203492186104900ca,36.46,8.35,98.0,8.41,85.82,4.17,202
2025-04-15 17:57:33.901694+00:00,70B3D57ED004558D,Hygro#55:8D,Hygro,Crofts South West Field,56.57950324451966,-2.7063292005198787,6ac30347006002e32179104600cb,36.46,8.39,96.0,7.39,85.69,4.17,203
2025-04-15 18:12:50.670625+00:00,70B3D57ED004558D,Hygro#55:8D,Hygro,Crofts South West Field,56.57950324451966,-2.7063292005198787,6ac503470061026a21a0104600cc,36.46,8.39,97.0,6.18,86.08,4.17,204
2025-04-15 18:58:41.002920+00:00,70B3D57ED004558D,Hygro#55:8D,Hygro,Crofts South West Field,56.57950324451966,-2.7063292005198787,6aca03470062024b2186104900cf,36.48,8.39,98.0,5.87,85.82,4.17,207
2025-04-15 19:13:57.832167+00:00,70B3D57ED004558D,Hygro#55:8D,Hygro,Crofts South West Field,56.57950324451966,-2.7063292005198787,6acb0347006102512172104900d0,36.49,8.39,97.0,5.93,85.62,4.17,208
2025-04-15 19:44:31.342259+00:00,70B3D57ED004558D,Hygro#55:8D,Hygro,Crofts South West Field,56.57950324451966,-2.7063292005198787,6ac9034700620258215e104b00d2,36.48,8.39,98.0,6.0,85.42,4.17,210
2025-04-15 20:30:21.662093+00:00,70B3D57ED004558D,Hygro#55:8D,Hygro,Crofts South West Field,56.57950324451966,-2.7063292005198787,6ac9034700620262215b104600d5,36.48,8.39,98.0,6.1,85.39,4.17,213
2025-04-15 21:31:28.774858+00:00,70B3D57ED004558D,Hygro#55:8D,Hygro,Crofts South West Field,56.57950324451966,-2.7063292005198787,6acd033e0061026e2155104600d9,36.5,8.3,97.0,6.22,85.33,4.17,217
2025-04-15 22:47:52.643417+00:00,70B3D57ED004558D,Hygro#55:8D,Hygro,Crofts South West Field,56.57950324451966,-2.7063292005198787,6acd033e0062027d215f104600de,36.5,8.3,98.0,6.37,85.43,4.17,222
2025-04-16 00:04:16.510845+00:00,70B3D57ED004558D,Hygro#55:8D,Hygro,Crofts South West Field,56.57950324451966,-2.7063292005198787,6ace0334006102082166104900e3,36.5,8.2,97.0,5.2,85.5,4.17,227
2025-04-16 00:19:33.284936+00:00,70B3D57ED004558D,Hygro#55:8D,Hygro,Crofts South West Field,56.57950324451966,-2.7063292005198787,6ad20334006102172170104600e4,36.52,8.2,97.0,5.35,85.6,4.17,228
2025-04-16 00:34:50.063130+00:00,70B3D57ED004558D,Hygro#55:8D,Hygro,Crofts South West Field,56.57950324451966,-2.7063292005198787,6ac90334006101e72151104400e5,36.48,8.2,97.0,4.87,85.29,4.16,229
2025-04-16 01:05:23.615747+00:00,70B3D57ED004558D,Hygro#55:8D,Hygro,Crofts South West Field,56.57950324451966,-2.7063292005198787,6ad5032a006301df2150104600e7,36.53,8.1,99.0,4.79,85.28,4.17,231
2025-04-16 03:38:11.442962+00:00,70B3D57ED004558D,Hygro#55:8D,Hygro,Crofts South West Field,56.57950324451966,-2.7063292005198787,6ad80320006101852140104200f1,36.54,8.0,97.0,3.89,85.12,4.16,241
2025-04-16 04:39:18.571653+00:00,70B3D57ED004558D,Hygro#55:8D,Hygro,Crofts South West Field,56.57950324451966,-2.7063292005198787,6ad70316006201a92131104600f5,36.53,7.9,98.0,4.25,84.97,4.17,245
2025-04-16 06:56:49.572598+00:00,70B3D57ED004558D,Hygro#55:8D,Hygro,Crofts South West Field,56.57950324451966,-2.7063292005198787,6adb030c006102452162104200fe,36.55,7.8,97.0,5.81,85.46,4.16,254
2025-04-16 07:12:06.348071+00:00,70B3D57ED004558D,Hygro#55:8D,Hygro,Crofts South West Field,56.57950324451966,-2.7063292005198787,6adc030200610255216f104000ff,36.55,7.7,97.0,5.97,85.59,4.16,255
2025-04-16 07:42:39.913092+00:00,70B3D57ED004558D,Hygro#55:8D,Hygro,Crofts South West Field,56.57950324451966,-2.7063292005198787,6adf030200620294217210400001,36.57,7.7,98.0,6.6,85.62,4.16,1
2025-04-16 08:13:13.453035+00:00,70B3D57ED004558D,Hygro#55:8D,Hygro,Crofts South West Field,56.57950324451966,-2.7063292005198787,6adb0302006002a92185103e0003,36.55,7.7,96.0,6.81,85.81,4.16,3
2025-04-16 08:28:30.221016+00:00,70B3D57ED004558D,Hygro#55:8D,Hygro,Crofts South West Field,56.57950324451966,-2.7063292005198787,6ae20302006002a92182103b0004,36.58,7.7,96.0,6.81,85.78,4.16,4
2025-04-16 09:14:20.542346+00:00,70B3D57ED004558D,Hygro#55:8D,Hygro,Crofts South West Field,56.57950324451966,-2.7063292005198787,6ae103020061031b21a2104f0007,36.57,7.7,97.0,7.95,86.1,4.17,7
2025-04-16 13:34:05.657671+00:00,70B3D57ED004558D,Hygro#55:8D,Hygro,Crofts South West Field,56.57950324451966,-2.7063292005198787,6ad7030c006202e1217e10490018,36.53,7.8,98.0,7.37,85.74,4.17,24
2025-04-16 14:35:12.759054+00:00,70B3D57ED004558D,Hygro#55:8D,Hygro,Crofts South West Field,56.57950324451966,-2.7063292005198787,6ad9030c0060027b21831044001c,36.54,7.8,96.0,6.35,85.79,4.16,28
2025-04-16 15:05:46.315966+00:00,70B3D57ED004558D,Hygro#55:8D,Hygro,Crofts South West Field,56.57950324451966,-2.7063292005198787,6ad7030c0060027f21871046001e,36.53,7.8,96.0,6.39,85.83,4.17,30
2025-04-16 15:36:19.864976+00:00,70B3D57ED004558D,Hygro#55:8D,Hygro,Crofts South West Field,56.57950324451966,-2.7063292005198787,6ad4030c0060024d219710460020,36.52,7.8,96.0,5.89,85.99,4.17,32
2025-04-16 15:51:36.646318+00:00,70B3D57ED004558D,Hygro#55:8D,Hygro,Crofts South West Field,56.57950324451966,-2.7063292005198787,6ad2030c0060026421cb10490021,36.52,7.8,96.0,6.12,86.51,4.17,33
2025-04-16 16:06:53.423320+00:00,70B3D57ED004558D,Hygro#55:8D,Hygro,Crofts South West Field,56.57950324451966,-2.7063292005198787,6ad2030c0061028321c2104d0022,36.52,7.8,97.0,6.43,86.42,4.17,34
2025-04-16 16:22:10.191811+00:00,70B3D57ED004558D,Hygro#55:8D,Hygro,Crofts South West Field,56.57950324451966,-2.7063292005198787,6ad0030c0060029021a8104d0023,36.51,7.8,96.0,6.56,86.16,4.17,35
2025-04-16 16:37:26.961784+00:00,70B3D57ED004558D,Hygro#55:8D,Hygro,Crofts South West Field,56.57950324451966,-2.7063292005198787,6ad5030c0061027321ab104d0024,36.53,7.8,97.0,6.27,86.19,4.17,36
2025-04-16 16:52:43.742968+00:00,70B3D57ED004558D,Hygro#55:8D,Hygro,Crofts South West Field,56.57950324451966,-2.7063292005198787,6ad2030c0061027d21b8104b0025,36.52,7.8,97.0,6.37,86.32,4.17,37
2025-04-16 17:08:00.510791+00:00,70B3D57ED004558D,Hygro#55:8D,Hygro,Crofts South West Field,56.57950324451966,-2.7063292005198787,6acd030c0061026e21b310490026,36.5,7.8,97.0,6.22,86.27,4.17,38
2025-04-16 17:23:17.292666+00:00,70B3D57ED004558D,Hygro#55:8D,Hygro,Crofts South West Field,56.57950324451966,-2.7063292005198787,6acf030c0061026421b710490027,36.5,7.8,97.0,6.12,86.31,4.17,39
2025-04-16 17:38:34.074826+00:00,70B3D57ED004558D,Hygro#55:8D,Hygro,Crofts South West Field,56.57950324451966,-2.7063292005198787,6ad3030c0061025e21b3104b0028,36.52,7.8,97.0,6.06,86.27,4.17,40
2025-04-16 17:53:50.849399+00:00,70B3D57ED004558D,Hygro#55:8D,Hygro,Crofts South West Field,56.57950324451966,-2.7063292005198787,6ad4030c0061025821b1104b0029,36.52,7.8,97.0,6.0,86.25,4.17,41
2025-04-16 18:09:07.618662+00:00,70B3D57ED004558D,Hygro#55:8D,Hygro,Crofts South West Field,56.57950324451966,-2.7063292005198787,6ad003160061025821ac104b002a,36.51,7.9,97.0,6.0,86.2,4.17,42
2025-04-16 18:24:24.443255+00:00,70B3D57ED004558D,Hygro#55:8D,Hygro,Crofts South West Field,56.57950324451966,-2.7063292005198787,6ad103160061023f21a31049002b,36.51,7.9,97.0,5.75,86.11,4.17,43
2025-04-16 18:39:41.182653+00:00,70B3D57ED004558D,Hygro#55:8D,Hygro,Crofts South West Field,56.57950324451966,-2.7063292005198787,6ad403160061023021a21049002c,36.52,7.9,97.0,5.6,86.1,4.17,44
2025-04-16 18:54:57.955700+00:00,70B3D57ED004558D,Hygro#55:8D,Hygro,Crofts South West Field,56.57950324451966,-2.7063292005198787,6aca031100610223219f1049002d,36.48,7.85,97.0,5.47,86.07,4.17,45
2025-04-16 19:25:31.514200+00:00,70B3D57ED004558D,Hygro#55:8D,Hygro,Crofts South West Field,56.57950324451966,-2.7063292005198787,6ad3030c0060022121a01049002f,36.52,7.8,96.0,5.45,86.08,4.17,47
2025-04-16 19:40:48.292513+00:00,70B3D57ED004558D,Hygro#55:8D,Hygro,Crofts South West Field,56.57950324451966,-2.7063292005198787,6ad7030c0061022621a1104b0030,36.53,7.8,97.0,5.5,86.09,4.17,48
2025-04-16 19:56:05.068473+00:00,70B3D57ED004558D,Hygro#55:8D,Hygro,Crofts South West Field,56.57950324451966,-2.7063292005198787,6ad5030c0061022e21a110440031,36.53,7.8,97.0,5.58,86.09,4.16,49
2025-04-16 20:11:21.844737+00:00,70B3D57ED004558D,Hygro#55:8D,Hygro,Crofts South West Field,56.57950324451966,-2.7063292005198787,6ad0030c0061023221a1104b0032,36.51,7.8,97.0,5.62,86.09,4.17,50
2025-04-16 20:26:38.625296+00:00,70B3D57ED004558D,Hygro#55:8D,Hygro,Crofts South West Field,56.57950324451966,-2.7063292005198787,6ad6030c0061023821a210490033,36.53,7.8,97.0,5.68,86.1,4.17,51
2025-04-16 20:41:55.413412+00:00,70B3D57ED004558D,Hygro#55:8D,Hygro,Crofts South West Field,56.57950324451966,-2.7063292005198787,6ad2030c0061023221aa104b0034,36.52,7.8,97.0,5.62,86.18,4.17,52
2025-04-16 21:12:28.952287+00:00,70B3D57ED004558D,Hygro#55:8D,Hygro,Crofts South West Field,56.57950324451966,-2.7063292005198787,6ad6030c0061022a21b110440036,36.53,7.8,97.0,5.54,86.25,4.16,54
2025-04-16 21:27:45.734887+00:00,70B3D57ED004558D,Hygro#55:8D,Hygro,Crofts South West Field,56.57950324451966,-2.7063292005198787,6ad6030c0061022a21b4104b0037,36.53,7.8,97.0,5.54,86.28,4.17,55
2025-04-16 21:43:02.513613+00:00,70B3D57ED004558D,Hygro#55:8D,Hygro,Crofts South West Field,56.57950324451966,-2.7063292005198787,6ada030c0061022121b310490038,36.55,7.8,97.0,5.45,86.27,4.17,56
2025-04-16 21:58:19.287020+00:00,70B3D57ED004558D,Hygro#55:8D,Hygro,Crofts South West Field,56.57950324451966,-2.7063292005198787,6ad8030c0061021321ab10490039,36.54,7.8,97.0,5.31,86.19,4.17,57
2025-04-16 22:13:36.075429+00:00,70B3D57ED004558D,Hygro#55:8D,Hygro,Crofts South West Field,56.57950324451966,-2.7063292005198787,6adc030c0061020221b51046003a,36.55,7.8,97.0,5.14,86.29,4.17,58
2025-04-16 22:28:52.853917+00:00,70B3D57ED004558D,Hygro#55:8D,Hygro,Crofts South West Field,56.57950324451966,-2.7063292005198787,6ade030c006101f121b41046003b,36.56,7.8,97.0,4.97,86.28,4.17,59
2025-04-16 22:44:09.635800+00:00,70B3D57ED004558D,Hygro#55:8D,Hygro,Crofts South West Field,56.57950324451966,-2.7063292005198787,6adc030c006101fe21b91044003c,36.55,7.8,97.0,5.1,86.33,4.16,60
2025-04-16 22:59:26.424772+00:00,70B3D57ED004558D,Hygro#55:8D,Hygro,Crofts South West Field,56.57950324451966,-2.7063292005198787,6ae0030c006201ed21aa1046003d,36.57,7.8,98.0,4.93,86.18,4.17,61
2025-04-16 23:29:59.966998+00:00,70B3D57ED004558D,Hygro#55:8D,Hygro,Crofts South West Field,56.57950324451966,-2.7063292005198787,6adb030c006101e521a91046003f,36.55,7.8,97.0,4.85,86.17,4.17,63
2025-04-17 00:00:33.525731+00:00,70B3D57ED004558D,Hygro#55:8D,Hygro,Crofts South West Field,56.57950324451966,-2.7063292005198787,6ae60302006101a621a210460041,36.59,7.7,97.0,4.22,86.1,4.17,65
2025-04-17 00:15:50.311971+00:00,70B3D57ED004558D,Hygro#55:8D,Hygro,Crofts South West Field,56.57950324451966,-2.7063292005198787,6ae803020061019621a710420042,36.6,7.7,97.0,4.06,86.15,4.16,66
2025-04-17 00:31:07.093365+00:00,70B3D57ED004558D,Hygro#55:8D,Hygro,Crofts South West Field,56.57950324451966,-2.7063292005198787,6ae703020061019621b310440043,36.6,7.7,97.0,4.06,86.27,4.16,67
2025-04-17 00:46:23.862710+00:00,70B3D57ED004558D,Hygro#55:8D,Hygro,Crofts South West Field,56.57950324451966,-2.7063292005198787,6ae70302006101f421ba10460044,36.6,7.7,97.0,5.0,86.34,4.17,68
2025-04-17 01:01:40.647055+00:00,70B3D57ED004558D,Hygro#55:8D,Hygro,Crofts South West Field,56.57950324451966,-2.7063292005198787,6aec0302006201df218210460045,36.62,7.7,98.0,4.79,85.78,4.17,69
2025-04-17 01:16:57.428471+00:00,70B3D57ED004558D,Hygro#55:8D,Hygro,Crofts South West Field,56.57950324451966,-2.7063292005198787,6ae703020062014f217110460046,36.6,7.7,98.0,3.35,85.61,4.17,70
2025-04-17 01:32:14.219751+00:00,70B3D57ED004558D,Hygro#55:8D,Hygro,Crofts South West Field,56.57950324451966,-2.7063292005198787,6aea03020062015121b110460047,36.61,7.7,98.0,3.37,86.25,4.17,71
2025-04-17 01:47:31.013500+00:00,70B3D57ED004558D,Hygro#55:8D,Hygro,Crofts South West Field,56.57950324451966,-2.7063292005198787,6aef03020061017021a910440048,36.63,7.7,97.0,3.68,86.17,4.16,72
2025-04-17 02:18:04.581275+00:00,70B3D57ED004558D,Hygro#55:8D,Hygro,Crofts South West Field,56.57950324451966,-2.7063292005198787,6aed0302006100fa217a1046004a,36.62,7.7,97.0,2.5,85.7,4.17,74
2025-04-17 02:33:21.359968+00:00,70B3D57ED004558D,Hygro#55:8D,Hygro,Crofts South West Field,56.57950324451966,-2.7063292005198787,6aee03020061013a21a41044004b,36.62,7.7,97.0,3.14,86.12,4.16,75
2025-04-17 02:48:38.138066+00:00,70B3D57ED004558D,Hygro#55:8D,Hygro,Crofts South West Field,56.57950324451966,-2.7063292005198787,6af203020061011321741044004c,36.64,7.7,97.0,2.75,85.64,4.16,76
2025-04-17 03:19:11.718974+00:00,70B3D57ED004558D,Hygro#55:8D,Hygro,Crofts South West Field,56.57950324451966,-2.7063292005198787,6af302f8006100de21741046004e,36.64,7.6,97.0,2.22,85.64,4.17,78
2025-04-17 03:49:45.287648+00:00,70B3D57ED004558D,Hygro#55:8D,Hygro,Crofts South West Field,56.57950324451966,-2.7063292005198787,6af502f800620117218910420050,36.65,7.6,98.0,2.79,85.85,4.16,80
2025-04-17 04:35:35.635248+00:00,70B3D57ED004558D,Hygro#55:8D,Hygro,Crofts South West Field,56.57950324451966,-2.7063292005198787,6afd02f8006100e3216810420053,36.68,7.6,97.0,2.27,85.52,4.16,83
2025-04-17 05:06:09.201824+00:00,70B3D57ED004558D,Hygro#55:8D,Hygro,Crofts South West Field,56.57950324451966,-2.7063292005198787,6afe02ee006100c8218610440055,36.69,7.5,97.0,2.0,85.82,4.16,85
2025-04-17 06:07:16.330766+00:00,70B3D57ED004558D,Hygro#55:8D,Hygro,Crofts South West Field,56.57950324451966,-2.7063292005198787,6b0a02ee00610187220710440059,36.73,7.5,97.0,3.91,87.11,4.16,89
2025-04-17 06:37:49.874893+00:00,70B3D57ED004558D,Hygro#55:8D,Hygro,Crofts South West Field,56.57950324451966,-2.7063292005198787,6b0902e4006201fc22f81040005b,36.73,7.4,98.0,5.08,89.52,4.16,91
2025-04-17 06:53:06.638459+00:00,70B3D57ED004558D,Hygro#55:8D,Hygro,Crofts South West Field,56.57950324451966,-2.7063292005198787,6b0a02e40061025e23581042005c,36.73,7.4,97.0,6.06,90.48,4.16,92
2025-04-17 07:38:56.940403+00:00,70B3D57ED004558D,Hygro#55:8D,Hygro,Crofts South West Field,56.57950324451966,-2.7063292005198787,6b0d02e40061030d2337104b005f,36.74,7.4,97.0,7.81,90.15,4.17,95
2025-04-17 07:54:13.705459+00:00,70B3D57ED004558D,Hygro#55:8D,Hygro,Crofts South West Field,56.57950324451966,-2.7063292005198787,6b0c02e400600302235d104b0060,36.74,7.4,96.0,7.7,90.53,4.17,96
2025-04-17 08:09:30.469404+00:00,70B3D57ED004558D,Hygro#55:8D,Hygro,Crofts South West Field,56.57950324451966,-2.7063292005198787,6b0e02e4006203542337104f0061,36.75,7.4,98.0,8.52,90.15,4.17,97
2025-04-17 08:24:47.240659+00:00,70B3D57ED004558D,Hygro#55:8D,Hygro,Crofts South West Field,56.57950324451966,-2.7063292005198787,6b0d02e4006203f422da10560062,36.74,7.4,98.0,10.12,89.22,4.18,98
2025-04-17 09:10:37.524130+00:00,70B3D57ED004558D,Hygro#55:8D,Hygro,Crofts South West Field,56.57950324451966,-2.7063292005198787,6b1002e4006204b62227104b0065,36.76,7.4,98.0,12.06,87.43,4.17,101
2025-04-17 09:25:54.283362+00:00,70B3D57ED004558D,Hygro#55:8D,Hygro,Crofts South West Field,56.57950324451966,-2.7063292005198787,6b0d02e4006204c2229010490066,36.74,7.4,98.0,12.18,88.48,4.17,102
2025-04-17 09:41:11.048506+00:00,70B3D57ED004558D,Hygro#55:8D,Hygro,Crofts South West Field,56.57950324451966,-2.7063292005198787,6b0c02e400610584228a10460067,36.74,7.4,97.0,14.12,88.42,4.17,103
2025-04-17 10:11:44.573182+00:00,70B3D57ED004558D,Hygro#55:8D,Hygro,Crofts South West Field,56.57950324451966,-2.7063292005198787,6b0a02ee006204ea226610490069,36.73,7.5,98.0,12.58,88.06,4.17,105
2025-04-17 10:27:01.329830+00:00,70B3D57ED004558D,Hygro#55:8D,Hygro,Crofts South West Field,56.57950324451966,-2.7063292005198787,6b0a02ee0062042a2265104b006a,36.73,7.5,98.0,10.66,88.05,4.17,106
2025-04-17 10:42:18.101948+00:00,70B3D57ED004558D,Hygro#55:8D,Hygro,Crofts South West Field,56.57950324451966,-2.7063292005198787,6b0d02ee006203d92274104b006b,36.74,7.5,98.0,9.85,88.2,4.17,107
2025-04-17 10:57:34.877325+00:00,70B3D57ED004558D,Hygro#55:8D,Hygro,Crofts South West Field,56.57950324451966,-2.7063292005198787,6b0b02f8006103e82248104b006c,36.74,7.6,97.0,10.0,87.76,4.17,108
2025-04-17 11:12:51.643211+00:00,70B3D57ED004558D,Hygro#55:8D,Hygro,Crofts South West Field,56.57950324451966,-2.7063292005198787,6b0802f80061039d22291049006d,36.72,7.6,97.0,9.25,87.45,4.17,109
2025-04-17 11:28:08.414626+00:00,70B3D57ED004558D,Hygro#55:8D,Hygro,Crofts South West Field,56.57950324451966,-2.7063292005198787,6b0b0302006203a722261049006e,36.74,7.7,98.0,9.35,87.42,4.17,110
2025-04-17 11:43:25.193686+00:00,70B3D57ED004558D,Hygro#55:8D,Hygro,Crofts South West Field,56.57950324451966,-2.7063292005198787,6b0903020061038422191046006f,36.73,7.7,97.0,9.0,87.29,4.17,111
2025-04-17 12:13:58.748123+00:00,70B3D57ED004558D,Hygro#55:8D,Hygro,Crofts South West Field,56.57950324451966,-2.7063292005198787,6b0603020062030b220710490071,36.72,7.7,98.0,7.79,87.11,4.17,113
2025-04-17 12:29:15.512725+00:00,70B3D57ED004558D,Hygro#55:8D,Hygro,Crofts South West Field,56.57950324451966,-2.7063292005198787,6b05030c00610345222c10460072,36.71,7.8,97.0,8.37,87.48,4.17,114
2025-04-17 13:15:05.857284+00:00,70B3D57ED004558D,Hygro#55:8D,Hygro,Crofts South West Field,56.57950324451966,-2.7063292005198787,6b06030c00620430225b10490075,36.72,7.8,98.0,10.72,87.95,4.17,117
2025-04-17 13:30:22.626639+00:00,70B3D57ED004558D,Hygro#55:8D,Hygro,Crofts South West Field,56.57950324451966,-2.7063292005198787,6b05031600620533223510440076,36.71,7.9,98.0,13.31,87.57,4.16,118
2025-04-17 13:45:39.402401+00:00,70B3D57ED004558D,Hygro#55:8D,Hygro,Crofts South West Field,56.57950324451966,-2.7063292005198787,6afe03160063052d220c10460077,36.69,7.9,99.0,13.25,87.16,4.17,119
2025-04-17 14:00:56.166506+00:00,70B3D57ED004558D,Hygro#55:8D,Hygro,Crofts South West Field,56.57950324451966,-2.7063292005198787,6b050316006304a7223610440078,36.71,7.9,99.0,11.91,87.58,4.16,120
2025-04-17 14:16:12.939487+00:00,70B3D57ED004558D,Hygro#55:8D,Hygro,Crofts South West Field,56.57950324451966,-2.7063292005198787,6b0703160062048a226a10440079,36.72,7.9,98.0,11.62,88.1,4.16,121
2025-04-17 14:31:29.705739+00:00,70B3D57ED004558D,Hygro#55:8D,Hygro,Crofts South West Field,56.57950324451966,-2.7063292005198787,6b060320006204e2227a1044007a,36.72,8.0,98.0,12.5,88.26,4.16,122
2025-04-17 14:46:46.473951+00:00,70B3D57ED004558D,Hygro#55:8D,Hygro,Crofts South West Field,56.57950324451966,-2.7063292005198787,6b0603200062067a22501046007b,36.72,8.0,98.0,16.58,87.84,4.17,123
2025-04-17 15:02:03.233184+00:00,70B3D57ED004558D,Hygro#55:8D,Hygro,Crofts South West Field,56.57950324451966,-2.7063292005198787,6b0403200062051e21e41046007c,36.71,8.0,98.0,13.1,86.76,4.17,124
2025-04-17 15:17:20.003827+00:00,70B3D57ED004558D,Hygro#55:8D,Hygro,Crofts South West Field,56.57950324451966,-2.7063292005198787,6b0b0320006204c0225a1044007d,36.74,8.0,98.0,12.16,87.94,4.16,125
2025-04-17 15:32:36.780890+00:00,70B3D57ED004558D,Hygro#55:8D,Hygro,Crofts South West Field,56.57950324451966,-2.7063292005198787,6b07032a006303db22021044007e,36.72,8.1,99.0,9.87,87.06,4.16,126
2025-04-17 16:03:10.313469+00:00,70B3D57ED004558D,Hygro#55:8D,Hygro,Crofts South West Field,56.57950324451966,-2.7063292005198787,6b04032a0062055621fc10460080,36.71,8.1,98.0,13.66,87.0,4.17,128
2025-04-17 16:18:27.074531+00:00,70B3D57ED004558D,Hygro#55:8D,Hygro,Crofts South West Field,56.57950324451966,-2.7063292005198787,6b060334006205aa20ea10460081,36.72,8.2,98.0,14.5,84.26,4.17,129
2025-04-17 16:33:43.839453+00:00,70B3D57ED004558D,Hygro#55:8D,Hygro,Crofts South West Field,56.57950324451966,-2.7063292005198787,6b07033400620450214a10420082,36.72,8.2,98.0,11.04,85.22,4.16,130
2025-04-17 16:49:00.604931+00:00,70B3D57ED004558D,Hygro#55:8D,Hygro,Crofts South West Field,56.57950324451966,-2.7063292005198787,6b10033400620477212610460083,36.76,8.2,98.0,11.43,84.86,4.17,131
2025-04-17 17:04:17.363733+00:00,70B3D57ED004558D,Hygro#55:8D,Hygro,Crofts South West Field,56.57950324451966,-2.7063292005198787,6b0d033e0062047120c110460084,36.74,8.3,98.0,11.37,83.85,4.17,132
2025-04-17 17:19:34.140224+00:00,70B3D57ED004558D,Hygro#55:8D,Hygro,Crofts South West Field,56.57950324451966,-2.7063292005198787,6b0e033e006304bc219410460085,36.75,8.3,99.0,12.12,85.96,4.17,133
2025-04-17 17:34:50.919371+00:00,70B3D57ED004558D,Hygro#55:8D,Hygro,Crofts South West Field,56.57950324451966,-2.7063292005198787,6b0a033e006303cf205d10460086,36.73,8.3,99.0,9.75,82.85,4.17,134
2025-04-17 17:50:07.694141+00:00,70B3D57ED004558D,Hygro#55:8D,Hygro,Crofts South West Field,56.57950324451966,-2.7063292005198787,6b0b033e00630326210d10420087,36.74,8.3,99.0,8.06,84.61,4.16,135
2025-04-17 18:05:24.472419+00:00,70B3D57ED004558D,Hygro#55:8D,Hygro,Crofts South West Field,56.57950324451966,-2.7063292005198787,6b0d033e00620319217710420088,36.74,8.3,98.0,7.93,85.67,4.16,136
2025-04-17 18:20:41.248391+00:00,70B3D57ED004558D,Hygro#55:8D,Hygro,Crofts South West Field,56.57950324451966,-2.7063292005198787,6b0a033e0062035a214710440089,36.73,8.3,98.0,8.58,85.19,4.16,137
2025-04-17 18:35:58.031887+00:00,70B3D57ED004558D,Hygro#55:8D,Hygro,Crofts South West Field,56.57950324451966,-2.7063292005198787,6b0c033e006202d921361046008a,36.74,8.3,98.0,7.29,85.02,4.17,138
2025-04-17 18:51:14.802322+00:00,70B3D57ED004558D,Hygro#55:8D,Hygro,Crofts South West Field,56.57950324451966,-2.7063292005198787,6b120346006202a5215f1046008b,36.76,8.38,98.0,6.77,85.43,4.17,139
2025-04-17 19:06:31.586902+00:00,70B3D57ED004558D,Hygro#55:8D,Hygro,Crofts South West Field,56.57950324451966,-2.7063292005198787,6b1203410062028721711044008c,36.76,8.33,98.0,6.47,85.61,4.16,140
2025-04-17 19:21:48.366047+00:00,70B3D57ED004558D,Hygro#55:8D,Hygro,Crofts South West Field,56.57950324451966,-2.7063292005198787,6b0e033e0062027521781046008d,36.75,8.3,98.0,6.29,85.68,4.17,141
2025-04-17 19:37:05.152366+00:00,70B3D57ED004558D,Hygro#55:8D,Hygro,Crofts South West Field,56.57950324451966,-2.7063292005198787,6b13033e0062021321661042008e,36.77,8.3,98.0,5.31,85.5,4.16,142
2025-04-17 19:52:21.940603+00:00,70B3D57ED004558D,Hygro#55:8D,Hygro,Crofts South West Field,56.57950324451966,-2.7063292005198787,6b11033e0062019821711049008f,36.76,8.3,98.0,4.08,85.61,4.17,143
2025-04-17 20:07:38.734917+00:00,70B3D57ED004558D,Hygro#55:8D,Hygro,Crofts South West Field,56.57950324451966,-2.7063292005198787,6b15033e00620151217210460090,36.78,8.3,98.0,3.37,85.62,4.17,144
2025-04-17 20:22:55.520351+00:00,70B3D57ED004558D,Hygro#55:8D,Hygro,Crofts South West Field,56.57950324451966,-2.7063292005198787,6b16033e0062014b218810440091,36.78,8.3,98.0,3.31,85.84,4.16,145
2025-04-17 21:08:45.913020+00:00,70B3D57ED004558D,Hygro#55:8D,Hygro,Crofts South West Field,56.57950324451966,-2.7063292005198787,6b1b033e00620140213810460094,36.8,8.3,98.0,3.2,85.04,4.17,148
2025-04-17 21:39:19.488254+00:00,70B3D57ED004558D,Hygro#55:8D,Hygro,Crofts South West Field,56.57950324451966,-2.7063292005198787,6b1c033400620153213810440096,36.8,8.2,98.0,3.39,85.04,4.16,150
2025-04-17 21:54:36.279965+00:00,70B3D57ED004558D,Hygro#55:8D,Hygro,Crofts South West Field,56.57950324451966,-2.7063292005198787,6b1c033400630125215110460097,36.8,8.2,99.0,2.93,85.29,4.17,151
2025-04-17 22:09:53.074269+00:00,70B3D57ED004558D,Hygro#55:8D,Hygro,Crofts South West Field,56.57950324451966,-2.7063292005198787,6b210334006200f5215610400098,36.82,8.2,98.0,2.45,85.34,4.16,152
2025-04-17 22:25:09.864880+00:00,70B3D57ED004558D,Hygro#55:8D,Hygro,Crofts South West Field,56.57950324451966,-2.7063292005198787,6b1e032a006300bf215a10440099,36.81,8.1,99.0,1.91,85.38,4.16,153
2025-04-17 22:40:26.680772+00:00,70B3D57ED004558D,Hygro#55:8D,Hygro,Crofts South West Field,56.57950324451966,-2.7063292005198787,6b20032a006300c8214d1044009a,36.82,8.1,99.0,2.0,85.25,4.16,154
2025-04-17 22:55:43.468932+00:00,70B3D57ED004558D,Hygro#55:8D,Hygro,Crofts South West Field,56.57950324451966,-2.7063292005198787,6b20032a006200ac21401044009b,36.82,8.1,98.0,1.72,85.12,4.16,155
2025-04-17 23:11:00.271730+00:00,70B3D57ED004558D,Hygro#55:8D,Hygro,Crofts South West Field,56.57950324451966,-2.7063292005198787,6b22032a006300a221441042009c,36.83,8.1,99.0,1.62,85.16,4.16,156
2025-04-17 23:56:50.682921+00:00,70B3D57ED004558D,Hygro#55:8D,Hygro,Crofts South West Field,56.57950324451966,-2.7063292005198787,6b2203200063005b214f1044009f,36.83,8.0,99.0,0.91,85.27,4.16,159
2025-04-18 00:27:24.294312+00:00,70B3D57ED004558D,Hygro#55:8D,Hygro,Crofts South West Field,56.57950324451966,-2.7063292005198787,6b2403200062002b2141104400a1,36.83,8.0,98.0,0.43,85.13,4.16,161
2025-04-18 00:57:57.904698+00:00,70B3D57ED004558D,Hygro#55:8D,Hygro,Crofts South West Field,56.57950324451966,-2.7063292005198787,6b29031600640021214c104200a3,36.85,7.9,100.0,0.33,85.24,4.16,163
2025-04-18 01:28:31.503133+00:00,70B3D57ED004558D,Hygro#55:8D,Hygro,Crofts South West Field,56.57950324451966,-2.7063292005198787,6b29030c0063004d2142104600a5,36.85,7.8,99.0,0.77,85.14,4.17,165
2025-04-18 01:43:48.308349+00:00,70B3D57ED004558D,Hygro#55:8D,Hygro,Crofts South West Field,56.57950324451966,-2.7063292005198787,6b2c030c0063002d2136104200a6,36.86,7.8,99.0,0.45,85.02,4.16,166
2025-04-18 03:00:12.344463+00:00,70B3D57ED004558D,Hygro#55:8D,Hygro,Crofts South West Field,56.57950324451966,-2.7063292005198787,6b30030200630025213d104200ab,36.88,7.7,99.0,0.37,85.09,4.16,171
2025-04-18 03:15:29.147688+00:00,70B3D57ED004558D,Hygro#55:8D,Hygro,Crofts South West Field,56.57950324451966,-2.7063292005198787,6b3002f800620038214b104200ac,36.88,7.6,98.0,0.56,85.23,4.16,172
2025-04-18 03:30:45.955004+00:00,70B3D57ED004558D,Hygro#55:8D,Hygro,Crofts South West Field,56.57950324451966,-2.7063292005198787,6b3602f8006300402150104200ad,36.9,7.6,99.0,0.64,85.28,4.16,173
2025-04-18 03:46:02.756262+00:00,70B3D57ED004558D,Hygro#55:8D,Hygro,Crofts South West Field,56.57950324451966,-2.7063292005198787,6b3802f800620014214e104200ae,36.91,7.6,98.0,0.2,85.26,4.16,174
2025-04-18 04:01:19.560824+00:00,70B3D57ED004558D,Hygro#55:8D,Hygro,Crofts South West Field,56.57950324451966,-2.7063292005198787,6b3802ee00620008215d104400af,36.91,7.5,98.0,0.08,85.41,4.16,175
2025-04-18 04:16:36.371713+00:00,70B3D57ED004558D,Hygro#55:8D,Hygro,Crofts South West Field,56.57950324451966,-2.7063292005198787,6b3902ee0062ffaf2159104200b0,36.91,7.5,98.0,654.55,85.37,4.16,176
2025-04-18 05:33:00.396625+00:00,70B3D57ED004558D,Hygro#55:8D,Hygro,Crofts South West Field,56.57950324451966,-2.7063292005198787,6b3302e40062ffee2141104200b5,36.89,7.4,98.0,655.18,85.13,4.16,181
2025-04-18 05:48:17.209447+00:00,70B3D57ED004558D,Hygro#55:8D,Hygro,Crofts South West Field,56.57950324451966,-2.7063292005198787,6b3e02e40062001f2156104400b6,36.93,7.4,98.0,0.31,85.34,4.16,182
2025-04-18 06:03:34.006171+00:00,70B3D57ED004558D,Hygro#55:8D,Hygro,Crofts South West Field,56.57950324451966,-2.7063292005198787,6b3902da006300dc217e103e00b7,36.91,7.3,99.0,2.2,85.74,4.16,183
2025-04-18 06:34:07.574612+00:00,70B3D57ED004558D,Hygro#55:8D,Hygro,Crofts South West Field,56.57950324451966,-2.7063292005198787,6b4102da006201bf2249104000b9,36.95,7.3,98.0,4.47,87.77,4.16,185
2025-04-18 06:49:24.347191+00:00,70B3D57ED004558D,Hygro#55:8D,Hygro,Crofts South West Field,56.57950324451966,-2.7063292005198787,6b3c02da0062023222a8103e00ba,36.93,7.3,98.0,5.62,88.72,4.16,186
2025-04-18 07:04:41.117479+00:00,70B3D57ED004558D,Hygro#55:8D,Hygro,Crofts South West Field,56.57950324451966,-2.7063292005198787,6b3c02da006302872305104200bb,36.93,7.3,99.0,6.47,89.65,4.16,187
2025-04-18 07:19:57.892043+00:00,70B3D57ED004558D,Hygro#55:8D,Hygro,Crofts South West Field,56.57950324451966,-2.7063292005198787,6b3e02d0006202852339104000bc,36.93,7.2,98.0,6.45,90.17,4.16,188
2025-04-18 07:35:14.659724+00:00,70B3D57ED004558D,Hygro#55:8D,Hygro,Crofts South West Field,56.57950324451966,-2.7063292005198787,6b3f02d00062029e232c104200bd,36.94,7.2,98.0,6.7,90.04,4.16,189
2025-04-18 07:50:31.423787+00:00,70B3D57ED004558D,Hygro#55:8D,Hygro,Crofts South West Field,56.57950324451966,-2.7063292005198787,6b4102d00062028a22f2104400be,36.95,7.2,98.0,6.5,89.46,4.16,190
2025-04-18 08:05:48.209102+00:00,70B3D57ED004558D,Hygro#55:8D,Hygro,Crofts South West Field,56.57950324451966,-2.7063292005198787,6b4202d0006302db2333104900bf,36.95,7.2,99.0,7.31,90.11,4.17,191
2025-04-18 08:21:04.970545+00:00,70B3D57ED004558D,Hygro#55:8D,Hygro,Crofts South West Field,56.57950324451966,-2.7063292005198787,6b3e02d00062031b22ba105100c0,36.93,7.2,98.0,7.95,88.9,4.18,192
2025-04-18 08:36:21.732939+00:00,70B3D57ED004558D,Hygro#55:8D,Hygro,Crofts South West Field,56.57950324451966,-2.7063292005198787,6b3a02d00063038e229b104f00c1,36.92,7.2,99.0,9.1,88.59,4.17,193
2025-04-18 09:06:55.283904+00:00,70B3D57ED004558D,Hygro#55:8D,Hygro,Crofts South West Field,56.57950324451966,-2.7063292005198787,6b3d02d0006303862356104900c3,36.93,7.2,99.0,9.02,90.46,4.17,195
2025-04-18 09:22:12.054542+00:00,70B3D57ED004558D,Hygro#55:8D,Hygro,Crofts South West Field,56.57950324451966,-2.7063292005198787,6b3a02d0006203b3230e104900c4,36.92,7.2,98.0,9.47,89.74,4.17,196
2025-04-18 09:37:28.821855+00:00,70B3D57ED004558D,Hygro#55:8D,Hygro,Crofts South West Field,56.57950324451966,-2.7063292005198787,6b3c02d0006203b622d9104900c5,36.93,7.2,98.0,9.5,89.21,4.17,197
2025-04-18 09:52:45.586347+00:00,70B3D57ED004558D,Hygro#55:8D,Hygro,Crofts South West Field,56.57950324451966,-2.7063292005198787,6b3c02d0006303a922d2104b00c6,36.93,7.2,99.0,9.37,89.14,4.17,198
2025-04-18 10:23:19.106649+00:00,70B3D57ED004558D,Hygro#55:8D,Hygro,Crofts South West Field,56.57950324451966,-2.7063292005198787,6b3b02da006304b022e3104400c8,36.92,7.3,99.0,12.0,89.31,4.16,200
2025-04-18 10:38:35.896454+00:00,70B3D57ED004558D,Hygro#55:8D,Hygro,Crofts South West Field,56.57950324451966,-2.7063292005198787,6b3602da0062037922cc104600c9,36.9,7.3,98.0,8.89,89.08,4.17,201
2025-04-18 11:09:09.433225+00:00,70B3D57ED004558D,Hygro#55:8D,Hygro,Crofts South West Field,56.57950324451966,-2.7063292005198787,6b3602e4006303cf22cc104600cb,36.9,7.4,99.0,9.75,89.08,4.17,203
2025-04-18 11:24:26.199074+00:00,70B3D57ED004558D,Hygro#55:8D,Hygro,Crofts South West Field,56.57950324451966,-2.7063292005198787,6b3602e4006303f022d1104900cc,36.9,7.4,99.0,10.08,89.13,4.17,204
2025-04-18 11:39:42.977333+00:00,70B3D57ED004558D,Hygro#55:8D,Hygro,Crofts South West Field,56.57950324451966,-2.7063292005198787,6b3002ee006403dd22a3104600cd,36.88,7.5,100.0,9.89,88.67,4.17,205
2025-04-18 11:54:59.743628+00:00,70B3D57ED004558D,Hygro#55:8D,Hygro,Crofts South West Field,56.57950324451966,-2.7063292005198787,6b2f02ee006203d12292104900ce,36.88,7.5,98.0,9.77,88.5,4.17,206
2025-04-18 12:10:16.523080+00:00,70B3D57ED004558D,Hygro#55:8D,Hygro,Crofts South West Field,56.57950324451966,-2.7063292005198787,6b3202f8006303b82281104b00cf,36.89,7.6,99.0,9.52,88.33,4.17,207
2025-04-18 12:25:33.296094+00:00,70B3D57ED004558D,Hygro#55:8D,Hygro,Crofts South West Field,56.57950324451966,-2.7063292005198787,6b2d02f8006203a32282104600d0,36.87,7.6,98.0,9.31,88.34,4.17,208
2025-04-18 12:40:50.085184+00:00,70B3D57ED004558D,Hygro#55:8D,Hygro,Crofts South West Field,56.57950324451966,-2.7063292005198787,6b3002f80063039d2273104900d1,36.88,7.6,99.0,9.25,88.19,4.17,209
2025-04-18 12:56:06.851702+00:00,70B3D57ED004558D,Hygro#55:8D,Hygro,Crofts South West Field,56.57950324451966,-2.7063292005198787,6b2703020063039d2264104600d2,36.84,7.7,99.0,9.25,88.04,4.17,210
2025-04-18 13:11:23.627746+00:00,70B3D57ED004558D,Hygro#55:8D,Hygro,Crofts South West Field,56.57950324451966,-2.7063292005198787,6b2a0302006303fa227f104b00d3,36.86,7.7,99.0,10.18,88.31,4.17,211
2025-04-18 13:41:57.155548+00:00,70B3D57ED004558D,Hygro#55:8D,Hygro,Crofts South West Field,56.57950324451966,-2.7063292005198787,6b22030c0063040f222b104900d5,36.83,7.8,99.0,10.39,87.47,4.17,213
2025-04-18 13:57:13.935055+00:00,70B3D57ED004558D,Hygro#55:8D,Hygro,Crofts South West Field,56.57950324451966,-2.7063292005198787,6b25030c006303f02246104900d6,36.84,7.8,99.0,10.08,87.74,4.17,214
2025-04-18 14:12:30.711648+00:00,70B3D57ED004558D,Hygro#55:8D,Hygro,Crofts South West Field,56.57950324451966,-2.7063292005198787,6b22030c00620409224b104400d7,36.83,7.8,98.0,10.33,87.79,4.16,215
2025-04-18 14:27:47.478282+00:00,70B3D57ED004558D,Hygro#55:8D,Hygro,Crofts South West Field,56.57950324451966,-2.7063292005198787,6b200316006203e32249104400d8,36.82,7.9,98.0,9.95,87.77,4.16,216
2025-04-18 14:58:21.029041+00:00,70B3D57ED004558D,Hygro#55:8D,Hygro,Crofts South West Field,56.57950324451966,-2.7063292005198787,6b1d0316006303a5224a104400da,36.81,7.9,99.0,9.33,87.78,4.16,218
2025-04-18 15:59:28.131672+00:00,70B3D57ED004558D,Hygro#55:8D,Hygro,Crofts South West Field,56.57950324451966,-2.7063292005198787,6b1b0320006302e92226104400de,36.8,8.0,99.0,7.45,87.42,4.16,222
2025-04-18 16:14:44.899439+00:00,70B3D57ED004558D,Hygro#55:8D,Hygro,Crofts South West Field,56.57950324451966,-2.7063292005198787,6b170320006302e72219104600df,36.78,8.0,99.0,7.43,87.29,4.17,223
2025-04-18 16:30:01.681694+00:00,70B3D57ED004558D,Hygro#55:8D,Hygro,Crofts South West Field,56.57950324451966,-2.7063292005198787,6b17032a006302db2201104600e0,36.78,8.1,99.0,7.31,87.05,4.17,224
2025-04-18 16:45:18.477204+00:00,70B3D57ED004558D,Hygro#55:8D,Hygro,Crofts South West Field,56.57950324451966,-2.7063292005198787,6b17032a006302c421f9104400e1,36.78,8.1,99.0,7.08,86.97,4.16,225
2025-04-18 17:00:35.230484+00:00,70B3D57ED004558D,Hygro#55:8D,Hygro,Crofts South West Field,56.57950324451966,-2.7063292005198787,6b1a032a006402b321fc104400e2,36.79,8.1,100.0,6.91,87.0,4.16,226
2025-04-18 17:15:52.010801+00:00,70B3D57ED004558D,Hygro#55:8D,Hygro,Crofts South West Field,56.57950324451966,-2.7063292005198787,6b19032a006302a921f4104200e3,36.79,8.1,99.0,6.81,86.92,4.16,227
2025-04-18 17:46:25.580487+00:00,70B3D57ED004558D,Hygro#55:8D,Hygro,Crofts South West Field,56.57950324451966,-2.7063292005198787,6b13032a0063029a21e0104900e5,36.77,8.1,99.0,6.66,86.72,4.17,229
2025-04-18 18:01:42.366046+00:00,70B3D57ED004558D,Hygro#55:8D,Hygro,Crofts South West Field,56.57950324451966,-2.7063292005198787,6b17032a0063029a21d9104900e6,36.78,8.1,99.0,6.66,86.65,4.17,230
2025-04-18 18:16:59.138939+00:00,70B3D57ED004558D,Hygro#55:8D,Hygro,Crofts South West Field,56.57950324451966,-2.7063292005198787,6b1b032a0063029021d7104400e7,36.8,8.1,99.0,6.56,86.63,4.16,231
2025-04-18 18:32:15.925207+00:00,70B3D57ED004558D,Hygro#55:8D,Hygro,Crofts South West Field,56.57950324451966,-2.7063292005198787,6b12032a0062028c21d6104600e8,36.76,8.1,98.0,6.52,86.62,4.17,232
2025-04-18 18:47:32.701204+00:00,70B3D57ED004558D,Hygro#55:8D,Hygro,Crofts South West Field,56.57950324451966,-2.7063292005198787,6b18032a0063027321d6104900e9,36.79,8.1,99.0,6.27,86.62,4.17,233
2025-04-18 19:02:49.482988+00:00,70B3D57ED004558D,Hygro#55:8D,Hygro,Crofts South West Field,56.57950324451966,-2.7063292005198787,6b19032a0063026e21da104200ea,36.79,8.1,99.0,6.22,86.66,4.16,234
2025-04-18 19:18:06.270403+00:00,70B3D57ED004558D,Hygro#55:8D,Hygro,Crofts South West Field,56.57950324451966,-2.7063292005198787,6b1a032a0063026821db104200eb,36.79,8.1,99.0,6.16,86.67,4.16,235
2025-04-18 19:33:23.049778+00:00,70B3D57ED004558D,Hygro#55:8D,Hygro,Crofts South West Field,56.57950324451966,-2.7063292005198787,6b18032a0063026221e4104200ec,36.79,8.1,99.0,6.1,86.76,4.16,236
2025-04-18 19:48:39.836370+00:00,70B3D57ED004558D,Hygro#55:8D,Hygro,Crofts South West Field,56.57950324451966,-2.7063292005198787,6b19032a0064026021e3104400ed,36.79,8.1,100.0,6.08,86.75,4.16,237
2025-04-18 20:03:56.622617+00:00,70B3D57ED004558D,Hygro#55:8D,Hygro,Crofts South West Field,56.57950324451966,-2.7063292005198787,6b19032a0064026621e9104400ee,36.79,8.1,100.0,6.14,86.81,4.16,238
2025-04-18 20:19:13.405564+00:00,70B3D57ED004558D,Hygro#55:8D,Hygro,Crofts South West Field,56.57950324451966,-2.7063292005198787,6b13032a0063026421e9104000ef,36.77,8.1,99.0,6.12,86.81,4.16,239
2025-04-18 20:34:30.193983+00:00,70B3D57ED004558D,Hygro#55:8D,Hygro,Crofts South West Field,56.57950324451966,-2.7063292005198787,6b1a03200064025e21ee104200f0,36.79,8.0,100.0,6.06,86.86,4.16,240
2025-04-18 20:49:46.980513+00:00,70B3D57ED004558D,Hygro#55:8D,Hygro,Crofts South West Field,56.57950324451966,-2.7063292005198787,6b1b03200064025c21ec104600f1,36.8,8.0,100.0,6.04,86.84,4.17,241
2025-04-18 21:05:03.769743+00:00,70B3D57ED004558D,Hygro#55:8D,Hygro,Crofts South West Field,56.57950324451966,-2.7063292005198787,6b1703200063026221f7104200f2,36.78,8.0,99.0,6.1,86.95,4.16,242
2025-04-18 21:20:20.558133+00:00,70B3D57ED004558D,Hygro#55:8D,Hygro,Crofts South West Field,56.57950324451966,-2.7063292005198787,6b1403200063026421f9104600f3,36.77,8.0,99.0,6.12,86.97,4.17,243
2025-04-18 21:50:54.107672+00:00,70B3D57ED004558D,Hygro#55:8D,Hygro,Crofts South West Field,56.57950324451966,-2.7063292005198787,6b1503200063026221fc104400f5,36.78,8.0,99.0,6.1,87.0,4.16,245
2025-04-18 22:21:27.674161+00:00,70B3D57ED004558D,Hygro#55:8D,Hygro,Crofts South West Field,56.57950324451966,-2.7063292005198787,6b1603200064025e2200104200f7,36.78,8.0,100.0,6.06,87.04,4.16,247
2025-04-18 22:36:44.462152+00:00,70B3D57ED004558D,Hygro#55:8D,Hygro,Crofts South West Field,56.57950324451966,-2.7063292005198787,6b19032000630262220a104200f8,36.79,8.0,99.0,6.1,87.14,4.16,248
2025-04-18 22:52:01.236471+00:00,70B3D57ED004558D,Hygro#55:8D,Hygro,Crofts South West Field,56.57950324451966,-2.7063292005198787,6b160320006302582208104000f9,36.78,8.0,99.0,6.0,87.12,4.16,249
2025-04-18 23:07:18.026082+00:00,70B3D57ED004558D,Hygro#55:8D,Hygro,Crofts South West Field,56.57950324451966,-2.7063292005198787,6b1203200063025e220c104000fa,36.76,8.0,99.0,6.06,87.16,4.16,250
2025-04-18 23:22:34.817880+00:00,70B3D57ED004558D,Hygro#55:8D,Hygro,Crofts South West Field,56.57950324451966,-2.7063292005198787,6b15032000640255220e104000fb,36.78,8.0,100.0,5.97,87.18,4.16,251
2025-04-18 23:37:51.624055+00:00,70B3D57ED004558D,Hygro#55:8D,Hygro,Crofts South West Field,56.57950324451966,-2.7063292005198787,6b170320006302582213104200fc,36.78,8.0,99.0,6.0,87.23,4.16,252
2025-04-18 23:53:08.391940+00:00,70B3D57ED004558D,Hygro#55:8D,Hygro,Crofts South West Field,56.57950324451966,-2.7063292005198787,6b1903200064024d2216104200fd,36.79,8.0,100.0,5.89,87.26,4.16,253
2025-04-19 00:08:25.171736+00:00,70B3D57ED004558D,Hygro#55:8D,Hygro,Crofts South West Field,56.57950324451966,-2.7063292005198787,6b1b03200063024d2218104200fe,36.8,8.0,99.0,5.89,87.28,4.16,254
2025-04-19 00:38:58.748353+00:00,70B3D57ED004558D,Hygro#55:8D,Hygro,Crofts South West Field,56.57950324451966,-2.7063292005198787,6b11031600630251221910420000,36.76,7.9,99.0,5.93,87.29,4.16,0
2025-04-19 00:54:15.527977+00:00,70B3D57ED004558D,Hygro#55:8D,Hygro,Crofts South West Field,56.57950324451966,-2.7063292005198787,6b1203160063024f221a10420001,36.76,7.9,99.0,5.91,87.3,4.16,1
2025-04-19 01:09:32.316518+00:00,70B3D57ED004558D,Hygro#55:8D,Hygro,Crofts South West Field,56.57950324451966,-2.7063292005198787,6b1503160064024d221b103e0002,36.78,7.9,100.0,5.89,87.31,4.16,2
2025-04-19 01:24:49.095357+00:00,70B3D57ED004558D,Hygro#55:8D,Hygro,Crofts South West Field,56.57950324451966,-2.7063292005198787,6b16031600630251221e10420003,36.78,7.9,99.0,5.93,87.34,4.16,3
2025-04-19 01:40:05.880158+00:00,70B3D57ED004558D,Hygro#55:8D,Hygro,Crofts South West Field,56.57950324451966,-2.7063292005198787,6b19031600650247221f10420004,36.79,7.9,101.0,5.83,87.35,4.16,4
2025-04-19 01:55:22.669324+00:00,70B3D57ED004558D,Hygro#55:8D,Hygro,Crofts South West Field,56.57950324451966,-2.7063292005198787,6b1703160063023f221d10420005,36.78,7.9,99.0,5.75,87.33,4.16,5
2025-04-19 02:10:39.456382+00:00,70B3D57ED004558D,Hygro#55:8D,Hygro,Crofts South West Field,56.57950324451966,-2.7063292005198787,6b1803160064023c222010400006,36.79,7.9,100.0,5.72,87.36,4.16,6
2025-04-19 02:25:56.245744+00:00,70B3D57ED004558D,Hygro#55:8D,Hygro,Crofts South West Field,56.57950324451966,-2.7063292005198787,6b1a031600630238222010440007,36.79,7.9,99.0,5.68,87.36,4.16,7
2025-04-19 02:41:13.016420+00:00,70B3D57ED004558D,Hygro#55:8D,Hygro,Crofts South West Field,56.57950324451966,-2.7063292005198787,6b1a031600640236222410400008,36.79,7.9,100.0,5.66,87.4,4.16,8
2025-04-19 02:56:29.805234+00:00,70B3D57ED004558D,Hygro#55:8D,Hygro,Crofts South West Field,56.57950324451966,-2.7063292005198787,6b1b031600630234221f103e0009,36.8,7.9,99.0,5.64,87.35,4.16,9
2025-04-19 03:27:03.374331+00:00,70B3D57ED004558D,Hygro#55:8D,Hygro,Crofts South West Field,56.57950324451966,-2.7063292005198787,6b1a03160063022c22261040000b,36.79,7.9,99.0,5.56,87.42,4.16,11
2025-04-19 03:42:20.159340+00:00,70B3D57ED004558D,Hygro#55:8D,Hygro,Crofts South West Field,56.57950324451966,-2.7063292005198787,6b1d03160063022e2227103e000c,36.81,7.9,99.0,5.58,87.43,4.16,12
2025-04-19 04:43:27.284257+00:00,70B3D57ED004558D,Hygro#55:8D,Hygro,Crofts South West Field,56.57950324451966,-2.7063292005198787,6b1a030c0063022c222710400010,36.79,7.8,99.0,5.56,87.43,4.16,16
2025-04-19 04:58:44.079705+00:00,70B3D57ED004558D,Hygro#55:8D,Hygro,Crofts South West Field,56.57950324451966,-2.7063292005198787,6b24030c0064022c222a10400011,36.83,7.8,100.0,5.56,87.46,4.16,17
2025-04-19 06:15:07.989068+00:00,70B3D57ED004558D,Hygro#55:8D,Hygro,Crofts South West Field,56.57950324451966,-2.7063292005198787,6b23030c00640245223210400016,36.83,7.8,100.0,5.81,87.54,4.16,22
2025-04-19 06:30:24.777197+00:00,70B3D57ED004558D,Hygro#55:8D,Hygro,Crofts South West Field,56.57950324451966,-2.7063292005198787,6b21030c0063024d222810400017,36.82,7.8,99.0,5.89,87.44,4.16,23
2025-04-19 06:45:41.547459+00:00,70B3D57ED004558D,Hygro#55:8D,Hygro,Crofts South West Field,56.57950324451966,-2.7063292005198787,6b21030c00640253223110400018,36.82,7.8,100.0,5.95,87.53,4.16,24
2025-04-19 07:00:58.335227+00:00,70B3D57ED004558D,Hygro#55:8D,Hygro,Crofts South West Field,56.57950324451966,-2.7063292005198787,6b25030c00630264223510420019,36.84,7.8,99.0,6.12,87.57,4.16,25
2025-04-19 07:16:15.109793+00:00,70B3D57ED004558D,Hygro#55:8D,Hygro,Crofts South West Field,56.57950324451966,-2.7063292005198787,6b26030c006302712238103e001a,36.84,7.8,99.0,6.25,87.6,4.16,26
2025-04-19 07:31:31.906884+00:00,70B3D57ED004558D,Hygro#55:8D,Hygro,Crofts South West Field,56.57950324451966,-2.7063292005198787,6b22030c0064027d224a103e001b,36.83,7.8,100.0,6.37,87.78,4.16,27
2025-04-19 07:46:48.668224+00:00,70B3D57ED004558D,Hygro#55:8D,Hygro,Crofts South West Field,56.57950324451966,-2.7063292005198787,6b22030c00640279224a1040001c,36.83,7.8,100.0,6.33,87.78,4.16,28
2025-04-19 08:02:05.448423+00:00,70B3D57ED004558D,Hygro#55:8D,Hygro,Crofts South West Field,56.57950324451966,-2.7063292005198787,6b24030c0063029222541040001d,36.83,7.8,99.0,6.58,87.88,4.16,29
2025-04-19 08:32:39.005921+00:00,70B3D57ED004558D,Hygro#55:8D,Hygro,Crofts South West Field,56.57950324451966,-2.7063292005198787,6b26030c0064029a225b1040001f,36.84,7.8,100.0,6.66,87.95,4.16,31
2025-04-19 09:18:29.346291+00:00,70B3D57ED004558D,Hygro#55:8D,Hygro,Crofts South West Field,56.57950324451966,-2.7063292005198787,6b24030c0063029c226310400022,36.83,7.8,99.0,6.68,88.03,4.16,34
2025-04-19 09:33:46.128551+00:00,70B3D57ED004558D,Hygro#55:8D,Hygro,Crofts South West Field,56.57950324451966,-2.7063292005198787,6b27030c006302b1226810420023,36.84,7.8,99.0,6.89,88.08,4.16,35
2025-04-19 09:49:02.896574+00:00,70B3D57ED004558D,Hygro#55:8D,Hygro,Crofts South West Field,56.57950324451966,-2.7063292005198787,6b26030c0063029c225910400024,36.84,7.8,99.0,6.68,87.93,4.16,36
2025-04-19 10:04:19.671473+00:00,70B3D57ED004558D,Hygro#55:8D,Hygro,Crofts South West Field,56.57950324451966,-2.7063292005198787,6b25030c006302a0226d103e0025,36.84,7.8,99.0,6.72,88.13,4.16,37
2025-04-19 10:19:36.454258+00:00,70B3D57ED004558D,Hygro#55:8D,Hygro,Crofts South West Field,56.57950324451966,-2.7063292005198787,6b24030c006402cc2271103e0026,36.83,7.8,100.0,7.16,88.17,4.16,38
2025-04-19 10:34:53.226275+00:00,70B3D57ED004558D,Hygro#55:8D,Hygro,Crofts South West Field,56.57950324451966,-2.7063292005198787,6b29030c00640300227b10490027,36.85,7.8,100.0,7.68,88.27,4.17,39
2025-04-19 10:50:10.017142+00:00,70B3D57ED004558D,Hygro#55:8D,Hygro,Crofts South West Field,56.57950324451966,-2.7063292005198787,6b25030c00630300228110490028,36.84,7.8,99.0,7.68,88.33,4.17,40
2025-04-19 11:05:26.786077+00:00,70B3D57ED004558D,Hygro#55:8D,Hygro,Crofts South West Field,56.57950324451966,-2.7063292005198787,6b23030c006402ee227710460029,36.83,7.8,100.0,7.5,88.23,4.17,41
2025-04-19 11:36:00.352682+00:00,70B3D57ED004558D,Hygro#55:8D,Hygro,Crofts South West Field,56.57950324451966,-2.7063292005198787,6b24030c006303072289104f002b,36.83,7.8,99.0,7.75,88.41,4.17,43
2025-04-19 12:21:50.677995+00:00,70B3D57ED004558D,Hygro#55:8D,Hygro,Crofts South West Field,56.57950324451966,-2.7063292005198787,6b2203160064033f228e1049002e,36.83,7.9,100.0,8.31,88.46,4.17,46
2025-04-19 13:22:57.772253+00:00,70B3D57ED004558D,Hygro#55:8D,Hygro,Crofts South West Field,56.57950324451966,-2.7063292005198787,6b240316006303b6229210490032,36.83,7.9,99.0,9.5,88.5,4.17,50
2025-04-19 13:38:14.534466+00:00,70B3D57ED004558D,Hygro#55:8D,Hygro,Crofts South West Field,56.57950324451966,-2.7063292005198787,6b230320006404e622c210490033,36.83,8.0,100.0,12.54,88.98,4.17,51
2025-04-19 13:53:31.301646+00:00,70B3D57ED004558D,Hygro#55:8D,Hygro,Crofts South West Field,56.57950324451966,-2.7063292005198787,6b1f03200063036f2245104b0034,36.81,8.0,99.0,8.79,87.73,4.17,52
2025-04-19 14:08:48.066317+00:00,70B3D57ED004558D,Hygro#55:8D,Hygro,Crofts South West Field,56.57950324451966,-2.7063292005198787,6b190320006303be2295104b0035,36.79,8.0,99.0,9.58,88.53,4.17,53
2025-04-19 14:24:04.841814+00:00,70B3D57ED004558D,Hygro#55:8D,Hygro,Crofts South West Field,56.57950324451966,-2.7063292005198787,6b1e03200063039d228d10460036,36.81,8.0,99.0,9.25,88.45,4.17,54
2025-04-19 14:39:21.617106+00:00,70B3D57ED004558D,Hygro#55:8D,Hygro,Crofts South West Field,56.57950324451966,-2.7063292005198787,6b1b0320006403bc228010460037,36.8,8.0,100.0,9.56,88.32,4.17,55
2025-04-19 14:54:38.384407+00:00,70B3D57ED004558D,Hygro#55:8D,Hygro,Crofts South West Field,56.57950324451966,-2.7063292005198787,6b1b032a006303e1225a10460038,36.8,8.1,99.0,9.93,87.94,4.17,56
2025-04-19 15:09:55.153182+00:00,70B3D57ED004558D,Hygro#55:8D,Hygro,Crofts South West Field,56.57950324451966,-2.7063292005198787,6b1b032a00630396225010490039,36.8,8.1,99.0,9.18,87.84,4.17,57
2025-04-19 15:25:11.926268+00:00,70B3D57ED004558D,Hygro#55:8D,Hygro,Crofts South West Field,56.57950324451966,-2.7063292005198787,6b16032a0063036b22461049003a,36.78,8.1,99.0,8.75,87.74,4.17,58
2025-04-19 15:55:45.474748+00:00,70B3D57ED004558D,Hygro#55:8D,Hygro,Crofts South West Field,56.57950324451966,-2.7063292005198787,6b18032a0062036022621046003c,36.79,8.1,98.0,8.64,88.02,4.17,60
2025-04-19 16:11:02.249457+00:00,70B3D57ED004558D,Hygro#55:8D,Hygro,Crofts South West Field,56.57950324451966,-2.7063292005198787,6b1803340063036822641044003d,36.79,8.2,99.0,8.72,88.04,4.16,61
2025-04-19 16:26:19.018634+00:00,70B3D57ED004558D,Hygro#55:8D,Hygro,Crofts South West Field,56.57950324451966,-2.7063292005198787,6b150334006303b1223e104b003e,36.78,8.2,99.0,9.45,87.66,4.17,62
2025-04-19 16:41:35.794936+00:00,70B3D57ED004558D,Hygro#55:8D,Hygro,Crofts South West Field,56.57950324451966,-2.7063292005198787,6b1303340063032221ec1046003f,36.77,8.2,99.0,8.02,86.84,4.17,63
2025-04-19 16:56:52.565882+00:00,70B3D57ED004558D,Hygro#55:8D,Hygro,Crofts South West Field,56.57950324451966,-2.7063292005198787,6b10033400640309222a10460040,36.76,8.2,100.0,7.77,87.46,4.17,64
2025-04-19 17:12:09.346088+00:00,70B3D57ED004558D,Hygro#55:8D,Hygro,Crofts South West Field,56.57950324451966,-2.7063292005198787,6b16033400630330225f10490041,36.78,8.2,99.0,8.16,87.99,4.17,65
2025-04-19 17:27:26.117636+00:00,70B3D57ED004558D,Hygro#55:8D,Hygro,Crofts South West Field,56.57950324451966,-2.7063292005198787,6b13033e0063030221e110490042,36.77,8.3,99.0,7.7,86.73,4.17,66
2025-04-19 17:42:42.888365+00:00,70B3D57ED004558D,Hygro#55:8D,Hygro,Crofts South West Field,56.57950324451966,-2.7063292005198787,6b0e033e006402a921d810460043,36.75,8.3,100.0,6.81,86.64,4.17,67
2025-04-19 17:57:59.675375+00:00,70B3D57ED004558D,Hygro#55:8D,Hygro,Crofts South West Field,56.57950324451966,-2.7063292005198787,6b11033e00630287220510460044,36.76,8.3,99.0,6.47,87.09,4.17,68
2025-04-19 18:13:16.448527+00:00,70B3D57ED004558D,Hygro#55:8D,Hygro,Crofts South West Field,56.57950324451966,-2.7063292005198787,6b0e033e00640247221210440045,36.75,8.3,100.0,5.83,87.22,4.16,69
2025-04-19 18:28:33.225164+00:00,70B3D57ED004558D,Hygro#55:8D,Hygro,Crofts South West Field,56.57950324451966,-2.7063292005198787,6b13033e0063024921fe10440046,36.77,8.3,99.0,5.85,87.02,4.16,70
2025-04-19 18:59:06.789158+00:00,70B3D57ED004558D,Hygro#55:8D,Hygro,Crofts South West Field,56.57950324451966,-2.7063292005198787,6b14033e0064021921e610440048,36.77,8.3,100.0,5.37,86.78,4.16,72
2025-04-19 19:14:23.566338+00:00,70B3D57ED004558D,Hygro#55:8D,Hygro,Crofts South West Field,56.57950324451966,-2.7063292005198787,6b0e033e0063021321e510440049,36.75,8.3,99.0,5.31,86.77,4.16,73
2025-04-19 19:29:40.360384+00:00,70B3D57ED004558D,Hygro#55:8D,Hygro,Crofts South West Field,56.57950324451966,-2.7063292005198787,6b0b033e0063020d21d81046004a,36.74,8.3,99.0,5.25,86.64,4.17,74
2025-04-19 19:44:57.135423+00:00,70B3D57ED004558D,Hygro#55:8D,Hygro,Crofts South West Field,56.57950324451966,-2.7063292005198787,6b0f033e006401e921bf1046004b,36.75,8.3,100.0,4.89,86.39,4.17,75
2025-04-19 20:00:13.917467+00:00,70B3D57ED004558D,Hygro#55:8D,Hygro,Crofts South West Field,56.57950324451966,-2.7063292005198787,6b0c033e006301ed21e41046004c,36.74,8.3,99.0,4.93,86.76,4.17,76
2025-04-19 20:30:47.482078+00:00,70B3D57ED004558D,Hygro#55:8D,Hygro,Crofts South West Field,56.57950324451966,-2.7063292005198787,6b11033e006401ca21cc1044004e,36.76,8.3,100.0,4.58,86.52,4.16,78
2025-04-19 20:46:04.267104+00:00,70B3D57ED004558D,Hygro#55:8D,Hygro,Crofts South West Field,56.57950324451966,-2.7063292005198787,6b0f0334006301c821ce1046004f,36.75,8.2,99.0,4.56,86.54,4.17,79
2025-04-19 21:01:21.054147+00:00,70B3D57ED004558D,Hygro#55:8D,Hygro,Crofts South West Field,56.57950324451966,-2.7063292005198787,6b150334006401a221d510490050,36.78,8.2,100.0,4.18,86.61,4.17,80
2025-04-19 21:31:54.627342+00:00,70B3D57ED004558D,Hygro#55:8D,Hygro,Crofts South West Field,56.57950324451966,-2.7063292005198787,6b0e03340063016a21df10420052,36.75,8.2,99.0,3.62,86.71,4.16,82
2025-04-19 21:47:11.412057+00:00,70B3D57ED004558D,Hygro#55:8D,Hygro,Crofts South West Field,56.57950324451966,-2.7063292005198787,6b1003340064015e21d310490053,36.76,8.2,100.0,3.5,86.59,4.17,83
2025-04-19 22:02:28.201024+00:00,70B3D57ED004558D,Hygro#55:8D,Hygro,Crofts South West Field,56.57950324451966,-2.7063292005198787,6b1203340063013c21d310460054,36.76,8.2,99.0,3.16,86.59,4.17,84
2025-04-19 22:17:45.002912+00:00,70B3D57ED004558D,Hygro#55:8D,Hygro,Crofts South West Field,56.57950324451966,-2.7063292005198787,6b0d032a0063014721e010460055,36.74,8.1,99.0,3.27,86.72,4.17,85
2025-04-19 22:33:01.777590+00:00,70B3D57ED004558D,Hygro#55:8D,Hygro,Crofts South West Field,56.57950324451966,-2.7063292005198787,6b15032a0063013421ce10460056,36.78,8.1,99.0,3.08,86.54,4.17,86
2025-04-19 22:48:18.564000+00:00,70B3D57ED004558D,Hygro#55:8D,Hygro,Crofts South West Field,56.57950324451966,-2.7063292005198787,6b10032a0064017021e110460057,36.76,8.1,100.0,3.68,86.73,4.17,87
2025-04-19 23:03:35.359977+00:00,70B3D57ED004558D,Hygro#55:8D,Hygro,Crofts South West Field,56.57950324451966,-2.7063292005198787,6b14032a0063018b21d610420058,36.77,8.1,99.0,3.95,86.62,4.16,88
2025-04-19 23:18:52.143939+00:00,70B3D57ED004558D,Hygro#55:8D,Hygro,Crofts South West Field,56.57950324451966,-2.7063292005198787,6b11032a006301b921dc10440059,36.76,8.1,99.0,4.41,86.68,4.16,89
2025-04-19 23:34:08.920753+00:00,70B3D57ED004558D,Hygro#55:8D,Hygro,Crofts South West Field,56.57950324451966,-2.7063292005198787,6b150320006401c221cf1046005a,36.78,8.0,100.0,4.5,86.55,4.17,90
2025-04-19 23:49:25.696810+00:00,70B3D57ED004558D,Hygro#55:8D,Hygro,Crofts South West Field,56.57950324451966,-2.7063292005198787,6b140320006401c421d11044005b,36.77,8.0,100.0,4.52,86.57,4.16,91
2025-04-20 00:04:42.486250+00:00,70B3D57ED004558D,Hygro#55:8D,Hygro,Crofts South West Field,56.57950324451966,-2.7063292005198787,6b170320006301ab21c41046005c,36.78,8.0,99.0,4.27,86.44,4.17,92
2025-04-20 00:19:59.263487+00:00,70B3D57ED004558D,Hygro#55:8D,Hygro,Crofts South West Field,56.57950324451966,-2.7063292005198787,6b1603200063017b21d51044005d,36.78,8.0,99.0,3.79,86.61,4.16,93
2025-04-20 00:35:16.057252+00:00,70B3D57ED004558D,Hygro#55:8D,Hygro,Crofts South West Field,56.57950324451966,-2.7063292005198787,6b1303200063016621f31046005e,36.77,8.0,99.0,3.58,86.91,4.17,94
2025-04-20 00:50:32.840577+00:00,70B3D57ED004558D,Hygro#55:8D,Hygro,Crofts South West Field,56.57950324451966,-2.7063292005198787,6b1403200064017f21fc1044005f,36.77,8.0,100.0,3.83,87.0,4.16,95
2025-04-20 01:05:49.627807+00:00,70B3D57ED004558D,Hygro#55:8D,Hygro,Crofts South West Field,56.57950324451966,-2.7063292005198787,6b1603180063018b21f310420060,36.78,7.92,99.0,3.95,86.91,4.16,96
2025-04-20 01:36:23.207360+00:00,70B3D57ED004558D,Hygro#55:8D,Hygro,Crofts South West Field,56.57950324451966,-2.7063292005198787,6b1503160064019621f310440062,36.78,7.9,100.0,4.06,86.91,4.16,98
2025-04-20 01:51:39.999562+00:00,70B3D57ED004558D,Hygro#55:8D,Hygro,Crofts South West Field,56.57950324451966,-2.7063292005198787,6b1a03160063019621f010460063,36.79,7.9,99.0,4.06,86.88,4.17,99
2025-04-20 02:06:56.784077+00:00,70B3D57ED004558D,Hygro#55:8D,Hygro,Crofts South West Field,56.57950324451966,-2.7063292005198787,6b1303160064019c21f510460064,36.77,7.9,100.0,4.12,86.93,4.17,100
2025-04-20 02:22:13.579197+00:00,70B3D57ED004558D,Hygro#55:8D,Hygro,Crofts South West Field,56.57950324451966,-2.7063292005198787,6b1303160064019021f910460065,36.77,7.9,100.0,4.0,86.97,4.17,101
2025-04-20 02:37:30.369394+00:00,70B3D57ED004558D,Hygro#55:8D,Hygro,Crofts South West Field,56.57950324451966,-2.7063292005198787,6b1003160063018b21fd10420066,36.76,7.9,99.0,3.95,87.01,4.16,102
2025-04-20 02:52:47.165023+00:00,70B3D57ED004558D,Hygro#55:8D,Hygro,Crofts South West Field,56.57950324451966,-2.7063292005198787,6b0f030c00640185220010420067,36.75,7.8,100.0,3.89,87.04,4.16,103
2025-04-20 03:23:20.736094+00:00,70B3D57ED004558D,Hygro#55:8D,Hygro,Crofts South West Field,56.57950324451966,-2.7063292005198787,6b15030c00640185220410440069,36.78,7.8,100.0,3.89,87.08,4.16,105
2025-04-20 03:38:37.520249+00:00,70B3D57ED004558D,Hygro#55:8D,Hygro,Crofts South West Field,56.57950324451966,-2.7063292005198787,6b16030c0064018522021046006a,36.78,7.8,100.0,3.89,87.06,4.17,106
2025-04-20 04:09:11.110366+00:00,70B3D57ED004558D,Hygro#55:8D,Hygro,Crofts South West Field,56.57950324451966,-2.7063292005198787,6b13030c0063017422021044006c,36.77,7.8,99.0,3.72,87.06,4.16,108
2025-04-20 04:24:27.897270+00:00,70B3D57ED004558D,Hygro#55:8D,Hygro,Crofts South West Field,56.57950324451966,-2.7063292005198787,6b17030c0063017722071042006d,36.78,7.8,99.0,3.75,87.11,4.16,109
2025-04-20 04:39:44.683365+00:00,70B3D57ED004558D,Hygro#55:8D,Hygro,Crofts South West Field,56.57950324451966,-2.7063292005198787,6b16030c0063017422051040006e,36.78,7.8,99.0,3.72,87.09,4.16,110
2025-04-20 04:55:01.475360+00:00,70B3D57ED004558D,Hygro#55:8D,Hygro,Crofts South West Field,56.57950324451966,-2.7063292005198787,6b18030c0063018322021046006f,36.79,7.8,99.0,3.87,87.06,4.17,111
2025-04-20 05:10:18.262770+00:00,70B3D57ED004558D,Hygro#55:8D,Hygro,Crofts South West Field,56.57950324451966,-2.7063292005198787,6b1a03020063018b220310440070,36.79,7.7,99.0,3.95,87.07,4.16,112
2025-04-20 05:25:35.060613+00:00,70B3D57ED004558D,Hygro#55:8D,Hygro,Crofts South West Field,56.57950324451966,-2.7063292005198787,6b180302006401ad220810400071,36.79,7.7,100.0,4.29,87.12,4.16,113
2025-04-20 05:40:51.845411+00:00,70B3D57ED004558D,Hygro#55:8D,Hygro,Crofts South West Field,56.57950324451966,-2.7063292005198787,6b1b0302006401e5220910420072,36.8,7.7,100.0,4.85,87.13,4.16,114
2025-04-20 05:56:08.626869+00:00,70B3D57ED004558D,Hygro#55:8D,Hygro,Crofts South West Field,56.57950324451966,-2.7063292005198787,6b16030200630217220410420073,36.78,7.7,99.0,5.35,87.08,4.16,115
2025-04-20 06:11:25.408391+00:00,70B3D57ED004558D,Hygro#55:8D,Hygro,Crofts South West Field,56.57950324451966,-2.7063292005198787,6b1603020063026c2206103e0074,36.78,7.7,99.0,6.2,87.1,4.16,116
2025-04-20 06:26:42.224552+00:00,70B3D57ED004558D,Hygro#55:8D,Hygro,Crofts South West Field,56.57950324451966,-2.7063292005198787,6b1703020064029c21fa10400075,36.78,7.7,100.0,6.68,86.98,4.16,117
2025-04-20 06:41:58.981681+00:00,70B3D57ED004558D,Hygro#55:8D,Hygro,Crofts South West Field,56.57950324451966,-2.7063292005198787,6b17030200640277220310420076,36.78,7.7,100.0,6.31,87.07,4.16,118
2025-04-20 07:12:32.543385+00:00,70B3D57ED004558D,Hygro#55:8D,Hygro,Crofts South West Field,56.57950324451966,-2.7063292005198787,6b1903020065028a222510400078,36.79,7.7,101.0,6.5,87.41,4.16,120
2025-04-20 07:27:49.310241+00:00,70B3D57ED004558D,Hygro#55:8D,Hygro,Crofts South West Field,56.57950324451966,-2.7063292005198787,6b17030200630298223510420079,36.78,7.7,99.0,6.64,87.57,4.16,121
2025-04-20 07:43:06.082756+00:00,70B3D57ED004558D,Hygro#55:8D,Hygro,Crofts South West Field,56.57950324451966,-2.7063292005198787,6b120302006302bc22321042007a,36.76,7.7,99.0,7.0,87.54,4.16,122
2025-04-20 07:58:22.865908+00:00,70B3D57ED004558D,Hygro#55:8D,Hygro,Crofts South West Field,56.57950324451966,-2.7063292005198787,6b160302006302f02239103e007b,36.78,7.7,99.0,7.52,87.61,4.16,123
2025-04-20 08:13:39.641676+00:00,70B3D57ED004558D,Hygro#55:8D,Hygro,Crofts South West Field,56.57950324451966,-2.7063292005198787,6b1103020064036f224c103e007c,36.76,7.7,100.0,8.79,87.8,4.16,124
2025-04-20 08:28:56.406640+00:00,70B3D57ED004558D,Hygro#55:8D,Hygro,Crofts South West Field,56.57950324451966,-2.7063292005198787,6b1203020064041e2282104d007d,36.76,7.7,100.0,10.54,88.34,4.17,125
2025-04-20 08:44:13.203622+00:00,70B3D57ED004558D,Hygro#55:8D,Hygro,Crofts South West Field,56.57950324451966,-2.7063292005198787,6b16030200630435226d104b007e,36.78,7.7,99.0,10.77,88.13,4.17,126
2025-04-20 08:59:29.954701+00:00,70B3D57ED004558D,Hygro#55:8D,Hygro,Crofts South West Field,56.57950324451966,-2.7063292005198787,6b1703020064041e2290104f007f,36.78,7.7,100.0,10.54,88.48,4.17,127
2025-04-20 09:14:46.729625+00:00,70B3D57ED004558D,Hygro#55:8D,Hygro,Crofts South West Field,56.57950324451966,-2.7063292005198787,6b180302006303a5229b10510080,36.79,7.7,99.0,9.33,88.59,4.18,128
2025-04-20 09:30:03.497422+00:00,70B3D57ED004558D,Hygro#55:8D,Hygro,Crofts South West Field,56.57950324451966,-2.7063292005198787,6b0f03020064042422a5104b0081,36.75,7.7,100.0,10.6,88.69,4.17,129
2025-04-20 09:45:20.282830+00:00,70B3D57ED004558D,Hygro#55:8D,Hygro,Crofts South West Field,56.57950324451966,-2.7063292005198787,6b1103020065040722bd104b0082,36.76,7.7,101.0,10.31,88.93,4.17,130
2025-04-20 10:00:37.049442+00:00,70B3D57ED004558D,Hygro#55:8D,Hygro,Crofts South West Field,56.57950324451966,-2.7063292005198787,6b11030c0063044922c0104d0083,36.76,7.8,99.0,10.97,88.96,4.17,131
2025-04-20 10:15:53.851528+00:00,70B3D57ED004558D,Hygro#55:8D,Hygro,Crofts South West Field,56.57950324451966,-2.7063292005198787,6b11030c006404992288104b0084,36.76,7.8,100.0,11.77,88.4,4.17,132
2025-04-20 10:31:10.599542+00:00,70B3D57ED004558D,Hygro#55:8D,Hygro,Crofts South West Field,56.57950324451966,-2.7063292005198787,6b0d030c0063041122ae104b0085,36.74,7.8,99.0,10.41,88.78,4.17,133
2025-04-20 10:46:27.367685+00:00,70B3D57ED004558D,Hygro#55:8D,Hygro,Crofts South West Field,56.57950324451966,-2.7063292005198787,6b08030c006403f622b2104d0086,36.72,7.8,100.0,10.14,88.82,4.17,134
2025-04-20 11:01:44.131971+00:00,70B3D57ED004558D,Hygro#55:8D,Hygro,Crofts South West Field,56.57950324451966,-2.7063292005198787,6b0f030c00630449229110490087,36.75,7.8,99.0,10.97,88.49,4.17,135
2025-04-20 11:17:00.887960+00:00,70B3D57ED004558D,Hygro#55:8D,Hygro,Crofts South West Field,56.57950324451966,-2.7063292005198787,6b09031600640543225c10460088,36.73,7.9,100.0,13.47,87.96,4.17,136
2025-04-20 11:32:17.653775+00:00,70B3D57ED004558D,Hygro#55:8D,Hygro,Crofts South West Field,56.57950324451966,-2.7063292005198787,6b060316006304c9225110490089,36.72,7.9,99.0,12.25,87.85,4.17,137
2025-04-20 11:47:34.427050+00:00,70B3D57ED004558D,Hygro#55:8D,Hygro,Crofts South West Field,56.57950324451966,-2.7063292005198787,6aff03160063043922711049008a,36.69,7.9,99.0,10.81,88.17,4.17,138
2025-04-20 12:02:51.192565+00:00,70B3D57ED004558D,Hygro#55:8D,Hygro,Crofts South West Field,56.57950324451966,-2.7063292005198787,6b0703160063043722c01049008b,36.72,7.9,99.0,10.79,88.96,4.17,139
2025-04-20 12:18:07.969545+00:00,70B3D57ED004558D,Hygro#55:8D,Hygro,Crofts South West Field,56.57950324451966,-2.7063292005198787,6b0103200063041a22ac1046008c,36.7,8.0,99.0,10.5,88.76,4.17,140
2025-04-20 12:33:24.746249+00:00,70B3D57ED004558D,Hygro#55:8D,Hygro,Crofts South West Field,56.57950324451966,-2.7063292005198787,6b0503200063041e22941046008d,36.71,8.0,99.0,10.54,88.52,4.17,141
2025-04-20 12:48:41.518353+00:00,70B3D57ED004558D,Hygro#55:8D,Hygro,Crofts South West Field,56.57950324451966,-2.7063292005198787,6b020320006304352264104b008e,36.7,8.0,99.0,10.77,88.04,4.17,142
2025-04-20 13:03:58.283220+00:00,70B3D57ED004558D,Hygro#55:8D,Hygro,Crofts South West Field,56.57950324451966,-2.7063292005198787,6b0203200064040d22981049008f,36.7,8.0,100.0,10.37,88.56,4.17,143
2025-04-20 13:19:15.050240+00:00,70B3D57ED004558D,Hygro#55:8D,Hygro,Crofts South West Field,56.57950324451966,-2.7063292005198787,6afa0320006304a522a010460090,36.67,8.0,99.0,11.89,88.64,4.17,144
2025-04-20 13:34:31.824212+00:00,70B3D57ED004558D,Hygro#55:8D,Hygro,Crofts South West Field,56.57950324451966,-2.7063292005198787,6af50320006304a92275104b0091,36.65,8.0,99.0,11.93,88.21,4.17,145
2025-04-20 13:49:48.601814+00:00,70B3D57ED004558D,Hygro#55:8D,Hygro,Crofts South West Field,56.57950324451966,-2.7063292005198787,6af5032a00630424229d10490092,36.65,8.1,99.0,10.6,88.61,4.17,146
2025-04-20 14:05:05.366909+00:00,70B3D57ED004558D,Hygro#55:8D,Hygro,Crofts South West Field,56.57950324451966,-2.7063292005198787,6afb032a006303e3227c10490093,36.67,8.1,99.0,9.95,88.28,4.17,147
2025-04-20 14:20:22.141159+00:00,70B3D57ED004558D,Hygro#55:8D,Hygro,Crofts South West Field,56.57950324451966,-2.7063292005198787,6af6032a006303e82275104b0094,36.65,8.1,99.0,10.0,88.21,4.17,148
2025-04-20 14:50:55.677487+00:00,70B3D57ED004558D,Hygro#55:8D,Hygro,Crofts South West Field,56.57950324451966,-2.7063292005198787,6af9032a006304012275104b0096,36.67,8.1,99.0,10.25,88.21,4.17,150
2025-04-20 15:06:12.450222+00:00,70B3D57ED004558D,Hygro#55:8D,Hygro,Crofts South West Field,56.57950324451966,-2.7063292005198787,6af4032a006203b3225410460097,36.65,8.1,98.0,9.47,87.88,4.17,151
2025-04-20 15:21:29.229711+00:00,70B3D57ED004558D,Hygro#55:8D,Hygro,Crofts South West Field,56.57950324451966,-2.7063292005198787,6af303340063039d227d10490098,36.64,8.2,99.0,9.25,88.29,4.17,152
2025-04-20 15:52:02.757402+00:00,70B3D57ED004558D,Hygro#55:8D,Hygro,Crofts South West Field,56.57950324451966,-2.7063292005198787,6aee03340062052222b41049009a,36.62,8.2,98.0,13.14,88.84,4.17,154
2025-04-20 16:07:19.513272+00:00,70B3D57ED004558D,Hygro#55:8D,Hygro,Crofts South West Field,56.57950324451966,-2.7063292005198787,6aef03340063048822001049009b,36.63,8.2,99.0,11.6,87.04,4.17,155
2025-04-20 16:22:36.289764+00:00,70B3D57ED004558D,Hygro#55:8D,Hygro,Crofts South West Field,56.57950324451966,-2.7063292005198787,6aed03340062048c21f7104b009c,36.62,8.2,98.0,11.64,86.95,4.17,156
2025-04-20 16:37:53.049370+00:00,70B3D57ED004558D,Hygro#55:8D,Hygro,Crofts South West Field,56.57950324451966,-2.7063292005198787,6af50334006204cf211f1049009d,36.65,8.2,98.0,12.31,84.79,4.17,157
2025-04-20 16:53:09.822783+00:00,70B3D57ED004558D,Hygro#55:8D,Hygro,Crofts South West Field,56.57950324451966,-2.7063292005198787,6aea03340063045e20b91044009e,36.61,8.2,99.0,11.18,83.77,4.16,158
2025-04-20 17:08:26.587404+00:00,70B3D57ED004558D,Hygro#55:8D,Hygro,Crofts South West Field,56.57950324451966,-2.7063292005198787,6ae8033e006203f820ca1046009f,36.6,8.3,98.0,10.16,83.94,4.17,159
2025-04-20 17:39:00.128268+00:00,70B3D57ED004558D,Hygro#55:8D,Hygro,Crofts South West Field,56.57950324451966,-2.7063292005198787,6ae6033e0062032a20de104600a1,36.59,8.3,98.0,8.1,84.14,4.17,161
2025-04-20 17:54:16.916793+00:00,70B3D57ED004558D,Hygro#55:8D,Hygro,Crofts South West Field,56.57950324451966,-2.7063292005198787,6aea033e006302ca207f104b00a2,36.61,8.3,99.0,7.14,83.19,4.17,162
2025-04-20 18:09:33.688333+00:00,70B3D57ED004558D,Hygro#55:8D,Hygro,Crofts South West Field,56.57950324451966,-2.7063292005198787,6ae8033e0063026a2178104600a3,36.6,8.3,99.0,6.18,85.68,4.17,163
2025-04-20 18:24:50.476166+00:00,70B3D57ED004558D,Hygro#55:8D,Hygro,Crofts South West Field,56.57950324451966,-2.7063292005198787,6ae7033e00640236211b104600a4,36.6,8.3,100.0,5.66,84.75,4.17,164
2025-04-20 18:40:07.301613+00:00,70B3D57ED004558D,Hygro#55:8D,Hygro,Crofts South West Field,56.57950324451966,-2.7063292005198787,6ae8033e0062020a2120104400a5,36.6,8.3,98.0,5.22,84.8,4.16,165
2025-04-20 18:55:24.046910+00:00,70B3D57ED004558D,Hygro#55:8D,Hygro,Crofts South West Field,56.57950324451966,-2.7063292005198787,6ae8033e006201df212b104600a6,36.6,8.3,98.0,4.79,84.91,4.17,166
2025-04-20 19:10:40.838051+00:00,70B3D57ED004558D,Hygro#55:8D,Hygro,Crofts South West Field,56.57950324451966,-2.7063292005198787,6ae5033e006201b52130104900a7,36.59,8.3,98.0,4.37,84.96,4.17,167
2025-04-20 19:41:14.411523+00:00,70B3D57ED004558D,Hygro#55:8D,Hygro,Crofts South West Field,56.57950324451966,-2.7063292005198787,6aec03340063017d2136104900a9,36.62,8.2,99.0,3.81,85.02,4.17,169
2025-04-20 19:56:31.202996+00:00,70B3D57ED004558D,Hygro#55:8D,Hygro,Crofts South West Field,56.57950324451966,-2.7063292005198787,6ae70334006201322127104900aa,36.6,8.2,98.0,3.06,84.87,4.17,170
2025-04-20 20:11:47.992484+00:00,70B3D57ED004558D,Hygro#55:8D,Hygro,Crofts South West Field,56.57950324451966,-2.7063292005198787,6ae50334006201062137104400ab,36.59,8.2,98.0,2.62,85.03,4.16,171
2025-04-20 20:27:04.782703+00:00,70B3D57ED004558D,Hygro#55:8D,Hygro,Crofts South West Field,56.57950324451966,-2.7063292005198787,6ae9033400630108213b104600ac,36.6,8.2,99.0,2.64,85.07,4.17,172
2025-04-20 20:42:21.573896+00:00,70B3D57ED004558D,Hygro#55:8D,Hygro,Crofts South West Field,56.57950324451966,-2.7063292005198787,6ae9032a006200dc2138104900ad,36.6,8.1,98.0,2.2,85.04,4.17,173
2025-04-20 20:57:38.362009+00:00,70B3D57ED004558D,Hygro#55:8D,Hygro,Crofts South West Field,56.57950324451966,-2.7063292005198787,6aeb032a0062013e2153104900ae,36.61,8.1,98.0,3.18,85.31,4.17,174
2025-04-20 21:12:55.152106+00:00,70B3D57ED004558D,Hygro#55:8D,Hygro,Crofts South West Field,56.57950324451966,-2.7063292005198787,6ae3032a006301942154104b00af,36.58,8.1,99.0,4.04,85.32,4.17,175
2025-04-20 21:28:11.949739+00:00,70B3D57ED004558D,Hygro#55:8D,Hygro,Crofts South West Field,56.57950324451966,-2.7063292005198787,6ae7032a006301af215b104600b0,36.6,8.1,99.0,4.31,85.39,4.17,176
2025-04-20 21:43:28.740660+00:00,70B3D57ED004558D,Hygro#55:8D,Hygro,Crofts South West Field,56.57950324451966,-2.7063292005198787,6aea032a006301b72175104400b1,36.61,8.1,99.0,4.39,85.65,4.16,177
2025-04-20 21:58:45.533806+00:00,70B3D57ED004558D,Hygro#55:8D,Hygro,Crofts South West Field,56.57950324451966,-2.7063292005198787,6aeb0320006201b52188104400b2,36.61,8.0,98.0,4.37,85.84,4.16,178
2025-04-20 22:14:02.305608+00:00,70B3D57ED004558D,Hygro#55:8D,Hygro,Crofts South West Field,56.57950324451966,-2.7063292005198787,6aeb03200063016c2183104600b3,36.61,8.0,99.0,3.64,85.79,4.17,179
2025-04-20 22:29:19.098311+00:00,70B3D57ED004558D,Hygro#55:8D,Hygro,Crofts South West Field,56.57950324451966,-2.7063292005198787,6aeb03200062012c2196104600b4,36.61,8.0,98.0,3.0,85.98,4.17,180
2025-04-20 22:59:52.694186+00:00,70B3D57ED004558D,Hygro#55:8D,Hygro,Crofts South West Field,56.57950324451966,-2.7063292005198787,6af003200063016e21bb104900b6,36.63,8.0,99.0,3.66,86.35,4.17,182
2025-04-20 23:30:26.277433+00:00,70B3D57ED004558D,Hygro#55:8D,Hygro,Crofts South West Field,56.57950324451966,-2.7063292005198787,6af103160063019421ad104600b8,36.64,7.9,99.0,4.04,86.21,4.17,184
2025-04-20 23:45:43.077212+00:00,70B3D57ED004558D,Hygro#55:8D,Hygro,Crofts South West Field,56.57950324451966,-2.7063292005198787,6aeb03160063019e21af104600b9,36.61,7.9,99.0,4.14,86.23,4.17,185
2025-04-21 00:00:59.870714+00:00,70B3D57ED004558D,Hygro#55:8D,Hygro,Crofts South West Field,56.57950324451966,-2.7063292005198787,6af10316006301a921b3104400ba,36.64,7.9,99.0,4.25,86.27,4.16,186
2025-04-21 00:16:16.653033+00:00,70B3D57ED004558D,Hygro#55:8D,Hygro,Crofts South West Field,56.57950324451966,-2.7063292005198787,6ae80316006301ab21b8104600bb,36.6,7.9,99.0,4.27,86.32,4.17,187
2025-04-21 00:31:33.439736+00:00,70B3D57ED004558D,Hygro#55:8D,Hygro,Crofts South West Field,56.57950324451966,-2.7063292005198787,6aec03160063019821bf104400bc,36.62,7.9,99.0,4.08,86.39,4.16,188
2025-04-21 00:46:50.228240+00:00,70B3D57ED004558D,Hygro#55:8D,Hygro,Crofts South West Field,56.57950324451966,-2.7063292005198787,6aea030c006301c621de104400bd,36.61,7.8,99.0,4.54,86.7,4.16,189
2025-04-21 01:02:07.017420+00:00,70B3D57ED004558D,Hygro#55:8D,Hygro,Crofts South West Field,56.57950324451966,-2.7063292005198787,6aeb030c006301db21dd104400be,36.61,7.8,99.0,4.75,86.69,4.16,190
2025-04-21 01:17:23.799902+00:00,70B3D57ED004558D,Hygro#55:8D,Hygro,Crofts South West Field,56.57950324451966,-2.7063292005198787,6aeb030c006301e521e1104600bf,36.61,7.8,99.0,4.85,86.73,4.17,191
2025-04-21 01:32:40.583739+00:00,70B3D57ED004558D,Hygro#55:8D,Hygro,Crofts South West Field,56.57950324451966,-2.7063292005198787,6ae7030c006301ed21e1104400c0,36.6,7.8,99.0,4.93,86.73,4.16,192
2025-04-21 01:47:57.390624+00:00,70B3D57ED004558D,Hygro#55:8D,Hygro,Crofts South West Field,56.57950324451966,-2.7063292005198787,6aeb030c006201e121de104200c1,36.61,7.8,98.0,4.81,86.7,4.16,193
2025-04-21 02:03:14.175941+00:00,70B3D57ED004558D,Hygro#55:8D,Hygro,Crofts South West Field,56.57950324451966,-2.7063292005198787,6ae9030c006301e721f1104200c2,36.6,7.8,99.0,4.87,86.89,4.16,194
2025-04-21 02:18:30.954511+00:00,70B3D57ED004558D,Hygro#55:8D,Hygro,Crofts South West Field,56.57950324451966,-2.7063292005198787,6af2030c006301f821f4104400c3,36.64,7.8,99.0,5.04,86.92,4.16,195
2025-04-21 02:33:47.759826+00:00,70B3D57ED004558D,Hygro#55:8D,Hygro,Crofts South West Field,56.57950324451966,-2.7063292005198787,6aec030c0062020221f6104000c4,36.62,7.8,98.0,5.14,86.94,4.16,196
2025-04-21 02:49:04.544918+00:00,70B3D57ED004558D,Hygro#55:8D,Hygro,Crofts South West Field,56.57950324451966,-2.7063292005198787,6af003020062020a21fa104200c5,36.63,7.7,98.0,5.22,86.98,4.16,197
2025-04-21 03:04:21.328363+00:00,70B3D57ED004558D,Hygro#55:8D,Hygro,Crofts South West Field,56.57950324451966,-2.7063292005198787,6ae803020063021921fc104200c6,36.6,7.7,99.0,5.37,87.0,4.16,198
2025-04-21 03:34:54.903007+00:00,70B3D57ED004558D,Hygro#55:8D,Hygro,Crofts South West Field,56.57950324451966,-2.7063292005198787,6aee03020063021b2208104400c8,36.62,7.7,99.0,5.39,87.12,4.16,200
2025-04-21 03:50:11.691374+00:00,70B3D57ED004558D,Hygro#55:8D,Hygro,Crofts South West Field,56.57950324451966,-2.7063292005198787,6aeb0302006302192208104400c9,36.61,7.7,99.0,5.37,87.12,4.16,201
2025-04-21 04:05:28.482003+00:00,70B3D57ED004558D,Hygro#55:8D,Hygro,Crofts South West Field,56.57950324451966,-2.7063292005198787,6ae603020063021f2209104000ca,36.59,7.7,99.0,5.43,87.13,4.16,202
2025-04-21 04:36:02.040979+00:00,70B3D57ED004558D,Hygro#55:8D,Hygro,Crofts South West Field,56.57950324451966,-2.7063292005198787,6aea03020062023a2213104200cc,36.61,7.7,98.0,5.7,87.23,4.16,204
2025-04-21 04:51:18.828386+00:00,70B3D57ED004558D,Hygro#55:8D,Hygro,Crofts South West Field,56.57950324451966,-2.7063292005198787,6aed0302006302452216104400cd,36.62,7.7,99.0,5.81,87.26,4.16,205
2025-04-21 05:06:35.619018+00:00,70B3D57ED004558D,Hygro#55:8D,Hygro,Crofts South West Field,56.57950324451966,-2.7063292005198787,6aeb0302006302512219104200ce,36.61,7.7,99.0,5.93,87.29,4.16,206
2025-04-21 05:21:52.400334+00:00,70B3D57ED004558D,Hygro#55:8D,Hygro,Crofts South West Field,56.57950324451966,-2.7063292005198787,6ae8030200630255221b104000cf,36.6,7.7,99.0,5.97,87.31,4.16,207
2025-04-21 05:37:09.192846+00:00,70B3D57ED004558D,Hygro#55:8D,Hygro,Crofts South West Field,56.57950324451966,-2.7063292005198787,6aea0302006302622226104200d0,36.61,7.7,99.0,6.1,87.42,4.16,208
2025-04-21 05:52:25.970585+00:00,70B3D57ED004558D,Hygro#55:8D,Hygro,Crofts South West Field,56.57950324451966,-2.7063292005198787,6aef030200630264222a104200d1,36.63,7.7,99.0,6.12,87.46,4.16,209
2025-04-21 06:07:42.744385+00:00,70B3D57ED004558D,Hygro#55:8D,Hygro,Crofts South West Field,56.57950324451966,-2.7063292005198787,6ae4030200630271222e104200d2,36.58,7.7,99.0,6.25,87.5,4.16,210
2025-04-21 06:22:59.527891+00:00,70B3D57ED004558D,Hygro#55:8D,Hygro,Crofts South West Field,56.57950324451966,-2.7063292005198787,6ae703020062027f2236104600d3,36.6,7.7,98.0,6.39,87.58,4.17,211
2025-04-21 06:38:16.308582+00:00,70B3D57ED004558D,Hygro#55:8D,Hygro,Crofts South West Field,56.57950324451966,-2.7063292005198787,6ae903020063027d2238104200d4,36.6,7.7,99.0,6.37,87.6,4.16,212
2025-04-21 06:53:33.098464+00:00,70B3D57ED004558D,Hygro#55:8D,Hygro,Crofts South West Field,56.57950324451966,-2.7063292005198787,6ae103020063027f223c104000d5,36.57,7.7,99.0,6.39,87.64,4.16,213
2025-04-21 07:24:06.689672+00:00,70B3D57ED004558D,Hygro#55:8D,Hygro,Crofts South West Field,56.57950324451966,-2.7063292005198787,6ae803020062028e2243104200d7,36.6,7.7,98.0,6.54,87.71,4.16,215
2025-04-21 07:54:40.245916+00:00,70B3D57ED004558D,Hygro#55:8D,Hygro,Crofts South West Field,56.57950324451966,-2.7063292005198787,6ae90302006202af2247104200d9,36.6,7.7,98.0,6.87,87.75,4.16,217
2025-04-21 08:09:57.072184+00:00,70B3D57ED004558D,Hygro#55:8D,Hygro,Crofts South West Field,56.57950324451966,-2.7063292005198787,6ae70302006303432250104200da,36.6,7.7,99.0,8.35,87.84,4.16,218
2025-04-21 08:25:13.812776+00:00,70B3D57ED004558D,Hygro#55:8D,Hygro,Crofts South West Field,56.57950324451966,-2.7063292005198787,6ae60302006303072242104000db,36.59,7.7,99.0,7.75,87.7,4.16,219
2025-04-21 08:40:30.591596+00:00,70B3D57ED004558D,Hygro#55:8D,Hygro,Crofts South West Field,56.57950324451966,-2.7063292005198787,6ae403020062032a2262104600dc,36.58,7.7,98.0,8.1,88.02,4.17,220
2025-04-21 08:55:47.376299+00:00,70B3D57ED004558D,Hygro#55:8D,Hygro,Crofts South West Field,56.57950324451966,-2.7063292005198787,6ae20302006103322274104200dd,36.58,7.7,97.0,8.18,88.2,4.16,221
2025-04-21 09:11:04.142554+00:00,70B3D57ED004558D,Hygro#55:8D,Hygro,Crofts South West Field,56.57950324451966,-2.7063292005198787,6ae90302006203452268104000de,36.6,7.7,98.0,8.37,88.08,4.16,222
2025-04-21 09:26:20.926347+00:00,70B3D57ED004558D,Hygro#55:8D,Hygro,Crofts South West Field,56.57950324451966,-2.7063292005198787,6ae90302006103f42294105400df,36.6,7.7,97.0,10.12,88.52,4.18,223
2025-04-21 09:56:54.475999+00:00,70B3D57ED004558D,Hygro#55:8D,Hygro,Crofts South West Field,56.57950324451966,-2.7063292005198787,6ae70302006303b622a8105400e1,36.6,7.7,99.0,9.5,88.72,4.18,225
2025-04-21 10:12:11.250600+00:00,70B3D57ED004558D,Hygro#55:8D,Hygro,Crofts South West Field,56.57950324451966,-2.7063292005198787,6ae60302006203c222ce105600e2,36.59,7.7,98.0,9.62,89.1,4.18,226
2025-04-21 10:27:28.017274+00:00,70B3D57ED004558D,Hygro#55:8D,Hygro,Crofts South West Field,56.57950324451966,-2.7063292005198787,6ae003020063041322b3104d00e3,36.57,7.7,99.0,10.43,88.83,4.17,227
2025-04-21 10:42:44.804593+00:00,70B3D57ED004558D,Hygro#55:8D,Hygro,Crofts South West Field,56.57950324451966,-2.7063292005198787,6ae203020061037d22a5104b00e4,36.58,7.7,97.0,8.93,88.69,4.17,228
2025-04-21 10:58:01.567957+00:00,70B3D57ED004558D,Hygro#55:8D,Hygro,Crofts South West Field,56.57950324451966,-2.7063292005198787,6adc0302006103fe22cb104b00e5,36.55,7.7,97.0,10.22,89.07,4.17,229
2025-04-21 11:13:18.341118+00:00,70B3D57ED004558D,Hygro#55:8D,Hygro,Crofts South West Field,56.57950324451966,-2.7063292005198787,6ade03020061043322c7104900e6,36.56,7.7,97.0,10.75,89.03,4.17,230
2025-04-21 11:28:35.116835+00:00,70B3D57ED004558D,Hygro#55:8D,Hygro,Crofts South West Field,56.57950324451966,-2.7063292005198787,6ade030c0061035e2298104900e7,36.56,7.8,97.0,8.62,88.56,4.17,231
2025-04-21 11:43:51.888306+00:00,70B3D57ED004558D,Hygro#55:8D,Hygro,Crofts South West Field,56.57950324451966,-2.7063292005198787,6adc030c0061036022b2104f00e8,36.55,7.8,97.0,8.64,88.82,4.17,232
2025-04-21 11:59:08.656630+00:00,70B3D57ED004558D,Hygro#55:8D,Hygro,Crofts South West Field,56.57950324451966,-2.7063292005198787,6ad8030c0061038422a4104b00e9,36.54,7.8,97.0,9.0,88.68,4.17,233
2025-04-21 12:14:25.427886+00:00,70B3D57ED004558D,Hygro#55:8D,Hygro,Crofts South West Field,56.57950324451966,-2.7063292005198787,6adb030c006103c4229d104900ea,36.55,7.8,97.0,9.64,88.61,4.17,234
2025-04-21 12:29:42.205706+00:00,70B3D57ED004558D,Hygro#55:8D,Hygro,Crofts South West Field,56.57950324451966,-2.7063292005198787,6ad3030c006003c222aa104600eb,36.52,7.8,96.0,9.62,88.74,4.17,235
2025-04-21 12:44:58.970133+00:00,70B3D57ED004558D,Hygro#55:8D,Hygro,Crofts South West Field,56.57950324451966,-2.7063292005198787,6adc030c006104072298104d00ec,36.55,7.8,97.0,10.31,88.56,4.17,236
2025-04-21 13:15:32.519002+00:00,70B3D57ED004558D,Hygro#55:8D,Hygro,Crofts South West Field,56.57950324451966,-2.7063292005198787,6adb03160061039d22a4104600ee,36.55,7.9,97.0,9.25,88.68,4.17,238
2025-04-21 13:30:49.283654+00:00,70B3D57ED004558D,Hygro#55:8D,Hygro,Crofts South West Field,56.57950324451966,-2.7063292005198787,6ad10316006103ab229b104900ef,36.51,7.9,97.0,9.39,88.59,4.17,239
2025-04-21 13:46:06.061696+00:00,70B3D57ED004558D,Hygro#55:8D,Hygro,Crofts South West Field,56.57950324451966,-2.7063292005198787,6ad403160062034d22a6104900f0,36.52,7.9,98.0,8.45,88.7,4.17,240
2025-04-21 14:01:22.835768+00:00,70B3D57ED004558D,Hygro#55:8D,Hygro,Crofts South West Field,56.57950324451966,-2.7063292005198787,6ad403160062034d229f104b00f1,36.52,7.9,98.0,8.45,88.63,4.17,241
2025-04-21 14:16:39.614640+00:00,70B3D57ED004558D,Hygro#55:8D,Hygro,Crofts South West Field,56.57950324451966,-2.7063292005198787,6ad60320006103392292104d00f2,36.53,8.0,97.0,8.25,88.5,4.17,242
2025-04-21 14:31:56.421139+00:00,70B3D57ED004558D,Hygro#55:8D,Hygro,Crofts South West Field,56.57950324451966,-2.7063292005198787,6acd03200062035c2298104600f3,36.5,8.0,98.0,8.6,88.56,4.17,243
2025-04-21 14:47:13.168058+00:00,70B3D57ED004558D,Hygro#55:8D,Hygro,Crofts South West Field,56.57950324451966,-2.7063292005198787,6ac903200062036b228d104900f4,36.48,8.0,98.0,8.75,88.45,4.17,244
2025-04-21 15:02:29.949116+00:00,70B3D57ED004558D,Hygro#55:8D,Hygro,Crofts South West Field,56.57950324451966,-2.7063292005198787,6ad00320006203842279104b00f5,36.51,8.0,98.0,9.0,88.25,4.17,245
2025-04-21 15:17:46.722160+00:00,70B3D57ED004558D,Hygro#55:8D,Hygro,Crofts South West Field,56.57950324451966,-2.7063292005198787,6aca03200064035e226f104900f6,36.48,8.0,100.0,8.62,88.15,4.17,246
2025-04-21 15:33:03.495249+00:00,70B3D57ED004558D,Hygro#55:8D,Hygro,Crofts South West Field,56.57950324451966,-2.7063292005198787,6acd03200062033f2275104900f7,36.5,8.0,98.0,8.31,88.21,4.17,247
2025-04-21 15:48:20.270076+00:00,70B3D57ED004558D,Hygro#55:8D,Hygro,Crofts South West Field,56.57950324451966,-2.7063292005198787,6ac803200063036f2276104900f8,36.48,8.0,99.0,8.79,88.22,4.17,248
2025-04-21 16:03:37.037117+00:00,70B3D57ED004558D,Hygro#55:8D,Hygro,Crofts South West Field,56.57950324451966,-2.7063292005198787,6ac80320006203622278104400f9,36.48,8.0,98.0,8.66,88.24,4.16,249
2025-04-21 16:18:53.813232+00:00,70B3D57ED004558D,Hygro#55:8D,Hygro,Crofts South West Field,56.57950324451966,-2.7063292005198787,6ace0320006203152267104600fa,36.5,8.0,98.0,7.89,88.07,4.17,250
2025-04-21 16:34:10.590132+00:00,70B3D57ED004558D,Hygro#55:8D,Hygro,Crofts South West Field,56.57950324451966,-2.7063292005198787,6acc03200062031d2274104600fb,36.49,8.0,98.0,7.97,88.2,4.17,251
2025-04-21 16:49:27.364218+00:00,70B3D57ED004558D,Hygro#55:8D,Hygro,Crofts South West Field,56.57950324451966,-2.7063292005198787,6ad1032a006203152268104900fc,36.51,8.1,98.0,7.89,88.08,4.17,252
2025-04-21 17:04:44.153151+00:00,70B3D57ED004558D,Hygro#55:8D,Hygro,Crofts South West Field,56.57950324451966,-2.7063292005198787,6acb032a006102f42265104600fd,36.49,8.1,97.0,7.56,88.05,4.17,253
2025-04-21 17:20:00.924747+00:00,70B3D57ED004558D,Hygro#55:8D,Hygro,Crofts South West Field,56.57950324451966,-2.7063292005198787,6acd032a006102e72265104b00fe,36.5,8.1,97.0,7.43,88.05,4.17,254
2025-04-21 17:35:17.700287+00:00,70B3D57ED004558D,Hygro#55:8D,Hygro,Crofts South West Field,56.57950324451966,-2.7063292005198787,6aca032a006202d52262104900ff,36.48,8.1,98.0,7.25,88.02,4.17,255
2025-04-21 17:50:34.478112+00:00,70B3D57ED004558D,Hygro#55:8D,Hygro,Crofts South West Field,56.57950324451966,-2.7063292005198787,6ac1032a006202c8225a10490000,36.45,8.1,98.0,7.12,87.94,4.17,0
2025-04-21 18:05:51.271488+00:00,70B3D57ED004558D,Hygro#55:8D,Hygro,Crofts South West Field,56.57950324451966,-2.7063292005198787,6ac9032a006202b7225810440001,36.48,8.1,98.0,6.95,87.92,4.16,1
2025-04-21 18:21:08.058895+00:00,70B3D57ED004558D,Hygro#55:8D,Hygro,Crofts South West Field,56.57950324451966,-2.7063292005198787,6ac8032a006202a7225b10490002,36.48,8.1,98.0,6.79,87.95,4.17,2
2025-04-21 18:36:24.832398+00:00,70B3D57ED004558D,Hygro#55:8D,Hygro,Crofts South West Field,56.57950324451966,-2.7063292005198787,6ac3032a0061029c225610440003,36.46,8.1,97.0,6.68,87.9,4.16,3
2025-04-21 18:51:41.621329+00:00,70B3D57ED004558D,Hygro#55:8D,Hygro,Crofts South West Field,56.57950324451966,-2.7063292005198787,6ac7032a00620296225010460004,36.47,8.1,98.0,6.62,87.84,4.17,4
2025-04-21 19:06:58.395952+00:00,70B3D57ED004558D,Hygro#55:8D,Hygro,Crofts South West Field,56.57950324451966,-2.7063292005198787,6aca032a00620296224b104b0005,36.48,8.1,98.0,6.62,87.79,4.17,5
2025-04-21 19:22:15.187630+00:00,70B3D57ED004558D,Hygro#55:8D,Hygro,Crofts South West Field,56.57950324451966,-2.7063292005198787,6ac5032a00630290224710460006,36.46,8.1,99.0,6.56,87.75,4.17,6
2025-04-21 19:37:31.956662+00:00,70B3D57ED004558D,Hygro#55:8D,Hygro,Crofts South West Field,56.57950324451966,-2.7063292005198787,6abf032a0062028c224310460007,36.44,8.1,98.0,6.52,87.71,4.17,7
2025-04-21 19:52:48.737785+00:00,70B3D57ED004558D,Hygro#55:8D,Hygro,Crofts South West Field,56.57950324451966,-2.7063292005198787,6ac5032a0063028a224610490008,36.46,8.1,99.0,6.5,87.74,4.17,8
2025-04-21 20:08:05.534768+00:00,70B3D57ED004558D,Hygro#55:8D,Hygro,Crofts South West Field,56.57950324451966,-2.7063292005198787,6ac5032a00620287224110460009,36.46,8.1,98.0,6.47,87.69,4.17,9
2025-04-21 20:23:22.312135+00:00,70B3D57ED004558D,Hygro#55:8D,Hygro,Crofts South West Field,56.57950324451966,-2.7063292005198787,6ac8032a0061028722441044000a,36.48,8.1,97.0,6.47,87.72,4.16,10
2025-04-21 20:38:39.091079+00:00,70B3D57ED004558D,Hygro#55:8D,Hygro,Crofts South West Field,56.57950324451966,-2.7063292005198787,6ac8032a0062028122411046000b,36.48,8.1,98.0,6.41,87.69,4.17,11
2025-04-21 20:53:55.888022+00:00,70B3D57ED004558D,Hygro#55:8D,Hygro,Crofts South West Field,56.57950324451966,-2.7063292005198787,6ac6032a0061027522461044000c,36.47,8.1,97.0,6.29,87.74,4.16,12
2025-04-21 21:09:12.672503+00:00,70B3D57ED004558D,Hygro#55:8D,Hygro,Crofts South West Field,56.57950324451966,-2.7063292005198787,6abd032a0062027522431049000d,36.43,8.1,98.0,6.29,87.71,4.17,13
2025-04-21 22:25:36.593405+00:00,70B3D57ED004558D,Hygro#55:8D,Hygro,Crofts South West Field,56.57950324451966,-2.7063292005198787,6ac6032000620268224d10460012,36.47,8.0,98.0,6.16,87.81,4.17,18
2025-04-21 22:40:53.362842+00:00,70B3D57ED004558D,Hygro#55:8D,Hygro,Crofts South West Field,56.57950324451966,-2.7063292005198787,6ac6032000620262224710460013,36.47,8.0,98.0,6.1,87.75,4.17,19
2025-04-21 22:56:10.151327+00:00,70B3D57ED004558D,Hygro#55:8D,Hygro,Crofts South West Field,56.57950324451966,-2.7063292005198787,6ac403200063024b223e10490014,36.46,8.0,99.0,5.87,87.66,4.17,20
2025-04-21 23:11:26.942892+00:00,70B3D57ED004558D,Hygro#55:8D,Hygro,Crofts South West Field,56.57950324451966,-2.7063292005198787,6abd03200062024b224910460015,36.43,8.0,98.0,5.87,87.77,4.17,21
2025-04-21 23:26:43.724362+00:00,70B3D57ED004558D,Hygro#55:8D,Hygro,Crofts South West Field,56.57950324451966,-2.7063292005198787,6abe032000610258224710440016,36.44,8.0,97.0,6.0,87.75,4.16,22
2025-04-21 23:42:00.507899+00:00,70B3D57ED004558D,Hygro#55:8D,Hygro,Crofts South West Field,56.57950324451966,-2.7063292005198787,6abe032000640255224510460017,36.44,8.0,100.0,5.97,87.73,4.17,23
2025-04-21 23:57:17.292273+00:00,70B3D57ED004558D,Hygro#55:8D,Hygro,Crofts South West Field,56.57950324451966,-2.7063292005198787,6ac2032000620241224510440018,36.45,8.0,98.0,5.77,87.73,4.16,24
2025-04-22 00:12:34.068951+00:00,70B3D57ED004558D,Hygro#55:8D,Hygro,Crofts South West Field,56.57950324451966,-2.7063292005198787,6ac3032000620226223810440019,36.46,8.0,98.0,5.5,87.6,4.16,25
2025-04-22 00:43:07.634375+00:00,70B3D57ED004558D,Hygro#55:8D,Hygro,Crofts South West Field,56.57950324451966,-2.7063292005198787,6ac003200062023f224a1046001b,36.45,8.0,98.0,5.75,87.78,4.17,27
2025-04-22 00:58:24.419075+00:00,70B3D57ED004558D,Hygro#55:8D,Hygro,Crofts South West Field,56.57950324451966,-2.7063292005198787,6abf03200062025122461044001c,36.44,8.0,98.0,5.93,87.74,4.16,28
2025-04-22 01:13:41.208394+00:00,70B3D57ED004558D,Hygro#55:8D,Hygro,Crofts South West Field,56.57950324451966,-2.7063292005198787,6ac103200063025e22481044001d,36.45,8.0,99.0,6.06,87.76,4.16,29
2025-04-22 01:28:57.974595+00:00,70B3D57ED004558D,Hygro#55:8D,Hygro,Crofts South West Field,56.57950324451966,-2.7063292005198787,6ac203200062026a22451042001e,36.45,8.0,98.0,6.18,87.73,4.16,30
2025-04-22 01:59:31.542981+00:00,70B3D57ED004558D,Hygro#55:8D,Hygro,Crofts South West Field,56.57950324451966,-2.7063292005198787,6abe032000620241224910440020,36.44,8.0,98.0,5.77,87.77,4.16,32
2025-04-22 02:30:05.108679+00:00,70B3D57ED004558D,Hygro#55:8D,Hygro,Crofts South West Field,56.57950324451966,-2.7063292005198787,6ac20320006201ef223210440022,36.45,8.0,98.0,4.95,87.54,4.16,34
2025-04-22 02:45:21.886459+00:00,70B3D57ED004558D,Hygro#55:8D,Hygro,Crofts South West Field,56.57950324451966,-2.7063292005198787,6abd032000620196222610460023,36.43,8.0,98.0,4.06,87.42,4.17,35
2025-04-22 03:00:38.685509+00:00,70B3D57ED004558D,Hygro#55:8D,Hygro,Crofts South West Field,56.57950324451966,-2.7063292005198787,6ac0032000640177222c10460024,36.45,8.0,100.0,3.75,87.48,4.17,36
2025-04-22 03:31:12.259135+00:00,70B3D57ED004558D,Hygro#55:8D,Hygro,Crofts South West Field,56.57950324451966,-2.7063292005198787,6abe031600620189223510420026,36.44,7.9,98.0,3.93,87.57,4.16,38
2025-04-22 03:46:29.061203+00:00,70B3D57ED004558D,Hygro#55:8D,Hygro,Crofts South West Field,56.57950324451966,-2.7063292005198787,6ac503160062013a220910440027,36.46,7.9,98.0,3.14,87.13,4.16,39
2025-04-22 04:32:19.426248+00:00,70B3D57ED004558D,Hygro#55:8D,Hygro,Crofts South West Field,56.57950324451966,-2.7063292005198787,6ac203160063016c22151044002a,36.45,7.9,99.0,3.64,87.25,4.16,42
2025-04-22 04:47:36.212758+00:00,70B3D57ED004558D,Hygro#55:8D,Hygro,Crofts South West Field,56.57950324451966,-2.7063292005198787,6ac703160062017021fa1044002b,36.47,7.9,98.0,3.68,86.98,4.16,43
2025-04-22 05:33:26.570881+00:00,70B3D57ED004558D,Hygro#55:8D,Hygro,Crofts South West Field,56.57950324451966,-2.7063292005198787,6ac5030c0062020a221f1042002e,36.46,7.8,98.0,5.22,87.35,4.16,46
2025-04-22 06:19:16.921722+00:00,70B3D57ED004558D,Hygro#55:8D,Hygro,Crofts South West Field,56.57950324451966,-2.7063292005198787,6ac403020063026622e510400031,36.46,7.7,99.0,6.14,89.33,4.16,49
2025-04-22 06:34:33.698882+00:00,70B3D57ED004558D,Hygro#55:8D,Hygro,Crofts South West Field,56.57950324451966,-2.7063292005198787,6ac003020063028e234a10420032,36.45,7.7,99.0,6.54,90.34,4.16,50
2025-04-22 06:49:50.470262+00:00,70B3D57ED004558D,Hygro#55:8D,Hygro,Crofts South West Field,56.57950324451966,-2.7063292005198787,6ac30302006202e7236510420033,36.46,7.7,98.0,7.43,90.61,4.16,51
2025-04-22 07:05:07.241555+00:00,70B3D57ED004558D,Hygro#55:8D,Hygro,Crofts South West Field,56.57950324451966,-2.7063292005198787,6ac303020062033b2301103e0034,36.46,7.7,98.0,8.27,89.61,4.16,52
2025-04-22 07:20:24.001614+00:00,70B3D57ED004558D,Hygro#55:8D,Hygro,Crofts South West Field,56.57950324451966,-2.7063292005198787,6abb03020062033f236b103e0035,36.43,7.7,98.0,8.31,90.67,4.16,53
2025-04-22 07:50:57.550499+00:00,70B3D57ED004558D,Hygro#55:8D,Hygro,Crofts South West Field,56.57950324451966,-2.7063292005198787,6abd0302006303cc23ab103b0037,36.43,7.7,99.0,9.72,91.31,4.16,55
2025-04-22 08:21:31.061968+00:00,70B3D57ED004558D,Hygro#55:8D,Hygro,Crofts South West Field,56.57950324451966,-2.7063292005198787,6ac503020062047e22f2104d0039,36.46,7.7,98.0,11.5,89.46,4.17,57
2025-04-22 08:36:47.818119+00:00,70B3D57ED004558D,Hygro#55:8D,Hygro,Crofts South West Field,56.57950324451966,-2.7063292005198787,6ac303020062054322871056003a,36.46,7.7,98.0,13.47,88.39,4.18,58
2025-04-22 09:07:21.325091+00:00,70B3D57ED004558D,Hygro#55:8D,Hygro,Crofts South West Field,56.57950324451966,-2.7063292005198787,6abb0302006305c32270104b003c,36.43,7.7,99.0,14.75,88.16,4.17,60
2025-04-22 10:08:28.304118+00:00,70B3D57ED004558D,Hygro#55:8D,Hygro,Crofts South West Field,56.57950324451966,-2.7063292005198787,6ab8030c00620759223210460040,36.41,7.8,98.0,18.81,87.54,4.17,64
2025-04-22 10:39:01.786948+00:00,70B3D57ED004558D,Hygro#55:8D,Hygro,Crofts South West Field,56.57950324451966,-2.7063292005198787,6aad0316006207da228010490042,36.37,7.9,98.0,20.1,88.32,4.17,66
2025-04-22 11:09:35.271618+00:00,70B3D57ED004558D,Hygro#55:8D,Hygro,Crofts South West Field,56.57950324451966,-2.7063292005198787,6aab032000630834226310460044,36.36,8.0,99.0,21.0,88.03,4.17,68
2025-04-22 11:24:52.025128+00:00,70B3D57ED004558D,Hygro#55:8D,Hygro,Crofts South West Field,56.57950324451966,-2.7063292005198787,6aa9032a006307ac220910490045,36.36,8.1,99.0,19.64,87.13,4.17,69
2025-04-22 11:40:08.768091+00:00,70B3D57ED004558D,Hygro#55:8D,Hygro,Crofts South West Field,56.57950324451966,-2.7063292005198787,6a9b032a00610812226710490046,36.3,8.1,97.0,20.66,88.07,4.17,70
2025-04-22 11:55:25.512918+00:00,70B3D57ED004558D,Hygro#55:8D,Hygro,Crofts South West Field,56.57950324451966,-2.7063292005198787,6a99033400620910227810440047,36.29,8.2,98.0,23.2,88.24,4.16,71
2025-04-22 12:10:42.252557+00:00,70B3D57ED004558D,Hygro#55:8D,Hygro,Crofts South West Field,56.57950324451966,-2.7063292005198787,6a97033e006208b3225c10490048,36.29,8.3,98.0,22.27,87.96,4.17,72
2025-04-22 12:25:59.003073+00:00,70B3D57ED004558D,Hygro#55:8D,Hygro,Crofts South West Field,56.57950324451966,-2.7063292005198787,6a98033e006206cf224a10490049,36.29,8.3,98.0,17.43,87.78,4.17,73
2025-04-22 12:41:15.760337+00:00,70B3D57ED004558D,Hygro#55:8D,Hygro,Crofts South West Field,56.57950324451966,-2.7063292005198787,6a910347006205c722991046004a,36.26,8.39,98.0,14.79,88.57,4.17,74
2025-04-22 12:56:32.518125+00:00,70B3D57ED004558D,Hygro#55:8D,Hygro,Crofts South West Field,56.57950324451966,-2.7063292005198787,6a91034d0062056b2279104b004b,36.26,8.45,98.0,13.87,88.25,4.17,75
2025-04-22 13:11:49.277047+00:00,70B3D57ED004558D,Hygro#55:8D,Hygro,Crofts South West Field,56.57950324451966,-2.7063292005198787,6a8903520062070a2266104b004c,36.23,8.5,98.0,18.02,88.06,4.17,76
2025-04-22 13:57:39.516207+00:00,70B3D57ED004558D,Hygro#55:8D,Hygro,Crofts South West Field,56.57950324451966,-2.7063292005198787,6a8903660062094b223f1044004f,36.23,8.7,98.0,23.79,87.67,4.16,79
2025-04-22 14:12:56.259126+00:00,70B3D57ED004558D,Hygro#55:8D,Hygro,Crofts South West Field,56.57950324451966,-2.7063292005198787,6a7e036600620a4521fa10490050,36.19,8.7,98.0,26.29,86.98,4.17,80
2025-04-22 14:28:13.005643+00:00,70B3D57ED004558D,Hygro#55:8D,Hygro,Crofts South West Field,56.57950324451966,-2.7063292005198787,6a7d0370006209ab222b10440051,36.19,8.8,98.0,24.75,87.47,4.16,81
2025-04-22 14:43:29.785769+00:00,70B3D57ED004558D,Hygro#55:8D,Hygro,Crofts South West Field,56.57950324451966,-2.7063292005198787,6a7f0370006207bf21e210440052,36.19,8.8,98.0,19.83,86.74,4.16,82
2025-04-22 14:58:46.517411+00:00,70B3D57ED004558D,Hygro#55:8D,Hygro,Crofts South West Field,56.57950324451966,-2.7063292005198787,6a7a037900610923223d10440053,36.17,8.89,97.0,23.39,87.65,4.16,83
2025-04-22 15:14:03.253274+00:00,70B3D57ED004558D,Hygro#55:8D,Hygro,Crofts South West Field,56.57950324451966,-2.7063292005198787,6a7103790062071a223a10460054,36.14,8.89,98.0,18.18,87.62,4.17,84
2025-04-22 15:29:20.020647+00:00,70B3D57ED004558D,Hygro#55:8D,Hygro,Crofts South West Field,56.57950324451966,-2.7063292005198787,6a76038400620627224710440055,36.16,9.0,98.0,15.75,87.75,4.16,85
2025-04-22 15:44:36.783116+00:00,70B3D57ED004558D,Hygro#55:8D,Hygro,Crofts South West Field,56.57950324451966,-2.7063292005198787,6a7203840061053f222110420056,36.14,9.0,97.0,13.43,87.37,4.16,86
2025-04-22 15:59:53.541968+00:00,70B3D57ED004558D,Hygro#55:8D,Hygro,Crofts South West Field,56.57950324451966,-2.7063292005198787,6a6f038e006004ee21de10440057,36.13,9.1,96.0,12.62,86.7,4.16,87
2025-04-22 16:15:10.307616+00:00,70B3D57ED004558D,Hygro#55:8D,Hygro,Crofts South West Field,56.57950324451966,-2.7063292005198787,6a64038e0061041a21b410460058,36.09,9.1,97.0,10.5,86.28,4.17,88
2025-04-22 16:30:27.071766+00:00,70B3D57ED004558D,Hygro#55:8D,Hygro,Crofts South West Field,56.57950324451966,-2.7063292005198787,6a6d038e006003e121bd10460059,36.12,9.1,96.0,9.93,86.37,4.17,89
2025-04-22 16:45:43.838237+00:00,70B3D57ED004558D,Hygro#55:8D,Hygro,Crofts South West Field,56.57950324451966,-2.7063292005198787,6a65038e006103b821c11044005a,36.09,9.1,97.0,9.52,86.41,4.16,90
2025-04-22 17:01:00.617154+00:00,70B3D57ED004558D,Hygro#55:8D,Hygro,Crofts South West Field,56.57950324451966,-2.7063292005198787,6a6703980061039621d31046005b,36.1,9.2,97.0,9.18,86.59,4.17,91
2025-04-22 17:16:17.393131+00:00,70B3D57ED004558D,Hygro#55:8D,Hygro,Crofts South West Field,56.57950324451966,-2.7063292005198787,6a6903980061038421d31042005c,36.11,9.2,97.0,9.0,86.59,4.16,92
2025-04-22 17:31:34.152575+00:00,70B3D57ED004558D,Hygro#55:8D,Hygro,Crofts South West Field,56.57950324451966,-2.7063292005198787,6a6903980061039021ce1046005d,36.11,9.2,97.0,9.12,86.54,4.17,93
2025-04-22 17:46:50.923521+00:00,70B3D57ED004558D,Hygro#55:8D,Hygro,Crofts South West Field,56.57950324451966,-2.7063292005198787,6a6c038f0061038c21c91046005e,36.12,9.11,97.0,9.08,86.49,4.17,94
2025-04-22 18:02:07.683867+00:00,70B3D57ED004558D,Hygro#55:8D,Hygro,Crofts South West Field,56.57950324451966,-2.7063292005198787,6a66038e0061037d21c7104b005f,36.1,9.1,97.0,8.93,86.47,4.17,95
2025-04-22 18:17:24.460670+00:00,70B3D57ED004558D,Hygro#55:8D,Hygro,Crofts South West Field,56.57950324451966,-2.7063292005198787,6a63038e0062037d21cc10460060,36.08,9.1,98.0,8.93,86.52,4.17,96
2025-04-22 18:47:58.007440+00:00,70B3D57ED004558D,Hygro#55:8D,Hygro,Crofts South West Field,56.57950324451966,-2.7063292005198787,6a64038e0060034721c910440062,36.09,9.1,96.0,8.39,86.49,4.16,98
2025-04-22 19:03:14.792169+00:00,70B3D57ED004558D,Hygro#55:8D,Hygro,Crofts South West Field,56.57950324451966,-2.7063292005198787,6a6b038e0061033b21ce10440063,36.12,9.1,97.0,8.27,86.54,4.16,99
2025-04-22 19:18:31.568252+00:00,70B3D57ED004558D,Hygro#55:8D,Hygro,Crofts South West Field,56.57950324451966,-2.7063292005198787,6a6b038e0061032a21d010460064,36.12,9.1,97.0,8.1,86.56,4.17,100
2025-04-22 19:33:48.390811+00:00,70B3D57ED004558D,Hygro#55:8D,Hygro,Crofts South West Field,56.57950324451966,-2.7063292005198787,6a6803840062031b21cf10490065,36.1,9.0,98.0,7.95,86.55,4.17,101
2025-04-22 19:49:05.115067+00:00,70B3D57ED004558D,Hygro#55:8D,Hygro,Crofts South West Field,56.57950324451966,-2.7063292005198787,6a670384006202ee21d410460066,36.1,9.0,98.0,7.5,86.6,4.17,102
2025-04-22 20:19:38.682110+00:00,70B3D57ED004558D,Hygro#55:8D,Hygro,Crofts South West Field,56.57950324451966,-2.7063292005198787,6a6103840062024921b010460068,36.08,9.0,98.0,5.85,86.24,4.17,104
2025-04-22 20:34:55.460281+00:00,70B3D57ED004558D,Hygro#55:8D,Hygro,Crofts South West Field,56.57950324451966,-2.7063292005198787,6a630384006201f421b610460069,36.08,9.0,98.0,5.0,86.3,4.17,105
2025-04-22 20:50:12.253397+00:00,70B3D57ED004558D,Hygro#55:8D,Hygro,Crofts South West Field,56.57950324451966,-2.7063292005198787,6a6a0384006001b121b7104b006a,36.11,9.0,96.0,4.33,86.31,4.17,106
2025-04-22 21:05:29.043119+00:00,70B3D57ED004558D,Hygro#55:8D,Hygro,Crofts South West Field,56.57950324451966,-2.7063292005198787,6a6903840061014f21bf1044006b,36.11,9.0,97.0,3.35,86.39,4.16,107
2025-04-22 21:20:45.829790+00:00,70B3D57ED004558D,Hygro#55:8D,Hygro,Crofts South West Field,56.57950324451966,-2.7063292005198787,6a6b03790061015121c71049006c,36.12,8.89,97.0,3.37,86.47,4.17,108
2025-04-22 21:36:02.632988+00:00,70B3D57ED004558D,Hygro#55:8D,Hygro,Crofts South West Field,56.57950324451966,-2.7063292005198787,6a5f0379006200d821901046006d,36.07,8.89,98.0,2.16,85.92,4.17,109
2025-04-22 21:51:19.425904+00:00,70B3D57ED004558D,Hygro#55:8D,Hygro,Crofts South West Field,56.57950324451966,-2.7063292005198787,6a680379006200c821b31046006e,36.1,8.89,98.0,2.0,86.27,4.17,110
2025-04-22 22:06:36.213974+00:00,70B3D57ED004558D,Hygro#55:8D,Hygro,Crofts South West Field,56.57950324451966,-2.7063292005198787,6a680370006200ce21a41044006f,36.1,8.8,98.0,2.06,86.12,4.16,111
2025-04-22 22:21:53.021242+00:00,70B3D57ED004558D,Hygro#55:8D,Hygro,Crofts South West Field,56.57950324451966,-2.7063292005198787,6a620370006200f1219710440070,36.08,8.8,98.0,2.41,85.99,4.16,112
2025-04-22 23:07:43.398463+00:00,70B3D57ED004558D,Hygro#55:8D,Hygro,Crofts South West Field,56.57950324451966,-2.7063292005198787,6a6a036600620190216110460073,36.11,8.7,98.0,4.0,85.45,4.17,115
2025-04-22 23:23:00.189998+00:00,70B3D57ED004558D,Hygro#55:8D,Hygro,Crofts South West Field,56.57950324451966,-2.7063292005198787,6a67036600620170217110460074,36.1,8.7,98.0,3.68,85.61,4.17,116
2025-04-22 23:38:16.976189+00:00,70B3D57ED004558D,Hygro#55:8D,Hygro,Crofts South West Field,56.57950324451966,-2.7063292005198787,6a6c035c0061012c217910490075,36.12,8.6,97.0,3.0,85.69,4.17,117
2025-04-22 23:53:33.767035+00:00,70B3D57ED004558D,Hygro#55:8D,Hygro,Crofts South West Field,56.57950324451966,-2.7063292005198787,6a6a035c0062014521a910440076,36.11,8.6,98.0,3.25,86.17,4.16,118
2025-04-23 00:08:50.562932+00:00,70B3D57ED004558D,Hygro#55:8D,Hygro,Crofts South West Field,56.57950324451966,-2.7063292005198787,6a6c035c0062013e219d10490077,36.12,8.6,98.0,3.18,86.05,4.17,119
2025-04-23 00:24:07.350054+00:00,70B3D57ED004558D,Hygro#55:8D,Hygro,Crofts South West Field,56.57950324451966,-2.7063292005198787,6a66035200620100219510440078,36.1,8.5,98.0,2.56,85.97,4.16,120
2025-04-23 00:39:24.134716+00:00,70B3D57ED004558D,Hygro#55:8D,Hygro,Crofts South West Field,56.57950324451966,-2.7063292005198787,6a6903520062010c21ae10440079,36.11,8.5,98.0,2.68,86.22,4.16,121
2025-04-23 00:54:40.930572+00:00,70B3D57ED004558D,Hygro#55:8D,Hygro,Crofts South West Field,56.57950324451966,-2.7063292005198787,6a6d034d0062015121c21044007a,36.12,8.45,98.0,3.37,86.42,4.16,122
2025-04-23 01:09:57.724979+00:00,70B3D57ED004558D,Hygro#55:8D,Hygro,Crofts South West Field,56.57950324451966,-2.7063292005198787,6a6f034700620174219e1044007b,36.13,8.39,98.0,3.72,86.06,4.16,123
2025-04-23 02:11:04.898481+00:00,70B3D57ED004558D,Hygro#55:8D,Hygro,Crofts South West Field,56.57950324451966,-2.7063292005198787,6a68033e0062015121ba1046007f,36.1,8.3,98.0,3.37,86.34,4.17,127
2025-04-23 02:41:38.475663+00:00,70B3D57ED004558D,Hygro#55:8D,Hygro,Crofts South West Field,56.57950324451966,-2.7063292005198787,6a6d033e0062017421c210440081,36.12,8.3,98.0,3.72,86.42,4.16,129
2025-04-23 03:27:28.837407+00:00,70B3D57ED004558D,Hygro#55:8D,Hygro,Crofts South West Field,56.57950324451966,-2.7063292005198787,6a7303340062018321d110440084,36.15,8.2,98.0,3.87,86.57,4.16,132
2025-04-23 03:42:45.632439+00:00,70B3D57ED004558D,Hygro#55:8D,Hygro,Crofts South West Field,56.57950324451966,-2.7063292005198787,6a6e03340062019c21cc10460085,36.13,8.2,98.0,4.12,86.52,4.17,133
2025-04-23 04:13:19.201320+00:00,70B3D57ED004558D,Hygro#55:8D,Hygro,Crofts South West Field,56.57950324451966,-2.7063292005198787,6a6e032a0062019621da10440087,36.13,8.1,98.0,4.06,86.66,4.16,135
2025-04-23 04:43:52.783284+00:00,70B3D57ED004558D,Hygro#55:8D,Hygro,Crofts South West Field,56.57950324451966,-2.7063292005198787,6a73032a006201ce21e710420089,36.15,8.1,98.0,4.62,86.79,4.16,137
2025-04-23 06:00:16.711399+00:00,70B3D57ED004558D,Hygro#55:8D,Hygro,Crofts South West Field,56.57950324451966,-2.7063292005198787,6a73032000620232221e1042008e,36.15,8.0,98.0,5.62,87.34,4.16,142
2025-04-23 06:30:50.270953+00:00,70B3D57ED004558D,Hygro#55:8D,Hygro,Crofts South West Field,56.57950324451966,-2.7063292005198787,6a6f032000620247223310420090,36.13,8.0,98.0,5.83,87.55,4.16,144
2025-04-23 06:46:07.049489+00:00,70B3D57ED004558D,Hygro#55:8D,Hygro,Crofts South West Field,56.57950324451966,-2.7063292005198787,6a70032000620251223510440091,36.13,8.0,98.0,5.93,87.57,4.16,145
2025-04-23 07:16:40.620154+00:00,70B3D57ED004558D,Hygro#55:8D,Hygro,Crofts South West Field,56.57950324451966,-2.7063292005198787,6a6c03200062027f224f10420093,36.12,8.0,98.0,6.39,87.83,4.16,147
2025-04-23 08:02:30.971732+00:00,70B3D57ED004558D,Hygro#55:8D,Hygro,Crofts South West Field,56.57950324451966,-2.7063292005198787,6a6d0320006202d5227010440096,36.12,8.0,98.0,7.25,88.16,4.16,150
2025-04-23 08:17:47.751243+00:00,70B3D57ED004558D,Hygro#55:8D,Hygro,Crofts South West Field,56.57950324451966,-2.7063292005198787,6a660320006102ce228c103e0097,36.1,8.0,97.0,7.18,88.44,4.16,151
2025-04-23 09:18:54.871682+00:00,70B3D57ED004558D,Hygro#55:8D,Hygro,Crofts South West Field,56.57950324451966,-2.7063292005198787,6a600320006203432290104d009b,36.07,8.0,98.0,8.35,88.48,4.17,155
2025-04-23 09:49:28.421899+00:00,70B3D57ED004558D,Hygro#55:8D,Hygro,Crofts South West Field,56.57950324451966,-2.7063292005198787,6a690320006203e5224d1058009d,36.11,8.0,98.0,9.97,87.81,4.18,157
2025-04-23 10:04:45.184749+00:00,70B3D57ED004558D,Hygro#55:8D,Hygro,Crofts South West Field,56.57950324451966,-2.7063292005198787,6a66032a006303f4228a1046009e,36.1,8.1,99.0,10.12,88.42,4.17,158
2025-04-23 10:20:01.958008+00:00,70B3D57ED004558D,Hygro#55:8D,Hygro,Crofts South West Field,56.57950324451966,-2.7063292005198787,6a5c032a006205142300104f009f,36.06,8.1,98.0,13.0,89.6,4.17,159
2025-04-23 10:35:18.721972+00:00,70B3D57ED004558D,Hygro#55:8D,Hygro,Crofts South West Field,56.57950324451966,-2.7063292005198787,6a64032a0062055222d7104600a0,36.09,8.1,98.0,13.62,89.19,4.17,160
2025-04-23 11:05:52.224767+00:00,70B3D57ED004558D,Hygro#55:8D,Hygro,Crofts South West Field,56.57950324451966,-2.7063292005198787,6a57032a006205ea2311104d00a2,36.04,8.1,98.0,15.14,89.77,4.17,162
2025-04-23 11:21:08.985305+00:00,70B3D57ED004558D,Hygro#55:8D,Hygro,Crofts South West Field,56.57950324451966,-2.7063292005198787,6a5a0334006206052328104b00a3,36.05,8.2,98.0,15.41,90.0,4.17,163
2025-04-23 11:36:25.740209+00:00,70B3D57ED004558D,Hygro#55:8D,Hygro,Crofts South West Field,56.57950324451966,-2.7063292005198787,6a58033400620620232a104b00a4,36.04,8.2,98.0,15.68,90.02,4.17,164
2025-04-23 11:51:42.507478+00:00,70B3D57ED004558D,Hygro#55:8D,Hygro,Crofts South West Field,56.57950324451966,-2.7063292005198787,6a4e033e006106072319104900a5,36.0,8.3,97.0,15.43,89.85,4.17,165
2025-04-23 12:06:59.260365+00:00,70B3D57ED004558D,Hygro#55:8D,Hygro,Crofts South West Field,56.57950324451966,-2.7063292005198787,6a4d033e006206032312104600a6,36.0,8.3,98.0,15.39,89.78,4.17,166
2025-04-23 12:22:16.014369+00:00,70B3D57ED004558D,Hygro#55:8D,Hygro,Crofts South West Field,56.57950324451966,-2.7063292005198787,6a470347006305b2230a104900a7,35.98,8.39,99.0,14.58,89.7,4.17,167
2025-04-23 12:37:32.770185+00:00,70B3D57ED004558D,Hygro#55:8D,Hygro,Crofts South West Field,56.57950324451966,-2.7063292005198787,6a450347006205fd2300104d00a8,35.97,8.39,98.0,15.33,89.6,4.17,168
2025-04-23 12:52:49.529113+00:00,70B3D57ED004558D,Hygro#55:8D,Hygro,Crofts South West Field,56.57950324451966,-2.7063292005198787,6a4103520061060122f2104600a9,35.95,8.5,97.0,15.37,89.46,4.17,169
2025-04-23 13:08:06.292184+00:00,70B3D57ED004558D,Hygro#55:8D,Hygro,Crofts South West Field,56.57950324451966,-2.7063292005198787,6a410352006106f922b2104900aa,35.95,8.5,97.0,17.85,88.82,4.17,170
2025-04-23 13:38:39.806568+00:00,70B3D57ED004558D,Hygro#55:8D,Hygro,Crofts South West Field,56.57950324451966,-2.7063292005198787,6a3103660062064a2256104b00ac,35.89,8.7,98.0,16.1,87.9,4.17,172
2025-04-23 13:53:56.571407+00:00,70B3D57ED004558D,Hygro#55:8D,Hygro,Crofts South West Field,56.57950324451966,-2.7063292005198787,6a2c03660061064a22ab104900ad,35.87,8.7,97.0,16.1,88.75,4.17,173
2025-04-23 14:09:13.350745+00:00,70B3D57ED004558D,Hygro#55:8D,Hygro,Crofts South West Field,56.57950324451966,-2.7063292005198787,6a2b03700061064e2290104400ae,35.87,8.8,97.0,16.14,88.48,4.16,174
2025-04-23 14:24:30.095247+00:00,70B3D57ED004558D,Hygro#55:8D,Hygro,Crofts South West Field,56.57950324451966,-2.7063292005198787,6a2f0370006106992285104900af,35.88,8.8,97.0,16.89,88.37,4.17,175
2025-04-23 14:39:46.874005+00:00,70B3D57ED004558D,Hygro#55:8D,Hygro,Crofts South West Field,56.57950324451966,-2.7063292005198787,6a200379006205972270104200b0,35.82,8.89,98.0,14.31,88.16,4.16,176
2025-04-23 14:55:03.613590+00:00,70B3D57ED004558D,Hygro#55:8D,Hygro,Crofts South West Field,56.57950324451966,-2.7063292005198787,6a1c03840062056b2244104600b1,35.81,9.0,98.0,13.87,87.72,4.17,177
2025-04-23 15:10:20.374146+00:00,70B3D57ED004558D,Hygro#55:8D,Hygro,Crofts South West Field,56.57950324451966,-2.7063292005198787,6a1a0384006105e02298104400b2,35.8,9.0,97.0,15.04,88.56,4.16,178
2025-04-23 15:25:37.125710+00:00,70B3D57ED004558D,Hygro#55:8D,Hygro,Crofts South West Field,56.57950324451966,-2.7063292005198787,6a180384006106f92288104600b3,35.79,9.0,97.0,17.85,88.4,4.17,179
2025-04-23 15:40:53.901690+00:00,70B3D57ED004558D,Hygro#55:8D,Hygro,Crofts South West Field,56.57950324451966,-2.7063292005198787,6a14038e006106722298104900b4,35.78,9.1,97.0,16.5,88.56,4.17,180
2025-04-23 15:56:10.657506+00:00,70B3D57ED004558D,Hygro#55:8D,Hygro,Crofts South West Field,56.57950324451966,-2.7063292005198787,6a10038e00620652229c104600b5,35.76,9.1,98.0,16.18,88.6,4.17,181
2025-04-23 16:26:44.186989+00:00,70B3D57ED004558D,Hygro#55:8D,Hygro,Crofts South West Field,56.57950324451966,-2.7063292005198787,6a130398006104c021a5104900b7,35.77,9.2,97.0,12.16,86.13,4.17,183
2025-04-23 16:42:00.953836+00:00,70B3D57ED004558D,Hygro#55:8D,Hygro,Crofts South West Field,56.57950324451966,-2.7063292005198787,6a0c03980062041321e4104900b8,35.75,9.2,98.0,10.43,86.76,4.17,184
2025-04-23 16:57:17.740566+00:00,70B3D57ED004558D,Hygro#55:8D,Hygro,Crofts South West Field,56.57950324451966,-2.7063292005198787,6a0d03a2006103a1220e104900b9,35.75,9.3,97.0,9.29,87.18,4.17,185
2025-04-23 17:12:34.511667+00:00,70B3D57ED004558D,Hygro#55:8D,Hygro,Crofts South West Field,56.57950324451966,-2.7063292005198787,6a0d03a200610345221a104400ba,35.75,9.3,97.0,8.37,87.3,4.16,186
2025-04-23 17:27:51.282944+00:00,70B3D57ED004558D,Hygro#55:8D,Hygro,Crofts South West Field,56.57950324451966,-2.7063292005198787,6a1103a20062031d2224104600bb,35.77,9.3,98.0,7.97,87.4,4.17,187
2025-04-23 17:43:08.074458+00:00,70B3D57ED004558D,Hygro#55:8D,Hygro,Crofts South West Field,56.57950324451966,-2.7063292005198787,6a0403a200610307220b104b00bc,35.72,9.3,97.0,7.75,87.15,4.17,188
2025-04-23 17:58:24.843679+00:00,70B3D57ED004558D,Hygro#55:8D,Hygro,Crofts South West Field,56.57950324451966,-2.7063292005198787,6a0703a2006003222207104600bd,35.73,9.3,96.0,8.02,87.11,4.17,189
2025-04-23 18:13:41.626943+00:00,70B3D57ED004558D,Hygro#55:8D,Hygro,Crofts South West Field,56.57950324451966,-2.7063292005198787,6a0903a2006202db21f6104600be,35.74,9.3,98.0,7.31,86.94,4.17,190
2025-04-23 18:44:15.180880+00:00,70B3D57ED004558D,Hygro#55:8D,Hygro,Crofts South West Field,56.57950324451966,-2.7063292005198787,6a0103a2006102c021f9104600c0,35.7,9.3,97.0,7.04,86.97,4.17,192
2025-04-23 19:14:48.743467+00:00,70B3D57ED004558D,Hygro#55:8D,Hygro,Crofts South West Field,56.57950324451966,-2.7063292005198787,6a0c03a2006102a921f5104600c2,35.75,9.3,97.0,6.81,86.93,4.17,194
2025-04-23 19:30:05.528910+00:00,70B3D57ED004558D,Hygro#55:8D,Hygro,Crofts South West Field,56.57950324451966,-2.7063292005198787,6a0703a2006102a721f2104900c3,35.73,9.3,97.0,6.79,86.9,4.17,195
2025-04-23 19:45:22.320662+00:00,70B3D57ED004558D,Hygro#55:8D,Hygro,Crofts South West Field,56.57950324451966,-2.7063292005198787,6a0903a2006202a521f3104900c4,35.74,9.3,98.0,6.77,86.91,4.17,196
2025-04-23 20:00:39.094814+00:00,70B3D57ED004558D,Hygro#55:8D,Hygro,Crofts South West Field,56.57950324451966,-2.7063292005198787,6a0303a2006102a321f3104600c5,35.71,9.3,97.0,6.75,86.91,4.17,197
2025-04-23 20:15:55.883530+00:00,70B3D57ED004558D,Hygro#55:8D,Hygro,Crofts South West Field,56.57950324451966,-2.7063292005198787,6a0503980061029621f5104600c6,35.72,9.2,97.0,6.62,86.93,4.17,198
2025-04-23 20:31:12.661832+00:00,70B3D57ED004558D,Hygro#55:8D,Hygro,Crofts South West Field,56.57950324451966,-2.7063292005198787,6a0603980061027b21f8104200c7,35.72,9.2,97.0,6.35,86.96,4.16,199
2025-04-23 20:46:29.449692+00:00,70B3D57ED004558D,Hygro#55:8D,Hygro,Crofts South West Field,56.57950324451966,-2.7063292005198787,6a0203980063025e21f3104600c8,35.71,9.2,99.0,6.06,86.91,4.17,200
2025-04-23 21:01:46.227728+00:00,70B3D57ED004558D,Hygro#55:8D,Hygro,Crofts South West Field,56.57950324451966,-2.7063292005198787,6a0703980062023421e7104400c9,35.73,9.2,98.0,5.64,86.79,4.16,201
2025-04-23 21:17:03.040344+00:00,70B3D57ED004558D,Hygro#55:8D,Hygro,Crofts South West Field,56.57950324451966,-2.7063292005198787,6a0203980061021321e4104600ca,35.71,9.2,97.0,5.31,86.76,4.17,202
2025-04-23 21:32:19.794927+00:00,70B3D57ED004558D,Hygro#55:8D,Hygro,Crofts South West Field,56.57950324451966,-2.7063292005198787,6a02038e006201fa21f2104600cb,35.71,9.1,98.0,5.06,86.9,4.17,203
2025-04-23 21:47:36.589375+00:00,70B3D57ED004558D,Hygro#55:8D,Hygro,Crofts South West Field,56.57950324451966,-2.7063292005198787,6a00038e006201df21db104900cc,35.7,9.1,98.0,4.79,86.67,4.17,204
2025-04-23 22:02:53.371222+00:00,70B3D57ED004558D,Hygro#55:8D,Hygro,Crofts South West Field,56.57950324451966,-2.7063292005198787,6a04038e006101e921f0104400cd,35.72,9.1,97.0,4.89,86.88,4.16,205
2025-04-23 22:18:10.153468+00:00,70B3D57ED004558D,Hygro#55:8D,Hygro,Crofts South West Field,56.57950324451966,-2.7063292005198787,6a09038e0062022621db104600ce,35.74,9.1,98.0,5.5,86.67,4.17,206
2025-04-23 22:33:26.947014+00:00,70B3D57ED004558D,Hygro#55:8D,Hygro,Crofts South West Field,56.57950324451966,-2.7063292005198787,6a0803840061023221d3104600cf,35.73,9.0,97.0,5.62,86.59,4.17,207
2025-04-23 22:48:43.738708+00:00,70B3D57ED004558D,Hygro#55:8D,Hygro,Crofts South West Field,56.57950324451966,-2.7063292005198787,6a0903840062024521de104900d0,35.74,9.0,98.0,5.81,86.7,4.17,208
2025-04-23 23:04:00.499375+00:00,70B3D57ED004558D,Hygro#55:8D,Hygro,Crofts South West Field,56.57950324451966,-2.7063292005198787,6a0603840061025821df104400d1,35.72,9.0,97.0,6.0,86.71,4.16,209
2025-04-23 23:19:17.286398+00:00,70B3D57ED004558D,Hygro#55:8D,Hygro,Crofts South West Field,56.57950324451966,-2.7063292005198787,6a0a03840062024f21f0104600d2,35.74,9.0,98.0,5.91,86.88,4.17,210
2025-04-23 23:34:34.064664+00:00,70B3D57ED004558D,Hygro#55:8D,Hygro,Crofts South West Field,56.57950324451966,-2.7063292005198787,6a0303840061024b21fb104600d3,35.71,9.0,97.0,5.87,86.99,4.17,211
2025-04-23 23:49:50.850245+00:00,70B3D57ED004558D,Hygro#55:8D,Hygro,Crofts South West Field,56.57950324451966,-2.7063292005198787,6a0a03790061024721f7104600d4,35.74,8.89,97.0,5.83,86.95,4.17,212
2025-04-24 00:05:07.638789+00:00,70B3D57ED004558D,Hygro#55:8D,Hygro,Crofts South West Field,56.57950324451966,-2.7063292005198787,6a0403790062021721eb104b00d5,35.72,8.89,98.0,5.35,86.83,4.17,213
2025-04-24 00:20:24.413113+00:00,70B3D57ED004558D,Hygro#55:8D,Hygro,Crofts South West Field,56.57950324451966,-2.7063292005198787,6a0703790062019a21eb104900d6,35.73,8.89,98.0,4.1,86.83,4.17,214
2025-04-24 01:06:14.785536+00:00,70B3D57ED004558D,Hygro#55:8D,Hygro,Crofts South West Field,56.57950324451966,-2.7063292005198787,6a0003700061015e21eb104400d9,35.7,8.8,97.0,3.5,86.83,4.16,217
2025-04-24 01:21:31.574829+00:00,70B3D57ED004558D,Hygro#55:8D,Hygro,Crofts South West Field,56.57950324451966,-2.7063292005198787,69ff03700062011d21b9104400da,35.7,8.8,98.0,2.85,86.33,4.16,218
2025-04-24 01:36:48.373612+00:00,70B3D57ED004558D,Hygro#55:8D,Hygro,Crofts South West Field,56.57950324451966,-2.7063292005198787,6a0303700062010e21d7104900db,35.71,8.8,98.0,2.7,86.63,4.17,219
2025-04-24 01:52:05.174711+00:00,70B3D57ED004558D,Hygro#55:8D,Hygro,Crofts South West Field,56.57950324451966,-2.7063292005198787,69fe036c0061011021e0104400dc,35.69,8.76,97.0,2.72,86.72,4.16,220
2025-04-24 02:07:21.961402+00:00,70B3D57ED004558D,Hygro#55:8D,Hygro,Crofts South West Field,56.57950324451966,-2.7063292005198787,6a0b03660061017d2204104400dd,35.74,8.7,97.0,3.81,87.08,4.16,221
2025-04-24 02:22:38.751340+00:00,70B3D57ED004558D,Hygro#55:8D,Hygro,Crofts South West Field,56.57950324451966,-2.7063292005198787,6a080366006101ad21f0104400de,35.73,8.7,97.0,4.29,86.88,4.16,222
2025-04-24 02:53:12.332385+00:00,70B3D57ED004558D,Hygro#55:8D,Hygro,Crofts South West Field,56.57950324451966,-2.7063292005198787,6a03035c006201cc21e0104400e0,35.71,8.6,98.0,4.6,86.72,4.16,224
2025-04-24 03:08:29.127056+00:00,70B3D57ED004558D,Hygro#55:8D,Hygro,Crofts South West Field,56.57950324451966,-2.7063292005198787,6a09035c006201ce21ea104400e1,35.74,8.6,98.0,4.62,86.82,4.16,225
2025-04-24 03:23:45.909555+00:00,70B3D57ED004558D,Hygro#55:8D,Hygro,Crofts South West Field,56.57950324451966,-2.7063292005198787,6a03035c0061019221ce104400e2,35.71,8.6,97.0,4.02,86.54,4.16,226
2025-04-24 03:39:02.734364+00:00,70B3D57ED004558D,Hygro#55:8D,Hygro,Crofts South West Field,56.57950324451966,-2.7063292005198787,6a01035c006201a62211104400e3,35.7,8.6,98.0,4.22,87.21,4.16,227
2025-04-24 03:54:19.480932+00:00,70B3D57ED004558D,Hygro#55:8D,Hygro,Crofts South West Field,56.57950324451966,-2.7063292005198787,6a0c035c006201d42212104200e4,35.75,8.6,98.0,4.68,87.22,4.16,228
2025-04-24 04:09:36.288067+00:00,70B3D57ED004558D,Hygro#55:8D,Hygro,Crofts South West Field,56.57950324451966,-2.7063292005198787,6a020352006201e72205104200e5,35.71,8.5,98.0,4.87,87.09,4.16,229
2025-04-24 04:24:53.068193+00:00,70B3D57ED004558D,Hygro#55:8D,Hygro,Crofts South West Field,56.57950324451966,-2.7063292005198787,6a010352006101e521ff104600e6,35.7,8.5,97.0,4.85,87.03,4.17,230
2025-04-24 04:40:09.840757+00:00,70B3D57ED004558D,Hygro#55:8D,Hygro,Crofts South West Field,56.57950324451966,-2.7063292005198787,6a020352006201e72202104400e7,35.71,8.5,98.0,4.87,87.06,4.16,231
2025-04-24 04:55:26.626822+00:00,70B3D57ED004558D,Hygro#55:8D,Hygro,Crofts South West Field,56.57950324451966,-2.7063292005198787,6a0a0352006101fc220f104400e8,35.74,8.5,97.0,5.08,87.19,4.16,232
2025-04-24 05:10:43.408475+00:00,70B3D57ED004558D,Hygro#55:8D,Hygro,Crofts South West Field,56.57950324451966,-2.7063292005198787,6a0d03520062020d220f104200e9,35.75,8.5,98.0,5.25,87.19,4.16,233
2025-04-24 05:41:16.981091+00:00,70B3D57ED004558D,Hygro#55:8D,Hygro,Crofts South West Field,56.57950324451966,-2.7063292005198787,6a00034700610232220e104200eb,35.7,8.39,97.0,5.62,87.18,4.16,235
2025-04-24 05:56:33.773689+00:00,70B3D57ED004558D,Hygro#55:8D,Hygro,Crofts South West Field,56.57950324451966,-2.7063292005198787,6a0003470062024b2212104900ec,35.7,8.39,98.0,5.87,87.22,4.17,236
2025-04-24 06:11:50.549683+00:00,70B3D57ED004558D,Hygro#55:8D,Hygro,Crofts South West Field,56.57950324451966,-2.7063292005198787,6a0d0347006202622210104200ed,35.75,8.39,98.0,6.1,87.2,4.16,237
2025-04-24 06:42:24.103686+00:00,70B3D57ED004558D,Hygro#55:8D,Hygro,Crofts South West Field,56.57950324451966,-2.7063292005198787,6a060347006102a3221d104200ef,35.72,8.39,97.0,6.75,87.33,4.16,239
2025-04-24 06:57:40.886338+00:00,70B3D57ED004558D,Hygro#55:8D,Hygro,Crofts South West Field,56.57950324451966,-2.7063292005198787,6a030347006202b9221e104000f0,35.71,8.39,98.0,6.97,87.34,4.16,240
2025-04-24 07:12:57.666076+00:00,70B3D57ED004558D,Hygro#55:8D,Hygro,Crofts South West Field,56.57950324451966,-2.7063292005198787,6a090347006102ee222e104000f1,35.74,8.39,97.0,7.5,87.5,4.16,241
2025-04-24 07:28:14.449102+00:00,70B3D57ED004558D,Hygro#55:8D,Hygro,Crofts South West Field,56.57950324451966,-2.7063292005198787,6a0303470062030f2229104200f2,35.71,8.39,98.0,7.83,87.45,4.16,242
2025-04-24 07:43:31.216969+00:00,70B3D57ED004558D,Hygro#55:8D,Hygro,Crofts South West Field,56.57950324451966,-2.7063292005198787,69fe03470062036b2235103e00f3,35.69,8.39,98.0,8.75,87.57,4.16,243
2025-04-24 07:58:47.996581+00:00,70B3D57ED004558D,Hygro#55:8D,Hygro,Crofts South West Field,56.57950324451966,-2.7063292005198787,6a0103470062040b2248104200f4,35.7,8.39,98.0,10.35,87.76,4.16,244
2025-04-24 08:14:04.751857+00:00,70B3D57ED004558D,Hygro#55:8D,Hygro,Crofts South West Field,56.57950324451966,-2.7063292005198787,6a0203470062045a2229103e00f5,35.71,8.39,98.0,11.14,87.45,4.16,245
2025-04-24 08:29:21.519977+00:00,70B3D57ED004558D,Hygro#55:8D,Hygro,Crofts South West Field,56.57950324451966,-2.7063292005198787,69fe0347006204f8226c104900f6,35.69,8.39,98.0,12.72,88.12,4.17,246
2025-04-24 08:44:38.284899+00:00,70B3D57ED004558D,Hygro#55:8D,Hygro,Crofts South West Field,56.57950324451966,-2.7063292005198787,69fb0347006205012257105100f7,35.68,8.39,98.0,12.81,87.91,4.18,247
2025-04-24 08:59:55.049733+00:00,70B3D57ED004558D,Hygro#55:8D,Hygro,Crofts South West Field,56.57950324451966,-2.7063292005198787,69fa0347006105e22274105400f8,35.68,8.39,97.0,15.06,88.2,4.18,248
2025-04-24 09:15:11.808611+00:00,70B3D57ED004558D,Hygro#55:8D,Hygro,Crofts South West Field,56.57950324451966,-2.7063292005198787,69f90347006204ff229b105100f9,35.67,8.39,98.0,12.79,88.59,4.18,249
2025-04-24 09:30:28.562409+00:00,70B3D57ED004558D,Hygro#55:8D,Hygro,Crofts South West Field,56.57950324451966,-2.7063292005198787,69ff03470061051422fd104900fa,35.7,8.39,97.0,13.0,89.57,4.17,250
2025-04-24 09:45:45.311355+00:00,70B3D57ED004558D,Hygro#55:8D,Hygro,Crofts South West Field,56.57950324451966,-2.7063292005198787,69fe0347006106ef227f104b00fb,35.69,8.39,97.0,17.75,88.31,4.17,251
2025-04-24 10:01:02.061322+00:00,70B3D57ED004558D,Hygro#55:8D,Hygro,Crofts South West Field,56.57950324451966,-2.7063292005198787,69fb0347006207bf21e6104600fc,35.68,8.39,98.0,19.83,86.78,4.17,252
2025-04-24 10:16:18.809356+00:00,70B3D57ED004558D,Hygro#55:8D,Hygro,Crofts South West Field,56.57950324451966,-2.7063292005198787,69f30352006106782296104d00fd,35.65,8.5,97.0,16.56,88.54,4.17,253
2025-04-24 10:31:35.558822+00:00,70B3D57ED004558D,Hygro#55:8D,Hygro,Crofts South West Field,56.57950324451966,-2.7063292005198787,69ed035200610748237f104900fe,35.63,8.5,97.0,18.64,90.87,4.17,254
2025-04-24 10:46:52.321162+00:00,70B3D57ED004558D,Hygro#55:8D,Hygro,Crofts South West Field,56.57950324451966,-2.7063292005198787,69e90352006106bd2351104b00ff,35.61,8.5,97.0,17.25,90.41,4.17,255
2025-04-24 11:02:09.075905+00:00,70B3D57ED004558D,Hygro#55:8D,Hygro,Crofts South West Field,56.57950324451966,-2.7063292005198787,69e5035c00600688235b104b0000,35.6,8.6,96.0,16.72,90.51,4.17,0
2025-04-24 11:17:25.852590+00:00,70B3D57ED004558D,Hygro#55:8D,Hygro,Crofts South West Field,56.57950324451966,-2.7063292005198787,69e8035c006006052344104b0001,35.61,8.6,96.0,15.41,90.28,4.17,1
2025-04-24 11:32:42.606609+00:00,70B3D57ED004558D,Hygro#55:8D,Hygro,Crofts South West Field,56.57950324451966,-2.7063292005198787,69df0366006105ba2325104b0002,35.57,8.7,97.0,14.66,89.97,4.17,2
2025-04-24 11:47:59.362326+00:00,70B3D57ED004558D,Hygro#55:8D,Hygro,Crofts South West Field,56.57950324451966,-2.7063292005198787,69e60366006105a322fe10460003,35.6,8.7,97.0,14.43,89.58,4.17,3
2025-04-24 12:03:16.126901+00:00,70B3D57ED004558D,Hygro#55:8D,Hygro,Crofts South West Field,56.57950324451966,-2.7063292005198787,69d90366006105f222f110460004,35.55,8.7,97.0,15.22,89.45,4.17,4
2025-04-24 12:33:49.655151+00:00,70B3D57ED004558D,Hygro#55:8D,Hygro,Crofts South West Field,56.57950324451966,-2.7063292005198787,69d80370006106b622be104b0006,35.55,8.8,97.0,17.18,88.94,4.17,6
2025-04-24 12:49:06.431427+00:00,70B3D57ED004558D,Hygro#55:8D,Hygro,Crofts South West Field,56.57950324451966,-2.7063292005198787,69ce037900600697227e10460007,35.51,8.89,96.0,16.87,88.3,4.17,7
2025-04-24 13:04:23.167884+00:00,70B3D57ED004558D,Hygro#55:8D,Hygro,Crofts South West Field,56.57950324451966,-2.7063292005198787,69ca037900610793225e10490008,35.49,8.89,97.0,19.39,87.98,4.17,8
2025-04-24 13:19:39.926722+00:00,70B3D57ED004558D,Hygro#55:8D,Hygro,Crofts South West Field,56.57950324451966,-2.7063292005198787,69cb03840060066d22d310460009,35.49,9.0,96.0,16.45,89.15,4.17,9
2025-04-24 13:34:56.686200+00:00,70B3D57ED004558D,Hygro#55:8D,Hygro,Crofts South West Field,56.57950324451966,-2.7063292005198787,69c70384006005a722bd104b000a,35.48,9.0,96.0,14.47,88.93,4.17,10
2025-04-24 13:50:13.443811+00:00,70B3D57ED004558D,Hygro#55:8D,Hygro,Crofts South West Field,56.57950324451966,-2.7063292005198787,69c2038400600642229b1049000b,35.46,9.0,96.0,16.02,88.59,4.17,11
2025-04-24 14:36:03.730269+00:00,70B3D57ED004558D,Hygro#55:8D,Hygro,Crofts South West Field,56.57950324451966,-2.7063292005198787,69c20398006005d522581046000e,35.46,9.2,96.0,14.93,87.92,4.17,14
2025-04-24 14:51:20.490578+00:00,70B3D57ED004558D,Hygro#55:8D,Hygro,Crofts South West Field,56.57950324451966,-2.7063292005198787,69bf03980061061c2262104b000f,35.45,9.2,97.0,15.64,88.02,4.17,15
2025-04-24 15:06:37.259502+00:00,70B3D57ED004558D,Hygro#55:8D,Hygro,Crofts South West Field,56.57950324451966,-2.7063292005198787,69b603980060058a225010490010,35.41,9.2,96.0,14.18,87.84,4.17,16
2025-04-24 15:21:54.019766+00:00,70B3D57ED004558D,Hygro#55:8D,Hygro,Crofts South West Field,56.57950324451966,-2.7063292005198787,69b203a20060055c224b10460011,35.4,9.3,96.0,13.72,87.79,4.17,17
2025-04-24 15:37:10.777085+00:00,70B3D57ED004558D,Hygro#55:8D,Hygro,Crofts South West Field,56.57950324451966,-2.7063292005198787,69b103a200600565224c10440012,35.39,9.3,96.0,13.81,87.8,4.16,18
2025-04-24 15:52:27.544405+00:00,70B3D57ED004558D,Hygro#55:8D,Hygro,Crofts South West Field,56.57950324451966,-2.7063292005198787,69b603a20060056d224a10490013,35.41,9.3,96.0,13.89,87.78,4.17,19
2025-04-24 16:07:44.315026+00:00,70B3D57ED004558D,Hygro#55:8D,Hygro,Crofts South West Field,56.57950324451966,-2.7063292005198787,69a903a300600541221e10460014,35.36,9.31,96.0,13.45,87.34,4.17,20
2025-04-24 16:23:01.072203+00:00,70B3D57ED004558D,Hygro#55:8D,Hygro,Crofts South West Field,56.57950324451966,-2.7063292005198787,69b003ab0061043d21ad10490015,35.39,9.39,97.0,10.85,86.21,4.17,21
2025-04-24 16:38:17.836181+00:00,70B3D57ED004558D,Hygro#55:8D,Hygro,Crofts South West Field,56.57950324451966,-2.7063292005198787,69a703ab0060047721cd10490016,35.36,9.39,96.0,11.43,86.53,4.17,22
2025-04-24 16:53:34.598057+00:00,70B3D57ED004558D,Hygro#55:8D,Hygro,Crofts South West Field,56.57950324451966,-2.7063292005198787,69a203ab006004cd212f10440017,35.34,9.39,96.0,12.29,84.95,4.16,23
2025-04-24 17:08:51.362877+00:00,70B3D57ED004558D,Hygro#55:8D,Hygro,Crofts South West Field,56.57950324451966,-2.7063292005198787,699e03ab00610490213c10440018,35.32,9.39,97.0,11.68,85.08,4.16,24
2025-04-24 17:24:08.132818+00:00,70B3D57ED004558D,Hygro#55:8D,Hygro,Crofts South West Field,56.57950324451966,-2.7063292005198787,69a103ab00600401216910460019,35.33,9.39,96.0,10.25,85.53,4.17,25
2025-04-24 17:39:24.900756+00:00,70B3D57ED004558D,Hygro#55:8D,Hygro,Crofts South West Field,56.57950324451966,-2.7063292005198787,69a003ab006003df21a2104b001a,35.33,9.39,96.0,9.91,86.1,4.17,26
2025-04-24 17:54:41.661644+00:00,70B3D57ED004558D,Hygro#55:8D,Hygro,Crofts South West Field,56.57950324451966,-2.7063292005198787,69a303ab006003a121b71046001b,35.34,9.39,96.0,9.29,86.31,4.17,27
2025-04-24 18:09:58.443485+00:00,70B3D57ED004558D,Hygro#55:8D,Hygro,Crofts South West Field,56.57950324451966,-2.7063292005198787,699e03ab0060037d21d81046001c,35.32,9.39,96.0,8.93,86.64,4.17,28
2025-04-24 18:25:15.213830+00:00,70B3D57ED004558D,Hygro#55:8D,Hygro,Crofts South West Field,56.57950324451966,-2.7063292005198787,699f03ab0061035821e01046001d,35.32,9.39,97.0,8.56,86.72,4.17,29
2025-04-24 18:40:31.974698+00:00,70B3D57ED004558D,Hygro#55:8D,Hygro,Crofts South West Field,56.57950324451966,-2.7063292005198787,69a103ab0060033f21da104b001e,35.33,9.39,96.0,8.31,86.66,4.17,30
2025-04-24 18:55:48.767557+00:00,70B3D57ED004558D,Hygro#55:8D,Hygro,Crofts South West Field,56.57950324451966,-2.7063292005198787,699803ab0060032621e21049001f,35.3,9.39,96.0,8.06,86.74,4.17,31
2025-04-24 19:11:05.555788+00:00,70B3D57ED004558D,Hygro#55:8D,Hygro,Crofts South West Field,56.57950324451966,-2.7063292005198787,699b03ab0060031b21e010460020,35.31,9.39,96.0,7.95,86.72,4.17,32
2025-04-24 19:26:22.302564+00:00,70B3D57ED004558D,Hygro#55:8D,Hygro,Crofts South West Field,56.57950324451966,-2.7063292005198787,69a103ab0061030021e310440021,35.33,9.39,97.0,7.68,86.75,4.16,33
2025-04-24 19:41:39.073890+00:00,70B3D57ED004558D,Hygro#55:8D,Hygro,Crofts South West Field,56.57950324451966,-2.7063292005198787,69a403ab006002fa21e210440022,35.34,9.39,96.0,7.62,86.74,4.16,34
2025-04-24 19:56:55.849986+00:00,70B3D57ED004558D,Hygro#55:8D,Hygro,Crofts South West Field,56.57950324451966,-2.7063292005198787,69a103ab006002e921e110460023,35.33,9.39,96.0,7.45,86.73,4.17,35
2025-04-24 20:12:12.623405+00:00,70B3D57ED004558D,Hygro#55:8D,Hygro,Crofts South West Field,56.57950324451966,-2.7063292005198787,699803ab005f02e721de10490024,35.3,9.39,95.0,7.43,86.7,4.17,36
2025-04-24 20:27:29.399143+00:00,70B3D57ED004558D,Hygro#55:8D,Hygro,Crofts South West Field,56.57950324451966,-2.7063292005198787,699603a2006002e121e310460025,35.29,9.3,96.0,7.37,86.75,4.17,37
2025-04-24 20:42:46.176430+00:00,70B3D57ED004558D,Hygro#55:8D,Hygro,Crofts South West Field,56.57950324451966,-2.7063292005198787,699703a2006002e121e310460026,35.29,9.3,96.0,7.37,86.75,4.17,38
2025-04-24 20:58:02.960967+00:00,70B3D57ED004558D,Hygro#55:8D,Hygro,Crofts South West Field,56.57950324451966,-2.7063292005198787,699d03a2006102d921e410490027,35.32,9.3,97.0,7.29,86.76,4.17,39
2025-04-24 21:13:19.732314+00:00,70B3D57ED004558D,Hygro#55:8D,Hygro,Crofts South West Field,56.57950324451966,-2.7063292005198787,699703a2006002d921e710440028,35.29,9.3,96.0,7.29,86.79,4.16,40
2025-04-24 21:28:36.519234+00:00,70B3D57ED004558D,Hygro#55:8D,Hygro,Crofts South West Field,56.57950324451966,-2.7063292005198787,699f03a2006002c821e810440029,35.32,9.3,96.0,7.12,86.8,4.16,41
2025-04-24 21:59:10.071578+00:00,70B3D57ED004558D,Hygro#55:8D,Hygro,Crofts South West Field,56.57950324451966,-2.7063292005198787,699903a2006002c621ea1049002b,35.3,9.3,96.0,7.1,86.82,4.17,43
2025-04-24 22:14:26.850338+00:00,70B3D57ED004558D,Hygro#55:8D,Hygro,Crofts South West Field,56.57950324451966,-2.7063292005198787,699b0398005f02c821e91046002c,35.31,9.2,95.0,7.12,86.81,4.17,44
2025-04-24 22:29:43.633918+00:00,70B3D57ED004558D,Hygro#55:8D,Hygro,Crofts South West Field,56.57950324451966,-2.7063292005198787,699e0398006102c221eb1044002d,35.32,9.2,97.0,7.06,86.83,4.16,45
2025-04-24 22:45:00.407909+00:00,70B3D57ED004558D,Hygro#55:8D,Hygro,Crofts South West Field,56.57950324451966,-2.7063292005198787,699f0398006002bc21ee1044002e,35.32,9.2,96.0,7.0,86.86,4.16,46
2025-04-24 23:00:17.182546+00:00,70B3D57ED004558D,Hygro#55:8D,Hygro,Crofts South West Field,56.57950324451966,-2.7063292005198787,69a00398006102c021e91042002f,35.33,9.2,97.0,7.04,86.81,4.16,47
2025-04-24 23:15:33.955743+00:00,70B3D57ED004558D,Hygro#55:8D,Hygro,Crofts South West Field,56.57950324451966,-2.7063292005198787,699d0398006102b521e810440030,35.32,9.2,97.0,6.93,86.8,4.16,48
2025-04-24 23:46:07.519563+00:00,70B3D57ED004558D,Hygro#55:8D,Hygro,Crofts South West Field,56.57950324451966,-2.7063292005198787,6995038f006102a921ec10460032,35.29,9.11,97.0,6.81,86.84,4.17,50
2025-04-25 00:01:24.295412+00:00,70B3D57ED004558D,Hygro#55:8D,Hygro,Crofts South West Field,56.57950324451966,-2.7063292005198787,6992038e006002a921e710460033,35.27,9.1,96.0,6.81,86.79,4.17,51
2025-04-25 00:16:41.076809+00:00,70B3D57ED004558D,Hygro#55:8D,Hygro,Crofts South West Field,56.57950324451966,-2.7063292005198787,699d038e0060029a21ea10460034,35.32,9.1,96.0,6.66,86.82,4.17,52
2025-04-25 00:31:57.842932+00:00,70B3D57ED004558D,Hygro#55:8D,Hygro,Crofts South West Field,56.57950324451966,-2.7063292005198787,6992038e0061029221eb10460035,35.27,9.1,97.0,6.58,86.83,4.17,53
2025-04-25 00:47:14.637694+00:00,70B3D57ED004558D,Hygro#55:8D,Hygro,Crofts South West Field,56.57950324451966,-2.7063292005198787,6993038e0060029021e610420036,35.28,9.1,96.0,6.56,86.78,4.16,54
2025-04-25 01:17:48.193932+00:00,70B3D57ED004558D,Hygro#55:8D,Hygro,Crofts South West Field,56.57950324451966,-2.7063292005198787,6994038e0060029621ea10440038,35.28,9.1,96.0,6.62,86.82,4.16,56
2025-04-25 01:33:04.966381+00:00,70B3D57ED004558D,Hygro#55:8D,Hygro,Crofts South West Field,56.57950324451966,-2.7063292005198787,699503840060029a21ec10440039,35.29,9.0,96.0,6.66,86.84,4.16,57
2025-04-25 01:48:21.751335+00:00,70B3D57ED004558D,Hygro#55:8D,Hygro,Crofts South West Field,56.57950324451966,-2.7063292005198787,699303840060029821e81044003a,35.28,9.0,96.0,6.64,86.8,4.16,58
2025-04-25 02:03:38.526103+00:00,70B3D57ED004558D,Hygro#55:8D,Hygro,Crofts South West Field,56.57950324451966,-2.7063292005198787,699003840060029621ea1044003b,35.27,9.0,96.0,6.62,86.82,4.16,59
2025-04-25 02:18:55.301928+00:00,70B3D57ED004558D,Hygro#55:8D,Hygro,Crofts South West Field,56.57950324451966,-2.7063292005198787,699703840060028e21ef1044003c,35.29,9.0,96.0,6.54,86.87,4.16,60
2025-04-25 02:34:12.090716+00:00,70B3D57ED004558D,Hygro#55:8D,Hygro,Crofts South West Field,56.57950324451966,-2.7063292005198787,699803840060028321f11044003d,35.3,9.0,96.0,6.43,86.89,4.16,61
2025-04-25 02:49:28.867647+00:00,70B3D57ED004558D,Hygro#55:8D,Hygro,Crofts South West Field,56.57950324451966,-2.7063292005198787,699a03840061027121f81044003e,35.3,9.0,97.0,6.25,86.96,4.16,62
2025-04-25 03:04:45.646108+00:00,70B3D57ED004558D,Hygro#55:8D,Hygro,Crofts South West Field,56.57950324451966,-2.7063292005198787,699303840061026621ef1042003f,35.28,9.0,97.0,6.14,86.87,4.16,63
2025-04-25 03:20:02.434908+00:00,70B3D57ED004558D,Hygro#55:8D,Hygro,Crofts South West Field,56.57950324451966,-2.7063292005198787,698e03840060026a21ee10440040,35.26,9.0,96.0,6.18,86.86,4.16,64
2025-04-25 03:35:19.212272+00:00,70B3D57ED004558D,Hygro#55:8D,Hygro,Crofts South West Field,56.57950324451966,-2.7063292005198787,699903790061026c21e710440041,35.3,8.89,97.0,6.2,86.79,4.16,65
2025-04-25 03:50:35.993220+00:00,70B3D57ED004558D,Hygro#55:8D,Hygro,Crofts South West Field,56.57950324451966,-2.7063292005198787,698d03790061026821e610440042,35.25,8.89,97.0,6.16,86.78,4.16,66
2025-04-25 04:05:52.772078+00:00,70B3D57ED004558D,Hygro#55:8D,Hygro,Crofts South West Field,56.57950324451966,-2.7063292005198787,699a03790060026421e710420043,35.3,8.89,96.0,6.12,86.79,4.16,67
2025-04-25 04:21:09.566616+00:00,70B3D57ED004558D,Hygro#55:8D,Hygro,Crofts South West Field,56.57950324451966,-2.7063292005198787,699503790060026a21e610420044,35.29,8.89,96.0,6.18,86.78,4.16,68
2025-04-25 04:36:26.330096+00:00,70B3D57ED004558D,Hygro#55:8D,Hygro,Crofts South West Field,56.57950324451966,-2.7063292005198787,699103790061026a21e910420045,35.27,8.89,97.0,6.18,86.81,4.16,69
2025-04-25 04:51:43.098652+00:00,70B3D57ED004558D,Hygro#55:8D,Hygro,Crofts South West Field,56.57950324451966,-2.7063292005198787,698f03790061026a21f010440046,35.26,8.89,97.0,6.18,86.88,4.16,70
2025-04-25 05:37:33.458265+00:00,70B3D57ED004558D,Hygro#55:8D,Hygro,Crofts South West Field,56.57950324451966,-2.7063292005198787,699503700060026e21fa10420049,35.29,8.8,96.0,6.22,86.98,4.16,73
2025-04-25 05:52:50.238327+00:00,70B3D57ED004558D,Hygro#55:8D,Hygro,Crofts South West Field,56.57950324451966,-2.7063292005198787,698a03700060027121f91042004a,35.24,8.8,96.0,6.25,86.97,4.16,74
2025-04-25 06:08:07.012150+00:00,70B3D57ED004558D,Hygro#55:8D,Hygro,Crofts South West Field,56.57950324451966,-2.7063292005198787,699403700061027521f91042004b,35.28,8.8,97.0,6.29,86.97,4.16,75
2025-04-25 06:23:23.790484+00:00,70B3D57ED004558D,Hygro#55:8D,Hygro,Crofts South West Field,56.57950324451966,-2.7063292005198787,698e03700060027f21f81044004c,35.26,8.8,96.0,6.39,86.96,4.16,76
2025-04-25 06:38:40.581476+00:00,70B3D57ED004558D,Hygro#55:8D,Hygro,Crofts South West Field,56.57950324451966,-2.7063292005198787,699903700060029621fa1044004d,35.3,8.8,96.0,6.62,86.98,4.16,77
2025-04-25 06:53:57.358545+00:00,70B3D57ED004558D,Hygro#55:8D,Hygro,Crofts South West Field,56.57950324451966,-2.7063292005198787,69970370006102a021fb1044004e,35.29,8.8,97.0,6.72,86.99,4.16,78
2025-04-25 07:24:30.926223+00:00,70B3D57ED004558D,Hygro#55:8D,Hygro,Crofts South West Field,56.57950324451966,-2.7063292005198787,69980370006002c2220710440050,35.3,8.8,96.0,7.06,87.11,4.16,80
2025-04-25 07:55:04.488222+00:00,70B3D57ED004558D,Hygro#55:8D,Hygro,Crofts South West Field,56.57950324451966,-2.7063292005198787,69940366006002b5221010420052,35.28,8.7,96.0,6.93,87.2,4.16,82
2025-04-25 08:10:21.272073+00:00,70B3D57ED004558D,Hygro#55:8D,Hygro,Crofts South West Field,56.57950324451966,-2.7063292005198787,69930366006002ad222110420053,35.28,8.7,96.0,6.85,87.37,4.16,83
2025-04-25 08:40:54.835318+00:00,70B3D57ED004558D,Hygro#55:8D,Hygro,Crofts South West Field,56.57950324451966,-2.7063292005198787,69980366006002db221e10460055,35.3,8.7,96.0,7.31,87.34,4.17,85
2025-04-25 09:11:28.389123+00:00,70B3D57ED004558D,Hygro#55:8D,Hygro,Crofts South West Field,56.57950324451966,-2.7063292005198787,698b0366005f0300221310420057,35.25,8.7,95.0,7.68,87.23,4.16,87
2025-04-25 09:26:45.172655+00:00,70B3D57ED004558D,Hygro#55:8D,Hygro,Crofts South West Field,56.57950324451966,-2.7063292005198787,698a036600600332221b10420058,35.24,8.7,96.0,8.18,87.31,4.16,88
2025-04-25 09:42:01.962359+00:00,70B3D57ED004558D,Hygro#55:8D,Hygro,Crofts South West Field,56.57950324451966,-2.7063292005198787,698e036600600366222e10440059,35.26,8.7,96.0,8.7,87.5,4.16,89
2025-04-25 09:57:18.723577+00:00,70B3D57ED004558D,Hygro#55:8D,Hygro,Crofts South West Field,56.57950324451966,-2.7063292005198787,698c03660060039222331044005a,35.25,8.7,96.0,9.14,87.55,4.16,90
2025-04-25 10:12:35.503899+00:00,70B3D57ED004558D,Hygro#55:8D,Hygro,Crofts South West Field,56.57950324451966,-2.7063292005198787,6990036600600377224f104d005b,35.27,8.7,96.0,8.87,87.83,4.17,91
2025-04-25 10:27:52.326030+00:00,70B3D57ED004558D,Hygro#55:8D,Hygro,Crofts South West Field,56.57950324451966,-2.7063292005198787,6989036600600390225e104d005c,35.24,8.7,96.0,9.12,87.98,4.17,92
2025-04-25 10:43:09.055112+00:00,70B3D57ED004558D,Hygro#55:8D,Hygro,Crofts South West Field,56.57950324451966,-2.7063292005198787,6994036600600377225d104d005d,35.28,8.7,96.0,8.87,87.97,4.17,93
2025-04-25 10:58:25.833861+00:00,70B3D57ED004558D,Hygro#55:8D,Hygro,Crofts South West Field,56.57950324451966,-2.7063292005198787,698903660060038622691051005e,35.24,8.7,96.0,9.02,88.09,4.18,94
2025-04-25 11:13:42.606927+00:00,70B3D57ED004558D,Hygro#55:8D,Hygro,Crofts South West Field,56.57950324451966,-2.7063292005198787,698e0366005f03cf22591049005f,35.26,8.7,95.0,9.75,87.93,4.17,95
2025-04-25 11:28:59.371824+00:00,70B3D57ED004558D,Hygro#55:8D,Hygro,Crofts South West Field,56.57950324451966,-2.7063292005198787,69920366006003bc2231104b0060,35.27,8.7,96.0,9.56,87.53,4.17,96
2025-04-25 11:44:16.145074+00:00,70B3D57ED004558D,Hygro#55:8D,Hygro,Crofts South West Field,56.57950324451966,-2.7063292005198787,6986036600600458225610490061,35.23,8.7,96.0,11.12,87.9,4.17,97
2025-04-25 11:59:32.910023+00:00,70B3D57ED004558D,Hygro#55:8D,Hygro,Crofts South West Field,56.57950324451966,-2.7063292005198787,69840366005f04bc2251104b0062,35.22,8.7,95.0,12.12,87.85,4.17,98
2025-04-25 12:14:49.678148+00:00,70B3D57ED004558D,Hygro#55:8D,Hygro,Crofts South West Field,56.57950324451966,-2.7063292005198787,697f0366005f045e227b10490063,35.2,8.7,95.0,11.18,88.27,4.17,99
2025-04-25 12:30:06.440219+00:00,70B3D57ED004558D,Hygro#55:8D,Hygro,Crofts South West Field,56.57950324451966,-2.7063292005198787,69840366005f0499228310460064,35.22,8.7,95.0,11.77,88.35,4.17,100
2025-04-25 12:45:23.206224+00:00,70B3D57ED004558D,Hygro#55:8D,Hygro,Crofts South West Field,56.57950324451966,-2.7063292005198787,69860366005f04b0226f10460065,35.23,8.7,95.0,12.0,88.15,4.17,101
2025-04-25 13:15:56.740526+00:00,70B3D57ED004558D,Hygro#55:8D,Hygro,Crofts South West Field,56.57950324451966,-2.7063292005198787,69800366005f05a5227710460067,35.2,8.7,95.0,14.45,88.23,4.17,103
2025-04-25 13:31:13.499533+00:00,70B3D57ED004558D,Hygro#55:8D,Hygro,Crofts South West Field,56.57950324451966,-2.7063292005198787,697b0366005e050d2269104b0068,35.18,8.7,94.0,12.93,88.09,4.17,104
2025-04-25 13:46:30.273659+00:00,70B3D57ED004558D,Hygro#55:8D,Hygro,Crofts South West Field,56.57950324451966,-2.7063292005198787,697e0366005e0522226d10460069,35.2,8.7,94.0,13.14,88.13,4.17,105
2025-04-25 14:01:47.042084+00:00,70B3D57ED004558D,Hygro#55:8D,Hygro,Crofts South West Field,56.57950324451966,-2.7063292005198787,697b0370005f059d226c1046006a,35.18,8.8,95.0,14.37,88.12,4.17,106
2025-04-25 14:17:03.807100+00:00,70B3D57ED004558D,Hygro#55:8D,Hygro,Crofts South West Field,56.57950324451966,-2.7063292005198787,69750370005e0490225a1046006b,35.16,8.8,94.0,11.68,87.94,4.17,107
2025-04-25 14:32:20.572855+00:00,70B3D57ED004558D,Hygro#55:8D,Hygro,Crofts South West Field,56.57950324451966,-2.7063292005198787,69790370005f0484226a104d006c,35.18,8.8,95.0,11.56,88.1,4.17,108
2025-04-25 14:47:37.341525+00:00,70B3D57ED004558D,Hygro#55:8D,Hygro,Crofts South West Field,56.57950324451966,-2.7063292005198787,69700370005e0450227b104b006d,35.14,8.8,94.0,11.04,88.27,4.17,109
2025-04-25 15:02:54.117028+00:00,70B3D57ED004558D,Hygro#55:8D,Hygro,Crofts South West Field,56.57950324451966,-2.7063292005198787,69740370005e040722601046006e,35.16,8.8,94.0,10.31,88.0,4.17,110
2025-04-25 15:18:10.891888+00:00,70B3D57ED004558D,Hygro#55:8D,Hygro,Crofts South West Field,56.57950324451966,-2.7063292005198787,69680379005e044522591044006f,35.11,8.89,94.0,10.93,87.93,4.16,111
2025-04-25 15:33:27.648583+00:00,70B3D57ED004558D,Hygro#55:8D,Hygro,Crofts South West Field,56.57950324451966,-2.7063292005198787,696f0379005e0403226d10490070,35.14,8.89,94.0,10.27,88.13,4.17,112
2025-04-25 16:04:01.198606+00:00,70B3D57ED004558D,Hygro#55:8D,Hygro,Crofts South West Field,56.57950324451966,-2.7063292005198787,69670379005f039d222a10420072,35.11,8.89,95.0,9.25,87.46,4.16,114
2025-04-25 16:19:17.977516+00:00,70B3D57ED004558D,Hygro#55:8D,Hygro,Crofts South West Field,56.57950324451966,-2.7063292005198787,69660379005f03b1222110460073,35.1,8.89,95.0,9.45,87.37,4.17,115
2025-04-25 16:34:34.762178+00:00,70B3D57ED004558D,Hygro#55:8D,Hygro,Crofts South West Field,56.57950324451966,-2.7063292005198787,69650384005e03ec220e10440074,35.1,9.0,94.0,10.04,87.18,4.16,116
2025-04-25 16:49:51.527940+00:00,70B3D57ED004558D,Hygro#55:8D,Hygro,Crofts South West Field,56.57950324451966,-2.7063292005198787,69620384005f03a521ea10460075,35.09,9.0,95.0,9.33,86.82,4.17,117
2025-04-25 17:05:08.301275+00:00,70B3D57ED004558D,Hygro#55:8D,Hygro,Crofts South West Field,56.57950324451966,-2.7063292005198787,69620384005e037d224510440076,35.09,9.0,94.0,8.93,87.73,4.16,118
2025-04-25 17:20:25.065244+00:00,70B3D57ED004558D,Hygro#55:8D,Hygro,Crofts South West Field,56.57950324451966,-2.7063292005198787,695f0384005f037b218e10440077,35.08,9.0,95.0,8.91,85.9,4.16,119
2025-04-25 17:35:41.860843+00:00,70B3D57ED004558D,Hygro#55:8D,Hygro,Crofts South West Field,56.57950324451966,-2.7063292005198787,69640384005e0309219610490078,35.1,9.0,94.0,7.77,85.98,4.17,120
2025-04-25 17:50:58.629498+00:00,70B3D57ED004558D,Hygro#55:8D,Hygro,Crofts South West Field,56.57950324451966,-2.7063292005198787,69570384005f030421e910440079,35.04,9.0,95.0,7.72,86.81,4.16,121
2025-04-25 18:06:15.404802+00:00,70B3D57ED004558D,Hygro#55:8D,Hygro,Crofts South West Field,56.57950324451966,-2.7063292005198787,69560384005e02d0217e1046007a,35.04,9.0,94.0,7.2,85.74,4.17,122
2025-04-25 18:21:32.193046+00:00,70B3D57ED004558D,Hygro#55:8D,Hygro,Crofts South West Field,56.57950324451966,-2.7063292005198787,695d0384005f02af21851042007b,35.07,9.0,95.0,6.87,85.81,4.16,123
2025-04-25 18:36:48.959654+00:00,70B3D57ED004558D,Hygro#55:8D,Hygro,Crofts South West Field,56.57950324451966,-2.7063292005198787,69590384005f029c21981046007c,35.05,9.0,95.0,6.68,86.0,4.17,124
2025-04-25 18:52:05.745207+00:00,70B3D57ED004558D,Hygro#55:8D,Hygro,Crofts South West Field,56.57950324451966,-2.7063292005198787,69560384005e028121911044007d,35.04,9.0,94.0,6.41,85.93,4.16,125
2025-04-25 19:07:22.516450+00:00,70B3D57ED004558D,Hygro#55:8D,Hygro,Crofts South West Field,56.57950324451966,-2.7063292005198787,69600379005f026421921046007e,35.08,8.89,95.0,6.12,85.94,4.17,126
2025-04-25 19:22:39.302534+00:00,70B3D57ED004558D,Hygro#55:8D,Hygro,Crofts South West Field,56.57950324451966,-2.7063292005198787,695f0379005e0260218d1044007f,35.08,8.89,94.0,6.08,85.89,4.16,127
2025-04-25 19:37:56.091098+00:00,70B3D57ED004558D,Hygro#55:8D,Hygro,Crofts South West Field,56.57950324451966,-2.7063292005198787,69580379005e023f218c104b0080,35.05,8.89,94.0,5.75,85.88,4.17,128
2025-04-25 19:53:12.880837+00:00,70B3D57ED004558D,Hygro#55:8D,Hygro,Crofts South West Field,56.57950324451966,-2.7063292005198787,69630379005e0234219410440081,35.09,8.89,94.0,5.64,85.96,4.16,129
2025-04-25 20:08:29.651578+00:00,70B3D57ED004558D,Hygro#55:8D,Hygro,Crofts South West Field,56.57950324451966,-2.7063292005198787,695f0379005f0228219010420082,35.08,8.89,95.0,5.52,85.92,4.16,130
2025-04-25 20:23:46.437957+00:00,70B3D57ED004558D,Hygro#55:8D,Hygro,Crofts South West Field,56.57950324451966,-2.7063292005198787,69620379005e021b219710460083,35.09,8.89,94.0,5.39,85.99,4.17,131
2025-04-25 20:39:03.223557+00:00,70B3D57ED004558D,Hygro#55:8D,Hygro,Crofts South West Field,56.57950324451966,-2.7063292005198787,69560379005e022c219e10460084,35.04,8.89,94.0,5.56,86.06,4.17,132
2025-04-25 20:54:20.006558+00:00,70B3D57ED004558D,Hygro#55:8D,Hygro,Crofts South West Field,56.57950324451966,-2.7063292005198787,695b0370005e023a219b10440085,35.06,8.8,94.0,5.7,86.03,4.16,133
2025-04-25 21:09:36.784459+00:00,70B3D57ED004558D,Hygro#55:8D,Hygro,Crofts South West Field,56.57950324451966,-2.7063292005198787,695f0370005e025e21a410440086,35.08,8.8,94.0,6.06,86.12,4.16,134
2025-04-25 21:24:53.557473+00:00,70B3D57ED004558D,Hygro#55:8D,Hygro,Crofts South West Field,56.57950324451966,-2.7063292005198787,69640370005e027d21a910460087,35.1,8.8,94.0,6.37,86.17,4.17,135
2025-04-25 21:40:10.344119+00:00,70B3D57ED004558D,Hygro#55:8D,Hygro,Crofts South West Field,56.57950324451966,-2.7063292005198787,69570370005d027321ad10420088,35.04,8.8,93.0,6.27,86.21,4.16,136
2025-04-25 21:55:27.120464+00:00,70B3D57ED004558D,Hygro#55:8D,Hygro,Crofts South West Field,56.57950324451966,-2.7063292005198787,69550370005e025e21ba10440089,35.04,8.8,94.0,6.06,86.34,4.16,137
2025-04-25 22:10:43.900631+00:00,70B3D57ED004558D,Hygro#55:8D,Hygro,Crofts South West Field,56.57950324451966,-2.7063292005198787,695b0370005e023821b7104b008a,35.06,8.8,94.0,5.68,86.31,4.17,138
2025-04-25 22:26:00.687575+00:00,70B3D57ED004558D,Hygro#55:8D,Hygro,Crofts South West Field,56.57950324451966,-2.7063292005198787,69540366005e023a21c71044008b,35.03,8.7,94.0,5.7,86.47,4.16,139
2025-04-25 22:41:17.482689+00:00,70B3D57ED004558D,Hygro#55:8D,Hygro,Crofts South West Field,56.57950324451966,-2.7063292005198787,69540366005e022e21bc1046008c,35.03,8.7,94.0,5.58,86.36,4.17,140
2025-04-25 22:56:34.251755+00:00,70B3D57ED004558D,Hygro#55:8D,Hygro,Crofts South West Field,56.57950324451966,-2.7063292005198787,69570366005e021521b61042008d,35.04,8.7,94.0,5.33,86.3,4.16,141
2025-04-25 23:11:51.042292+00:00,70B3D57ED004558D,Hygro#55:8D,Hygro,Crofts South West Field,56.57950324451966,-2.7063292005198787,695a0366005f021f21c41046008e,35.06,8.7,95.0,5.43,86.44,4.17,142
2025-04-25 23:27:07.817376+00:00,70B3D57ED004558D,Hygro#55:8D,Hygro,Crofts South West Field,56.57950324451966,-2.7063292005198787,695f0366005f024521c41044008f,35.08,8.7,95.0,5.81,86.44,4.16,143
2025-04-25 23:42:24.599003+00:00,70B3D57ED004558D,Hygro#55:8D,Hygro,Crofts South West Field,56.57950324451966,-2.7063292005198787,695c0366005f024d21c710460090,35.06,8.7,95.0,5.89,86.47,4.17,144
2025-04-25 23:57:41.379173+00:00,70B3D57ED004558D,Hygro#55:8D,Hygro,Crofts South West Field,56.57950324451966,-2.7063292005198787,695c0366005f026421ca10440091,35.06,8.7,95.0,6.12,86.5,4.16,145
2025-04-26 00:28:14.948193+00:00,70B3D57ED004558D,Hygro#55:8D,Hygro,Crofts South West Field,56.57950324451966,-2.7063292005198787,6954035c005e027d21d810420093,35.03,8.6,94.0,6.37,86.64,4.16,147
2025-04-26 00:43:31.732977+00:00,70B3D57ED004558D,Hygro#55:8D,Hygro,Crofts South West Field,56.57950324451966,-2.7063292005198787,6960035c005e028321e610440094,35.08,8.6,94.0,6.43,86.78,4.16,148
2025-04-26 00:58:48.508557+00:00,70B3D57ED004558D,Hygro#55:8D,Hygro,Crofts South West Field,56.57950324451966,-2.7063292005198787,6962035c005e029021eb10420095,35.09,8.6,94.0,6.56,86.83,4.16,149
2025-04-26 01:14:05.283707+00:00,70B3D57ED004558D,Hygro#55:8D,Hygro,Crofts South West Field,56.57950324451966,-2.7063292005198787,6957035c005d029021f210440096,35.04,8.6,93.0,6.56,86.9,4.16,150
2025-04-26 01:29:22.071071+00:00,70B3D57ED004558D,Hygro#55:8D,Hygro,Crofts South West Field,56.57950324451966,-2.7063292005198787,695b035c005f028c21fa10440097,35.06,8.6,95.0,6.52,86.98,4.16,151
2025-04-26 01:44:38.839655+00:00,70B3D57ED004558D,Hygro#55:8D,Hygro,Crofts South West Field,56.57950324451966,-2.7063292005198787,695e035c005e028e21ff10440098,35.07,8.6,94.0,6.54,87.03,4.16,152
2025-04-26 01:59:55.625824+00:00,70B3D57ED004558D,Hygro#55:8D,Hygro,Crofts South West Field,56.57950324451966,-2.7063292005198787,6956035c005d0292220110440099,35.04,8.6,93.0,6.58,87.05,4.16,153
2025-04-26 02:15:12.405131+00:00,70B3D57ED004558D,Hygro#55:8D,Hygro,Crofts South West Field,56.57950324451966,-2.7063292005198787,6958035c005e028e22031042009a,35.05,8.6,94.0,6.54,87.07,4.16,154
2025-04-26 02:30:29.189333+00:00,70B3D57ED004558D,Hygro#55:8D,Hygro,Crofts South West Field,56.57950324451966,-2.7063292005198787,69560352005e027f22001044009b,35.04,8.5,94.0,6.39,87.04,4.16,155
2025-04-26 02:45:45.972275+00:00,70B3D57ED004558D,Hygro#55:8D,Hygro,Crofts South West Field,56.57950324451966,-2.7063292005198787,69530352005e027522001042009c,35.03,8.5,94.0,6.29,87.04,4.16,156
2025-04-26 03:01:02.763539+00:00,70B3D57ED004558D,Hygro#55:8D,Hygro,Crofts South West Field,56.57950324451966,-2.7063292005198787,69520352005e026a22001044009d,35.03,8.5,94.0,6.18,87.04,4.16,157
2025-04-26 03:16:19.551020+00:00,70B3D57ED004558D,Hygro#55:8D,Hygro,Crofts South West Field,56.57950324451966,-2.7063292005198787,695b0352005e025521f91042009e,35.06,8.5,94.0,5.97,86.97,4.16,158
2025-04-26 03:31:36.331485+00:00,70B3D57ED004558D,Hygro#55:8D,Hygro,Crofts South West Field,56.57950324451966,-2.7063292005198787,69530352005e025121fb1044009f,35.03,8.5,94.0,5.93,86.99,4.16,159
2025-04-26 03:46:53.118944+00:00,70B3D57ED004558D,Hygro#55:8D,Hygro,Crofts South West Field,56.57950324451966,-2.7063292005198787,69590352005e02682202104400a0,35.05,8.5,94.0,6.16,87.06,4.16,160
2025-04-26 04:02:09.895667+00:00,70B3D57ED004558D,Hygro#55:8D,Hygro,Crofts South West Field,56.57950324451966,-2.7063292005198787,69520352005e027321f9104600a1,35.03,8.5,94.0,6.27,86.97,4.17,161
2025-04-26 04:17:26.676381+00:00,70B3D57ED004558D,Hygro#55:8D,Hygro,Crofts South West Field,56.57950324451966,-2.7063292005198787,69550352005d026621f7104000a2,35.04,8.5,93.0,6.14,86.95,4.16,162
2025-04-26 04:32:43.462727+00:00,70B3D57ED004558D,Hygro#55:8D,Hygro,Crofts South West Field,56.57950324451966,-2.7063292005198787,69540352005e026621f6104000a3,35.03,8.5,94.0,6.14,86.94,4.16,163
2025-04-26 04:48:00.231917+00:00,70B3D57ED004558D,Hygro#55:8D,Hygro,Crofts South West Field,56.57950324451966,-2.7063292005198787,69510352005e026421f6104000a4,35.02,8.5,94.0,6.12,86.94,4.16,164
2025-04-26 06:34:57.658959+00:00,70B3D57ED004558D,Hygro#55:8D,Hygro,Crofts South West Field,56.57950324451966,-2.7063292005198787,69540347005e03192225103e00ab,35.03,8.39,94.0,7.93,87.41,4.16,171
2025-04-26 06:50:14.441460+00:00,70B3D57ED004558D,Hygro#55:8D,Hygro,Crofts South West Field,56.57950324451966,-2.7063292005198787,694e0347005e034f2232103e00ac,35.01,8.39,94.0,8.47,87.54,4.16,172
2025-04-26 07:05:31.214662+00:00,70B3D57ED004558D,Hygro#55:8D,Hygro,Crofts South West Field,56.57950324451966,-2.7063292005198787,69560347005e035e223a104000ad,35.04,8.39,94.0,8.62,87.62,4.16,173
2025-04-26 08:06:38.318124+00:00,70B3D57ED004558D,Hygro#55:8D,Hygro,Crofts South West Field,56.57950324451966,-2.7063292005198787,694d0347005e03a3224b104400b1,35.01,8.39,94.0,9.31,87.79,4.16,177
2025-04-26 08:21:55.090238+00:00,70B3D57ED004558D,Hygro#55:8D,Hygro,Crofts South West Field,56.57950324451966,-2.7063292005198787,694a0352005f0377225b104200b2,34.99,8.5,95.0,8.87,87.95,4.16,178
2025-04-26 08:37:11.868563+00:00,70B3D57ED004558D,Hygro#55:8D,Hygro,Crofts South West Field,56.57950324451966,-2.7063292005198787,69510352005e036b2260104000b3,35.02,8.5,94.0,8.75,88.0,4.16,179
2025-04-26 08:52:28.636458+00:00,70B3D57ED004558D,Hygro#55:8D,Hygro,Crofts South West Field,56.57950324451966,-2.7063292005198787,694b0352006003882262104200b4,35.0,8.5,96.0,9.04,88.02,4.16,180
2025-04-26 09:07:45.410990+00:00,70B3D57ED004558D,Hygro#55:8D,Hygro,Crofts South West Field,56.57950324451966,-2.7063292005198787,69500352005e039d2263104000b5,35.02,8.5,94.0,9.25,88.03,4.16,181
2025-04-26 10:08:52.490962+00:00,70B3D57ED004558D,Hygro#55:8D,Hygro,Crofts South West Field,56.57950324451966,-2.7063292005198787,69420352005e03fa2256103e00b9,34.96,8.5,94.0,10.18,87.9,4.16,185
2025-04-26 10:24:09.259833+00:00,70B3D57ED004558D,Hygro#55:8D,Hygro,Crofts South West Field,56.57950324451966,-2.7063292005198787,69420352005e03f42235104000ba,34.96,8.5,94.0,10.12,87.57,4.16,186
2025-04-26 10:39:26.026660+00:00,70B3D57ED004558D,Hygro#55:8D,Hygro,Crofts South West Field,56.57950324451966,-2.7063292005198787,694e0352005e03b32256103e00bb,35.01,8.5,94.0,9.47,87.9,4.16,187
2025-04-26 11:25:16.331469+00:00,70B3D57ED004558D,Hygro#55:8D,Hygro,Crofts South West Field,56.57950324451966,-2.7063292005198787,6949035c005e0462226a103b00be,34.99,8.6,94.0,11.22,88.1,4.16,190
2025-04-26 11:40:33.091848+00:00,70B3D57ED004558D,Hygro#55:8D,Hygro,Crofts South West Field,56.57950324451966,-2.7063292005198787,693f035c005e04b82262104600bf,34.95,8.6,94.0,12.08,88.02,4.17,191
2025-04-26 11:55:49.858825+00:00,70B3D57ED004558D,Hygro#55:8D,Hygro,Crofts South West Field,56.57950324451966,-2.7063292005198787,693d035c005d04f42246104900c0,34.94,8.6,93.0,12.68,87.74,4.17,192
2025-04-26 12:11:06.629260+00:00,70B3D57ED004558D,Hygro#55:8D,Hygro,Crofts South West Field,56.57950324451966,-2.7063292005198787,6939035c005d049b2272104900c1,34.93,8.6,93.0,11.79,88.18,4.17,193
2025-04-26 12:26:23.396018+00:00,70B3D57ED004558D,Hygro#55:8D,Hygro,Crofts South West Field,56.57950324451966,-2.7063292005198787,693c035c005f04562276104d00c2,34.94,8.6,95.0,11.1,88.22,4.17,194
2025-04-26 12:41:40.164376+00:00,70B3D57ED004558D,Hygro#55:8D,Hygro,Crofts South West Field,56.57950324451966,-2.7063292005198787,693c0366005e04d922a8105100c3,34.94,8.7,94.0,12.41,88.72,4.18,195
2025-04-26 12:56:56.925943+00:00,70B3D57ED004558D,Hygro#55:8D,Hygro,Crofts South West Field,56.57950324451966,-2.7063292005198787,69350366005e0593227e105800c4,34.91,8.7,94.0,14.27,88.3,4.18,196
2025-04-26 13:12:13.694749+00:00,70B3D57ED004558D,Hygro#55:8D,Hygro,Crofts South West Field,56.57950324451966,-2.7063292005198787,693b0366005e05d72244104b00c5,34.94,8.7,94.0,14.95,87.72,4.17,197
2025-04-26 13:27:30.449506+00:00,70B3D57ED004558D,Hygro#55:8D,Hygro,Crofts South West Field,56.57950324451966,-2.7063292005198787,69350366005e05b22267104b00c6,34.91,8.7,94.0,14.58,88.07,4.17,198
2025-04-26 13:42:47.208866+00:00,70B3D57ED004558D,Hygro#55:8D,Hygro,Crofts South West Field,56.57950324451966,-2.7063292005198787,69330366005e06332266104b00c7,34.91,8.7,94.0,15.87,88.06,4.17,199
2025-04-26 13:58:03.962728+00:00,70B3D57ED004558D,Hygro#55:8D,Hygro,Crofts South West Field,56.57950324451966,-2.7063292005198787,69320370005e0616225a104900c8,34.9,8.8,94.0,15.58,87.94,4.17,200
2025-04-26 14:13:20.728448+00:00,70B3D57ED004558D,Hygro#55:8D,Hygro,Crofts South West Field,56.57950324451966,-2.7063292005198787,692c0370005e06842285104b00c9,34.88,8.8,94.0,16.68,88.37,4.17,201
2025-04-26 14:28:37.486563+00:00,70B3D57ED004558D,Hygro#55:8D,Hygro,Crofts South West Field,56.57950324451966,-2.7063292005198787,69270370005e06a82255104900ca,34.86,8.8,94.0,17.04,87.89,4.17,202
2025-04-26 14:43:54.269589+00:00,70B3D57ED004558D,Hygro#55:8D,Hygro,Crofts South West Field,56.57950324451966,-2.7063292005198787,69280370005e0778225c104b00cb,34.86,8.8,94.0,19.12,87.96,4.17,203
2025-04-26 14:59:11.008706+00:00,70B3D57ED004558D,Hygro#55:8D,Hygro,Crofts South West Field,56.57950324451966,-2.7063292005198787,69270379005e06142216104d00cc,34.86,8.89,94.0,15.56,87.26,4.17,204
2025-04-26 15:14:27.775326+00:00,70B3D57ED004558D,Hygro#55:8D,Hygro,Crofts South West Field,56.57950324451966,-2.7063292005198787,69230379005d064a2265104900cd,34.84,8.89,93.0,16.1,88.05,4.17,205
2025-04-26 15:29:44.539319+00:00,70B3D57ED004558D,Hygro#55:8D,Hygro,Crofts South West Field,56.57950324451966,-2.7063292005198787,69270384005d0646220e104600ce,34.86,9.0,93.0,16.06,87.18,4.17,206
2025-04-26 15:45:01.290495+00:00,70B3D57ED004558D,Hygro#55:8D,Hygro,Crofts South West Field,56.57950324451966,-2.7063292005198787,691d0384005d057a2208104600cf,34.82,9.0,93.0,14.02,87.12,4.17,207
2025-04-26 16:00:18.059747+00:00,70B3D57ED004558D,Hygro#55:8D,Hygro,Crofts South West Field,56.57950324451966,-2.7063292005198787,69170384005e050d2236104b00d0,34.8,9.0,94.0,12.93,87.58,4.17,208
2025-04-26 16:15:34.814875+00:00,70B3D57ED004558D,Hygro#55:8D,Hygro,Crofts South West Field,56.57950324451966,-2.7063292005198787,69150384005e05262241104600d1,34.79,9.0,94.0,13.18,87.69,4.17,209
2025-04-26 16:30:51.585831+00:00,70B3D57ED004558D,Hygro#55:8D,Hygro,Crofts South West Field,56.57950324451966,-2.7063292005198787,691a038e005f051a221f104900d2,34.81,9.1,95.0,13.06,87.35,4.17,210
2025-04-26 16:46:08.343990+00:00,70B3D57ED004558D,Hygro#55:8D,Hygro,Crofts South West Field,56.57950324451966,-2.7063292005198787,6916038e005e04c921f2104d00d3,34.79,9.1,94.0,12.25,86.9,4.17,211
2025-04-26 17:01:25.110589+00:00,70B3D57ED004558D,Hygro#55:8D,Hygro,Crofts South West Field,56.57950324451966,-2.7063292005198787,690f038e005e049d21ff104600d4,34.77,9.1,94.0,11.81,87.03,4.17,212
2025-04-26 17:31:58.642493+00:00,70B3D57ED004558D,Hygro#55:8D,Hygro,Crofts South West Field,56.57950324451966,-2.7063292005198787,69100398005d042e2210104b00d6,34.77,9.2,93.0,10.7,87.2,4.17,214
2025-04-26 17:47:15.418081+00:00,70B3D57ED004558D,Hygro#55:8D,Hygro,Crofts South West Field,56.57950324451966,-2.7063292005198787,690d0398005e040d21f9104900d7,34.76,9.2,94.0,10.37,86.97,4.17,215
2025-04-26 18:02:32.188590+00:00,70B3D57ED004558D,Hygro#55:8D,Hygro,Crofts South West Field,56.57950324451966,-2.7063292005198787,690f0398005d03dd21f6104900d8,34.77,9.2,93.0,9.89,86.94,4.17,216
2025-04-26 18:17:48.955600+00:00,70B3D57ED004558D,Hygro#55:8D,Hygro,Crofts South West Field,56.57950324451966,-2.7063292005198787,690a0398005d03c621ee104900d9,34.75,9.2,93.0,9.66,86.86,4.17,217
2025-04-26 18:33:05.738914+00:00,70B3D57ED004558D,Hygro#55:8D,Hygro,Crofts South West Field,56.57950324451966,-2.7063292005198787,690a0398005e03c221e3104d00da,34.75,9.2,94.0,9.62,86.75,4.17,218
2025-04-26 18:48:22.504458+00:00,70B3D57ED004558D,Hygro#55:8D,Hygro,Crofts South West Field,56.57950324451966,-2.7063292005198787,690c0398005d03cf21e6104600db,34.75,9.2,93.0,9.75,86.78,4.17,219
2025-04-26 19:03:39.265996+00:00,70B3D57ED004558D,Hygro#55:8D,Hygro,Crofts South West Field,56.57950324451966,-2.7063292005198787,690a0398005e03b321e8104600dc,34.75,9.2,94.0,9.47,86.8,4.17,220
2025-04-26 19:18:56.040504+00:00,70B3D57ED004558D,Hygro#55:8D,Hygro,Crofts South West Field,56.57950324451966,-2.7063292005198787,69100398005c039421e8104b00dd,34.77,9.2,92.0,9.16,86.8,4.17,221
2025-04-26 19:34:12.814056+00:00,70B3D57ED004558D,Hygro#55:8D,Hygro,Crofts South West Field,56.57950324451966,-2.7063292005198787,690d0398005d036821e0104900de,34.76,9.2,93.0,8.72,86.72,4.17,222
2025-04-26 19:49:29.580362+00:00,70B3D57ED004558D,Hygro#55:8D,Hygro,Crofts South West Field,56.57950324451966,-2.7063292005198787,69120398005e035821e8104600df,34.78,9.2,94.0,8.56,86.8,4.17,223
2025-04-26 20:04:46.356591+00:00,70B3D57ED004558D,Hygro#55:8D,Hygro,Crofts South West Field,56.57950324451966,-2.7063292005198787,69110398005d034921e0104600e0,34.77,9.2,93.0,8.41,86.72,4.17,224
2025-04-26 20:20:03.131522+00:00,70B3D57ED004558D,Hygro#55:8D,Hygro,Crofts South West Field,56.57950324451966,-2.7063292005198787,69130398005e034521e3104900e1,34.78,9.2,94.0,8.37,86.75,4.17,225
2025-04-26 20:35:19.908458+00:00,70B3D57ED004558D,Hygro#55:8D,Hygro,Crofts South West Field,56.57950324451966,-2.7063292005198787,69040398005e033f21dc104b00e2,34.72,9.2,94.0,8.31,86.68,4.17,226
2025-04-26 20:50:36.683704+00:00,70B3D57ED004558D,Hygro#55:8D,Hygro,Crofts South West Field,56.57950324451966,-2.7063292005198787,69080398005d032a21cf104900e3,34.74,9.2,93.0,8.1,86.55,4.17,227
2025-04-26 21:21:10.242821+00:00,70B3D57ED004558D,Hygro#55:8D,Hygro,Crofts South West Field,56.57950324451966,-2.7063292005198787,69090398005d028121e5104900e5,34.74,9.2,93.0,6.41,86.77,4.17,229
2025-04-26 21:36:27.024597+00:00,70B3D57ED004558D,Hygro#55:8D,Hygro,Crofts South West Field,56.57950324451966,-2.7063292005198787,69050398005e024721b5104b00e6,34.73,9.2,94.0,5.83,86.29,4.17,230
2025-04-26 21:51:43.807854+00:00,70B3D57ED004558D,Hygro#55:8D,Hygro,Crofts South West Field,56.57950324451966,-2.7063292005198787,690f038e005e021921ba104d00e7,34.77,9.1,94.0,5.37,86.34,4.17,231
2025-04-26 22:07:00.595937+00:00,70B3D57ED004558D,Hygro#55:8D,Hygro,Crofts South West Field,56.57950324451966,-2.7063292005198787,690d038e005e020421a8104b00e8,34.76,9.1,94.0,5.16,86.16,4.17,232
2025-04-26 22:22:17.380600+00:00,70B3D57ED004558D,Hygro#55:8D,Hygro,Crofts South West Field,56.57950324451966,-2.7063292005198787,690e038e005e01bf21a0104600e9,34.76,9.1,94.0,4.47,86.08,4.17,233
2025-04-26 22:37:34.163754+00:00,70B3D57ED004558D,Hygro#55:8D,Hygro,Crofts South West Field,56.57950324451966,-2.7063292005198787,6909038e005d018721a7104900ea,34.74,9.1,93.0,3.91,86.15,4.17,234
2025-04-26 22:52:50.945693+00:00,70B3D57ED004558D,Hygro#55:8D,Hygro,Crofts South West Field,56.57950324451966,-2.7063292005198787,6905038e005f01ce21c0104600eb,34.73,9.1,95.0,4.62,86.4,4.17,235
2025-04-26 23:08:07.737234+00:00,70B3D57ED004558D,Hygro#55:8D,Hygro,Crofts South West Field,56.57950324451966,-2.7063292005198787,690e0384005e020d21be104900ec,34.76,9.0,94.0,5.25,86.38,4.17,236
2025-04-26 23:53:58.089576+00:00,70B3D57ED004558D,Hygro#55:8D,Hygro,Crofts South West Field,56.57950324451966,-2.7063292005198787,690e0384005e019c218d104b00ef,34.76,9.0,94.0,4.12,85.89,4.17,239
2025-04-27 00:09:14.881996+00:00,70B3D57ED004558D,Hygro#55:8D,Hygro,Crofts South West Field,56.57950324451966,-2.7063292005198787,690d0384005e019021b7104600f0,34.76,9.0,94.0,4.0,86.31,4.17,240
2025-04-27 00:24:31.661187+00:00,70B3D57ED004558D,Hygro#55:8D,Hygro,Crofts South West Field,56.57950324451966,-2.7063292005198787,69130379005e019a21af104900f1,34.78,8.89,94.0,4.1,86.23,4.17,241
2025-04-27 00:39:48.449691+00:00,70B3D57ED004558D,Hygro#55:8D,Hygro,Crofts South West Field,56.57950324451966,-2.7063292005198787,69090379005e01c221ab104900f2,34.74,8.89,94.0,4.5,86.19,4.17,242
2025-04-27 00:55:05.231946+00:00,70B3D57ED004558D,Hygro#55:8D,Hygro,Crofts South West Field,56.57950324451966,-2.7063292005198787,690f0379005e019621a2104400f3,34.77,8.89,94.0,4.06,86.1,4.16,243
2025-04-27 01:10:22.025547+00:00,70B3D57ED004558D,Hygro#55:8D,Hygro,Crofts South West Field,56.57950324451966,-2.7063292005198787,690d0370005e0181219a104600f4,34.76,8.8,94.0,3.85,86.02,4.17,244
2025-04-27 01:25:38.809681+00:00,70B3D57ED004558D,Hygro#55:8D,Hygro,Crofts South West Field,56.57950324451966,-2.7063292005198787,690c0370005d016a21ad104600f5,34.75,8.8,93.0,3.62,86.21,4.17,245
2025-04-27 01:56:12.419007+00:00,70B3D57ED004558D,Hygro#55:8D,Hygro,Crofts South West Field,56.57950324451966,-2.7063292005198787,6916036c005e01d021d8104900f7,34.79,8.76,94.0,4.64,86.64,4.17,247
2025-04-27 02:11:29.184820+00:00,70B3D57ED004558D,Hygro#55:8D,Hygro,Crofts South West Field,56.57950324451966,-2.7063292005198787,69120366005e01fc21c3104900f8,34.78,8.7,94.0,5.08,86.43,4.17,248
2025-04-27 02:26:45.958157+00:00,70B3D57ED004558D,Hygro#55:8D,Hygro,Crofts South West Field,56.57950324451966,-2.7063292005198787,69110366005e026021c0104900f9,34.77,8.7,94.0,6.08,86.4,4.17,249
2025-04-27 02:42:02.752831+00:00,70B3D57ED004558D,Hygro#55:8D,Hygro,Crofts South West Field,56.57950324451966,-2.7063292005198787,69120366005d025821b7104400fa,34.78,8.7,93.0,6.0,86.31,4.16,250
2025-04-27 02:57:19.531725+00:00,70B3D57ED004558D,Hygro#55:8D,Hygro,Crofts South West Field,56.57950324451966,-2.7063292005198787,690f0366005e027121c9104200fb,34.77,8.7,94.0,6.25,86.49,4.16,251
2025-04-27 03:12:36.306831+00:00,70B3D57ED004558D,Hygro#55:8D,Hygro,Crofts South West Field,56.57950324451966,-2.7063292005198787,690e035c005d027d21cf104900fc,34.76,8.6,93.0,6.37,86.55,4.17,252
2025-04-27 03:27:53.097163+00:00,70B3D57ED004558D,Hygro#55:8D,Hygro,Crofts South West Field,56.57950324451966,-2.7063292005198787,690b035c005d022621cc104400fd,34.75,8.6,93.0,5.5,86.52,4.16,253
2025-04-27 03:58:26.670109+00:00,70B3D57ED004558D,Hygro#55:8D,Hygro,Crofts South West Field,56.57950324451966,-2.7063292005198787,6918035c005e022321f6104400ff,34.8,8.6,94.0,5.47,86.94,4.16,255
2025-04-27 04:29:00.227325+00:00,70B3D57ED004558D,Hygro#55:8D,Hygro,Crofts South West Field,56.57950324451966,-2.7063292005198787,6910035c005e023221e110420001,34.77,8.6,94.0,5.62,86.73,4.16,1
2025-04-27 04:44:17.013298+00:00,70B3D57ED004558D,Hygro#55:8D,Hygro,Crofts South West Field,56.57950324451966,-2.7063292005198787,69180352005e025121e210460002,34.8,8.5,94.0,5.93,86.74,4.17,2
2025-04-27 04:59:33.791512+00:00,70B3D57ED004558D,Hygro#55:8D,Hygro,Crofts South West Field,56.57950324451966,-2.7063292005198787,690c0352005d026221e210440003,34.75,8.5,93.0,6.1,86.74,4.16,3
2025-04-27 05:14:50.579403+00:00,70B3D57ED004558D,Hygro#55:8D,Hygro,Crofts South West Field,56.57950324451966,-2.7063292005198787,690d0352005e028121e810460004,34.76,8.5,94.0,6.41,86.8,4.17,4
2025-04-27 05:30:07.355247+00:00,70B3D57ED004558D,Hygro#55:8D,Hygro,Crofts South West Field,56.57950324451966,-2.7063292005198787,690b0352005e02a321db10440005,34.75,8.5,94.0,6.75,86.67,4.16,5
2025-04-27 06:00:40.926618+00:00,70B3D57ED004558D,Hygro#55:8D,Hygro,Crofts South West Field,56.57950324451966,-2.7063292005198787,690d0352005e02c621ec10440007,34.76,8.5,94.0,7.1,86.84,4.16,7
2025-04-27 06:15:57.702915+00:00,70B3D57ED004558D,Hygro#55:8D,Hygro,Crofts South West Field,56.57950324451966,-2.7063292005198787,69100352005e030721f110440008,34.77,8.5,94.0,7.75,86.89,4.16,8
2025-04-27 06:31:14.482710+00:00,70B3D57ED004558D,Hygro#55:8D,Hygro,Crofts South West Field,56.57950324451966,-2.7063292005198787,69170352005e036b21e510440009,34.8,8.5,94.0,8.75,86.77,4.16,9
2025-04-27 06:46:31.253255+00:00,70B3D57ED004558D,Hygro#55:8D,Hygro,Crofts South West Field,56.57950324451966,-2.7063292005198787,690f0352005d03c821e01044000a,34.77,8.5,93.0,9.68,86.72,4.16,10
2025-04-27 07:01:48.018759+00:00,70B3D57ED004558D,Hygro#55:8D,Hygro,Crofts South West Field,56.57950324451966,-2.7063292005198787,69130352005e03d521ea1044000b,34.78,8.5,94.0,9.81,86.82,4.16,11
2025-04-27 07:17:04.794963+00:00,70B3D57ED004558D,Hygro#55:8D,Hygro,Crofts South West Field,56.57950324451966,-2.7063292005198787,690e0352005d03e5220b1042000c,34.76,8.5,93.0,9.97,87.15,4.16,12
2025-04-27 07:32:21.557039+00:00,70B3D57ED004558D,Hygro#55:8D,Hygro,Crofts South West Field,56.57950324451966,-2.7063292005198787,690a0352005d03d922091040000d,34.75,8.5,93.0,9.85,87.13,4.16,13
2025-04-27 07:47:38.325514+00:00,70B3D57ED004558D,Hygro#55:8D,Hygro,Crofts South West Field,56.57950324451966,-2.7063292005198787,690d0352005d03cf22281044000e,34.76,8.5,93.0,9.75,87.44,4.16,14
2025-04-27 08:02:55.092946+00:00,70B3D57ED004558D,Hygro#55:8D,Hygro,Crofts South West Field,56.57950324451966,-2.7063292005198787,69130352005d03e822281044000f,34.78,8.5,93.0,10.0,87.44,4.16,15
2025-04-27 08:18:11.864032+00:00,70B3D57ED004558D,Hygro#55:8D,Hygro,Crofts South West Field,56.57950324451966,-2.7063292005198787,69100352005d0409222c10460010,34.77,8.5,93.0,10.33,87.48,4.17,16
2025-04-27 08:33:28.626653+00:00,70B3D57ED004558D,Hygro#55:8D,Hygro,Crofts South West Field,56.57950324451966,-2.7063292005198787,69070352005e0439223610440011,34.73,8.5,94.0,10.81,87.58,4.16,17
2025-04-27 08:48:45.397857+00:00,70B3D57ED004558D,Hygro#55:8D,Hygro,Crofts South West Field,56.57950324451966,-2.7063292005198787,69060352005d047b223410440012,34.73,8.5,93.0,11.47,87.56,4.16,18
2025-04-27 09:04:02.160208+00:00,70B3D57ED004558D,Hygro#55:8D,Hygro,Crofts South West Field,56.57950324451966,-2.7063292005198787,69130352005e0458223410440013,34.78,8.5,94.0,11.12,87.56,4.16,19
2025-04-27 09:19:18.928530+00:00,70B3D57ED004558D,Hygro#55:8D,Hygro,Crofts South West Field,56.57950324451966,-2.7063292005198787,690e0352005d04b2224910420014,34.76,8.5,93.0,12.02,87.77,4.16,20
2025-04-27 09:34:35.685272+00:00,70B3D57ED004558D,Hygro#55:8D,Hygro,Crofts South West Field,56.57950324451966,-2.7063292005198787,69040352005d0552224c10400015,34.72,8.5,93.0,13.62,87.8,4.16,21
2025-04-27 09:49:52.452888+00:00,70B3D57ED004558D,Hygro#55:8D,Hygro,Crofts South West Field,56.57950324451966,-2.7063292005198787,69090352005d0528223310400016,34.74,8.5,93.0,13.2,87.55,4.16,22
2025-04-27 10:05:09.201389+00:00,70B3D57ED004558D,Hygro#55:8D,Hygro,Crofts South West Field,56.57950324451966,-2.7063292005198787,69010352005d05a32236104b0017,34.71,8.5,93.0,14.43,87.58,4.17,23
2025-04-27 10:20:25.951984+00:00,70B3D57ED004558D,Hygro#55:8D,Hygro,Crofts South West Field,56.57950324451966,-2.7063292005198787,6902035c005e05d9229210510018,34.72,8.6,94.0,14.97,88.5,4.18,24
2025-04-27 10:35:42.712397+00:00,70B3D57ED004558D,Hygro#55:8D,Hygro,Crofts South West Field,56.57950324451966,-2.7063292005198787,6900035c005d0610225710490019,34.71,8.6,93.0,15.52,87.91,4.17,25
2025-04-27 10:50:59.458618+00:00,70B3D57ED004558D,Hygro#55:8D,Hygro,Crofts South West Field,56.57950324451966,-2.7063292005198787,6909035c005d0624226c1046001a,34.74,8.6,93.0,15.72,88.12,4.17,26
2025-04-27 11:06:16.220095+00:00,70B3D57ED004558D,Hygro#55:8D,Hygro,Crofts South West Field,56.57950324451966,-2.7063292005198787,68fd035c005e05ac22b41046001b,34.7,8.6,94.0,14.52,88.84,4.17,27
2025-04-27 11:21:32.977586+00:00,70B3D57ED004558D,Hygro#55:8D,Hygro,Crofts South West Field,56.57950324451966,-2.7063292005198787,68fd0366005d05a122bc1046001c,34.7,8.7,93.0,14.41,88.92,4.17,28
2025-04-27 11:36:49.734818+00:00,70B3D57ED004558D,Hygro#55:8D,Hygro,Crofts South West Field,56.57950324451966,-2.7063292005198787,68fc0366005d063322901046001d,34.69,8.7,93.0,15.87,88.48,4.17,29
2025-04-27 11:52:06.491757+00:00,70B3D57ED004558D,Hygro#55:8D,Hygro,Crofts South West Field,56.57950324451966,-2.7063292005198787,68f70366005d061a22741046001e,34.67,8.7,93.0,15.62,88.2,4.17,30
2025-04-27 12:07:23.243963+00:00,70B3D57ED004558D,Hygro#55:8D,Hygro,Crofts South West Field,56.57950324451966,-2.7063292005198787,68fa0366005e06762281104b001f,34.68,8.7,94.0,16.54,88.33,4.17,31
2025-04-27 12:22:40.004152+00:00,70B3D57ED004558D,Hygro#55:8D,Hygro,Crofts South West Field,56.57950324451966,-2.7063292005198787,68fd0370005d05f5223f10440020,34.7,8.8,93.0,15.25,87.67,4.16,32
2025-04-27 12:37:56.754061+00:00,70B3D57ED004558D,Hygro#55:8D,Hygro,Crofts South West Field,56.57950324451966,-2.7063292005198787,68f50370005d06aa22cc10460021,34.66,8.8,93.0,17.06,89.08,4.17,33
2025-04-27 12:53:13.500358+00:00,70B3D57ED004558D,Hygro#55:8D,Hygro,Crofts South West Field,56.57950324451966,-2.7063292005198787,68f00370005d06c5228910460022,34.65,8.8,93.0,17.33,88.41,4.17,34
2025-04-27 13:08:30.259193+00:00,70B3D57ED004558D,Hygro#55:8D,Hygro,Crofts South West Field,56.57950324451966,-2.7063292005198787,68ee0379005c076c228c10440023,34.64,8.89,92.0,19.0,88.44,4.16,35
2025-04-27 13:23:47.011674+00:00,70B3D57ED004558D,Hygro#55:8D,Hygro,Crofts South West Field,56.57950324451966,-2.7063292005198787,68eb0379005e07e4226510440024,34.63,8.89,94.0,20.2,88.05,4.16,36
2025-04-27 13:39:03.754413+00:00,70B3D57ED004558D,Hygro#55:8D,Hygro,Crofts South West Field,56.57950324451966,-2.7063292005198787,68f40384005d07dc227c10490025,34.66,9.0,93.0,20.12,88.28,4.17,37
2025-04-27 13:54:20.494214+00:00,70B3D57ED004558D,Hygro#55:8D,Hygro,Crofts South West Field,56.57950324451966,-2.7063292005198787,68e10384005d082d22d110420026,34.59,9.0,93.0,20.93,89.13,4.16,38
2025-04-27 14:09:37.249519+00:00,70B3D57ED004558D,Hygro#55:8D,Hygro,Crofts South West Field,56.57950324451966,-2.7063292005198787,68e30384005d0727224410460027,34.6,9.0,93.0,18.31,87.72,4.17,39
2025-04-27 14:40:10.746614+00:00,70B3D57ED004558D,Hygro#55:8D,Hygro,Crofts South West Field,56.57950324451966,-2.7063292005198787,68de038e005d06c122ac10440029,34.58,9.1,93.0,17.29,88.76,4.16,41
2025-04-27 14:55:27.497156+00:00,70B3D57ED004558D,Hygro#55:8D,Hygro,Crofts South West Field,56.57950324451966,-2.7063292005198787,68e00398005d070a224c1044002a,34.58,9.2,93.0,18.02,87.8,4.16,42
2025-04-27 15:10:44.252734+00:00,70B3D57ED004558D,Hygro#55:8D,Hygro,Crofts South West Field,56.57950324451966,-2.7063292005198787,68d40398005d06bd22401046002b,34.54,9.2,93.0,17.25,87.68,4.17,43
2025-04-27 15:26:01.001548+00:00,70B3D57ED004558D,Hygro#55:8D,Hygro,Crofts South West Field,56.57950324451966,-2.7063292005198787,68d903a2005c069d22661042002c,34.56,9.3,92.0,16.93,88.06,4.16,44
2025-04-27 15:56:34.500750+00:00,70B3D57ED004558D,Hygro#55:8D,Hygro,Crofts South West Field,56.57950324451966,-2.7063292005198787,68d003a2005d065f222f1042002e,34.52,9.3,93.0,16.31,87.51,4.16,46
2025-04-27 16:11:51.260208+00:00,70B3D57ED004558D,Hygro#55:8D,Hygro,Crofts South West Field,56.57950324451966,-2.7063292005198787,68d003ab005e06f122201042002f,34.52,9.39,94.0,17.77,87.36,4.16,47
2025-04-27 16:27:08.005279+00:00,70B3D57ED004558D,Hygro#55:8D,Hygro,Crofts South West Field,56.57950324451966,-2.7063292005198787,68c803ab005d0737221410420030,34.49,9.39,93.0,18.47,87.24,4.16,48
2025-04-27 16:42:24.760728+00:00,70B3D57ED004558D,Hygro#55:8D,Hygro,Crofts South West Field,56.57950324451966,-2.7063292005198787,68cb03ab005d0804208c10440031,34.5,9.39,93.0,20.52,83.32,4.16,49
2025-04-27 16:57:41.508260+00:00,70B3D57ED004558D,Hygro#55:8D,Hygro,Crofts South West Field,56.57950324451966,-2.7063292005198787,68c303b6005d075b218010420032,34.47,9.5,93.0,18.83,85.76,4.16,50
2025-04-27 17:12:58.263001+00:00,70B3D57ED004558D,Hygro#55:8D,Hygro,Crofts South West Field,56.57950324451966,-2.7063292005198787,68c903b6005d06b0215f10490033,34.49,9.5,93.0,17.12,85.43,4.17,51
2025-04-27 17:28:15.025060+00:00,70B3D57ED004558D,Hygro#55:8D,Hygro,Crofts South West Field,56.57950324451966,-2.7063292005198787,68c403b6005c064c21c710440034,34.47,9.5,92.0,16.12,86.47,4.16,52
2025-04-27 17:43:31.763562+00:00,70B3D57ED004558D,Hygro#55:8D,Hygro,Crofts South West Field,56.57950324451966,-2.7063292005198787,68c903c0005d062221cb10420035,34.49,9.6,93.0,15.7,86.51,4.16,53
2025-04-27 17:58:48.524242+00:00,70B3D57ED004558D,Hygro#55:8D,Hygro,Crofts South West Field,56.57950324451966,-2.7063292005198787,68c903c0005d066121dd10420036,34.49,9.6,93.0,16.33,86.69,4.16,54
2025-04-27 18:14:05.282084+00:00,70B3D57ED004558D,Hygro#55:8D,Hygro,Crofts South West Field,56.57950324451966,-2.7063292005198787,68bc03c0005d058421cd10440037,34.44,9.6,93.0,14.12,86.53,4.16,55
2025-04-27 18:44:38.802743+00:00,70B3D57ED004558D,Hygro#55:8D,Hygro,Crofts South West Field,56.57950324451966,-2.7063292005198787,68be03c0005e052d21c110460039,34.45,9.6,94.0,13.25,86.41,4.17,57
2025-04-27 18:59:55.576443+00:00,70B3D57ED004558D,Hygro#55:8D,Hygro,Crofts South West Field,56.57950324451966,-2.7063292005198787,68bd03c0005d04f021dd1044003a,34.45,9.6,93.0,12.64,86.69,4.16,58
2025-04-27 19:15:12.339538+00:00,70B3D57ED004558D,Hygro#55:8D,Hygro,Crofts South West Field,56.57950324451966,-2.7063292005198787,68b903c0005e04d121dc1042003b,34.43,9.6,94.0,12.33,86.68,4.16,59
2025-04-27 19:30:29.095498+00:00,70B3D57ED004558D,Hygro#55:8D,Hygro,Crofts South West Field,56.57950324451966,-2.7063292005198787,68c303ca005d04bc21cb1044003c,34.47,9.7,93.0,12.12,86.51,4.16,60
2025-04-27 19:45:45.866762+00:00,70B3D57ED004558D,Hygro#55:8D,Hygro,Crofts South West Field,56.57950324451966,-2.7063292005198787,68c103ca005d049721c31044003d,34.46,9.7,93.0,11.75,86.43,4.16,61
2025-04-27 20:01:02.631765+00:00,70B3D57ED004558D,Hygro#55:8D,Hygro,Crofts South West Field,56.57950324451966,-2.7063292005198787,68c003ca005d047b21c61046003e,34.46,9.7,93.0,11.47,86.46,4.17,62
2025-04-27 20:16:19.405212+00:00,70B3D57ED004558D,Hygro#55:8D,Hygro,Crofts South West Field,56.57950324451966,-2.7063292005198787,68bf03ca005e046521c31044003f,34.46,9.7,94.0,11.25,86.43,4.16,63
2025-04-27 20:31:36.169509+00:00,70B3D57ED004558D,Hygro#55:8D,Hygro,Crofts South West Field,56.57950324451966,-2.7063292005198787,68b803ca005d046521c510440040,34.43,9.7,93.0,11.25,86.45,4.16,64
2025-04-27 20:46:52.941262+00:00,70B3D57ED004558D,Hygro#55:8D,Hygro,Crofts South West Field,56.57950324451966,-2.7063292005198787,68c003ca005d046f21b810440041,34.46,9.7,93.0,11.35,86.32,4.16,65
2025-04-27 21:17:26.475533+00:00,70B3D57ED004558D,Hygro#55:8D,Hygro,Crofts South West Field,56.57950324451966,-2.7063292005198787,68b703c0005d045e21cf10420043,34.42,9.6,93.0,11.18,86.55,4.16,67
2025-04-27 21:32:43.248455+00:00,70B3D57ED004558D,Hygro#55:8D,Hygro,Crofts South West Field,56.57950324451966,-2.7063292005198787,68b403c0005d047721c210440044,34.41,9.6,93.0,11.43,86.42,4.16,68
2025-04-27 21:48:00.020573+00:00,70B3D57ED004558D,Hygro#55:8D,Hygro,Crofts South West Field,56.57950324451966,-2.7063292005198787,68b603c0005d046b21c310440045,34.42,9.6,93.0,11.31,86.43,4.16,69
2025-04-27 22:03:16.792148+00:00,70B3D57ED004558D,Hygro#55:8D,Hygro,Crofts South West Field,56.57950324451966,-2.7063292005198787,68be03c0005d043f21b410440046,34.45,9.6,93.0,10.87,86.28,4.16,70
2025-04-27 22:18:33.573359+00:00,70B3D57ED004558D,Hygro#55:8D,Hygro,Crofts South West Field,56.57950324451966,-2.7063292005198787,68b603c0005d042621d910420047,34.42,9.6,93.0,10.62,86.65,4.16,71
2025-04-27 23:04:23.894246+00:00,70B3D57ED004558D,Hygro#55:8D,Hygro,Crofts South West Field,56.57950324451966,-2.7063292005198787,68bc03c0005d03d721c91044004a,34.44,9.6,93.0,9.83,86.49,4.16,74
2025-04-27 23:19:40.668471+00:00,70B3D57ED004558D,Hygro#55:8D,Hygro,Crofts South West Field,56.57950324451966,-2.7063292005198787,68b403c0005d03a721c61044004b,34.41,9.6,93.0,9.35,86.46,4.16,75
2025-04-27 23:34:57.430365+00:00,70B3D57ED004558D,Hygro#55:8D,Hygro,Crofts South West Field,56.57950324451966,-2.7063292005198787,68b903c0005d037b21ca1046004c,34.43,9.6,93.0,8.91,86.5,4.17,76
2025-04-27 23:50:14.206379+00:00,70B3D57ED004558D,Hygro#55:8D,Hygro,Crofts South West Field,56.57950324451966,-2.7063292005198787,68b603c0005c037321ca1040004d,34.42,9.6,92.0,8.83,86.5,4.16,77
2025-04-28 00:05:30.990526+00:00,70B3D57ED004558D,Hygro#55:8D,Hygro,Crofts South West Field,56.57950324451966,-2.7063292005198787,68bb03b6005e039221bd1044004e,34.44,9.5,94.0,9.14,86.37,4.16,78
2025-04-28 00:20:47.756533+00:00,70B3D57ED004558D,Hygro#55:8D,Hygro,Crofts South West Field,56.57950324451966,-2.7063292005198787,68b203b6005e037721b81044004f,34.4,9.5,94.0,8.87,86.32,4.16,79
2025-04-28 00:36:04.525201+00:00,70B3D57ED004558D,Hygro#55:8D,Hygro,Crofts South West Field,56.57950324451966,-2.7063292005198787,68bb03b6005d03ad21b110440050,34.44,9.5,93.0,9.41,86.25,4.16,80
2025-04-28 01:21:54.856343+00:00,70B3D57ED004558D,Hygro#55:8D,Hygro,Crofts South West Field,56.57950324451966,-2.7063292005198787,68b203b6005d035a21c310400053,34.4,9.5,93.0,8.58,86.43,4.16,83
2025-04-28 01:37:11.638093+00:00,70B3D57ED004558D,Hygro#55:8D,Hygro,Crofts South West Field,56.57950324451966,-2.7063292005198787,68bb03ab005d039021dd10440054,34.44,9.39,93.0,9.12,86.69,4.16,84
2025-04-28 01:52:28.410517+00:00,70B3D57ED004558D,Hygro#55:8D,Hygro,Crofts South West Field,56.57950324451966,-2.7063292005198787,68b703ab005d039621b610460055,34.42,9.39,93.0,9.18,86.3,4.17,85
2025-04-28 02:07:45.188120+00:00,70B3D57ED004558D,Hygro#55:8D,Hygro,Crofts South West Field,56.57950324451966,-2.7063292005198787,68ba03ab005d035c21c410440056,34.44,9.39,93.0,8.6,86.44,4.16,86
2025-04-28 02:23:01.952826+00:00,70B3D57ED004558D,Hygro#55:8D,Hygro,Crofts South West Field,56.57950324451966,-2.7063292005198787,68b603ab005e036b21e410440057,34.42,9.39,94.0,8.75,86.76,4.16,87
2025-04-28 02:38:18.733254+00:00,70B3D57ED004558D,Hygro#55:8D,Hygro,Crofts South West Field,56.57950324451966,-2.7063292005198787,68b503ab005d039221e610420058,34.42,9.39,93.0,9.14,86.78,4.16,88
2025-04-28 02:53:35.506936+00:00,70B3D57ED004558D,Hygro#55:8D,Hygro,Crofts South West Field,56.57950324451966,-2.7063292005198787,68b903a2005d038a21d910400059,34.43,9.3,93.0,9.06,86.65,4.16,89
2025-04-28 03:08:52.290503+00:00,70B3D57ED004558D,Hygro#55:8D,Hygro,Crofts South West Field,56.57950324451966,-2.7063292005198787,68bb03a2005d038421d71044005a,34.44,9.3,93.0,9.0,86.63,4.16,90
2025-04-28 03:39:25.838818+00:00,70B3D57ED004558D,Hygro#55:8D,Hygro,Crofts South West Field,56.57950324451966,-2.7063292005198787,68b403a2005d037f21f11040005c,34.41,9.3,93.0,8.95,86.89,4.16,92
2025-04-28 03:54:42.644339+00:00,70B3D57ED004558D,Hygro#55:8D,Hygro,Crofts South West Field,56.57950324451966,-2.7063292005198787,68b703a2005d039d21ed1042005d,34.42,9.3,93.0,9.25,86.85,4.16,93
2025-04-28 04:09:59.402731+00:00,70B3D57ED004558D,Hygro#55:8D,Hygro,Crofts South West Field,56.57950324451966,-2.7063292005198787,68b803a2005c03db21e61042005e,34.43,9.3,92.0,9.87,86.78,4.16,94
2025-04-28 04:40:32.928325+00:00,70B3D57ED004558D,Hygro#55:8D,Hygro,Crofts South West Field,56.57950324451966,-2.7063292005198787,68b603a2005d041a21e310420060,34.42,9.3,93.0,10.5,86.75,4.16,96
2025-04-28 04:55:49.697437+00:00,70B3D57ED004558D,Hygro#55:8D,Hygro,Crofts South West Field,56.57950324451966,-2.7063292005198787,68b803a2005c040d21f1103e0061,34.43,9.3,92.0,10.37,86.89,4.16,97
2025-04-28 05:11:06.468664+00:00,70B3D57ED004558D,Hygro#55:8D,Hygro,Crofts South West Field,56.57950324451966,-2.7063292005198787,68b903a2005d041721ff10400062,34.43,9.3,93.0,10.47,87.03,4.16,98
2025-04-28 05:26:23.235470+00:00,70B3D57ED004558D,Hygro#55:8D,Hygro,Crofts South West Field,56.57950324451966,-2.7063292005198787,68b403a2005d041521f810420063,34.41,9.3,93.0,10.45,86.96,4.16,99
2025-04-28 05:41:40.002931+00:00,70B3D57ED004558D,Hygro#55:8D,Hygro,Crofts South West Field,56.57950324451966,-2.7063292005198787,68b2039f005c041121fd10400064,34.4,9.27,92.0,10.41,87.01,4.16,100
2025-04-28 05:56:56.779333+00:00,70B3D57ED004558D,Hygro#55:8D,Hygro,Crofts South West Field,56.57950324451966,-2.7063292005198787,68b40398005d0422220510440065,34.41,9.2,93.0,10.58,87.09,4.16,101
2025-04-28 06:42:47.073798+00:00,70B3D57ED004558D,Hygro#55:8D,Hygro,Crofts South West Field,56.57950324451966,-2.7063292005198787,68b40398005d0471220f103e0068,34.41,9.2,93.0,11.37,87.19,4.16,104
2025-04-28 06:58:03.837661+00:00,70B3D57ED004558D,Hygro#55:8D,Hygro,Crofts South West Field,56.57950324451966,-2.7063292005198787,68b40398005d04a32210103e0069,34.41,9.2,93.0,11.87,87.2,4.16,105
2025-04-28 07:13:20.607777+00:00,70B3D57ED004558D,Hygro#55:8D,Hygro,Crofts South West Field,56.57950324451966,-2.7063292005198787,68b80398005e04ec220a103e006a,34.43,9.2,94.0,12.6,87.14,4.16,106
2025-04-28 07:28:37.352380+00:00,70B3D57ED004558D,Hygro#55:8D,Hygro,Crofts South West Field,56.57950324451966,-2.7063292005198787,68b00398005d04ec221b103b006b,34.4,9.2,93.0,12.6,87.31,4.16,107
2025-04-28 07:43:54.114901+00:00,70B3D57ED004558D,Hygro#55:8D,Hygro,Crofts South West Field,56.57950324451966,-2.7063292005198787,68bb039e005d052622381044006c,34.44,9.26,93.0,13.18,87.6,4.16,108
2025-04-28 07:59:10.888095+00:00,70B3D57ED004558D,Hygro#55:8D,Hygro,Crofts South West Field,56.57950324451966,-2.7063292005198787,68b503a2005d056722241040006d,34.42,9.3,93.0,13.83,87.4,4.16,109
2025-04-28 08:14:27.639163+00:00,70B3D57ED004558D,Hygro#55:8D,Hygro,Crofts South West Field,56.57950324451966,-2.7063292005198787,68ac03a2005e0575222b103e006e,34.38,9.3,94.0,13.97,87.47,4.16,110
2025-04-28 08:29:44.400460+00:00,70B3D57ED004558D,Hygro#55:8D,Hygro,Crofts South West Field,56.57950324451966,-2.7063292005198787,68ae03a2005c0591224c103b006f,34.39,9.3,92.0,14.25,87.8,4.16,111
2025-04-28 08:45:01.153974+00:00,70B3D57ED004558D,Hygro#55:8D,Hygro,Crofts South West Field,56.57950324451966,-2.7063292005198787,68ac03a2005d05c32250103e0070,34.38,9.3,93.0,14.75,87.84,4.16,112
2025-04-28 09:00:17.917191+00:00,70B3D57ED004558D,Hygro#55:8D,Hygro,Crofts South West Field,56.57950324451966,-2.7063292005198787,68b103a2005c06052245103e0071,34.4,9.3,92.0,15.41,87.73,4.16,113
2025-04-28 09:15:34.676078+00:00,70B3D57ED004558D,Hygro#55:8D,Hygro,Crofts South West Field,56.57950324451966,-2.7063292005198787,68b003a2005d05dc2249103b0072,34.4,9.3,93.0,15.0,87.77,4.16,114
2025-04-28 09:30:51.427540+00:00,70B3D57ED004558D,Hygro#55:8D,Hygro,Crofts South West Field,56.57950324451966,-2.7063292005198787,68a503a2005e0614226310490073,34.35,9.3,94.0,15.56,88.03,4.17,115
2025-04-28 09:46:08.174184+00:00,70B3D57ED004558D,Hygro#55:8D,Hygro,Crofts South West Field,56.57950324451966,-2.7063292005198787,68a803a2005c06e4226510510074,34.37,9.3,92.0,17.64,88.05,4.18,116
2025-04-28 10:01:24.928365+00:00,70B3D57ED004558D,Hygro#55:8D,Hygro,Crofts South West Field,56.57950324451966,-2.7063292005198787,68a703ab005d0725220b10510075,34.36,9.39,93.0,18.29,87.15,4.18,117
2025-04-28 10:16:41.674569+00:00,70B3D57ED004558D,Hygro#55:8D,Hygro,Crofts South West Field,56.57950324451966,-2.7063292005198787,68a903ab005c0765224310510076,34.37,9.39,92.0,18.93,87.71,4.18,118
2025-04-28 10:47:15.175989+00:00,70B3D57ED004558D,Hygro#55:8D,Hygro,Crofts South West Field,56.57950324451966,-2.7063292005198787,689a03ab005c073e228f104b0078,34.31,9.39,92.0,18.54,88.47,4.17,120
2025-04-28 11:02:31.921740+00:00,70B3D57ED004558D,Hygro#55:8D,Hygro,Crofts South West Field,56.57950324451966,-2.7063292005198787,689b03b6005c0701229410460079,34.32,9.5,92.0,17.93,88.52,4.17,121
2025-04-28 11:17:48.667608+00:00,70B3D57ED004558D,Hygro#55:8D,Hygro,Crofts South West Field,56.57950324451966,-2.7063292005198787,689d03b6005c07b0226f104b007a,34.32,9.5,92.0,19.68,88.15,4.17,122
2025-04-28 12:03:38.898502+00:00,70B3D57ED004558D,Hygro#55:8D,Hygro,Crofts South West Field,56.57950324451966,-2.7063292005198787,688a03c0005c07f722871046007d,34.25,9.6,92.0,20.39,88.39,4.17,125
2025-04-28 12:18:55.632859+00:00,70B3D57ED004558D,Hygro#55:8D,Hygro,Crofts South West Field,56.57950324451966,-2.7063292005198787,688703ca005c087a22821049007e,34.24,9.7,92.0,21.7,88.34,4.17,126
2025-04-28 12:34:12.380110+00:00,70B3D57ED004558D,Hygro#55:8D,Hygro,Crofts South West Field,56.57950324451966,-2.7063292005198787,688b03ca005c086c225a1049007f,34.25,9.7,92.0,21.56,87.94,4.17,127
2025-04-28 12:49:29.137804+00:00,70B3D57ED004558D,Hygro#55:8D,Hygro,Crofts South West Field,56.57950324451966,-2.7063292005198787,688803d4005d087c2264104b0080,34.24,9.8,93.0,21.72,88.04,4.17,128
2025-04-28 13:04:45.865539+00:00,70B3D57ED004558D,Hygro#55:8D,Hygro,Crofts South West Field,56.57950324451966,-2.7063292005198787,687d03d4005c083e224f10490081,34.2,9.8,92.0,21.1,87.83,4.17,129
2025-04-28 13:20:02.609590+00:00,70B3D57ED004558D,Hygro#55:8D,Hygro,Crofts South West Field,56.57950324451966,-2.7063292005198787,687e03d4005c079b228e10460082,34.2,9.8,92.0,19.47,88.46,4.17,130
2025-04-28 13:35:19.358001+00:00,70B3D57ED004558D,Hygro#55:8D,Hygro,Crofts South West Field,56.57950324451966,-2.7063292005198787,688003dd005c07c3226410490083,34.21,9.89,92.0,19.87,88.04,4.17,131
2025-04-28 13:50:36.129538+00:00,70B3D57ED004558D,Hygro#55:8D,Hygro,Crofts South West Field,56.57950324451966,-2.7063292005198787,687603dd005d07e6225610460084,34.17,9.89,93.0,20.22,87.9,4.17,132
2025-04-28 14:05:52.859090+00:00,70B3D57ED004558D,Hygro#55:8D,Hygro,Crofts South West Field,56.57950324451966,-2.7063292005198787,686f03e8005c07a2221410460085,34.15,10.0,92.0,19.54,87.24,4.17,133
2025-04-28 14:21:09.601235+00:00,70B3D57ED004558D,Hygro#55:8D,Hygro,Crofts South West Field,56.57950324451966,-2.7063292005198787,686c03e8005d07d4224210490086,34.13,10.0,93.0,20.04,87.7,4.17,134
2025-04-28 14:36:26.351720+00:00,70B3D57ED004558D,Hygro#55:8D,Hygro,Crofts South West Field,56.57950324451966,-2.7063292005198787,686f03f2005c07a4220e10490087,34.15,10.1,92.0,19.56,87.18,4.17,135
2025-04-28 14:51:43.104606+00:00,70B3D57ED004558D,Hygro#55:8D,Hygro,Crofts South West Field,56.57950324451966,-2.7063292005198787,686c03f2005c06dc221710490088,34.13,10.1,92.0,17.56,87.27,4.17,136
2025-04-28 15:06:59.858943+00:00,70B3D57ED004558D,Hygro#55:8D,Hygro,Crofts South West Field,56.57950324451966,-2.7063292005198787,686803fc005c06f3222910490089,34.12,10.2,92.0,17.79,87.45,4.17,137
2025-04-28 15:22:16.605374+00:00,70B3D57ED004558D,Hygro#55:8D,Hygro,Crofts South West Field,56.57950324451966,-2.7063292005198787,686a03fc005c0714221a1046008a,34.13,10.2,92.0,18.12,87.3,4.17,138
2025-04-28 15:37:33.352312+00:00,70B3D57ED004558D,Hygro#55:8D,Hygro,Crofts South West Field,56.57950324451966,-2.7063292005198787,685e03fc005b078f22131049008b,34.08,10.2,91.0,19.35,87.23,4.17,139
2025-04-28 15:52:50.107553+00:00,70B3D57ED004558D,Hygro#55:8D,Hygro,Crofts South West Field,56.57950324451966,-2.7063292005198787,68610406005c07a421ef1046008c,34.09,10.3,92.0,19.56,86.87,4.17,140
2025-04-28 16:08:06.855084+00:00,70B3D57ED004558D,Hygro#55:8D,Hygro,Crofts South West Field,56.57950324451966,-2.7063292005198787,685d0406005c074e21cb1044008d,34.08,10.3,92.0,18.7,86.51,4.16,141
2025-04-28 16:23:23.609439+00:00,70B3D57ED004558D,Hygro#55:8D,Hygro,Crofts South West Field,56.57950324451966,-2.7063292005198787,68580406005b077021e41049008e,34.06,10.3,91.0,19.04,86.76,4.17,142
2025-04-28 16:53:57.106066+00:00,70B3D57ED004558D,Hygro#55:8D,Hygro,Crofts South West Field,56.57950324451966,-2.7063292005198787,685a0410005c06e221a810490090,34.06,10.4,92.0,17.62,86.16,4.17,144
2025-04-28 17:09:13.862609+00:00,70B3D57ED004558D,Hygro#55:8D,Hygro,Crofts South West Field,56.57950324451966,-2.7063292005198787,684e0410005c067421b910460091,34.02,10.4,92.0,16.52,86.33,4.17,145
2025-04-28 17:24:30.612699+00:00,70B3D57ED004558D,Hygro#55:8D,Hygro,Crofts South West Field,56.57950324451966,-2.7063292005198787,68500410005b064e21cf10490092,34.02,10.4,91.0,16.14,86.55,4.17,146
2025-04-28 17:39:47.373222+00:00,70B3D57ED004558D,Hygro#55:8D,Hygro,Crofts South West Field,56.57950324451966,-2.7063292005198787,68560410005b063721c610460093,34.05,10.4,91.0,15.91,86.46,4.17,147
2025-04-28 17:55:04.131801+00:00,70B3D57ED004558D,Hygro#55:8D,Hygro,Crofts South West Field,56.57950324451966,-2.7063292005198787,68530418005d061e21b510490094,34.04,10.48,93.0,15.66,86.29,4.17,148
2025-04-28 18:10:20.888860+00:00,70B3D57ED004558D,Hygro#55:8D,Hygro,Crofts South West Field,56.57950324451966,-2.7063292005198787,6848041a005b05dc21c110460095,33.99,10.5,91.0,15.0,86.41,4.17,149
2025-04-28 18:25:37.658830+00:00,70B3D57ED004558D,Hygro#55:8D,Hygro,Crofts South West Field,56.57950324451966,-2.7063292005198787,684d041a005c05c521d410460096,34.01,10.5,92.0,14.77,86.6,4.17,150
2025-04-28 18:40:54.419445+00:00,70B3D57ED004558D,Hygro#55:8D,Hygro,Crofts South West Field,56.57950324451966,-2.7063292005198787,6845041a005c05c921b810490097,33.98,10.5,92.0,14.81,86.32,4.17,151
2025-04-28 18:56:11.187200+00:00,70B3D57ED004558D,Hygro#55:8D,Hygro,Crofts South West Field,56.57950324451966,-2.7063292005198787,6852041a005c058c21af104b0098,34.03,10.5,92.0,14.2,86.23,4.17,152
2025-04-28 19:11:27.946309+00:00,70B3D57ED004558D,Hygro#55:8D,Hygro,Crofts South West Field,56.57950324451966,-2.7063292005198787,6844041a005c054c21b410490099,33.98,10.5,92.0,13.56,86.28,4.17,153
2025-04-28 19:26:44.705683+00:00,70B3D57ED004558D,Hygro#55:8D,Hygro,Crofts South West Field,56.57950324451966,-2.7063292005198787,6849041a005c053321b21046009a,34.0,10.5,92.0,13.31,86.26,4.17,154
2025-04-28 19:42:01.461443+00:00,70B3D57ED004558D,Hygro#55:8D,Hygro,Crofts South West Field,56.57950324451966,-2.7063292005198787,6848041a005c04f421a31049009b,33.99,10.5,92.0,12.68,86.11,4.17,155
2025-04-28 20:12:34.995249+00:00,70B3D57ED004558D,Hygro#55:8D,Hygro,Crofts South West Field,56.57950324451966,-2.7063292005198787,6843041a005d048e21a81046009d,33.97,10.5,93.0,11.66,86.16,4.17,157
2025-04-28 20:27:51.754872+00:00,70B3D57ED004558D,Hygro#55:8D,Hygro,Crofts South West Field,56.57950324451966,-2.7063292005198787,684e041a005b041e219b1049009e,34.02,10.5,91.0,10.54,86.03,4.17,158
2025-04-28 20:43:08.531446+00:00,70B3D57ED004558D,Hygro#55:8D,Hygro,Crofts South West Field,56.57950324451966,-2.7063292005198787,684b041a005c03e521a51044009f,34.01,10.5,92.0,9.97,86.13,4.16,159
2025-04-28 21:13:42.066322+00:00,70B3D57ED004558D,Hygro#55:8D,Hygro,Crofts South West Field,56.57950324451966,-2.7063292005198787,6848041a005c03642189104b00a1,33.99,10.5,92.0,8.68,85.85,4.17,161
2025-04-28 21:28:58.840964+00:00,70B3D57ED004558D,Hygro#55:8D,Hygro,Crofts South West Field,56.57950324451966,-2.7063292005198787,68420410005d03132195104900a2,33.97,10.4,93.0,7.87,85.97,4.17,162
2025-04-28 21:44:15.627570+00:00,70B3D57ED004558D,Hygro#55:8D,Hygro,Crofts South West Field,56.57950324451966,-2.7063292005198787,68420410005c033b21a6104900a3,33.97,10.4,92.0,8.27,86.14,4.17,163
2025-04-28 21:59:32.411512+00:00,70B3D57ED004558D,Hygro#55:8D,Hygro,Crofts South West Field,56.57950324451966,-2.7063292005198787,68440410005c0300217e104600a4,33.98,10.4,92.0,7.68,85.74,4.17,164
2025-04-28 22:14:49.196580+00:00,70B3D57ED004558D,Hygro#55:8D,Hygro,Crofts South West Field,56.57950324451966,-2.7063292005198787,68440410005c03262183104400a5,33.98,10.4,92.0,8.06,85.79,4.16,165
2025-04-28 22:30:05.961907+00:00,70B3D57ED004558D,Hygro#55:8D,Hygro,Crofts South West Field,56.57950324451966,-2.7063292005198787,6844040b005c0326217a104400a6,33.98,10.35,92.0,8.06,85.7,4.16,166
2025-04-28 22:45:22.747511+00:00,70B3D57ED004558D,Hygro#55:8D,Hygro,Crofts South West Field,56.57950324451966,-2.7063292005198787,68480406005c03192176104900a7,33.99,10.3,92.0,7.93,85.66,4.17,167
2025-04-28 23:00:39.526882+00:00,70B3D57ED004558D,Hygro#55:8D,Hygro,Crofts South West Field,56.57950324451966,-2.7063292005198787,68490406005d033f218c104600a8,34.0,10.3,93.0,8.31,85.88,4.17,168
2025-04-28 23:15:56.303319+00:00,70B3D57ED004558D,Hygro#55:8D,Hygro,Crofts South West Field,56.57950324451966,-2.7063292005198787,68490406005c038e2174104600a9,34.0,10.3,92.0,9.1,85.64,4.17,169
2025-04-28 23:31:13.075394+00:00,70B3D57ED004558D,Hygro#55:8D,Hygro,Crofts South West Field,56.57950324451966,-2.7063292005198787,684e03fc005c0364216b104200aa,34.02,10.2,92.0,8.68,85.55,4.16,170
2025-04-28 23:46:29.859664+00:00,70B3D57ED004558D,Hygro#55:8D,Hygro,Crofts South West Field,56.57950324451966,-2.7063292005198787,684e03fc005c0360218e104400ab,34.02,10.2,92.0,8.64,85.9,4.16,171
2025-04-29 00:01:46.625107+00:00,70B3D57ED004558D,Hygro#55:8D,Hygro,Crofts South West Field,56.57950324451966,-2.7063292005198787,684c03fc005c03392190104600ac,34.01,10.2,92.0,8.25,85.92,4.17,172
2025-04-29 00:17:03.404667+00:00,70B3D57ED004558D,Hygro#55:8D,Hygro,Crofts South West Field,56.57950324451966,-2.7063292005198787,684403f2005c0362219d104400ad,33.98,10.1,92.0,8.66,86.05,4.16,173
2025-04-29 00:32:20.183917+00:00,70B3D57ED004558D,Hygro#55:8D,Hygro,Crofts South West Field,56.57950324451966,-2.7063292005198787,684603f2005c03942189104400ae,33.99,10.1,92.0,9.16,85.85,4.16,174
2025-04-29 00:47:36.963637+00:00,70B3D57ED004558D,Hygro#55:8D,Hygro,Crofts South West Field,56.57950324451966,-2.7063292005198787,684403f2005c0398218c104900af,33.98,10.1,92.0,9.2,85.88,4.17,175
2025-04-29 01:33:27.296776+00:00,70B3D57ED004558D,Hygro#55:8D,Hygro,Crofts South West Field,56.57950324451966,-2.7063292005198787,684603e8005c02f421b1104600b2,33.99,10.0,92.0,7.56,86.25,4.17,178
2025-04-29 01:48:44.072405+00:00,70B3D57ED004558D,Hygro#55:8D,Hygro,Crofts South West Field,56.57950324451966,-2.7063292005198787,684503e8005c02dd21b0104200b3,33.98,10.0,92.0,7.33,86.24,4.16,179
2025-04-29 02:19:17.642346+00:00,70B3D57ED004558D,Hygro#55:8D,Hygro,Crofts South West Field,56.57950324451966,-2.7063292005198787,684d03e8005c026c21ad104400b5,34.01,10.0,92.0,6.2,86.21,4.16,181
2025-04-29 02:34:34.423946+00:00,70B3D57ED004558D,Hygro#55:8D,Hygro,Crofts South West Field,56.57950324451966,-2.7063292005198787,684403e8005c027121af104400b6,33.98,10.0,92.0,6.25,86.23,4.16,182
2025-04-29 03:20:24.785564+00:00,70B3D57ED004558D,Hygro#55:8D,Hygro,Crofts South West Field,56.57950324451966,-2.7063292005198787,684d03dd005b022821a8104400b9,34.01,9.89,91.0,5.52,86.16,4.16,185
2025-04-29 03:35:41.591685+00:00,70B3D57ED004558D,Hygro#55:8D,Hygro,Crofts South West Field,56.57950324451966,-2.7063292005198787,684603dd005c022e218e104200ba,33.99,9.89,92.0,5.58,85.9,4.16,186
2025-04-29 04:52:05.492485+00:00,70B3D57ED004558D,Hygro#55:8D,Hygro,Crofts South West Field,56.57950324451966,-2.7063292005198787,684f03ca005c02a3219d104400bf,34.02,9.7,92.0,6.75,86.05,4.16,191
2025-04-29 05:22:39.058776+00:00,70B3D57ED004558D,Hygro#55:8D,Hygro,Crofts South West Field,56.57950324451966,-2.7063292005198787,684a03ca005c035e21ba104400c1,34.0,9.7,92.0,8.62,86.34,4.16,193
2025-04-29 05:37:55.822498+00:00,70B3D57ED004558D,Hygro#55:8D,Hygro,Crofts South West Field,56.57950324451966,-2.7063292005198787,684c03c0005c03ab21d6104400c2,34.01,9.6,92.0,9.39,86.62,4.16,194
2025-04-29 06:08:29.373559+00:00,70B3D57ED004558D,Hygro#55:8D,Hygro,Crofts South West Field,56.57950324451966,-2.7063292005198787,684503c0005c041521c6104600c4,33.98,9.6,92.0,10.45,86.46,4.17,196
2025-04-29 06:39:02.901719+00:00,70B3D57ED004558D,Hygro#55:8D,Hygro,Crofts South West Field,56.57950324451966,-2.7063292005198787,684b03c0005c046221cd104200c6,34.01,9.6,92.0,11.22,86.53,4.16,198
2025-04-29 06:54:19.669350+00:00,70B3D57ED004558D,Hygro#55:8D,Hygro,Crofts South West Field,56.57950324451966,-2.7063292005198787,684d03c0005c048621d6104400c7,34.01,9.6,92.0,11.58,86.62,4.16,199
2025-04-29 07:09:36.433869+00:00,70B3D57ED004558D,Hygro#55:8D,Hygro,Crofts South West Field,56.57950324451966,-2.7063292005198787,684803c0005c050f21ba104200c8,33.99,9.6,92.0,12.95,86.34,4.16,200
2025-04-29 07:24:53.193053+00:00,70B3D57ED004558D,Hygro#55:8D,Hygro,Crofts South West Field,56.57950324451966,-2.7063292005198787,684303c0005b05b02203104b00c9,33.97,9.6,91.0,14.56,87.07,4.17,201
2025-04-29 07:40:09.948856+00:00,70B3D57ED004558D,Hygro#55:8D,Hygro,Crofts South West Field,56.57950324451966,-2.7063292005198787,685003c0005c0665222e104f00ca,34.02,9.6,92.0,16.37,87.5,4.17,202
2025-04-29 07:55:26.700544+00:00,70B3D57ED004558D,Hygro#55:8D,Hygro,Crofts South West Field,56.57950324451966,-2.7063292005198787,684903c0005c063d2239104d00cb,34.0,9.6,92.0,15.97,87.61,4.17,203
2025-04-29 08:10:43.449192+00:00,70B3D57ED004558D,Hygro#55:8D,Hygro,Crofts South West Field,56.57950324451966,-2.7063292005198787,684d03c0005c05e022a7105100cc,34.01,9.6,92.0,15.04,88.71,4.18,204
2025-04-29 08:26:00.213832+00:00,70B3D57ED004558D,Hygro#55:8D,Hygro,Crofts South West Field,56.57950324451966,-2.7063292005198787,684e03c0005c0627226c104900cd,34.02,9.6,92.0,15.75,88.12,4.17,205
2025-04-29 08:41:16.961318+00:00,70B3D57ED004558D,Hygro#55:8D,Hygro,Crofts South West Field,56.57950324451966,-2.7063292005198787,684203c0005b0731221e104600ce,33.97,9.6,91.0,18.41,87.34,4.17,206
2025-04-29 08:56:33.696368+00:00,70B3D57ED004558D,Hygro#55:8D,Hygro,Crofts South West Field,56.57950324451966,-2.7063292005198787,684203c0005d07a221ca104400cf,33.97,9.6,93.0,19.54,86.5,4.16,207
2025-04-29 09:11:50.443928+00:00,70B3D57ED004558D,Hygro#55:8D,Hygro,Crofts South West Field,56.57950324451966,-2.7063292005198787,684103c0005b07c321dc104400d0,33.97,9.6,91.0,19.87,86.68,4.16,208
2025-04-29 09:27:07.199226+00:00,70B3D57ED004558D,Hygro#55:8D,Hygro,Crofts South West Field,56.57950324451966,-2.7063292005198787,684203ca005c085f2224104400d1,33.97,9.7,92.0,21.43,87.4,4.16,209
2025-04-29 09:42:23.931532+00:00,70B3D57ED004558D,Hygro#55:8D,Hygro,Crofts South West Field,56.57950324451966,-2.7063292005198787,683703ca005b088521ea104600d2,33.93,9.7,91.0,21.81,86.82,4.17,210
2025-04-29 10:12:57.419791+00:00,70B3D57ED004558D,Hygro#55:8D,Hygro,Crofts South West Field,56.57950324451966,-2.7063292005198787,683903d4005c08eb2251104600d4,33.94,9.8,92.0,22.83,87.85,4.17,212
2025-04-29 10:28:14.157423+00:00,70B3D57ED004558D,Hygro#55:8D,Hygro,Crofts South West Field,56.57950324451966,-2.7063292005198787,683303d4005c08e92253104600d5,33.91,9.8,92.0,22.81,87.87,4.17,213
2025-04-29 10:58:47.642522+00:00,70B3D57ED004558D,Hygro#55:8D,Hygro,Crofts South West Field,56.57950324451966,-2.7063292005198787,682703dd005c0a662236104600d7,33.87,9.89,92.0,26.62,87.58,4.17,215
2025-04-29 11:14:04.381768+00:00,70B3D57ED004558D,Hygro#55:8D,Hygro,Crofts South West Field,56.57950324451966,-2.7063292005198787,682a03dd005b0ac2222b104400d8,33.88,9.89,91.0,27.54,87.47,4.16,216
2025-04-29 11:29:21.108550+00:00,70B3D57ED004558D,Hygro#55:8D,Hygro,Crofts South West Field,56.57950324451966,-2.7063292005198787,682603e8005c0ad0220f104600d9,33.86,10.0,92.0,27.68,87.19,4.17,217
2025-04-29 11:44:37.841702+00:00,70B3D57ED004558D,Hygro#55:8D,Hygro,Crofts South West Field,56.57950324451966,-2.7063292005198787,681503f2005b0b6821f6104400da,33.8,10.1,91.0,29.2,86.94,4.16,218
2025-04-29 11:59:54.590674+00:00,70B3D57ED004558D,Hygro#55:8D,Hygro,Crofts South West Field,56.57950324451966,-2.7063292005198787,680e03f2005c0a3021ea104600db,33.77,10.1,92.0,26.08,86.82,4.17,219
2025-04-29 12:15:11.327658+00:00,70B3D57ED004558D,Hygro#55:8D,Hygro,Crofts South West Field,56.57950324451966,-2.7063292005198787,681803fc005b0a832205104900dc,33.81,10.2,91.0,26.91,87.09,4.17,220
2025-04-29 12:30:28.085903+00:00,70B3D57ED004558D,Hygro#55:8D,Hygro,Crofts South West Field,56.57950324451966,-2.7063292005198787,680f03fc005b0afa21fc104400dd,33.77,10.2,91.0,28.1,87.0,4.16,221
2025-04-29 12:45:44.817229+00:00,70B3D57ED004558D,Hygro#55:8D,Hygro,Crofts South West Field,56.57950324451966,-2.7063292005198787,68020406005b0bce21ee104200de,33.72,10.3,91.0,30.22,86.86,4.16,222
2025-04-29 13:01:01.560662+00:00,70B3D57ED004558D,Hygro#55:8D,Hygro,Crofts South West Field,56.57950324451966,-2.7063292005198787,68000410005b0b0f21cc104600df,33.71,10.4,91.0,28.31,86.52,4.17,223
2025-04-29 13:16:18.304707+00:00,70B3D57ED004558D,Hygro#55:8D,Hygro,Crofts South West Field,56.57950324451966,-2.7063292005198787,67f2041a005b0a9e214d104200e0,33.66,10.5,91.0,27.18,85.25,4.16,224
2025-04-29 13:31:35.048126+00:00,70B3D57ED004558D,Hygro#55:8D,Hygro,Crofts South West Field,56.57950324451966,-2.7063292005198787,67f4041a005c09bd2198104400e1,33.67,10.5,92.0,24.93,86.0,4.16,225
2025-04-29 13:46:51.790609+00:00,70B3D57ED004558D,Hygro#55:8D,Hygro,Crofts South West Field,56.57950324451966,-2.7063292005198787,67f20424005b09a821a1104400e2,33.66,10.6,91.0,24.72,86.09,4.16,226
2025-04-29 14:02:08.538518+00:00,70B3D57ED004558D,Hygro#55:8D,Hygro,Crofts South West Field,56.57950324451966,-2.7063292005198787,67e7042e005b09b12185104400e3,33.62,10.7,91.0,24.81,85.81,4.16,227
2025-04-29 14:17:25.283043+00:00,70B3D57ED004558D,Hygro#55:8D,Hygro,Crofts South West Field,56.57950324451966,-2.7063292005198787,67ee042e005b0968218c104400e4,33.64,10.7,91.0,24.08,85.88,4.16,228
2025-04-29 14:32:42.011122+00:00,70B3D57ED004558D,Hygro#55:8D,Hygro,Crofts South West Field,56.57950324451966,-2.7063292005198787,67df0438005e099a212f104600e5,33.59,10.8,94.0,24.58,84.95,4.17,229
2025-04-29 14:47:58.757776+00:00,70B3D57ED004558D,Hygro#55:8D,Hygro,Crofts South West Field,56.57950324451966,-2.7063292005198787,67de0438005a0876215a104200e6,33.58,10.8,90.0,21.66,85.38,4.16,230
2025-04-29 15:03:15.507680+00:00,70B3D57ED004558D,Hygro#55:8D,Hygro,Crofts South West Field,56.57950324451966,-2.7063292005198787,67dc0442005b09d62175104200e7,33.57,10.9,91.0,25.18,85.65,4.16,231
2025-04-29 15:18:32.249326+00:00,70B3D57ED004558D,Hygro#55:8D,Hygro,Crofts South West Field,56.57950324451966,-2.7063292005198787,67d70442005b08d0215c104600e8,33.56,10.9,91.0,22.56,85.4,4.17,232
2025-04-29 15:33:48.995068+00:00,70B3D57ED004558D,Hygro#55:8D,Hygro,Crofts South West Field,56.57950324451966,-2.7063292005198787,67d1044c005c087c210b104200e9,33.53,11.0,92.0,21.72,84.59,4.16,233
2025-04-29 15:49:05.731983+00:00,70B3D57ED004558D,Hygro#55:8D,Hygro,Crofts South West Field,56.57950324451966,-2.7063292005198787,67d3044c005a08342126104600ea,33.54,11.0,90.0,21.0,84.86,4.17,234
2025-04-29 16:04:22.489583+00:00,70B3D57ED004558D,Hygro#55:8D,Hygro,Crofts South West Field,56.57950324451966,-2.7063292005198787,67cb044c005b08212123104400eb,33.51,11.0,91.0,20.81,84.83,4.16,235
2025-04-29 16:19:39.233296+00:00,70B3D57ED004558D,Hygro#55:8D,Hygro,Crofts South West Field,56.57950324451966,-2.7063292005198787,67c60456005b07aa2112104400ec,33.49,11.1,91.0,19.62,84.66,4.16,236
2025-04-29 16:34:55.989762+00:00,70B3D57ED004558D,Hygro#55:8D,Hygro,Crofts South West Field,56.57950324451966,-2.7063292005198787,67c90456005b0774212d104600ed,33.5,11.1,91.0,19.08,84.93,4.17,237
2025-04-29 16:50:12.748440+00:00,70B3D57ED004558D,Hygro#55:8D,Hygro,Crofts South West Field,56.57950324451966,-2.7063292005198787,67c50456005b07c12126104400ee,33.49,11.1,91.0,19.85,84.86,4.16,238
2025-04-29 17:05:29.491107+00:00,70B3D57ED004558D,Hygro#55:8D,Hygro,Crofts South West Field,56.57950324451966,-2.7063292005198787,67c60456005b078020fb104600ef,33.49,11.1,91.0,19.2,84.43,4.17,239
2025-04-29 17:20:46.228672+00:00,70B3D57ED004558D,Hygro#55:8D,Hygro,Crofts South West Field,56.57950324451966,-2.7063292005198787,67c90456005a086e2004104200f0,33.5,11.1,90.0,21.58,81.96,4.16,240
2025-04-29 17:36:02.983691+00:00,70B3D57ED004558D,Hygro#55:8D,Hygro,Crofts South West Field,56.57950324451966,-2.7063292005198787,67bd0460005b07bd2061104000f1,33.45,11.2,91.0,19.81,82.89,4.16,241
2025-04-29 17:51:19.732040+00:00,70B3D57ED004558D,Hygro#55:8D,Hygro,Crofts South West Field,56.57950324451966,-2.7063292005198787,67be0460005b076c1fae104400f2,33.46,11.2,91.0,19.0,81.1,4.16,242
2025-04-29 18:06:36.490549+00:00,70B3D57ED004558D,Hygro#55:8D,Hygro,Crofts South West Field,56.57950324451966,-2.7063292005198787,67c10460005b0701200b104200f3,33.47,11.2,91.0,17.93,82.03,4.16,243
2025-04-29 18:21:53.238257+00:00,70B3D57ED004558D,Hygro#55:8D,Hygro,Crofts South West Field,56.57950324451966,-2.7063292005198787,67c20460005b0674201e104200f4,33.47,11.2,91.0,16.52,82.22,4.16,244
2025-04-29 18:37:09.995937+00:00,70B3D57ED004558D,Hygro#55:8D,Hygro,Crofts South West Field,56.57950324451966,-2.7063292005198787,67b40460005b05f0206a104400f5,33.42,11.2,91.0,15.2,82.98,4.16,245
2025-04-29 18:52:26.761347+00:00,70B3D57ED004558D,Hygro#55:8D,Hygro,Crofts South West Field,56.57950324451966,-2.7063292005198787,67b30460005b05802095104000f6,33.42,11.2,91.0,14.08,83.41,4.16,246
2025-04-29 19:07:43.532806+00:00,70B3D57ED004558D,Hygro#55:8D,Hygro,Crofts South West Field,56.57950324451966,-2.7063292005198787,67b00460005b052a2097104900f7,33.4,11.2,91.0,13.22,83.43,4.17,247
2025-04-29 19:23:00.277944+00:00,70B3D57ED004558D,Hygro#55:8D,Hygro,Crofts South West Field,56.57950324451966,-2.7063292005198787,67bb0460005b049d208f104600f8,33.45,11.2,91.0,11.81,83.35,4.17,248
2025-04-29 19:38:17.036304+00:00,70B3D57ED004558D,Hygro#55:8D,Hygro,Crofts South West Field,56.57950324451966,-2.7063292005198787,67b40460005b042c2098104400f9,33.42,11.2,91.0,10.68,83.44,4.16,249
2025-04-29 19:53:33.815058+00:00,70B3D57ED004558D,Hygro#55:8D,Hygro,Crofts South West Field,56.57950324451966,-2.7063292005198787,67b60456005b03cf20b6104200fa,33.43,11.1,91.0,9.75,83.74,4.16,250
2025-04-29 20:08:50.587355+00:00,70B3D57ED004558D,Hygro#55:8D,Hygro,Crofts South West Field,56.57950324451966,-2.7063292005198787,67bb0456005b039020bd104400fb,33.45,11.1,91.0,9.12,83.81,4.16,251
2025-04-29 20:24:07.366239+00:00,70B3D57ED004558D,Hygro#55:8D,Hygro,Crofts South West Field,56.57950324451966,-2.7063292005198787,67ae0456005b037320cc104400fc,33.4,11.1,91.0,8.83,83.96,4.16,252
2025-04-29 20:39:24.132811+00:00,70B3D57ED004558D,Hygro#55:8D,Hygro,Crofts South West Field,56.57950324451966,-2.7063292005198787,67ad0456005a037520cb104600fd,33.39,11.1,90.0,8.85,83.95,4.17,253
2025-04-29 21:09:57.681136+00:00,70B3D57ED004558D,Hygro#55:8D,Hygro,Crofts South West Field,56.57950324451966,-2.7063292005198787,67b1044c005c03a320d1104400ff,33.41,11.0,92.0,9.31,84.01,4.16,255
2025-04-29 21:25:14.454206+00:00,70B3D57ED004558D,Hygro#55:8D,Hygro,Crofts South West Field,56.57950324451966,-2.7063292005198787,67b9044c005b039620ad10440000,33.44,11.0,91.0,9.18,83.65,4.16,0
2025-04-29 21:40:31.229073+00:00,70B3D57ED004558D,Hygro#55:8D,Hygro,Crofts South West Field,56.57950324451966,-2.7063292005198787,67bc044c005b039620c710440001,33.45,11.0,91.0,9.18,83.91,4.16,1
2025-04-29 21:55:48.012223+00:00,70B3D57ED004558D,Hygro#55:8D,Hygro,Crofts South West Field,56.57950324451966,-2.7063292005198787,67b20442005c037720d510460002,33.41,10.9,92.0,8.87,84.05,4.17,2
2025-04-29 22:11:04.781755+00:00,70B3D57ED004558D,Hygro#55:8D,Hygro,Crofts South West Field,56.57950324451966,-2.7063292005198787,67b60442005b035820d410460003,33.43,10.9,91.0,8.56,84.04,4.17,3
2025-04-29 22:26:21.560958+00:00,70B3D57ED004558D,Hygro#55:8D,Hygro,Crofts South West Field,56.57950324451966,-2.7063292005198787,67c00442005b034920d810440004,33.47,10.9,91.0,8.41,84.08,4.16,4
2025-04-29 22:41:38.327806+00:00,70B3D57ED004558D,Hygro#55:8D,Hygro,Crofts South West Field,56.57950324451966,-2.7063292005198787,67be0438005b037120df10420005,33.46,10.8,91.0,8.81,84.15,4.16,5
2025-04-29 22:56:55.103438+00:00,70B3D57ED004558D,Hygro#55:8D,Hygro,Crofts South West Field,56.57950324451966,-2.7063292005198787,67b50438005b037720e310420006,33.42,10.8,91.0,8.87,84.19,4.16,6
2025-04-29 23:12:11.877692+00:00,70B3D57ED004558D,Hygro#55:8D,Hygro,Crofts South West Field,56.57950324451966,-2.7063292005198787,67b30438005b03d320d610400007,33.42,10.8,91.0,9.79,84.06,4.16,7
2025-04-29 23:27:28.645917+00:00,70B3D57ED004558D,Hygro#55:8D,Hygro,Crofts South West Field,56.57950324451966,-2.7063292005198787,67bc042e005b040320c910400008,33.45,10.7,91.0,10.27,83.93,4.16,8
2025-04-29 23:58:02.197792+00:00,70B3D57ED004558D,Hygro#55:8D,Hygro,Crofts South West Field,56.57950324451966,-2.7063292005198787,67bc042e005b035620fd1046000a,33.45,10.7,91.0,8.54,84.45,4.17,10
2025-04-30 00:13:18.970426+00:00,70B3D57ED004558D,Hygro#55:8D,Hygro,Crofts South West Field,56.57950324451966,-2.7063292005198787,67be0424005b034f20f71044000b,33.46,10.6,91.0,8.47,84.39,4.16,11
2025-04-30 00:43:52.522918+00:00,70B3D57ED004558D,Hygro#55:8D,Hygro,Crofts South West Field,56.57950324451966,-2.7063292005198787,67bc0424005b035c21021042000d,33.45,10.6,91.0,8.6,84.5,4.16,13
2025-04-30 01:29:42.854198+00:00,70B3D57ED004558D,Hygro#55:8D,Hygro,Crofts South West Field,56.57950324451966,-2.7063292005198787,67b7041a005b0319211410440010,33.43,10.5,91.0,7.93,84.68,4.16,16
2025-04-30 01:44:59.628066+00:00,70B3D57ED004558D,Hygro#55:8D,Hygro,Crofts South West Field,56.57950324451966,-2.7063292005198787,67b6041a005b032c211210460011,33.43,10.5,91.0,8.12,84.66,4.17,17
2025-04-30 03:01:23.504875+00:00,70B3D57ED004558D,Hygro#55:8D,Hygro,Crofts South West Field,56.57950324451966,-2.7063292005198787,67b60410005b030f20ea10420016,33.43,10.4,91.0,7.83,84.26,4.16,22
2025-04-30 03:31:57.057469+00:00,70B3D57ED004558D,Hygro#55:8D,Hygro,Crofts South West Field,56.57950324451966,-2.7063292005198787,67c00406005b029820f510400018,33.47,10.3,91.0,6.64,84.37,4.16,24
2025-04-30 04:02:30.627678+00:00,70B3D57ED004558D,Hygro#55:8D,Hygro,Crofts South West Field,56.57950324451966,-2.7063292005198787,67b60406005b01f621001042001a,33.43,10.3,91.0,5.02,84.48,4.16,26
2025-04-30 04:17:47.404489+00:00,70B3D57ED004558D,Hygro#55:8D,Hygro,Crofts South West Field,56.57950324451966,-2.7063292005198787,67bc03fc005b01e121091042001b,33.45,10.2,91.0,4.81,84.57,4.16,27
2025-04-30 04:33:04.183759+00:00,70B3D57ED004558D,Hygro#55:8D,Hygro,Crofts South West Field,56.57950324451966,-2.7063292005198787,67b703fc005b01dd21161040001c,33.43,10.2,91.0,4.77,84.7,4.16,28
2025-04-30 04:48:20.966624+00:00,70B3D57ED004558D,Hygro#55:8D,Hygro,Crofts South West Field,56.57950324451966,-2.7063292005198787,67c003fc005a01e520f61040001d,33.47,10.2,90.0,4.85,84.38,4.16,29
2025-04-30 05:18:54.545314+00:00,70B3D57ED004558D,Hygro#55:8D,Hygro,Crofts South West Field,56.57950324451966,-2.7063292005198787,67bd03f2005a029020fc1042001f,33.45,10.1,90.0,6.56,84.44,4.16,31
2025-04-30 05:34:11.333927+00:00,70B3D57ED004558D,Hygro#55:8D,Hygro,Crofts South West Field,56.57950324451966,-2.7063292005198787,67bf03f2005a02ce20cd103e0020,33.46,10.1,90.0,7.18,83.97,4.16,32
2025-04-30 05:49:28.100884+00:00,70B3D57ED004558D,Hygro#55:8D,Hygro,Crofts South West Field,56.57950324451966,-2.7063292005198787,67b603f2005a034120ef10420021,33.43,10.1,90.0,8.33,84.31,4.16,33
2025-04-30 06:04:44.862718+00:00,70B3D57ED004558D,Hygro#55:8D,Hygro,Crofts South West Field,56.57950324451966,-2.7063292005198787,67bd03f2005b040d211d103e0022,33.45,10.1,91.0,10.37,84.77,4.16,34
2025-04-30 06:20:01.643379+00:00,70B3D57ED004558D,Hygro#55:8D,Hygro,Crofts South West Field,56.57950324451966,-2.7063292005198787,67bd03e8005a0480216b103b0023,33.45,10.0,90.0,11.52,85.55,4.16,35
2025-04-30 06:35:18.392576+00:00,70B3D57ED004558D,Hygro#55:8D,Hygro,Crofts South West Field,56.57950324451966,-2.7063292005198787,67b903e8005a04d7222e103e0024,33.44,10.0,90.0,12.39,87.5,4.16,36
2025-04-30 07:05:51.897658+00:00,70B3D57ED004558D,Hygro#55:8D,Hygro,Crofts South West Field,56.57950324451966,-2.7063292005198787,67b603e8005a061222a1103b0026,33.43,10.0,90.0,15.54,88.65,4.16,38
2025-04-30 07:21:08.655574+00:00,70B3D57ED004558D,Hygro#55:8D,Hygro,Crofts South West Field,56.57950324451966,-2.7063292005198787,67b703e8005a0610228b103b0027,33.43,10.0,90.0,15.52,88.43,4.16,39
2025-04-30 08:22:15.647709+00:00,70B3D57ED004558D,Hygro#55:8D,Hygro,Crofts South West Field,56.57950324451966,-2.7063292005198787,67b403e8005a072722141049002b,33.42,10.0,90.0,18.31,87.24,4.17,43
2025-04-30 09:23:22.603449+00:00,70B3D57ED004558D,Hygro#55:8D,Hygro,Crofts South West Field,56.57950324451966,-2.7063292005198787,67b303e800590889214f1046002f,33.42,10.0,89.0,21.85,85.27,4.17,47
2025-04-30 09:53:56.090281+00:00,70B3D57ED004558D,Hygro#55:8D,Hygro,Crofts South West Field,56.57950324451966,-2.7063292005198787,67b003f2005a089321c310490031,33.4,10.1,90.0,21.95,86.43,4.17,49
2025-04-30 10:09:12.826842+00:00,70B3D57ED004558D,Hygro#55:8D,Hygro,Crofts South West Field,56.57950324451966,-2.7063292005198787,67a603f2005a0a7d210810460032,33.37,10.1,90.0,26.85,84.56,4.17,50
2025-04-30 10:24:29.554732+00:00,70B3D57ED004558D,Hygro#55:8D,Hygro,Crofts South West Field,56.57950324451966,-2.7063292005198787,67a203fc005a0a9820fe10490033,33.35,10.2,90.0,27.12,84.46,4.17,51
2025-04-30 10:39:46.316889+00:00,70B3D57ED004558D,Hygro#55:8D,Hygro,Crofts South West Field,56.57950324451966,-2.7063292005198787,679e03fc00590a49212d10460034,33.33,10.2,89.0,26.33,84.93,4.17,52
2025-04-30 10:55:03.042303+00:00,70B3D57ED004558D,Hygro#55:8D,Hygro,Crofts South West Field,56.57950324451966,-2.7063292005198787,67a10406005a0ae9212610440035,33.35,10.3,90.0,27.93,84.86,4.16,53
2025-04-30 11:10:19.777730+00:00,70B3D57ED004558D,Hygro#55:8D,Hygro,Crofts South West Field,56.57950324451966,-2.7063292005198787,678e040600590ae3211610420036,33.27,10.3,89.0,27.87,84.7,4.16,54
2025-04-30 11:25:36.505386+00:00,70B3D57ED004558D,Hygro#55:8D,Hygro,Crofts South West Field,56.57950324451966,-2.7063292005198787,678e0410005a0b7f214210490037,33.27,10.4,90.0,29.43,85.14,4.17,55
2025-04-30 11:40:53.238325+00:00,70B3D57ED004558D,Hygro#55:8D,Hygro,Crofts South West Field,56.57950324451966,-2.7063292005198787,678e0410005a0bc4211910440038,33.27,10.4,90.0,30.12,84.73,4.16,56
2025-04-30 11:56:09.968941+00:00,70B3D57ED004558D,Hygro#55:8D,Hygro,Crofts South West Field,56.57950324451966,-2.7063292005198787,6787041a005a0ba1213410490039,33.25,10.5,90.0,29.77,85.0,4.17,57
2025-04-30 12:11:26.708462+00:00,70B3D57ED004558D,Hygro#55:8D,Hygro,Crofts South West Field,56.57950324451966,-2.7063292005198787,677b042400590bba20ed1049003a,33.2,10.6,89.0,30.02,84.29,4.17,58
2025-04-30 12:26:43.453881+00:00,70B3D57ED004558D,Hygro#55:8D,Hygro,Crofts South West Field,56.57950324451966,-2.7063292005198787,677f042400590c6020df1046003b,33.21,10.6,89.0,31.68,84.15,4.17,59
2025-04-30 12:42:00.184278+00:00,70B3D57ED004558D,Hygro#55:8D,Hygro,Crofts South West Field,56.57950324451966,-2.7063292005198787,676b042e00590c9f20a61046003c,33.14,10.7,89.0,32.31,83.58,4.17,60
2025-04-30 12:57:16.921900+00:00,70B3D57ED004558D,Hygro#55:8D,Hygro,Crofts South West Field,56.57950324451966,-2.7063292005198787,67690438005a0bbe20a01046003d,33.13,10.8,90.0,30.06,83.52,4.17,61
2025-04-30 13:12:33.663123+00:00,70B3D57ED004558D,Hygro#55:8D,Hygro,Crofts South West Field,56.57950324451966,-2.7063292005198787,6764043800590b0d20b31049003e,33.11,10.8,89.0,28.29,83.71,4.17,62
2025-04-30 13:43:07.145272+00:00,70B3D57ED004558D,Hygro#55:8D,Hygro,Crofts South West Field,56.57950324451966,-2.7063292005198787,675d044c00590ac0209010460040,33.08,11.0,89.0,27.52,83.36,4.17,64
2025-04-30 13:58:23.889771+00:00,70B3D57ED004558D,Hygro#55:8D,Hygro,Crofts South West Field,56.57950324451966,-2.7063292005198787,675f044c00580abe208a10460041,33.09,11.0,88.0,27.5,83.3,4.17,65
2025-04-30 14:13:40.630408+00:00,70B3D57ED004558D,Hygro#55:8D,Hygro,Crofts South West Field,56.57950324451966,-2.7063292005198787,6747045600580afa207910460042,33.0,11.1,88.0,28.1,83.13,4.17,66
2025-04-30 14:28:57.385155+00:00,70B3D57ED004558D,Hygro#55:8D,Hygro,Crofts South West Field,56.57950324451966,-2.7063292005198787,6743046000590aad206610490043,32.98,11.2,89.0,27.33,82.94,4.17,67
2025-04-30 14:44:14.114448+00:00,70B3D57ED004558D,Hygro#55:8D,Hygro,Crofts South West Field,56.57950324451966,-2.7063292005198787,673e046000590a75205c10440044,32.96,11.2,89.0,26.77,82.84,4.16,68
2025-04-30 14:59:30.856645+00:00,70B3D57ED004558D,Hygro#55:8D,Hygro,Crofts South West Field,56.57950324451966,-2.7063292005198787,6736046a00590a41205110490045,32.93,11.3,89.0,26.25,82.73,4.17,69
2025-04-30 15:14:47.606037+00:00,70B3D57ED004558D,Hygro#55:8D,Hygro,Crofts South West Field,56.57950324451966,-2.7063292005198787,6740046a005809f6204210460046,32.97,11.3,88.0,25.5,82.58,4.17,70
2025-04-30 15:30:04.348919+00:00,70B3D57ED004558D,Hygro#55:8D,Hygro,Crofts South West Field,56.57950324451966,-2.7063292005198787,672f0474005809b1203d10460047,32.9,11.4,88.0,24.81,82.53,4.17,71
2025-04-30 15:45:21.085061+00:00,70B3D57ED004558D,Hygro#55:8D,Hygro,Crofts South West Field,56.57950324451966,-2.7063292005198787,67280474005908e3205210440048,32.88,11.4,89.0,22.75,82.74,4.16,72
2025-04-30 16:00:37.835687+00:00,70B3D57ED004558D,Hygro#55:8D,Hygro,Crofts South West Field,56.57950324451966,-2.7063292005198787,6726047e005908ae201210440049,32.87,11.5,89.0,22.22,82.1,4.16,73
2025-04-30 16:15:54.584476+00:00,70B3D57ED004558D,Hygro#55:8D,Hygro,Crofts South West Field,56.57950324451966,-2.7063292005198787,6729047e005808141f7d1046004a,32.88,11.5,88.0,20.68,80.61,4.17,74
2025-04-30 16:31:11.369541+00:00,70B3D57ED004558D,Hygro#55:8D,Hygro,Crofts South West Field,56.57950324451966,-2.7063292005198787,6727047e005807d61f161044004b,32.87,11.5,88.0,20.06,79.58,4.16,75
2025-04-30 16:46:28.092804+00:00,70B3D57ED004558D,Hygro#55:8D,Hygro,Crofts South West Field,56.57950324451966,-2.7063292005198787,6724047e005707b21ecf1046004c,32.86,11.5,87.0,19.7,78.87,4.17,76
2025-04-30 17:01:44.853876+00:00,70B3D57ED004558D,Hygro#55:8D,Hygro,Crofts South West Field,56.57950324451966,-2.7063292005198787,672304880058077e1ec01049004d,32.86,11.6,88.0,19.18,78.72,4.17,77
2025-04-30 17:17:01.585939+00:00,70B3D57ED004558D,Hygro#55:8D,Hygro,Crofts South West Field,56.57950324451966,-2.7063292005198787,67200488005807141ef71044004e,32.85,11.6,88.0,18.12,79.27,4.16,78
2025-04-30 17:32:18.334505+00:00,70B3D57ED004558D,Hygro#55:8D,Hygro,Crofts South West Field,56.57950324451966,-2.7063292005198787,67230488005806e81e991046004f,32.86,11.6,88.0,17.68,78.33,4.17,79
2025-04-30 17:47:35.082362+00:00,70B3D57ED004558D,Hygro#55:8D,Hygro,Crofts South West Field,56.57950324451966,-2.7063292005198787,67170488005806841e7510420050,32.81,11.6,88.0,16.68,77.97,4.16,80
2025-04-30 18:02:51.841744+00:00,70B3D57ED004558D,Hygro#55:8D,Hygro,Crofts South West Field,56.57950324451966,-2.7063292005198787,671904880058065f1e4110440051,32.82,11.6,88.0,16.31,77.45,4.16,81
2025-04-30 18:18:08.586248+00:00,70B3D57ED004558D,Hygro#55:8D,Hygro,Crofts South West Field,56.57950324451966,-2.7063292005198787,67140488005906011e0d10490052,32.8,11.6,89.0,15.37,76.93,4.17,82
2025-04-30 18:33:25.345775+00:00,70B3D57ED004558D,Hygro#55:8D,Hygro,Crofts South West Field,56.57950324451966,-2.7063292005198787,67130488005805751e5010460053,32.8,11.6,88.0,13.97,77.6,4.17,83
2025-04-30 18:48:42.099405+00:00,70B3D57ED004558D,Hygro#55:8D,Hygro,Crofts South West Field,56.57950324451966,-2.7063292005198787,67150488005805391eec10460054,32.8,11.6,88.0,13.37,79.16,4.17,84
2025-04-30 19:03:58.866189+00:00,70B3D57ED004558D,Hygro#55:8D,Hygro,Crofts South West Field,56.57950324451966,-2.7063292005198787,6713047e00580507202610460055,32.8,11.5,88.0,12.87,82.3,4.17,85
2025-04-30 19:19:15.630283+00:00,70B3D57ED004558D,Hygro#55:8D,Hygro,Crofts South West Field,56.57950324451966,-2.7063292005198787,6710047e005804fb1f77104d0056,32.78,11.5,88.0,12.75,80.55,4.17,86
2025-04-30 19:34:32.393339+00:00,70B3D57ED004558D,Hygro#55:8D,Hygro,Crofts South West Field,56.57950324451966,-2.7063292005198787,6713047e0058048a1f7210460057,32.8,11.5,88.0,11.62,80.5,4.17,87
2025-04-30 19:49:49.160442+00:00,70B3D57ED004558D,Hygro#55:8D,Hygro,Crofts South West Field,56.57950324451966,-2.7063292005198787,6715047e0058045a1fc410460058,32.8,11.5,88.0,11.14,81.32,4.17,88
2025-04-30 20:05:05.926240+00:00,70B3D57ED004558D,Hygro#55:8D,Hygro,Crofts South West Field,56.57950324451966,-2.7063292005198787,6717047e005803d31fcd10490059,32.81,11.5,88.0,9.79,81.41,4.17,89
2025-04-30 20:35:39.477904+00:00,70B3D57ED004558D,Hygro#55:8D,Hygro,Crofts South West Field,56.57950324451966,-2.7063292005198787,670e04740058032c20041046005b,32.78,11.4,88.0,8.12,81.96,4.17,91
2025-04-30 20:50:56.264998+00:00,70B3D57ED004558D,Hygro#55:8D,Hygro,Crofts South West Field,56.57950324451966,-2.7063292005198787,6711047400580324200a1046005c,32.79,11.4,88.0,8.04,82.02,4.17,92
2025-04-30 21:06:13.033036+00:00,70B3D57ED004558D,Hygro#55:8D,Hygro,Crofts South West Field,56.57950324451966,-2.7063292005198787,671504740059034320071044005d,32.8,11.4,89.0,8.35,81.99,4.16,93
2025-04-30 21:21:29.812977+00:00,70B3D57ED004558D,Hygro#55:8D,Hygro,Crofts South West Field,56.57950324451966,-2.7063292005198787,670f046a0058033d1ff81046005e,32.78,11.3,88.0,8.29,81.84,4.17,94
2025-04-30 21:36:46.585626+00:00,70B3D57ED004558D,Hygro#55:8D,Hygro,Crofts South West Field,56.57950324451966,-2.7063292005198787,670d046a005802fc1ff91044005f,32.77,11.3,88.0,7.64,81.85,4.16,95
2025-04-30 21:52:03.364535+00:00,70B3D57ED004558D,Hygro#55:8D,Hygro,Crofts South West Field,56.57950324451966,-2.7063292005198787,6715046a005802fa201510460060,32.8,11.3,88.0,7.62,82.13,4.17,96
2025-04-30 22:07:20.136357+00:00,70B3D57ED004558D,Hygro#55:8D,Hygro,Crofts South West Field,56.57950324451966,-2.7063292005198787,6716046000590364202010440061,32.81,11.2,89.0,8.68,82.24,4.16,97
2025-04-30 22:22:36.910714+00:00,70B3D57ED004558D,Hygro#55:8D,Hygro,Crofts South West Field,56.57950324451966,-2.7063292005198787,671a0460005803e1200510460062,32.82,11.2,88.0,9.93,81.97,4.17,98
2025-04-30 22:37:53.681985+00:00,70B3D57ED004558D,Hygro#55:8D,Hygro,Crofts South West Field,56.57950324451966,-2.7063292005198787,67100460005804171fee10460063,32.78,11.2,88.0,10.47,81.74,4.17,99
2025-04-30 22:53:10.464813+00:00,70B3D57ED004558D,Hygro#55:8D,Hygro,Crofts South West Field,56.57950324451966,-2.7063292005198787,6716045600580433201810440064,32.81,11.1,88.0,10.75,82.16,4.16,100
2025-04-30 23:08:27.220469+00:00,70B3D57ED004558D,Hygro#55:8D,Hygro,Crofts South West Field,56.57950324451966,-2.7063292005198787,671304560058046f201210460065,32.8,11.1,88.0,11.35,82.1,4.17,101
2025-04-30 23:23:43.992592+00:00,70B3D57ED004558D,Hygro#55:8D,Hygro,Crofts South West Field,56.57950324451966,-2.7063292005198787,6710045600590433202310440066,32.78,11.1,89.0,10.75,82.27,4.16,102
2025-04-30 23:54:17.541134+00:00,70B3D57ED004558D,Hygro#55:8D,Hygro,Crofts South West Field,56.57950324451966,-2.7063292005198787,670b044c00590433203e10440068,32.76,11.0,89.0,10.75,82.54,4.16,104
2025-05-01 00:09:34.310685+00:00,70B3D57ED004558D,Hygro#55:8D,Hygro,Crofts South West Field,56.57950324451966,-2.7063292005198787,6712044c005903ee203210420069,32.79,11.0,89.0,10.06,82.42,4.16,105
2025-05-01 00:24:51.073192+00:00,70B3D57ED004558D,Hygro#55:8D,Hygro,Crofts South West Field,56.57950324451966,-2.7063292005198787,67130442005903a3204e1046006a,32.8,10.9,89.0,9.31,82.7,4.17,106
2025-05-01 00:55:24.622799+00:00,70B3D57ED004558D,Hygro#55:8D,Hygro,Crofts South West Field,56.57950324451966,-2.7063292005198787,67170442005803f4204e1046006c,32.81,10.9,88.0,10.12,82.7,4.17,108
2025-05-01 01:25:58.167684+00:00,70B3D57ED004558D,Hygro#55:8D,Hygro,Crofts South West Field,56.57950324451966,-2.7063292005198787,6712043a005903ea204f1042006e,32.79,10.82,89.0,10.02,82.71,4.16,110
2025-05-01 01:41:14.944033+00:00,70B3D57ED004558D,Hygro#55:8D,Hygro,Crofts South West Field,56.57950324451966,-2.7063292005198787,671004380058040b20591042006f,32.78,10.8,88.0,10.35,82.81,4.16,111
2025-05-01 01:56:31.713934+00:00,70B3D57ED004558D,Hygro#55:8D,Hygro,Crofts South West Field,56.57950324451966,-2.7063292005198787,67160438005903f0205910440070,32.81,10.8,89.0,10.08,82.81,4.16,112
2025-05-01 02:27:05.256493+00:00,70B3D57ED004558D,Hygro#55:8D,Hygro,Crofts South West Field,56.57950324451966,-2.7063292005198787,6715043800580454203b10400072,32.8,10.8,88.0,11.08,82.51,4.16,114
2025-05-01 02:42:22.023362+00:00,70B3D57ED004558D,Hygro#55:8D,Hygro,Crofts South West Field,56.57950324451966,-2.7063292005198787,670e042e0058044c204110420073,32.78,10.7,88.0,11.0,82.57,4.16,115
2025-05-01 03:12:55.562224+00:00,70B3D57ED004558D,Hygro#55:8D,Hygro,Crofts South West Field,56.57950324451966,-2.7063292005198787,6719042e005803f0206210440075,32.82,10.7,88.0,10.08,82.9,4.16,117
2025-05-01 03:28:12.333720+00:00,70B3D57ED004558D,Hygro#55:8D,Hygro,Crofts South West Field,56.57950324451966,-2.7063292005198787,671b042e005a0405206810420076,32.83,10.7,90.0,10.29,82.96,4.16,118
2025-05-01 03:43:29.100689+00:00,70B3D57ED004558D,Hygro#55:8D,Hygro,Crofts South West Field,56.57950324451966,-2.7063292005198787,6718042e00580413206710400077,32.81,10.7,88.0,10.43,82.95,4.16,119
2025-05-01 03:58:45.874044+00:00,70B3D57ED004558D,Hygro#55:8D,Hygro,Crofts South West Field,56.57950324451966,-2.7063292005198787,67130424005803df205910440078,32.8,10.6,88.0,9.91,82.81,4.16,120
2025-05-01 04:59:52.955715+00:00,70B3D57ED004558D,Hygro#55:8D,Hygro,Crofts South West Field,56.57950324451966,-2.7063292005198787,670804240058044c209a1040007c,32.75,10.6,88.0,11.0,83.46,4.16,124
2025-05-01 05:30:26.476769+00:00,70B3D57ED004558D,Hygro#55:8D,Hygro,Crofts South West Field,56.57950324451966,-2.7063292005198787,67130424005804cd204c1042007e,32.8,10.6,88.0,12.29,82.68,4.16,126
2025-05-01 05:45:43.238702+00:00,70B3D57ED004558D,Hygro#55:8D,Hygro,Crofts South West Field,56.57950324451966,-2.7063292005198787,6715041a0059049020cb1040007f,32.8,10.5,89.0,11.68,83.95,4.16,127
2025-05-01 06:01:00.010986+00:00,70B3D57ED004558D,Hygro#55:8D,Hygro,Crofts South West Field,56.57950324451966,-2.7063292005198787,670f041a005804c620e310400080,32.78,10.5,88.0,12.22,84.19,4.16,128
2025-05-01 06:16:16.775029+00:00,70B3D57ED004558D,Hygro#55:8D,Hygro,Crofts South West Field,56.57950324451966,-2.7063292005198787,6714041a0058051a20bf10420081,32.8,10.5,88.0,13.06,83.83,4.16,129
2025-05-01 06:31:33.531644+00:00,70B3D57ED004558D,Hygro#55:8D,Hygro,Crofts South West Field,56.57950324451966,-2.7063292005198787,670a041a0058052d20a110420082,32.76,10.5,88.0,13.25,83.53,4.16,130
2025-05-01 06:46:50.287214+00:00,70B3D57ED004558D,Hygro#55:8D,Hygro,Crofts South West Field,56.57950324451966,-2.7063292005198787,6713041a005804e620d710420083,32.8,10.5,88.0,12.54,84.07,4.16,131
2025-05-01 07:02:07.052451+00:00,70B3D57ED004558D,Hygro#55:8D,Hygro,Crofts South West Field,56.57950324451966,-2.7063292005198787,6708041a0058050d20f810400084,32.75,10.5,88.0,12.93,84.4,4.16,132
2025-05-01 07:17:23.817805+00:00,70B3D57ED004558D,Hygro#55:8D,Hygro,Crofts South West Field,56.57950324451966,-2.7063292005198787,670a041a0058052d20e410420085,32.76,10.5,88.0,13.25,84.2,4.16,133
2025-05-01 07:32:40.590458+00:00,70B3D57ED004558D,Hygro#55:8D,Hygro,Crofts South West Field,56.57950324451966,-2.7063292005198787,670c041a0059055420e410400086,32.77,10.5,89.0,13.64,84.2,4.16,134
2025-05-01 07:47:57.349615+00:00,70B3D57ED004558D,Hygro#55:8D,Hygro,Crofts South West Field,56.57950324451966,-2.7063292005198787,6705041a0058059d20db103b0087,32.74,10.5,88.0,14.37,84.11,4.16,135
2025-05-01 08:03:14.106278+00:00,70B3D57ED004558D,Hygro#55:8D,Hygro,Crofts South West Field,56.57950324451966,-2.7063292005198787,6704041a005805ee20af10400088,32.74,10.5,88.0,15.18,83.67,4.16,136
2025-05-01 08:18:30.849794+00:00,70B3D57ED004558D,Hygro#55:8D,Hygro,Crofts South West Field,56.57950324451966,-2.7063292005198787,6709041a005805e420b8104b0089,32.76,10.5,88.0,15.08,83.76,4.17,137
2025-05-01 08:33:47.597369+00:00,70B3D57ED004558D,Hygro#55:8D,Hygro,Crofts South West Field,56.57950324451966,-2.7063292005198787,6709041a005705f220f4104d008a,32.76,10.5,87.0,15.22,84.36,4.17,138
2025-05-01 08:49:04.355431+00:00,70B3D57ED004558D,Hygro#55:8D,Hygro,Crofts South West Field,56.57950324451966,-2.7063292005198787,6705041a005706202101104f008b,32.74,10.5,87.0,15.68,84.49,4.17,139
2025-05-01 09:04:21.107413+00:00,70B3D57ED004558D,Hygro#55:8D,Hygro,Crofts South West Field,56.57950324451966,-2.7063292005198787,670a041a0058061821151056008c,32.76,10.5,88.0,15.6,84.69,4.18,140
2025-05-01 09:19:37.862234+00:00,70B3D57ED004558D,Hygro#55:8D,Hygro,Crofts South West Field,56.57950324451966,-2.7063292005198787,670c04240058064c20e41056008d,32.77,10.6,88.0,16.12,84.2,4.18,141
2025-05-01 09:34:54.613164+00:00,70B3D57ED004558D,Hygro#55:8D,Hygro,Crofts South West Field,56.57950324451966,-2.7063292005198787,670504240058068b20e9104d008e,32.74,10.6,88.0,16.75,84.25,4.17,142
2025-05-01 09:50:11.365146+00:00,70B3D57ED004558D,Hygro#55:8D,Hygro,Crofts South West Field,56.57950324451966,-2.7063292005198787,67020424005806fb21051049008f,32.73,10.6,88.0,17.87,84.53,4.17,143
2025-05-01 10:05:28.116185+00:00,70B3D57ED004558D,Hygro#55:8D,Hygro,Crofts South West Field,56.57950324451966,-2.7063292005198787,66f70424005807b720b5104d0090,32.69,10.6,88.0,19.75,83.73,4.17,144
2025-05-01 10:36:01.612784+00:00,70B3D57ED004558D,Hygro#55:8D,Hygro,Crofts South West Field,56.57950324451966,-2.7063292005198787,66f704240057064c215b104d0092,32.69,10.6,87.0,16.12,85.39,4.17,146
2025-05-01 10:51:18.364263+00:00,70B3D57ED004558D,Hygro#55:8D,Hygro,Crofts South West Field,56.57950324451966,-2.7063292005198787,66fb042e0059072721a410490093,32.7,10.7,89.0,18.31,86.12,4.17,147
2025-05-01 11:06:35.122361+00:00,70B3D57ED004558D,Hygro#55:8D,Hygro,Crofts South West Field,56.57950324451966,-2.7063292005198787,66f7042e00580834212710490094,32.69,10.7,88.0,21.0,84.87,4.17,148
2025-05-01 11:37:08.596350+00:00,70B3D57ED004558D,Hygro#55:8D,Hygro,Crofts South West Field,56.57950324451966,-2.7063292005198787,66ef042e0059075f218410460096,32.66,10.7,89.0,18.87,85.8,4.17,150
2025-05-01 12:22:58.826713+00:00,70B3D57ED004558D,Hygro#55:8D,Hygro,Crofts South West Field,56.57950324451966,-2.7063292005198787,66e0043800570a5320e110440099,32.6,10.8,87.0,26.43,84.17,4.16,153
2025-05-01 13:08:49.054969+00:00,70B3D57ED004558D,Hygro#55:8D,Hygro,Crofts South West Field,56.57950324451966,-2.7063292005198787,66de044c005707fb21531046009c,32.59,11.0,87.0,20.43,85.31,4.17,156
2025-05-01 13:24:05.811890+00:00,70B3D57ED004558D,Hygro#55:8D,Hygro,Crofts South West Field,56.57950324451966,-2.7063292005198787,66d7044c0057078720c11046009d,32.56,11.0,87.0,19.27,83.85,4.17,157
2025-05-01 13:39:22.552472+00:00,70B3D57ED004558D,Hygro#55:8D,Hygro,Crofts South West Field,56.57950324451966,-2.7063292005198787,66d204560057074a21181046009e,32.54,11.1,87.0,18.66,84.72,4.17,158
2025-05-01 14:09:56.050909+00:00,70B3D57ED004558D,Hygro#55:8D,Hygro,Crofts South West Field,56.57950324451966,-2.7063292005198787,66c70460005806722104104600a0,32.5,11.2,88.0,16.5,84.52,4.17,160
2025-05-01 14:25:12.804973+00:00,70B3D57ED004558D,Hygro#55:8D,Hygro,Crofts South West Field,56.57950324451966,-2.7063292005198787,66be04600057063d20f6104900a1,32.47,11.2,87.0,15.97,84.38,4.17,161
2025-05-01 14:55:46.305820+00:00,70B3D57ED004558D,Hygro#55:8D,Hygro,Crofts South West Field,56.57950324451966,-2.7063292005198787,66be046a005705ee20a3104600a3,32.47,11.3,87.0,15.18,83.55,4.17,163
2025-05-01 15:11:03.073234+00:00,70B3D57ED004558D,Hygro#55:8D,Hygro,Crofts South West Field,56.57950324451966,-2.7063292005198787,66b9046a005705b82066104000a4,32.45,11.3,87.0,14.64,82.94,4.16,164
2025-05-01 15:56:53.311266+00:00,70B3D57ED004558D,Hygro#55:8D,Hygro,Crofts South West Field,56.57950324451966,-2.7063292005198787,66b4046a0057058c208a104000a7,32.43,11.3,87.0,14.2,83.3,4.16,167
2025-05-01 16:12:10.070304+00:00,70B3D57ED004558D,Hygro#55:8D,Hygro,Crofts South West Field,56.57950324451966,-2.7063292005198787,66be046a0057054e209d104200a8,32.47,11.3,87.0,13.58,83.49,4.16,168
2025-05-01 16:42:43.584771+00:00,70B3D57ED004558D,Hygro#55:8D,Hygro,Crofts South West Field,56.57950324451966,-2.7063292005198787,66ad046a005705782065104200aa,32.4,11.3,87.0,14.0,82.93,4.16,170
2025-05-01 17:43:50.661811+00:00,70B3D57ED004558D,Hygro#55:8D,Hygro,Crofts South West Field,56.57950324451966,-2.7063292005198787,66ae046a0057052a2083104600ae,32.4,11.3,87.0,13.22,83.23,4.17,174
2025-05-01 17:59:07.383040+00:00,70B3D57ED004558D,Hygro#55:8D,Hygro,Crofts South West Field,56.57950324451966,-2.7063292005198787,66a3046a005705521f71104200af,32.36,11.3,87.0,13.62,80.49,4.16,175
2025-05-01 18:14:24.143091+00:00,70B3D57ED004558D,Hygro#55:8D,Hygro,Crofts South West Field,56.57950324451966,-2.7063292005198787,66ab046a005705052054104000b0,32.39,11.3,87.0,12.85,82.76,4.16,176
2025-05-01 18:29:40.904445+00:00,70B3D57ED004558D,Hygro#55:8D,Hygro,Crofts South West Field,56.57950324451966,-2.7063292005198787,66a0046a005604cf1f41104200b1,32.35,11.3,86.0,12.31,80.01,4.16,177
2025-05-01 19:30:47.966330+00:00,70B3D57ED004558D,Hygro#55:8D,Hygro,Crofts South West Field,56.57950324451966,-2.7063292005198787,66a3046a005603b81fb4104000b5,32.36,11.3,86.0,9.52,81.16,4.16,181
2025-05-01 19:46:04.741540+00:00,70B3D57ED004558D,Hygro#55:8D,Hygro,Crofts South West Field,56.57950324451966,-2.7063292005198787,669f04600056037d1ff0104400b6,32.35,11.2,86.0,8.93,81.76,4.16,182
2025-05-01 20:01:21.524127+00:00,70B3D57ED004558D,Hygro#55:8D,Hygro,Crofts South West Field,56.57950324451966,-2.7063292005198787,669f04600056032a1fec104400b7,32.35,11.2,86.0,8.1,81.72,4.16,183
2025-05-01 20:16:38.307977+00:00,70B3D57ED004558D,Hygro#55:8D,Hygro,Crofts South West Field,56.57950324451966,-2.7063292005198787,669e0460005602f01fef104200b8,32.34,11.2,86.0,7.52,81.75,4.16,184
2025-05-01 20:31:55.077446+00:00,70B3D57ED004558D,Hygro#55:8D,Hygro,Crofts South West Field,56.57950324451966,-2.7063292005198787,66ac046000560315200a104400b9,32.4,11.2,86.0,7.89,82.02,4.16,185
2025-05-01 21:02:28.627385+00:00,70B3D57ED004558D,Hygro#55:8D,Hygro,Crofts South West Field,56.57950324451966,-2.7063292005198787,669b045600560336200f104200bb,32.33,11.1,86.0,8.22,82.07,4.16,187
2025-05-01 21:17:45.405343+00:00,70B3D57ED004558D,Hygro#55:8D,Hygro,Crofts South West Field,56.57950324451966,-2.7063292005198787,66a40456005602db1fe4103e00bc,32.36,11.1,86.0,7.31,81.64,4.16,188
2025-05-01 21:48:18.963737+00:00,70B3D57ED004558D,Hygro#55:8D,Hygro,Crofts South West Field,56.57950324451966,-2.7063292005198787,6699044c005702be2013104000be,32.32,11.0,87.0,7.02,82.11,4.16,190
2025-05-01 22:18:52.532171+00:00,70B3D57ED004558D,Hygro#55:8D,Hygro,Crofts South West Field,56.57950324451966,-2.7063292005198787,66a8044c0057021b1fff104200c0,32.38,11.0,87.0,5.39,81.91,4.16,192
2025-05-01 22:34:09.307324+00:00,70B3D57ED004558D,Hygro#55:8D,Hygro,Crofts South West Field,56.57950324451966,-2.7063292005198787,669d0442005602172011104200c1,32.34,10.9,86.0,5.35,82.09,4.16,193
2025-05-01 22:49:26.085225+00:00,70B3D57ED004558D,Hygro#55:8D,Hygro,Crofts South West Field,56.57950324451966,-2.7063292005198787,669e0442005602262003104000c2,32.34,10.9,86.0,5.5,81.95,4.16,194
2025-05-01 23:35:16.445811+00:00,70B3D57ED004558D,Hygro#55:8D,Hygro,Crofts South West Field,56.57950324451966,-2.7063292005198787,66a90438005701fa1fe8104200c5,32.38,10.8,87.0,5.06,81.68,4.16,197
2025-05-01 23:50:33.239335+00:00,70B3D57ED004558D,Hygro#55:8D,Hygro,Crofts South West Field,56.57950324451966,-2.7063292005198787,669e0438005601dd2000104200c6,32.34,10.8,86.0,4.77,81.92,4.16,198
2025-05-02 00:21:06.815931+00:00,70B3D57ED004558D,Hygro#55:8D,Hygro,Crofts South West Field,56.57950324451966,-2.7063292005198787,669e04380056017f1fe4104600c8,32.34,10.8,86.0,3.83,81.64,4.17,200
2025-05-02 00:36:23.609523+00:00,70B3D57ED004558D,Hygro#55:8D,Hygro,Crofts South West Field,56.57950324451966,-2.7063292005198787,66a7042e005601621fdb104200c9,32.38,10.7,86.0,3.54,81.55,4.16,201
2025-05-02 01:37:30.785971+00:00,70B3D57ED004558D,Hygro#55:8D,Hygro,Crofts South West Field,56.57950324451966,-2.7063292005198787,669d0424005600b91fef104000cd,32.34,10.6,86.0,1.85,81.75,4.16,205
2025-05-02 01:52:47.585394+00:00,70B3D57ED004558D,Hygro#55:8D,Hygro,Crofts South West Field,56.57950324451966,-2.7063292005198787,669d0424005601321fe9104200ce,32.34,10.6,86.0,3.06,81.69,4.16,206
2025-05-02 02:08:04.364517+00:00,70B3D57ED004558D,Hygro#55:8D,Hygro,Crofts South West Field,56.57950324451966,-2.7063292005198787,669e041a005701381fd2103e00cf,32.34,10.5,87.0,3.12,81.46,4.16,207
2025-05-02 02:23:21.166794+00:00,70B3D57ED004558D,Hygro#55:8D,Hygro,Crofts South West Field,56.57950324451966,-2.7063292005198787,66a6041a005400b31fb3104000d0,32.37,10.5,84.0,1.79,81.15,4.16,208
2025-05-02 02:38:37.968218+00:00,70B3D57ED004558D,Hygro#55:8D,Hygro,Crofts South West Field,56.57950324451966,-2.7063292005198787,66a00410005600fa1ffb104000d1,32.35,10.4,86.0,2.5,81.87,4.16,209
2025-05-02 02:53:54.758159+00:00,70B3D57ED004558D,Hygro#55:8D,Hygro,Crofts South West Field,56.57950324451966,-2.7063292005198787,66a504100056013e1fe2104000d2,32.37,10.4,86.0,3.18,81.62,4.16,210
2025-05-02 03:39:45.139084+00:00,70B3D57ED004558D,Hygro#55:8D,Hygro,Crofts South West Field,56.57950324451966,-2.7063292005198787,66a504060057009a1fc7104000d5,32.37,10.3,87.0,1.54,81.35,4.16,213
2025-05-02 03:55:01.942245+00:00,70B3D57ED004558D,Hygro#55:8D,Hygro,Crofts South West Field,56.57950324451966,-2.7063292005198787,66af0406005600e32015103e00d6,32.41,10.3,86.0,2.27,82.13,4.16,214
2025-05-02 04:10:18.738036+00:00,70B3D57ED004558D,Hygro#55:8D,Hygro,Crofts South West Field,56.57950324451966,-2.7063292005198787,66ab03fc005700c81fdd103e00d7,32.39,10.2,87.0,2.0,81.57,4.16,215
2025-05-02 04:25:35.537456+00:00,70B3D57ED004558D,Hygro#55:8D,Hygro,Crofts South West Field,56.57950324451966,-2.7063292005198787,66af03fc005700571fe7104000d8,32.41,10.2,87.0,0.87,81.67,4.16,216
2025-05-02 04:40:52.333633+00:00,70B3D57ED004558D,Hygro#55:8D,Hygro,Crofts South West Field,56.57950324451966,-2.7063292005198787,66ae03fc005600961ffa103e00d9,32.4,10.2,86.0,1.5,81.86,4.16,217
2025-05-02 04:56:09.126815+00:00,70B3D57ED004558D,Hygro#55:8D,Hygro,Crofts South West Field,56.57950324451966,-2.7063292005198787,66b003f2005600d0200c104000da,32.41,10.1,86.0,2.08,82.04,4.16,218
2025-05-02 05:11:25.926949+00:00,70B3D57ED004558D,Hygro#55:8D,Hygro,Crofts South West Field,56.57950324451966,-2.7063292005198787,66b103f2005601942071103e00db,32.42,10.1,86.0,4.04,83.05,4.16,219
2025-05-02 05:26:42.709125+00:00,70B3D57ED004558D,Hygro#55:8D,Hygro,Crofts South West Field,56.57950324451966,-2.7063292005198787,66a303f20056020620b0103e00dc,32.36,10.1,86.0,5.18,83.68,4.16,220
2025-05-02 05:41:59.490495+00:00,70B3D57ED004558D,Hygro#55:8D,Hygro,Crofts South West Field,56.57950324451966,-2.7063292005198787,66a903e800570290211c103b00dd,32.38,10.0,87.0,6.56,84.76,4.16,221
2025-05-02 05:57:16.253062+00:00,70B3D57ED004558D,Hygro#55:8D,Hygro,Crofts South West Field,56.57950324451966,-2.7063292005198787,66b303e8005703132150103e00de,32.42,10.0,87.0,7.87,85.28,4.16,222
2025-05-02 06:12:33.020598+00:00,70B3D57ED004558D,Hygro#55:8D,Hygro,Crofts South West Field,56.57950324451966,-2.7063292005198787,66b003e80056036d2192103900df,32.41,10.0,86.0,8.77,85.94,4.15,223
2025-05-02 06:27:49.784605+00:00,70B3D57ED004558D,Hygro#55:8D,Hygro,Crofts South West Field,56.57950324451966,-2.7063292005198787,66a703dd005603bc21c0103b00e0,32.38,9.89,86.0,9.56,86.4,4.16,224
2025-05-02 06:43:06.545515+00:00,70B3D57ED004558D,Hygro#55:8D,Hygro,Crofts South West Field,56.57950324451966,-2.7063292005198787,66ae03dd00550401221a103e00e1,32.4,9.89,85.0,10.25,87.3,4.16,225
2025-05-02 06:58:23.303202+00:00,70B3D57ED004558D,Hygro#55:8D,Hygro,Crofts South West Field,56.57950324451966,-2.7063292005198787,66ae03dd0056042a2241103b00e2,32.4,9.89,86.0,10.66,87.69,4.16,226
2025-05-02 07:13:40.061454+00:00,70B3D57ED004558D,Hygro#55:8D,Hygro,Crofts South West Field,56.57950324451966,-2.7063292005198787,66b503dd0056045e222b103b00e3,32.43,9.89,86.0,11.18,87.47,4.16,227
2025-05-02 07:28:56.821549+00:00,70B3D57ED004558D,Hygro#55:8D,Hygro,Crofts South West Field,56.57950324451966,-2.7063292005198787,66a903dd005604672209103900e4,32.38,9.89,86.0,11.27,87.13,4.15,228
2025-05-02 07:44:13.584874+00:00,70B3D57ED004558D,Hygro#55:8D,Hygro,Crofts South West Field,56.57950324451966,-2.7063292005198787,66a603d4005604b02204103b00e5,32.37,9.8,86.0,12.0,87.08,4.16,229
2025-05-02 07:59:30.338511+00:00,70B3D57ED004558D,Hygro#55:8D,Hygro,Crofts South West Field,56.57950324451966,-2.7063292005198787,66a603d4005604ba21c4103700e6,32.37,9.8,86.0,12.1,86.44,4.15,230
2025-05-02 08:14:47.092426+00:00,70B3D57ED004558D,Hygro#55:8D,Hygro,Crofts South West Field,56.57950324451966,-2.7063292005198787,66a703d40056056121c0104600e7,32.38,9.8,86.0,13.77,86.4,4.17,231
2025-05-02 08:30:03.836076+00:00,70B3D57ED004558D,Hygro#55:8D,Hygro,Crofts South West Field,56.57950324451966,-2.7063292005198787,66a903d4005605cb2100104f00e8,32.38,9.8,86.0,14.83,84.48,4.17,232
2025-05-02 09:15:54.085049+00:00,70B3D57ED004558D,Hygro#55:8D,Hygro,Crofts South West Field,56.57950324451966,-2.7063292005198787,66a403dd005605482172105400eb,32.36,9.89,86.0,13.52,85.62,4.18,235
2025-05-02 09:31:10.839576+00:00,70B3D57ED004558D,Hygro#55:8D,Hygro,Crofts South West Field,56.57950324451966,-2.7063292005198787,669603dd0056058c2179104d00ec,32.31,9.89,86.0,14.2,85.69,4.17,236
2025-05-02 10:01:44.349965+00:00,70B3D57ED004558D,Hygro#55:8D,Hygro,Crofts South West Field,56.57950324451966,-2.7063292005198787,669a03e80057069d20e5104600ee,32.33,10.0,87.0,16.93,84.21,4.17,238
2025-05-02 10:17:01.092249+00:00,70B3D57ED004558D,Hygro#55:8D,Hygro,Crofts South West Field,56.57950324451966,-2.7063292005198787,669703e800560723208b104600ef,32.31,10.0,86.0,18.27,83.31,4.17,239
2025-05-02 10:32:17.828540+00:00,70B3D57ED004558D,Hygro#55:8D,Hygro,Crofts South West Field,56.57950324451966,-2.7063292005198787,669603e80055074220ab104900f0,32.31,10.0,85.0,18.58,83.63,4.17,240
2025-05-02 11:02:51.311956+00:00,70B3D57ED004558D,Hygro#55:8D,Hygro,Crofts South West Field,56.57950324451966,-2.7063292005198787,668803f2005507a82113104600f2,32.26,10.1,85.0,19.6,84.67,4.17,242
2025-05-02 11:33:24.798068+00:00,70B3D57ED004558D,Hygro#55:8D,Hygro,Crofts South West Field,56.57950324451966,-2.7063292005198787,667903fc005606a42151104600f4,32.2,10.2,86.0,17.0,85.29,4.17,244
2025-05-02 11:48:41.560696+00:00,70B3D57ED004558D,Hygro#55:8D,Hygro,Crofts South West Field,56.57950324451966,-2.7063292005198787,667803fc0055060e2105104600f5,32.19,10.2,85.0,15.5,84.53,4.17,245
2025-05-02 12:03:58.307582+00:00,70B3D57ED004558D,Hygro#55:8D,Hygro,Crofts South West Field,56.57950324451966,-2.7063292005198787,667404060055064220df104900f6,32.18,10.3,85.0,16.02,84.15,4.17,246
2025-05-02 12:19:15.073459+00:00,70B3D57ED004558D,Hygro#55:8D,Hygro,Crofts South West Field,56.57950324451966,-2.7063292005198787,667904060055053f2080104400f7,32.2,10.3,85.0,13.43,83.2,4.16,247
2025-05-02 12:34:31.863549+00:00,70B3D57ED004558D,Hygro#55:8D,Hygro,Crofts South West Field,56.57950324451966,-2.7063292005198787,66760410005505c520e9104600f8,32.19,10.4,85.0,14.77,84.25,4.17,248
2025-05-02 12:49:48.596928+00:00,70B3D57ED004558D,Hygro#55:8D,Hygro,Crofts South West Field,56.57950324451966,-2.7063292005198787,66770410005605882061104900f9,32.19,10.4,86.0,14.16,82.89,4.17,249
2025-05-02 13:05:05.351068+00:00,70B3D57ED004558D,Hygro#55:8D,Hygro,Crofts South West Field,56.57950324451966,-2.7063292005198787,666904100055068d20de104400fa,32.14,10.4,85.0,16.77,84.14,4.16,250
2025-05-02 13:20:22.106471+00:00,70B3D57ED004558D,Hygro#55:8D,Hygro,Crofts South West Field,56.57950324451966,-2.7063292005198787,666c041a005507912036104600fb,32.15,10.5,85.0,19.37,82.46,4.17,251
2025-05-02 13:50:55.613963+00:00,70B3D57ED004558D,Hygro#55:8D,Hygro,Crofts South West Field,56.57950324451966,-2.7063292005198787,6660041a005506612064104400fd,32.1,10.5,85.0,16.33,82.92,4.16,253
2025-05-02 14:52:02.618142+00:00,70B3D57ED004558D,Hygro#55:8D,Hygro,Crofts South West Field,56.57950324451966,-2.7063292005198787,6651042400550851200410420001,32.04,10.6,85.0,21.29,81.96,4.16,1
2025-05-02 15:07:19.353801+00:00,70B3D57ED004558D,Hygro#55:8D,Hygro,Crofts South West Field,56.57950324451966,-2.7063292005198787,664e042e00550863204510440002,32.03,10.7,85.0,21.47,82.61,4.16,2
2025-05-02 15:22:36.108195+00:00,70B3D57ED004558D,Hygro#55:8D,Hygro,Crofts South West Field,56.57950324451966,-2.7063292005198787,6646042e0055068d205110490003,32.0,10.7,85.0,16.77,82.73,4.17,3
2025-05-02 16:38:59.863065+00:00,70B3D57ED004558D,Hygro#55:8D,Hygro,Crofts South West Field,56.57950324451966,-2.7063292005198787,663504420056059d203210440008,31.93,10.9,86.0,14.37,82.42,4.16,8
2025-05-02 18:10:40.391005+00:00,70B3D57ED004558D,Hygro#55:8D,Hygro,Crofts South West Field,56.57950324451966,-2.7063292005198787,66330442005405481ef51044000e,31.93,10.9,84.0,13.52,79.25,4.16,14
2025-05-02 18:25:57.139600+00:00,70B3D57ED004558D,Hygro#55:8D,Hygro,Crofts South West Field,56.57950324451966,-2.7063292005198787,662b04420054050f1e971044000f,31.9,10.9,84.0,12.95,78.31,4.16,15
2025-05-02 18:41:13.889662+00:00,70B3D57ED004558D,Hygro#55:8D,Hygro,Crofts South West Field,56.57950324451966,-2.7063292005198787,662e0442005404d51e9510420010,31.91,10.9,84.0,12.37,78.29,4.16,16
2025-05-02 18:56:30.645910+00:00,70B3D57ED004558D,Hygro#55:8D,Hygro,Crofts South West Field,56.57950324451966,-2.7063292005198787,662a0442005404711ec810460011,31.89,10.9,84.0,11.37,78.8,4.17,17
2025-05-02 19:11:47.408195+00:00,70B3D57ED004558D,Hygro#55:8D,Hygro,Crofts South West Field,56.57950324451966,-2.7063292005198787,662b0442005404241f7010440012,31.9,10.9,84.0,10.6,80.48,4.16,18
2025-05-02 19:27:04.172306+00:00,70B3D57ED004558D,Hygro#55:8D,Hygro,Crofts South West Field,56.57950324451966,-2.7063292005198787,662d0442005403fe1efd10460013,31.9,10.9,84.0,10.22,79.33,4.17,19
2025-05-02 19:42:20.955844+00:00,70B3D57ED004558D,Hygro#55:8D,Hygro,Crofts South West Field,56.57950324451966,-2.7063292005198787,66250442005403bc1f3110440014,31.87,10.9,84.0,9.56,79.85,4.16,20
2025-05-02 19:57:37.698094+00:00,70B3D57ED004558D,Hygro#55:8D,Hygro,Crofts South West Field,56.57950324451966,-2.7063292005198787,662a04420054036b1f4c10420015,31.89,10.9,84.0,8.75,80.12,4.16,21
2025-05-02 20:12:54.471173+00:00,70B3D57ED004558D,Hygro#55:8D,Hygro,Crofts South West Field,56.57950324451966,-2.7063292005198787,66220442005503221f7010460016,31.86,10.9,85.0,8.02,80.48,4.17,22
2025-05-02 21:29:18.337003+00:00,70B3D57ED004558D,Hygro#55:8D,Hygro,Crofts South West Field,56.57950324451966,-2.7063292005198787,66230438005502d91faa1044001b,31.86,10.8,85.0,7.29,81.06,4.16,27
2025-05-02 22:15:08.656830+00:00,70B3D57ED004558D,Hygro#55:8D,Hygro,Crofts South West Field,56.57950324451966,-2.7063292005198787,6626042e005402fe1f911046001e,31.88,10.7,84.0,7.66,80.81,4.17,30
2025-05-02 22:30:25.442180+00:00,70B3D57ED004558D,Hygro#55:8D,Hygro,Crofts South West Field,56.57950324451966,-2.7063292005198787,6628042e005402ce1f9d1044001f,31.88,10.7,84.0,7.18,80.93,4.16,31
2025-05-02 22:45:42.217650+00:00,70B3D57ED004558D,Hygro#55:8D,Hygro,Crofts South West Field,56.57950324451966,-2.7063292005198787,66270424005502db1fb310440020,31.88,10.6,85.0,7.31,81.15,4.16,32
2025-05-03 00:17:22.884708+00:00,70B3D57ED004558D,Hygro#55:8D,Hygro,Crofts South West Field,56.57950324451966,-2.7063292005198787,6621041a005402c21fc310420026,31.86,10.5,84.0,7.06,81.31,4.16,38
2025-05-03 00:47:56.424831+00:00,70B3D57ED004558D,Hygro#55:8D,Hygro,Crofts South West Field,56.57950324451966,-2.7063292005198787,662e0410005302a71f9a10420028,31.91,10.4,83.0,6.79,80.9,4.16,40
2025-05-03 01:18:29.991086+00:00,70B3D57ED004558D,Hygro#55:8D,Hygro,Crofts South West Field,56.57950324451966,-2.7063292005198787,66260410005502111fd21042002a,31.88,10.4,85.0,5.29,81.46,4.16,42
2025-05-03 01:33:46.784960+00:00,70B3D57ED004558D,Hygro#55:8D,Hygro,Crofts South West Field,56.57950324451966,-2.7063292005198787,662b0410005401f41fbc1044002b,31.9,10.4,84.0,5.0,81.24,4.16,43
2025-05-03 01:49:03.569468+00:00,70B3D57ED004558D,Hygro#55:8D,Hygro,Crofts South West Field,56.57950324451966,-2.7063292005198787,66270406005402001fb51042002c,31.88,10.3,84.0,5.12,81.17,4.16,44
2025-05-03 02:04:20.344807+00:00,70B3D57ED004558D,Hygro#55:8D,Hygro,Crofts South West Field,56.57950324451966,-2.7063292005198787,662a0406005302021fc01046002d,31.89,10.3,83.0,5.14,81.28,4.17,45
2025-05-03 02:50:10.680736+00:00,70B3D57ED004558D,Hygro#55:8D,Hygro,Crofts South West Field,56.57950324451966,-2.7063292005198787,662b03fc0054026a1fbc10440030,31.9,10.2,84.0,6.18,81.24,4.16,48
2025-05-03 03:05:27.461059+00:00,70B3D57ED004558D,Hygro#55:8D,Hygro,Crofts South West Field,56.57950324451966,-2.7063292005198787,662603fc005402341f9a10400031,31.88,10.2,84.0,5.64,80.9,4.16,49
2025-05-03 03:20:44.243482+00:00,70B3D57ED004558D,Hygro#55:8D,Hygro,Crofts South West Field,56.57950324451966,-2.7063292005198787,662903fc0055021b1fcf10440032,31.89,10.2,85.0,5.39,81.43,4.16,50
2025-05-03 03:36:01.025414+00:00,70B3D57ED004558D,Hygro#55:8D,Hygro,Crofts South West Field,56.57950324451966,-2.7063292005198787,662103fc0055029e1fd010400033,31.86,10.2,85.0,6.7,81.44,4.16,51
2025-05-03 03:51:17.802670+00:00,70B3D57ED004558D,Hygro#55:8D,Hygro,Crofts South West Field,56.57950324451966,-2.7063292005198787,662e03f2005402be1fb710420034,31.91,10.1,84.0,7.02,81.19,4.16,52
2025-05-03 04:06:34.578981+00:00,70B3D57ED004558D,Hygro#55:8D,Hygro,Crofts South West Field,56.57950324451966,-2.7063292005198787,662503f20054029e1fcd10420035,31.87,10.1,84.0,6.7,81.41,4.16,53
2025-05-03 04:21:51.361352+00:00,70B3D57ED004558D,Hygro#55:8D,Hygro,Crofts South West Field,56.57950324451966,-2.7063292005198787,662403f2005402511ff110400036,31.87,10.1,84.0,5.93,81.77,4.16,54
2025-05-03 04:37:08.149205+00:00,70B3D57ED004558D,Hygro#55:8D,Hygro,Crofts South West Field,56.57950324451966,-2.7063292005198787,662c03f200550245200e10420037,31.9,10.1,85.0,5.81,82.06,4.16,55
2025-05-03 05:07:41.709113+00:00,70B3D57ED004558D,Hygro#55:8D,Hygro,Crofts South West Field,56.57950324451966,-2.7063292005198787,662b03f200540200201a10400039,31.9,10.1,84.0,5.12,82.18,4.16,57
2025-05-03 07:09:55.856004+00:00,70B3D57ED004558D,Hygro#55:8D,Hygro,Crofts South West Field,56.57950324451966,-2.7063292005198787,662703e800540394222e103e0041,31.88,10.0,84.0,9.16,87.5,4.16,65
2025-05-03 07:25:12.619033+00:00,70B3D57ED004558D,Hygro#55:8D,Hygro,Crofts South West Field,56.57950324451966,-2.7063292005198787,662303e800530373224b104b0042,31.86,10.0,83.0,8.83,87.79,4.17,66
2025-05-03 07:40:29.392585+00:00,70B3D57ED004558D,Hygro#55:8D,Hygro,Crofts South West Field,56.57950324451966,-2.7063292005198787,662303dd005303d721c9104d0043,31.86,9.89,83.0,9.83,86.49,4.17,67
2025-05-03 07:55:46.153923+00:00,70B3D57ED004558D,Hygro#55:8D,Hygro,Crofts South West Field,56.57950324451966,-2.7063292005198787,662603dd005304202189104d0044,31.88,9.89,83.0,10.56,85.85,4.17,68
2025-05-03 08:26:19.684327+00:00,70B3D57ED004558D,Hygro#55:8D,Hygro,Crofts South West Field,56.57950324451966,-2.7063292005198787,661f03dd005303c8216c10540046,31.85,9.89,83.0,9.68,85.56,4.18,70
2025-05-03 08:41:36.448349+00:00,70B3D57ED004558D,Hygro#55:8D,Hygro,Crofts South West Field,56.57950324451966,-2.7063292005198787,661f03dd0052047320f5104d0047,31.85,9.89,82.0,11.39,84.37,4.17,71
2025-05-03 08:56:53.203067+00:00,70B3D57ED004558D,Hygro#55:8D,Hygro,Crofts South West Field,56.57950324451966,-2.7063292005198787,661f03dd005304a120ea104b0048,31.85,9.89,83.0,11.85,84.26,4.17,72
2025-05-03 09:12:09.958405+00:00,70B3D57ED004558D,Hygro#55:8D,Hygro,Crofts South West Field,56.57950324451966,-2.7063292005198787,661503dd005304d720cf104b0049,31.81,9.89,83.0,12.39,83.99,4.17,73
2025-05-03 09:27:26.712643+00:00,70B3D57ED004558D,Hygro#55:8D,Hygro,Crofts South West Field,56.57950324451966,-2.7063292005198787,661503e50054052021061049004a,31.81,9.97,84.0,13.12,84.54,4.17,74
2025-05-03 09:42:43.471875+00:00,70B3D57ED004558D,Hygro#55:8D,Hygro,Crofts South West Field,56.57950324451966,-2.7063292005198787,661903e8005404ee210c1046004b,31.83,10.0,84.0,12.62,84.6,4.17,75
2025-05-03 10:43:50.506863+00:00,70B3D57ED004558D,Hygro#55:8D,Hygro,Crofts South West Field,56.57950324451966,-2.7063292005198787,660803e8005204a920e1104b004f,31.76,10.0,82.0,11.93,84.17,4.17,79
2025-05-03 10:59:07.262147+00:00,70B3D57ED004558D,Hygro#55:8D,Hygro,Crofts South West Field,56.57950324451966,-2.7063292005198787,661203ee0053059f20fe104b0050,31.8,10.06,83.0,14.39,84.46,4.17,80
2025-05-03 11:29:40.776761+00:00,70B3D57ED004558D,Hygro#55:8D,Hygro,Crofts South West Field,56.57950324451966,-2.7063292005198787,660d03f2005305b0210510490052,31.78,10.1,83.0,14.56,84.53,4.17,82
2025-05-03 11:44:57.526529+00:00,70B3D57ED004558D,Hygro#55:8D,Hygro,Crofts South West Field,56.57950324451966,-2.7063292005198787,660103f20053050d2117104b0053,31.73,10.1,83.0,12.93,84.71,4.17,83
2025-05-03 12:00:14.286002+00:00,70B3D57ED004558D,Hygro#55:8D,Hygro,Crofts South West Field,56.57950324451966,-2.7063292005198787,660403f2005305b420fd10490054,31.74,10.1,83.0,14.6,84.45,4.17,84
2025-05-03 12:30:47.805451+00:00,70B3D57ED004558D,Hygro#55:8D,Hygro,Crofts South West Field,56.57950324451966,-2.7063292005198787,660203fc0052058820d9104b0056,31.74,10.2,82.0,14.16,84.09,4.17,86
2025-05-03 13:01:21.327010+00:00,70B3D57ED004558D,Hygro#55:8D,Hygro,Crofts South West Field,56.57950324451966,-2.7063292005198787,65ec04060053059520b8104b0058,31.65,10.3,83.0,14.29,83.76,4.17,88
2025-05-03 13:16:38.071570+00:00,70B3D57ED004558D,Hygro#55:8D,Hygro,Crofts South West Field,56.57950324451966,-2.7063292005198787,65ee0406005405c5206810460059,31.66,10.3,84.0,14.77,82.96,4.17,89
2025-05-03 13:47:11.591676+00:00,70B3D57ED004558D,Hygro#55:8D,Hygro,Crofts South West Field,56.57950324451966,-2.7063292005198787,65ee040600530563206b1046005b,31.66,10.3,83.0,13.79,82.99,4.17,91
2025-05-03 14:02:28.349370+00:00,70B3D57ED004558D,Hygro#55:8D,Hygro,Crofts South West Field,56.57950324451966,-2.7063292005198787,65e60410005305a520641046005c,31.63,10.4,83.0,14.45,82.92,4.17,92
2025-05-03 14:17:45.103102+00:00,70B3D57ED004558D,Hygro#55:8D,Hygro,Crofts South West Field,56.57950324451966,-2.7063292005198787,65dd0410005304fb20361049005d,31.59,10.4,83.0,12.75,82.46,4.17,93
2025-05-03 15:18:52.138422+00:00,70B3D57ED004558D,Hygro#55:8D,Hygro,Crofts South West Field,56.57950324451966,-2.7063292005198787,65d1041a00520593200a10490061,31.55,10.5,82.0,14.27,82.02,4.17,97
2025-05-03 15:34:08.906122+00:00,70B3D57ED004558D,Hygro#55:8D,Hygro,Crofts South West Field,56.57950324451966,-2.7063292005198787,65cd041a0052042e1fac10490062,31.53,10.5,82.0,10.7,81.08,4.17,98
2025-05-03 16:04:42.430269+00:00,70B3D57ED004558D,Hygro#55:8D,Hygro,Crofts South West Field,56.57950324451966,-2.7063292005198787,65ca0424005303c61f9210460064,31.52,10.6,83.0,9.66,80.82,4.17,100
2025-05-03 16:19:59.210244+00:00,70B3D57ED004558D,Hygro#55:8D,Hygro,Crofts South West Field,56.57950324451966,-2.7063292005198787,65c50424005303ee203710440065,31.5,10.6,83.0,10.06,82.47,4.16,101
2025-05-03 16:35:15.979570+00:00,70B3D57ED004558D,Hygro#55:8D,Hygro,Crofts South West Field,56.57950324451966,-2.7063292005198787,65c40424005304771f7610460066,31.5,10.6,83.0,11.43,80.54,4.17,102
2025-05-03 16:50:32.737816+00:00,70B3D57ED004558D,Hygro#55:8D,Hygro,Crofts South West Field,56.57950324451966,-2.7063292005198787,65bf0424005304131f25104b0067,31.48,10.6,83.0,10.43,79.73,4.17,103
2025-05-03 17:36:23.033826+00:00,70B3D57ED004558D,Hygro#55:8D,Hygro,Crofts South West Field,56.57950324451966,-2.7063292005198787,65c70424005203c41efb104b006a,31.51,10.6,82.0,9.64,79.31,4.17,106
2025-05-03 17:51:39.798055+00:00,70B3D57ED004558D,Hygro#55:8D,Hygro,Crofts South West Field,56.57950324451966,-2.7063292005198787,65c0041a005203a11ee31042006b,31.48,10.5,82.0,9.29,79.07,4.16,107
2025-05-03 18:37:30.141566+00:00,70B3D57ED004558D,Hygro#55:8D,Hygro,Crofts South West Field,56.57950324451966,-2.7063292005198787,65ba041a0052033d1eb81044006e,31.46,10.5,82.0,8.29,78.64,4.16,110
2025-05-03 18:52:46.884150+00:00,70B3D57ED004558D,Hygro#55:8D,Hygro,Crofts South West Field,56.57950324451966,-2.7063292005198787,65c4041a0052030d1e901046006f,31.5,10.5,82.0,7.81,78.24,4.17,111
2025-05-03 19:23:20.425809+00:00,70B3D57ED004558D,Hygro#55:8D,Hygro,Crofts South West Field,56.57950324451966,-2.7063292005198787,65c50410005302711ef610490071,31.5,10.4,83.0,6.25,79.26,4.17,113
2025-05-03 19:38:37.211421+00:00,70B3D57ED004558D,Hygro#55:8D,Hygro,Crofts South West Field,56.57950324451966,-2.7063292005198787,65bb04100052024b1ee110440072,31.46,10.4,82.0,5.87,79.05,4.16,114
2025-05-03 19:53:53.996342+00:00,70B3D57ED004558D,Hygro#55:8D,Hygro,Crofts South West Field,56.57950324451966,-2.7063292005198787,65b90410005302411f0110440073,31.45,10.4,83.0,5.77,79.37,4.16,115
2025-05-03 20:39:44.337541+00:00,70B3D57ED004558D,Hygro#55:8D,Hygro,Crofts South West Field,56.57950324451966,-2.7063292005198787,65bb0406005202281f3e10440076,31.46,10.3,82.0,5.52,79.98,4.16,118
2025-05-03 20:55:01.115439+00:00,70B3D57ED004558D,Hygro#55:8D,Hygro,Crofts South West Field,56.57950324451966,-2.7063292005198787,65c30406005202081f3310460077,31.49,10.3,82.0,5.2,79.87,4.17,119
2025-05-03 21:10:17.903335+00:00,70B3D57ED004558D,Hygro#55:8D,Hygro,Crofts South West Field,56.57950324451966,-2.7063292005198787,65c40406005202041f4610440078,31.5,10.3,82.0,5.16,80.06,4.16,120
2025-05-03 22:26:41.851531+00:00,70B3D57ED004558D,Hygro#55:8D,Hygro,Crofts South West Field,56.57950324451966,-2.7063292005198787,65b503f20052010c1f611042007d,31.44,10.1,82.0,2.68,80.33,4.16,125
2025-05-03 22:57:15.415979+00:00,70B3D57ED004558D,Hygro#55:8D,Hygro,Crofts South West Field,56.57950324451966,-2.7063292005198787,65c803f2005101871f321044007f,31.51,10.1,81.0,3.91,79.86,4.16,127
2025-05-03 23:27:48.986329+00:00,70B3D57ED004558D,Hygro#55:8D,Hygro,Crofts South West Field,56.57950324451966,-2.7063292005198787,65c003e8005101791f3e10420081,31.48,10.0,81.0,3.77,79.98,4.16,129
2025-05-03 23:43:05.775845+00:00,70B3D57ED004558D,Hygro#55:8D,Hygro,Crofts South West Field,56.57950324451966,-2.7063292005198787,65c303e80051016a1f4310460082,31.49,10.0,81.0,3.62,80.03,4.17,130
2025-05-03 23:58:22.562969+00:00,70B3D57ED004558D,Hygro#55:8D,Hygro,Crofts South West Field,56.57950324451966,-2.7063292005198787,65bd03e80052014d1f5510440083,31.47,10.0,82.0,3.33,80.21,4.16,131
2025-05-04 00:44:12.924380+00:00,70B3D57ED004558D,Hygro#55:8D,Hygro,Crofts South West Field,56.57950324451966,-2.7063292005198787,65ba03dd005301491f5810460086,31.46,9.89,83.0,3.29,80.24,4.17,134
2025-05-04 00:59:29.713675+00:00,70B3D57ED004558D,Hygro#55:8D,Hygro,Crofts South West Field,56.57950324451966,-2.7063292005198787,65be03d40052012c1f4d10420087,31.47,9.8,82.0,3.0,80.13,4.16,135
2025-05-04 01:14:46.526008+00:00,70B3D57ED004558D,Hygro#55:8D,Hygro,Crofts South West Field,56.57950324451966,-2.7063292005198787,65ba03d40052013c1f5610440088,31.46,9.8,82.0,3.16,80.22,4.16,136
2025-05-04 01:45:20.077901+00:00,70B3D57ED004558D,Hygro#55:8D,Hygro,Crofts South West Field,56.57950324451966,-2.7063292005198787,65c103d4005200c31f471042008a,31.48,9.8,82.0,1.95,80.07,4.16,138
2025-05-04 02:00:36.873208+00:00,70B3D57ED004558D,Hygro#55:8D,Hygro,Crofts South West Field,56.57950324451966,-2.7063292005198787,65bb03ca005200d81f581044008b,31.46,9.7,82.0,2.16,80.24,4.16,139
2025-05-04 02:15:53.660659+00:00,70B3D57ED004558D,Hygro#55:8D,Hygro,Crofts South West Field,56.57950324451966,-2.7063292005198787,65c703ca005200c81f3e1042008c,31.51,9.7,82.0,2.0,79.98,4.16,140
2025-05-04 02:31:10.455662+00:00,70B3D57ED004558D,Hygro#55:8D,Hygro,Crofts South West Field,56.57950324451966,-2.7063292005198787,65ca03ca005200961f3c1044008d,31.52,9.7,82.0,1.5,79.96,4.16,141
2025-05-04 02:46:27.247756+00:00,70B3D57ED004558D,Hygro#55:8D,Hygro,Crofts South West Field,56.57950324451966,-2.7063292005198787,65c903c00052003e1f331044008e,31.52,9.6,82.0,0.62,79.87,4.16,142
2025-05-04 03:01:44.122217+00:00,70B3D57ED004558D,Hygro#55:8D,Hygro,Crofts South West Field,56.57950324451966,-2.7063292005198787,65c903c00053007a1f441046008f,31.52,9.6,83.0,1.22,80.04,4.17,143
2025-05-04 03:17:00.834707+00:00,70B3D57ED004558D,Hygro#55:8D,Hygro,Crofts South West Field,56.57950324451966,-2.7063292005198787,65be03c0005200761f2f10440090,31.47,9.6,82.0,1.18,79.83,4.16,144
2025-05-04 03:47:34.424733+00:00,70B3D57ED004558D,Hygro#55:8D,Hygro,Crofts South West Field,56.57950324451966,-2.7063292005198787,65c503b6005200981f2710440092,31.5,9.5,82.0,1.52,79.75,4.16,146
2025-05-04 04:02:51.216967+00:00,70B3D57ED004558D,Hygro#55:8D,Hygro,Crofts South West Field,56.57950324451966,-2.7063292005198787,65c303b6005200c11f3a10420093,31.49,9.5,82.0,1.93,79.94,4.16,147
2025-05-04 04:18:08.012024+00:00,70B3D57ED004558D,Hygro#55:8D,Hygro,Crofts South West Field,56.57950324451966,-2.7063292005198787,65cb03b6005200bf1f3910440094,31.52,9.5,82.0,1.91,79.93,4.16,148
2025-05-04 04:33:24.805247+00:00,70B3D57ED004558D,Hygro#55:8D,Hygro,Crofts South West Field,56.57950324451966,-2.7063292005198787,65be03ab005200f31f4910420095,31.47,9.39,82.0,2.43,80.09,4.16,149
2025-05-04 05:19:15.189712+00:00,70B3D57ED004558D,Hygro#55:8D,Hygro,Crofts South West Field,56.57950324451966,-2.7063292005198787,65cc03ab005200ed1fee10420098,31.53,9.39,82.0,2.37,81.74,4.16,152
2025-05-04 05:34:31.963944+00:00,70B3D57ED004558D,Hygro#55:8D,Hygro,Crofts South West Field,56.57950324451966,-2.7063292005198787,65c103a20053015b2043103e0099,31.48,9.3,83.0,3.47,82.59,4.16,153
2025-05-04 06:20:22.318165+00:00,70B3D57ED004558D,Hygro#55:8D,Hygro,Crofts South West Field,56.57950324451966,-2.7063292005198787,65bd03a2005201c821171042009c,31.47,9.3,82.0,4.56,84.71,4.16,156
2025-05-04 07:06:12.631984+00:00,70B3D57ED004558D,Hygro#55:8D,Hygro,Crofts South West Field,56.57950324451966,-2.7063292005198787,65c903980052024321ad104d009f,31.52,9.2,82.0,5.79,86.21,4.17,159
2025-05-04 07:36:46.175045+00:00,70B3D57ED004558D,Hygro#55:8D,Hygro,Crofts South West Field,56.57950324451966,-2.7063292005198787,65c30398005302ab218f105400a1,31.49,9.2,83.0,6.83,85.91,4.18,161
2025-05-04 08:22:36.507685+00:00,70B3D57ED004558D,Hygro#55:8D,Hygro,Crofts South West Field,56.57950324451966,-2.7063292005198787,65bb038e005202ad20b5104600a4,31.46,9.1,82.0,6.85,83.73,4.17,164
2025-05-04 08:37:53.277470+00:00,70B3D57ED004558D,Hygro#55:8D,Hygro,Crofts South West Field,56.57950324451966,-2.7063292005198787,65be038e00510264204c104600a5,31.47,9.1,81.0,6.12,82.68,4.17,165
2025-05-04 09:54:17.106402+00:00,70B3D57ED004558D,Hygro#55:8D,Hygro,Crofts South West Field,56.57950324451966,-2.7063292005198787,65bb038e005104112077104900aa,31.46,9.1,81.0,10.41,83.11,4.17,170
2025-05-04 10:09:33.881400+00:00,70B3D57ED004558D,Hygro#55:8D,Hygro,Crofts South West Field,56.57950324451966,-2.7063292005198787,65bd038e005203682122104b00ab,31.47,9.1,82.0,8.72,84.82,4.17,171
2025-05-04 10:24:50.679984+00:00,70B3D57ED004558D,Hygro#55:8D,Hygro,Crofts South West Field,56.57950324451966,-2.7063292005198787,65b3038e005204352080104400ac,31.43,9.1,82.0,10.77,83.2,4.16,172
2025-05-04 10:55:24.166037+00:00,70B3D57ED004558D,Hygro#55:8D,Hygro,Crofts South West Field,56.57950324451966,-2.7063292005198787,65b0038e005103cf20ca104600ae,31.42,9.1,81.0,9.75,83.94,4.17,174
2025-05-04 11:10:40.932514+00:00,70B3D57ED004558D,Hygro#55:8D,Hygro,Crofts South West Field,56.57950324451966,-2.7063292005198787,65a703980052043b20b4104400af,31.38,9.2,82.0,10.83,83.72,4.16,175
2025-05-04 11:25:57.696643+00:00,70B3D57ED004558D,Hygro#55:8D,Hygro,Crofts South West Field,56.57950324451966,-2.7063292005198787,65b30398005103a32073104600b0,31.43,9.2,81.0,9.31,83.07,4.17,176
2025-05-04 12:42:21.526242+00:00,70B3D57ED004558D,Hygro#55:8D,Hygro,Crofts South West Field,56.57950324451966,-2.7063292005198787,659b03a2005103c82092104400b5,31.34,9.3,81.0,9.68,83.38,4.16,181
2025-05-04 12:57:38.292451+00:00,70B3D57ED004558D,Hygro#55:8D,Hygro,Crofts South West Field,56.57950324451966,-2.7063292005198787,65a103a2005004672046104200b6,31.36,9.3,80.0,11.27,82.62,4.16,182
2025-05-04 13:12:55.040216+00:00,70B3D57ED004558D,Hygro#55:8D,Hygro,Crofts South West Field,56.57950324451966,-2.7063292005198787,659103ab00510511200c104200b7,31.3,9.39,81.0,12.97,82.04,4.16,183
2025-05-04 13:58:45.340352+00:00,70B3D57ED004558D,Hygro#55:8D,Hygro,Crofts South West Field,56.57950324451966,-2.7063292005198787,659803ab005104c91fed104600ba,31.33,9.39,81.0,12.25,81.73,4.17,186
2025-05-04 14:14:02.113741+00:00,70B3D57ED004558D,Hygro#55:8D,Hygro,Crofts South West Field,56.57950324451966,-2.7063292005198787,659303b6005103f81fb2104400bb,31.31,9.5,81.0,10.16,81.14,4.16,187
2025-05-04 14:29:18.874923+00:00,70B3D57ED004558D,Hygro#55:8D,Hygro,Crofts South West Field,56.57950324451966,-2.7063292005198787,658b03b6005103d71fc1104600bc,31.27,9.5,81.0,9.83,81.29,4.17,188
2025-05-04 14:44:35.641641+00:00,70B3D57ED004558D,Hygro#55:8D,Hygro,Crofts South West Field,56.57950324451966,-2.7063292005198787,658b03b6005103921fd3104600bd,31.27,9.5,81.0,9.14,81.47,4.17,189
2025-05-04 14:59:52.397726+00:00,70B3D57ED004558D,Hygro#55:8D,Hygro,Crofts South West Field,56.57950324451966,-2.7063292005198787,658b03b6005003791fd1104400be,31.27,9.5,80.0,8.89,81.45,4.16,190
2025-05-04 16:16:16.261167+00:00,70B3D57ED004558D,Hygro#55:8D,Hygro,Crofts South West Field,56.57950324451966,-2.7063292005198787,657703c0005104391f06104200c3,31.2,9.6,81.0,10.81,79.42,4.16,195
2025-05-04 16:31:33.008965+00:00,70B3D57ED004558D,Hygro#55:8D,Hygro,Crofts South West Field,56.57950324451966,-2.7063292005198787,657b03c0005103641efa104200c4,31.21,9.6,81.0,8.68,79.3,4.16,196
2025-05-04 17:32:40.082093+00:00,70B3D57ED004558D,Hygro#55:8D,Hygro,Crofts South West Field,56.57950324451966,-2.7063292005198787,658003c0005003561f76104400c8,31.23,9.6,80.0,8.54,80.54,4.16,200
2025-05-04 18:03:13.618343+00:00,70B3D57ED004558D,Hygro#55:8D,Hygro,Crofts South West Field,56.57950324451966,-2.7063292005198787,657703b6005003001e4c104200ca,31.2,9.5,80.0,7.68,77.56,4.16,202
2025-05-04 18:18:30.387558+00:00,70B3D57ED004558D,Hygro#55:8D,Hygro,Crofts South West Field,56.57950324451966,-2.7063292005198787,657e03b6005102eb1e2f104200cb,31.22,9.5,81.0,7.47,77.27,4.16,203
2025-05-04 18:49:03.944218+00:00,70B3D57ED004558D,Hygro#55:8D,Hygro,Crofts South West Field,56.57950324451966,-2.7063292005198787,656a03b60050026c1e5f104600cd,31.15,9.5,80.0,6.2,77.75,4.17,205
2025-05-04 19:04:20.718651+00:00,70B3D57ED004558D,Hygro#55:8D,Hygro,Crofts South West Field,56.57950324451966,-2.7063292005198787,656c03b60050023f1ee8104000ce,31.15,9.5,80.0,5.75,79.12,4.16,206
2025-05-04 19:19:37.505844+00:00,70B3D57ED004558D,Hygro#55:8D,Hygro,Crofts South West Field,56.57950324451966,-2.7063292005198787,656e03b6005102081ee5104200cf,31.16,9.5,81.0,5.2,79.09,4.16,207
2025-05-04 20:05:27.843786+00:00,70B3D57ED004558D,Hygro#55:8D,Hygro,Crofts South West Field,56.57950324451966,-2.7063292005198787,657603ab005101291f07104400d2,31.19,9.39,81.0,2.97,79.43,4.16,210
2025-05-04 20:20:44.629109+00:00,70B3D57ED004558D,Hygro#55:8D,Hygro,Crofts South West Field,56.57950324451966,-2.7063292005198787,657403ab005000c81f0d104600d3,31.19,9.39,80.0,2.0,79.49,4.17,211
2025-05-04 20:36:01.419935+00:00,70B3D57ED004558D,Hygro#55:8D,Hygro,Crofts South West Field,56.57950324451966,-2.7063292005198787,656c03ab0051008f1f09104200d4,31.15,9.39,81.0,1.43,79.45,4.16,212
2025-05-04 20:51:18.209517+00:00,70B3D57ED004558D,Hygro#55:8D,Hygro,Crofts South West Field,56.57950324451966,-2.7063292005198787,657203ab0051007d1ef3104400d5,31.18,9.39,81.0,1.25,79.23,4.16,213
2025-05-04 21:06:35.015193+00:00,70B3D57ED004558D,Hygro#55:8D,Hygro,Crofts South West Field,56.57950324451966,-2.7063292005198787,656c03ab005100781efe104200d6,31.15,9.39,81.0,1.2,79.34,4.16,214
2025-05-04 21:37:08.604343+00:00,70B3D57ED004558D,Hygro#55:8D,Hygro,Crofts South West Field,56.57950324451966,-2.7063292005198787,657503a2005100931eed104400d8,31.19,9.3,81.0,1.47,79.17,4.16,216
2025-05-04 21:52:25.406718+00:00,70B3D57ED004558D,Hygro#55:8D,Hygro,Crofts South West Field,56.57950324451966,-2.7063292005198787,657203a20051009c1ee7104400d9,31.18,9.3,81.0,1.56,79.11,4.16,217
2025-05-04 22:22:58.980672+00:00,70B3D57ED004558D,Hygro#55:8D,Hygro,Crofts South West Field,56.57950324451966,-2.7063292005198787,657803980050005b1ee8104600db,31.2,9.2,80.0,0.91,79.12,4.17,219
2025-05-04 22:38:15.780250+00:00,70B3D57ED004558D,Hygro#55:8D,Hygro,Crofts South West Field,56.57950324451966,-2.7063292005198787,656e0398005100401ef3104000dc,31.16,9.2,81.0,0.64,79.23,4.16,220
2025-05-04 23:08:49.380755+00:00,70B3D57ED004558D,Hygro#55:8D,Hygro,Crofts South West Field,56.57950324451966,-2.7063292005198787,65710398005100121f0a104400de,31.17,9.2,81.0,0.18,79.46,4.16,222
2025-05-04 23:24:06.184398+00:00,70B3D57ED004558D,Hygro#55:8D,Hygro,Crofts South West Field,56.57950324451966,-2.7063292005198787,6571038e005100481f05104000df,31.17,9.1,81.0,0.72,79.41,4.16,223
2025-05-04 23:39:22.979442+00:00,70B3D57ED004558D,Hygro#55:8D,Hygro,Crofts South West Field,56.57950324451966,-2.7063292005198787,656e038e0051002f1ee5104000e0,31.16,9.1,81.0,0.47,79.09,4.16,224
2025-05-04 23:54:39.774765+00:00,70B3D57ED004558D,Hygro#55:8D,Hygro,Crofts South West Field,56.57950324451966,-2.7063292005198787,6578038e005000441efb104000e1,31.2,9.1,80.0,0.68,79.31,4.16,225
2025-05-05 00:09:56.575137+00:00,70B3D57ED004558D,Hygro#55:8D,Hygro,Crofts South West Field,56.57950324451966,-2.7063292005198787,65700384005000081ee7104000e2,31.17,9.0,80.0,0.08,79.11,4.16,226
2025-05-05 00:40:30.181544+00:00,70B3D57ED004558D,Hygro#55:8D,Hygro,Crofts South West Field,56.57950324451966,-2.7063292005198787,657a03840050ffe71f08104200e4,31.21,9.0,80.0,655.11,79.44,4.16,228
2025-05-05 01:11:03.779171+00:00,70B3D57ED004558D,Hygro#55:8D,Hygro,Crofts South West Field,56.57950324451966,-2.7063292005198787,65710379005100811f13104000e6,31.17,8.89,81.0,1.29,79.55,4.16,230
2025-05-05 01:26:20.572848+00:00,70B3D57ED004558D,Hygro#55:8D,Hygro,Crofts South West Field,56.57950324451966,-2.7063292005198787,657e0379005000361eee104200e7,31.22,8.89,80.0,0.54,79.18,4.16,231
2025-05-05 01:41:37.361185+00:00,70B3D57ED004558D,Hygro#55:8D,Hygro,Crofts South West Field,56.57950324451966,-2.7063292005198787,65760379005100321f15104000e8,31.19,8.89,81.0,0.5,79.57,4.16,232
2025-05-05 01:56:54.165425+00:00,70B3D57ED004558D,Hygro#55:8D,Hygro,Crofts South West Field,56.57950324451966,-2.7063292005198787,656f03790050004b1f20104200e9,31.17,8.89,80.0,0.75,79.68,4.16,233
2025-05-05 02:12:10.961081+00:00,70B3D57ED004558D,Hygro#55:8D,Hygro,Crofts South West Field,56.57950324451966,-2.7063292005198787,657b0370005100191f16104000ea,31.21,8.8,81.0,0.25,79.58,4.16,234
2025-05-05 02:27:27.759227+00:00,70B3D57ED004558D,Hygro#55:8D,Hygro,Crofts South West Field,56.57950324451966,-2.7063292005198787,657003700050001f1f23103b00eb,31.17,8.8,80.0,0.31,79.71,4.16,235
2025-05-05 02:42:44.551455+00:00,70B3D57ED004558D,Hygro#55:8D,Hygro,Crofts South West Field,56.57950324451966,-2.7063292005198787,657a03700050003a1f4a104200ec,31.21,8.8,80.0,0.58,80.1,4.16,236
2025-05-05 02:58:01.352089+00:00,70B3D57ED004558D,Hygro#55:8D,Hygro,Crofts South West Field,56.57950324451966,-2.7063292005198787,65710370005000231f1f104000ed,31.17,8.8,80.0,0.35,79.67,4.16,237
2025-05-05 03:13:18.143892+00:00,70B3D57ED004558D,Hygro#55:8D,Hygro,Crofts South West Field,56.57950324451966,-2.7063292005198787,657c03660051ffe71f21104200ee,31.22,8.7,81.0,655.11,79.69,4.16,238
2025-05-05 03:28:34.942764+00:00,70B3D57ED004558D,Hygro#55:8D,Hygro,Crofts South West Field,56.57950324451966,-2.7063292005198787,657a03660050ffea1f37104200ef,31.21,8.7,80.0,655.14,79.91,4.16,239
2025-05-05 03:43:51.742073+00:00,70B3D57ED004558D,Hygro#55:8D,Hygro,Crofts South West Field,56.57950324451966,-2.7063292005198787,65720366005000061f40104000f0,31.18,8.7,80.0,0.06,80.0,4.16,240
2025-05-05 03:59:08.534176+00:00,70B3D57ED004558D,Hygro#55:8D,Hygro,Crofts South West Field,56.57950324451966,-2.7063292005198787,657d03660051fff41f2c104000f1,31.22,8.7,81.0,655.24,79.8,4.16,241
2025-05-05 04:29:42.143873+00:00,70B3D57ED004558D,Hygro#55:8D,Hygro,Crofts South West Field,56.57950324451966,-2.7063292005198787,657a035c005000381f46104200f3,31.21,8.6,80.0,0.56,80.06,4.16,243
2025-05-05 04:44:58.950476+00:00,70B3D57ED004558D,Hygro#55:8D,Hygro,Crofts South West Field,56.57950324451966,-2.7063292005198787,6583035c005000531f23104200f4,31.24,8.6,80.0,0.83,79.71,4.16,244
2025-05-05 05:00:15.734320+00:00,70B3D57ED004558D,Hygro#55:8D,Hygro,Crofts South West Field,56.57950324451966,-2.7063292005198787,657f035c005000c81f4f104000f5,31.23,8.6,80.0,2.0,80.15,4.16,245
2025-05-05 05:30:49.296479+00:00,70B3D57ED004558D,Hygro#55:8D,Hygro,Crofts South West Field,56.57950324451966,-2.7063292005198787,657f0352005001bf204d103e00f7,31.23,8.5,80.0,4.47,82.69,4.16,247
2025-05-05 06:47:13.168697+00:00,70B3D57ED004558D,Hygro#55:8D,Hygro,Crofts South West Field,56.57950324451966,-2.7063292005198787,65840352005102362030104000fc,31.25,8.5,81.0,5.66,82.4,4.16,252
2025-05-05 08:34:10.560005+00:00,70B3D57ED004558D,Hygro#55:8D,Hygro,Crofts South West Field,56.57950324451966,-2.7063292005198787,657a035200510386207210560003,31.21,8.5,81.0,9.02,83.06,4.18,3
2025-05-05 08:49:27.320633+00:00,70B3D57ED004558D,Hygro#55:8D,Hygro,Crofts South West Field,56.57950324451966,-2.7063292005198787,6575035200510413202610560004,31.19,8.5,81.0,10.43,82.3,4.18,4
2025-05-05 09:04:44.057978+00:00,70B3D57ED004558D,Hygro#55:8D,Hygro,Crofts South West Field,56.57950324451966,-2.7063292005198787,657d0352005004b0204910540005,31.22,8.5,80.0,12.0,82.65,4.18,5
2025-05-05 09:35:17.569740+00:00,70B3D57ED004558D,Hygro#55:8D,Hygro,Crofts South West Field,56.57950324451966,-2.7063292005198787,656703520050048a20ea10460007,31.13,8.5,80.0,11.62,84.26,4.17,7
2025-05-05 10:05:51.070070+00:00,70B3D57ED004558D,Hygro#55:8D,Hygro,Crofts South West Field,56.57950324451966,-2.7063292005198787,6574035c00510501201e10490009,31.19,8.6,81.0,12.81,82.22,4.17,9
2025-05-05 10:51:41.305804+00:00,70B3D57ED004558D,Hygro#55:8D,Hygro,Crofts South West Field,56.57950324451966,-2.7063292005198787,655c036600500659204f1046000c,31.09,8.7,80.0,16.25,82.71,4.17,12
2025-05-05 11:52:48.305024+00:00,70B3D57ED004558D,Hygro#55:8D,Hygro,Crofts South West Field,56.57950324451966,-2.7063292005198787,654f0370005006272072104b0010,31.04,8.8,80.0,15.75,83.06,4.17,16
2025-05-05 12:08:05.055147+00:00,70B3D57ED004558D,Hygro#55:8D,Hygro,Crofts South West Field,56.57950324451966,-2.7063292005198787,654e037900500674203710460011,31.04,8.89,80.0,16.52,82.47,4.17,17
2025-05-05 13:09:12.043722+00:00,70B3D57ED004558D,Hygro#55:8D,Hygro,Crofts South West Field,56.57950324451966,-2.7063292005198787,6539038e004f070e1f9c10460015,30.96,9.1,79.0,18.06,80.92,4.17,21
2025-05-05 13:24:28.804751+00:00,70B3D57ED004558D,Hygro#55:8D,Hygro,Crofts South West Field,56.57950324451966,-2.7063292005198787,653f038e004e070a1f6e10490016,30.98,9.1,78.0,18.02,80.46,4.17,22
2025-05-05 13:39:45.552370+00:00,70B3D57ED004558D,Hygro#55:8D,Hygro,Crofts South West Field,56.57950324451966,-2.7063292005198787,652f0398004f071a1f4e10460017,30.92,9.2,79.0,18.18,80.14,4.17,23
2025-05-05 13:55:02.308345+00:00,70B3D57ED004558D,Hygro#55:8D,Hygro,Crofts South West Field,56.57950324451966,-2.7063292005198787,65380398004f06c71f8210490018,30.95,9.2,79.0,17.35,80.66,4.17,24
2025-05-05 14:10:19.057781+00:00,70B3D57ED004558D,Hygro#55:8D,Hygro,Crofts South West Field,56.57950324451966,-2.7063292005198787,652f03a2004f06d31f7610440019,30.92,9.3,79.0,17.47,80.54,4.16,25
2025-05-05 14:25:35.805965+00:00,70B3D57ED004558D,Hygro#55:8D,Hygro,Crofts South West Field,56.57950324451966,-2.7063292005198787,652203a2004f071a1f491049001a,30.87,9.3,79.0,18.18,80.09,4.17,26
2025-05-05 14:40:52.556129+00:00,70B3D57ED004558D,Hygro#55:8D,Hygro,Crofts South West Field,56.57950324451966,-2.7063292005198787,651e03ab005006a11f301049001b,30.85,9.39,80.0,16.97,79.84,4.17,27
2025-05-05 14:56:09.309541+00:00,70B3D57ED004558D,Hygro#55:8D,Hygro,Crofts South West Field,56.57950324451966,-2.7063292005198787,651b03ab004e067a1f2c1049001c,30.84,9.39,78.0,16.58,79.8,4.17,28
2025-05-05 15:11:26.125431+00:00,70B3D57ED004558D,Hygro#55:8D,Hygro,Crofts South West Field,56.57950324451966,-2.7063292005198787,651803ab004f068d1f491046001d,30.83,9.39,79.0,16.77,80.09,4.17,29
2025-05-05 16:12:33.080522+00:00,70B3D57ED004558D,Hygro#55:8D,Hygro,Crofts South West Field,56.57950324451966,-2.7063292005198787,650c03c0004f05d31e5910460021,30.78,9.6,79.0,14.91,77.69,4.17,33
2025-05-05 16:27:49.829633+00:00,70B3D57ED004558D,Hygro#55:8D,Hygro,Crofts South West Field,56.57950324451966,-2.7063292005198787,650a03c0004e05c71de910420022,30.77,9.6,78.0,14.79,76.57,4.16,34
2025-05-05 16:43:06.608997+00:00,70B3D57ED004558D,Hygro#55:8D,Hygro,Crofts South West Field,56.57950324451966,-2.7063292005198787,651003c0004f057a1dcf10460023,30.8,9.6,79.0,14.02,76.31,4.17,35
2025-05-05 16:58:23.341786+00:00,70B3D57ED004558D,Hygro#55:8D,Hygro,Crofts South West Field,56.57950324451966,-2.7063292005198787,650303c0004e052a1e0e10440024,30.75,9.6,78.0,13.22,76.94,4.16,36
2025-05-05 17:13:40.095715+00:00,70B3D57ED004558D,Hygro#55:8D,Hygro,Crofts South West Field,56.57950324451966,-2.7063292005198787,650403ca004e04a91e2210460025,30.75,9.7,78.0,11.93,77.14,4.17,37
2025-05-05 17:28:56.858005+00:00,70B3D57ED004558D,Hygro#55:8D,Hygro,Crofts South West Field,56.57950324451966,-2.7063292005198787,650603ca004f04b21e2c10440026,30.76,9.7,79.0,12.02,77.24,4.16,38
2025-05-05 17:44:13.622459+00:00,70B3D57ED004558D,Hygro#55:8D,Hygro,Crofts South West Field,56.57950324451966,-2.7063292005198787,650503ca004f04581de310440027,30.75,9.7,79.0,11.12,76.51,4.16,39
2025-05-05 17:59:30.376610+00:00,70B3D57ED004558D,Hygro#55:8D,Hygro,Crofts South West Field,56.57950324451966,-2.7063292005198787,64fb03ca004f04351da110460028,30.72,9.7,79.0,10.77,75.85,4.17,40
2025-05-05 18:14:47.132809+00:00,70B3D57ED004558D,Hygro#55:8D,Hygro,Crofts South West Field,56.57950324451966,-2.7063292005198787,64fe03ca005003d51d8a10440029,30.73,9.7,80.0,9.81,75.62,4.16,41
2025-05-05 18:30:03.897229+00:00,70B3D57ED004558D,Hygro#55:8D,Hygro,Crofts South West Field,56.57950324451966,-2.7063292005198787,650903ca004f03901dc51049002a,30.77,9.7,79.0,9.12,76.21,4.17,42
2025-05-05 18:45:20.664975+00:00,70B3D57ED004558D,Hygro#55:8D,Hygro,Crofts South West Field,56.57950324451966,-2.7063292005198787,650303ca004f033f1dd91044002b,30.75,9.7,79.0,8.31,76.41,4.16,43
2025-05-05 19:00:37.432905+00:00,70B3D57ED004558D,Hygro#55:8D,Hygro,Crofts South West Field,56.57950324451966,-2.7063292005198787,64fa03ca004f02db1e501046002c,30.71,9.7,79.0,7.31,77.6,4.17,44
2025-05-05 19:31:10.963056+00:00,70B3D57ED004558D,Hygro#55:8D,Hygro,Crofts South West Field,56.57950324451966,-2.7063292005198787,64fa03c0004f02871e241044002e,30.71,9.6,79.0,6.47,77.16,4.16,46
2025-05-05 19:46:27.735749+00:00,70B3D57ED004558D,Hygro#55:8D,Hygro,Crofts South West Field,56.57950324451966,-2.7063292005198787,650403c0004f01e11e1e1044002f,30.75,9.6,79.0,4.81,77.1,4.16,47
2025-05-05 20:17:01.294183+00:00,70B3D57ED004558D,Hygro#55:8D,Hygro,Crofts South West Field,56.57950324451966,-2.7063292005198787,64ff03c0004f01131e7510490031,30.73,9.6,79.0,2.75,77.97,4.17,49
2025-05-05 20:32:18.082390+00:00,70B3D57ED004558D,Hygro#55:8D,Hygro,Crofts South West Field,56.57950324451966,-2.7063292005198787,64ff03c0004e00bf1e8710440032,30.73,9.6,78.0,1.91,78.15,4.16,50
2025-05-05 20:47:34.865932+00:00,70B3D57ED004558D,Hygro#55:8D,Hygro,Crofts South West Field,56.57950324451966,-2.7063292005198787,64f903b6004f009e1e9510460033,30.71,9.5,79.0,1.58,78.29,4.17,51
2025-05-05 21:18:08.438914+00:00,70B3D57ED004558D,Hygro#55:8D,Hygro,Crofts South West Field,56.57950324451966,-2.7063292005198787,64f903b6004f00891e9610440035,30.71,9.5,79.0,1.37,78.3,4.16,53
2025-05-05 21:48:42.028620+00:00,70B3D57ED004558D,Hygro#55:8D,Hygro,Crofts South West Field,56.57950324451966,-2.7063292005198787,650403ab004f00291e8f10460037,30.75,9.39,79.0,0.41,78.23,4.17,55
2025-05-05 22:03:58.814134+00:00,70B3D57ED004558D,Hygro#55:8D,Hygro,Crofts South West Field,56.57950324451966,-2.7063292005198787,650403ab0050fffe1e9810440038,30.75,9.39,80.0,655.34,78.32,4.16,56
2025-05-05 22:34:32.402018+00:00,70B3D57ED004558D,Hygro#55:8D,Hygro,Crofts South West Field,56.57950324451966,-2.7063292005198787,650903a2004fffd51eaa1042003a,30.77,9.3,79.0,654.93,78.5,4.16,58
2025-05-05 22:49:49.202539+00:00,70B3D57ED004558D,Hygro#55:8D,Hygro,Crofts South West Field,56.57950324451966,-2.7063292005198787,64f80398004fffd51e9d1044003b,30.7,9.2,79.0,654.93,78.37,4.16,59
2025-05-05 23:05:06.010154+00:00,70B3D57ED004558D,Hygro#55:8D,Hygro,Crofts South West Field,56.57950324451966,-2.7063292005198787,64ff0398004effc01ea11046003c,30.73,9.2,78.0,654.72,78.41,4.17,60
2025-05-05 23:20:22.803223+00:00,70B3D57ED004558D,Hygro#55:8D,Hygro,Crofts South West Field,56.57950324451966,-2.7063292005198787,65080398004fffb81ea91044003d,30.77,9.2,79.0,654.64,78.49,4.16,61
2025-05-05 23:50:56.375745+00:00,70B3D57ED004558D,Hygro#55:8D,Hygro,Crofts South West Field,56.57950324451966,-2.7063292005198787,6501038e004efffa1eca1046003f,30.74,9.1,78.0,655.3,78.82,4.17,63
2025-05-06 00:06:13.174492+00:00,70B3D57ED004558D,Hygro#55:8D,Hygro,Crofts South West Field,56.57950324451966,-2.7063292005198787,65050384004fffb81e8e10460040,30.75,9.0,79.0,654.64,78.22,4.17,64
2025-05-06 00:21:29.973544+00:00,70B3D57ED004558D,Hygro#55:8D,Hygro,Crofts South West Field,56.57950324451966,-2.7063292005198787,64fd0384004f001d1eae10420041,30.72,9.0,79.0,0.29,78.54,4.16,65
2025-05-06 00:52:03.573528+00:00,70B3D57ED004558D,Hygro#55:8D,Hygro,Crofts South West Field,56.57950324451966,-2.7063292005198787,650b03790050ffea1ecf10490043,30.78,8.89,80.0,655.14,78.87,4.17,67
2025-05-06 01:37:53.948707+00:00,70B3D57ED004558D,Hygro#55:8D,Hygro,Crofts South West Field,56.57950324451966,-2.7063292005198787,65070370004f003e1ec610490046,30.76,8.8,79.0,0.62,78.78,4.17,70
2025-05-06 02:23:44.343355+00:00,70B3D57ED004558D,Hygro#55:8D,Hygro,Crofts South West Field,56.57950324451966,-2.7063292005198787,65040366004f002b1ed810440049,30.75,8.7,79.0,0.43,78.96,4.16,73
2025-05-06 02:54:17.933214+00:00,70B3D57ED004558D,Hygro#55:8D,Hygro,Crofts South West Field,56.57950324451966,-2.7063292005198787,6506035c004fffea1eec1044004b,30.76,8.6,79.0,655.14,79.16,4.16,75
2025-05-06 03:09:34.726269+00:00,70B3D57ED004558D,Hygro#55:8D,Hygro,Crofts South West Field,56.57950324451966,-2.7063292005198787,650c035c004f00191ef21044004c,30.78,8.6,79.0,0.25,79.22,4.16,76
2025-05-06 03:40:08.313654+00:00,70B3D57ED004558D,Hygro#55:8D,Hygro,Crofts South West Field,56.57950324451966,-2.7063292005198787,65090352004fffdb1eec1044004e,30.77,8.5,79.0,654.99,79.16,4.16,78
2025-05-06 03:55:25.099911+00:00,70B3D57ED004558D,Hygro#55:8D,Hygro,Crofts South West Field,56.57950324451966,-2.7063292005198787,65040352004ffffa1efc1044004f,30.75,8.5,79.0,655.3,79.32,4.16,79
2025-05-06 04:10:41.901121+00:00,70B3D57ED004558D,Hygro#55:8D,Hygro,Crofts South West Field,56.57950324451966,-2.7063292005198787,65110347004fffd31ef210420050,30.8,8.39,79.0,654.91,79.22,4.16,80
2025-05-06 04:41:15.500674+00:00,70B3D57ED004558D,Hygro#55:8D,Hygro,Crofts South West Field,56.57950324451966,-2.7063292005198787,65040347004f00291f0010440052,30.75,8.39,79.0,0.41,79.36,4.16,82
2025-05-06 05:42:22.631680+00:00,70B3D57ED004558D,Hygro#55:8D,Hygro,Crofts South West Field,56.57950324451966,-2.7063292005198787,6507033e004f019e204a10400056,30.76,8.3,79.0,4.14,82.66,4.16,86
2025-05-06 06:12:56.178204+00:00,70B3D57ED004558D,Hygro#55:8D,Hygro,Crofts South West Field,56.57950324451966,-2.7063292005198787,65100334004f0255213210400058,30.8,8.2,79.0,5.97,84.98,4.16,88
2025-05-06 06:28:12.933135+00:00,70B3D57ED004558D,Hygro#55:8D,Hygro,Crofts South West Field,56.57950324451966,-2.7063292005198787,65100334004f0336214d103e0059,30.8,8.2,79.0,8.22,85.25,4.16,89
2025-05-06 06:58:46.444995+00:00,70B3D57ED004558D,Hygro#55:8D,Hygro,Crofts South West Field,56.57950324451966,-2.7063292005198787,65090334004f040321711046005b,30.77,8.2,79.0,10.27,85.61,4.17,91
2025-05-06 07:44:36.715810+00:00,70B3D57ED004558D,Hygro#55:8D,Hygro,Crofts South West Field,56.57950324451966,-2.7063292005198787,65080334004f040921041054005e,30.77,8.2,79.0,10.33,84.52,4.18,94
2025-05-06 07:59:53.464969+00:00,70B3D57ED004558D,Hygro#55:8D,Hygro,Crofts South West Field,56.57950324451966,-2.7063292005198787,650b0334004f0394210a104b005f,30.78,8.2,79.0,9.16,84.58,4.17,95
2025-05-06 08:15:10.236482+00:00,70B3D57ED004558D,Hygro#55:8D,Hygro,Crofts South West Field,56.57950324451966,-2.7063292005198787,65050334004f044920ee10460060,30.75,8.2,79.0,10.97,84.3,4.17,96
2025-05-06 08:45:43.731291+00:00,70B3D57ED004558D,Hygro#55:8D,Hygro,Crofts South West Field,56.57950324451966,-2.7063292005198787,6504033e005005311ff010460062,30.75,8.3,80.0,13.29,81.76,4.17,98
2025-05-06 09:01:00.481968+00:00,70B3D57ED004558D,Hygro#55:8D,Hygro,Crofts South West Field,56.57950324451966,-2.7063292005198787,64fb033e004f05711fd610440063,30.72,8.3,79.0,13.93,81.5,4.16,99
2025-05-06 09:31:33.974698+00:00,70B3D57ED004558D,Hygro#55:8D,Hygro,Crofts South West Field,56.57950324451966,-2.7063292005198787,6502033e005106011fa7104b0065,30.74,8.3,81.0,15.37,81.03,4.17,101
2025-05-06 10:17:24.222174+00:00,70B3D57ED004558D,Hygro#55:8D,Hygro,Crofts South West Field,56.57950324451966,-2.7063292005198787,64f60347004f06c31ffe10460068,30.7,8.39,79.0,17.31,81.9,4.17,104
2025-05-06 10:32:40.980890+00:00,70B3D57ED004558D,Hygro#55:8D,Hygro,Crofts South West Field,56.57950324451966,-2.7063292005198787,64ec0352005006e81fca10460069,30.66,8.5,80.0,17.68,81.38,4.17,105
2025-05-06 11:03:14.459950+00:00,70B3D57ED004558D,Hygro#55:8D,Hygro,Crofts South West Field,56.57950324451966,-2.7063292005198787,64e7035c004f07591fe21044006b,30.64,8.6,79.0,18.81,81.62,4.16,107
2025-05-06 11:18:31.199643+00:00,70B3D57ED004558D,Hygro#55:8D,Hygro,Crofts South West Field,56.57950324451966,-2.7063292005198787,64e7035c004e072b1fe61046006c,30.64,8.6,78.0,18.35,81.66,4.17,108
2025-05-06 11:49:04.697486+00:00,70B3D57ED004558D,Hygro#55:8D,Hygro,Crofts South West Field,56.57950324451966,-2.7063292005198787,64d60366004f07312001104b006e,30.57,8.7,79.0,18.41,81.93,4.17,110
2025-05-06 12:04:21.452713+00:00,70B3D57ED004558D,Hygro#55:8D,Hygro,Crofts South West Field,56.57950324451966,-2.7063292005198787,64d10370004f071c1fdf1046006f,30.55,8.8,79.0,18.2,81.59,4.17,111
2025-05-06 12:19:38.198756+00:00,70B3D57ED004558D,Hygro#55:8D,Hygro,Crofts South West Field,56.57950324451966,-2.7063292005198787,64cf0370004f07c31fd710440070,30.55,8.8,79.0,19.87,81.51,4.16,112
2025-05-06 12:34:54.947934+00:00,70B3D57ED004558D,Hygro#55:8D,Hygro,Crofts South West Field,56.57950324451966,-2.7063292005198787,64cd0379004e080e1fa810490071,30.54,8.89,78.0,20.62,81.04,4.17,113
2025-05-06 12:50:11.688831+00:00,70B3D57ED004558D,Hygro#55:8D,Hygro,Crofts South West Field,56.57950324451966,-2.7063292005198787,64c20384004e07591fac10460072,30.49,9.0,78.0,18.81,81.08,4.17,114
2025-05-06 13:20:45.185492+00:00,70B3D57ED004558D,Hygro#55:8D,Hygro,Crofts South West Field,56.57950324451966,-2.7063292005198787,64b9038e004f079b1f6810460074,30.46,9.1,79.0,19.47,80.4,4.17,116
2025-05-06 14:06:35.434630+00:00,70B3D57ED004558D,Hygro#55:8D,Hygro,Crofts South West Field,56.57950324451966,-2.7063292005198787,64a003a2004d07e21f4e10440077,30.36,9.3,77.0,20.18,80.14,4.16,119
2025-05-06 14:21:52.181974+00:00,70B3D57ED004558D,Hygro#55:8D,Hygro,Crofts South West Field,56.57950324451966,-2.7063292005198787,649e03ab004e07971f3910440078,30.36,9.39,78.0,19.43,79.93,4.16,120
2025-05-06 14:37:08.921653+00:00,70B3D57ED004558D,Hygro#55:8D,Hygro,Crofts South West Field,56.57950324451966,-2.7063292005198787,649b03ab004e07971f3010440079,30.34,9.39,78.0,19.43,79.84,4.16,121
2025-05-06 14:52:25.675159+00:00,70B3D57ED004558D,Hygro#55:8D,Hygro,Crofts South West Field,56.57950324451966,-2.7063292005198787,649303b6004e073a1f401044007a,30.31,9.5,78.0,18.5,80.0,4.16,122
2025-05-06 15:22:59.181141+00:00,70B3D57ED004558D,Hygro#55:8D,Hygro,Crofts South West Field,56.57950324451966,-2.7063292005198787,648b03c0004e065d1f271042007c,30.28,9.6,78.0,16.29,79.75,4.16,124
2025-05-06 15:53:32.686188+00:00,70B3D57ED004558D,Hygro#55:8D,Hygro,Crofts South West Field,56.57950324451966,-2.7063292005198787,648803ca004e05ac1f071044007e,30.27,9.7,78.0,14.52,79.43,4.16,126
2025-05-06 16:08:49.438928+00:00,70B3D57ED004558D,Hygro#55:8D,Hygro,Crofts South West Field,56.57950324451966,-2.7063292005198787,648103ca004e05ac1eae1044007f,30.24,9.7,78.0,14.52,78.54,4.16,127
2025-05-06 16:24:06.202120+00:00,70B3D57ED004558D,Hygro#55:8D,Hygro,Crofts South West Field,56.57950324451966,-2.7063292005198787,647703d4004e055c1e8910460080,30.2,9.8,78.0,13.72,78.17,4.17,128
2025-05-06 16:39:22.956984+00:00,70B3D57ED004558D,Hygro#55:8D,Hygro,Crofts South West Field,56.57950324451966,-2.7063292005198787,647f03d4004f051a1e7b10440081,30.24,9.8,79.0,13.06,78.03,4.16,129
2025-05-06 17:09:56.471335+00:00,70B3D57ED004558D,Hygro#55:8D,Hygro,Crofts South West Field,56.57950324451966,-2.7063292005198787,647003d4004d04bc1e7d10420083,30.18,9.8,77.0,12.12,78.05,4.16,131
2025-05-06 17:25:13.238065+00:00,70B3D57ED004558D,Hygro#55:8D,Hygro,Crofts South West Field,56.57950324451966,-2.7063292005198787,647103d4004f04451e7110440084,30.18,9.8,79.0,10.93,77.93,4.16,132
2025-05-06 17:40:30.029737+00:00,70B3D57ED004558D,Hygro#55:8D,Hygro,Crofts South West Field,56.57950324451966,-2.7063292005198787,647503dd004d04261e6210440085,30.2,9.89,77.0,10.62,77.78,4.16,133
2025-05-06 18:11:03.523386+00:00,70B3D57ED004558D,Hygro#55:8D,Hygro,Crofts South West Field,56.57950324451966,-2.7063292005198787,647303dd004f03a51e1110440087,30.19,9.89,79.0,9.33,76.97,4.16,135
2025-05-06 19:12:10.619158+00:00,70B3D57ED004558D,Hygro#55:8D,Hygro,Crofts South West Field,56.57950324451966,-2.7063292005198787,646803dd004e02b11ea71044008b,30.15,9.89,78.0,6.89,78.47,4.16,139
2025-05-06 19:27:27.390261+00:00,70B3D57ED004558D,Hygro#55:8D,Hygro,Crofts South West Field,56.57950324451966,-2.7063292005198787,646403db004e02711eb71042008c,30.13,9.87,78.0,6.25,78.63,4.16,140
2025-05-06 19:58:00.934026+00:00,70B3D57ED004558D,Hygro#55:8D,Hygro,Crofts South West Field,56.57950324451966,-2.7063292005198787,646d03d4004e02151eb51046008e,30.17,9.8,78.0,5.33,78.61,4.17,142
2025-05-06 20:28:34.487577+00:00,70B3D57ED004558D,Hygro#55:8D,Hygro,Crofts South West Field,56.57950324451966,-2.7063292005198787,646f03d4004d020d1ec710440090,30.17,9.8,77.0,5.25,78.79,4.16,144
2025-05-06 20:43:51.266435+00:00,70B3D57ED004558D,Hygro#55:8D,Hygro,Crofts South West Field,56.57950324451966,-2.7063292005198787,647003d4004e022c1eb810440091,30.18,9.8,78.0,5.56,78.64,4.16,145
2025-05-06 20:59:08.038827+00:00,70B3D57ED004558D,Hygro#55:8D,Hygro,Crofts South West Field,56.57950324451966,-2.7063292005198787,646803ca004e02261ecb10440092,30.15,9.7,78.0,5.5,78.83,4.16,146
2025-05-06 21:14:24.815945+00:00,70B3D57ED004558D,Hygro#55:8D,Hygro,Crofts South West Field,56.57950324451966,-2.7063292005198787,646403ca004d024b1ed810440093,30.13,9.7,77.0,5.87,78.96,4.16,147
2025-05-06 21:29:41.591228+00:00,70B3D57ED004558D,Hygro#55:8D,Hygro,Crofts South West Field,56.57950324451966,-2.7063292005198787,646403ca004e02751ee010420094,30.13,9.7,78.0,6.29,79.04,4.16,148
2025-05-06 21:44:58.368013+00:00,70B3D57ED004558D,Hygro#55:8D,Hygro,Crofts South West Field,56.57950324451966,-2.7063292005198787,646d03c0004e028e1eee10460095,30.17,9.6,78.0,6.54,79.18,4.17,149
2025-05-06 22:30:48.695660+00:00,70B3D57ED004558D,Hygro#55:8D,Hygro,Crofts South West Field,56.57950324451966,-2.7063292005198787,646c03c0004e029a1f0910440098,30.16,9.6,78.0,6.66,79.45,4.16,152
2025-05-06 22:46:05.450934+00:00,70B3D57ED004558D,Hygro#55:8D,Hygro,Crofts South West Field,56.57950324451966,-2.7063292005198787,646c03c0004d02901f1510420099,30.16,9.6,77.0,6.56,79.57,4.16,153
2025-05-06 23:01:22.226311+00:00,70B3D57ED004558D,Hygro#55:8D,Hygro,Crofts South West Field,56.57950324451966,-2.7063292005198787,646803b6004e028e1f161044009a,30.15,9.5,78.0,6.54,79.58,4.16,154
2025-05-06 23:16:38.995105+00:00,70B3D57ED004558D,Hygro#55:8D,Hygro,Crofts South West Field,56.57950324451966,-2.7063292005198787,647003b6004c02a01f201042009b,30.18,9.5,76.0,6.72,79.68,4.16,155
2025-05-06 23:31:55.777204+00:00,70B3D57ED004558D,Hygro#55:8D,Hygro,Crofts South West Field,56.57950324451966,-2.7063292005198787,646b03b6004e029c1f201042009c,30.16,9.5,78.0,6.68,79.68,4.16,156
2025-05-06 23:47:12.550644+00:00,70B3D57ED004558D,Hygro#55:8D,Hygro,Crofts South West Field,56.57950324451966,-2.7063292005198787,647203b6004e02961f271042009d,30.18,9.5,78.0,6.62,79.75,4.16,157
2025-05-07 00:02:29.326372+00:00,70B3D57ED004558D,Hygro#55:8D,Hygro,Crofts South West Field,56.57950324451966,-2.7063292005198787,646e03b6004e02941f281040009e,30.17,9.5,78.0,6.6,79.76,4.16,158
2025-05-07 00:17:46.107277+00:00,70B3D57ED004558D,Hygro#55:8D,Hygro,Crofts South West Field,56.57950324451966,-2.7063292005198787,647303b6004e02961f2a1040009f,30.19,9.5,78.0,6.62,79.78,4.16,159
2025-05-07 00:33:02.895779+00:00,70B3D57ED004558D,Hygro#55:8D,Hygro,Crofts South West Field,56.57950324451966,-2.7063292005198787,647003ab004e02961f2b104200a0,30.18,9.39,78.0,6.62,79.79,4.16,160
2025-05-07 00:48:19.659039+00:00,70B3D57ED004558D,Hygro#55:8D,Hygro,Crofts South West Field,56.57950324451966,-2.7063292005198787,646a03ab004e029c1f2e104400a1,30.15,9.39,78.0,6.68,79.82,4.16,161
2025-05-07 01:18:53.198131+00:00,70B3D57ED004558D,Hygro#55:8D,Hygro,Crofts South West Field,56.57950324451966,-2.7063292005198787,646803ab004e02941f3b104200a3,30.15,9.39,78.0,6.6,79.95,4.16,163
2025-05-07 01:34:09.985844+00:00,70B3D57ED004558D,Hygro#55:8D,Hygro,Crofts South West Field,56.57950324451966,-2.7063292005198787,646e03ab004e02871f3f104200a4,30.17,9.39,78.0,6.47,79.99,4.16,164
2025-05-07 01:49:26.760589+00:00,70B3D57ED004558D,Hygro#55:8D,Hygro,Crofts South West Field,56.57950324451966,-2.7063292005198787,647003ab004e028a1f41104200a5,30.18,9.39,78.0,6.5,80.01,4.16,165
2025-05-07 02:35:17.089928+00:00,70B3D57ED004558D,Hygro#55:8D,Hygro,Crofts South West Field,56.57950324451966,-2.7063292005198787,646903ab004e02791f44104000a8,30.15,9.39,78.0,6.33,80.04,4.16,168
2025-05-07 02:50:33.859245+00:00,70B3D57ED004558D,Hygro#55:8D,Hygro,Crofts South West Field,56.57950324451966,-2.7063292005198787,647003a2004d027f1f4a104400a9,30.18,9.3,77.0,6.39,80.1,4.16,169
2025-05-07 03:05:50.632651+00:00,70B3D57ED004558D,Hygro#55:8D,Hygro,Crofts South West Field,56.57950324451966,-2.7063292005198787,646d03a2004f02851f46104200aa,30.17,9.3,79.0,6.45,80.06,4.16,170
2025-05-07 03:21:07.405100+00:00,70B3D57ED004558D,Hygro#55:8D,Hygro,Crofts South West Field,56.57950324451966,-2.7063292005198787,646403a2004e02871f43104000ab,30.13,9.3,78.0,6.47,80.03,4.16,171
2025-05-07 03:51:40.954883+00:00,70B3D57ED004558D,Hygro#55:8D,Hygro,Crofts South West Field,56.57950324451966,-2.7063292005198787,646b03a2004d02811f48104200ad,30.16,9.3,77.0,6.41,80.08,4.16,173
2025-05-07 04:22:14.517064+00:00,70B3D57ED004558D,Hygro#55:8D,Hygro,Crofts South West Field,56.57950324451966,-2.7063292005198787,646f03a2004d02711f4e104200af,30.17,9.3,77.0,6.25,80.14,4.16,175
2025-05-07 04:52:48.061752+00:00,70B3D57ED004558D,Hygro#55:8D,Hygro,Crofts South West Field,56.57950324451966,-2.7063292005198787,646703a2004e027f1f48104000b1,30.14,9.3,78.0,6.39,80.08,4.16,177
2025-05-07 05:08:04.848983+00:00,70B3D57ED004558D,Hygro#55:8D,Hygro,Crofts South West Field,56.57950324451966,-2.7063292005198787,646403a2004e028c1f4e104000b2,30.13,9.3,78.0,6.52,80.14,4.16,178
2025-05-07 05:23:21.619258+00:00,70B3D57ED004558D,Hygro#55:8D,Hygro,Crofts South West Field,56.57950324451966,-2.7063292005198787,646903a2004e02a71f4c104200b3,30.15,9.3,78.0,6.79,80.12,4.16,179
2025-05-07 05:53:55.167856+00:00,70B3D57ED004558D,Hygro#55:8D,Hygro,Crofts South West Field,56.57950324451966,-2.7063292005198787,646403a2004e02db1f48103e00b5,30.13,9.3,78.0,7.31,80.08,4.16,181
2025-05-07 06:09:11.936301+00:00,70B3D57ED004558D,Hygro#55:8D,Hygro,Crofts South West Field,56.57950324451966,-2.7063292005198787,646c0398004d02fa1f48104000b6,30.16,9.2,77.0,7.62,80.08,4.16,182
2025-05-07 06:55:02.252369+00:00,70B3D57ED004558D,Hygro#55:8D,Hygro,Crofts South West Field,56.57950324451966,-2.7063292005198787,64680398004e03791f65104200b9,30.15,9.2,78.0,8.89,80.37,4.16,185
2025-05-07 07:10:19.029201+00:00,70B3D57ED004558D,Hygro#55:8D,Hygro,Crofts South West Field,56.57950324451966,-2.7063292005198787,64630398004e03af1f6c103e00ba,30.13,9.2,78.0,9.43,80.44,4.16,186
2025-05-07 07:25:35.791873+00:00,70B3D57ED004558D,Hygro#55:8D,Hygro,Crofts South West Field,56.57950324451966,-2.7063292005198787,646f0398004e04131f59104000bb,30.17,9.2,78.0,10.43,80.25,4.16,187
2025-05-07 08:41:59.584419+00:00,70B3D57ED004558D,Hygro#55:8D,Hygro,Crofts South West Field,56.57950324451966,-2.7063292005198787,646203a2004e057e1fd8105600c0,30.12,9.3,78.0,14.06,81.52,4.18,192
2025-05-07 08:57:16.336751+00:00,70B3D57ED004558D,Hygro#55:8D,Hygro,Crofts South West Field,56.57950324451966,-2.7063292005198787,646503a2004d05a51f8c105400c1,30.13,9.3,77.0,14.45,80.76,4.18,193
2025-05-07 09:12:33.093975+00:00,70B3D57ED004558D,Hygro#55:8D,Hygro,Crofts South West Field,56.57950324451966,-2.7063292005198787,645903a2004e05f51f70105800c2,30.09,9.3,78.0,15.25,80.48,4.18,194
2025-05-07 09:27:49.849283+00:00,70B3D57ED004558D,Hygro#55:8D,Hygro,Crofts South West Field,56.57950324451966,-2.7063292005198787,646203a2004e06861f96104b00c3,30.12,9.3,78.0,16.7,80.86,4.17,195
2025-05-07 09:43:06.599112+00:00,70B3D57ED004558D,Hygro#55:8D,Hygro,Crofts South West Field,56.57950324451966,-2.7063292005198787,645703a2004e06181fec104900c4,30.08,9.3,78.0,15.6,81.72,4.17,196
2025-05-07 09:58:23.347671+00:00,70B3D57ED004558D,Hygro#55:8D,Hygro,Crofts South West Field,56.57950324451966,-2.7063292005198787,644f03a2004e069b1f65104900c5,30.05,9.3,78.0,16.91,80.37,4.17,197
2025-05-07 10:13:40.101645+00:00,70B3D57ED004558D,Hygro#55:8D,Hygro,Crofts South West Field,56.57950324451966,-2.7063292005198787,644903ab004e067e2002104600c6,30.03,9.39,78.0,16.62,81.94,4.17,198
2025-05-07 10:28:56.850653+00:00,70B3D57ED004558D,Hygro#55:8D,Hygro,Crofts South West Field,56.57950324451966,-2.7063292005198787,644a03ab004d06562032104900c7,30.03,9.39,77.0,16.22,82.42,4.17,199
2025-05-07 10:44:13.603153+00:00,70B3D57ED004558D,Hygro#55:8D,Hygro,Crofts South West Field,56.57950324451966,-2.7063292005198787,644503ab004d0573201e104900c8,30.01,9.39,77.0,13.95,82.22,4.17,200
2025-05-07 10:59:30.362910+00:00,70B3D57ED004558D,Hygro#55:8D,Hygro,Crofts South West Field,56.57950324451966,-2.7063292005198787,644403b6004d05f51fcc104b00c9,30.01,9.5,77.0,15.25,81.4,4.17,201
2025-05-07 11:14:47.108978+00:00,70B3D57ED004558D,Hygro#55:8D,Hygro,Crofts South West Field,56.57950324451966,-2.7063292005198787,644903b6004d06011f90104900ca,30.03,9.5,77.0,15.37,80.8,4.17,202
2025-05-07 11:30:03.865872+00:00,70B3D57ED004558D,Hygro#55:8D,Hygro,Crofts South West Field,56.57950324451966,-2.7063292005198787,643c03b6004d06dc1f89104900cb,29.98,9.5,77.0,17.56,80.73,4.17,203
2025-05-07 11:45:20.623425+00:00,70B3D57ED004558D,Hygro#55:8D,Hygro,Crofts South West Field,56.57950324451966,-2.7063292005198787,643903b6004d06541fcc104900cc,29.96,9.5,77.0,16.2,81.4,4.17,204
2025-05-07 12:00:37.368097+00:00,70B3D57ED004558D,Hygro#55:8D,Hygro,Crofts South West Field,56.57950324451966,-2.7063292005198787,643503c0004e06841fae104600cd,29.95,9.6,78.0,16.68,81.1,4.17,205
2025-05-07 12:15:54.119194+00:00,70B3D57ED004558D,Hygro#55:8D,Hygro,Crofts South West Field,56.57950324451966,-2.7063292005198787,643203c0004d05b41fa0104b00ce,29.94,9.6,77.0,14.6,80.96,4.17,206
2025-05-07 12:46:27.626264+00:00,70B3D57ED004558D,Hygro#55:8D,Hygro,Crofts South West Field,56.57950324451966,-2.7063292005198787,642f03c0004d06091f7b104900d0,29.92,9.6,77.0,15.45,80.59,4.17,208
2025-05-07 13:17:01.139723+00:00,70B3D57ED004558D,Hygro#55:8D,Hygro,Crofts South West Field,56.57950324451966,-2.7063292005198787,642903ca004d05ba1f74104900d2,29.9,9.7,77.0,14.66,80.52,4.17,210
2025-05-07 13:32:17.888352+00:00,70B3D57ED004558D,Hygro#55:8D,Hygro,Crofts South West Field,56.57950324451966,-2.7063292005198787,641f03ca004d05d91f63104600d3,29.86,9.7,77.0,14.97,80.35,4.17,211
2025-05-07 13:47:34.647660+00:00,70B3D57ED004558D,Hygro#55:8D,Hygro,Crofts South West Field,56.57950324451966,-2.7063292005198787,642403d4004d063b1f7b104600d4,29.88,9.8,77.0,15.95,80.59,4.17,212
2025-05-07 14:18:08.144120+00:00,70B3D57ED004558D,Hygro#55:8D,Hygro,Crofts South West Field,56.57950324451966,-2.7063292005198787,641e03d4004d05431f7b104600d6,29.86,9.8,77.0,13.47,80.59,4.17,214
2025-05-07 14:33:24.902986+00:00,70B3D57ED004558D,Hygro#55:8D,Hygro,Crofts South West Field,56.57950324451966,-2.7063292005198787,641403d4004d04f21f59104600d7,29.82,9.8,77.0,12.66,80.25,4.17,215
2025-05-07 15:03:58.417858+00:00,70B3D57ED004558D,Hygro#55:8D,Hygro,Crofts South West Field,56.57950324451966,-2.7063292005198787,641403dd004d059f1f6c104900d9,29.82,9.89,77.0,14.39,80.44,4.17,217
2025-05-07 16:05:05.454458+00:00,70B3D57ED004558D,Hygro#55:8D,Hygro,Crofts South West Field,56.57950324451966,-2.7063292005198787,640203dd004c053d1eff104400dd,29.75,9.89,76.0,13.41,79.35,4.16,221
2025-05-07 16:20:22.205522+00:00,70B3D57ED004558D,Hygro#55:8D,Hygro,Crofts South West Field,56.57950324451966,-2.7063292005198787,640303e8004e04d51f1f104600de,29.75,10.0,78.0,12.37,79.67,4.17,222
2025-05-07 16:35:38.961759+00:00,70B3D57ED004558D,Hygro#55:8D,Hygro,Crofts South West Field,56.57950324451966,-2.7063292005198787,63fd03e8004c046b1f30104600df,29.73,10.0,76.0,11.31,79.84,4.17,223
2025-05-07 16:50:55.724573+00:00,70B3D57ED004558D,Hygro#55:8D,Hygro,Crofts South West Field,56.57950324451966,-2.7063292005198787,63fe03e8004d04d91f09104600e0,29.73,10.0,77.0,12.41,79.45,4.17,224
2025-05-07 17:36:46.007456+00:00,70B3D57ED004558D,Hygro#55:8D,Hygro,Crofts South West Field,56.57950324451966,-2.7063292005198787,63f203e8004d04071ef0104600e3,29.69,10.0,77.0,10.31,79.2,4.17,227
2025-05-07 17:52:02.778833+00:00,70B3D57ED004558D,Hygro#55:8D,Hygro,Crofts South West Field,56.57950324451966,-2.7063292005198787,63f903e8004d03cc1ef8104600e4,29.72,10.0,77.0,9.72,79.28,4.17,228
2025-05-07 18:07:19.543933+00:00,70B3D57ED004558D,Hygro#55:8D,Hygro,Crofts South West Field,56.57950324451966,-2.7063292005198787,63f103e8004c03c21ee5104900e5,29.68,10.0,76.0,9.62,79.09,4.17,229
2025-05-07 18:22:36.311673+00:00,70B3D57ED004558D,Hygro#55:8D,Hygro,Crofts South West Field,56.57950324451966,-2.7063292005198787,63f903e8004d03af1ef3104600e6,29.72,10.0,77.0,9.43,79.23,4.17,230
2025-05-07 18:37:53.071244+00:00,70B3D57ED004558D,Hygro#55:8D,Hygro,Crofts South West Field,56.57950324451966,-2.7063292005198787,63f703e8004d03a91ef8104b00e7,29.71,10.0,77.0,9.37,79.28,4.17,231
2025-05-07 19:54:16.902931+00:00,70B3D57ED004558D,Hygro#55:8D,Hygro,Crofts South West Field,56.57950324451966,-2.7063292005198787,63ed03e8004d023c1eb5104600ec,29.67,10.0,77.0,5.72,78.61,4.17,236
2025-05-07 20:09:33.676236+00:00,70B3D57ED004558D,Hygro#55:8D,Hygro,Crofts South West Field,56.57950324451966,-2.7063292005198787,63ee03e8004c019c1eba104600ed,29.67,10.0,76.0,4.12,78.66,4.17,237
2025-05-07 20:40:07.245213+00:00,70B3D57ED004558D,Hygro#55:8D,Hygro,Crofts South West Field,56.57950324451966,-2.7063292005198787,63ed03dd004c00e11ec1104900ef,29.67,9.89,76.0,2.25,78.73,4.17,239
2025-05-07 21:10:40.820027+00:00,70B3D57ED004558D,Hygro#55:8D,Hygro,Crofts South West Field,56.57950324451966,-2.7063292005198787,63f203dd004c008f1eac104600f1,29.69,9.89,76.0,1.43,78.52,4.17,241
2025-05-07 21:25:57.612459+00:00,70B3D57ED004558D,Hygro#55:8D,Hygro,Crofts South West Field,56.57950324451966,-2.7063292005198787,63f503d4004c00b91eb7104600f2,29.7,9.8,76.0,1.85,78.63,4.17,242
2025-05-07 21:41:14.403475+00:00,70B3D57ED004558D,Hygro#55:8D,Hygro,Crofts South West Field,56.57950324451966,-2.7063292005198787,63ec03d4004c00ed1eac104400f3,29.66,9.8,76.0,2.37,78.52,4.16,243
2025-05-07 21:56:31.181112+00:00,70B3D57ED004558D,Hygro#55:8D,Hygro,Crofts South West Field,56.57950324451966,-2.7063292005198787,63f703d4004c01101ea7104600f4,29.71,9.8,76.0,2.72,78.47,4.17,244
2025-05-07 22:27:04.759549+00:00,70B3D57ED004558D,Hygro#55:8D,Hygro,Crofts South West Field,56.57950324451966,-2.7063292005198787,63f403ca004c01471eb6104600f6,29.7,9.7,76.0,3.27,78.62,4.17,246
2025-05-07 22:42:21.541569+00:00,70B3D57ED004558D,Hygro#55:8D,Hygro,Crofts South West Field,56.57950324451966,-2.7063292005198787,63f603c0004c01791eb9104400f7,29.7,9.6,76.0,3.77,78.65,4.16,247
2025-05-07 22:57:38.320439+00:00,70B3D57ED004558D,Hygro#55:8D,Hygro,Crofts South West Field,56.57950324451966,-2.7063292005198787,63fa03c0004d01961eb0104600f8,29.72,9.6,77.0,4.06,78.56,4.17,248
2025-05-07 23:12:55.103605+00:00,70B3D57ED004558D,Hygro#55:8D,Hygro,Crofts South West Field,56.57950324451966,-2.7063292005198787,63f203c0004d01771eaf104600f9,29.69,9.6,77.0,3.75,78.55,4.17,249
2025-05-07 23:28:11.885051+00:00,70B3D57ED004558D,Hygro#55:8D,Hygro,Crofts South West Field,56.57950324451966,-2.7063292005198787,63fc03b6004d01531ec3104400fa,29.73,9.5,77.0,3.39,78.75,4.16,250
2025-05-07 23:43:28.655323+00:00,70B3D57ED004558D,Hygro#55:8D,Hygro,Crofts South West Field,56.57950324451966,-2.7063292005198787,63f703b6004c01451ed6104400fb,29.71,9.5,76.0,3.25,78.94,4.16,251
2025-05-07 23:58:45.452413+00:00,70B3D57ED004558D,Hygro#55:8D,Hygro,Crofts South West Field,56.57950324451966,-2.7063292005198787,63f103b6004c01321ed3104400fc,29.68,9.5,76.0,3.06,78.91,4.16,252
2025-05-08 00:14:02.244252+00:00,70B3D57ED004558D,Hygro#55:8D,Hygro,Crofts South West Field,56.57950324451966,-2.7063292005198787,63fb03ab004c010e1ed2104600fd,29.72,9.39,76.0,2.7,78.9,4.17,253
2025-05-08 00:29:19.027377+00:00,70B3D57ED004558D,Hygro#55:8D,Hygro,Crofts South West Field,56.57950324451966,-2.7063292005198787,63f103ab004c01231ee2104200fe,29.68,9.39,76.0,2.91,79.06,4.16,254
2025-05-08 00:44:35.812778+00:00,70B3D57ED004558D,Hygro#55:8D,Hygro,Crofts South West Field,56.57950324451966,-2.7063292005198787,63f203ab004d01191ede104400ff,29.69,9.39,77.0,2.81,79.02,4.16,255
2025-05-08 00:59:52.596675+00:00,70B3D57ED004558D,Hygro#55:8D,Hygro,Crofts South West Field,56.57950324451966,-2.7063292005198787,63fb03ab004d01191ecf10460000,29.72,9.39,77.0,2.81,78.87,4.17,0
2025-05-08 01:15:09.378368+00:00,70B3D57ED004558D,Hygro#55:8D,Hygro,Crofts South West Field,56.57950324451966,-2.7063292005198787,63f803a2004d01021edf10440001,29.71,9.3,77.0,2.58,79.03,4.16,1
2025-05-08 02:16:16.527912+00:00,70B3D57ED004558D,Hygro#55:8D,Hygro,Crofts South West Field,56.57950324451966,-2.7063292005198787,63f80398004c01191ee110440005,29.71,9.2,76.0,2.81,79.05,4.16,5
2025-05-08 03:17:23.690842+00:00,70B3D57ED004558D,Hygro#55:8D,Hygro,Crofts South West Field,56.57950324451966,-2.7063292005198787,63f7038e004d00061edf10490009,29.71,9.1,77.0,0.06,79.03,4.17,9
2025-05-08 04:03:14.089094+00:00,70B3D57ED004558D,Hygro#55:8D,Hygro,Crofts South West Field,56.57950324451966,-2.7063292005198787,63f6038e004c00061ed61046000c,29.7,9.1,76.0,0.06,78.94,4.17,12
2025-05-08 04:18:30.885526+00:00,70B3D57ED004558D,Hygro#55:8D,Hygro,Crofts South West Field,56.57950324451966,-2.7063292005198787,63fb0384004cffca1ec61044000d,29.72,9.0,76.0,654.82,78.78,4.16,13
2025-05-08 05:34:54.797406+00:00,70B3D57ED004558D,Hygro#55:8D,Hygro,Crofts South West Field,56.57950324451966,-2.7063292005198787,64030379004d023020b4103e0012,29.75,8.89,77.0,5.6,83.72,4.16,18
2025-05-08 05:50:11.560297+00:00,70B3D57ED004558D,Hygro#55:8D,Hygro,Crofts South West Field,56.57950324451966,-2.7063292005198787,64030370004c031320fa10420013,29.75,8.8,76.0,7.87,84.42,4.16,19
2025-05-08 06:20:45.056338+00:00,70B3D57ED004558D,Hygro#55:8D,Hygro,Crofts South West Field,56.57950324451966,-2.7063292005198787,63fa0370004c051a214a103e0015,29.72,8.8,76.0,13.06,85.22,4.16,21
2025-05-08 06:36:01.811114+00:00,70B3D57ED004558D,Hygro#55:8D,Hygro,Crofts South West Field,56.57950324451966,-2.7063292005198787,64000370004c05ac2142103e0016,29.74,8.8,76.0,14.52,85.14,4.16,22
2025-05-08 07:37:08.800767+00:00,70B3D57ED004558D,Hygro#55:8D,Hygro,Crofts South West Field,56.57950324451966,-2.7063292005198787,63ff0370004c056321491049001a,29.74,8.8,76.0,13.79,85.21,4.17,26
2025-05-08 08:07:42.287821+00:00,70B3D57ED004558D,Hygro#55:8D,Hygro,Crofts South West Field,56.57950324451966,-2.7063292005198787,63f70370004c05fb207b1046001c,29.71,8.8,76.0,15.31,83.15,4.17,28
2025-05-08 08:38:15.752216+00:00,70B3D57ED004558D,Hygro#55:8D,Hygro,Crofts South West Field,56.57950324451966,-2.7063292005198787,63f70370004c06e21f6a1046001e,29.71,8.8,76.0,17.62,80.42,4.17,30
2025-05-08 08:53:32.492329+00:00,70B3D57ED004558D,Hygro#55:8D,Hygro,Crofts South West Field,56.57950324451966,-2.7063292005198787,63f40370004c06781f571044001f,29.7,8.8,76.0,16.56,80.23,4.16,31
2025-05-08 09:24:05.987347+00:00,70B3D57ED004558D,Hygro#55:8D,Hygro,Crofts South West Field,56.57950324451966,-2.7063292005198787,63f00379004c06091f8710440021,29.68,8.89,76.0,15.45,80.71,4.16,33
2025-05-08 09:39:22.732300+00:00,70B3D57ED004558D,Hygro#55:8D,Hygro,Crofts South West Field,56.57950324451966,-2.7063292005198787,63f20379004c05a31f7e10460022,29.69,8.89,76.0,14.43,80.62,4.17,34
2025-05-08 09:54:39.474224+00:00,70B3D57ED004558D,Hygro#55:8D,Hygro,Crofts South West Field,56.57950324451966,-2.7063292005198787,63e60384004c06f51f0310440023,29.64,9.0,76.0,17.81,79.39,4.16,35
2025-05-08 10:09:56.221991+00:00,70B3D57ED004558D,Hygro#55:8D,Hygro,Crofts South West Field,56.57950324451966,-2.7063292005198787,63e90384004c06ff1f3d10460024,29.65,9.0,76.0,17.91,79.97,4.17,36
2025-05-08 10:40:29.713322+00:00,70B3D57ED004558D,Hygro#55:8D,Hygro,Crofts South West Field,56.57950324451966,-2.7063292005198787,63e3038e004c06f51f9f10460026,29.63,9.1,76.0,17.81,80.95,4.17,38
2025-05-08 10:55:46.457784+00:00,70B3D57ED004558D,Hygro#55:8D,Hygro,Crofts South West Field,56.57950324451966,-2.7063292005198787,63d6038e004c07371f6010440027,29.58,9.1,76.0,18.47,80.32,4.16,39
2025-05-08 11:11:03.239027+00:00,70B3D57ED004558D,Hygro#55:8D,Hygro,Crofts South West Field,56.57950324451966,-2.7063292005198787,63d6038e004b07871f7c10460028,29.58,9.1,75.0,19.27,80.6,4.17,40
2025-05-08 11:41:36.695467+00:00,70B3D57ED004558D,Hygro#55:8D,Hygro,Crofts South West Field,56.57950324451966,-2.7063292005198787,63d30398004c08021f1d1046002a,29.57,9.2,76.0,20.5,79.65,4.17,42
2025-05-08 11:56:53.446113+00:00,70B3D57ED004558D,Hygro#55:8D,Hygro,Crofts South West Field,56.57950324451966,-2.7063292005198787,63c703a2004b07d41f431044002b,29.52,9.3,75.0,20.04,80.03,4.16,43
2025-05-08 12:12:10.175530+00:00,70B3D57ED004558D,Hygro#55:8D,Hygro,Crofts South West Field,56.57950324451966,-2.7063292005198787,63c503a2004b084d1f231046002c,29.51,9.3,75.0,21.25,79.71,4.17,44
2025-05-08 12:27:26.928534+00:00,70B3D57ED004558D,Hygro#55:8D,Hygro,Crofts South West Field,56.57950324451966,-2.7063292005198787,63c103ab004b08811f351046002d,29.5,9.39,75.0,21.77,79.89,4.17,45
2025-05-08 12:42:43.673412+00:00,70B3D57ED004558D,Hygro#55:8D,Hygro,Crofts South West Field,56.57950324451966,-2.7063292005198787,63b903ab004b08361ed31044002e,29.47,9.39,75.0,21.02,78.91,4.16,46
2025-05-08 12:58:00.414728+00:00,70B3D57ED004558D,Hygro#55:8D,Hygro,Crofts South West Field,56.57950324451966,-2.7063292005198787,63b503b6004b08401ef91044002f,29.45,9.5,75.0,21.12,79.29,4.16,47
2025-05-08 13:13:17.162305+00:00,70B3D57ED004558D,Hygro#55:8D,Hygro,Crofts South West Field,56.57950324451966,-2.7063292005198787,63b503b6004a07eb1eec10440030,29.45,9.5,74.0,20.27,79.16,4.16,48
2025-05-08 13:43:50.652434+00:00,70B3D57ED004558D,Hygro#55:8D,Hygro,Crofts South West Field,56.57950324451966,-2.7063292005198787,63a903c0004b08041ebc10460032,29.4,9.6,75.0,20.52,78.68,4.17,50
2025-05-08 13:59:07.390648+00:00,70B3D57ED004558D,Hygro#55:8D,Hygro,Crofts South West Field,56.57950324451966,-2.7063292005198787,639f03ca004c08231e8a10490033,29.37,9.7,76.0,20.83,78.18,4.17,51
2025-05-08 14:14:24.146604+00:00,70B3D57ED004558D,Hygro#55:8D,Hygro,Crofts South West Field,56.57950324451966,-2.7063292005198787,639c03ca004b08211e9f10440034,29.35,9.7,75.0,20.81,78.39,4.16,52
2025-05-08 14:29:40.887588+00:00,70B3D57ED004558D,Hygro#55:8D,Hygro,Crofts South West Field,56.57950324451966,-2.7063292005198787,639103d4004b08481e9d10440035,29.31,9.8,75.0,21.2,78.37,4.16,53
2025-05-08 14:44:57.633683+00:00,70B3D57ED004558D,Hygro#55:8D,Hygro,Crofts South West Field,56.57950324451966,-2.7063292005198787,638a03d4004b07f31e8710420036,29.28,9.8,75.0,20.35,78.15,4.16,54
2025-05-08 15:00:14.375864+00:00,70B3D57ED004558D,Hygro#55:8D,Hygro,Crofts South West Field,56.57950324451966,-2.7063292005198787,638703dd004b08021e9310440037,29.27,9.89,75.0,20.5,78.27,4.16,55
2025-05-08 15:15:31.131205+00:00,70B3D57ED004558D,Hygro#55:8D,Hygro,Crofts South West Field,56.57950324451966,-2.7063292005198787,638703e8004a07971e4d10490038,29.27,10.0,74.0,19.43,77.57,4.17,56
2025-05-08 15:30:47.877757+00:00,70B3D57ED004558D,Hygro#55:8D,Hygro,Crofts South West Field,56.57950324451966,-2.7063292005198787,637d03e8004a07971e4e10440039,29.23,10.0,74.0,19.43,77.58,4.16,57
2025-05-08 15:46:04.622348+00:00,70B3D57ED004558D,Hygro#55:8D,Hygro,Crofts South West Field,56.57950324451966,-2.7063292005198787,638203e8004b07b01e291044003a,29.25,10.0,75.0,19.68,77.21,4.16,58
2025-05-08 16:01:21.380349+00:00,70B3D57ED004558D,Hygro#55:8D,Hygro,Crofts South West Field,56.57950324451966,-2.7063292005198787,637403f2004b06ec1d921044003b,29.2,10.1,75.0,17.72,75.7,4.16,59
2025-05-08 16:16:38.120455+00:00,70B3D57ED004558D,Hygro#55:8D,Hygro,Crofts South West Field,56.57950324451966,-2.7063292005198787,637203f2004a06fb1d4e1049003c,29.19,10.1,74.0,17.87,75.02,4.17,60
2025-05-08 16:31:54.872958+00:00,70B3D57ED004558D,Hygro#55:8D,Hygro,Crofts South West Field,56.57950324451966,-2.7063292005198787,637003f2004b06fb1d441046003d,29.18,10.1,75.0,17.87,74.92,4.17,61
2025-05-08 16:47:11.621718+00:00,70B3D57ED004558D,Hygro#55:8D,Hygro,Crofts South West Field,56.57950324451966,-2.7063292005198787,637203fc004b067e1d161046003e,29.19,10.2,75.0,16.62,74.46,4.17,62
2025-05-08 17:17:45.127432+00:00,70B3D57ED004558D,Hygro#55:8D,Hygro,Crofts South West Field,56.57950324451966,-2.7063292005198787,636a03fc004b05cb1d7810440040,29.16,10.2,75.0,14.83,75.44,4.16,64
2025-05-08 17:33:01.877285+00:00,70B3D57ED004558D,Hygro#55:8D,Hygro,Crofts South West Field,56.57950324451966,-2.7063292005198787,636603fc004a05521e5910460041,29.15,10.2,74.0,13.62,77.69,4.17,65
2025-05-08 17:48:18.630639+00:00,70B3D57ED004558D,Hygro#55:8D,Hygro,Crofts South West Field,56.57950324451966,-2.7063292005198787,636603fc004b05371d6010420042,29.15,10.2,75.0,13.35,75.2,4.16,66
2025-05-08 18:03:35.395771+00:00,70B3D57ED004558D,Hygro#55:8D,Hygro,Crofts South West Field,56.57950324451966,-2.7063292005198787,63600406004b05141dd610440043,29.12,10.3,75.0,13.0,76.38,4.16,67
2025-05-08 18:18:52.148796+00:00,70B3D57ED004558D,Hygro#55:8D,Hygro,Crofts South West Field,56.57950324451966,-2.7063292005198787,63610406004b04b81cf510440044,29.13,10.3,75.0,12.08,74.13,4.16,68
2025-05-08 19:50:32.715582+00:00,70B3D57ED004558D,Hygro#55:8D,Hygro,Crofts South West Field,56.57950324451966,-2.7063292005198787,635603fc004a03711df21040004a,29.08,10.2,74.0,8.81,76.66,4.16,74
2025-05-08 20:21:06.254097+00:00,70B3D57ED004558D,Hygro#55:8D,Hygro,Crofts South West Field,56.57950324451966,-2.7063292005198787,635703fc004a032c1e421044004c,29.09,10.2,74.0,8.12,77.46,4.16,76
2025-05-08 20:36:23.025191+00:00,70B3D57ED004558D,Hygro#55:8D,Hygro,Crofts South West Field,56.57950324451966,-2.7063292005198787,635603fc0049031b1e4e1044004d,29.08,10.2,73.0,7.95,77.58,4.16,77
2025-05-08 21:37:30.116593+00:00,70B3D57ED004558D,Hygro#55:8D,Hygro,Crofts South West Field,56.57950324451966,-2.7063292005198787,635603f2004a02e71e6a10440051,29.08,10.1,74.0,7.43,77.86,4.16,81
2025-05-08 21:52:46.886497+00:00,70B3D57ED004558D,Hygro#55:8D,Hygro,Crofts South West Field,56.57950324451966,-2.7063292005198787,635103f2004a02ca1e6b10420052,29.06,10.1,74.0,7.14,77.87,4.16,82
2025-05-08 22:08:03.667069+00:00,70B3D57ED004558D,Hygro#55:8D,Hygro,Crofts South West Field,56.57950324451966,-2.7063292005198787,635303f2004b02b71e7210440053,29.07,10.1,75.0,6.95,77.94,4.16,83
2025-05-08 22:53:54.016157+00:00,70B3D57ED004558D,Hygro#55:8D,Hygro,Crofts South West Field,56.57950324451966,-2.7063292005198787,635203e8004b01fc1e7010420056,29.07,10.0,75.0,5.08,77.92,4.16,86
2025-05-08 23:39:44.374982+00:00,70B3D57ED004558D,Hygro#55:8D,Hygro,Crofts South West Field,56.57950324451966,-2.7063292005198787,635a03dd004b011d1e6310420059,29.1,9.89,75.0,2.85,77.79,4.16,89
2025-05-09 00:25:34.755287+00:00,70B3D57ED004558D,Hygro#55:8D,Hygro,Crofts South West Field,56.57950324451966,-2.7063292005198787,635903dd004b00a81e581044005c,29.09,9.89,75.0,1.68,77.68,4.16,92
2025-05-09 00:40:51.554552+00:00,70B3D57ED004558D,Hygro#55:8D,Hygro,Crofts South West Field,56.57950324451966,-2.7063292005198787,635b03d4004a00d61e7e1040005d,29.1,9.8,74.0,2.14,78.06,4.16,93
2025-05-09 00:56:08.344839+00:00,70B3D57ED004558D,Hygro#55:8D,Hygro,Crofts South West Field,56.57950324451966,-2.7063292005198787,635903d4004a00af1e4f1042005e,29.09,9.8,74.0,1.75,77.59,4.16,94
2025-05-09 01:11:25.147862+00:00,70B3D57ED004558D,Hygro#55:8D,Hygro,Crofts South West Field,56.57950324451966,-2.7063292005198787,635c03d4004900b11e5c1044005f,29.11,9.8,73.0,1.77,77.72,4.16,95
2025-05-09 01:57:15.521986+00:00,70B3D57ED004558D,Hygro#55:8D,Hygro,Crofts South West Field,56.57950324451966,-2.7063292005198787,636003c0004a01381e7010440062,29.12,9.6,74.0,3.12,77.92,4.16,98
2025-05-09 02:12:32.316290+00:00,70B3D57ED004558D,Hygro#55:8D,Hygro,Crofts South West Field,56.57950324451966,-2.7063292005198787,635903c0004a01701e7010420063,29.09,9.6,74.0,3.68,77.92,4.16,99
2025-05-09 03:44:13.032672+00:00,70B3D57ED004558D,Hygro#55:8D,Hygro,Crofts South West Field,56.57950324451966,-2.7063292005198787,635e03ab004a01551eac10400069,29.11,9.39,74.0,3.41,78.52,4.16,105
2025-05-09 03:59:29.826844+00:00,70B3D57ED004558D,Hygro#55:8D,Hygro,Crofts South West Field,56.57950324451966,-2.7063292005198787,636703ab004a01511e9e1044006a,29.15,9.39,74.0,3.37,78.38,4.16,106
2025-05-09 04:14:46.605691+00:00,70B3D57ED004558D,Hygro#55:8D,Hygro,Crofts South West Field,56.57950324451966,-2.7063292005198787,636a03a3004a01421ea11046006b,29.16,9.31,74.0,3.22,78.41,4.17,107
2025-05-09 04:45:20.183298+00:00,70B3D57ED004558D,Hygro#55:8D,Hygro,Crofts South West Field,56.57950324451966,-2.7063292005198787,636403a2004a01891e901046006d,29.14,9.3,74.0,3.93,78.24,4.17,109
2025-05-09 06:01:44.064466+00:00,70B3D57ED004558D,Hygro#55:8D,Hygro,Crofts South West Field,56.57950324451966,-2.7063292005198787,63600398004a03131ff8103e0072,29.12,9.2,74.0,7.87,81.84,4.16,114
2025-05-09 06:17:00.826109+00:00,70B3D57ED004558D,Hygro#55:8D,Hygro,Crofts South West Field,56.57950324451966,-2.7063292005198787,63640398004a039d204d10400073,29.14,9.2,74.0,9.25,82.69,4.16,115
2025-05-09 07:18:07.833782+00:00,70B3D57ED004558D,Hygro#55:8D,Hygro,Crofts South West Field,56.57950324451966,-2.7063292005198787,6362038e004a053d20d510400077,29.13,9.1,74.0,13.41,84.05,4.16,119
2025-05-09 07:48:41.320118+00:00,70B3D57ED004558D,Hygro#55:8D,Hygro,Crofts South West Field,56.57950324451966,-2.7063292005198787,6364038e004a0607207a103b0079,29.14,9.1,74.0,15.43,83.14,4.16,121
2025-05-09 08:03:58.061600+00:00,70B3D57ED004558D,Hygro#55:8D,Hygro,Crofts South West Field,56.57950324451966,-2.7063292005198787,63660398004a06161feb103b007a,29.15,9.2,74.0,15.58,81.71,4.16,122
2025-05-09 08:34:31.566416+00:00,70B3D57ED004558D,Hygro#55:8D,Hygro,Crofts South West Field,56.57950324451966,-2.7063292005198787,63670398004a06aa1f5b104f007c,29.15,9.2,74.0,17.06,80.27,4.17,124
2025-05-09 08:49:48.307668+00:00,70B3D57ED004558D,Hygro#55:8D,Hygro,Crofts South West Field,56.57950324451966,-2.7063292005198787,63570398004a073e1e811051007d,29.09,9.2,74.0,18.54,78.09,4.18,125
2025-05-09 09:05:05.050617+00:00,70B3D57ED004558D,Hygro#55:8D,Hygro,Crofts South West Field,56.57950324451966,-2.7063292005198787,63630398004a070a1e621054007e,29.13,9.2,74.0,18.02,77.78,4.18,126
2025-05-09 09:20:21.791344+00:00,70B3D57ED004558D,Hygro#55:8D,Hygro,Crofts South West Field,56.57950324451966,-2.7063292005198787,635c03a2004a07ac1e4e1049007f,29.11,9.3,74.0,19.64,77.58,4.17,127
2025-05-09 09:35:38.532719+00:00,70B3D57ED004558D,Hygro#55:8D,Hygro,Crofts South West Field,56.57950324451966,-2.7063292005198787,634e03a2004a08511e70104b0080,29.05,9.3,74.0,21.29,77.92,4.17,128
2025-05-09 09:50:55.270756+00:00,70B3D57ED004558D,Hygro#55:8D,Hygro,Crofts South West Field,56.57950324451966,-2.7063292005198787,634e03a2004a087f1e6b10490081,29.05,9.3,74.0,21.75,77.87,4.17,129
2025-05-09 10:06:12.023075+00:00,70B3D57ED004558D,Hygro#55:8D,Hygro,Crofts South West Field,56.57950324451966,-2.7063292005198787,634e03a2004a091b1e80104d0082,29.05,9.3,74.0,23.31,78.08,4.17,130
2025-05-09 10:21:28.758102+00:00,70B3D57ED004558D,Hygro#55:8D,Hygro,Crofts South West Field,56.57950324451966,-2.7063292005198787,634c03ab004a094b1e9c104b0083,29.04,9.39,74.0,23.79,78.36,4.17,131
2025-05-09 10:36:45.499254+00:00,70B3D57ED004558D,Hygro#55:8D,Hygro,Crofts South West Field,56.57950324451966,-2.7063292005198787,634d03ab004908e01ea110490084,29.05,9.39,73.0,22.72,78.41,4.17,132
2025-05-09 10:52:02.242165+00:00,70B3D57ED004558D,Hygro#55:8D,Hygro,Crofts South West Field,56.57950324451966,-2.7063292005198787,634403b6004a08e01ec110490085,29.01,9.5,74.0,22.72,78.73,4.17,133
2025-05-09 11:07:18.982193+00:00,70B3D57ED004558D,Hygro#55:8D,Hygro,Crofts South West Field,56.57950324451966,-2.7063292005198787,633b03b60049092b1ee5104b0086,28.98,9.5,73.0,23.47,79.09,4.17,134
2025-05-09 11:22:35.734451+00:00,70B3D57ED004558D,Hygro#55:8D,Hygro,Crofts South West Field,56.57950324451966,-2.7063292005198787,633d03c0004a09a61ed910460087,28.99,9.6,74.0,24.7,78.97,4.17,135
2025-05-09 11:53:09.200262+00:00,70B3D57ED004558D,Hygro#55:8D,Hygro,Crofts South West Field,56.57950324451966,-2.7063292005198787,632b03ca004a09721ec110460089,28.92,9.7,74.0,24.18,78.73,4.17,137
2025-05-09 12:38:59.438483+00:00,70B3D57ED004558D,Hygro#55:8D,Hygro,Crofts South West Field,56.57950324451966,-2.7063292005198787,631303dd004a09b11e901049008c,28.82,9.89,74.0,24.81,78.24,4.17,140
2025-05-09 13:09:32.915883+00:00,70B3D57ED004558D,Hygro#55:8D,Hygro,Crofts South West Field,56.57950324451966,-2.7063292005198787,630a03e8004909591e8f1049008e,28.79,10.0,73.0,23.93,78.23,4.17,142
2025-05-09 13:24:49.656960+00:00,70B3D57ED004558D,Hygro#55:8D,Hygro,Crofts South West Field,56.57950324451966,-2.7063292005198787,630a03f20049090a1eab1049008f,28.79,10.1,73.0,23.14,78.51,4.17,143
2025-05-09 13:40:06.405688+00:00,70B3D57ED004558D,Hygro#55:8D,Hygro,Crofts South West Field,56.57950324451966,-2.7063292005198787,62fe03fc0048090e1e44104b0090,28.74,10.2,72.0,23.18,77.48,4.17,144
2025-05-09 13:55:23.160634+00:00,70B3D57ED004558D,Hygro#55:8D,Hygro,Crofts South West Field,56.57950324451966,-2.7063292005198787,62fa03fc0049090e1e6710440091,28.73,10.2,73.0,23.18,77.83,4.16,145
2025-05-09 14:10:39.906308+00:00,70B3D57ED004558D,Hygro#55:8D,Hygro,Crofts South West Field,56.57950324451966,-2.7063292005198787,62f104060048091d1e1e10460092,28.69,10.3,72.0,23.33,77.1,4.17,146
2025-05-09 14:25:56.650606+00:00,70B3D57ED004558D,Hygro#55:8D,Hygro,Crofts South West Field,56.57950324451966,-2.7063292005198787,62f10410004908fc1e2a10490093,28.69,10.4,73.0,23.0,77.22,4.17,147
2025-05-09 14:41:13.400114+00:00,70B3D57ED004558D,Hygro#55:8D,Hygro,Crofts South West Field,56.57950324451966,-2.7063292005198787,62e90410004908b31e1510440094,28.66,10.4,73.0,22.27,77.01,4.16,148
2025-05-09 14:56:30.144577+00:00,70B3D57ED004558D,Hygro#55:8D,Hygro,Crofts South West Field,56.57950324451966,-2.7063292005198787,62dd041a004908e91e1d10440095,28.61,10.5,73.0,22.81,77.09,4.16,149
2025-05-09 15:11:46.890491+00:00,70B3D57ED004558D,Hygro#55:8D,Hygro,Crofts South West Field,56.57950324451966,-2.7063292005198787,62dd04240049089a1e0310460096,28.61,10.6,73.0,22.02,76.83,4.17,150
2025-05-09 15:27:03.638585+00:00,70B3D57ED004558D,Hygro#55:8D,Hygro,Crofts South West Field,56.57950324451966,-2.7063292005198787,62dc04240049088b1e0610490097,28.61,10.6,73.0,21.87,76.86,4.17,151
2025-05-09 15:57:37.133773+00:00,70B3D57ED004558D,Hygro#55:8D,Hygro,Crofts South West Field,56.57950324451966,-2.7063292005198787,62d0042e004808141d9510460099,28.56,10.7,72.0,20.68,75.73,4.17,153
2025-05-09 16:12:53.888804+00:00,70B3D57ED004558D,Hygro#55:8D,Hygro,Crofts South West Field,56.57950324451966,-2.7063292005198787,62d1042e0048083e1d1b1046009a,28.57,10.7,72.0,21.1,74.51,4.17,154
2025-05-09 16:28:10.624710+00:00,70B3D57ED004558D,Hygro#55:8D,Hygro,Crofts South West Field,56.57950324451966,-2.7063292005198787,62c504380048078b1cec1044009b,28.52,10.8,72.0,19.31,74.04,4.16,155
2025-05-09 16:43:27.379983+00:00,70B3D57ED004558D,Hygro#55:8D,Hygro,Crofts South West Field,56.57950324451966,-2.7063292005198787,62c20438004807081c8f1046009c,28.51,10.8,72.0,18.0,73.11,4.17,156
2025-05-09 16:58:44.136903+00:00,70B3D57ED004558D,Hygro#55:8D,Hygro,Crofts South West Field,56.57950324451966,-2.7063292005198787,62ba0438004807101c8c1046009d,28.48,10.8,72.0,18.08,73.08,4.17,157
2025-05-09 17:14:00.887619+00:00,70B3D57ED004558D,Hygro#55:8D,Hygro,Crofts South West Field,56.57950324451966,-2.7063292005198787,62be0438004906931cb81042009e,28.49,10.8,73.0,16.83,73.52,4.16,158
2025-05-09 17:29:17.639749+00:00,70B3D57ED004558D,Hygro#55:8D,Hygro,Crofts South West Field,56.57950324451966,-2.7063292005198787,62bd0442004806651ca21046009f,28.49,10.9,72.0,16.37,73.3,4.17,159
2025-05-09 18:15:07.911007+00:00,70B3D57ED004558D,Hygro#55:8D,Hygro,Crofts South West Field,56.57950324451966,-2.7063292005198787,62bc04420049057e1bc0104600a2,28.49,10.9,73.0,14.06,71.04,4.17,162
2025-05-09 18:30:24.666541+00:00,70B3D57ED004558D,Hygro#55:8D,Hygro,Crofts South West Field,56.57950324451966,-2.7063292005198787,62b504420048054a1c11104900a3,28.46,10.9,72.0,13.54,71.85,4.17,163
2025-05-09 18:45:41.423650+00:00,70B3D57ED004558D,Hygro#55:8D,Hygro,Crofts South West Field,56.57950324451966,-2.7063292005198787,62b20442004805011c2f104900a4,28.45,10.9,72.0,12.81,72.15,4.17,164
2025-05-09 19:00:58.184467+00:00,70B3D57ED004558D,Hygro#55:8D,Hygro,Crofts South West Field,56.57950324451966,-2.7063292005198787,62bc0442004904801c56104b00a5,28.49,10.9,73.0,11.52,72.54,4.17,165
2025-05-09 19:46:48.472822+00:00,70B3D57ED004558D,Hygro#55:8D,Hygro,Crofts South West Field,56.57950324451966,-2.7063292005198787,62ae0440004803b61c91104600a8,28.43,10.88,72.0,9.5,73.13,4.17,168
2025-05-09 20:02:05.251114+00:00,70B3D57ED004558D,Hygro#55:8D,Hygro,Crofts South West Field,56.57950324451966,-2.7063292005198787,62b00438004802f81d3b104600a9,28.44,10.8,72.0,7.6,74.83,4.17,169
2025-05-09 20:17:22.031993+00:00,70B3D57ED004558D,Hygro#55:8D,Hygro,Crofts South West Field,56.57950324451966,-2.7063292005198787,62b304380048028c1d8f104600aa,28.45,10.8,72.0,6.52,75.67,4.17,170
2025-05-09 21:33:46.120901+00:00,70B3D57ED004558D,Hygro#55:8D,Hygro,Crofts South West Field,56.57950324451966,-2.7063292005198787,62b7042e004802751de1104600af,28.47,10.7,72.0,6.29,76.49,4.17,175
2025-05-09 22:04:19.516809+00:00,70B3D57ED004558D,Hygro#55:8D,Hygro,Crofts South West Field,56.57950324451966,-2.7063292005198787,62b20424004902981de7104400b1,28.45,10.6,73.0,6.64,76.55,4.16,177
2025-05-09 22:50:09.844923+00:00,70B3D57ED004558D,Hygro#55:8D,Hygro,Crofts South West Field,56.57950324451966,-2.7063292005198787,62b4041a004802db1e02104600b4,28.45,10.5,72.0,7.31,76.82,4.17,180
2025-05-09 23:05:26.619632+00:00,70B3D57ED004558D,Hygro#55:8D,Hygro,Crofts South West Field,56.57950324451966,-2.7063292005198787,62b7041a004802f41e13104400b5,28.47,10.5,72.0,7.56,76.99,4.16,181
2025-05-09 23:36:00.175987+00:00,70B3D57ED004558D,Hygro#55:8D,Hygro,Crofts South West Field,56.57950324451966,-2.7063292005198787,62c00410004902d01e09104400b7,28.5,10.4,73.0,7.2,76.89,4.16,183
2025-05-09 23:51:16.958943+00:00,70B3D57ED004558D,Hygro#55:8D,Hygro,Crofts South West Field,56.57950324451966,-2.7063292005198787,62b50410004802b51e1e104900b8,28.46,10.4,72.0,6.93,77.1,4.17,184
2025-05-10 00:06:33.743191+00:00,70B3D57ED004558D,Hygro#55:8D,Hygro,Crofts South West Field,56.57950324451966,-2.7063292005198787,62bf0406004902961e1d104600b9,28.5,10.3,73.0,6.62,77.09,4.17,185
2025-05-10 00:37:07.313726+00:00,70B3D57ED004558D,Hygro#55:8D,Hygro,Crofts South West Field,56.57950324451966,-2.7063292005198787,62b70406004a02531e38104600bb,28.47,10.3,74.0,5.95,77.36,4.17,187
2025-05-10 01:07:40.879606+00:00,70B3D57ED004558D,Hygro#55:8D,Hygro,Crofts South West Field,56.57950324451966,-2.7063292005198787,62bb03fc004802a91e36104200bd,28.48,10.2,72.0,6.81,77.34,4.16,189
2025-05-10 01:22:57.652152+00:00,70B3D57ED004558D,Hygro#55:8D,Hygro,Crofts South West Field,56.57950324451966,-2.7063292005198787,62b903fc004902a71e27104600be,28.47,10.2,73.0,6.79,77.19,4.17,190
2025-05-10 01:53:31.229129+00:00,70B3D57ED004558D,Hygro#55:8D,Hygro,Crofts South West Field,56.57950324451966,-2.7063292005198787,62c003fc0048026a1e2f104400c0,28.5,10.2,72.0,6.18,77.27,4.16,192
2025-05-10 02:54:38.353963+00:00,70B3D57ED004558D,Hygro#55:8D,Hygro,Crofts South West Field,56.57950324451966,-2.7063292005198787,62c503f2004901101e62104400c4,28.52,10.1,73.0,2.72,77.78,4.16,196
2025-05-10 03:40:28.721262+00:00,70B3D57ED004558D,Hygro#55:8D,Hygro,Crofts South West Field,56.57950324451966,-2.7063292005198787,62c403e8004801661e37104400c7,28.52,10.0,72.0,3.58,77.35,4.16,199
2025-05-10 03:55:45.507690+00:00,70B3D57ED004558D,Hygro#55:8D,Hygro,Crofts South West Field,56.57950324451966,-2.7063292005198787,62c003e8004801b31e2e104600c8,28.5,10.0,72.0,4.35,77.26,4.17,200
2025-05-10 04:11:02.471692+00:00,70B3D57ED004558D,Hygro#55:8D,Hygro,Crofts South West Field,56.57950324451966,-2.7063292005198787,62bf03dd004801b51e16104600c9,28.5,9.89,72.0,4.37,77.02,4.17,201
2025-05-10 04:26:19.083410+00:00,70B3D57ED004558D,Hygro#55:8D,Hygro,Crofts South West Field,56.57950324451966,-2.7063292005198787,62be03dd004801c61e37104200ca,28.49,9.89,72.0,4.54,77.35,4.16,202
2025-05-10 04:56:52.814665+00:00,70B3D57ED004558D,Hygro#55:8D,Hygro,Crofts South West Field,56.57950324451966,-2.7063292005198787,62c203d40048027f1ee4104200cc,28.51,9.8,72.0,6.39,79.08,4.16,204
2025-05-10 05:12:09.404038+00:00,70B3D57ED004558D,Hygro#55:8D,Hygro,Crofts South West Field,56.57950324451966,-2.7063292005198787,62cc03d4004902ce1f73104600cd,28.55,9.8,73.0,7.18,80.51,4.17,205
2025-05-10 05:42:42.936531+00:00,70B3D57ED004558D,Hygro#55:8D,Hygro,Crofts South West Field,56.57950324451966,-2.7063292005198787,62ca03d40048039d205a104400cf,28.54,9.8,72.0,9.25,82.82,4.16,207
2025-05-10 06:13:16.454368+00:00,70B3D57ED004558D,Hygro#55:8D,Hygro,Crofts South West Field,56.57950324451966,-2.7063292005198787,62c103ca00470439207d104400d1,28.5,9.7,71.0,10.81,83.17,4.16,209
2025-05-10 06:28:33.217469+00:00,70B3D57ED004558D,Hygro#55:8D,Hygro,Crofts South West Field,56.57950324451966,-2.7063292005198787,62cb03ca00490471208b104200d2,28.54,9.7,73.0,11.37,83.31,4.16,210
2025-05-10 07:14:23.463511+00:00,70B3D57ED004558D,Hygro#55:8D,Hygro,Crofts South West Field,56.57950324451966,-2.7063292005198787,62c303ca0048055620ac104400d5,28.51,9.7,72.0,13.66,83.64,4.16,213
2025-05-10 07:29:40.208243+00:00,70B3D57ED004558D,Hygro#55:8D,Hygro,Crofts South West Field,56.57950324451966,-2.7063292005198787,62c903ca004805b22078104000d6,28.54,9.7,72.0,14.58,83.12,4.16,214
2025-05-10 07:44:57.129328+00:00,70B3D57ED004558D,Hygro#55:8D,Hygro,Crofts South West Field,56.57950324451966,-2.7063292005198787,62c203ca004805ff2047103e00d7,28.51,9.7,72.0,15.35,82.63,4.16,215
2025-05-10 08:15:30.462153+00:00,70B3D57ED004558D,Hygro#55:8D,Hygro,Crofts South West Field,56.57950324451966,-2.7063292005198787,62cc03ca004806312001104d00d9,28.55,9.7,72.0,15.85,81.93,4.17,217
2025-05-10 08:30:47.201180+00:00,70B3D57ED004558D,Hygro#55:8D,Hygro,Crofts South West Field,56.57950324451966,-2.7063292005198787,62c603ca004806591f74105100da,28.52,9.7,72.0,16.25,80.52,4.18,218
2025-05-10 08:46:03.950675+00:00,70B3D57ED004558D,Hygro#55:8D,Hygro,Crofts South West Field,56.57950324451966,-2.7063292005198787,62bd03ca004806a41f06104b00db,28.49,9.7,72.0,17.0,79.42,4.17,219
2025-05-10 09:01:20.693194+00:00,70B3D57ED004558D,Hygro#55:8D,Hygro,Crofts South West Field,56.57950324451966,-2.7063292005198787,62bc03ca004806b01f00104900dc,28.49,9.7,72.0,17.12,79.36,4.17,220
2025-05-10 10:02:27.654136+00:00,70B3D57ED004558D,Hygro#55:8D,Hygro,Crofts South West Field,56.57950324451966,-2.7063292005198787,62b303d4004708a21e61104b00e0,28.45,9.8,71.0,22.1,77.77,4.17,224
2025-05-10 11:34:08.078861+00:00,70B3D57ED004558D,Hygro#55:8D,Hygro,Crofts South West Field,56.57950324451966,-2.7063292005198787,629c03f2004609dd1e9e104400e6,28.36,10.1,70.0,25.25,78.38,4.16,230
2025-05-10 12:04:41.556625+00:00,70B3D57ED004558D,Hygro#55:8D,Hygro,Crofts South West Field,56.57950324451966,-2.7063292005198787,628703fc004709d01e9d104600e8,28.28,10.2,71.0,25.12,78.37,4.17,232
2025-05-10 12:35:15.033608+00:00,70B3D57ED004558D,Hygro#55:8D,Hygro,Crofts South West Field,56.57950324451966,-2.7063292005198787,627e0410004709e31e62104900ea,28.25,10.4,71.0,25.31,77.78,4.17,234
2025-05-10 12:50:31.778809+00:00,70B3D57ED004558D,Hygro#55:8D,Hygro,Crofts South West Field,56.57950324451966,-2.7063292005198787,627c041a004709ab1e3b104900eb,28.24,10.5,71.0,24.75,77.39,4.17,235
2025-05-10 13:05:48.526986+00:00,70B3D57ED004558D,Hygro#55:8D,Hygro,Crofts South West Field,56.57950324451966,-2.7063292005198787,6270041a0047098f1e32104600ec,28.19,10.5,71.0,24.47,77.3,4.17,236
2025-05-10 13:36:22.001487+00:00,70B3D57ED004558D,Hygro#55:8D,Hygro,Crofts South West Field,56.57950324451966,-2.7063292005198787,6266042e004709641de9104600ee,28.15,10.7,71.0,24.04,76.57,4.17,238
2025-05-10 13:51:38.750879+00:00,70B3D57ED004558D,Hygro#55:8D,Hygro,Crofts South West Field,56.57950324451966,-2.7063292005198787,625d042e0048094d1dc7104900ef,28.12,10.7,72.0,23.81,76.23,4.17,239
2025-05-10 14:06:55.496583+00:00,70B3D57ED004558D,Hygro#55:8D,Hygro,Crofts South West Field,56.57950324451966,-2.7063292005198787,625604380049094d1dd8104400f0,28.09,10.8,73.0,23.81,76.4,4.16,240
2025-05-10 14:37:28.985674+00:00,70B3D57ED004558D,Hygro#55:8D,Hygro,Crofts South West Field,56.57950324451966,-2.7063292005198787,62530442004708e31d8b104400f2,28.08,10.9,71.0,22.75,75.63,4.16,242
2025-05-10 14:52:45.734518+00:00,70B3D57ED004558D,Hygro#55:8D,Hygro,Crofts South West Field,56.57950324451966,-2.7063292005198787,62480442004708c11d9d104600f3,28.04,10.9,71.0,22.41,75.81,4.17,243
2025-05-10 15:08:02.643291+00:00,70B3D57ED004558D,Hygro#55:8D,Hygro,Crofts South West Field,56.57950324451966,-2.7063292005198787,6247044c004708681d78104b00f4,28.03,11.0,71.0,21.52,75.44,4.17,244
2025-05-10 15:23:19.233927+00:00,70B3D57ED004558D,Hygro#55:8D,Hygro,Crofts South West Field,56.57950324451966,-2.7063292005198787,623b044c004608911d7c104600f5,27.99,11.0,70.0,21.93,75.48,4.17,245
2025-05-10 15:38:35.983814+00:00,70B3D57ED004558D,Hygro#55:8D,Hygro,Crofts South West Field,56.57950324451966,-2.7063292005198787,623204560047080a1d8c104600f6,27.95,11.1,71.0,20.58,75.64,4.17,246
2025-05-10 15:53:52.727900+00:00,70B3D57ED004558D,Hygro#55:8D,Hygro,Crofts South West Field,56.57950324451966,-2.7063292005198787,623004560046080c1d5d104600f7,27.94,11.1,70.0,20.6,75.17,4.17,247
2025-05-10 16:09:09.484207+00:00,70B3D57ED004558D,Hygro#55:8D,Hygro,Crofts South West Field,56.57950324451966,-2.7063292005198787,622a0456004708081ce0104b00f8,27.92,11.1,71.0,20.56,73.92,4.17,248
2025-05-10 16:24:26.228216+00:00,70B3D57ED004558D,Hygro#55:8D,Hygro,Crofts South West Field,56.57950324451966,-2.7063292005198787,622f0460004607911c84104600f9,27.94,11.2,70.0,19.37,73.0,4.17,249
2025-05-10 16:39:42.986097+00:00,70B3D57ED004558D,Hygro#55:8D,Hygro,Crofts South West Field,56.57950324451966,-2.7063292005198787,622804600046073a1c79104400fa,27.91,11.2,70.0,18.5,72.89,4.16,250
2025-05-10 16:54:59.726510+00:00,70B3D57ED004558D,Hygro#55:8D,Hygro,Crofts South West Field,56.57950324451966,-2.7063292005198787,621b0460004706c71c4c104400fb,27.86,11.2,71.0,17.35,72.44,4.16,251
2025-05-10 17:10:16.490553+00:00,70B3D57ED004558D,Hygro#55:8D,Hygro,Crofts South West Field,56.57950324451966,-2.7063292005198787,621c0460004506c31c5f104400fc,27.86,11.2,69.0,17.31,72.63,4.16,252
2025-05-10 17:56:06.752822+00:00,70B3D57ED004558D,Hygro#55:8D,Hygro,Crofts South West Field,56.57950324451966,-2.7063292005198787,6214046a004605d11c3a104600ff,27.83,11.3,70.0,14.89,72.26,4.17,255
2025-05-10 18:11:23.501932+00:00,70B3D57ED004558D,Hygro#55:8D,Hygro,Crofts South West Field,56.57950324451966,-2.7063292005198787,621c046a004705a11be710440000,27.86,11.3,71.0,14.41,71.43,4.16,0
2025-05-10 18:41:57.021787+00:00,70B3D57ED004558D,Hygro#55:8D,Hygro,Crofts South West Field,56.57950324451966,-2.7063292005198787,62150460004605181c0b10490002,27.84,11.2,70.0,13.04,71.79,4.17,2
2025-05-10 18:57:13.783235+00:00,70B3D57ED004558D,Hygro#55:8D,Hygro,Crofts South West Field,56.57950324451966,-2.7063292005198787,621c0460004604c21c2c10440003,27.86,11.2,70.0,12.18,72.12,4.16,3
2025-05-10 19:58:20.834312+00:00,70B3D57ED004558D,Hygro#55:8D,Hygro,Crofts South West Field,56.57950324451966,-2.7063292005198787,62100460004603751cfd104b0007,27.82,11.2,70.0,8.85,74.21,4.17,7
2025-05-10 20:44:11.169191+00:00,70B3D57ED004558D,Hygro#55:8D,Hygro,Crofts South West Field,56.57950324451966,-2.7063292005198787,620f04560046028a1d741049000a,27.81,11.1,70.0,6.5,75.4,4.17,10
2025-05-10 21:30:01.521651+00:00,70B3D57ED004558D,Hygro#55:8D,Hygro,Crofts South West Field,56.57950324451966,-2.7063292005198787,621b044c0046025a1d8e1044000d,27.86,11.0,70.0,6.02,75.66,4.16,13
2025-05-10 21:45:18.301310+00:00,70B3D57ED004558D,Hygro#55:8D,Hygro,Crofts South West Field,56.57950324451966,-2.7063292005198787,6212044c004701fa1d731049000e,27.83,11.0,71.0,5.06,75.39,4.17,14
2025-05-10 22:46:25.433755+00:00,70B3D57ED004558D,Hygro#55:8D,Hygro,Crofts South West Field,56.57950324451966,-2.7063292005198787,62190439004602791da610460012,27.85,10.81,70.0,6.33,75.9,4.17,18
2025-05-10 23:32:15.932624+00:00,70B3D57ED004558D,Hygro#55:8D,Hygro,Crofts South West Field,56.57950324451966,-2.7063292005198787,6217042e004601f11dbf10440015,27.85,10.7,70.0,4.97,76.15,4.16,21
2025-05-11 00:02:49.367614+00:00,70B3D57ED004558D,Hygro#55:8D,Hygro,Crofts South West Field,56.57950324451966,-2.7063292005198787,6217042e004601fc1dbf10460017,27.85,10.7,70.0,5.08,76.15,4.17,23
2025-05-11 00:33:22.910669+00:00,70B3D57ED004558D,Hygro#55:8D,Hygro,Crofts South West Field,56.57950324451966,-2.7063292005198787,621b04240046022a1dd510460019,27.86,10.6,70.0,5.54,76.37,4.17,25
2025-05-11 01:03:56.498675+00:00,70B3D57ED004558D,Hygro#55:8D,Hygro,Crofts South West Field,56.57950324451966,-2.7063292005198787,622004240046019a1dc01046001b,27.88,10.6,70.0,4.1,76.16,4.17,27
2025-05-11 01:19:13.292576+00:00,70B3D57ED004558D,Hygro#55:8D,Hygro,Crofts South West Field,56.57950324451966,-2.7063292005198787,621a041a004601ab1dea1046001c,27.86,10.5,70.0,4.27,76.58,4.17,28
2025-05-11 02:35:37.243210+00:00,70B3D57ED004558D,Hygro#55:8D,Hygro,Crofts South West Field,56.57950324451966,-2.7063292005198787,6223040f004600fe1ddd10460021,27.89,10.39,70.0,2.54,76.45,4.17,33
2025-05-11 02:50:54.042071+00:00,70B3D57ED004558D,Hygro#55:8D,Hygro,Crofts South West Field,56.57950324451966,-2.7063292005198787,62220406004701831de010460022,27.89,10.3,71.0,3.87,76.48,4.17,34
2025-05-11 03:21:27.635448+00:00,70B3D57ED004558D,Hygro#55:8D,Hygro,Crofts South West Field,56.57950324451966,-2.7063292005198787,62230406004600fc1dcc10440024,27.89,10.3,70.0,2.52,76.28,4.16,36
2025-05-11 04:37:51.591411+00:00,70B3D57ED004558D,Hygro#55:8D,Hygro,Crofts South West Field,56.57950324451966,-2.7063292005198787,622503f2004601a91dd710440029,27.9,10.1,70.0,4.25,76.39,4.16,41
2025-05-11 04:53:08.382504+00:00,70B3D57ED004558D,Hygro#55:8D,Hygro,Crofts South West Field,56.57950324451966,-2.7063292005198787,622203e8004701a21dee1044002a,27.89,10.0,71.0,4.18,76.62,4.16,42
2025-05-11 05:08:25.181032+00:00,70B3D57ED004558D,Hygro#55:8D,Hygro,Crofts South West Field,56.57950324451966,-2.7063292005198787,622803e8004601dd1df01042002b,27.91,10.0,70.0,4.77,76.64,4.16,43
2025-05-11 05:23:41.959273+00:00,70B3D57ED004558D,Hygro#55:8D,Hygro,Crofts South West Field,56.57950324451966,-2.7063292005198787,622903e8004602411e201040002c,27.92,10.0,70.0,5.77,77.12,4.16,44
2025-05-11 05:38:58.735129+00:00,70B3D57ED004558D,Hygro#55:8D,Hygro,Crofts South West Field,56.57950324451966,-2.7063292005198787,622603dd004602af1e5c1044002d,27.9,9.89,70.0,6.87,77.72,4.16,45
2025-05-11 06:09:32.276611+00:00,70B3D57ED004558D,Hygro#55:8D,Hygro,Crofts South West Field,56.57950324451966,-2.7063292005198787,622b03dd004603ea1f60103e002f,27.92,9.89,70.0,10.02,80.32,4.16,47
2025-05-11 06:24:49.181597+00:00,70B3D57ED004558D,Hygro#55:8D,Hygro,Crofts South West Field,56.57950324451966,-2.7063292005198787,622903dd0046045e1f9f103e0030,27.92,9.89,70.0,11.18,80.95,4.16,48
2025-05-11 06:55:22.554654+00:00,70B3D57ED004558D,Hygro#55:8D,Hygro,Crofts South West Field,56.57950324451966,-2.7063292005198787,622e03dc0045049f1fdb10490032,27.93,9.88,69.0,11.83,81.55,4.17,50
2025-05-11 07:10:39.302107+00:00,70B3D57ED004558D,Hygro#55:8D,Hygro,Crofts South West Field,56.57950324451966,-2.7063292005198787,622703d40046053b1fa4104d0033,27.91,9.8,70.0,13.39,81.0,4.17,51
2025-05-11 07:25:56.075877+00:00,70B3D57ED004558D,Hygro#55:8D,Hygro,Crofts South West Field,56.57950324451966,-2.7063292005198787,622c03d40045054e1f5b104d0034,27.93,9.8,69.0,13.58,80.27,4.17,52
2025-05-11 07:56:29.577440+00:00,70B3D57ED004558D,Hygro#55:8D,Hygro,Crofts South West Field,56.57950324451966,-2.7063292005198787,623403d4004606881f5710490036,27.96,9.8,70.0,16.72,80.23,4.17,54
2025-05-11 09:12:53.331189+00:00,70B3D57ED004558D,Hygro#55:8D,Hygro,Crofts South West Field,56.57950324451966,-2.7063292005198787,622b03dd0047075d1ea21049003b,27.92,9.89,71.0,18.85,78.42,4.17,59
2025-05-11 09:28:10.079220+00:00,70B3D57ED004558D,Hygro#55:8D,Hygro,Crofts South West Field,56.57950324451966,-2.7063292005198787,622103e8004607bf1e5c1044003c,27.88,10.0,70.0,19.83,77.72,4.16,60
2025-05-11 09:43:26.827710+00:00,70B3D57ED004558D,Hygro#55:8D,Hygro,Crofts South West Field,56.57950324451966,-2.7063292005198787,621f03e8004507bd1e761046003d,27.88,10.0,69.0,19.81,77.98,4.17,61
2025-05-11 09:58:43.567948+00:00,70B3D57ED004558D,Hygro#55:8D,Hygro,Crofts South West Field,56.57950324451966,-2.7063292005198787,621403e8004507e91ea31044003e,27.83,10.0,69.0,20.25,78.43,4.16,62
2025-05-11 10:29:17.070602+00:00,70B3D57ED004558D,Hygro#55:8D,Hygro,Crofts South West Field,56.57950324451966,-2.7063292005198787,620c03f2004608e01e9810420040,27.8,10.1,70.0,22.72,78.32,4.16,64
2025-05-11 10:44:33.819158+00:00,70B3D57ED004558D,Hygro#55:8D,Hygro,Crofts South West Field,56.57950324451966,-2.7063292005198787,621203f2004608a61ee010440041,27.83,10.1,70.0,22.14,79.04,4.16,65
2025-05-11 10:59:50.563346+00:00,70B3D57ED004558D,Hygro#55:8D,Hygro,Crofts South West Field,56.57950324451966,-2.7063292005198787,620403fc004609101e4b10440042,27.77,10.2,70.0,23.2,77.55,4.16,66
2025-05-11 11:15:07.313754+00:00,70B3D57ED004558D,Hygro#55:8D,Hygro,Crofts South West Field,56.57950324451966,-2.7063292005198787,61fe03fc004608cc1e6710460043,27.75,10.2,70.0,22.52,77.83,4.17,67
2025-05-11 11:30:24.057630+00:00,70B3D57ED004558D,Hygro#55:8D,Hygro,Crofts South West Field,56.57950324451966,-2.7063292005198787,62000406004507bb1ea010420044,27.76,10.3,69.0,19.79,78.4,4.16,68
2025-05-11 11:45:40.971340+00:00,70B3D57ED004558D,Hygro#55:8D,Hygro,Crofts South West Field,56.57950324451966,-2.7063292005198787,61f50406004607a41ec910460045,27.71,10.3,70.0,19.56,78.81,4.17,69
2025-05-11 12:00:57.549585+00:00,70B3D57ED004558D,Hygro#55:8D,Hygro,Crofts South West Field,56.57950324451966,-2.7063292005198787,61f70410004509171e3110440046,27.72,10.4,69.0,23.27,77.29,4.16,70
2025-05-11 12:16:14.297371+00:00,70B3D57ED004558D,Hygro#55:8D,Hygro,Crofts South West Field,56.57950324451966,-2.7063292005198787,61ee0410004607891eaa10400047,27.69,10.4,70.0,19.29,78.5,4.16,71
2025-05-11 12:31:31.057590+00:00,70B3D57ED004558D,Hygro#55:8D,Hygro,Crofts South West Field,56.57950324451966,-2.7063292005198787,61e3041a004507b01e5e10460048,27.64,10.5,69.0,19.68,77.74,4.17,72
2025-05-11 12:46:47.815236+00:00,70B3D57ED004558D,Hygro#55:8D,Hygro,Crofts South West Field,56.57950324451966,-2.7063292005198787,61e2041a004507b71e1c10440049,27.64,10.5,69.0,19.75,77.08,4.16,73
2025-05-11 13:02:04.567721+00:00,70B3D57ED004558D,Hygro#55:8D,Hygro,Crofts South West Field,56.57950324451966,-2.7063292005198787,61e004240045075b1e571046004a,27.63,10.6,69.0,18.83,77.67,4.17,74
2025-05-11 13:17:21.309571+00:00,70B3D57ED004558D,Hygro#55:8D,Hygro,Crofts South West Field,56.57950324451966,-2.7063292005198787,61d20424004506ef1e2c1044004b,27.58,10.6,69.0,17.75,77.24,4.16,75
2025-05-11 13:32:38.067633+00:00,70B3D57ED004558D,Hygro#55:8D,Hygro,Crofts South West Field,56.57950324451966,-2.7063292005198787,61d7042e004507bd1e711044004c,27.6,10.7,69.0,19.81,77.93,4.16,76
2025-05-11 13:47:54.987427+00:00,70B3D57ED004558D,Hygro#55:8D,Hygro,Crofts South West Field,56.57950324451966,-2.7063292005198787,61d2042e0045081f1dfa1044004d,27.58,10.7,69.0,20.79,76.74,4.16,77
2025-05-11 14:03:11.580550+00:00,70B3D57ED004558D,Hygro#55:8D,Hygro,Crofts South West Field,56.57950324451966,-2.7063292005198787,61ca04380045075f1e211046004e,27.55,10.8,69.0,18.87,77.13,4.17,78
2025-05-11 14:18:28.328292+00:00,70B3D57ED004558D,Hygro#55:8D,Hygro,Crofts South West Field,56.57950324451966,-2.7063292005198787,61c20438004508231e311044004f,27.52,10.8,69.0,20.83,77.29,4.16,79
2025-05-11 14:33:45.070563+00:00,70B3D57ED004558D,Hygro#55:8D,Hygro,Crofts South West Field,56.57950324451966,-2.7063292005198787,61c30438004408021de910440050,27.52,10.8,68.0,20.5,76.57,4.16,80
2025-05-11 14:49:01.839138+00:00,70B3D57ED004558D,Hygro#55:8D,Hygro,Crofts South West Field,56.57950324451966,-2.7063292005198787,61b404420045078d1df310490051,27.46,10.9,69.0,19.33,76.67,4.17,81
2025-05-11 15:19:35.356159+00:00,70B3D57ED004558D,Hygro#55:8D,Hygro,Crofts South West Field,56.57950324451966,-2.7063292005198787,61af0442004505f51e5110440053,27.44,10.9,69.0,15.25,77.61,4.16,83
2025-05-11 15:34:52.106313+00:00,70B3D57ED004558D,Hygro#55:8D,Hygro,Crofts South West Field,56.57950324451966,-2.7063292005198787,61b2044c004505c91e3310440054,27.45,11.0,69.0,14.81,77.31,4.16,84
2025-05-11 15:50:08.874722+00:00,70B3D57ED004558D,Hygro#55:8D,Hygro,Crofts South West Field,56.57950324451966,-2.7063292005198787,61a6044c004506331e4110420055,27.41,11.0,69.0,15.87,77.45,4.16,85
2025-05-11 16:20:42.565130+00:00,70B3D57ED004558D,Hygro#55:8D,Hygro,Crofts South West Field,56.57950324451966,-2.7063292005198787,619e04560045056b1db710400057,27.38,11.1,69.0,13.87,76.07,4.16,87
2025-05-11 16:35:59.149218+00:00,70B3D57ED004558D,Hygro#55:8D,Hygro,Crofts South West Field,56.57950324451966,-2.7063292005198787,61a00456004505541e1810420058,27.38,11.1,69.0,13.64,77.04,4.16,88
2025-05-11 16:51:15.902974+00:00,70B3D57ED004558D,Hygro#55:8D,Hygro,Crofts South West Field,56.57950324451966,-2.7063292005198787,61a204560043054a1dfe10460059,27.39,11.1,67.0,13.54,76.78,4.17,89
2025-05-11 17:06:32.824750+00:00,70B3D57ED004558D,Hygro#55:8D,Hygro,Crofts South West Field,56.57950324451966,-2.7063292005198787,61a00456004505331ddd1046005a,27.38,11.1,69.0,13.31,76.45,4.17,90
2025-05-11 17:21:49.428497+00:00,70B3D57ED004558D,Hygro#55:8D,Hygro,Crofts South West Field,56.57950324451966,-2.7063292005198787,619e0456004504e81daa1042005b,27.38,11.1,69.0,12.56,75.94,4.16,91
2025-05-11 18:07:39.722708+00:00,70B3D57ED004558D,Hygro#55:8D,Hygro,Crofts South West Field,56.57950324451966,-2.7063292005198787,61940456004504691d5c1042005e,27.34,11.1,69.0,11.29,75.16,4.16,94
2025-05-11 18:22:56.633712+00:00,70B3D57ED004558D,Hygro#55:8D,Hygro,Crofts South West Field,56.57950324451966,-2.7063292005198787,619e0456004504651da21042005f,27.38,11.1,69.0,11.25,75.86,4.16,95
2025-05-11 18:53:30.027600+00:00,70B3D57ED004558D,Hygro#55:8D,Hygro,Crofts South West Field,56.57950324451966,-2.7063292005198787,61920456004404451d7310460061,27.33,11.1,68.0,10.93,75.39,4.17,97
2025-05-11 21:11:00.983234+00:00,70B3D57ED004558D,Hygro#55:8D,Hygro,Crofts South West Field,56.57950324451966,-2.7063292005198787,618f04560044035a1dfa1042006a,27.32,11.1,68.0,8.58,76.74,4.16,106
2025-05-11 21:26:17.761376+00:00,70B3D57ED004558D,Hygro#55:8D,Hygro,Crofts South West Field,56.57950324451966,-2.7063292005198787,6193044c004503541dfa1040006b,27.33,11.0,69.0,8.52,76.74,4.16,107
2025-05-11 21:56:51.308611+00:00,70B3D57ED004558D,Hygro#55:8D,Hygro,Crofts South West Field,56.57950324451966,-2.7063292005198787,6195044c004503191e0b1042006d,27.34,11.0,69.0,7.93,76.91,4.16,109
2025-05-11 22:12:08.084555+00:00,70B3D57ED004558D,Hygro#55:8D,Hygro,Crofts South West Field,56.57950324451966,-2.7063292005198787,6191044c004402e71df81042006e,27.33,11.0,68.0,7.43,76.72,4.16,110
2025-05-11 22:42:41.636803+00:00,70B3D57ED004558D,Hygro#55:8D,Hygro,Crofts South West Field,56.57950324451966,-2.7063292005198787,618f044c0044029e1e0f10420070,27.32,11.0,68.0,6.7,76.95,4.16,112
2025-05-11 23:13:15.196207+00:00,70B3D57ED004558D,Hygro#55:8D,Hygro,Crofts South West Field,56.57950324451966,-2.7063292005198787,619b0442004402fc1df310400072,27.36,10.9,68.0,7.64,76.67,4.16,114
2025-05-11 23:43:48.744227+00:00,70B3D57ED004558D,Hygro#55:8D,Hygro,Crofts South West Field,56.57950324451966,-2.7063292005198787,619a0442004502f41e1610420074,27.36,10.9,69.0,7.56,77.02,4.16,116
2025-05-11 23:59:05.533082+00:00,70B3D57ED004558D,Hygro#55:8D,Hygro,Crofts South West Field,56.57950324451966,-2.7063292005198787,61960438004402fe1e2010420075,27.35,10.8,68.0,7.66,77.12,4.16,117
2025-05-12 00:14:22.307656+00:00,70B3D57ED004558D,Hygro#55:8D,Hygro,Crofts South West Field,56.57950324451966,-2.7063292005198787,619104380044030d1e1910400076,27.33,10.8,68.0,7.81,77.05,4.16,118
2025-05-12 00:29:39.086124+00:00,70B3D57ED004558D,Hygro#55:8D,Hygro,Crofts South West Field,56.57950324451966,-2.7063292005198787,619a0438004502fe1e1b10420077,27.36,10.8,69.0,7.66,77.07,4.16,119
2025-05-12 00:44:55.863865+00:00,70B3D57ED004558D,Hygro#55:8D,Hygro,Crofts South West Field,56.57950324451966,-2.7063292005198787,61970438004502d21e1f10420078,27.35,10.8,69.0,7.22,77.11,4.16,120
2025-05-12 01:00:12.646447+00:00,70B3D57ED004558D,Hygro#55:8D,Hygro,Crofts South West Field,56.57950324451966,-2.7063292005198787,61a4042e004402e51e2910400079,27.4,10.7,68.0,7.41,77.21,4.16,121
2025-05-12 02:16:36.540458+00:00,70B3D57ED004558D,Hygro#55:8D,Hygro,Crofts South West Field,56.57950324451966,-2.7063292005198787,61990424004503021e591040007e,27.36,10.6,69.0,7.7,77.69,4.16,126
2025-05-12 03:33:00.417180+00:00,70B3D57ED004558D,Hygro#55:8D,Hygro,Crofts South West Field,56.57950324451966,-2.7063292005198787,61980424004503391e6c10420083,27.35,10.6,69.0,8.25,77.88,4.16,131
2025-05-12 03:48:17.198235+00:00,70B3D57ED004558D,Hygro#55:8D,Hygro,Crofts South West Field,56.57950324451966,-2.7063292005198787,619704240045032c1e75103e0084,27.35,10.6,69.0,8.12,77.97,4.16,132
2025-05-12 04:49:24.293213+00:00,70B3D57ED004558D,Hygro#55:8D,Hygro,Crofts South West Field,56.57950324451966,-2.7063292005198787,61a5041a004403361e8610400088,27.4,10.5,68.0,8.22,78.14,4.16,136
2025-05-12 05:19:57.850424+00:00,70B3D57ED004558D,Hygro#55:8D,Hygro,Crofts South West Field,56.57950324451966,-2.7063292005198787,619e041a004503221e921042008a,27.38,10.5,69.0,8.02,78.26,4.16,138
2025-05-12 06:05:48.163566+00:00,70B3D57ED004558D,Hygro#55:8D,Hygro,Crofts South West Field,56.57950324451966,-2.7063292005198787,619d041a0045035c1e901040008d,27.37,10.5,69.0,8.6,78.24,4.16,141
2025-05-12 06:21:04.938287+00:00,70B3D57ED004558D,Hygro#55:8D,Hygro,Crofts South West Field,56.57950324451966,-2.7063292005198787,61a3041a004403601e941044008e,27.4,10.5,68.0,8.64,78.28,4.16,142
2025-05-12 08:08:02.350242+00:00,70B3D57ED004558D,Hygro#55:8D,Hygro,Crofts South West Field,56.57950324451966,-2.7063292005198787,61a0041a0045040d1ebd103e0095,27.38,10.5,69.0,10.37,78.69,4.16,149
2025-05-12 08:23:19.120081+00:00,70B3D57ED004558D,Hygro#55:8D,Hygro,Crofts South West Field,56.57950324451966,-2.7063292005198787,619f041a004504351ebe10400096,27.38,10.5,69.0,10.77,78.7,4.16,150
2025-05-12 10:10:16.469884+00:00,70B3D57ED004558D,Hygro#55:8D,Hygro,Crofts South West Field,56.57950324451966,-2.7063292005198787,61980424004405711eda104d009d,27.35,10.6,68.0,13.93,78.98,4.17,157
2025-05-12 10:25:33.227776+00:00,70B3D57ED004558D,Hygro#55:8D,Hygro,Crofts South West Field,56.57950324451966,-2.7063292005198787,61910424004406291efb1049009e,27.33,10.6,68.0,15.77,79.31,4.17,158
2025-05-12 10:40:49.992267+00:00,70B3D57ED004558D,Hygro#55:8D,Hygro,Crofts South West Field,56.57950324451966,-2.7063292005198787,61950424004405c71ee01049009f,27.34,10.6,68.0,14.79,79.04,4.17,159
2025-05-12 10:56:06.757387+00:00,70B3D57ED004558D,Hygro#55:8D,Hygro,Crofts South West Field,56.57950324451966,-2.7063292005198787,61910424004506881eea104900a0,27.33,10.6,69.0,16.72,79.14,4.17,160
2025-05-12 11:11:23.508346+00:00,70B3D57ED004558D,Hygro#55:8D,Hygro,Crofts South West Field,56.57950324451966,-2.7063292005198787,618f04240044071e1ef3104900a1,27.32,10.6,68.0,18.22,79.23,4.17,161
2025-05-12 11:57:13.762657+00:00,70B3D57ED004558D,Hygro#55:8D,Hygro,Crofts South West Field,56.57950324451966,-2.7063292005198787,6183042e004407c71f06104900a4,27.27,10.7,68.0,19.91,79.42,4.17,164
2025-05-12 12:12:30.502599+00:00,70B3D57ED004558D,Hygro#55:8D,Hygro,Crofts South West Field,56.57950324451966,-2.7063292005198787,617e04380043078b1eea104b00a5,27.25,10.8,67.0,19.31,79.14,4.17,165
2025-05-12 12:58:20.773322+00:00,70B3D57ED004558D,Hygro#55:8D,Hygro,Crofts South West Field,56.57950324451966,-2.7063292005198787,616f04420045081f1ece104600a8,27.19,10.9,69.0,20.79,78.86,4.17,168
2025-05-12 13:28:54.263461+00:00,70B3D57ED004558D,Hygro#55:8D,Hygro,Crofts South West Field,56.57950324451966,-2.7063292005198787,6166044c004307c11e71104600aa,27.16,11.0,67.0,19.85,77.93,4.17,170
2025-05-12 13:44:11.008686+00:00,70B3D57ED004558D,Hygro#55:8D,Hygro,Crofts South West Field,56.57950324451966,-2.7063292005198787,61560456004307dc1e7a104600ab,27.1,11.1,67.0,20.12,78.02,4.17,171
2025-05-12 14:45:18.006901+00:00,70B3D57ED004558D,Hygro#55:8D,Hygro,Crofts South West Field,56.57950324451966,-2.7063292005198787,6143046a004307991e64104200af,27.02,11.3,67.0,19.45,77.8,4.16,175
2025-05-12 15:31:08.256907+00:00,70B3D57ED004558D,Hygro#55:8D,Hygro,Crofts South West Field,56.57950324451966,-2.7063292005198787,613004740043074a1e26104600b2,26.95,11.4,67.0,18.66,77.18,4.17,178
2025-05-12 15:46:25.008847+00:00,70B3D57ED004558D,Hygro#55:8D,Hygro,Crofts South West Field,56.57950324451966,-2.7063292005198787,6130047e004307571e0b104600b3,26.95,11.5,67.0,18.79,76.91,4.17,179
2025-05-12 16:01:41.756958+00:00,70B3D57ED004558D,Hygro#55:8D,Hygro,Crofts South West Field,56.57950324451966,-2.7063292005198787,612b047e004306ef1dac104600b4,26.93,11.5,67.0,17.75,75.96,4.17,180
2025-05-12 16:32:15.272311+00:00,70B3D57ED004558D,Hygro#55:8D,Hygro,Crofts South West Field,56.57950324451966,-2.7063292005198787,612604880043065b1d61104400b6,26.91,11.6,67.0,16.27,75.21,4.16,182
2025-05-12 16:47:32.033392+00:00,70B3D57ED004558D,Hygro#55:8D,Hygro,Crofts South West Field,56.57950324451966,-2.7063292005198787,612004880043065f1d64104400b7,26.89,11.6,67.0,16.31,75.24,4.16,183
2025-05-12 17:33:22.303582+00:00,70B3D57ED004558D,Hygro#55:8D,Hygro,Crofts South West Field,56.57950324451966,-2.7063292005198787,611a04920043059f1d8d104400ba,26.86,11.7,67.0,14.39,75.65,4.16,186
2025-05-12 17:48:39.057264+00:00,70B3D57ED004558D,Hygro#55:8D,Hygro,Crofts South West Field,56.57950324451966,-2.7063292005198787,61180492004305371d7b104400bb,26.86,11.7,67.0,13.35,75.47,4.16,187
2025-05-12 18:34:29.361410+00:00,70B3D57ED004558D,Hygro#55:8D,Hygro,Crofts South West Field,56.57950324451966,-2.7063292005198787,61110492004304d31d41104400be,26.83,11.7,67.0,12.35,74.89,4.16,190
2025-05-12 18:49:46.122552+00:00,70B3D57ED004558D,Hygro#55:8D,Hygro,Crofts South West Field,56.57950324451966,-2.7063292005198787,61180492004304861d53104400bf,26.86,11.7,67.0,11.58,75.07,4.16,191
2025-05-12 19:05:02.915542+00:00,70B3D57ED004558D,Hygro#55:8D,Hygro,Crofts South West Field,56.57950324451966,-2.7063292005198787,61120492004304521d98104900c0,26.83,11.7,67.0,11.06,75.76,4.17,192
2025-05-12 19:20:19.664960+00:00,70B3D57ED004558D,Hygro#55:8D,Hygro,Crofts South West Field,56.57950324451966,-2.7063292005198787,611504920043042a1dc4104600c1,26.84,11.7,67.0,10.66,76.2,4.17,193
2025-05-12 19:50:53.204858+00:00,70B3D57ED004558D,Hygro#55:8D,Hygro,Crofts South West Field,56.57950324451966,-2.7063292005198787,61130488004403b61ddf104b00c3,26.84,11.6,68.0,9.5,76.47,4.17,195
2025-05-12 20:06:09.995340+00:00,70B3D57ED004558D,Hygro#55:8D,Hygro,Crofts South West Field,56.57950324451966,-2.7063292005198787,61180488004403881e06104600c4,26.86,11.6,68.0,9.04,76.86,4.17,196
2025-05-12 20:52:00.302208+00:00,70B3D57ED004558D,Hygro#55:8D,Hygro,Crofts South West Field,56.57950324451966,-2.7063292005198787,61190488004303711e3d104200c7,26.86,11.6,67.0,8.81,77.41,4.16,199
2025-05-12 21:22:33.854072+00:00,70B3D57ED004558D,Hygro#55:8D,Hygro,Crofts South West Field,56.57950324451966,-2.7063292005198787,6115047e0043037d1e5d104600c9,26.84,11.5,67.0,8.93,77.73,4.17,201
2025-05-12 21:37:50.637669+00:00,70B3D57ED004558D,Hygro#55:8D,Hygro,Crofts South West Field,56.57950324451966,-2.7063292005198787,6114047e004503711e66104200ca,26.84,11.5,69.0,8.81,77.82,4.16,202
2025-05-12 21:53:07.403619+00:00,70B3D57ED004558D,Hygro#55:8D,Hygro,Crofts South West Field,56.57950324451966,-2.7063292005198787,611c047e004303711e71104400cb,26.87,11.5,67.0,8.81,77.93,4.16,203
2025-05-12 22:23:40.961507+00:00,70B3D57ED004558D,Hygro#55:8D,Hygro,Crofts South West Field,56.57950324451966,-2.7063292005198787,61170474004403731e81104400cd,26.85,11.4,68.0,8.83,78.09,4.16,205
2025-05-12 23:09:31.276956+00:00,70B3D57ED004558D,Hygro#55:8D,Hygro,Crofts South West Field,56.57950324451966,-2.7063292005198787,61190474004303711e9d104600d0,26.86,11.4,67.0,8.81,78.37,4.17,208
2025-05-12 23:24:48.062455+00:00,70B3D57ED004558D,Hygro#55:8D,Hygro,Crofts South West Field,56.57950324451966,-2.7063292005198787,611804740043036d1e9e104200d1,26.86,11.4,67.0,8.77,78.38,4.16,209
2025-05-13 06:17:21.147551+00:00,70B3D57ED004558D,Hygro#55:8D,Hygro,Crofts South West Field,56.57950324451966,-2.7063292005198787,612604240043040f2142104200ec,26.91,10.6,67.0,10.39,85.14,4.16,236
2025-05-13 07:18:28.162760+00:00,70B3D57ED004558D,Hygro#55:8D,Hygro,Crofts South West Field,56.57950324451966,-2.7063292005198787,6134042400430569209f103e00f0,26.97,10.6,67.0,13.85,83.51,4.16,240
2025-05-13 08:19:35.165176+00:00,70B3D57ED004558D,Hygro#55:8D,Hygro,Crofts South West Field,56.57950324451966,-2.7063292005198787,61310424004306372024105400f4,26.95,10.6,67.0,15.91,82.28,4.18,244
2025-05-13 08:34:51.928865+00:00,70B3D57ED004558D,Hygro#55:8D,Hygro,Crofts South West Field,56.57950324451966,-2.7063292005198787,61340424004406561fa0105600f5,26.97,10.6,68.0,16.22,80.96,4.18,245
2025-05-13 09:05:25.409586+00:00,70B3D57ED004558D,Hygro#55:8D,Hygro,Crofts South West Field,56.57950324451966,-2.7063292005198787,61310424004306de1f78104900f7,26.95,10.6,67.0,17.58,80.56,4.17,247
2025-05-13 09:20:42.164870+00:00,70B3D57ED004558D,Hygro#55:8D,Hygro,Crofts South West Field,56.57950324451966,-2.7063292005198787,61200424004307211f38104600f8,26.89,10.6,67.0,18.25,79.92,4.17,248
2025-05-13 09:35:58.906116+00:00,70B3D57ED004558D,Hygro#55:8D,Hygro,Crofts South West Field,56.57950324451966,-2.7063292005198787,6120042e004307721f39104900f9,26.89,10.7,67.0,19.06,79.93,4.17,249
2025-05-13 10:21:49.128312+00:00,70B3D57ED004558D,Hygro#55:8D,Hygro,Crofts South West Field,56.57950324451966,-2.7063292005198787,61170438004208021f31104600fc,26.85,10.8,66.0,20.5,79.85,4.17,252
2025-05-13 10:37:05.862464+00:00,70B3D57ED004558D,Hygro#55:8D,Hygro,Crofts South West Field,56.57950324451966,-2.7063292005198787,610d0438004207f51f58104b00fd,26.81,10.8,66.0,20.37,80.24,4.17,253
2025-05-13 11:53:29.595529+00:00,70B3D57ED004558D,Hygro#55:8D,Hygro,Crofts South West Field,56.57950324451966,-2.7063292005198787,60f9044c004207ef1f3f104b0002,26.74,11.0,66.0,20.31,79.99,4.17,2
2025-05-13 12:54:36.575348+00:00,70B3D57ED004558D,Hygro#55:8D,Hygro,Crofts South West Field,56.57950324451966,-2.7063292005198787,60de046a004307dc1eee10460006,26.63,11.3,67.0,20.12,79.18,4.17,6
2025-05-13 13:09:53.331612+00:00,70B3D57ED004558D,Hygro#55:8D,Hygro,Crofts South West Field,56.57950324451966,-2.7063292005198787,60de046a004208101eb910490007,26.63,11.3,66.0,20.64,78.65,4.17,7
2025-05-13 13:25:10.077107+00:00,70B3D57ED004558D,Hygro#55:8D,Hygro,Crofts South West Field,56.57950324451966,-2.7063292005198787,60d704740042082d1e9d10460008,26.6,11.4,66.0,20.93,78.37,4.17,8
2025-05-13 14:11:00.321154+00:00,70B3D57ED004558D,Hygro#55:8D,Hygro,Crofts South West Field,56.57950324451966,-2.7063292005198787,60c4047e004207971e801044000b,26.53,11.5,66.0,19.43,78.08,4.16,11
2025-05-13 14:41:33.816754+00:00,70B3D57ED004558D,Hygro#55:8D,Hygro,Crofts South West Field,56.57950324451966,-2.7063292005198787,60b80492004206ac1e881046000d,26.48,11.7,66.0,17.08,78.16,4.17,13
2025-05-13 15:27:24.094310+00:00,70B3D57ED004558D,Hygro#55:8D,Hygro,Crofts South West Field,56.57950324451966,-2.7063292005198787,60af049c004104cd1ea0104b0010,26.45,11.8,65.0,12.29,78.4,4.17,16
2025-05-13 15:57:57.608702+00:00,70B3D57ED004558D,Hygro#55:8D,Hygro,Crofts South West Field,56.57950324451966,-2.7063292005198787,60a404a6004104f41ee310460012,26.41,11.9,65.0,12.68,79.07,4.17,18
2025-05-13 16:13:14.378303+00:00,70B3D57ED004558D,Hygro#55:8D,Hygro,Crofts South West Field,56.57950324451966,-2.7063292005198787,60a204a6004104e41ea610460013,26.4,11.9,65.0,12.52,78.46,4.17,19
2025-05-13 16:43:47.891970+00:00,70B3D57ED004558D,Hygro#55:8D,Hygro,Crofts South West Field,56.57950324451966,-2.7063292005198787,60a004a6004104581ebf10460015,26.39,11.9,65.0,11.12,78.71,4.17,21
2025-05-13 17:14:21.437927+00:00,70B3D57ED004558D,Hygro#55:8D,Hygro,Crofts South West Field,56.57950324451966,-2.7063292005198787,609c04a6004203c81ebe10490017,26.38,11.9,66.0,9.68,78.7,4.17,23
2025-05-13 19:31:52.347240+00:00,70B3D57ED004558D,Hygro#55:8D,Hygro,Crofts South West Field,56.57950324451966,-2.7063292005198787,609d049c004103581ea510460020,26.38,11.8,65.0,8.56,78.45,4.17,32
2025-05-13 20:32:59.417031+00:00,70B3D57ED004558D,Hygro#55:8D,Hygro,Crofts South West Field,56.57950324451966,-2.7063292005198787,60990492004103411ea910440024,26.36,11.7,65.0,8.33,78.49,4.16,36
2025-05-13 20:48:16.185875+00:00,70B3D57ED004558D,Hygro#55:8D,Hygro,Crofts South West Field,56.57950324451966,-2.7063292005198787,609d04920042033d1eae10420025,26.38,11.7,66.0,8.29,78.54,4.16,37
2025-05-13 22:19:56.824815+00:00,70B3D57ED004558D,Hygro#55:8D,Hygro,Crofts South West Field,56.57950324451966,-2.7063292005198787,609e0488004203201eb81044002b,26.38,11.6,66.0,8.0,78.64,4.16,43
2025-05-13 22:50:30.365247+00:00,70B3D57ED004558D,Hygro#55:8D,Hygro,Crofts South West Field,56.57950324451966,-2.7063292005198787,60a0047e0042032a1eb71042002d,26.39,11.5,66.0,8.1,78.63,4.16,45
2025-05-13 23:51:37.479833+00:00,70B3D57ED004558D,Hygro#55:8D,Hygro,Crofts South West Field,56.57950324451966,-2.7063292005198787,609e047e0041032c1eb710420031,26.38,11.5,65.0,8.12,78.63,4.16,49
2025-05-14 00:22:11.024439+00:00,70B3D57ED004558D,Hygro#55:8D,Hygro,Crofts South West Field,56.57950324451966,-2.7063292005198787,609e04740041032c1ebe10400033,26.38,11.4,65.0,8.12,78.7,4.16,51
2025-05-14 01:23:18.122526+00:00,70B3D57ED004558D,Hygro#55:8D,Hygro,Crofts South West Field,56.57950324451966,-2.7063292005198787,60a4046a0041031b1ec610440037,26.41,11.3,65.0,7.95,78.78,4.16,55
2025-05-14 01:53:51.674734+00:00,70B3D57ED004558D,Hygro#55:8D,Hygro,Crofts South West Field,56.57950324451966,-2.7063292005198787,609e046a004103201ec310420039,26.38,11.3,65.0,8.0,78.75,4.16,57
2025-05-14 02:24:25.221242+00:00,70B3D57ED004558D,Hygro#55:8D,Hygro,Crofts South West Field,56.57950324451966,-2.7063292005198787,60a4046a004103261ec01044003b,26.41,11.3,65.0,8.06,78.72,4.16,59
2025-05-14 02:39:41.987997+00:00,70B3D57ED004558D,Hygro#55:8D,Hygro,Crofts South West Field,56.57950324451966,-2.7063292005198787,60a0046a004103261ec01040003c,26.39,11.3,65.0,8.06,78.72,4.16,60
2025-05-14 03:10:15.547098+00:00,70B3D57ED004558D,Hygro#55:8D,Hygro,Crofts South West Field,56.57950324451966,-2.7063292005198787,60a104600041032c1ec11040003e,26.39,11.2,65.0,8.12,78.73,4.16,62
2025-05-14 03:40:49.095783+00:00,70B3D57ED004558D,Hygro#55:8D,Hygro,Crofts South West Field,56.57950324451966,-2.7063292005198787,60a604600043032c1ec510400040,26.41,11.2,67.0,8.12,78.77,4.16,64
2025-05-14 04:41:56.193188+00:00,70B3D57ED004558D,Hygro#55:8D,Hygro,Crofts South West Field,56.57950324451966,-2.7063292005198787,60aa0456004103281eca10400044,26.43,11.1,65.0,8.08,78.82,4.16,68
2025-05-14 05:12:29.747946+00:00,70B3D57ED004558D,Hygro#55:8D,Hygro,Crofts South West Field,56.57950324451966,-2.7063292005198787,60a80456004203321ec910420046,26.42,11.1,66.0,8.18,78.81,4.16,70
2025-05-14 05:27:46.515762+00:00,70B3D57ED004558D,Hygro#55:8D,Hygro,Crofts South West Field,56.57950324451966,-2.7063292005198787,60a50456004103361ec510420047,26.41,11.1,65.0,8.22,78.77,4.16,71
2025-05-14 05:43:03.288427+00:00,70B3D57ED004558D,Hygro#55:8D,Hygro,Crofts South West Field,56.57950324451966,-2.7063292005198787,60ab0456004103391ec510440048,26.43,11.1,65.0,8.25,78.77,4.16,72
2025-05-14 05:58:20.061126+00:00,70B3D57ED004558D,Hygro#55:8D,Hygro,Crofts South West Field,56.57950324451966,-2.7063292005198787,60a40456004103471ec810400049,26.41,11.1,65.0,8.39,78.8,4.16,73
2025-05-14 06:13:36.842333+00:00,70B3D57ED004558D,Hygro#55:8D,Hygro,Crofts South West Field,56.57950324451966,-2.7063292005198787,60a804560041034b1ec51042004a,26.42,11.1,65.0,8.43,78.77,4.16,74
2025-05-14 06:28:53.608685+00:00,70B3D57ED004558D,Hygro#55:8D,Hygro,Crofts South West Field,56.57950324451966,-2.7063292005198787,60aa044c0041035a1ec51040004b,26.43,11.0,65.0,8.58,78.77,4.16,75
2025-05-14 06:44:10.384404+00:00,70B3D57ED004558D,Hygro#55:8D,Hygro,Crofts South West Field,56.57950324451966,-2.7063292005198787,60a7044c004203641ecb1042004c,26.42,11.0,66.0,8.68,78.83,4.16,76
2025-05-14 08:00:34.199491+00:00,70B3D57ED004558D,Hygro#55:8D,Hygro,Crofts South West Field,56.57950324451966,-2.7063292005198787,60a7044c004104c91fc010460051,26.42,11.0,65.0,12.25,81.28,4.17,81
2025-05-14 09:01:41.198077+00:00,70B3D57ED004558D,Hygro#55:8D,Hygro,Crofts South West Field,56.57950324451966,-2.7063292005198787,60a2044c004105b61f2310460055,26.4,11.0,65.0,14.62,79.71,4.17,85
2025-05-14 09:16:57.947818+00:00,70B3D57ED004558D,Hygro#55:8D,Hygro,Crofts South West Field,56.57950324451966,-2.7063292005198787,609f044c004106141ef010440056,26.39,11.0,65.0,15.56,79.2,4.16,86
2025-05-14 09:47:31.439095+00:00,70B3D57ED004558D,Hygro#55:8D,Hygro,Crofts South West Field,56.57950324451966,-2.7063292005198787,609c044c004106cf1efb10420058,26.38,11.0,65.0,17.43,79.31,4.16,88
2025-05-14 11:19:11.918745+00:00,70B3D57ED004558D,Hygro#55:8D,Hygro,Crofts South West Field,56.57950324451966,-2.7063292005198787,60800460004107b21f001044005e,26.27,11.2,65.0,19.7,79.36,4.16,94
2025-05-14 11:49:45.420145+00:00,70B3D57ED004558D,Hygro#55:8D,Hygro,Crofts South West Field,56.57950324451966,-2.7063292005198787,60790460004107671f0710460060,26.24,11.2,65.0,18.95,79.43,4.17,96
2025-05-14 12:05:02.167970+00:00,70B3D57ED004558D,Hygro#55:8D,Hygro,Crofts South West Field,56.57950324451966,-2.7063292005198787,6073046a0040072f1efb10440061,26.22,11.3,64.0,18.39,79.31,4.16,97
2025-05-14 12:20:18.923896+00:00,70B3D57ED004558D,Hygro#55:8D,Hygro,Crofts South West Field,56.57950324451966,-2.7063292005198787,606a046a004007211efd10460062,26.18,11.3,64.0,18.25,79.33,4.17,98
2025-05-14 12:35:35.683972+00:00,70B3D57ED004558D,Hygro#55:8D,Hygro,Crofts South West Field,56.57950324451966,-2.7063292005198787,606a04740041076e1ee110420063,26.18,11.4,65.0,19.02,79.05,4.16,99
2025-05-14 12:50:52.434159+00:00,70B3D57ED004558D,Hygro#55:8D,Hygro,Crofts South West Field,56.57950324451966,-2.7063292005198787,60640474004007211ebf10440064,26.16,11.4,64.0,18.25,78.71,4.16,100
2025-05-14 13:06:09.178897+00:00,70B3D57ED004558D,Hygro#55:8D,Hygro,Crofts South West Field,56.57950324451966,-2.7063292005198787,6060047e004006ff1e9f10440065,26.14,11.5,64.0,17.91,78.39,4.16,101
2025-05-14 14:53:06.441650+00:00,70B3D57ED004558D,Hygro#55:8D,Hygro,Crofts South West Field,56.57950324451966,-2.7063292005198787,6039049c0041061a1e251042006c,25.99,11.8,65.0,15.62,77.17,4.16,108
2025-05-14 15:23:39.960470+00:00,70B3D57ED004558D,Hygro#55:8D,Hygro,Crofts South West Field,56.57950324451966,-2.7063292005198787,6034049c003f06331e0b1042006e,25.97,11.8,63.0,15.87,76.91,4.16,110
2025-05-14 16:55:20.531308+00:00,70B3D57ED004558D,Hygro#55:8D,Hygro,Crofts South West Field,56.57950324451966,-2.7063292005198787,601f04a6004005431d25103e0074,25.89,11.9,64.0,13.47,74.61,4.16,116
2025-05-14 17:10:37.268585+00:00,70B3D57ED004558D,Hygro#55:8D,Hygro,Crofts South West Field,56.57950324451966,-2.7063292005198787,602104a6004005261d3910420075,25.9,11.9,64.0,13.18,74.81,4.16,117
2025-05-14 18:11:44.318527+00:00,70B3D57ED004558D,Hygro#55:8D,Hygro,Crofts South West Field,56.57950324451966,-2.7063292005198787,601804a6004004541d0f10420079,25.86,11.9,64.0,11.08,74.39,4.16,121
2025-05-14 20:44:32.021161+00:00,70B3D57ED004558D,Hygro#55:8D,Hygro,Crofts South West Field,56.57950324451966,-2.7063292005198787,60150492004002531d9710420083,25.85,11.7,64.0,5.95,75.75,4.16,131
2025-05-14 20:59:48.796745+00:00,70B3D57ED004558D,Hygro#55:8D,Hygro,Crofts South West Field,56.57950324451966,-2.7063292005198787,60150488003f01fc1dab10440084,25.85,11.6,63.0,5.08,75.95,4.16,132
2025-05-14 22:00:55.937185+00:00,70B3D57ED004558D,Hygro#55:8D,Hygro,Crofts South West Field,56.57950324451966,-2.7063292005198787,601e047e004001771dd110400088,25.89,11.5,64.0,3.75,76.33,4.16,136
2025-05-14 23:17:19.887720+00:00,70B3D57ED004558D,Hygro#55:8D,Hygro,Crofts South West Field,56.57950324451966,-2.7063292005198787,601f046a004001b51dba1040008d,25.89,11.3,64.0,4.37,76.1,4.16,141
2025-05-14 23:32:36.679631+00:00,70B3D57ED004558D,Hygro#55:8D,Hygro,Crofts South West Field,56.57950324451966,-2.7063292005198787,6022046a003f014b1dd31042008e,25.9,11.3,63.0,3.31,76.35,4.16,142
2025-05-14 23:47:53.474125+00:00,70B3D57ED004558D,Hygro#55:8D,Hygro,Crofts South West Field,56.57950324451966,-2.7063292005198787,601f0460004000fa1de81040008f,25.89,11.2,64.0,2.5,76.56,4.16,143
2025-05-15 00:03:10.268472+00:00,70B3D57ED004558D,Hygro#55:8D,Hygro,Crofts South West Field,56.57950324451966,-2.7063292005198787,601f0460004000de1def10420090,25.89,11.2,64.0,2.22,76.63,4.16,144
2025-05-15 00:49:00.662383+00:00,70B3D57ED004558D,Hygro#55:8D,Hygro,Crofts South West Field,56.57950324451966,-2.7063292005198787,60260456003f01101deb103e0093,25.92,11.1,63.0,2.72,76.59,4.16,147
2025-05-15 01:04:17.455407+00:00,70B3D57ED004558D,Hygro#55:8D,Hygro,Crofts South West Field,56.57950324451966,-2.7063292005198787,602404560040016e1ddf10420094,25.91,11.1,64.0,3.66,76.47,4.16,148
2025-05-15 01:34:51.045223+00:00,70B3D57ED004558D,Hygro#55:8D,Hygro,Crofts South West Field,56.57950324451966,-2.7063292005198787,6027044c003f01301dbd103e0096,25.92,11.0,63.0,3.04,76.13,4.16,150
2025-05-15 01:50:07.841609+00:00,70B3D57ED004558D,Hygro#55:8D,Hygro,Crofts South West Field,56.57950324451966,-2.7063292005198787,6026044c0040010a1dd110440097,25.92,11.0,64.0,2.66,76.33,4.16,151
2025-05-15 02:05:24.645458+00:00,70B3D57ED004558D,Hygro#55:8D,Hygro,Crofts South West Field,56.57950324451966,-2.7063292005198787,60270442003f01131de610420098,25.92,10.9,63.0,2.75,76.54,4.16,152
2025-05-15 02:51:15.029436+00:00,70B3D57ED004558D,Hygro#55:8D,Hygro,Crofts South West Field,56.57950324451966,-2.7063292005198787,60280438004000b31de51042009b,25.93,10.8,64.0,1.79,76.53,4.16,155
2025-05-15 03:06:31.828232+00:00,70B3D57ED004558D,Hygro#55:8D,Hygro,Crofts South West Field,56.57950324451966,-2.7063292005198787,602c0438003f00b31df51040009c,25.94,10.8,63.0,1.79,76.69,4.16,156
2025-05-15 03:21:48.618807+00:00,70B3D57ED004558D,Hygro#55:8D,Hygro,Crofts South West Field,56.57950324451966,-2.7063292005198787,60260438003f00911de51040009d,25.92,10.8,63.0,1.45,76.53,4.16,157
2025-05-15 03:37:05.418505+00:00,70B3D57ED004558D,Hygro#55:8D,Hygro,Crofts South West Field,56.57950324451966,-2.7063292005198787,60290438003f00b51df5103e009e,25.93,10.8,63.0,1.81,76.69,4.16,158
2025-05-15 03:52:22.209818+00:00,70B3D57ED004558D,Hygro#55:8D,Hygro,Crofts South West Field,56.57950324451966,-2.7063292005198787,602b042e003f00811dd8103e009f,25.94,10.7,63.0,1.29,76.4,4.16,159
2025-05-15 04:07:39.007621+00:00,70B3D57ED004558D,Hygro#55:8D,Hygro,Crofts South West Field,56.57950324451966,-2.7063292005198787,602b042e003f00961df3103e00a0,25.94,10.7,63.0,1.5,76.67,4.16,160
2025-05-15 04:38:12.606309+00:00,70B3D57ED004558D,Hygro#55:8D,Hygro,Crofts South West Field,56.57950324451966,-2.7063292005198787,603104240040010a1dec103e00a2,25.96,10.6,64.0,2.66,76.6,4.16,162
2025-05-15 04:53:29.401529+00:00,70B3D57ED004558D,Hygro#55:8D,Hygro,Crofts South West Field,56.57950324451966,-2.7063292005198787,60320424003f014f1e45104000a3,25.96,10.6,63.0,3.35,77.49,4.16,163
2025-05-15 05:08:46.191042+00:00,70B3D57ED004558D,Hygro#55:8D,Hygro,Crofts South West Field,56.57950324451966,-2.7063292005198787,602f0424003f01a91e8e103e00a4,25.95,10.6,63.0,4.25,78.22,4.16,164
2025-05-15 05:39:19.738058+00:00,70B3D57ED004558D,Hygro#55:8D,Hygro,Crofts South West Field,56.57950324451966,-2.7063292005198787,602d041a003f02a01f69103900a6,25.94,10.5,63.0,6.72,80.41,4.15,166
2025-05-15 06:55:43.532598+00:00,70B3D57ED004558D,Hygro#55:8D,Hygro,Crofts South West Field,56.57950324451966,-2.7063292005198787,60300410003e048820ac103b00ab,25.96,10.4,62.0,11.6,83.64,4.16,171
2025-05-15 07:56:50.562275+00:00,70B3D57ED004558D,Hygro#55:8D,Hygro,Crofts South West Field,56.57950324451966,-2.7063292005198787,602f0410003f054a2019104600af,25.95,10.4,63.0,13.54,82.17,4.17,175
2025-05-15 08:12:07.304690+00:00,70B3D57ED004558D,Hygro#55:8D,Hygro,Crofts South West Field,56.57950324451966,-2.7063292005198787,60300410003f055f1fe7104900b0,25.96,10.4,63.0,13.75,81.67,4.17,176
2025-05-15 08:27:24.063243+00:00,70B3D57ED004558D,Hygro#55:8D,Hygro,Crofts South West Field,56.57950324451966,-2.7063292005198787,602c0410003f05ae1fae104f00b1,25.94,10.4,63.0,14.54,81.1,4.17,177
2025-05-15 08:57:57.571751+00:00,70B3D57ED004558D,Hygro#55:8D,Hygro,Crofts South West Field,56.57950324451966,-2.7063292005198787,602d0410003f061a1f1d105600b3,25.94,10.4,63.0,15.62,79.65,4.18,179
2025-05-15 09:13:14.314528+00:00,70B3D57ED004558D,Hygro#55:8D,Hygro,Crofts South West Field,56.57950324451966,-2.7063292005198787,60290410003f06821ed1104900b4,25.93,10.4,63.0,16.66,78.89,4.17,180
2025-05-15 09:28:31.063511+00:00,70B3D57ED004558D,Hygro#55:8D,Hygro,Crofts South West Field,56.57950324451966,-2.7063292005198787,60280410003e06b21ebb104900b5,25.93,10.4,62.0,17.14,78.67,4.17,181
2025-05-15 09:43:47.812146+00:00,70B3D57ED004558D,Hygro#55:8D,Hygro,Crofts South West Field,56.57950324451966,-2.7063292005198787,601e0410003f07331e8f104900b6,25.89,10.4,63.0,18.43,78.23,4.17,182
2025-05-15 10:14:21.311834+00:00,70B3D57ED004558D,Hygro#55:8D,Hygro,Crofts South West Field,56.57950324451966,-2.7063292005198787,601e041a003e07821e87104900b8,25.89,10.5,62.0,19.22,78.15,4.17,184
2025-05-15 12:16:35.285970+00:00,70B3D57ED004558D,Hygro#55:8D,Hygro,Crofts South West Field,56.57950324451966,-2.7063292005198787,5ff40442003e07b21e72104600c0,25.72,10.9,62.0,19.7,77.94,4.17,192
2025-05-15 13:32:59.022255+00:00,70B3D57ED004558D,Hygro#55:8D,Hygro,Crofts South West Field,56.57950324451966,-2.7063292005198787,5fd90456003e07691df9104b00c5,25.62,11.1,62.0,18.97,76.73,4.17,197
2025-05-15 13:48:15.768825+00:00,70B3D57ED004558D,Hygro#55:8D,Hygro,Crofts South West Field,56.57950324451966,-2.7063292005198787,5fd90460003f07331e00104900c6,25.62,11.2,63.0,18.43,76.8,4.17,198
2025-05-15 14:03:32.544676+00:00,70B3D57ED004558D,Hygro#55:8D,Hygro,Crofts South West Field,56.57950324451966,-2.7063292005198787,5fd10460003e07211de3104900c7,25.59,11.2,62.0,18.25,76.51,4.17,199
2025-05-15 15:04:39.538870+00:00,70B3D57ED004558D,Hygro#55:8D,Hygro,Crofts South West Field,56.57950324451966,-2.7063292005198787,5fbb047e003e06dc1dbf104900cb,25.5,11.5,62.0,17.56,76.15,4.17,203
2025-05-15 16:05:46.551101+00:00,70B3D57ED004558D,Hygro#55:8D,Hygro,Crofts South West Field,56.57950324451966,-2.7063292005198787,5fa60488003d06541d1c104400cf,25.42,11.6,61.0,16.2,74.52,4.16,207
2025-05-15 16:21:03.303181+00:00,70B3D57ED004558D,Hygro#55:8D,Hygro,Crofts South West Field,56.57950324451966,-2.7063292005198787,5fa50488003e06481ce4104400d0,25.42,11.6,62.0,16.08,73.96,4.16,208
2025-05-15 17:06:53.569648+00:00,70B3D57ED004558D,Hygro#55:8D,Hygro,Crofts South West Field,56.57950324451966,-2.7063292005198787,5f980492003e05e21cab104600d3,25.37,11.7,62.0,15.06,73.39,4.17,211
2025-05-15 17:52:43.842021+00:00,70B3D57ED004558D,Hygro#55:8D,Hygro,Crofts South West Field,56.57950324451966,-2.7063292005198787,5f960492003e05821c72104000d6,25.36,11.7,62.0,14.1,72.82,4.16,214
2025-05-15 18:08:00.601694+00:00,70B3D57ED004558D,Hygro#55:8D,Hygro,Crofts South West Field,56.57950324451966,-2.7063292005198787,5f930492003d05521c1b104200d7,25.35,11.7,61.0,13.62,71.95,4.16,215
2025-05-15 19:09:07.644143+00:00,70B3D57ED004558D,Hygro#55:8D,Hygro,Crofts South West Field,56.57950324451966,-2.7063292005198787,5f980492003e04971c24104000db,25.37,11.7,62.0,11.75,72.04,4.16,219
2025-05-15 19:24:24.405868+00:00,70B3D57ED004558D,Hygro#55:8D,Hygro,Crofts South West Field,56.57950324451966,-2.7063292005198787,5f980492003d04671c4b104600dc,25.37,11.7,61.0,11.27,72.43,4.17,220
2025-05-15 19:39:41.163701+00:00,70B3D57ED004558D,Hygro#55:8D,Hygro,Crofts South West Field,56.57950324451966,-2.7063292005198787,5f970492003e04201c77104400dd,25.36,11.7,62.0,10.56,72.87,4.16,221
2025-05-15 21:26:38.635462+00:00,70B3D57ED004558D,Hygro#55:8D,Hygro,Crofts South West Field,56.57950324451966,-2.7063292005198787,5f9b047e003e01001d6a104600e4,25.38,11.5,62.0,2.56,75.3,4.17,228
2025-05-15 22:12:29.016875+00:00,70B3D57ED004558D,Hygro#55:8D,Hygro,Crofts South West Field,56.57950324451966,-2.7063292005198787,5fa20474003e01341d63104400e7,25.41,11.4,62.0,3.08,75.23,4.16,231
2025-05-15 22:27:45.805064+00:00,70B3D57ED004558D,Hygro#55:8D,Hygro,Crofts South West Field,56.57950324451966,-2.7063292005198787,5fa1046a003f015e1d66104200e8,25.4,11.3,63.0,3.5,75.26,4.16,232
2025-05-15 22:43:02.588583+00:00,70B3D57ED004558D,Hygro#55:8D,Hygro,Crofts South West Field,56.57950324451966,-2.7063292005198787,5fa0046a003d01341d4f104200e9,25.4,11.3,61.0,3.08,75.03,4.16,233
2025-05-15 22:58:19.385421+00:00,70B3D57ED004558D,Hygro#55:8D,Hygro,Crofts South West Field,56.57950324451966,-2.7063292005198787,5fa50460003e01381d83104400ea,25.42,11.2,62.0,3.12,75.55,4.16,234
2025-05-15 23:13:36.175649+00:00,70B3D57ED004558D,Hygro#55:8D,Hygro,Crofts South West Field,56.57950324451966,-2.7063292005198787,5f9b0460003d01721d79104400eb,25.38,11.2,61.0,3.7,75.45,4.16,235
2025-05-15 23:59:26.555332+00:00,70B3D57ED004558D,Hygro#55:8D,Hygro,Crofts South West Field,56.57950324451966,-2.7063292005198787,5fa4044c003e010a1d86104400ee,25.41,11.0,62.0,2.66,75.58,4.16,238
2025-05-16 00:14:43.362466+00:00,70B3D57ED004558D,Hygro#55:8D,Hygro,Crofts South West Field,56.57950324451966,-2.7063292005198787,5fa1044c003e01021da8104000ef,25.4,11.0,62.0,2.58,75.92,4.16,239
2025-05-16 00:30:00.152079+00:00,70B3D57ED004558D,Hygro#55:8D,Hygro,Crofts South West Field,56.57950324451966,-2.7063292005198787,5fa4044c003e00eb1d98104400f0,25.41,11.0,62.0,2.35,75.76,4.16,240
2025-05-16 01:00:33.753026+00:00,70B3D57ED004558D,Hygro#55:8D,Hygro,Crofts South West Field,56.57950324451966,-2.7063292005198787,5fa90442003e00d41d9d104400f2,25.43,10.9,62.0,2.12,75.81,4.16,242
2025-05-16 02:01:40.948097+00:00,70B3D57ED004558D,Hygro#55:8D,Hygro,Crofts South West Field,56.57950324451966,-2.7063292005198787,5fa30438003e00cc1da9104400f6,25.41,10.8,62.0,2.04,75.93,4.16,246
2025-05-16 02:16:57.729091+00:00,70B3D57ED004558D,Hygro#55:8D,Hygro,Crofts South West Field,56.57950324451966,-2.7063292005198787,5fb2042e003c00dc1db0104600f7,25.47,10.7,60.0,2.2,76.0,4.17,247
2025-05-16 02:32:14.523993+00:00,70B3D57ED004558D,Hygro#55:8D,Hygro,Crofts South West Field,56.57950324451966,-2.7063292005198787,5fa8042e003d00e51d9c104000f8,25.43,10.7,61.0,2.29,75.8,4.16,248
2025-05-16 03:18:04.957727+00:00,70B3D57ED004558D,Hygro#55:8D,Hygro,Crofts South West Field,56.57950324451966,-2.7063292005198787,5faf0424003d01171da5104200fb,25.46,10.6,61.0,2.79,75.89,4.16,251
2025-05-16 03:33:21.708635+00:00,70B3D57ED004558D,Hygro#55:8D,Hygro,Crofts South West Field,56.57950324451966,-2.7063292005198787,5fab0424003d011f1db4104400fc,25.44,10.6,61.0,2.87,76.04,4.16,252
2025-05-16 03:48:38.511123+00:00,70B3D57ED004558D,Hygro#55:8D,Hygro,Crofts South West Field,56.57950324451966,-2.7063292005198787,5faf0424003d01721dc9104200fd,25.46,10.6,61.0,3.7,76.25,4.16,253
2025-05-16 04:03:55.302291+00:00,70B3D57ED004558D,Hygro#55:8D,Hygro,Crofts South West Field,56.57950324451966,-2.7063292005198787,5fb20424003e01601daf104200fe,25.47,10.6,62.0,3.52,75.99,4.16,254
2025-05-16 06:21:26.250552+00:00,70B3D57ED004558D,Hygro#55:8D,Hygro,Crofts South West Field,56.57950324451966,-2.7063292005198787,5fb80406003d047e2039103b0007,25.49,10.3,61.0,11.5,82.49,4.16,7
2025-05-16 06:36:42.999789+00:00,70B3D57ED004558D,Hygro#55:8D,Hygro,Crofts South West Field,56.57950324451966,-2.7063292005198787,5fb80406003e04db206410400008,25.49,10.3,62.0,12.43,82.92,4.16,8
2025-05-16 06:51:59.760606+00:00,70B3D57ED004558D,Hygro#55:8D,Hygro,Crofts South West Field,56.57950324451966,-2.7063292005198787,5fb80406003d0533203910440009,25.49,10.3,61.0,13.31,82.49,4.16,9
2025-05-16 07:22:33.257915+00:00,70B3D57ED004558D,Hygro#55:8D,Hygro,Crofts South West Field,56.57950324451966,-2.7063292005198787,5fb40406003e05c92019103b000b,25.48,10.3,62.0,14.81,82.17,4.16,11
2025-05-16 07:37:50.173632+00:00,70B3D57ED004558D,Hygro#55:8D,Hygro,Crofts South West Field,56.57950324451966,-2.7063292005198787,5fb50406003d061e1fdd1044000c,25.48,10.3,61.0,15.66,81.57,4.16,12
2025-05-16 08:08:23.490745+00:00,70B3D57ED004558D,Hygro#55:8D,Hygro,Crofts South West Field,56.57950324451966,-2.7063292005198787,5fad0406003d06861fcb104b000e,25.45,10.3,61.0,16.7,81.39,4.17,14
2025-05-16 08:23:40.424958+00:00,70B3D57ED004558D,Hygro#55:8D,Hygro,Crofts South West Field,56.57950324451966,-2.7063292005198787,5fac0406003d06a41f6d104f000f,25.44,10.3,61.0,17.0,80.45,4.17,15
2025-05-16 08:54:13.893784+00:00,70B3D57ED004558D,Hygro#55:8D,Hygro,Crofts South West Field,56.57950324451966,-2.7063292005198787,5fac0410003c072b1eaf10490011,25.44,10.4,60.0,18.35,78.55,4.17,17
2025-05-16 09:55:20.719344+00:00,70B3D57ED004558D,Hygro#55:8D,Hygro,Crofts South West Field,56.57950324451966,-2.7063292005198787,5fa3041a003d08061e3c10490015,25.41,10.5,61.0,20.54,77.4,4.17,21
2025-05-16 10:10:37.454895+00:00,70B3D57ED004558D,Hygro#55:8D,Hygro,Crofts South West Field,56.57950324451966,-2.7063292005198787,5f9f041a003d083e1e3a10460016,25.39,10.5,61.0,21.1,77.38,4.17,22
2025-05-16 10:25:54.206043+00:00,70B3D57ED004558D,Hygro#55:8D,Hygro,Crofts South West Field,56.57950324451966,-2.7063292005198787,5f93041a003d08551e5310490017,25.35,10.5,61.0,21.33,77.63,4.17,23
2025-05-16 10:41:10.982628+00:00,70B3D57ED004558D,Hygro#55:8D,Hygro,Crofts South West Field,56.57950324451966,-2.7063292005198787,5f910424003d084a1e5510490018,25.34,10.6,61.0,21.22,77.65,4.17,24
2025-05-16 11:27:01.180291+00:00,70B3D57ED004558D,Hygro#55:8D,Hygro,Crofts South West Field,56.57950324451966,-2.7063292005198787,5f86042e003d08a01e0c1049001b,25.3,10.7,61.0,22.08,76.92,4.17,27
2025-05-16 12:43:24.899545+00:00,70B3D57ED004558D,Hygro#55:8D,Hygro,Crofts South West Field,56.57950324451966,-2.7063292005198787,5f6b0442003d09871dce10460020,25.19,10.9,61.0,24.39,76.3,4.17,32
2025-05-16 12:58:41.648258+00:00,70B3D57ED004558D,Hygro#55:8D,Hygro,Crofts South West Field,56.57950324451966,-2.7063292005198787,5f5f044c003d095b1d9e10460021,25.15,11.0,61.0,23.95,75.82,4.17,33
2025-05-16 13:13:58.398159+00:00,70B3D57ED004558D,Hygro#55:8D,Hygro,Crofts South West Field,56.57950324451966,-2.7063292005198787,5f620456003d09101da110490022,25.16,11.1,61.0,23.2,75.85,4.17,34
2025-05-16 13:44:31.892202+00:00,70B3D57ED004558D,Hygro#55:8D,Hygro,Crofts South West Field,56.57950324451966,-2.7063292005198787,5f4f0460003c08681d7e10490024,25.08,11.2,60.0,21.52,75.5,4.17,36
2025-05-16 13:59:48.682604+00:00,70B3D57ED004558D,Hygro#55:8D,Hygro,Crofts South West Field,56.57950324451966,-2.7063292005198787,5f49046a003c08631d5610460025,25.06,11.3,60.0,21.47,75.1,4.17,37
2025-05-16 14:30:22.146853+00:00,70B3D57ED004558D,Hygro#55:8D,Hygro,Crofts South West Field,56.57950324451966,-2.7063292005198787,5f470474003c08251d6810460027,25.05,11.4,60.0,20.85,75.28,4.17,39
2025-05-16 15:00:55.655243+00:00,70B3D57ED004558D,Hygro#55:8D,Hygro,Crofts South West Field,56.57950324451966,-2.7063292005198787,5f40047e003c07b71d4910440029,25.03,11.5,60.0,19.75,74.97,4.16,41
2025-05-16 16:17:19.412991+00:00,70B3D57ED004558D,Hygro#55:8D,Hygro,Crofts South West Field,56.57950324451966,-2.7063292005198787,5f2d0492003c07721c2b1049002e,24.95,11.7,60.0,19.06,72.11,4.17,46
2025-05-16 16:32:36.169383+00:00,70B3D57ED004558D,Hygro#55:8D,Hygro,Crofts South West Field,56.57950324451966,-2.7063292005198787,5f220492003c07611bd11046002f,24.91,11.7,60.0,18.89,71.21,4.17,47
2025-05-16 17:03:09.678756+00:00,70B3D57ED004558D,Hygro#55:8D,Hygro,Crofts South West Field,56.57950324451966,-2.7063292005198787,5f20049c003c06a41bdd10440031,24.9,11.8,60.0,17.0,71.33,4.16,49
2025-05-16 17:18:26.429219+00:00,70B3D57ED004558D,Hygro#55:8D,Hygro,Crofts South West Field,56.57950324451966,-2.7063292005198787,5f24049c003c06521be710460032,24.92,11.8,60.0,16.18,71.43,4.17,50
2025-05-16 18:04:16.696958+00:00,70B3D57ED004558D,Hygro#55:8D,Hygro,Crofts South West Field,56.57950324451966,-2.7063292005198787,5f2004a6003c05781b8c10460035,24.9,11.9,60.0,14.0,70.52,4.17,53
2025-05-16 18:34:50.201712+00:00,70B3D57ED004558D,Hygro#55:8D,Hygro,Crofts South West Field,56.57950324451966,-2.7063292005198787,5f1504a6003c04e81b5c10420037,24.86,11.9,60.0,12.56,70.04,4.16,55
2025-05-16 18:50:06.966681+00:00,70B3D57ED004558D,Hygro#55:8D,Hygro,Crofts South West Field,56.57950324451966,-2.7063292005198787,5f1504a6003c04df1b3f10490038,24.86,11.9,60.0,12.47,69.75,4.17,56
2025-05-16 19:05:23.716819+00:00,70B3D57ED004558D,Hygro#55:8D,Hygro,Crofts South West Field,56.57950324451966,-2.7063292005198787,5f1b04a6003c04b01abe10460039,24.88,11.9,60.0,12.0,68.46,4.17,57
2025-05-16 19:35:57.243961+00:00,70B3D57ED004558D,Hygro#55:8D,Hygro,Crofts South West Field,56.57950324451966,-2.7063292005198787,5f15049c003c03e11b4e1049003b,24.86,11.8,60.0,9.93,69.9,4.17,59
2025-05-16 19:51:14.008408+00:00,70B3D57ED004558D,Hygro#55:8D,Hygro,Crofts South West Field,56.57950324451966,-2.7063292005198787,5f16049c003c03171bc61046003c,24.86,11.8,60.0,7.91,71.1,4.17,60
2025-05-16 20:06:30.778215+00:00,70B3D57ED004558D,Hygro#55:8D,Hygro,Crofts South West Field,56.57950324451966,-2.7063292005198787,5f19049c003c02531c601049003d,24.87,11.8,60.0,5.95,72.64,4.17,61
2025-05-16 21:38:11.489901+00:00,70B3D57ED004558D,Hygro#55:8D,Hygro,Crofts South West Field,56.57950324451966,-2.7063292005198787,5f19047e003c01531ccf10420043,24.87,11.5,60.0,3.39,73.75,4.16,67
2025-05-16 22:08:45.076799+00:00,70B3D57ED004558D,Hygro#55:8D,Hygro,Crofts South West Field,56.57950324451966,-2.7063292005198787,5f1d0479003c01401ce810490045,24.89,11.45,60.0,3.2,74.0,4.17,69
2025-05-16 22:39:18.643511+00:00,70B3D57ED004558D,Hygro#55:8D,Hygro,Crofts South West Field,56.57950324451966,-2.7063292005198787,5f1d046a003c022e1cee10460047,24.89,11.3,60.0,5.58,74.06,4.17,71
2025-05-16 23:09:52.227119+00:00,70B3D57ED004558D,Hygro#55:8D,Hygro,Crofts South West Field,56.57950324451966,-2.7063292005198787,5f20046a003d01921d0e10460049,24.9,11.3,61.0,4.02,74.38,4.17,73
2025-05-16 23:25:09.018369+00:00,70B3D57ED004558D,Hygro#55:8D,Hygro,Crofts South West Field,56.57950324451966,-2.7063292005198787,5f200460003c01791d2b1046004a,24.9,11.2,60.0,3.77,74.67,4.17,74
2025-05-17 00:10:59.384839+00:00,70B3D57ED004558D,Hygro#55:8D,Hygro,Crofts South West Field,56.57950324451966,-2.7063292005198787,5f2f0456003c017b1d401046004d,24.96,11.1,60.0,3.79,74.88,4.17,77
2025-05-17 00:26:16.175089+00:00,70B3D57ED004558D,Hygro#55:8D,Hygro,Crofts South West Field,56.57950324451966,-2.7063292005198787,5f220456003d01bf1d46104b004e,24.91,11.1,61.0,4.47,74.94,4.17,78
2025-05-17 00:56:49.736166+00:00,70B3D57ED004558D,Hygro#55:8D,Hygro,Crofts South West Field,56.57950324451966,-2.7063292005198787,5f2b044c003d02ee1cd510420050,24.94,11.0,61.0,7.5,73.81,4.16,80
2025-05-17 01:12:06.525607+00:00,70B3D57ED004558D,Hygro#55:8D,Hygro,Crofts South West Field,56.57950324451966,-2.7063292005198787,5f2a044c003b02dd1ce110490051,24.94,11.0,59.0,7.33,73.93,4.17,81
2025-05-17 02:59:04.031874+00:00,70B3D57ED004558D,Hygro#55:8D,Hygro,Crofts South West Field,56.57950324451966,-2.7063292005198787,5f280438003c01dd1d7510490058,24.93,10.8,60.0,4.77,75.41,4.17,88
2025-05-17 03:14:20.825214+00:00,70B3D57ED004558D,Hygro#55:8D,Hygro,Crofts South West Field,56.57950324451966,-2.7063292005198787,5f2d0438003c02321d5110460059,24.95,10.8,60.0,5.62,75.05,4.17,89
2025-05-17 03:44:54.390162+00:00,70B3D57ED004558D,Hygro#55:8D,Hygro,Crofts South West Field,56.57950324451966,-2.7063292005198787,5f34042e003c02751d361046005b,24.98,10.7,60.0,6.29,74.78,4.17,91
2025-05-17 04:15:27.965477+00:00,70B3D57ED004558D,Hygro#55:8D,Hygro,Crofts South West Field,56.57950324451966,-2.7063292005198787,5f33042e003c027b1d641044005d,24.98,10.7,60.0,6.35,75.24,4.16,93
2025-05-17 04:46:01.508497+00:00,70B3D57ED004558D,Hygro#55:8D,Hygro,Crofts South West Field,56.57950324451966,-2.7063292005198787,5f2d0424003c032c1e281042005f,24.95,10.6,60.0,8.12,77.2,4.16,95
2025-05-17 05:01:18.273038+00:00,70B3D57ED004558D,Hygro#55:8D,Hygro,Crofts South West Field,56.57950324451966,-2.7063292005198787,5f320424003c03ab1e8310440060,24.97,10.6,60.0,9.39,78.11,4.16,96
2025-05-17 06:02:25.333264+00:00,70B3D57ED004558D,Hygro#55:8D,Hygro,Crofts South West Field,56.57950324451966,-2.7063292005198787,5f300424003c048a1fce10420064,24.96,10.6,60.0,11.62,81.42,4.16,100
2025-05-17 06:32:58.837937+00:00,70B3D57ED004558D,Hygro#55:8D,Hygro,Crofts South West Field,56.57950324451966,-2.7063292005198787,5f34041a003c04e8200910400066,24.98,10.5,60.0,12.56,82.01,4.16,102
2025-05-17 07:03:32.343925+00:00,70B3D57ED004558D,Hygro#55:8D,Hygro,Crofts South West Field,56.57950324451966,-2.7063292005198787,5f33041a003d05a51fe010400068,24.98,10.5,61.0,14.45,81.6,4.16,104
2025-05-17 07:49:22.589242+00:00,70B3D57ED004558D,Hygro#55:8D,Hygro,Crofts South West Field,56.57950324451966,-2.7063292005198787,5f33041a003c06651f6e104b006b,24.98,10.5,60.0,16.37,80.46,4.17,107
2025-05-17 08:04:39.332072+00:00,70B3D57ED004558D,Hygro#55:8D,Hygro,Crofts South West Field,56.57950324451966,-2.7063292005198787,5f34041a003c069b1f28104d006c,24.98,10.5,60.0,16.91,79.76,4.17,108
2025-05-17 08:19:56.080130+00:00,70B3D57ED004558D,Hygro#55:8D,Hygro,Crofts South West Field,56.57950324451966,-2.7063292005198787,5f2f0424003c06c51ee81044006d,24.96,10.6,60.0,17.33,79.12,4.16,109
2025-05-17 08:35:12.829589+00:00,70B3D57ED004558D,Hygro#55:8D,Hygro,Crofts South West Field,56.57950324451966,-2.7063292005198787,5f270424003c06c31eb31044006e,24.93,10.6,60.0,17.31,78.59,4.16,110
2025-05-17 09:05:46.295993+00:00,70B3D57ED004558D,Hygro#55:8D,Hygro,Crofts South West Field,56.57950324451966,-2.7063292005198787,5f2a0424003c07461e5a10490070,24.94,10.6,60.0,18.62,77.7,4.17,112
2025-05-17 09:36:19.780174+00:00,70B3D57ED004558D,Hygro#55:8D,Hygro,Crofts South West Field,56.57950324451966,-2.7063292005198787,5f2e0424003c080a1e3010460072,24.96,10.6,60.0,20.58,77.28,4.17,114
2025-05-17 10:37:26.751251+00:00,70B3D57ED004558D,Hygro#55:8D,Hygro,Crofts South West Field,56.57950324451966,-2.7063292005198787,5f1a042e003c086e1def10420076,24.88,10.7,60.0,21.58,76.63,4.16,118
2025-05-17 11:08:00.223308+00:00,70B3D57ED004558D,Hygro#55:8D,Hygro,Crofts South West Field,56.57950324451966,-2.7063292005198787,5f0a0438003c08ac1de710420078,24.82,10.8,60.0,22.2,76.55,4.16,120
2025-05-17 11:23:16.956145+00:00,70B3D57ED004558D,Hygro#55:8D,Hygro,Crofts South West Field,56.57950324451966,-2.7063292005198787,5f0c0442003b09491df310440079,24.82,10.9,59.0,23.77,76.67,4.16,121
2025-05-17 11:53:50.428308+00:00,70B3D57ED004558D,Hygro#55:8D,Hygro,Crofts South West Field,56.57950324451966,-2.7063292005198787,5eff044c003b09361dcc1042007b,24.77,11.0,59.0,23.58,76.28,4.16,123
2025-05-17 12:09:07.176123+00:00,70B3D57ED004558D,Hygro#55:8D,Hygro,Crofts South West Field,56.57950324451966,-2.7063292005198787,5ef8044c003c092e1da01044007c,24.75,11.0,60.0,23.5,75.84,4.16,124
2025-05-17 12:39:40.657698+00:00,70B3D57ED004558D,Hygro#55:8D,Hygro,Crofts South West Field,56.57950324451966,-2.7063292005198787,5ef00456003b093e1d801042007e,24.72,11.1,59.0,23.66,75.52,4.16,126
2025-05-17 12:54:57.390402+00:00,70B3D57ED004558D,Hygro#55:8D,Hygro,Crofts South West Field,56.57950324451966,-2.7063292005198787,5eed0460003b09401d4d1042007f,24.7,11.2,59.0,23.68,75.01,4.16,127
2025-05-17 13:10:14.133121+00:00,70B3D57ED004558D,Hygro#55:8D,Hygro,Crofts South West Field,56.57950324451966,-2.7063292005198787,5ee0046a003c09491d2910420080,24.65,11.3,60.0,23.77,74.65,4.16,128
2025-05-17 14:11:21.108182+00:00,70B3D57ED004558D,Hygro#55:8D,Hygro,Crofts South West Field,56.57950324451966,-2.7063292005198787,5ec9047e003b094d1cb510420084,24.56,11.5,59.0,23.81,73.49,4.16,132
2025-05-17 15:27:44.815746+00:00,70B3D57ED004558D,Hygro#55:8D,Hygro,Crofts South West Field,56.57950324451966,-2.7063292005198787,5eb1049c003b08bd1c6d10440089,24.47,11.8,59.0,22.37,72.77,4.16,137
2025-05-17 15:43:01.558140+00:00,70B3D57ED004558D,Hygro#55:8D,Hygro,Crofts South West Field,56.57950324451966,-2.7063292005198787,5ea504a6003a08cc1c631044008a,24.42,11.9,58.0,22.52,72.67,4.16,138
2025-05-17 15:58:18.305798+00:00,70B3D57ED004558D,Hygro#55:8D,Hygro,Crofts South West Field,56.57950324451966,-2.7063292005198787,5ea704ab003b08a21c011042008b,24.43,11.95,59.0,22.1,71.69,4.16,139
2025-05-17 16:13:35.049957+00:00,70B3D57ED004558D,Hygro#55:8D,Hygro,Crofts South West Field,56.57950324451966,-2.7063292005198787,5e9c04b0003b08911bd91042008c,24.39,12.0,59.0,21.93,71.29,4.16,140
2025-05-17 16:59:25.262958+00:00,70B3D57ED004558D,Hygro#55:8D,Hygro,Crofts South West Field,56.57950324451966,-2.7063292005198787,5e9d04ba003a07e91bd11042008f,24.39,12.1,58.0,20.25,71.21,4.16,143
2025-05-17 17:29:58.764618+00:00,70B3D57ED004558D,Hygro#55:8D,Hygro,Crofts South West Field,56.57950324451966,-2.7063292005198787,5e9704ba003b076e1bb610400091,24.37,12.1,59.0,19.02,70.94,4.16,145
2025-05-17 18:15:48.986245+00:00,70B3D57ED004558D,Hygro#55:8D,Hygro,Crofts South West Field,56.57950324451966,-2.7063292005198787,5e8f04c4003a06ec1b5b10420094,24.34,12.2,58.0,17.72,70.03,4.16,148
2025-05-17 18:31:05.742223+00:00,70B3D57ED004558D,Hygro#55:8D,Hygro,Crofts South West Field,56.57950324451966,-2.7063292005198787,5e8f04c4003b06cb1b1810400095,24.34,12.2,59.0,17.39,69.36,4.16,149
2025-05-17 18:46:22.487416+00:00,70B3D57ED004558D,Hygro#55:8D,Hygro,Crofts South West Field,56.57950324451966,-2.7063292005198787,5e9604c4003b06a41b1810420096,24.37,12.2,59.0,17.0,69.36,4.16,150
2025-05-17 19:01:39.241698+00:00,70B3D57ED004558D,Hygro#55:8D,Hygro,Crofts South West Field,56.57950324451966,-2.7063292005198787,5e9404c4003b06721ae0103e0097,24.36,12.2,59.0,16.5,68.8,4.16,151
2025-05-17 19:16:55.992410+00:00,70B3D57ED004558D,Hygro#55:8D,Hygro,Crofts South West Field,56.57950324451966,-2.7063292005198787,5e9404c4003b06351b1b10400098,24.36,12.2,59.0,15.89,69.39,4.16,152
2025-05-17 20:02:46.268020+00:00,70B3D57ED004558D,Hygro#55:8D,Hygro,Crofts South West Field,56.57950324451966,-2.7063292005198787,5e9004ba003a04c91be71040009b,24.34,12.1,58.0,12.25,71.43,4.16,155
2025-05-17 20:18:03.033805+00:00,70B3D57ED004558D,Hygro#55:8D,Hygro,Crofts South West Field,56.57950324451966,-2.7063292005198787,5e8b04ba003a043f1c091042009c,24.32,12.1,58.0,10.87,71.77,4.16,156
2025-05-17 20:33:19.798729+00:00,70B3D57ED004558D,Hygro#55:8D,Hygro,Crofts South West Field,56.57950324451966,-2.7063292005198787,5e8d04ba003b04501c241042009d,24.33,12.1,59.0,11.04,72.04,4.16,157
2025-05-17 20:48:36.559648+00:00,70B3D57ED004558D,Hygro#55:8D,Hygro,Crofts South West Field,56.57950324451966,-2.7063292005198787,5e8c04ba003b04521c291040009e,24.33,12.1,59.0,11.06,72.09,4.16,158
2025-05-17 21:03:53.332428+00:00,70B3D57ED004558D,Hygro#55:8D,Hygro,Crofts South West Field,56.57950324451966,-2.7063292005198787,5e9204b0003a04971c1e1042009f,24.35,12.0,58.0,11.75,71.98,4.16,159
2025-05-17 21:34:26.860037+00:00,70B3D57ED004558D,Hygro#55:8D,Hygro,Crofts South West Field,56.57950324451966,-2.7063292005198787,5e8e04b0003b043b1c28104000a1,24.34,12.0,59.0,10.83,72.08,4.16,161
2025-05-17 22:05:00.397191+00:00,70B3D57ED004558D,Hygro#55:8D,Hygro,Crofts South West Field,56.57950324451966,-2.7063292005198787,5e9104a6003a03cc1c43104000a3,24.35,11.9,58.0,9.72,72.35,4.16,163
2025-05-17 22:35:34.023517+00:00,70B3D57ED004558D,Hygro#55:8D,Hygro,Crofts South West Field,56.57950324451966,-2.7063292005198787,5e9504a6003b03581c52103e00a5,24.36,11.9,59.0,8.56,72.5,4.16,165
2025-05-17 23:06:07.480249+00:00,70B3D57ED004558D,Hygro#55:8D,Hygro,Crofts South West Field,56.57950324451966,-2.7063292005198787,5e92049c003b03711c3c104200a7,24.35,11.8,59.0,8.81,72.28,4.16,167
2025-05-17 23:21:24.264642+00:00,70B3D57ED004558D,Hygro#55:8D,Hygro,Crofts South West Field,56.57950324451966,-2.7063292005198787,5e94049c003b03ad1c49104000a8,24.36,11.8,59.0,9.41,72.41,4.16,168
2025-05-17 23:36:41.040514+00:00,70B3D57ED004558D,Hygro#55:8D,Hygro,Crofts South West Field,56.57950324451966,-2.7063292005198787,5e93049c003b03db1c40104200a9,24.35,11.8,59.0,9.87,72.32,4.16,169
2025-05-17 23:51:57.816091+00:00,70B3D57ED004558D,Hygro#55:8D,Hygro,Crofts South West Field,56.57950324451966,-2.7063292005198787,5e930492003b03ca1c3c103e00aa,24.35,11.7,59.0,9.7,72.28,4.16,170
2025-05-18 00:07:14.579902+00:00,70B3D57ED004558D,Hygro#55:8D,Hygro,Crofts South West Field,56.57950324451966,-2.7063292005198787,5e960492003b037b1c62103e00ab,24.37,11.7,59.0,8.91,72.66,4.16,171
2025-05-18 00:53:04.906837+00:00,70B3D57ED004558D,Hygro#55:8D,Hygro,Crofts South West Field,56.57950324451966,-2.7063292005198787,5e920488003b03131c73104200ae,24.35,11.6,59.0,7.87,72.83,4.16,174
2025-05-18 01:08:21.680618+00:00,70B3D57ED004558D,Hygro#55:8D,Hygro,Crofts South West Field,56.57950324451966,-2.7063292005198787,5e9a0488003b02df1c84103e00af,24.38,11.6,59.0,7.35,73.0,4.16,175
2025-05-18 01:23:38.468687+00:00,70B3D57ED004558D,Hygro#55:8D,Hygro,Crofts South West Field,56.57950324451966,-2.7063292005198787,5e950488003b02af1c87103e00b0,24.36,11.6,59.0,6.87,73.03,4.16,176
2025-05-18 01:38:55.240532+00:00,70B3D57ED004558D,Hygro#55:8D,Hygro,Crofts South West Field,56.57950324451966,-2.7063292005198787,5e9b0488003b02a01c91104000b1,24.39,11.6,59.0,6.72,73.13,4.16,177
2025-05-18 03:10:35.897987+00:00,70B3D57ED004558D,Hygro#55:8D,Hygro,Crofts South West Field,56.57950324451966,-2.7063292005198787,5e9d0474003a028a1c89103e00b7,24.39,11.4,58.0,6.5,73.05,4.16,183
2025-05-18 03:25:52.677967+00:00,70B3D57ED004558D,Hygro#55:8D,Hygro,Crofts South West Field,56.57950324451966,-2.7063292005198787,5e960474003b02581c89103e00b8,24.37,11.4,59.0,6.0,73.05,4.16,184
2025-05-18 03:41:09.462551+00:00,70B3D57ED004558D,Hygro#55:8D,Hygro,Crofts South West Field,56.57950324451966,-2.7063292005198787,5e990474003b02661ca6104000b9,24.38,11.4,59.0,6.14,73.34,4.16,185
2025-05-18 04:11:43.009246+00:00,70B3D57ED004558D,Hygro#55:8D,Hygro,Crofts South West Field,56.57950324451966,-2.7063292005198787,5e97046a003b03001c7a104000bb,24.37,11.3,59.0,7.68,72.9,4.16,187
2025-05-18 05:12:50.082619+00:00,70B3D57ED004558D,Hygro#55:8D,Hygro,Crofts South West Field,56.57950324451966,-2.7063292005198787,5e9e0460003a03db1e10103b00bf,24.4,11.2,58.0,9.87,76.96,4.16,191
2025-05-18 05:28:06.853771+00:00,70B3D57ED004558D,Hygro#55:8D,Hygro,Crofts South West Field,56.57950324451966,-2.7063292005198787,5e9d0460003b04221e7f103e00c0,24.39,11.2,59.0,10.58,78.07,4.16,192
2025-05-18 05:43:23.599233+00:00,70B3D57ED004558D,Hygro#55:8D,Hygro,Crofts South West Field,56.57950324451966,-2.7063292005198787,5e9904600039047b1ed5103b00c1,24.38,11.2,57.0,11.47,78.93,4.16,193
2025-05-18 06:29:13.863000+00:00,70B3D57ED004558D,Hygro#55:8D,Hygro,Crofts South West Field,56.57950324451966,-2.7063292005198787,5ea00456003a05581f25103e00c4,24.4,11.1,58.0,13.68,79.73,4.16,196
2025-05-18 07:30:20.857061+00:00,70B3D57ED004558D,Hygro#55:8D,Hygro,Crofts South West Field,56.57950324451966,-2.7063292005198787,5ea20456003b06781ebc104400c8,24.41,11.1,59.0,16.56,78.68,4.16,200
2025-05-18 08:16:11.093293+00:00,70B3D57ED004558D,Hygro#55:8D,Hygro,Crofts South West Field,56.57950324451966,-2.7063292005198787,5e990456003b06971e35105100cb,24.38,11.1,59.0,16.87,77.33,4.18,203
2025-05-18 08:31:27.845430+00:00,70B3D57ED004558D,Hygro#55:8D,Hygro,Crofts South West Field,56.57950324451966,-2.7063292005198787,5ea10456003a06b01dd4104f00cc,24.41,11.1,58.0,17.12,76.36,4.17,204
2025-05-18 08:46:44.591296+00:00,70B3D57ED004558D,Hygro#55:8D,Hygro,Crofts South West Field,56.57950324451966,-2.7063292005198787,5ea20456003a06ea1d91105400cd,24.41,11.1,58.0,17.7,75.69,4.18,205
2025-05-18 09:02:01.345864+00:00,70B3D57ED004558D,Hygro#55:8D,Hygro,Crofts South West Field,56.57950324451966,-2.7063292005198787,5ea10460003a07121d63104900ce,24.41,11.2,58.0,18.1,75.23,4.17,206
2025-05-18 10:03:08.335027+00:00,70B3D57ED004558D,Hygro#55:8D,Hygro,Crofts South West Field,56.57950324451966,-2.7063292005198787,5e910468003a06d61d45104900d2,24.35,11.28,58.0,17.5,74.93,4.17,210
2025-05-18 10:33:41.827894+00:00,70B3D57ED004558D,Hygro#55:8D,Hygro,Crofts South West Field,56.57950324451966,-2.7063292005198787,5e8d046a003a06ea1d51104b00d4,24.33,11.3,58.0,17.7,75.05,4.17,212
2025-05-18 10:48:58.570569+00:00,70B3D57ED004558D,Hygro#55:8D,Hygro,Crofts South West Field,56.57950324451966,-2.7063292005198787,5e83046a003a06d11d45104600d5,24.29,11.3,58.0,17.45,74.93,4.17,213
2025-05-18 11:04:15.328196+00:00,70B3D57ED004558D,Hygro#55:8D,Hygro,Crofts South West Field,56.57950324451966,-2.7063292005198787,5e870474003a06dc1d58104600d6,24.31,11.4,58.0,17.56,75.12,4.17,214
2025-05-18 11:50:05.568250+00:00,70B3D57ED004558D,Hygro#55:8D,Hygro,Crofts South West Field,56.57950324451966,-2.7063292005198787,5e80047e003907231d05104b00d9,24.28,11.5,57.0,18.27,74.29,4.17,217
2025-05-18 12:20:39.081305+00:00,70B3D57ED004558D,Hygro#55:8D,Hygro,Crofts South West Field,56.57950324451966,-2.7063292005198787,5e75047e003b06da1d2a104900db,24.24,11.5,59.0,17.54,74.66,4.17,219
2025-05-18 13:21:46.064448+00:00,70B3D57ED004558D,Hygro#55:8D,Hygro,Crofts South West Field,56.57950324451966,-2.7063292005198787,5e5b0492003a077a1c96104600df,24.14,11.7,58.0,19.14,73.18,4.17,223
2025-05-18 13:37:02.816110+00:00,70B3D57ED004558D,Hygro#55:8D,Hygro,Crofts South West Field,56.57950324451966,-2.7063292005198787,5e6004920039075d1c6a104600e0,24.16,11.7,57.0,18.85,72.74,4.17,224
2025-05-18 16:40:23.901585+00:00,70B3D57ED004558D,Hygro#55:8D,Hygro,Crofts South West Field,56.57950324451966,-2.7063292005198787,5e3504c4003a05281c44104400ec,23.99,12.2,58.0,13.2,72.36,4.16,236
2025-05-18 16:55:40.651287+00:00,70B3D57ED004558D,Hygro#55:8D,Hygro,Crofts South West Field,56.57950324451966,-2.7063292005198787,5e2904c40039058c1bb5104600ed,23.94,12.2,57.0,14.2,70.93,4.17,237
2025-05-18 17:41:30.931557+00:00,70B3D57ED004558D,Hygro#55:8D,Hygro,Crofts South West Field,56.57950324451966,-2.7063292005198787,5e2304c4003a04621c3c104600f0,23.92,12.2,58.0,11.22,72.28,4.17,240
2025-05-18 18:42:38.010582+00:00,70B3D57ED004558D,Hygro#55:8D,Hygro,Crofts South West Field,56.57950324451966,-2.7063292005198787,5e2b04c4003904051c54104400f4,23.95,12.2,57.0,10.29,72.52,4.16,244
2025-05-18 18:57:54.785157+00:00,70B3D57ED004558D,Hygro#55:8D,Hygro,Crofts South West Field,56.57950324451966,-2.7063292005198787,5e2b04c4003903fe1c49104900f5,23.95,12.2,57.0,10.22,72.41,4.17,245
2025-05-18 19:13:11.561714+00:00,70B3D57ED004558D,Hygro#55:8D,Hygro,Crofts South West Field,56.57950324451966,-2.7063292005198787,5e2204c4003a03e31c49104600f6,23.92,12.2,58.0,9.95,72.41,4.17,246
2025-05-18 19:43:45.093526+00:00,70B3D57ED004558D,Hygro#55:8D,Hygro,Crofts South West Field,56.57950324451966,-2.7063292005198787,5e2a04ba003a03c81c51104600f8,23.95,12.1,58.0,9.68,72.49,4.17,248
2025-05-18 19:59:01.871988+00:00,70B3D57ED004558D,Hygro#55:8D,Hygro,Crofts South West Field,56.57950324451966,-2.7063292005198787,5e2404ba003903af1c4d104900f9,23.92,12.1,57.0,9.43,72.45,4.17,249
2025-05-18 20:14:18.645993+00:00,70B3D57ED004558D,Hygro#55:8D,Hygro,Crofts South West Field,56.57950324451966,-2.7063292005198787,5e1d04ba003a039d1c55104400fa,23.9,12.1,58.0,9.25,72.53,4.16,250
2025-05-18 20:29:35.422078+00:00,70B3D57ED004558D,Hygro#55:8D,Hygro,Crofts South West Field,56.57950324451966,-2.7063292005198787,5e1f04ba003903881c57104400fb,23.9,12.1,57.0,9.04,72.55,4.16,251
2025-05-18 20:44:52.193081+00:00,70B3D57ED004558D,Hygro#55:8D,Hygro,Crofts South West Field,56.57950324451966,-2.7063292005198787,5e2a04ba003a03811c58104400fc,23.95,12.1,58.0,8.97,72.56,4.16,252
2025-05-18 21:00:08.980745+00:00,70B3D57ED004558D,Hygro#55:8D,Hygro,Crofts South West Field,56.57950324451966,-2.7063292005198787,5e2b04b00039037b1c59104600fd,23.95,12.0,57.0,8.91,72.57,4.17,253
2025-05-18 21:15:25.749164+00:00,70B3D57ED004558D,Hygro#55:8D,Hygro,Crofts South West Field,56.57950324451966,-2.7063292005198787,5e1f04b0003a03771c5b104900fe,23.9,12.0,58.0,8.87,72.59,4.17,254
2025-05-18 21:30:42.524272+00:00,70B3D57ED004558D,Hygro#55:8D,Hygro,Crofts South West Field,56.57950324451966,-2.7063292005198787,5e2604b0003a036d1c5e104400ff,23.93,12.0,58.0,8.77,72.62,4.16,255
2025-05-18 21:45:59.308169+00:00,70B3D57ED004558D,Hygro#55:8D,Hygro,Crofts South West Field,56.57950324451966,-2.7063292005198787,5e2a04b0003b03641c6010440000,23.95,12.0,59.0,8.68,72.64,4.16,0
2025-05-18 22:16:32.853734+00:00,70B3D57ED004558D,Hygro#55:8D,Hygro,Crofts South West Field,56.57950324451966,-2.7063292005198787,5e2a04a6003a03641c6610440002,23.95,11.9,58.0,8.68,72.7,4.16,2
2025-05-18 22:47:06.394127+00:00,70B3D57ED004558D,Hygro#55:8D,Hygro,Crofts South West Field,56.57950324451966,-2.7063292005198787,5e2404a6003a03491c6f10440004,23.92,11.9,58.0,8.41,72.79,4.16,4
2025-05-18 23:02:23.173122+00:00,70B3D57ED004558D,Hygro#55:8D,Hygro,Crofts South West Field,56.57950324451966,-2.7063292005198787,5e26049c003903431c7310460005,23.93,11.8,57.0,8.35,72.83,4.17,5
2025-05-18 23:17:39.944925+00:00,70B3D57ED004558D,Hygro#55:8D,Hygro,Crofts South West Field,56.57950324451966,-2.7063292005198787,5e23049c003a03361c7b10460006,23.92,11.8,58.0,8.22,72.91,4.17,6
2025-05-19 00:18:47.067025+00:00,70B3D57ED004558D,Hygro#55:8D,Hygro,Crofts South West Field,56.57950324451966,-2.7063292005198787,5e240492003903451c841044000a,23.92,11.7,57.0,8.37,73.0,4.16,10
2025-05-19 00:34:03.856887+00:00,70B3D57ED004558D,Hygro#55:8D,Hygro,Crofts South West Field,56.57950324451966,-2.7063292005198787,5e2f0492003903491c861044000b,23.97,11.7,57.0,8.41,73.02,4.16,11
2025-05-19 01:35:10.978973+00:00,70B3D57ED004558D,Hygro#55:8D,Hygro,Crofts South West Field,56.57950324451966,-2.7063292005198787,5e2a0488003a032c1c991042000f,23.95,11.6,58.0,8.12,73.21,4.16,15
2025-05-19 02:36:18.107922+00:00,70B3D57ED004558D,Hygro#55:8D,Hygro,Crofts South West Field,56.57950324451966,-2.7063292005198787,5e350488003a02cc1c9e10420013,23.99,11.6,58.0,7.16,73.26,4.16,19
2025-05-19 02:51:34.899789+00:00,70B3D57ED004558D,Hygro#55:8D,Hygro,Crofts South West Field,56.57950324451966,-2.7063292005198787,5e2d047e003a029a1ca310440014,23.96,11.5,58.0,6.66,73.31,4.16,20
2025-05-19 03:37:25.245390+00:00,70B3D57ED004558D,Hygro#55:8D,Hygro,Crofts South West Field,56.57950324451966,-2.7063292005198787,5e29047e003a02ab1ca510440017,23.94,11.5,58.0,6.83,73.33,4.16,23
2025-05-19 03:52:42.027599+00:00,70B3D57ED004558D,Hygro#55:8D,Hygro,Crofts South West Field,56.57950324451966,-2.7063292005198787,5e2c047e003a02c21ca410400018,23.95,11.5,58.0,7.06,73.32,4.16,24
2025-05-19 04:38:32.362936+00:00,70B3D57ED004558D,Hygro#55:8D,Hygro,Crofts South West Field,56.57950324451966,-2.7063292005198787,5e370474003a028c1c961044001b,24.0,11.4,58.0,6.52,73.18,4.16,27
2025-05-19 04:53:49.148467+00:00,70B3D57ED004558D,Hygro#55:8D,Hygro,Crofts South West Field,56.57950324451966,-2.7063292005198787,5e360474003a026a1caa1040001c,23.99,11.4,58.0,6.18,73.38,4.16,28
2025-05-19 05:24:22.705298+00:00,70B3D57ED004558D,Hygro#55:8D,Hygro,Crofts South West Field,56.57950324451966,-2.7063292005198787,5e300474003903241cac1046001e,23.97,11.4,57.0,8.04,73.4,4.17,30
2025-05-19 06:10:13.017208+00:00,70B3D57ED004558D,Hygro#55:8D,Hygro,Crofts South West Field,56.57950324451966,-2.7063292005198787,5e2d046a003a03cf1c9d10420021,23.96,11.3,58.0,9.75,73.25,4.16,33
2025-05-19 06:40:46.562979+00:00,70B3D57ED004558D,Hygro#55:8D,Hygro,Crofts South West Field,56.57950324451966,-2.7063292005198787,5e3b046a003803cc1ce910440023,24.01,11.3,56.0,9.72,74.01,4.16,35
2025-05-19 06:56:03.329117+00:00,70B3D57ED004558D,Hygro#55:8D,Hygro,Crofts South West Field,56.57950324451966,-2.7063292005198787,5e3a046a003a04031cef103e0024,24.01,11.3,58.0,10.27,74.07,4.16,36
2025-05-19 07:26:36.873032+00:00,70B3D57ED004558D,Hygro#55:8D,Hygro,Crofts South West Field,56.57950324451966,-2.7063292005198787,5e33046a003a04c01cd510400026,23.98,11.3,58.0,12.16,73.81,4.16,38
2025-05-19 07:57:10.405358+00:00,70B3D57ED004558D,Hygro#55:8D,Hygro,Crofts South West Field,56.57950324451966,-2.7063292005198787,5e380460003a04e81ce210400028,24.0,11.2,58.0,12.56,73.94,4.16,40
2025-05-19 08:27:43.923460+00:00,70B3D57ED004558D,Hygro#55:8D,Hygro,Crofts South West Field,56.57950324451966,-2.7063292005198787,5e330460003905b61cf31054002a,23.98,11.2,57.0,14.62,74.11,4.18,42
2025-05-19 08:43:00.684298+00:00,70B3D57ED004558D,Hygro#55:8D,Hygro,Crofts South West Field,56.57950324451966,-2.7063292005198787,5e3c0460003905ae1cfb1054002b,24.02,11.2,57.0,14.54,74.19,4.18,43
2025-05-19 09:13:34.205194+00:00,70B3D57ED004558D,Hygro#55:8D,Hygro,Crofts South West Field,56.57950324451966,-2.7063292005198787,5e2a046a003a05dc1cfb104b002d,23.95,11.3,58.0,15.0,74.19,4.17,45
2025-05-19 09:28:50.970149+00:00,70B3D57ED004558D,Hygro#55:8D,Hygro,Crofts South West Field,56.57950324451966,-2.7063292005198787,5e29046a003906331d14104b002e,23.94,11.3,57.0,15.87,74.44,4.17,46
2025-05-19 09:44:07.724375+00:00,70B3D57ED004558D,Hygro#55:8D,Hygro,Crofts South West Field,56.57950324451966,-2.7063292005198787,5e28046a003906721d091046002f,23.94,11.3,57.0,16.5,74.33,4.17,47
2025-05-19 09:59:24.478079+00:00,70B3D57ED004558D,Hygro#55:8D,Hygro,Crofts South West Field,56.57950324451966,-2.7063292005198787,5e29046a0039067c1ccd10490030,23.94,11.3,57.0,16.6,73.73,4.17,48
2025-05-19 10:14:41.286898+00:00,70B3D57ED004558D,Hygro#55:8D,Hygro,Crofts South West Field,56.57950324451966,-2.7063292005198787,5e22046a003a06611d3210490031,23.92,11.3,58.0,16.33,74.74,4.17,49
2025-05-19 12:16:55.267743+00:00,70B3D57ED004558D,Hygro#55:8D,Hygro,Crofts South West Field,56.57950324451966,-2.7063292005198787,5e13047e003906101d0510490039,23.86,11.5,57.0,15.52,74.29,4.17,57
2025-05-19 13:18:02.312152+00:00,70B3D57ED004558D,Hygro#55:8D,Hygro,Crofts South West Field,56.57950324451966,-2.7063292005198787,5e070488003806611cc01049003d,23.81,11.6,56.0,16.33,73.6,4.17,61
2025-05-19 13:48:35.822169+00:00,70B3D57ED004558D,Hygro#55:8D,Hygro,Crofts South West Field,56.57950324451966,-2.7063292005198787,5e0a0492003905b61cc61046003f,23.82,11.7,57.0,14.62,73.66,4.17,63
2025-05-19 19:55:18.190556+00:00,70B3D57ED004558D,Hygro#55:8D,Hygro,Crofts South West Field,56.57950324451966,-2.7063292005198787,5dd504a6003903391c6210460057,23.62,11.9,57.0,8.25,72.66,4.17,87
2025-05-19 20:56:25.293689+00:00,70B3D57ED004558D,Hygro#55:8D,Hygro,Crofts South West Field,56.57950324451966,-2.7063292005198787,5ddc049c003903301c8c1046005b,23.64,11.8,57.0,8.16,73.08,4.17,91
2025-05-19 21:42:15.633414+00:00,70B3D57ED004558D,Hygro#55:8D,Hygro,Crofts South West Field,56.57950324451966,-2.7063292005198787,5dd404920039032c1c9c1046005e,23.61,11.7,57.0,8.12,73.24,4.17,94
2025-05-19 22:43:22.725697+00:00,70B3D57ED004558D,Hygro#55:8D,Hygro,Crofts South West Field,56.57950324451966,-2.7063292005198787,5dde0492003803261ca810460062,23.65,11.7,56.0,8.06,73.36,4.17,98
2025-05-19 23:13:56.275290+00:00,70B3D57ED004558D,Hygro#55:8D,Hygro,Crofts South West Field,56.57950324451966,-2.7063292005198787,5ddd0488003903201cb310420064,23.65,11.6,57.0,8.0,73.47,4.16,100
2025-05-19 23:59:46.596499+00:00,70B3D57ED004558D,Hygro#55:8D,Hygro,Crofts South West Field,56.57950324451966,-2.7063292005198787,5de70488003803151cba10440067,23.69,11.6,56.0,7.89,73.54,4.16,103
2025-05-20 00:15:03.380193+00:00,70B3D57ED004558D,Hygro#55:8D,Hygro,Crofts South West Field,56.57950324451966,-2.7063292005198787,5ddd04880039030d1cba10420068,23.65,11.6,57.0,7.81,73.54,4.16,104
2025-05-20 00:45:36.928311+00:00,70B3D57ED004558D,Hygro#55:8D,Hygro,Crofts South West Field,56.57950324451966,-2.7063292005198787,5de1047e003a02f21cbc1042006a,23.66,11.5,58.0,7.54,73.56,4.16,106
2025-05-20 01:00:53.697393+00:00,70B3D57ED004558D,Hygro#55:8D,Hygro,Crofts South West Field,56.57950324451966,-2.7063292005198787,5de4047e003902ee1cbb1040006b,23.68,11.5,57.0,7.5,73.55,4.16,107
2025-05-20 01:31:27.249151+00:00,70B3D57ED004558D,Hygro#55:8D,Hygro,Crofts South West Field,56.57950324451966,-2.7063292005198787,5deb047e003902c01cb81042006d,23.7,11.5,57.0,7.04,73.52,4.16,109
2025-05-20 01:46:44.037741+00:00,70B3D57ED004558D,Hygro#55:8D,Hygro,Crofts South West Field,56.57950324451966,-2.7063292005198787,5deb047e003902ce1cc11046006e,23.7,11.5,57.0,7.18,73.61,4.17,110
2025-05-20 02:02:00.812465+00:00,70B3D57ED004558D,Hygro#55:8D,Hygro,Crofts South West Field,56.57950324451966,-2.7063292005198787,5ddb047e003902ad1cb91040006f,23.64,11.5,57.0,6.85,73.53,4.16,111
2025-05-20 03:48:58.282449+00:00,70B3D57ED004558D,Hygro#55:8D,Hygro,Crofts South West Field,56.57950324451966,-2.7063292005198787,5df2046a003802041cb910420076,23.73,11.3,56.0,5.16,73.53,4.16,118
2025-05-20 05:20:38.966824+00:00,70B3D57ED004558D,Hygro#55:8D,Hygro,Crofts South West Field,56.57950324451966,-2.7063292005198787,5de90460003902ab1d7a1044007c,23.7,11.2,57.0,6.83,75.46,4.16,124
2025-05-20 05:35:55.736592+00:00,70B3D57ED004558D,Hygro#55:8D,Hygro,Crofts South West Field,56.57950324451966,-2.7063292005198787,5dee0460003902f81de61040007d,23.71,11.2,57.0,7.6,76.54,4.16,125
2025-05-20 06:37:02.809662+00:00,70B3D57ED004558D,Hygro#55:8D,Hygro,Crofts South West Field,56.57950324451966,-2.7063292005198787,5ded0456003904071e6910420081,23.71,11.1,57.0,10.31,77.85,4.16,129
2025-05-20 06:52:19.572200+00:00,70B3D57ED004558D,Hygro#55:8D,Hygro,Crofts South West Field,56.57950324451966,-2.7063292005198787,5df4044c0039048e1e9210420082,23.74,11.0,57.0,11.66,78.26,4.16,130
2025-05-20 07:22:53.075215+00:00,70B3D57ED004558D,Hygro#55:8D,Hygro,Crofts South West Field,56.57950324451966,-2.7063292005198787,5de7044c003905b21ef010490084,23.69,11.0,57.0,14.58,79.2,4.17,132
2025-05-20 07:53:26.569285+00:00,70B3D57ED004558D,Hygro#55:8D,Hygro,Crofts South West Field,56.57950324451966,-2.7063292005198787,5dee044c003906481e9f10420086,23.71,11.0,57.0,16.08,78.39,4.16,134
2025-05-20 08:24:00.055271+00:00,70B3D57ED004558D,Hygro#55:8D,Hygro,Crofts South West Field,56.57950324451966,-2.7063292005198787,5df2044c003906fd1dce10490088,23.73,11.0,57.0,17.89,76.3,4.17,136
2025-05-20 08:54:33.547400+00:00,70B3D57ED004558D,Hygro#55:8D,Hygro,Crofts South West Field,56.57950324451966,-2.7063292005198787,5df5044c003807461cf91042008a,23.74,11.0,56.0,18.62,74.17,4.16,138
2025-05-20 09:40:23.759462+00:00,70B3D57ED004558D,Hygro#55:8D,Hygro,Crofts South West Field,56.57950324451966,-2.7063292005198787,5de10456003809081c971042008d,23.66,11.1,56.0,23.12,73.19,4.16,141
2025-05-20 10:10:57.228762+00:00,70B3D57ED004558D,Hygro#55:8D,Hygro,Crofts South West Field,56.57950324451966,-2.7063292005198787,5ddd0456003809811c3a1044008f,23.65,11.1,56.0,24.33,72.26,4.16,143
2025-05-20 10:56:47.444546+00:00,70B3D57ED004558D,Hygro#55:8D,Hygro,Crofts South West Field,56.57950324451966,-2.7063292005198787,5dd8046a00380aa01c3510420092,23.63,11.3,56.0,27.2,72.21,4.16,146
2025-05-20 11:12:04.180946+00:00,70B3D57ED004558D,Hygro#55:8D,Hygro,Crofts South West Field,56.57950324451966,-2.7063292005198787,5ddb046a003808e71ce610420093,23.64,11.3,56.0,22.79,73.98,4.16,147
2025-05-20 11:27:20.941839+00:00,70B3D57ED004558D,Hygro#55:8D,Hygro,Crofts South West Field,56.57950324451966,-2.7063292005198787,5dd3046a0038086e1d3a10420094,23.61,11.3,56.0,21.58,74.82,4.16,148
2025-05-20 11:57:54.427432+00:00,70B3D57ED004558D,Hygro#55:8D,Hygro,Crofts South West Field,56.57950324451966,-2.7063292005198787,5dc5047e00380a231cad10460096,23.56,11.5,56.0,25.95,73.41,4.17,150
2025-05-20 12:28:27.917798+00:00,70B3D57ED004558D,Hygro#55:8D,Hygro,Crofts South West Field,56.57950324451966,-2.7063292005198787,5dba0488003809c41c8a10400098,23.51,11.6,56.0,25.0,73.06,4.16,152
2025-05-20 12:43:44.666266+00:00,70B3D57ED004558D,Hygro#55:8D,Hygro,Crofts South West Field,56.57950324451966,-2.7063292005198787,5db80488003809da1c8810420099,23.5,11.6,56.0,25.22,73.04,4.16,153
2025-05-20 13:14:18.159366+00:00,70B3D57ED004558D,Hygro#55:8D,Hygro,Crofts South West Field,56.57950324451966,-2.7063292005198787,5db304920038097f1c1a1046009b,23.49,11.7,56.0,24.31,71.94,4.17,155
2025-05-20 14:00:08.396312+00:00,70B3D57ED004558D,Hygro#55:8D,Hygro,Crofts South West Field,56.57950324451966,-2.7063292005198787,5d9b04a6003809941bed1044009e,23.39,11.9,56.0,24.52,71.49,4.16,158
2025-05-20 14:30:42.037547+00:00,70B3D57ED004558D,Hygro#55:8D,Hygro,Crofts South West Field,56.57950324451966,-2.7063292005198787,5d9f04b0003809ca1bd3104600a0,23.41,12.0,56.0,25.06,71.23,4.17,160
2025-05-20 15:01:15.391420+00:00,70B3D57ED004558D,Hygro#55:8D,Hygro,Crofts South West Field,56.57950324451966,-2.7063292005198787,5d8704ba003809a61b9e104200a2,23.31,12.1,56.0,24.7,70.7,4.16,162
2025-05-20 15:16:32.128282+00:00,70B3D57ED004558D,Hygro#55:8D,Hygro,Crofts South West Field,56.57950324451966,-2.7063292005198787,5d7f04c4003809571b89104400a3,23.28,12.2,56.0,23.91,70.49,4.16,163
2025-05-20 15:31:49.023517+00:00,70B3D57ED004558D,Hygro#55:8D,Hygro,Crofts South West Field,56.57950324451966,-2.7063292005198787,5d7c04c4003809171b82104400a4,23.27,12.2,56.0,23.27,70.42,4.16,164
2025-05-20 15:47:05.796204+00:00,70B3D57ED004558D,Hygro#55:8D,Hygro,Crofts South West Field,56.57950324451966,-2.7063292005198787,5d7f04ce003808f91b5b104200a5,23.28,12.3,56.0,22.97,70.03,4.16,165
2025-05-20 16:32:55.882293+00:00,70B3D57ED004558D,Hygro#55:8D,Hygro,Crofts South West Field,56.57950324451966,-2.7063292005198787,5d7304d80037084d1ac1104000a8,23.24,12.4,55.0,21.25,68.49,4.16,168
2025-05-20 16:48:12.633402+00:00,70B3D57ED004558D,Hygro#55:8D,Hygro,Crofts South West Field,56.57950324451966,-2.7063292005198787,5d7304d8003808211ab0104000a9,23.24,12.4,56.0,20.81,68.32,4.16,169
2025-05-20 17:03:29.386186+00:00,70B3D57ED004558D,Hygro#55:8D,Hygro,Crofts South West Field,56.57950324451966,-2.7063292005198787,5d6d04e2003707b71adb104000aa,23.21,12.5,55.0,19.75,68.75,4.16,170
2025-05-20 17:34:03.046535+00:00,70B3D57ED004558D,Hygro#55:8D,Hygro,Crofts South West Field,56.57950324451966,-2.7063292005198787,5d7004e2003806fb1aec104200ac,23.23,12.5,56.0,17.87,68.92,4.16,172
2025-05-20 18:04:36.603362+00:00,70B3D57ED004558D,Hygro#55:8D,Hygro,Crofts South West Field,56.57950324451966,-2.7063292005198787,5d7204e2003805951bcf104400ae,23.23,12.5,56.0,14.29,71.19,4.16,174
2025-05-20 18:19:53.175142+00:00,70B3D57ED004558D,Hygro#55:8D,Hygro,Crofts South West Field,56.57950324451966,-2.7063292005198787,5d6e04e20038053f1bc9104200af,23.22,12.5,56.0,13.43,71.13,4.16,175
2025-05-20 18:50:26.831627+00:00,70B3D57ED004558D,Hygro#55:8D,Hygro,Crofts South West Field,56.57950324451966,-2.7063292005198787,5d6d04e2003805821aed104200b1,23.21,12.5,56.0,14.1,68.93,4.16,177
2025-05-20 19:05:43.590269+00:00,70B3D57ED004558D,Hygro#55:8D,Hygro,Crofts South West Field,56.57950324451966,-2.7063292005198787,5d7404e2003905841a83104400b2,23.24,12.5,57.0,14.12,67.87,4.16,178
2025-05-20 20:06:50.523210+00:00,70B3D57ED004558D,Hygro#55:8D,Hygro,Crofts South West Field,56.57950324451966,-2.7063292005198787,5d7504d8003803941b7d104200b6,23.25,12.4,56.0,9.16,70.37,4.16,182
2025-05-21 00:41:52.629292+00:00,70B3D57ED004558D,Hygro#55:8D,Hygro,Crofts South West Field,56.57950324451966,-2.7063292005198787,5d74049c0038017d1c35104200c8,23.24,11.8,56.0,3.81,72.21,4.16,200
2025-05-21 01:27:42.999242+00:00,70B3D57ED004558D,Hygro#55:8D,Hygro,Crofts South West Field,56.57950324451966,-2.7063292005198787,5d7c0492003801771c40104200cb,23.27,11.7,56.0,3.75,72.32,4.16,203
2025-05-21 01:42:59.781516+00:00,70B3D57ED004558D,Hygro#55:8D,Hygro,Crofts South West Field,56.57950324451966,-2.7063292005198787,5d800492003701741c2e104200cc,23.29,11.7,55.0,3.72,72.14,4.16,204
2025-05-21 02:28:50.175301+00:00,70B3D57ED004558D,Hygro#55:8D,Hygro,Crofts South West Field,56.57950324451966,-2.7063292005198787,5d7704880038014d1c3b104000cf,23.25,11.6,56.0,3.33,72.27,4.16,207
2025-05-21 02:44:06.970011+00:00,70B3D57ED004558D,Hygro#55:8D,Hygro,Crofts South West Field,56.57950324451966,-2.7063292005198787,5d760488003800fa1c3d104000d0,23.25,11.6,56.0,2.5,72.29,4.16,208
2025-05-21 02:59:23.770859+00:00,70B3D57ED004558D,Hygro#55:8D,Hygro,Crofts South West Field,56.57950324451966,-2.7063292005198787,5d7d047e003800ed1c52104400d1,23.28,11.5,56.0,2.37,72.5,4.16,209
2025-05-21 04:15:47.774820+00:00,70B3D57ED004558D,Hygro#55:8D,Hygro,Crofts South West Field,56.57950324451966,-2.7063292005198787,5d790474003800af1c32104000d6,23.26,11.4,56.0,1.75,72.18,4.16,214
2025-05-21 05:01:38.156643+00:00,70B3D57ED004558D,Hygro#55:8D,Hygro,Crofts South West Field,56.57950324451966,-2.7063292005198787,5d7a0460003702021cf7103e00d9,23.26,11.2,55.0,5.14,74.15,4.16,217
2025-05-21 06:48:35.488610+00:00,70B3D57ED004558D,Hygro#55:8D,Hygro,Crofts South West Field,56.57950324451966,-2.7063292005198787,5d96044c0038054c1e44104b00e0,23.37,11.0,56.0,13.56,77.48,4.17,224
2025-05-21 07:19:09.003088+00:00,70B3D57ED004558D,Hygro#55:8D,Hygro,Crofts South West Field,56.57950324451966,-2.7063292005198787,5d810442003806931e78105100e2,23.29,10.9,56.0,16.83,78.0,4.18,226
2025-05-21 08:20:15.996778+00:00,70B3D57ED004558D,Hygro#55:8D,Hygro,Crofts South West Field,56.57950324451966,-2.7063292005198787,5d94044c003805c91e06104900e6,23.37,11.0,56.0,14.81,76.86,4.17,230
2025-05-21 08:50:49.498049+00:00,70B3D57ED004558D,Hygro#55:8D,Hygro,Crofts South West Field,56.57950324451966,-2.7063292005198787,5d78044c003806881cf7104b00e8,23.26,11.0,56.0,16.72,74.15,4.17,232
2025-05-21 09:06:06.233916+00:00,70B3D57ED004558D,Hygro#55:8D,Hygro,Crofts South West Field,56.57950324451966,-2.7063292005198787,5d86044c003807011cc5104900e9,23.31,11.0,56.0,17.93,73.65,4.17,233
2025-05-21 09:21:22.975390+00:00,70B3D57ED004558D,Hygro#55:8D,Hygro,Crofts South West Field,56.57950324451966,-2.7063292005198787,5d76044c0038071a1cb9104600ea,23.25,11.0,56.0,18.18,73.53,4.17,234
2025-05-21 09:36:39.732180+00:00,70B3D57ED004558D,Hygro#55:8D,Hygro,Crofts South West Field,56.57950324451966,-2.7063292005198787,5d810456003807fb1c47104600eb,23.29,11.1,56.0,20.43,72.39,4.17,235
2025-05-21 09:51:56.465611+00:00,70B3D57ED004558D,Hygro#55:8D,Hygro,Crofts South West Field,56.57950324451966,-2.7063292005198787,5d7d04560037086e1c6c104900ec,23.28,11.1,55.0,21.58,72.76,4.17,236
2025-05-21 10:07:13.212690+00:00,70B3D57ED004558D,Hygro#55:8D,Hygro,Crofts South West Field,56.57950324451966,-2.7063292005198787,5d830456003707f91c2e104600ed,23.3,11.1,55.0,20.41,72.14,4.17,237
2025-05-21 10:37:46.712829+00:00,70B3D57ED004558D,Hygro#55:8D,Hygro,Crofts South West Field,56.57950324451966,-2.7063292005198787,5d6b0460003808421c66104900ef,23.21,11.2,56.0,21.14,72.7,4.17,239
2025-05-21 10:53:03.463812+00:00,70B3D57ED004558D,Hygro#55:8D,Hygro,Crofts South West Field,56.57950324451966,-2.7063292005198787,5d730460003808081c93104400f0,23.24,11.2,56.0,20.56,73.15,4.16,240
2025-05-21 11:38:53.720647+00:00,70B3D57ED004558D,Hygro#55:8D,Hygro,Crofts South West Field,56.57950324451966,-2.7063292005198787,5d6b046a0037080a1ca6104400f3,23.21,11.3,55.0,20.58,73.34,4.16,243
2025-05-21 11:54:10.466890+00:00,70B3D57ED004558D,Hygro#55:8D,Hygro,Crofts South West Field,56.57950324451966,-2.7063292005198787,5d700474003708511ca1104600f4,23.23,11.4,55.0,21.29,73.29,4.17,244
2025-05-21 12:09:27.221961+00:00,70B3D57ED004558D,Hygro#55:8D,Hygro,Crofts South West Field,56.57950324451966,-2.7063292005198787,5d6304740037082b1cb9104600f5,23.18,11.4,55.0,20.91,73.53,4.17,245
2025-05-21 12:40:00.719890+00:00,70B3D57ED004558D,Hygro#55:8D,Hygro,Crofts South West Field,56.57950324451966,-2.7063292005198787,5d65047e003707cd1ca4104600f7,23.18,11.5,55.0,19.97,73.32,4.17,247
2025-05-21 12:55:17.475826+00:00,70B3D57ED004558D,Hygro#55:8D,Hygro,Crofts South West Field,56.57950324451966,-2.7063292005198787,5d590488003707cb1c99104600f8,23.14,11.6,55.0,19.95,73.21,4.17,248
2025-05-21 14:11:41.272252+00:00,70B3D57ED004558D,Hygro#55:8D,Hygro,Crofts South West Field,56.57950324451966,-2.7063292005198787,5d40049c003707571c03104400fd,23.04,11.8,55.0,18.79,71.71,4.16,253
2025-05-21 14:26:58.014695+00:00,70B3D57ED004558D,Hygro#55:8D,Hygro,Crofts South West Field,56.57950324451966,-2.7063292005198787,5d4804a6003707741c24104600fe,23.07,11.9,55.0,19.08,72.04,4.17,254
2025-05-21 14:42:14.776485+00:00,70B3D57ED004558D,Hygro#55:8D,Hygro,Crofts South West Field,56.57950324451966,-2.7063292005198787,5d3d04a60037074e1bfc104600ff,23.03,11.9,55.0,18.7,71.64,4.17,255
2025-05-21 17:30:19.145072+00:00,70B3D57ED004558D,Hygro#55:8D,Hygro,Crofts South West Field,56.57950324451966,-2.7063292005198787,5d2904c4003704f41b4c1044000a,22.95,12.2,55.0,12.68,69.88,4.16,10
2025-05-21 19:01:59.746477+00:00,70B3D57ED004558D,Hygro#55:8D,Hygro,Crofts South West Field,56.57950324451966,-2.7063292005198787,5d2d04c4003803901bd910440010,22.97,12.2,56.0,9.12,71.29,4.16,16
2025-05-21 19:32:33.308591+00:00,70B3D57ED004558D,Hygro#55:8D,Hygro,Crofts South West Field,56.57950324451966,-2.7063292005198787,5d2004ba0037036f1bfa10440012,22.92,12.1,55.0,8.79,71.62,4.16,18
2025-05-21 20:33:40.402108+00:00,70B3D57ED004558D,Hygro#55:8D,Hygro,Crofts South West Field,56.57950324451966,-2.7063292005198787,5d1e04b0003603811c0410440016,22.91,12.0,54.0,8.97,71.72,4.16,22
2025-05-21 21:04:13.956101+00:00,70B3D57ED004558D,Hygro#55:8D,Hygro,Crofts South West Field,56.57950324451966,-2.7063292005198787,5d3304b0003703661bf610440018,22.99,12.0,55.0,8.7,71.58,4.16,24
2025-05-21 21:34:47.509947+00:00,70B3D57ED004558D,Hygro#55:8D,Hygro,Crofts South West Field,56.57950324451966,-2.7063292005198787,5d2d04b0003703521c041042001a,22.97,12.0,55.0,8.5,71.72,4.16,26
2025-05-21 21:50:04.282449+00:00,70B3D57ED004558D,Hygro#55:8D,Hygro,Crofts South West Field,56.57950324451966,-2.7063292005198787,5d2e04a6003703491c021044001b,22.97,11.9,55.0,8.41,71.7,4.16,27
2025-05-21 22:51:11.400607+00:00,70B3D57ED004558D,Hygro#55:8D,Hygro,Crofts South West Field,56.57950324451966,-2.7063292005198787,5d2e049c003702d91c111044001f,22.97,11.8,55.0,7.29,71.85,4.16,31
2025-05-21 23:21:44.965102+00:00,70B3D57ED004558D,Hygro#55:8D,Hygro,Crofts South West Field,56.57950324451966,-2.7063292005198787,5d2b049c003702b51c1b10420021,22.96,11.8,55.0,6.93,71.95,4.16,33
2025-05-22 01:23:59.298615+00:00,70B3D57ED004558D,Hygro#55:8D,Hygro,Crofts South West Field,56.57950324451966,-2.7063292005198787,5d380488003700591beb10460029,23.01,11.6,55.0,0.89,71.47,4.17,41
2025-05-22 01:39:16.109977+00:00,70B3D57ED004558D,Hygro#55:8D,Hygro,Crofts South West Field,56.57950324451966,-2.7063292005198787,5d2c0488003700721bea1044002a,22.96,11.6,55.0,1.14,71.46,4.16,42
2025-05-22 01:54:32.908735+00:00,70B3D57ED004558D,Hygro#55:8D,Hygro,Crofts South West Field,56.57950324451966,-2.7063292005198787,5d2e047e003600701bd91044002b,22.97,11.5,54.0,1.12,71.29,4.16,43
2025-05-22 02:25:06.523202+00:00,70B3D57ED004558D,Hygro#55:8D,Hygro,Crofts South West Field,56.57950324451966,-2.7063292005198787,5d32047e0037008d1bce1042002d,22.99,11.5,55.0,1.41,71.18,4.16,45
2025-05-22 03:26:13.730482+00:00,70B3D57ED004558D,Hygro#55:8D,Hygro,Crofts South West Field,56.57950324451966,-2.7063292005198787,5d3e046a003700ce1ba010440031,23.03,11.3,55.0,2.06,70.72,4.16,49
2025-05-22 04:12:04.127923+00:00,70B3D57ED004558D,Hygro#55:8D,Hygro,Crofts South West Field,56.57950324451966,-2.7063292005198787,5d340460003700891ba510420034,22.99,11.2,55.0,1.37,70.77,4.16,52
2025-05-22 06:29:35.170538+00:00,70B3D57ED004558D,Hygro#55:8D,Hygro,Crofts South West Field,56.57950324451966,-2.7063292005198787,5d4504420037032c1ed71042003d,23.06,10.9,55.0,8.12,78.95,4.16,61
2025-05-22 07:30:42.250364+00:00,70B3D57ED004558D,Hygro#55:8D,Hygro,Crofts South West Field,56.57950324451966,-2.7063292005198787,5d3e0438003604051e66104f0041,23.03,10.8,54.0,10.29,77.82,4.17,65
2025-05-22 08:31:49.317036+00:00,70B3D57ED004558D,Hygro#55:8D,Hygro,Crofts South West Field,56.57950324451966,-2.7063292005198787,5d390438003704c91db4104b0045,23.01,10.8,55.0,12.25,76.04,4.17,69
2025-05-22 08:47:06.071215+00:00,70B3D57ED004558D,Hygro#55:8D,Hygro,Crofts South West Field,56.57950324451966,-2.7063292005198787,5d370438003705071d8110440046,23.0,10.8,55.0,12.87,75.53,4.16,70
2025-05-22 09:48:13.110293+00:00,70B3D57ED004558D,Hygro#55:8D,Hygro,Crofts South West Field,56.57950324451966,-2.7063292005198787,5d290438003605111ce21049004a,22.95,10.8,54.0,12.97,73.94,4.17,74
2025-05-22 10:18:46.634608+00:00,70B3D57ED004558D,Hygro#55:8D,Hygro,Crofts South West Field,56.57950324451966,-2.7063292005198787,5d3004420037049d1d04104b004c,22.98,10.9,55.0,11.81,74.28,4.17,76
2025-05-22 10:49:20.162627+00:00,70B3D57ED004558D,Hygro#55:8D,Hygro,Crofts South West Field,56.57950324451966,-2.7063292005198787,5d370442003704ea1c581046004e,23.0,10.9,55.0,12.58,72.56,4.17,78
2025-05-22 11:04:36.916026+00:00,70B3D57ED004558D,Hygro#55:8D,Hygro,Crofts South West Field,56.57950324451966,-2.7063292005198787,5d1d04420036061c1ced1046004f,22.9,10.9,54.0,15.64,74.05,4.17,79
2025-05-22 11:35:10.432251+00:00,70B3D57ED004558D,Hygro#55:8D,Hygro,Crofts South West Field,56.57950324451966,-2.7063292005198787,5d1a044c003706561cf110460051,22.89,11.0,55.0,16.22,74.09,4.17,81
2025-05-22 12:36:17.462044+00:00,70B3D57ED004558D,Hygro#55:8D,Hygro,Crofts South West Field,56.57950324451966,-2.7063292005198787,5d190456003605a51c9f10490055,22.89,11.1,54.0,14.45,73.27,4.17,85
2025-05-22 12:51:34.208900+00:00,70B3D57ED004558D,Hygro#55:8D,Hygro,Crofts South West Field,56.57950324451966,-2.7063292005198787,5d2304560037076e1c2210440056,22.93,11.1,55.0,19.02,72.02,4.16,86
2025-05-22 13:37:24.486791+00:00,70B3D57ED004558D,Hygro#55:8D,Hygro,Crofts South West Field,56.57950324451966,-2.7063292005198787,5d060460003605f01c3010460059,22.81,11.2,54.0,15.2,72.16,4.17,89
2025-05-22 14:07:58.002742+00:00,70B3D57ED004558D,Hygro#55:8D,Hygro,Crofts South West Field,56.57950324451966,-2.7063292005198787,5d13046a0036077c1bfc1046005b,22.86,11.3,54.0,19.16,71.64,4.17,91
2025-05-22 14:23:14.760025+00:00,70B3D57ED004558D,Hygro#55:8D,Hygro,Crofts South West Field,56.57950324451966,-2.7063292005198787,5d13046a003607401b7a1046005c,22.86,11.3,54.0,18.56,70.34,4.17,92
2025-05-22 14:38:31.512190+00:00,70B3D57ED004558D,Hygro#55:8D,Hygro,Crofts South West Field,56.57950324451966,-2.7063292005198787,5cf90474003606dc1bad1046005d,22.76,11.4,54.0,17.56,70.85,4.17,93
2025-05-22 16:10:12.107855+00:00,70B3D57ED004558D,Hygro#55:8D,Hygro,Crofts South West Field,56.57950324451966,-2.7063292005198787,5cee047e003605b01b4010440063,22.72,11.5,54.0,14.56,69.76,4.16,99
2025-05-22 16:25:28.865477+00:00,70B3D57ED004558D,Hygro#55:8D,Hygro,Crofts South West Field,56.57950324451966,-2.7063292005198787,5cf4047f003605d11aef10440064,22.74,11.51,54.0,14.89,68.95,4.16,100
2025-05-22 16:40:45.632233+00:00,70B3D57ED004558D,Hygro#55:8D,Hygro,Crofts South West Field,56.57950324451966,-2.7063292005198787,5cf20488003605241abe10440065,22.74,11.6,54.0,13.16,68.46,4.16,101
2025-05-22 17:41:52.693418+00:00,70B3D57ED004558D,Hygro#55:8D,Hygro,Crofts South West Field,56.57950324451966,-2.7063292005198787,5ce50488003605801a2610440069,22.69,11.6,54.0,14.08,66.94,4.16,105
2025-05-22 17:57:09.452646+00:00,70B3D57ED004558D,Hygro#55:8D,Hygro,Crofts South West Field,56.57950324451966,-2.7063292005198787,5cf704880036052a19d21042006a,22.76,11.6,54.0,13.22,66.1,4.16,106
2025-05-22 19:13:33.279884+00:00,70B3D57ED004558D,Hygro#55:8D,Hygro,Crofts South West Field,56.57950324451966,-2.7063292005198787,5cf10488003603cf19c41044006f,22.73,11.6,54.0,9.75,65.96,4.16,111
2025-05-22 19:44:06.813099+00:00,70B3D57ED004558D,Hygro#55:8D,Hygro,Crofts South West Field,56.57950324451966,-2.7063292005198787,5ce8047e003603261a0e10460071,22.7,11.5,54.0,8.06,66.7,4.17,113
2025-05-22 20:45:13.963592+00:00,70B3D57ED004558D,Hygro#55:8D,Hygro,Crofts South West Field,56.57950324451966,-2.7063292005198787,5ce50474003600fa1b1a10440075,22.69,11.4,54.0,2.5,69.38,4.16,117
2025-05-22 21:31:04.340787+00:00,70B3D57ED004558D,Hygro#55:8D,Hygro,Crofts South West Field,56.57950324451966,-2.7063292005198787,5cf2046a003701bd1b3110440078,22.74,11.3,55.0,4.45,69.61,4.16,120
2025-05-22 23:02:45.117122+00:00,70B3D57ED004558D,Hygro#55:8D,Hygro,Crofts South West Field,56.57950324451966,-2.7063292005198787,5ceb0456003601701b541046007e,22.71,11.1,54.0,3.68,69.96,4.17,126
2025-05-23 00:19:09.104119+00:00,70B3D57ED004558D,Hygro#55:8D,Hygro,Crofts South West Field,56.57950324451966,-2.7063292005198787,5cec04420037000c1b5510420083,22.71,10.9,55.0,0.12,69.97,4.16,131
2025-05-23 00:34:25.923143+00:00,70B3D57ED004558D,Hygro#55:8D,Hygro,Crofts South West Field,56.57950324451966,-2.7063292005198787,5cf60442003600121b7010460084,22.75,10.9,54.0,0.18,70.24,4.17,132
2025-05-23 01:04:59.526203+00:00,70B3D57ED004558D,Hygro#55:8D,Hygro,Crofts South West Field,56.57950324451966,-2.7063292005198787,5cf404420036fff61b7d10460086,22.74,10.9,54.0,655.26,70.37,4.17,134
2025-05-23 02:06:06.755102+00:00,70B3D57ED004558D,Hygro#55:8D,Hygro,Crofts South West Field,56.57950324451966,-2.7063292005198787,5cf8042e0037ffec1b8f1042008a,22.76,10.7,55.0,655.16,70.55,4.16,138
2025-05-23 02:51:57.191851+00:00,70B3D57ED004558D,Hygro#55:8D,Hygro,Crofts South West Field,56.57950324451966,-2.7063292005198787,5ced04240036ff861b811042008d,22.72,10.6,54.0,654.14,70.41,4.16,141
2025-05-23 03:07:14.000139+00:00,70B3D57ED004558D,Hygro#55:8D,Hygro,Crofts South West Field,56.57950324451966,-2.7063292005198787,5d0404240036ff961b931042008e,22.81,10.6,54.0,654.3,70.59,4.16,142
2025-05-23 03:22:30.808426+00:00,70B3D57ED004558D,Hygro#55:8D,Hygro,Crofts South West Field,56.57950324451966,-2.7063292005198787,5cf404240036ff8e1b841044008f,22.74,10.6,54.0,654.22,70.44,4.16,143
2025-05-23 04:08:21.252128+00:00,70B3D57ED004558D,Hygro#55:8D,Hygro,Crofts South West Field,56.57950324451966,-2.7063292005198787,5d03041a0036ffc01b8d10440092,22.8,10.5,54.0,654.72,70.53,4.16,146
2025-05-23 09:13:56.850122+00:00,70B3D57ED004558D,Hygro#55:8D,Hygro,Crofts South West Field,56.57950324451966,-2.7063292005198787,5cf50406003605ba1c2c104600a6,22.75,10.3,54.0,14.66,72.12,4.17,166
2025-05-23 14:04:15.167526+00:00,70B3D57ED004558D,Hygro#55:8D,Hygro,Crofts South West Field,56.57950324451966,-2.7063292005198787,5cc604420036078b1ba4104600b9,22.57,10.9,54.0,19.31,70.76,4.17,185
2025-05-23 16:52:19.548700+00:00,70B3D57ED004558D,Hygro#55:8D,Hygro,Crofts South West Field,56.57950324451966,-2.7063292005198787,5cb1046a003504cf1b8f104900c4,22.48,11.3,53.0,12.31,70.55,4.17,196
2025-05-23 22:28:28.542424+00:00,70B3D57ED004558D,Hygro#55:8D,Hygro,Crofts South West Field,56.57950324451966,-2.7063292005198787,5ca60456003603001c10104600da,22.44,11.1,54.0,7.68,71.84,4.17,218
2025-05-24 02:32:56.995171+00:00,70B3D57ED004558D,Hygro#55:8D,Hygro,Crofts South West Field,56.57950324451966,-2.7063292005198787,5cb3044c003603641c5c104200ea,22.49,11.0,54.0,8.68,72.6,4.16,234
2025-05-24 04:50:27.986543+00:00,70B3D57ED004558D,Hygro#55:8D,Hygro,Crofts South West Field,56.57950324451966,-2.7063292005198787,5cbc0442003503a91c83103e00f3,22.53,10.9,53.0,9.37,72.99,4.16,243
2025-05-24 05:05:44.762687+00:00,70B3D57ED004558D,Hygro#55:8D,Hygro,Crofts South West Field,56.57950324451966,-2.7063292005198787,5caf0442003603c61c82103b00f4,22.48,10.9,54.0,9.66,72.98,4.16,244
2025-05-24 05:36:18.310408+00:00,70B3D57ED004558D,Hygro#55:8D,Hygro,Crofts South West Field,56.57950324451966,-2.7063292005198787,5cb30442003704241c8f103b00f6,22.49,10.9,55.0,10.6,73.11,4.16,246
2025-05-24 05:51:35.084497+00:00,70B3D57ED004558D,Hygro#55:8D,Hygro,Crofts South West Field,56.57950324451966,-2.7063292005198787,5cbf04420036045c1c9b104000f7,22.54,10.9,54.0,11.16,73.23,4.16,247
2025-05-24 08:39:39.454154+00:00,70B3D57ED004558D,Hygro#55:8D,Hygro,Crofts South West Field,56.57950324451966,-2.7063292005198787,5cca044c0035072f1d4910490002,22.58,11.0,53.0,18.39,74.97,4.17,2
2025-05-24 10:11:19.969910+00:00,70B3D57ED004558D,Hygro#55:8D,Hygro,Crofts South West Field,56.57950324451966,-2.7063292005198787,5ccb0456003608361d6e10440008,22.59,11.1,54.0,21.02,75.34,4.16,8
2025-05-24 10:26:36.717036+00:00,70B3D57ED004558D,Hygro#55:8D,Hygro,Crofts South West Field,56.57950324451966,-2.7063292005198787,5ccb0460003609511d63104b0009,22.59,11.2,54.0,23.85,75.23,4.17,9
2025-05-24 10:41:53.462579+00:00,70B3D57ED004558D,Hygro#55:8D,Hygro,Crofts South West Field,56.57950324451966,-2.7063292005198787,5cb90460003608e51d311046000a,22.52,11.2,54.0,22.77,74.73,4.17,10
2025-05-24 11:27:43.696145+00:00,70B3D57ED004558D,Hygro#55:8D,Hygro,Crofts South West Field,56.57950324451966,-2.7063292005198787,5cce0474003508531d0c1046000d,22.6,11.4,53.0,21.31,74.36,4.17,13
2025-05-24 11:58:17.180778+00:00,70B3D57ED004558D,Hygro#55:8D,Hygro,Crofts South West Field,56.57950324451966,-2.7063292005198787,5cc5047e0035087a1d101046000f,22.56,11.5,53.0,21.7,74.4,4.17,15
2025-05-24 13:29:57.674077+00:00,70B3D57ED004558D,Hygro#55:8D,Hygro,Crofts South West Field,56.57950324451966,-2.7063292005198787,5ccc0492003408a81d5510460015,22.59,11.7,52.0,22.16,75.09,4.17,21
2025-05-24 18:04:59.116164+00:00,70B3D57ED004558D,Hygro#55:8D,Hygro,Crofts South West Field,56.57950324451966,-2.7063292005198787,5cbd04e2003607da1acd10440027,22.53,12.5,54.0,20.1,68.61,4.16,39
2025-05-24 18:50:49.382181+00:00,70B3D57ED004558D,Hygro#55:8D,Hygro,Crofts South West Field,56.57950324451966,-2.7063292005198787,5cc504ec0036068b1c521042002a,22.56,12.6,54.0,16.75,72.5,4.16,42
2025-05-25 00:42:14.989612+00:00,70B3D57ED004558D,Hygro#55:8D,Hygro,Crofts South West Field,56.57950324451966,-2.7063292005198787,5ccf04d8003604e61d1a10440041,22.6,12.4,54.0,12.54,74.5,4.16,65
2025-05-25 04:31:26.544403+00:00,70B3D57ED004558D,Hygro#55:8D,Hygro,Crofts South West Field,56.57950324451966,-2.7063292005198787,5cf704d8003704691d3910420050,22.76,12.4,55.0,11.29,74.81,4.16,80
2025-05-25 05:32:33.624697+00:00,70B3D57ED004558D,Hygro#55:8D,Hygro,Crofts South West Field,56.57950324451966,-2.7063292005198787,5d0204ce0037046b1d5b10400054,22.8,12.3,55.0,11.31,75.15,4.16,84
2025-05-25 08:05:21.287580+00:00,70B3D57ED004558D,Hygro#55:8D,Hygro,Crofts South West Field,56.57950324451966,-2.7063292005198787,5d2104c4003705521e731046005e,22.92,12.2,55.0,13.62,77.95,4.17,94
2025-05-25 10:07:35.356780+00:00,70B3D57ED004558D,Hygro#55:8D,Hygro,Crofts South West Field,56.57950324451966,-2.7063292005198787,5d3504c4003706501deb10490066,23.0,12.2,55.0,16.16,76.59,4.17,102
2025-05-25 12:40:22.911518+00:00,70B3D57ED004558D,Hygro#55:8D,Hygro,Crofts South West Field,56.57950324451966,-2.7063292005198787,5d3904ce003706b41dbf10440070,23.01,12.3,55.0,17.16,76.15,4.16,112
2025-05-25 13:41:29.926712+00:00,70B3D57ED004558D,Hygro#55:8D,Hygro,Crofts South West Field,56.57950324451966,-2.7063292005198787,5d4804d8003707271ce810440074,23.07,12.4,55.0,18.31,74.0,4.16,116
2025-05-25 16:14:17.476013+00:00,70B3D57ED004558D,Hygro#55:8D,Hygro,Crofts South West Field,56.57950324451966,-2.7063292005198787,5d4e04ec003706ae1bf31044007e,23.09,12.6,55.0,17.1,71.55,4.16,126
2025-05-25 17:30:41.282298+00:00,70B3D57ED004558D,Hygro#55:8D,Hygro,Crofts South West Field,56.57950324451966,-2.7063292005198787,5d4104ec0037057e1c3810440083,23.04,12.6,55.0,14.06,72.24,4.16,131
2025-05-25 17:45:58.053504+00:00,70B3D57ED004558D,Hygro#55:8D,Hygro,Crofts South West Field,56.57950324451966,-2.7063292005198787,5d3e04ec003605161bcc10400084,23.03,12.6,54.0,13.02,71.16,4.16,132
2025-05-25 18:16:31.579801+00:00,70B3D57ED004558D,Hygro#55:8D,Hygro,Crofts South West Field,56.57950324451966,-2.7063292005198787,5d4d04ec003704a11c4810420086,23.09,12.6,55.0,11.85,72.4,4.16,134
2025-05-26 08:16:54.571549+00:00,70B3D57ED004558D,Hygro#55:8D,Hygro,Crofts South West Field,56.57950324451966,-2.7063292005198787,5d810460003804b01e93105100bd,23.29,11.2,56.0,12.0,78.27,4.18,189
2025-05-26 08:47:28.084841+00:00,70B3D57ED004558D,Hygro#55:8D,Hygro,Crofts South West Field,56.57950324451966,-2.7063292005198787,5d800460003705711e45104400bf,23.29,11.2,55.0,13.93,77.49,4.16,191
2025-05-26 10:03:51.848581+00:00,70B3D57ED004558D,Hygro#55:8D,Hygro,Crofts South West Field,56.57950324451966,-2.7063292005198787,5d96046a003706481dcd104200c4,23.37,11.3,55.0,16.08,76.29,4.16,196
2025-05-26 10:49:42.107659+00:00,70B3D57ED004558D,Hygro#55:8D,Hygro,Crofts South West Field,56.57950324451966,-2.7063292005198787,5d9d046a003806c31d9a104400c7,23.4,11.3,56.0,17.31,75.78,4.16,199
2025-05-26 11:04:58.861228+00:00,70B3D57ED004558D,Hygro#55:8D,Hygro,Crofts South West Field,56.57950324451966,-2.7063292005198787,5d91046a003706d81da3104600c8,23.35,11.3,55.0,17.52,75.87,4.17,200
2025-05-26 11:20:15.612336+00:00,70B3D57ED004558D,Hygro#55:8D,Hygro,Crofts South West Field,56.57950324451966,-2.7063292005198787,5d880474003707461d9c104600c9,23.32,11.4,55.0,18.62,75.8,4.17,201
2025-05-26 11:35:32.364019+00:00,70B3D57ED004558D,Hygro#55:8D,Hygro,Crofts South West Field,56.57950324451966,-2.7063292005198787,5d990474003707031da6104600ca,23.38,11.4,55.0,17.95,75.9,4.17,202
2025-05-26 15:09:26.985626+00:00,70B3D57ED004558D,Hygro#55:8D,Hygro,Crofts South West Field,56.57950324451966,-2.7063292005198787,5d8304a6003705d31cf4104400d8,23.3,11.9,55.0,14.91,74.12,4.16,216
2025-05-27 12:48:12.644522+00:00,70B3D57ED004558D,Hygro#55:8D,Hygro,Crofts South West Field,56.57950324451966,-2.7063292005198787,5da30488003807181d4c1044002d,23.42,11.6,56.0,18.16,75.0,4.16,45
2025-05-27 13:34:02.906574+00:00,70B3D57ED004558D,Hygro#55:8D,Hygro,Crofts South West Field,56.57950324451966,-2.7063292005198787,5da204920038088f1d4710440030,23.42,11.7,56.0,21.91,74.95,4.16,48
2025-05-27 14:04:36.403563+00:00,70B3D57ED004558D,Hygro#55:8D,Hygro,Crofts South West Field,56.57950324451966,-2.7063292005198787,5da5049c0038089a1cd810420032,23.43,11.8,56.0,22.02,73.84,4.16,50
2025-05-27 19:10:11.553745+00:00,70B3D57ED004558D,Hygro#55:8D,Hygro,Crofts South West Field,56.57950324451966,-2.7063292005198787,5d8104c4003704b61b5910420046,23.29,12.2,55.0,12.06,70.01,4.16,70
2025-05-27 20:26:35.418504+00:00,70B3D57ED004558D,Hygro#55:8D,Hygro,Crofts South West Field,56.57950324451966,-2.7063292005198787,5d8a04ba003703771c591042004b,23.33,12.1,55.0,8.87,72.57,4.16,75
2025-05-27 22:13:32.854465+00:00,70B3D57ED004558D,Hygro#55:8D,Hygro,Crofts South West Field,56.57950324451966,-2.7063292005198787,5d8c04a6003703021c9010420052,23.33,11.9,55.0,7.7,73.12,4.16,82
2025-05-27 22:59:23.203209+00:00,70B3D57ED004558D,Hygro#55:8D,Hygro,Crofts South West Field,56.57950324451966,-2.7063292005198787,5d84049c0038029e1c8810440055,23.3,11.8,56.0,6.7,73.04,4.16,85
2025-05-28 01:32:11.113214+00:00,70B3D57ED004558D,Hygro#55:8D,Hygro,Crofts South West Field,56.57950324451966,-2.7063292005198787,5d8d0488003701291c841046005f,23.34,11.6,55.0,2.97,73.0,4.17,95
2025-05-28 02:48:35.104547+00:00,70B3D57ED004558D,Hygro#55:8D,Hygro,Crofts South West Field,56.57950324451966,-2.7063292005198787,5da20474003800891c8f10420064,23.42,11.4,56.0,1.37,73.11,4.16,100
2025-05-28 03:19:08.710563+00:00,70B3D57ED004558D,Hygro#55:8D,Hygro,Crofts South West Field,56.57950324451966,-2.7063292005198787,5d9b0474003700641c9210440066,23.39,11.4,55.0,1.0,73.14,4.16,102
2025-05-28 03:34:25.517107+00:00,70B3D57ED004558D,Hygro#55:8D,Hygro,Crofts South West Field,56.57950324451966,-2.7063292005198787,5d9c046a003800811c9310440067,23.4,11.3,56.0,1.29,73.15,4.16,103
2025-05-28 17:34:47.238384+00:00,70B3D57ED004558D,Hygro#55:8D,Hygro,Crofts South West Field,56.57950324451966,-2.7063292005198787,5d5a04c40037061e1b031042009e,23.14,12.2,55.0,15.66,69.15,4.16,158
2025-05-28 18:51:11.025912+00:00,70B3D57ED004558D,Hygro#55:8D,Hygro,Crofts South West Field,56.57950324451966,-2.7063292005198787,5d4c04c4003605691b1d104400a3,23.09,12.2,54.0,13.85,69.41,4.16,163
2025-05-29 04:16:31.812518+00:00,70B3D57ED004558D,Hygro#55:8D,Hygro,Crofts South West Field,56.57950324451966,-2.7063292005198787,5d570488003703bc1cda104200c8,23.13,11.6,55.0,9.56,73.86,4.16,200
2025-05-29 09:52:40.830901+00:00,70B3D57ED004558D,Hygro#55:8D,Hygro,Crofts South West Field,56.57950324451966,-2.7063292005198787,5dd60474003906741d78105100de,23.62,11.4,57.0,16.52,75.44,4.18,222
2025-05-29 12:40:45.112805+00:00,70B3D57ED004558D,Hygro#55:8D,Hygro,Crofts South West Field,56.57950324451966,-2.7063292005198787,5e0b0492003a07e41de7104400e9,23.83,11.7,58.0,20.2,76.55,4.16,233
2025-05-29 14:58:15.874141+00:00,70B3D57ED004558D,Hygro#55:8D,Hygro,Crofts South West Field,56.57950324451966,-2.7063292005198787,5e2c04ba003a07701d09104600f2,23.95,12.1,58.0,19.04,74.33,4.17,242
2025-05-29 15:28:49.391495+00:00,70B3D57ED004558D,Hygro#55:8D,Hygro,Crofts South West Field,56.57950324451966,-2.7063292005198787,5e2a04c4003a075f1d69104400f4,23.95,12.2,58.0,18.87,75.29,4.16,244
2025-05-29 15:59:22.899604+00:00,70B3D57ED004558D,Hygro#55:8D,Hygro,Crofts South West Field,56.57950324451966,-2.7063292005198787,5e3604ce003908231c67104400f6,23.99,12.3,57.0,20.83,72.71,4.16,246
2025-05-29 16:14:39.653707+00:00,70B3D57ED004558D,Hygro#55:8D,Hygro,Crofts South West Field,56.57950324451966,-2.7063292005198787,5e3104ce003907851c7a104600f7,23.97,12.3,57.0,19.25,72.9,4.17,247
2025-05-29 18:16:53.682195+00:00,70B3D57ED004558D,Hygro#55:8D,Hygro,Crofts South West Field,56.57950324451966,-2.7063292005198787,5e4004e2003a073c1b14104900ff,24.03,12.5,58.0,18.52,69.32,4.17,255
2025-05-29 19:18:00.696889+00:00,70B3D57ED004558D,Hygro#55:8D,Hygro,Crofts South West Field,56.57950324451966,-2.7063292005198787,5e4904e2003906521bad10460003,24.07,12.5,57.0,16.18,70.85,4.17,3
2025-05-30 04:58:38.034899+00:00,70B3D57ED004558D,Hygro#55:8D,Hygro,Crofts South West Field,56.57950324451966,-2.7063292005198787,5ea404ba003a049b1d2c10420029,24.42,12.1,58.0,11.79,74.68,4.16,41
2025-05-31 00:50:26.266116+00:00,70B3D57ED004558D,Hygro#55:8D,Hygro,Crofts South West Field,56.57950324451966,-2.7063292005198787,65a704a60043038a1da90ff50077,31.38,11.9,67.0,9.06,75.93,4.08,119
2025-05-31 03:07:57.237038+00:00,70B3D57ED004558D,Hygro#55:8D,Hygro,Crofts South West Field,56.57950324451966,-2.7063292005198787,65f304a6004403771db40fea0080,31.68,11.9,68.0,8.87,76.04,4.07,128
2025-05-31 05:56:01.746870+00:00,70B3D57ED004558D,Hygro#55:8D,Hygro,Crofts South West Field,56.57950324451966,-2.7063292005198787,663a049c004503f21dd80fdf008b,31.95,11.8,69.0,10.1,76.4,4.06,139
2025-05-31 13:34:24.609979+00:00,70B3D57ED004558D,Hygro#55:8D,Hygro,Crofts South West Field,56.57950324451966,-2.7063292005198787,66ae04b0004607951e76100400a9,32.4,12.0,70.0,19.41,77.98,4.1,169
2025-05-31 14:04:58.089919+00:00,70B3D57ED004558D,Hygro#55:8D,Hygro,Crofts South West Field,56.57950324451966,-2.7063292005198787,66c104ba0046097b1d5b101a00ab,32.48,12.1,70.0,24.27,75.15,4.12,171
2025-06-01 18:20:59.658713+00:00,70B3D57ED004558D,Hygro#55:8D,Hygro,Crofts South West Field,56.57950324451966,-2.7063292005198787,6ba404c4006a04f61d700fb1001a,37.33,12.2,106.0,12.7,75.36,4.02,26
2025-06-02 05:02:44.619016+00:00,70B3D57ED004558D,Hygro#55:8D,Hygro,Crofts South West Field,56.57950324451966,-2.7063292005198787,6b0e0492006502d91f8a0f710044,36.75,11.7,101.0,7.29,80.74,3.95,68
2025-06-02 07:20:15.497811+00:00,70B3D57ED004558D,Hygro#55:8D,Hygro,Crofts South West Field,56.57950324451966,-2.7063292005198787,6af0047e0065051a208f0f73004d,36.63,11.5,101.0,13.06,83.35,3.96,77
2025-06-02 21:20:37.163741+00:00,70B3D57ED004558D,Hygro#55:8D,Hygro,Crofts South West Field,56.57950324451966,-2.7063292005198787,6a2204c40061039d1dc40fa10084,35.83,12.2,97.0,9.25,76.2,4.0,132
2025-06-03 14:09:03.704375+00:00,70B3D57ED004558D,Hygro#55:8D,Hygro,Crofts South West Field,56.57950324451966,-2.7063292005198787,6aa104b0006306bd1deb0fe600c6,36.33,12.0,99.0,17.25,76.59,4.07,198
2025-06-04 03:38:52.419538+00:00,70B3D57ED004558D,Hygro#55:8D,Hygro,Crofts South West Field,56.57950324451966,-2.7063292005198787,6a2b04880061013e1d3a0f8000fb,35.87,11.6,97.0,3.18,74.82,3.97,251
2025-06-04 16:07:33.534627+00:00,70B3D57ED004558D,Hygro#55:8D,Hygro,Crofts South West Field,56.57950324451966,-2.7063292005198787,699204a6005f05f91cbd0f3c002c,35.27,11.9,95.0,15.29,73.57,3.9,44
2025-06-05 10:27:40.920808+00:00,70B3D57ED004558D,Hygro#55:8D,Hygro,Crofts South West Field,56.57950324451966,-2.7063292005198787,69200460005c077a1e6c0ed90074,34.83,11.2,92.0,19.14,77.88,3.8,116
2025-06-05 14:16:52.185711+00:00,70B3D57ED004558D,Hygro#55:8D,Hygro,Crofts South West Field,56.57950324451966,-2.7063292005198787,68e90488005c07d01d8e0ec50083,34.62,11.6,92.0,20.0,75.66,3.78,131
2025-06-05 15:17:59.189888+00:00,70B3D57ED004558D,Hygro#55:8D,Hygro,Crofts South West Field,56.57950324451966,-2.7063292005198787,68d30492005b06f71d700ec10087,34.53,11.7,91.0,17.83,75.36,3.78,135
2025-06-05 22:25:48.655584+00:00,70B3D57ED004558D,Hygro#55:8D,Hygro,Crofts South West Field,56.57950324451966,-2.7063292005198787,689704ad005b02921d040ea200a3,34.3,11.97,91.0,6.58,74.28,3.75,163
2025-06-06 14:28:25.182276+00:00,70B3D57ED004558D,Hygro#55:8D,Hygro,Crofts South West Field,56.57950324451966,-2.7063292005198787,680d04a6005807691d440e6900e2,33.76,11.9,88.0,18.97,74.92,3.69,226
2025-06-06 14:58:58.696550+00:00,70B3D57ED004558D,Hygro#55:8D,Hygro,Crofts South West Field,56.57950324451966,-2.7063292005198787,680804ab005907b41d1c0e6500e4,33.75,11.95,89.0,19.72,74.52,3.69,228
2025-06-06 16:45:56.018707+00:00,70B3D57ED004558D,Hygro#55:8D,Hygro,Crofts South West Field,56.57950324451966,-2.7063292005198787,67f604ba0058067e1c520e5700eb,33.68,12.1,88.0,16.62,72.5,3.67,235
2025-06-06 19:18:43.634438+00:00,70B3D57ED004558D,Hygro#55:8D,Hygro,Crofts South West Field,56.57950324451966,-2.7063292005198787,67d604c4005804971c510e4f00f5,33.55,12.2,88.0,11.75,72.49,3.66,245
2025-06-07 15:56:22.179886+00:00,70B3D57ED004558D,Hygro#55:8D,Hygro,Crofts South West Field,56.57950324451966,-2.7063292005198787,674c04b0005704521d650e230046,33.02,12.0,87.0,11.06,75.25,3.62,70
2025-06-07 16:11:38.942780+00:00,70B3D57ED004558D,Hygro#55:8D,Hygro,Crofts South West Field,56.57950324451966,-2.7063292005198787,674104ba005603b61d7b0e270047,32.97,12.1,86.0,9.5,75.47,3.62,71
2025-06-07 16:42:12.506377+00:00,70B3D57ED004558D,Hygro#55:8D,Hygro,Crofts South West Field,56.57950324451966,-2.7063292005198787,674504ba005603621d690e250049,32.99,12.1,86.0,8.66,75.29,3.62,73
2025-06-07 18:29:09.895303+00:00,70B3D57ED004558D,Hygro#55:8D,Hygro,Crofts South West Field,56.57950324451966,-2.7063292005198787,673504ba005703811d670e200050,32.93,12.1,87.0,8.97,75.27,3.62,80
2025-06-08 05:56:45.167284+00:00,70B3D57ED004558D,Hygro#55:8D,Hygro,Crofts South West Field,56.57950324451966,-2.7063292005198787,675b046a005602711e140e08007d,33.07,11.3,86.0,6.25,77.0,3.59,125
2025-06-08 07:28:25.773415+00:00,70B3D57ED004558D,Hygro#55:8D,Hygro,Crofts South West Field,56.57950324451966,-2.7063292005198787,67550460005604261ec50e060083,33.05,11.2,86.0,10.62,78.77,3.59,131
2025-06-08 13:19:51.030178+00:00,70B3D57ED004558D,Hygro#55:8D,Hygro,Crofts South West Field,56.57950324451966,-2.7063292005198787,67490488005606ec1d560e27009a,33.0,11.6,86.0,17.72,75.1,3.62,154
2025-06-10 02:45:56.322835+00:00,70B3D57ED004558D,Hygro#55:8D,Hygro,Crofts South West Field,56.57950324451966,-2.7063292005198787,66e50492005503361ddc0d77002d,32.62,11.7,85.0,8.22,76.44,3.45,45
2025-06-11 06:16:46.806386+00:00,70B3D57ED004558D,Hygro#55:8D,Hygro,Crofts South West Field,56.57950324451966,-2.7063292005198787,671a049c0055049d1e640c050003,32.82,11.8,85.0,11.81,77.8,3.08,3
2025-06-11 06:32:03.626979+00:00,70B3D57ED004558D,Hygro#55:8D,Hygro,Crofts South West Field,56.57950324451966,-2.7063292005198787,6712049c005504db1e5b0c150004,32.79,11.8,85.0,12.43,77.71,3.09,4
2025-06-11 06:47:20.406417+00:00,70B3D57ED004558D,Hygro#55:8D,Hygro,Crofts South West Field,56.57950324451966,-2.7063292005198787,671d049c005504971e5e0c240005,32.83,11.8,85.0,11.75,77.74,3.11,5
2025-06-11 14:41:03.179066+00:00,70B3D57ED004558D,Hygro#55:8D,Hygro,Crofts South West Field,56.57950324451966,-2.7063292005198787,66cc04ec005408fc1d330dd30024,32.52,12.6,84.0,23.0,74.75,3.54,36
2025-06-11 15:11:36.683561+00:00,70B3D57ED004558D,Hygro#55:8D,Hygro,Crofts South West Field,56.57950324451966,-2.7063292005198787,66c704f6005508c51d2a0dd60026,32.5,12.7,85.0,22.45,74.66,3.54,38
2025-06-11 15:26:55.202787+00:00,70B3D57ED004558D,Hygro#55:8D,Hygro,Crofts South West Field,56.57950324451966,-2.7063292005198787,66c804f6005408e31cff0dd60027,32.5,12.7,84.0,22.75,74.23,3.54,39
2025-06-11 15:42:11.953806+00:00,70B3D57ED004558D,Hygro#55:8D,Hygro,Crofts South West Field,56.57950324451966,-2.7063292005198787,66d004f6005407211d520dcd0028,32.54,12.7,84.0,18.25,75.06,3.53,40
2025-06-11 15:57:28.718793+00:00,70B3D57ED004558D,Hygro#55:8D,Hygro,Crofts South West Field,56.57950324451966,-2.7063292005198787,66c10500005408e01d4c0de10029,32.48,12.8,84.0,22.72,75.0,3.55,41
2025-06-11 20:47:55.965101+00:00,70B3D57ED004558D,Hygro#55:8D,Hygro,Crofts South West Field,56.57950324451966,-2.7063292005198787,66b70514005503e81d7f0ddc003c,32.44,13.0,85.0,10.0,75.51,3.55,60
2025-06-12 10:33:01.749589+00:00,70B3D57ED004558D,Hygro#55:8D,Hygro,Crofts South West Field,56.57950324451966,-2.7063292005198787,66ae04d8005406721eb80df20072,32.4,12.4,84.0,16.5,78.64,3.57,114
2025-06-12 13:21:06.138041+00:00,70B3D57ED004558D,Hygro#55:8D,Hygro,Crofts South West Field,56.57950324451966,-2.7063292005198787,669704e2005306cb1ea80e0f007d,32.31,12.5,83.0,17.39,78.48,3.6,125
2025-06-12 13:36:22.898484+00:00,70B3D57ED004558D,Hygro#55:8D,Hygro,Crofts South West Field,56.57950324451966,-2.7063292005198787,668f04e2005406f91eee0e20007e,32.28,12.5,84.0,17.85,79.18,3.62,126
2025-06-12 13:51:39.655304+00:00,70B3D57ED004558D,Hygro#55:8D,Hygro,Crofts South West Field,56.57950324451966,-2.7063292005198787,668b04e2005407181eb00e13007f,32.27,12.5,84.0,18.16,78.56,3.6,127
2025-06-12 14:37:29.958096+00:00,70B3D57ED004558D,Hygro#55:8D,Hygro,Crofts South West Field,56.57950324451966,-2.7063292005198787,668b04ec005406bd1eb60e1e0082,32.27,12.6,84.0,17.25,78.62,3.61,130
2025-06-14 07:52:46.150950+00:00,70B3D57ED004558D,Hygro#55:8D,Hygro,Crofts South West Field,56.57950324451966,-2.7063292005198787,65b8051e005304841ee50e290024,31.45,13.1,83.0,11.56,79.09,3.62,36
2025-06-14 11:57:14.522053+00:00,70B3D57ED004558D,Hygro#55:8D,Hygro,Crofts South West Field,56.57950324451966,-2.7063292005198787,6b88051e007404a31f110e320034,37.22,13.1,116.0,11.87,79.53,3.63,52
2025-06-14 13:44:11.905721+00:00,70B3D57ED004558D,Hygro#55:8D,Hygro,Crofts South West Field,56.57950324451966,-2.7063292005198787,6bbf051e007504a31f250e34003b,37.43,13.1,117.0,11.87,79.73,3.64,59
2025-06-14 13:59:28.679021+00:00,70B3D57ED004558D,Hygro#55:8D,Hygro,Crofts South West Field,56.57950324451966,-2.7063292005198787,6bb4051e007504ab1f270e30003c,37.39,13.1,117.0,11.95,79.75,3.63,60
2025-06-19 17:14:43.895583+00:00,70B3D57ED004558D,Hygro#55:8D,Hygro,Crofts South West Field,56.57950324451966,-2.7063292005198787,68070582005f07251e2e0f240020,33.74,14.1,95.0,18.29,77.26,3.88,32
2025-06-19 18:15:50.921899+00:00,70B3D57ED004558D,Hygro#55:8D,Hygro,Crofts South West Field,56.57950324451966,-2.7063292005198787,67f1058c005e06b81d5a0f2b0024,33.66,14.2,94.0,17.2,75.14,3.88,36
2025-06-19 18:46:24.477613+00:00,70B3D57ED004558D,Hygro#55:8D,Hygro,Crofts South West Field,56.57950324451966,-2.7063292005198787,67f1058c005d05ea1e1b0f260026,33.66,14.2,93.0,15.14,77.07,3.88,38
2025-06-19 19:01:41.238759+00:00,70B3D57ED004558D,Hygro#55:8D,Hygro,Crofts South West Field,56.57950324451966,-2.7063292005198787,67f3058c005e05ae1e2c0f240027,33.66,14.2,94.0,14.54,77.24,3.88,39
